STRUCTURE,STRUCTURE_ID,STRUCTURE_NAME,ACTION,FREQ,Frequency of observation,REF_AREA,Reference area,SECTOR,Institutional sector,COUNTERPART_SECTOR,Counterpart institutional sector,TRANSACTION,Transaction,INSTR_ASSET,Financial instruments and non-financial assets,ACTIVITY,Economic activity,EXPENDITURE,Expenditure,UNIT_MEASURE,Unit of measure,PRICE_BASE,Price base,TRANSFORMATION,Transformation,TABLE_IDENTIFIER,Table identifier,TIME_PERIOD,Time period,OBS_VALUE,Observation value,REF_YEAR_PRICE,Price reference year,CONF_STATUS,Confidentiality status,DECIMALS,Decimals,OBS_STATUS,Observation status,UNIT_MULT,Unit multiplier,CURRENCY,Currency
DATAFLOW,OECD.SDD.NAD:DSD_NAMAIN10@DF_TABLE5_T501(1.0),Annual household final consumption expenditure by purpose (COICOP),I,A,Annual,FRA,France,S14,Households,S1,Total economy,P31DC,Final consumption expenditure of residents and non-residents on the territory,_Z,Not applicable,_Z,Not applicable,_T,Total,XDC,National currency,V,Current prices,N,Non transformed data,T0117,Table 0117 - Final consumption expenditure of households by durability,1969,,58473,,,,F,Free (free for publication),1,One,A,Normal value,6,Millions,EUR,Euro
DATAFLOW,OECD.SDD.NAD:DSD_NAMAIN10@DF_TABLE5_T501(1.0),Annual household final consumption expenditure by purpose (COICOP),I,A,Annual,FRA,France,S14,Households,S1,Total economy,P31DC,Final consumption expenditure of residents and non-residents on the territory,_Z,Not applicable,_Z,Not applicable,_T,Total,XDC,National currency,V,Current prices,N,Non transformed data,T0117,Table 0117 - Final consumption expenditure of households by durability,1970,,64299,,,,F,Free (free for publication),1,One,A,Normal value,6,Millions,EUR,Euro
DATAFLOW,OECD.SDD.NAD:DSD_NAMAIN10@DF_TABLE5_T501(1.0),Annual household final consumption expenditure by purpose (COICOP),I,A,Annual,FRA,France,S14,Households,S1,Total economy,P31DC,Final consumption expenditure of residents and non-residents on the territory,_Z,Not applicable,_Z,Not applicable,_T,Total,XDC,National currency,V,Current prices,N,Non transformed data,T0117,Table 0117 - Final consumption expenditure of households by durability,1971,,71802,,,,F,Free (free for publication),1,One,A,Normal value,6,Millions,EUR,Euro
DATAFLOW,OECD.SDD.NAD:DSD_NAMAIN10@DF_TABLE5_T501(1.0),Annual household final consumption expenditure by purpose (COICOP),I,A,Annual,FRA,France,S14,Households,S1,Total economy,P31DC,Final consumption expenditure of residents and non-residents on the territory,_Z,Not applicable,_Z,Not applicable,_T,Total,XDC,National currency,V,Current prices,N,Non transformed data,T0117,Table 0117 - Final consumption expenditure of households by durability,1972,,79843,,,,F,Free (free for publication),1,One,A,Normal value,6,Millions,EUR,Euro
DATAFLOW,OECD.SDD.NAD:DSD_NAMAIN10@DF_TABLE5_T501(1.0),Annual household final consumption expenditure by purpose (COICOP),I,A,Annual,FRA,France,S14,Households,S1,Total economy,P31DC,Final consumption expenditure of residents and non-residents on the territory,_Z,Not applicable,_Z,Not applicable,_T,Total,XDC,National currency,V,Current prices,N,Non transformed data,T0117,Table 0117 - Final consumption expenditure of households by durability,1973,,90229,,,,F,Free (free for publication),1,One,A,Normal value,6,Millions,EUR,Euro
DATAFLOW,OECD.SDD.NAD:DSD_NAMAIN10@DF_TABLE5_T501(1.0),Annual household final consumption expenditure by purpose (COICOP),I,A,Annual,FRA,France,S14,Households,S1,Total economy,P31DC,Final consumption expenditure of residents and non-residents on the territory,_Z,Not applicable,_Z,Not applicable,_T,Total,XDC,National currency,V,Current prices,N,Non transformed data,T0117,Table 0117 - Final consumption expenditure of households by durability,1974,,106106,,,,F,Free (free for publication),1,One,A,Normal value,6,Millions,EUR,Euro
DATAFLOW,OECD.SDD.NAD:DSD_NAMAIN10@DF_TABLE5_T501(1.0),Annual household final consumption expenditure by purpose (COICOP),I,A,Annual,FRA,France,S14,Households,S1,Total economy,P31DC,Final consumption expenditure of residents and non-residents on the territory,_Z,Not applicable,_Z,Not applicable,_T,Total,XDC,National currency,V,Current prices,N,Non transformed data,T0117,Table 0117 - Final consumption expenditure of households by durability,1975,,120933,,,,F,Free (free for publication),1,One,A,Normal value,6,Millions,EUR,Euro
DATAFLOW,OECD.SDD.NAD:DSD_NAMAIN10@DF_TABLE5_T501(1.0),Annual household final consumption expenditure by purpose (COICOP),I,A,Annual,FRA,France,S14,Households,S1,Total economy,P31DC,Final consumption expenditure of residents and non-residents on the territory,_Z,Not applicable,_Z,Not applicable,_T,Total,XDC,National currency,V,Current prices,N,Non transformed data,T0117,Table 0117 - Final consumption expenditure of households by durability,1976,,139445,,,,F,Free (free for publication),1,One,A,Normal value,6,Millions,EUR,Euro
DATAFLOW,OECD.SDD.NAD:DSD_NAMAIN10@DF_TABLE5_T501(1.0),Annual household final consumption expenditure by purpose (COICOP),I,A,Annual,FRA,France,S14,Households,S1,Total economy,P31DC,Final consumption expenditure of residents and non-residents on the territory,_Z,Not applicable,_Z,Not applicable,_T,Total,XDC,National currency,V,Current prices,N,Non transformed data,T0117,Table 0117 - Final consumption expenditure of households by durability,1977,,156894,,,,F,Free (free for publication),1,One,A,Normal value,6,Millions,EUR,Euro
DATAFLOW,OECD.SDD.NAD:DSD_NAMAIN10@DF_TABLE5_T501(1.0),Annual household final consumption expenditure by purpose (COICOP),I,A,Annual,FRA,France,S14,Households,S1,Total economy,P31DC,Final consumption expenditure of residents and non-residents on the territory,_Z,Not applicable,_Z,Not applicable,_T,Total,XDC,National currency,V,Current prices,N,Non transformed data,T0117,Table 0117 - Final consumption expenditure of households by durability,1978,,177829,,,,F,Free (free for publication),1,One,A,Normal value,6,Millions,EUR,Euro
DATAFLOW,OECD.SDD.NAD:DSD_NAMAIN10@DF_TABLE5_T501(1.0),Annual household final consumption expenditure by purpose (COICOP),I,A,Annual,FRA,France,S14,Households,S1,Total economy,P31DC,Final consumption expenditure of residents and non-residents on the territory,_Z,Not applicable,_Z,Not applicable,_T,Total,XDC,National currency,V,Current prices,N,Non transformed data,T0117,Table 0117 - Final consumption expenditure of households by durability,1979,,204040,,,,F,Free (free for publication),1,One,A,Normal value,6,Millions,EUR,Euro
DATAFLOW,OECD.SDD.NAD:DSD_NAMAIN10@DF_TABLE5_T501(1.0),Annual household final consumption expenditure by purpose (COICOP),I,A,Annual,FRA,France,S14,Households,S1,Total economy,P31DC,Final consumption expenditure of residents and non-residents on the territory,_Z,Not applicable,_Z,Not applicable,_T,Total,XDC,National currency,V,Current prices,N,Non transformed data,T0117,Table 0117 - Final consumption expenditure of households by durability,1980,,233825,,,,F,Free (free for publication),1,One,A,Normal value,6,Millions,EUR,Euro
DATAFLOW,OECD.SDD.NAD:DSD_NAMAIN10@DF_TABLE5_T501(1.0),Annual household final consumption expenditure by purpose (COICOP),I,A,Annual,FRA,France,S14,Households,S1,Total economy,P31DC,Final consumption expenditure of residents and non-residents on the territory,_Z,Not applicable,_Z,Not applicable,_T,Total,XDC,National currency,V,Current prices,N,Non transformed data,T0117,Table 0117 - Final consumption expenditure of households by durability,1981,,270953,,,,F,Free (free for publication),1,One,A,Normal value,6,Millions,EUR,Euro
DATAFLOW,OECD.SDD.NAD:DSD_NAMAIN10@DF_TABLE5_T501(1.0),Annual household final consumption expenditure by purpose (COICOP),I,A,Annual,FRA,France,S14,Households,S1,Total economy,P31DC,Final consumption expenditure of residents and non-residents on the territory,_Z,Not applicable,_Z,Not applicable,_T,Total,XDC,National currency,V,Current prices,N,Non transformed data,T0117,Table 0117 - Final consumption expenditure of households by durability,1982,,313321,,,,F,Free (free for publication),1,One,A,Normal value,6,Millions,EUR,Euro
DATAFLOW,OECD.SDD.NAD:DSD_NAMAIN10@DF_TABLE5_T501(1.0),Annual household final consumption expenditure by purpose (COICOP),I,A,Annual,FRA,France,S14,Households,S1,Total economy,P31DC,Final consumption expenditure of residents and non-residents on the territory,_Z,Not applicable,_Z,Not applicable,_T,Total,XDC,National currency,V,Current prices,N,Non transformed data,T0117,Table 0117 - Final consumption expenditure of households by durability,1983,,347361,,,,F,Free (free for publication),1,One,A,Normal value,6,Millions,EUR,Euro
DATAFLOW,OECD.SDD.NAD:DSD_NAMAIN10@DF_TABLE5_T501(1.0),Annual household final consumption expenditure by purpose (COICOP),I,A,Annual,FRA,France,S14,Households,S1,Total economy,P31DC,Final consumption expenditure of residents and non-residents on the territory,_Z,Not applicable,_Z,Not applicable,_T,Total,XDC,National currency,V,Current prices,N,Non transformed data,T0117,Table 0117 - Final consumption expenditure of households by durability,1984,,378161,,,,F,Free (free for publication),1,One,A,Normal value,6,Millions,EUR,Euro
DATAFLOW,OECD.SDD.NAD:DSD_NAMAIN10@DF_TABLE5_T501(1.0),Annual household final consumption expenditure by purpose (COICOP),I,A,Annual,FRA,France,S14,Households,S1,Total economy,P31DC,Final consumption expenditure of residents and non-residents on the territory,_Z,Not applicable,_Z,Not applicable,_T,Total,XDC,National currency,V,Current prices,N,Non transformed data,T0117,Table 0117 - Final consumption expenditure of households by durability,1985,,409552,,,,F,Free (free for publication),1,One,A,Normal value,6,Millions,EUR,Euro
DATAFLOW,OECD.SDD.NAD:DSD_NAMAIN10@DF_TABLE5_T501(1.0),Annual household final consumption expenditure by purpose (COICOP),I,A,Annual,FRA,France,S14,Households,S1,Total economy,P31DC,Final consumption expenditure of residents and non-residents on the territory,_Z,Not applicable,_Z,Not applicable,_T,Total,XDC,National currency,V,Current prices,N,Non transformed data,T0117,Table 0117 - Final consumption expenditure of households by durability,1986,,435729,,,,F,Free (free for publication),1,One,A,Normal value,6,Millions,EUR,Euro
DATAFLOW,OECD.SDD.NAD:DSD_NAMAIN10@DF_TABLE5_T501(1.0),Annual household final consumption expenditure by purpose (COICOP),I,A,Annual,FRA,France,S14,Households,S1,Total economy,P31DC,Final consumption expenditure of residents and non-residents on the territory,_Z,Not applicable,_Z,Not applicable,_T,Total,XDC,National currency,V,Current prices,N,Non transformed data,T0117,Table 0117 - Final consumption expenditure of households by durability,1987,,462849,,,,F,Free (free for publication),1,One,A,Normal value,6,Millions,EUR,Euro
DATAFLOW,OECD.SDD.NAD:DSD_NAMAIN10@DF_TABLE5_T501(1.0),Annual household final consumption expenditure by purpose (COICOP),I,A,Annual,FRA,France,S14,Households,S1,Total economy,P31DC,Final consumption expenditure of residents and non-residents on the territory,_Z,Not applicable,_Z,Not applicable,_T,Total,XDC,National currency,V,Current prices,N,Non transformed data,T0117,Table 0117 - Final consumption expenditure of households by durability,1988,,491945,,,,F,Free (free for publication),1,One,A,Normal value,6,Millions,EUR,Euro
DATAFLOW,OECD.SDD.NAD:DSD_NAMAIN10@DF_TABLE5_T501(1.0),Annual household final consumption expenditure by purpose (COICOP),I,A,Annual,FRA,France,S14,Households,S1,Total economy,P31DC,Final consumption expenditure of residents and non-residents on the territory,_Z,Not applicable,_Z,Not applicable,_T,Total,XDC,National currency,V,Current prices,N,Non transformed data,T0117,Table 0117 - Final consumption expenditure of households by durability,1989,,529042,,,,F,Free (free for publication),1,One,A,Normal value,6,Millions,EUR,Euro
DATAFLOW,OECD.SDD.NAD:DSD_NAMAIN10@DF_TABLE5_T501(1.0),Annual household final consumption expenditure by purpose (COICOP),I,A,Annual,FRA,France,S14,Households,S1,Total economy,P31DC,Final consumption expenditure of residents and non-residents on the territory,_Z,Not applicable,_Z,Not applicable,_T,Total,XDC,National currency,V,Current prices,N,Non transformed data,T0117,Table 0117 - Final consumption expenditure of households by durability,1990,,558553,,,,F,Free (free for publication),1,One,A,Normal value,6,Millions,EUR,Euro
DATAFLOW,OECD.SDD.NAD:DSD_NAMAIN10@DF_TABLE5_T501(1.0),Annual household final consumption expenditure by purpose (COICOP),I,A,Annual,FRA,France,S14,Households,S1,Total economy,P31DC,Final consumption expenditure of residents and non-residents on the territory,_Z,Not applicable,_Z,Not applicable,_T,Total,XDC,National currency,V,Current prices,N,Non transformed data,T0117,Table 0117 - Final consumption expenditure of households by durability,1991,,578705,,,,F,Free (free for publication),1,One,A,Normal value,6,Millions,EUR,Euro
DATAFLOW,OECD.SDD.NAD:DSD_NAMAIN10@DF_TABLE5_T501(1.0),Annual household final consumption expenditure by purpose (COICOP),I,A,Annual,FRA,France,S14,Households,S1,Total economy,P31DC,Final consumption expenditure of residents and non-residents on the territory,_Z,Not applicable,_Z,Not applicable,_T,Total,XDC,National currency,V,Current prices,N,Non transformed data,T0117,Table 0117 - Final consumption expenditure of households by durability,1992,,601297,,,,F,Free (free for publication),1,One,A,Normal value,6,Millions,EUR,Euro
DATAFLOW,OECD.SDD.NAD:DSD_NAMAIN10@DF_TABLE5_T501(1.0),Annual household final consumption expenditure by purpose (COICOP),I,A,Annual,FRA,France,S14,Households,S1,Total economy,P31DC,Final consumption expenditure of residents and non-residents on the territory,_Z,Not applicable,_Z,Not applicable,_T,Total,XDC,National currency,V,Current prices,N,Non transformed data,T0117,Table 0117 - Final consumption expenditure of households by durability,1993,,611350,,,,F,Free (free for publication),1,One,A,Normal value,6,Millions,EUR,Euro
DATAFLOW,OECD.SDD.NAD:DSD_NAMAIN10@DF_TABLE5_T501(1.0),Annual household final consumption expenditure by purpose (COICOP),I,A,Annual,FRA,France,S14,Households,S1,Total economy,P31DC,Final consumption expenditure of residents and non-residents on the territory,_Z,Not applicable,_Z,Not applicable,_T,Total,XDC,National currency,V,Current prices,N,Non transformed data,T0117,Table 0117 - Final consumption expenditure of households by durability,1994,,627194,,,,F,Free (free for publication),1,One,A,Normal value,6,Millions,EUR,Euro
DATAFLOW,OECD.SDD.NAD:DSD_NAMAIN10@DF_TABLE5_T501(1.0),Annual household final consumption expenditure by purpose (COICOP),I,A,Annual,FRA,France,S14,Households,S1,Total economy,P31DC,Final consumption expenditure of residents and non-residents on the territory,_Z,Not applicable,_Z,Not applicable,_T,Total,XDC,National currency,V,Current prices,N,Non transformed data,T0117,Table 0117 - Final consumption expenditure of households by durability,1995,,643055,,,,F,Free (free for publication),1,One,A,Normal value,6,Millions,EUR,Euro
DATAFLOW,OECD.SDD.NAD:DSD_NAMAIN10@DF_TABLE5_T501(1.0),Annual household final consumption expenditure by purpose (COICOP),I,A,Annual,FRA,France,S14,Households,S1,Total economy,P31DC,Final consumption expenditure of residents and non-residents on the territory,_Z,Not applicable,_Z,Not applicable,_T,Total,XDC,National currency,V,Current prices,N,Non transformed data,T0117,Table 0117 - Final consumption expenditure of households by durability,1996,,665042,,,,F,Free (free for publication),1,One,A,Normal value,6,Millions,EUR,Euro
DATAFLOW,OECD.SDD.NAD:DSD_NAMAIN10@DF_TABLE5_T501(1.0),Annual household final consumption expenditure by purpose (COICOP),I,A,Annual,FRA,France,S14,Households,S1,Total economy,P31DC,Final consumption expenditure of residents and non-residents on the territory,_Z,Not applicable,_Z,Not applicable,_T,Total,XDC,National currency,V,Current prices,N,Non transformed data,T0117,Table 0117 - Final consumption expenditure of households by durability,1997,,677628,,,,F,Free (free for publication),1,One,A,Normal value,6,Millions,EUR,Euro
DATAFLOW,OECD.SDD.NAD:DSD_NAMAIN10@DF_TABLE5_T501(1.0),Annual household final consumption expenditure by purpose (COICOP),I,A,Annual,FRA,France,S14,Households,S1,Total economy,P31DC,Final consumption expenditure of residents and non-residents on the territory,_Z,Not applicable,_Z,Not applicable,_T,Total,XDC,National currency,V,Current prices,N,Non transformed data,T0117,Table 0117 - Final consumption expenditure of households by durability,1998,,707475,,,,F,Free (free for publication),1,One,A,Normal value,6,Millions,EUR,Euro
DATAFLOW,OECD.SDD.NAD:DSD_NAMAIN10@DF_TABLE5_T501(1.0),Annual household final consumption expenditure by purpose (COICOP),I,A,Annual,FRA,France,S14,Households,S1,Total economy,P31DC,Final consumption expenditure of residents and non-residents on the territory,_Z,Not applicable,_Z,Not applicable,_T,Total,XDC,National currency,V,Current prices,N,Non transformed data,T0117,Table 0117 - Final consumption expenditure of households by durability,1999,,731393,,,,F,Free (free for publication),1,One,A,Normal value,6,Millions,EUR,Euro
DATAFLOW,OECD.SDD.NAD:DSD_NAMAIN10@DF_TABLE5_T501(1.0),Annual household final consumption expenditure by purpose (COICOP),I,A,Annual,FRA,France,S14,Households,S1,Total economy,P31DC,Final consumption expenditure of residents and non-residents on the territory,_Z,Not applicable,_Z,Not applicable,_T,Total,XDC,National currency,V,Current prices,N,Non transformed data,T0117,Table 0117 - Final consumption expenditure of households by durability,2000,,776996,,,,F,Free (free for publication),1,One,A,Normal value,6,Millions,EUR,Euro
DATAFLOW,OECD.SDD.NAD:DSD_NAMAIN10@DF_TABLE5_T501(1.0),Annual household final consumption expenditure by purpose (COICOP),I,A,Annual,FRA,France,S14,Households,S1,Total economy,P31DC,Final consumption expenditure of residents and non-residents on the territory,_Z,Not applicable,_Z,Not applicable,_T,Total,XDC,National currency,V,Current prices,N,Non transformed data,T0117,Table 0117 - Final consumption expenditure of households by durability,2001,,810010,,,,F,Free (free for publication),1,One,A,Normal value,6,Millions,EUR,Euro
DATAFLOW,OECD.SDD.NAD:DSD_NAMAIN10@DF_TABLE5_T501(1.0),Annual household final consumption expenditure by purpose (COICOP),I,A,Annual,FRA,France,S14,Households,S1,Total economy,P31DC,Final consumption expenditure of residents and non-residents on the territory,_Z,Not applicable,_Z,Not applicable,_T,Total,XDC,National currency,V,Current prices,N,Non transformed data,T0117,Table 0117 - Final consumption expenditure of households by durability,2002,,834620,,,,F,Free (free for publication),1,One,A,Normal value,6,Millions,EUR,Euro
DATAFLOW,OECD.SDD.NAD:DSD_NAMAIN10@DF_TABLE5_T501(1.0),Annual household final consumption expenditure by purpose (COICOP),I,A,Annual,FRA,France,S14,Households,S1,Total economy,P31DC,Final consumption expenditure of residents and non-residents on the territory,_Z,Not applicable,_Z,Not applicable,_T,Total,XDC,National currency,V,Current prices,N,Non transformed data,T0117,Table 0117 - Final consumption expenditure of households by durability,2003,,860897,,,,F,Free (free for publication),1,One,A,Normal value,6,Millions,EUR,Euro
DATAFLOW,OECD.SDD.NAD:DSD_NAMAIN10@DF_TABLE5_T501(1.0),Annual household final consumption expenditure by purpose (COICOP),I,A,Annual,FRA,France,S14,Households,S1,Total economy,P31DC,Final consumption expenditure of residents and non-residents on the territory,_Z,Not applicable,_Z,Not applicable,_T,Total,XDC,National currency,V,Current prices,N,Non transformed data,T0117,Table 0117 - Final consumption expenditure of households by durability,2004,,899812,,,,F,Free (free for publication),1,One,A,Normal value,6,Millions,EUR,Euro
DATAFLOW,OECD.SDD.NAD:DSD_NAMAIN10@DF_TABLE5_T501(1.0),Annual household final consumption expenditure by purpose (COICOP),I,A,Annual,FRA,France,S14,Households,S1,Total economy,P31DC,Final consumption expenditure of residents and non-residents on the territory,_Z,Not applicable,_Z,Not applicable,_T,Total,XDC,National currency,V,Current prices,N,Non transformed data,T0117,Table 0117 - Final consumption expenditure of households by durability,2005,,938265,,,,F,Free (free for publication),1,One,A,Normal value,6,Millions,EUR,Euro
DATAFLOW,OECD.SDD.NAD:DSD_NAMAIN10@DF_TABLE5_T501(1.0),Annual household final consumption expenditure by purpose (COICOP),I,A,Annual,FRA,France,S14,Households,S1,Total economy,P31DC,Final consumption expenditure of residents and non-residents on the territory,_Z,Not applicable,_Z,Not applicable,_T,Total,XDC,National currency,V,Current prices,N,Non transformed data,T0117,Table 0117 - Final consumption expenditure of households by durability,2006,,982478,,,,F,Free (free for publication),1,One,A,Normal value,6,Millions,EUR,Euro
DATAFLOW,OECD.SDD.NAD:DSD_NAMAIN10@DF_TABLE5_T501(1.0),Annual household final consumption expenditure by purpose (COICOP),I,A,Annual,FRA,France,S14,Households,S1,Total economy,P31DC,Final consumption expenditure of residents and non-residents on the territory,_Z,Not applicable,_Z,Not applicable,_T,Total,XDC,National currency,V,Current prices,N,Non transformed data,T0117,Table 0117 - Final consumption expenditure of households by durability,2007,,1027944,,,,F,Free (free for publication),1,One,A,Normal value,6,Millions,EUR,Euro
DATAFLOW,OECD.SDD.NAD:DSD_NAMAIN10@DF_TABLE5_T501(1.0),Annual household final consumption expenditure by purpose (COICOP),I,A,Annual,FRA,France,S14,Households,S1,Total economy,P31DC,Final consumption expenditure of residents and non-residents on the territory,_Z,Not applicable,_Z,Not applicable,_T,Total,XDC,National currency,V,Current prices,N,Non transformed data,T0117,Table 0117 - Final consumption expenditure of households by durability,2008,,1061908,,,,F,Free (free for publication),1,One,A,Normal value,6,Millions,EUR,Euro
DATAFLOW,OECD.SDD.NAD:DSD_NAMAIN10@DF_TABLE5_T501(1.0),Annual household final consumption expenditure by purpose (COICOP),I,A,Annual,FRA,France,S14,Households,S1,Total economy,P31DC,Final consumption expenditure of residents and non-residents on the territory,_Z,Not applicable,_Z,Not applicable,_T,Total,XDC,National currency,V,Current prices,N,Non transformed data,T0117,Table 0117 - Final consumption expenditure of households by durability,2009,,1044862,,,,F,Free (free for publication),1,One,A,Normal value,6,Millions,EUR,Euro
DATAFLOW,OECD.SDD.NAD:DSD_NAMAIN10@DF_TABLE5_T501(1.0),Annual household final consumption expenditure by purpose (COICOP),I,A,Annual,FRA,France,S14,Households,S1,Total economy,P31DC,Final consumption expenditure of residents and non-residents on the territory,_Z,Not applicable,_Z,Not applicable,_T,Total,XDC,National currency,V,Current prices,N,Non transformed data,T0117,Table 0117 - Final consumption expenditure of households by durability,2010,,1073627,,,,F,Free (free for publication),1,One,A,Normal value,6,Millions,EUR,Euro
DATAFLOW,OECD.SDD.NAD:DSD_NAMAIN10@DF_TABLE5_T501(1.0),Annual household final consumption expenditure by purpose (COICOP),I,A,Annual,FRA,France,S14,Households,S1,Total economy,P31DC,Final consumption expenditure of residents and non-residents on the territory,_Z,Not applicable,_Z,Not applicable,_T,Total,XDC,National currency,V,Current prices,N,Non transformed data,T0117,Table 0117 - Final consumption expenditure of households by durability,2011,,1101779,,,,F,Free (free for publication),1,One,A,Normal value,6,Millions,EUR,Euro
DATAFLOW,OECD.SDD.NAD:DSD_NAMAIN10@DF_TABLE5_T501(1.0),Annual household final consumption expenditure by purpose (COICOP),I,A,Annual,FRA,France,S14,Households,S1,Total economy,P31DC,Final consumption expenditure of residents and non-residents on the territory,_Z,Not applicable,_Z,Not applicable,_T,Total,XDC,National currency,V,Current prices,N,Non transformed data,T0117,Table 0117 - Final consumption expenditure of households by durability,2012,,1117980,,,,F,Free (free for publication),1,One,A,Normal value,6,Millions,EUR,Euro
DATAFLOW,OECD.SDD.NAD:DSD_NAMAIN10@DF_TABLE5_T501(1.0),Annual household final consumption expenditure by purpose (COICOP),I,A,Annual,FRA,France,S14,Households,S1,Total economy,P31DC,Final consumption expenditure of residents and non-residents on the territory,_Z,Not applicable,_Z,Not applicable,_T,Total,XDC,National currency,V,Current prices,N,Non transformed data,T0117,Table 0117 - Final consumption expenditure of households by durability,2013,,1131098,,,,F,Free (free for publication),1,One,A,Normal value,6,Millions,EUR,Euro
DATAFLOW,OECD.SDD.NAD:DSD_NAMAIN10@DF_TABLE5_T501(1.0),Annual household final consumption expenditure by purpose (COICOP),I,A,Annual,FRA,France,S14,Households,S1,Total economy,P31DC,Final consumption expenditure of residents and non-residents on the territory,_Z,Not applicable,_Z,Not applicable,_T,Total,XDC,National currency,V,Current prices,N,Non transformed data,T0117,Table 0117 - Final consumption expenditure of households by durability,2014,,1138962,,,,F,Free (free for publication),1,One,A,Normal value,6,Millions,EUR,Euro
DATAFLOW,OECD.SDD.NAD:DSD_NAMAIN10@DF_TABLE5_T501(1.0),Annual household final consumption expenditure by purpose (COICOP),I,A,Annual,FRA,France,S14,Households,S1,Total economy,P31DC,Final consumption expenditure of residents and non-residents on the territory,_Z,Not applicable,_Z,Not applicable,_T,Total,XDC,National currency,V,Current prices,N,Non transformed data,T0117,Table 0117 - Final consumption expenditure of households by durability,2015,,1159663,,,,F,Free (free for publication),1,One,A,Normal value,6,Millions,EUR,Euro
DATAFLOW,OECD.SDD.NAD:DSD_NAMAIN10@DF_TABLE5_T501(1.0),Annual household final consumption expenditure by purpose (COICOP),I,A,Annual,FRA,France,S14,Households,S1,Total economy,P31DC,Final consumption expenditure of residents and non-residents on the territory,_Z,Not applicable,_Z,Not applicable,_T,Total,XDC,National currency,V,Current prices,N,Non transformed data,T0117,Table 0117 - Final consumption expenditure of households by durability,2016,,1177971,,,,F,Free (free for publication),1,One,A,Normal value,6,Millions,EUR,Euro
DATAFLOW,OECD.SDD.NAD:DSD_NAMAIN10@DF_TABLE5_T501(1.0),Annual household final consumption expenditure by purpose (COICOP),I,A,Annual,FRA,France,S14,Households,S1,Total economy,P31DC,Final consumption expenditure of residents and non-residents on the territory,_Z,Not applicable,_Z,Not applicable,_T,Total,XDC,National currency,V,Current prices,N,Non transformed data,T0117,Table 0117 - Final consumption expenditure of households by durability,2017,,1206223,,,,F,Free (free for publication),1,One,A,Normal value,6,Millions,EUR,Euro
DATAFLOW,OECD.SDD.NAD:DSD_NAMAIN10@DF_TABLE5_T501(1.0),Annual household final consumption expenditure by purpose (COICOP),I,A,Annual,FRA,France,S14,Households,S1,Total economy,P31DC,Final consumption expenditure of residents and non-residents on the territory,_Z,Not applicable,_Z,Not applicable,_T,Total,XDC,National currency,V,Current prices,N,Non transformed data,T0117,Table 0117 - Final consumption expenditure of households by durability,2018,,1242973,,,,F,Free (free for publication),1,One,A,Normal value,6,Millions,EUR,Euro
DATAFLOW,OECD.SDD.NAD:DSD_NAMAIN10@DF_TABLE5_T501(1.0),Annual household final consumption expenditure by purpose (COICOP),I,A,Annual,FRA,France,S14,Households,S1,Total economy,P31DC,Final consumption expenditure of residents and non-residents on the territory,_Z,Not applicable,_Z,Not applicable,_T,Total,XDC,National currency,V,Current prices,N,Non transformed data,T0117,Table 0117 - Final consumption expenditure of households by durability,2019,,1271006,,,,F,Free (free for publication),1,One,A,Normal value,6,Millions,EUR,Euro
DATAFLOW,OECD.SDD.NAD:DSD_NAMAIN10@DF_TABLE5_T501(1.0),Annual household final consumption expenditure by purpose (COICOP),I,A,Annual,FRA,France,S14,Households,S1,Total economy,P31DC,Final consumption expenditure of residents and non-residents on the territory,_Z,Not applicable,_Z,Not applicable,_T,Total,XDC,National currency,V,Current prices,N,Non transformed data,T0117,Table 0117 - Final consumption expenditure of households by durability,2020,,1190960,,,,F,Free (free for publication),1,One,A,Normal value,6,Millions,EUR,Euro
DATAFLOW,OECD.SDD.NAD:DSD_NAMAIN10@DF_TABLE5_T501(1.0),Annual household final consumption expenditure by purpose (COICOP),I,A,Annual,FRA,France,S14,Households,S1,Total economy,P31DC,Final consumption expenditure of residents and non-residents on the territory,_Z,Not applicable,_Z,Not applicable,_T,Total,XDC,National currency,V,Current prices,N,Non transformed data,T0117,Table 0117 - Final consumption expenditure of households by durability,2021,,1271245,,,,F,Free (free for publication),1,One,A,Normal value,6,Millions,EUR,Euro
DATAFLOW,OECD.SDD.NAD:DSD_NAMAIN10@DF_TABLE5_T501(1.0),Annual household final consumption expenditure by purpose (COICOP),I,A,Annual,FIN,Finland,S14,Households,S1,Total economy,P31DC,Final consumption expenditure of residents and non-residents on the territory,_Z,Not applicable,_Z,Not applicable,_T,Total,XDC,National currency,V,Current prices,N,Non transformed data,T0117,Table 0117 - Final consumption expenditure of households by durability,1980,,17029,,,,F,Free (free for publication),1,One,A,Normal value,6,Millions,EUR,Euro
DATAFLOW,OECD.SDD.NAD:DSD_NAMAIN10@DF_TABLE5_T501(1.0),Annual household final consumption expenditure by purpose (COICOP),I,A,Annual,FIN,Finland,S14,Households,S1,Total economy,P31DC,Final consumption expenditure of residents and non-residents on the territory,_Z,Not applicable,_Z,Not applicable,_T,Total,XDC,National currency,V,Current prices,N,Non transformed data,T0117,Table 0117 - Final consumption expenditure of households by durability,1981,,19217,,,,F,Free (free for publication),1,One,A,Normal value,6,Millions,EUR,Euro
DATAFLOW,OECD.SDD.NAD:DSD_NAMAIN10@DF_TABLE5_T501(1.0),Annual household final consumption expenditure by purpose (COICOP),I,A,Annual,FIN,Finland,S14,Households,S1,Total economy,P31DC,Final consumption expenditure of residents and non-residents on the territory,_Z,Not applicable,_Z,Not applicable,_T,Total,XDC,National currency,V,Current prices,N,Non transformed data,T0117,Table 0117 - Final consumption expenditure of households by durability,1982,,21887,,,,F,Free (free for publication),1,One,A,Normal value,6,Millions,EUR,Euro
DATAFLOW,OECD.SDD.NAD:DSD_NAMAIN10@DF_TABLE5_T501(1.0),Annual household final consumption expenditure by purpose (COICOP),I,A,Annual,FIN,Finland,S14,Households,S1,Total economy,P31DC,Final consumption expenditure of residents and non-residents on the territory,_Z,Not applicable,_Z,Not applicable,_T,Total,XDC,National currency,V,Current prices,N,Non transformed data,T0117,Table 0117 - Final consumption expenditure of households by durability,1983,,24266,,,,F,Free (free for publication),1,One,A,Normal value,6,Millions,EUR,Euro
DATAFLOW,OECD.SDD.NAD:DSD_NAMAIN10@DF_TABLE5_T501(1.0),Annual household final consumption expenditure by purpose (COICOP),I,A,Annual,FIN,Finland,S14,Households,S1,Total economy,P31DC,Final consumption expenditure of residents and non-residents on the territory,_Z,Not applicable,_Z,Not applicable,_T,Total,XDC,National currency,V,Current prices,N,Non transformed data,T0117,Table 0117 - Final consumption expenditure of households by durability,1984,,26752,,,,F,Free (free for publication),1,One,A,Normal value,6,Millions,EUR,Euro
DATAFLOW,OECD.SDD.NAD:DSD_NAMAIN10@DF_TABLE5_T501(1.0),Annual household final consumption expenditure by purpose (COICOP),I,A,Annual,FIN,Finland,S14,Households,S1,Total economy,P31DC,Final consumption expenditure of residents and non-residents on the territory,_Z,Not applicable,_Z,Not applicable,_T,Total,XDC,National currency,V,Current prices,N,Non transformed data,T0117,Table 0117 - Final consumption expenditure of households by durability,1985,,29221,,,,F,Free (free for publication),1,One,A,Normal value,6,Millions,EUR,Euro
DATAFLOW,OECD.SDD.NAD:DSD_NAMAIN10@DF_TABLE5_T501(1.0),Annual household final consumption expenditure by purpose (COICOP),I,A,Annual,FIN,Finland,S14,Households,S1,Total economy,P31DC,Final consumption expenditure of residents and non-residents on the territory,_Z,Not applicable,_Z,Not applicable,_T,Total,XDC,National currency,V,Current prices,N,Non transformed data,T0117,Table 0117 - Final consumption expenditure of households by durability,1986,,31445,,,,F,Free (free for publication),1,One,A,Normal value,6,Millions,EUR,Euro
DATAFLOW,OECD.SDD.NAD:DSD_NAMAIN10@DF_TABLE5_T501(1.0),Annual household final consumption expenditure by purpose (COICOP),I,A,Annual,FIN,Finland,S14,Households,S1,Total economy,P31DC,Final consumption expenditure of residents and non-residents on the territory,_Z,Not applicable,_Z,Not applicable,_T,Total,XDC,National currency,V,Current prices,N,Non transformed data,T0117,Table 0117 - Final consumption expenditure of households by durability,1987,,33928,,,,F,Free (free for publication),1,One,A,Normal value,6,Millions,EUR,Euro
DATAFLOW,OECD.SDD.NAD:DSD_NAMAIN10@DF_TABLE5_T501(1.0),Annual household final consumption expenditure by purpose (COICOP),I,A,Annual,FIN,Finland,S14,Households,S1,Total economy,P31DC,Final consumption expenditure of residents and non-residents on the territory,_Z,Not applicable,_Z,Not applicable,_T,Total,XDC,National currency,V,Current prices,N,Non transformed data,T0117,Table 0117 - Final consumption expenditure of households by durability,1988,,37405,,,,F,Free (free for publication),1,One,A,Normal value,6,Millions,EUR,Euro
DATAFLOW,OECD.SDD.NAD:DSD_NAMAIN10@DF_TABLE5_T501(1.0),Annual household final consumption expenditure by purpose (COICOP),I,A,Annual,FIN,Finland,S14,Households,S1,Total economy,P31DC,Final consumption expenditure of residents and non-residents on the territory,_Z,Not applicable,_Z,Not applicable,_T,Total,XDC,National currency,V,Current prices,N,Non transformed data,T0117,Table 0117 - Final consumption expenditure of households by durability,1989,,41383,,,,F,Free (free for publication),1,One,A,Normal value,6,Millions,EUR,Euro
DATAFLOW,OECD.SDD.NAD:DSD_NAMAIN10@DF_TABLE5_T501(1.0),Annual household final consumption expenditure by purpose (COICOP),I,A,Annual,FIN,Finland,S14,Households,S1,Total economy,P31DC,Final consumption expenditure of residents and non-residents on the territory,_Z,Not applicable,_Z,Not applicable,_T,Total,XDC,National currency,V,Current prices,N,Non transformed data,T0117,Table 0117 - Final consumption expenditure of households by durability,1990,,43398,,,,F,Free (free for publication),1,One,A,Normal value,6,Millions,EUR,Euro
DATAFLOW,OECD.SDD.NAD:DSD_NAMAIN10@DF_TABLE5_T501(1.0),Annual household final consumption expenditure by purpose (COICOP),I,A,Annual,FIN,Finland,S14,Households,S1,Total economy,P31DC,Final consumption expenditure of residents and non-residents on the territory,_Z,Not applicable,_Z,Not applicable,_T,Total,XDC,National currency,V,Current prices,N,Non transformed data,T0117,Table 0117 - Final consumption expenditure of households by durability,1991,,44054,,,,F,Free (free for publication),1,One,A,Normal value,6,Millions,EUR,Euro
DATAFLOW,OECD.SDD.NAD:DSD_NAMAIN10@DF_TABLE5_T501(1.0),Annual household final consumption expenditure by purpose (COICOP),I,A,Annual,FIN,Finland,S14,Households,S1,Total economy,P31DC,Final consumption expenditure of residents and non-residents on the territory,_Z,Not applicable,_Z,Not applicable,_T,Total,XDC,National currency,V,Current prices,N,Non transformed data,T0117,Table 0117 - Final consumption expenditure of households by durability,1992,,43709,,,,F,Free (free for publication),1,One,A,Normal value,6,Millions,EUR,Euro
DATAFLOW,OECD.SDD.NAD:DSD_NAMAIN10@DF_TABLE5_T501(1.0),Annual household final consumption expenditure by purpose (COICOP),I,A,Annual,FIN,Finland,S14,Households,S1,Total economy,P31DC,Final consumption expenditure of residents and non-residents on the territory,_Z,Not applicable,_Z,Not applicable,_T,Total,XDC,National currency,V,Current prices,N,Non transformed data,T0117,Table 0117 - Final consumption expenditure of households by durability,1993,,44594,,,,F,Free (free for publication),1,One,A,Normal value,6,Millions,EUR,Euro
DATAFLOW,OECD.SDD.NAD:DSD_NAMAIN10@DF_TABLE5_T501(1.0),Annual household final consumption expenditure by purpose (COICOP),I,A,Annual,FIN,Finland,S14,Households,S1,Total economy,P31DC,Final consumption expenditure of residents and non-residents on the territory,_Z,Not applicable,_Z,Not applicable,_T,Total,XDC,National currency,V,Current prices,N,Non transformed data,T0117,Table 0117 - Final consumption expenditure of households by durability,1994,,46192,,,,F,Free (free for publication),1,One,A,Normal value,6,Millions,EUR,Euro
DATAFLOW,OECD.SDD.NAD:DSD_NAMAIN10@DF_TABLE5_T501(1.0),Annual household final consumption expenditure by purpose (COICOP),I,A,Annual,FIN,Finland,S14,Households,S1,Total economy,P31DC,Final consumption expenditure of residents and non-residents on the territory,_Z,Not applicable,_Z,Not applicable,_T,Total,XDC,National currency,V,Current prices,N,Non transformed data,T0117,Table 0117 - Final consumption expenditure of households by durability,1995,,48375,,,,F,Free (free for publication),1,One,A,Normal value,6,Millions,EUR,Euro
DATAFLOW,OECD.SDD.NAD:DSD_NAMAIN10@DF_TABLE5_T501(1.0),Annual household final consumption expenditure by purpose (COICOP),I,A,Annual,FIN,Finland,S14,Households,S1,Total economy,P31DC,Final consumption expenditure of residents and non-residents on the territory,_Z,Not applicable,_Z,Not applicable,_T,Total,XDC,National currency,V,Current prices,N,Non transformed data,T0117,Table 0117 - Final consumption expenditure of households by durability,1996,,50705,,,,F,Free (free for publication),1,One,A,Normal value,6,Millions,EUR,Euro
DATAFLOW,OECD.SDD.NAD:DSD_NAMAIN10@DF_TABLE5_T501(1.0),Annual household final consumption expenditure by purpose (COICOP),I,A,Annual,FIN,Finland,S14,Households,S1,Total economy,P31DC,Final consumption expenditure of residents and non-residents on the territory,_Z,Not applicable,_Z,Not applicable,_T,Total,XDC,National currency,V,Current prices,N,Non transformed data,T0117,Table 0117 - Final consumption expenditure of households by durability,1997,,53684,,,,F,Free (free for publication),1,One,A,Normal value,6,Millions,EUR,Euro
DATAFLOW,OECD.SDD.NAD:DSD_NAMAIN10@DF_TABLE5_T501(1.0),Annual household final consumption expenditure by purpose (COICOP),I,A,Annual,FIN,Finland,S14,Households,S1,Total economy,P31DC,Final consumption expenditure of residents and non-residents on the territory,_Z,Not applicable,_Z,Not applicable,_T,Total,XDC,National currency,V,Current prices,N,Non transformed data,T0117,Table 0117 - Final consumption expenditure of households by durability,1998,,57052,,,,F,Free (free for publication),1,One,A,Normal value,6,Millions,EUR,Euro
DATAFLOW,OECD.SDD.NAD:DSD_NAMAIN10@DF_TABLE5_T501(1.0),Annual household final consumption expenditure by purpose (COICOP),I,A,Annual,FIN,Finland,S14,Households,S1,Total economy,P31DC,Final consumption expenditure of residents and non-residents on the territory,_Z,Not applicable,_Z,Not applicable,_T,Total,XDC,National currency,V,Current prices,N,Non transformed data,T0117,Table 0117 - Final consumption expenditure of households by durability,1999,,59755,,,,F,Free (free for publication),1,One,A,Normal value,6,Millions,EUR,Euro
DATAFLOW,OECD.SDD.NAD:DSD_NAMAIN10@DF_TABLE5_T501(1.0),Annual household final consumption expenditure by purpose (COICOP),I,A,Annual,FIN,Finland,S14,Households,S1,Total economy,P31DC,Final consumption expenditure of residents and non-residents on the territory,_Z,Not applicable,_Z,Not applicable,_T,Total,XDC,National currency,V,Current prices,N,Non transformed data,T0117,Table 0117 - Final consumption expenditure of households by durability,2000,,62884,,,,F,Free (free for publication),1,One,A,Normal value,6,Millions,EUR,Euro
DATAFLOW,OECD.SDD.NAD:DSD_NAMAIN10@DF_TABLE5_T501(1.0),Annual household final consumption expenditure by purpose (COICOP),I,A,Annual,FIN,Finland,S14,Households,S1,Total economy,P31DC,Final consumption expenditure of residents and non-residents on the territory,_Z,Not applicable,_Z,Not applicable,_T,Total,XDC,National currency,V,Current prices,N,Non transformed data,T0117,Table 0117 - Final consumption expenditure of households by durability,2001,,66268,,,,F,Free (free for publication),1,One,A,Normal value,6,Millions,EUR,Euro
DATAFLOW,OECD.SDD.NAD:DSD_NAMAIN10@DF_TABLE5_T501(1.0),Annual household final consumption expenditure by purpose (COICOP),I,A,Annual,FIN,Finland,S14,Households,S1,Total economy,P31DC,Final consumption expenditure of residents and non-residents on the territory,_Z,Not applicable,_Z,Not applicable,_T,Total,XDC,National currency,V,Current prices,N,Non transformed data,T0117,Table 0117 - Final consumption expenditure of households by durability,2002,,68933,,,,F,Free (free for publication),1,One,A,Normal value,6,Millions,EUR,Euro
DATAFLOW,OECD.SDD.NAD:DSD_NAMAIN10@DF_TABLE5_T501(1.0),Annual household final consumption expenditure by purpose (COICOP),I,A,Annual,FIN,Finland,S14,Households,S1,Total economy,P31DC,Final consumption expenditure of residents and non-residents on the territory,_Z,Not applicable,_Z,Not applicable,_T,Total,XDC,National currency,V,Current prices,N,Non transformed data,T0117,Table 0117 - Final consumption expenditure of households by durability,2003,,72309,,,,F,Free (free for publication),1,One,A,Normal value,6,Millions,EUR,Euro
DATAFLOW,OECD.SDD.NAD:DSD_NAMAIN10@DF_TABLE5_T501(1.0),Annual household final consumption expenditure by purpose (COICOP),I,A,Annual,FIN,Finland,S14,Households,S1,Total economy,P31DC,Final consumption expenditure of residents and non-residents on the territory,_Z,Not applicable,_Z,Not applicable,_T,Total,XDC,National currency,V,Current prices,N,Non transformed data,T0117,Table 0117 - Final consumption expenditure of households by durability,2004,,75041,,,,F,Free (free for publication),1,One,A,Normal value,6,Millions,EUR,Euro
DATAFLOW,OECD.SDD.NAD:DSD_NAMAIN10@DF_TABLE5_T501(1.0),Annual household final consumption expenditure by purpose (COICOP),I,A,Annual,FIN,Finland,S14,Households,S1,Total economy,P31DC,Final consumption expenditure of residents and non-residents on the territory,_Z,Not applicable,_Z,Not applicable,_T,Total,XDC,National currency,V,Current prices,N,Non transformed data,T0117,Table 0117 - Final consumption expenditure of households by durability,2005,,78208,,,,F,Free (free for publication),1,One,A,Normal value,6,Millions,EUR,Euro
DATAFLOW,OECD.SDD.NAD:DSD_NAMAIN10@DF_TABLE5_T501(1.0),Annual household final consumption expenditure by purpose (COICOP),I,A,Annual,FIN,Finland,S14,Households,S1,Total economy,P31DC,Final consumption expenditure of residents and non-residents on the territory,_Z,Not applicable,_Z,Not applicable,_T,Total,XDC,National currency,V,Current prices,N,Non transformed data,T0117,Table 0117 - Final consumption expenditure of households by durability,2006,,82412,,,,F,Free (free for publication),1,One,A,Normal value,6,Millions,EUR,Euro
DATAFLOW,OECD.SDD.NAD:DSD_NAMAIN10@DF_TABLE5_T501(1.0),Annual household final consumption expenditure by purpose (COICOP),I,A,Annual,FIN,Finland,S14,Households,S1,Total economy,P31DC,Final consumption expenditure of residents and non-residents on the territory,_Z,Not applicable,_Z,Not applicable,_T,Total,XDC,National currency,V,Current prices,N,Non transformed data,T0117,Table 0117 - Final consumption expenditure of households by durability,2007,,86772,,,,F,Free (free for publication),1,One,A,Normal value,6,Millions,EUR,Euro
DATAFLOW,OECD.SDD.NAD:DSD_NAMAIN10@DF_TABLE5_T501(1.0),Annual household final consumption expenditure by purpose (COICOP),I,A,Annual,FIN,Finland,S14,Households,S1,Total economy,P31DC,Final consumption expenditure of residents and non-residents on the territory,_Z,Not applicable,_Z,Not applicable,_T,Total,XDC,National currency,V,Current prices,N,Non transformed data,T0117,Table 0117 - Final consumption expenditure of households by durability,2008,,91520,,,,F,Free (free for publication),1,One,A,Normal value,6,Millions,EUR,Euro
DATAFLOW,OECD.SDD.NAD:DSD_NAMAIN10@DF_TABLE5_T501(1.0),Annual household final consumption expenditure by purpose (COICOP),I,A,Annual,FIN,Finland,S14,Households,S1,Total economy,P31DC,Final consumption expenditure of residents and non-residents on the territory,_Z,Not applicable,_Z,Not applicable,_T,Total,XDC,National currency,V,Current prices,N,Non transformed data,T0117,Table 0117 - Final consumption expenditure of households by durability,2009,,89823,,,,F,Free (free for publication),1,One,A,Normal value,6,Millions,EUR,Euro
DATAFLOW,OECD.SDD.NAD:DSD_NAMAIN10@DF_TABLE5_T501(1.0),Annual household final consumption expenditure by purpose (COICOP),I,A,Annual,FIN,Finland,S14,Households,S1,Total economy,P31DC,Final consumption expenditure of residents and non-residents on the territory,_Z,Not applicable,_Z,Not applicable,_T,Total,XDC,National currency,V,Current prices,N,Non transformed data,T0117,Table 0117 - Final consumption expenditure of households by durability,2010,,94048,,,,F,Free (free for publication),1,One,A,Normal value,6,Millions,EUR,Euro
DATAFLOW,OECD.SDD.NAD:DSD_NAMAIN10@DF_TABLE5_T501(1.0),Annual household final consumption expenditure by purpose (COICOP),I,A,Annual,FIN,Finland,S14,Households,S1,Total economy,P31DC,Final consumption expenditure of residents and non-residents on the territory,_Z,Not applicable,_Z,Not applicable,_T,Total,XDC,National currency,V,Current prices,N,Non transformed data,T0117,Table 0117 - Final consumption expenditure of households by durability,2011,,100397,,,,F,Free (free for publication),1,One,A,Normal value,6,Millions,EUR,Euro
DATAFLOW,OECD.SDD.NAD:DSD_NAMAIN10@DF_TABLE5_T501(1.0),Annual household final consumption expenditure by purpose (COICOP),I,A,Annual,FIN,Finland,S14,Households,S1,Total economy,P31DC,Final consumption expenditure of residents and non-residents on the territory,_Z,Not applicable,_Z,Not applicable,_T,Total,XDC,National currency,V,Current prices,N,Non transformed data,T0117,Table 0117 - Final consumption expenditure of households by durability,2012,,103784,,,,F,Free (free for publication),1,One,A,Normal value,6,Millions,EUR,Euro
DATAFLOW,OECD.SDD.NAD:DSD_NAMAIN10@DF_TABLE5_T501(1.0),Annual household final consumption expenditure by purpose (COICOP),I,A,Annual,FIN,Finland,S14,Households,S1,Total economy,P31DC,Final consumption expenditure of residents and non-residents on the territory,_Z,Not applicable,_Z,Not applicable,_T,Total,XDC,National currency,V,Current prices,N,Non transformed data,T0117,Table 0117 - Final consumption expenditure of households by durability,2013,,105689,,,,F,Free (free for publication),1,One,A,Normal value,6,Millions,EUR,Euro
DATAFLOW,OECD.SDD.NAD:DSD_NAMAIN10@DF_TABLE5_T501(1.0),Annual household final consumption expenditure by purpose (COICOP),I,A,Annual,FIN,Finland,S14,Households,S1,Total economy,P31DC,Final consumption expenditure of residents and non-residents on the territory,_Z,Not applicable,_Z,Not applicable,_T,Total,XDC,National currency,V,Current prices,N,Non transformed data,T0117,Table 0117 - Final consumption expenditure of households by durability,2014,,107372,,,,F,Free (free for publication),1,One,A,Normal value,6,Millions,EUR,Euro
DATAFLOW,OECD.SDD.NAD:DSD_NAMAIN10@DF_TABLE5_T501(1.0),Annual household final consumption expenditure by purpose (COICOP),I,A,Annual,FIN,Finland,S14,Households,S1,Total economy,P31DC,Final consumption expenditure of residents and non-residents on the territory,_Z,Not applicable,_Z,Not applicable,_T,Total,XDC,National currency,V,Current prices,N,Non transformed data,T0117,Table 0117 - Final consumption expenditure of households by durability,2015,,108818,,,,F,Free (free for publication),1,One,A,Normal value,6,Millions,EUR,Euro
DATAFLOW,OECD.SDD.NAD:DSD_NAMAIN10@DF_TABLE5_T501(1.0),Annual household final consumption expenditure by purpose (COICOP),I,A,Annual,FIN,Finland,S14,Households,S1,Total economy,P31DC,Final consumption expenditure of residents and non-residents on the territory,_Z,Not applicable,_Z,Not applicable,_T,Total,XDC,National currency,V,Current prices,N,Non transformed data,T0117,Table 0117 - Final consumption expenditure of households by durability,2016,,111375,,,,F,Free (free for publication),1,One,A,Normal value,6,Millions,EUR,Euro
DATAFLOW,OECD.SDD.NAD:DSD_NAMAIN10@DF_TABLE5_T501(1.0),Annual household final consumption expenditure by purpose (COICOP),I,A,Annual,FIN,Finland,S14,Households,S1,Total economy,P31DC,Final consumption expenditure of residents and non-residents on the territory,_Z,Not applicable,_Z,Not applicable,_T,Total,XDC,National currency,V,Current prices,N,Non transformed data,T0117,Table 0117 - Final consumption expenditure of households by durability,2017,,113616,,,,F,Free (free for publication),1,One,A,Normal value,6,Millions,EUR,Euro
DATAFLOW,OECD.SDD.NAD:DSD_NAMAIN10@DF_TABLE5_T501(1.0),Annual household final consumption expenditure by purpose (COICOP),I,A,Annual,FIN,Finland,S14,Households,S1,Total economy,P31DC,Final consumption expenditure of residents and non-residents on the territory,_Z,Not applicable,_Z,Not applicable,_T,Total,XDC,National currency,V,Current prices,N,Non transformed data,T0117,Table 0117 - Final consumption expenditure of households by durability,2018,,116863,,,,F,Free (free for publication),1,One,A,Normal value,6,Millions,EUR,Euro
DATAFLOW,OECD.SDD.NAD:DSD_NAMAIN10@DF_TABLE5_T501(1.0),Annual household final consumption expenditure by purpose (COICOP),I,A,Annual,FIN,Finland,S14,Households,S1,Total economy,P31DC,Final consumption expenditure of residents and non-residents on the territory,_Z,Not applicable,_Z,Not applicable,_T,Total,XDC,National currency,V,Current prices,N,Non transformed data,T0117,Table 0117 - Final consumption expenditure of households by durability,2019,,118908,,,,F,Free (free for publication),1,One,A,Normal value,6,Millions,EUR,Euro
DATAFLOW,OECD.SDD.NAD:DSD_NAMAIN10@DF_TABLE5_T501(1.0),Annual household final consumption expenditure by purpose (COICOP),I,A,Annual,FIN,Finland,S14,Households,S1,Total economy,P31DC,Final consumption expenditure of residents and non-residents on the territory,_Z,Not applicable,_Z,Not applicable,_T,Total,XDC,National currency,V,Current prices,N,Non transformed data,T0117,Table 0117 - Final consumption expenditure of households by durability,2020,,114766,,,,F,Free (free for publication),1,One,A,Normal value,6,Millions,EUR,Euro
DATAFLOW,OECD.SDD.NAD:DSD_NAMAIN10@DF_TABLE5_T501(1.0),Annual household final consumption expenditure by purpose (COICOP),I,A,Annual,FIN,Finland,S14,Households,S1,Total economy,P31DC,Final consumption expenditure of residents and non-residents on the territory,_Z,Not applicable,_Z,Not applicable,_T,Total,XDC,National currency,V,Current prices,N,Non transformed data,T0117,Table 0117 - Final consumption expenditure of households by durability,2021,,121178,,,,F,Free (free for publication),1,One,A,Normal value,6,Millions,EUR,Euro
DATAFLOW,OECD.SDD.NAD:DSD_NAMAIN10@DF_TABLE5_T501(1.0),Annual household final consumption expenditure by purpose (COICOP),I,A,Annual,IRL,Ireland,S14,Households,S1,Total economy,P31DC,Final consumption expenditure of residents and non-residents on the territory,_Z,Not applicable,_Z,Not applicable,_T,Total,XDC,National currency,V,Current prices,N,Non transformed data,T0117,Table 0117 - Final consumption expenditure of households by durability,1995,,28482.238,,,,F,Free (free for publication),1,One,A,Normal value,6,Millions,EUR,Euro
DATAFLOW,OECD.SDD.NAD:DSD_NAMAIN10@DF_TABLE5_T501(1.0),Annual household final consumption expenditure by purpose (COICOP),I,A,Annual,IRL,Ireland,S14,Households,S1,Total economy,P31DC,Final consumption expenditure of residents and non-residents on the territory,_Z,Not applicable,_Z,Not applicable,_T,Total,XDC,National currency,V,Current prices,N,Non transformed data,T0117,Table 0117 - Final consumption expenditure of households by durability,1996,,31369.739,,,,F,Free (free for publication),1,One,A,Normal value,6,Millions,EUR,Euro
DATAFLOW,OECD.SDD.NAD:DSD_NAMAIN10@DF_TABLE5_T501(1.0),Annual household final consumption expenditure by purpose (COICOP),I,A,Annual,IRL,Ireland,S14,Households,S1,Total economy,P31DC,Final consumption expenditure of residents and non-residents on the territory,_Z,Not applicable,_Z,Not applicable,_T,Total,XDC,National currency,V,Current prices,N,Non transformed data,T0117,Table 0117 - Final consumption expenditure of households by durability,1997,,34404.603,,,,F,Free (free for publication),1,One,A,Normal value,6,Millions,EUR,Euro
DATAFLOW,OECD.SDD.NAD:DSD_NAMAIN10@DF_TABLE5_T501(1.0),Annual household final consumption expenditure by purpose (COICOP),I,A,Annual,IRL,Ireland,S14,Households,S1,Total economy,P31DC,Final consumption expenditure of residents and non-residents on the territory,_Z,Not applicable,_Z,Not applicable,_T,Total,XDC,National currency,V,Current prices,N,Non transformed data,T0117,Table 0117 - Final consumption expenditure of households by durability,1998,,38745.615,,,,F,Free (free for publication),1,One,A,Normal value,6,Millions,EUR,Euro
DATAFLOW,OECD.SDD.NAD:DSD_NAMAIN10@DF_TABLE5_T501(1.0),Annual household final consumption expenditure by purpose (COICOP),I,A,Annual,IRL,Ireland,S14,Households,S1,Total economy,P31DC,Final consumption expenditure of residents and non-residents on the territory,_Z,Not applicable,_Z,Not applicable,_T,Total,XDC,National currency,V,Current prices,N,Non transformed data,T0117,Table 0117 - Final consumption expenditure of households by durability,1999,,43353.916,,,,F,Free (free for publication),1,One,A,Normal value,6,Millions,EUR,Euro
DATAFLOW,OECD.SDD.NAD:DSD_NAMAIN10@DF_TABLE5_T501(1.0),Annual household final consumption expenditure by purpose (COICOP),I,A,Annual,IRL,Ireland,S14,Households,S1,Total economy,P31DC,Final consumption expenditure of residents and non-residents on the territory,_Z,Not applicable,_Z,Not applicable,_T,Total,XDC,National currency,V,Current prices,N,Non transformed data,T0117,Table 0117 - Final consumption expenditure of households by durability,2000,,50377.299,,,,F,Free (free for publication),1,One,A,Normal value,6,Millions,EUR,Euro
DATAFLOW,OECD.SDD.NAD:DSD_NAMAIN10@DF_TABLE5_T501(1.0),Annual household final consumption expenditure by purpose (COICOP),I,A,Annual,IRL,Ireland,S14,Households,S1,Total economy,P31DC,Final consumption expenditure of residents and non-residents on the territory,_Z,Not applicable,_Z,Not applicable,_T,Total,XDC,National currency,V,Current prices,N,Non transformed data,T0117,Table 0117 - Final consumption expenditure of households by durability,2001,,54816.814,,,,F,Free (free for publication),1,One,A,Normal value,6,Millions,EUR,Euro
DATAFLOW,OECD.SDD.NAD:DSD_NAMAIN10@DF_TABLE5_T501(1.0),Annual household final consumption expenditure by purpose (COICOP),I,A,Annual,IRL,Ireland,S14,Households,S1,Total economy,P31DC,Final consumption expenditure of residents and non-residents on the territory,_Z,Not applicable,_Z,Not applicable,_T,Total,XDC,National currency,V,Current prices,N,Non transformed data,T0117,Table 0117 - Final consumption expenditure of households by durability,2002,,59083.993,,,,F,Free (free for publication),1,One,A,Normal value,6,Millions,EUR,Euro
DATAFLOW,OECD.SDD.NAD:DSD_NAMAIN10@DF_TABLE5_T501(1.0),Annual household final consumption expenditure by purpose (COICOP),I,A,Annual,IRL,Ireland,S14,Households,S1,Total economy,P31DC,Final consumption expenditure of residents and non-residents on the territory,_Z,Not applicable,_Z,Not applicable,_T,Total,XDC,National currency,V,Current prices,N,Non transformed data,T0117,Table 0117 - Final consumption expenditure of households by durability,2003,,63042.183,,,,F,Free (free for publication),1,One,A,Normal value,6,Millions,EUR,Euro
DATAFLOW,OECD.SDD.NAD:DSD_NAMAIN10@DF_TABLE5_T501(1.0),Annual household final consumption expenditure by purpose (COICOP),I,A,Annual,IRL,Ireland,S14,Households,S1,Total economy,P31DC,Final consumption expenditure of residents and non-residents on the territory,_Z,Not applicable,_Z,Not applicable,_T,Total,XDC,National currency,V,Current prices,N,Non transformed data,T0117,Table 0117 - Final consumption expenditure of households by durability,2004,,66622.62,,,,F,Free (free for publication),1,One,A,Normal value,6,Millions,EUR,Euro
DATAFLOW,OECD.SDD.NAD:DSD_NAMAIN10@DF_TABLE5_T501(1.0),Annual household final consumption expenditure by purpose (COICOP),I,A,Annual,IRL,Ireland,S14,Households,S1,Total economy,P31DC,Final consumption expenditure of residents and non-residents on the territory,_Z,Not applicable,_Z,Not applicable,_T,Total,XDC,National currency,V,Current prices,N,Non transformed data,T0117,Table 0117 - Final consumption expenditure of households by durability,2005,,72220.105,,,,F,Free (free for publication),1,One,A,Normal value,6,Millions,EUR,Euro
DATAFLOW,OECD.SDD.NAD:DSD_NAMAIN10@DF_TABLE5_T501(1.0),Annual household final consumption expenditure by purpose (COICOP),I,A,Annual,IRL,Ireland,S14,Households,S1,Total economy,P31DC,Final consumption expenditure of residents and non-residents on the territory,_Z,Not applicable,_Z,Not applicable,_T,Total,XDC,National currency,V,Current prices,N,Non transformed data,T0117,Table 0117 - Final consumption expenditure of households by durability,2006,,78637.943,,,,F,Free (free for publication),1,One,A,Normal value,6,Millions,EUR,Euro
DATAFLOW,OECD.SDD.NAD:DSD_NAMAIN10@DF_TABLE5_T501(1.0),Annual household final consumption expenditure by purpose (COICOP),I,A,Annual,IRL,Ireland,S14,Households,S1,Total economy,P31DC,Final consumption expenditure of residents and non-residents on the territory,_Z,Not applicable,_Z,Not applicable,_T,Total,XDC,National currency,V,Current prices,N,Non transformed data,T0117,Table 0117 - Final consumption expenditure of households by durability,2007,,85752.182,,,,F,Free (free for publication),1,One,A,Normal value,6,Millions,EUR,Euro
DATAFLOW,OECD.SDD.NAD:DSD_NAMAIN10@DF_TABLE5_T501(1.0),Annual household final consumption expenditure by purpose (COICOP),I,A,Annual,IRL,Ireland,S14,Households,S1,Total economy,P31DC,Final consumption expenditure of residents and non-residents on the territory,_Z,Not applicable,_Z,Not applicable,_T,Total,XDC,National currency,V,Current prices,N,Non transformed data,T0117,Table 0117 - Final consumption expenditure of households by durability,2008,,86454.742,,,,F,Free (free for publication),1,One,A,Normal value,6,Millions,EUR,Euro
DATAFLOW,OECD.SDD.NAD:DSD_NAMAIN10@DF_TABLE5_T501(1.0),Annual household final consumption expenditure by purpose (COICOP),I,A,Annual,IRL,Ireland,S14,Households,S1,Total economy,P31DC,Final consumption expenditure of residents and non-residents on the territory,_Z,Not applicable,_Z,Not applicable,_T,Total,XDC,National currency,V,Current prices,N,Non transformed data,T0117,Table 0117 - Final consumption expenditure of households by durability,2009,,76384.882,,,,F,Free (free for publication),1,One,A,Normal value,6,Millions,EUR,Euro
DATAFLOW,OECD.SDD.NAD:DSD_NAMAIN10@DF_TABLE5_T501(1.0),Annual household final consumption expenditure by purpose (COICOP),I,A,Annual,IRL,Ireland,S14,Households,S1,Total economy,P31DC,Final consumption expenditure of residents and non-residents on the territory,_Z,Not applicable,_Z,Not applicable,_T,Total,XDC,National currency,V,Current prices,N,Non transformed data,T0117,Table 0117 - Final consumption expenditure of households by durability,2010,,75088.501,,,,F,Free (free for publication),1,One,A,Normal value,6,Millions,EUR,Euro
DATAFLOW,OECD.SDD.NAD:DSD_NAMAIN10@DF_TABLE5_T501(1.0),Annual household final consumption expenditure by purpose (COICOP),I,A,Annual,IRL,Ireland,S14,Households,S1,Total economy,P31DC,Final consumption expenditure of residents and non-residents on the territory,_Z,Not applicable,_Z,Not applicable,_T,Total,XDC,National currency,V,Current prices,N,Non transformed data,T0117,Table 0117 - Final consumption expenditure of households by durability,2011,,75194.847,,,,F,Free (free for publication),1,One,A,Normal value,6,Millions,EUR,Euro
DATAFLOW,OECD.SDD.NAD:DSD_NAMAIN10@DF_TABLE5_T501(1.0),Annual household final consumption expenditure by purpose (COICOP),I,A,Annual,IRL,Ireland,S14,Households,S1,Total economy,P31DC,Final consumption expenditure of residents and non-residents on the territory,_Z,Not applicable,_Z,Not applicable,_T,Total,XDC,National currency,V,Current prices,N,Non transformed data,T0117,Table 0117 - Final consumption expenditure of households by durability,2012,,75888.469,,,,F,Free (free for publication),1,One,A,Normal value,6,Millions,EUR,Euro
DATAFLOW,OECD.SDD.NAD:DSD_NAMAIN10@DF_TABLE5_T501(1.0),Annual household final consumption expenditure by purpose (COICOP),I,A,Annual,IRL,Ireland,S14,Households,S1,Total economy,P31DC,Final consumption expenditure of residents and non-residents on the territory,_Z,Not applicable,_Z,Not applicable,_T,Total,XDC,National currency,V,Current prices,N,Non transformed data,T0117,Table 0117 - Final consumption expenditure of households by durability,2013,,77737.975,,,,F,Free (free for publication),1,One,A,Normal value,6,Millions,EUR,Euro
DATAFLOW,OECD.SDD.NAD:DSD_NAMAIN10@DF_TABLE5_T501(1.0),Annual household final consumption expenditure by purpose (COICOP),I,A,Annual,IRL,Ireland,S14,Households,S1,Total economy,P31DC,Final consumption expenditure of residents and non-residents on the territory,_Z,Not applicable,_Z,Not applicable,_T,Total,XDC,National currency,V,Current prices,N,Non transformed data,T0117,Table 0117 - Final consumption expenditure of households by durability,2014,,80762.73,,,,F,Free (free for publication),1,One,A,Normal value,6,Millions,EUR,Euro
DATAFLOW,OECD.SDD.NAD:DSD_NAMAIN10@DF_TABLE5_T501(1.0),Annual household final consumption expenditure by purpose (COICOP),I,A,Annual,IRL,Ireland,S14,Households,S1,Total economy,P31DC,Final consumption expenditure of residents and non-residents on the territory,_Z,Not applicable,_Z,Not applicable,_T,Total,XDC,National currency,V,Current prices,N,Non transformed data,T0117,Table 0117 - Final consumption expenditure of households by durability,2015,,84470.501,,,,F,Free (free for publication),1,One,A,Normal value,6,Millions,EUR,Euro
DATAFLOW,OECD.SDD.NAD:DSD_NAMAIN10@DF_TABLE5_T501(1.0),Annual household final consumption expenditure by purpose (COICOP),I,A,Annual,IRL,Ireland,S14,Households,S1,Total economy,P31DC,Final consumption expenditure of residents and non-residents on the territory,_Z,Not applicable,_Z,Not applicable,_T,Total,XDC,National currency,V,Current prices,N,Non transformed data,T0117,Table 0117 - Final consumption expenditure of households by durability,2016,,89080.417,,,,F,Free (free for publication),1,One,A,Normal value,6,Millions,EUR,Euro
DATAFLOW,OECD.SDD.NAD:DSD_NAMAIN10@DF_TABLE5_T501(1.0),Annual household final consumption expenditure by purpose (COICOP),I,A,Annual,IRL,Ireland,S14,Households,S1,Total economy,P31DC,Final consumption expenditure of residents and non-residents on the territory,_Z,Not applicable,_Z,Not applicable,_T,Total,XDC,National currency,V,Current prices,N,Non transformed data,T0117,Table 0117 - Final consumption expenditure of households by durability,2017,,92862.023,,,,F,Free (free for publication),1,One,A,Normal value,6,Millions,EUR,Euro
DATAFLOW,OECD.SDD.NAD:DSD_NAMAIN10@DF_TABLE5_T501(1.0),Annual household final consumption expenditure by purpose (COICOP),I,A,Annual,IRL,Ireland,S14,Households,S1,Total economy,P31DC,Final consumption expenditure of residents and non-residents on the territory,_Z,Not applicable,_Z,Not applicable,_T,Total,XDC,National currency,V,Current prices,N,Non transformed data,T0117,Table 0117 - Final consumption expenditure of households by durability,2018,,98016.038,,,,F,Free (free for publication),1,One,A,Normal value,6,Millions,EUR,Euro
DATAFLOW,OECD.SDD.NAD:DSD_NAMAIN10@DF_TABLE5_T501(1.0),Annual household final consumption expenditure by purpose (COICOP),I,A,Annual,IRL,Ireland,S14,Households,S1,Total economy,P31DC,Final consumption expenditure of residents and non-residents on the territory,_Z,Not applicable,_Z,Not applicable,_T,Total,XDC,National currency,V,Current prices,N,Non transformed data,T0117,Table 0117 - Final consumption expenditure of households by durability,2019,,101979.04,,,,F,Free (free for publication),1,One,A,Normal value,6,Millions,EUR,Euro
DATAFLOW,OECD.SDD.NAD:DSD_NAMAIN10@DF_TABLE5_T501(1.0),Annual household final consumption expenditure by purpose (COICOP),I,A,Annual,IRL,Ireland,S14,Households,S1,Total economy,P31DC,Final consumption expenditure of residents and non-residents on the territory,_Z,Not applicable,_Z,Not applicable,_T,Total,XDC,National currency,V,Current prices,N,Non transformed data,T0117,Table 0117 - Final consumption expenditure of households by durability,2020,,92505.349,,,,F,Free (free for publication),1,One,A,Normal value,6,Millions,EUR,Euro
DATAFLOW,OECD.SDD.NAD:DSD_NAMAIN10@DF_TABLE5_T501(1.0),Annual household final consumption expenditure by purpose (COICOP),I,A,Annual,IRL,Ireland,S14,Households,S1,Total economy,P31DC,Final consumption expenditure of residents and non-residents on the territory,_Z,Not applicable,_Z,Not applicable,_T,Total,XDC,National currency,V,Current prices,N,Non transformed data,T0117,Table 0117 - Final consumption expenditure of households by durability,2021,,104199.79,,,,F,Free (free for publication),1,One,A,Normal value,6,Millions,EUR,Euro
DATAFLOW,OECD.SDD.NAD:DSD_NAMAIN10@DF_TABLE5_T501(1.0),Annual household final consumption expenditure by purpose (COICOP),I,A,Annual,IRL,Ireland,S14,Households,S1,Total economy,P31DC,Final consumption expenditure of residents and non-residents on the territory,_Z,Not applicable,_Z,Not applicable,_T,Total,XDC,National currency,V,Current prices,N,Non transformed data,T0117,Table 0117 - Final consumption expenditure of households by durability,2022,,122915.053,,,,F,Free (free for publication),1,One,A,Normal value,6,Millions,EUR,Euro
DATAFLOW,OECD.SDD.NAD:DSD_NAMAIN10@DF_TABLE5_T501(1.0),Annual household final consumption expenditure by purpose (COICOP),I,A,Annual,IRL,Ireland,S14,Households,S1,Total economy,P31DC,Final consumption expenditure of residents and non-residents on the territory,_Z,Not applicable,_Z,Not applicable,_T,Total,XDC,National currency,V,Current prices,N,Non transformed data,T0117,Table 0117 - Final consumption expenditure of households by durability,2023,,136200.136,,,,F,Free (free for publication),1,One,A,Normal value,6,Millions,EUR,Euro
DATAFLOW,OECD.SDD.NAD:DSD_NAMAIN10@DF_TABLE5_T501(1.0),Annual household final consumption expenditure by purpose (COICOP),I,A,Annual,LTU,Lithuania,S14,Households,S1,Total economy,P31DC,Final consumption expenditure of residents and non-residents on the territory,_Z,Not applicable,_Z,Not applicable,_T,Total,XDC,National currency,V,Current prices,N,Non transformed data,T0117,Table 0117 - Final consumption expenditure of households by durability,1995,,5012.004,,,,F,Free (free for publication),1,One,A,Normal value,6,Millions,EUR,Euro
DATAFLOW,OECD.SDD.NAD:DSD_NAMAIN10@DF_TABLE5_T501(1.0),Annual household final consumption expenditure by purpose (COICOP),I,A,Annual,LTU,Lithuania,S14,Households,S1,Total economy,P31DC,Final consumption expenditure of residents and non-residents on the territory,_Z,Not applicable,_Z,Not applicable,_T,Total,XDC,National currency,V,Current prices,N,Non transformed data,T0117,Table 0117 - Final consumption expenditure of households by durability,1996,,6377.445,,,,F,Free (free for publication),1,One,A,Normal value,6,Millions,EUR,Euro
DATAFLOW,OECD.SDD.NAD:DSD_NAMAIN10@DF_TABLE5_T501(1.0),Annual household final consumption expenditure by purpose (COICOP),I,A,Annual,LTU,Lithuania,S14,Households,S1,Total economy,P31DC,Final consumption expenditure of residents and non-residents on the territory,_Z,Not applicable,_Z,Not applicable,_T,Total,XDC,National currency,V,Current prices,N,Non transformed data,T0117,Table 0117 - Final consumption expenditure of households by durability,1997,,7316.089,,,,F,Free (free for publication),1,One,A,Normal value,6,Millions,EUR,Euro
DATAFLOW,OECD.SDD.NAD:DSD_NAMAIN10@DF_TABLE5_T501(1.0),Annual household final consumption expenditure by purpose (COICOP),I,A,Annual,LTU,Lithuania,S14,Households,S1,Total economy,P31DC,Final consumption expenditure of residents and non-residents on the territory,_Z,Not applicable,_Z,Not applicable,_T,Total,XDC,National currency,V,Current prices,N,Non transformed data,T0117,Table 0117 - Final consumption expenditure of households by durability,1998,,8216.168,,,,F,Free (free for publication),1,One,A,Normal value,6,Millions,EUR,Euro
DATAFLOW,OECD.SDD.NAD:DSD_NAMAIN10@DF_TABLE5_T501(1.0),Annual household final consumption expenditure by purpose (COICOP),I,A,Annual,LTU,Lithuania,S14,Households,S1,Total economy,P31DC,Final consumption expenditure of residents and non-residents on the territory,_Z,Not applicable,_Z,Not applicable,_T,Total,XDC,National currency,V,Current prices,N,Non transformed data,T0117,Table 0117 - Final consumption expenditure of households by durability,1999,,8531.393,,,,F,Free (free for publication),1,One,A,Normal value,6,Millions,EUR,Euro
DATAFLOW,OECD.SDD.NAD:DSD_NAMAIN10@DF_TABLE5_T501(1.0),Annual household final consumption expenditure by purpose (COICOP),I,A,Annual,LTU,Lithuania,S14,Households,S1,Total economy,P31DC,Final consumption expenditure of residents and non-residents on the territory,_Z,Not applicable,_Z,Not applicable,_T,Total,XDC,National currency,V,Current prices,N,Non transformed data,T0117,Table 0117 - Final consumption expenditure of households by durability,2000,,8736.687,,,,F,Free (free for publication),1,One,A,Normal value,6,Millions,EUR,Euro
DATAFLOW,OECD.SDD.NAD:DSD_NAMAIN10@DF_TABLE5_T501(1.0),Annual household final consumption expenditure by purpose (COICOP),I,A,Annual,LTU,Lithuania,S14,Households,S1,Total economy,P31DC,Final consumption expenditure of residents and non-residents on the territory,_Z,Not applicable,_Z,Not applicable,_T,Total,XDC,National currency,V,Current prices,N,Non transformed data,T0117,Table 0117 - Final consumption expenditure of households by durability,2001,,9349.473,,,,F,Free (free for publication),1,One,A,Normal value,6,Millions,EUR,Euro
DATAFLOW,OECD.SDD.NAD:DSD_NAMAIN10@DF_TABLE5_T501(1.0),Annual household final consumption expenditure by purpose (COICOP),I,A,Annual,LTU,Lithuania,S14,Households,S1,Total economy,P31DC,Final consumption expenditure of residents and non-residents on the territory,_Z,Not applicable,_Z,Not applicable,_T,Total,XDC,National currency,V,Current prices,N,Non transformed data,T0117,Table 0117 - Final consumption expenditure of households by durability,2002,,9896.4,,,,F,Free (free for publication),1,One,A,Normal value,6,Millions,EUR,Euro
DATAFLOW,OECD.SDD.NAD:DSD_NAMAIN10@DF_TABLE5_T501(1.0),Annual household final consumption expenditure by purpose (COICOP),I,A,Annual,LTU,Lithuania,S14,Households,S1,Total economy,P31DC,Final consumption expenditure of residents and non-residents on the territory,_Z,Not applicable,_Z,Not applicable,_T,Total,XDC,National currency,V,Current prices,N,Non transformed data,T0117,Table 0117 - Final consumption expenditure of households by durability,2003,,10802.098,,,,F,Free (free for publication),1,One,A,Normal value,6,Millions,EUR,Euro
DATAFLOW,OECD.SDD.NAD:DSD_NAMAIN10@DF_TABLE5_T501(1.0),Annual household final consumption expenditure by purpose (COICOP),I,A,Annual,LTU,Lithuania,S14,Households,S1,Total economy,P31DC,Final consumption expenditure of residents and non-residents on the territory,_Z,Not applicable,_Z,Not applicable,_T,Total,XDC,National currency,V,Current prices,N,Non transformed data,T0117,Table 0117 - Final consumption expenditure of households by durability,2004,,11915.794,,,,F,Free (free for publication),1,One,A,Normal value,6,Millions,EUR,Euro
DATAFLOW,OECD.SDD.NAD:DSD_NAMAIN10@DF_TABLE5_T501(1.0),Annual household final consumption expenditure by purpose (COICOP),I,A,Annual,LTU,Lithuania,S14,Households,S1,Total economy,P31DC,Final consumption expenditure of residents and non-residents on the territory,_Z,Not applicable,_Z,Not applicable,_T,Total,XDC,National currency,V,Current prices,N,Non transformed data,T0117,Table 0117 - Final consumption expenditure of households by durability,2005,,13623.754,,,,F,Free (free for publication),1,One,A,Normal value,6,Millions,EUR,Euro
DATAFLOW,OECD.SDD.NAD:DSD_NAMAIN10@DF_TABLE5_T501(1.0),Annual household final consumption expenditure by purpose (COICOP),I,A,Annual,LTU,Lithuania,S14,Households,S1,Total economy,P31DC,Final consumption expenditure of residents and non-residents on the territory,_Z,Not applicable,_Z,Not applicable,_T,Total,XDC,National currency,V,Current prices,N,Non transformed data,T0117,Table 0117 - Final consumption expenditure of households by durability,2006,,15452.998,,,,F,Free (free for publication),1,One,A,Normal value,6,Millions,EUR,Euro
DATAFLOW,OECD.SDD.NAD:DSD_NAMAIN10@DF_TABLE5_T501(1.0),Annual household final consumption expenditure by purpose (COICOP),I,A,Annual,LTU,Lithuania,S14,Households,S1,Total economy,P31DC,Final consumption expenditure of residents and non-residents on the territory,_Z,Not applicable,_Z,Not applicable,_T,Total,XDC,National currency,V,Current prices,N,Non transformed data,T0117,Table 0117 - Final consumption expenditure of households by durability,2007,,18145.547,,,,F,Free (free for publication),1,One,A,Normal value,6,Millions,EUR,Euro
DATAFLOW,OECD.SDD.NAD:DSD_NAMAIN10@DF_TABLE5_T501(1.0),Annual household final consumption expenditure by purpose (COICOP),I,A,Annual,LTU,Lithuania,S14,Households,S1,Total economy,P31DC,Final consumption expenditure of residents and non-residents on the territory,_Z,Not applicable,_Z,Not applicable,_T,Total,XDC,National currency,V,Current prices,N,Non transformed data,T0117,Table 0117 - Final consumption expenditure of households by durability,2008,,20738.488,,,,F,Free (free for publication),1,One,A,Normal value,6,Millions,EUR,Euro
DATAFLOW,OECD.SDD.NAD:DSD_NAMAIN10@DF_TABLE5_T501(1.0),Annual household final consumption expenditure by purpose (COICOP),I,A,Annual,LTU,Lithuania,S14,Households,S1,Total economy,P31DC,Final consumption expenditure of residents and non-residents on the territory,_Z,Not applicable,_Z,Not applicable,_T,Total,XDC,National currency,V,Current prices,N,Non transformed data,T0117,Table 0117 - Final consumption expenditure of households by durability,2009,,17966.78,,,,F,Free (free for publication),1,One,A,Normal value,6,Millions,EUR,Euro
DATAFLOW,OECD.SDD.NAD:DSD_NAMAIN10@DF_TABLE5_T501(1.0),Annual household final consumption expenditure by purpose (COICOP),I,A,Annual,LTU,Lithuania,S14,Households,S1,Total economy,P31DC,Final consumption expenditure of residents and non-residents on the territory,_Z,Not applicable,_Z,Not applicable,_T,Total,XDC,National currency,V,Current prices,N,Non transformed data,T0117,Table 0117 - Final consumption expenditure of households by durability,2010,,17648.61,,,,F,Free (free for publication),1,One,A,Normal value,6,Millions,EUR,Euro
DATAFLOW,OECD.SDD.NAD:DSD_NAMAIN10@DF_TABLE5_T501(1.0),Annual household final consumption expenditure by purpose (COICOP),I,A,Annual,LTU,Lithuania,S14,Households,S1,Total economy,P31DC,Final consumption expenditure of residents and non-residents on the territory,_Z,Not applicable,_Z,Not applicable,_T,Total,XDC,National currency,V,Current prices,N,Non transformed data,T0117,Table 0117 - Final consumption expenditure of households by durability,2011,,19314.586,,,,F,Free (free for publication),1,One,A,Normal value,6,Millions,EUR,Euro
DATAFLOW,OECD.SDD.NAD:DSD_NAMAIN10@DF_TABLE5_T501(1.0),Annual household final consumption expenditure by purpose (COICOP),I,A,Annual,LTU,Lithuania,S14,Households,S1,Total economy,P31DC,Final consumption expenditure of residents and non-residents on the territory,_Z,Not applicable,_Z,Not applicable,_T,Total,XDC,National currency,V,Current prices,N,Non transformed data,T0117,Table 0117 - Final consumption expenditure of households by durability,2012,,20528.984,,,,F,Free (free for publication),1,One,A,Normal value,6,Millions,EUR,Euro
DATAFLOW,OECD.SDD.NAD:DSD_NAMAIN10@DF_TABLE5_T501(1.0),Annual household final consumption expenditure by purpose (COICOP),I,A,Annual,LTU,Lithuania,S14,Households,S1,Total economy,P31DC,Final consumption expenditure of residents and non-residents on the territory,_Z,Not applicable,_Z,Not applicable,_T,Total,XDC,National currency,V,Current prices,N,Non transformed data,T0117,Table 0117 - Final consumption expenditure of households by durability,2013,,21377.778,,,,F,Free (free for publication),1,One,A,Normal value,6,Millions,EUR,Euro
DATAFLOW,OECD.SDD.NAD:DSD_NAMAIN10@DF_TABLE5_T501(1.0),Annual household final consumption expenditure by purpose (COICOP),I,A,Annual,LTU,Lithuania,S14,Households,S1,Total economy,P31DC,Final consumption expenditure of residents and non-residents on the territory,_Z,Not applicable,_Z,Not applicable,_T,Total,XDC,National currency,V,Current prices,N,Non transformed data,T0117,Table 0117 - Final consumption expenditure of households by durability,2014,,22241.008,,,,F,Free (free for publication),1,One,A,Normal value,6,Millions,EUR,Euro
DATAFLOW,OECD.SDD.NAD:DSD_NAMAIN10@DF_TABLE5_T501(1.0),Annual household final consumption expenditure by purpose (COICOP),I,A,Annual,LTU,Lithuania,S14,Households,S1,Total economy,P31DC,Final consumption expenditure of residents and non-residents on the territory,_Z,Not applicable,_Z,Not applicable,_T,Total,XDC,National currency,V,Current prices,N,Non transformed data,T0117,Table 0117 - Final consumption expenditure of households by durability,2015,,22937.62,,,,F,Free (free for publication),1,One,A,Normal value,6,Millions,EUR,Euro
DATAFLOW,OECD.SDD.NAD:DSD_NAMAIN10@DF_TABLE5_T501(1.0),Annual household final consumption expenditure by purpose (COICOP),I,A,Annual,LTU,Lithuania,S14,Households,S1,Total economy,P31DC,Final consumption expenditure of residents and non-residents on the territory,_Z,Not applicable,_Z,Not applicable,_T,Total,XDC,National currency,V,Current prices,N,Non transformed data,T0117,Table 0117 - Final consumption expenditure of households by durability,2016,,24056.804,,,,F,Free (free for publication),1,One,A,Normal value,6,Millions,EUR,Euro
DATAFLOW,OECD.SDD.NAD:DSD_NAMAIN10@DF_TABLE5_T501(1.0),Annual household final consumption expenditure by purpose (COICOP),I,A,Annual,LTU,Lithuania,S14,Households,S1,Total economy,P31DC,Final consumption expenditure of residents and non-residents on the territory,_Z,Not applicable,_Z,Not applicable,_T,Total,XDC,National currency,V,Current prices,N,Non transformed data,T0117,Table 0117 - Final consumption expenditure of households by durability,2017,,25725.439,,,,F,Free (free for publication),1,One,A,Normal value,6,Millions,EUR,Euro
DATAFLOW,OECD.SDD.NAD:DSD_NAMAIN10@DF_TABLE5_T501(1.0),Annual household final consumption expenditure by purpose (COICOP),I,A,Annual,LTU,Lithuania,S14,Households,S1,Total economy,P31DC,Final consumption expenditure of residents and non-residents on the territory,_Z,Not applicable,_Z,Not applicable,_T,Total,XDC,National currency,V,Current prices,N,Non transformed data,T0117,Table 0117 - Final consumption expenditure of households by durability,2018,,27319.189,,,,F,Free (free for publication),1,One,A,Normal value,6,Millions,EUR,Euro
DATAFLOW,OECD.SDD.NAD:DSD_NAMAIN10@DF_TABLE5_T501(1.0),Annual household final consumption expenditure by purpose (COICOP),I,A,Annual,LTU,Lithuania,S14,Households,S1,Total economy,P31DC,Final consumption expenditure of residents and non-residents on the territory,_Z,Not applicable,_Z,Not applicable,_T,Total,XDC,National currency,V,Current prices,N,Non transformed data,T0117,Table 0117 - Final consumption expenditure of households by durability,2019,,28656.411,,,,F,Free (free for publication),1,One,A,Normal value,6,Millions,EUR,Euro
DATAFLOW,OECD.SDD.NAD:DSD_NAMAIN10@DF_TABLE5_T501(1.0),Annual household final consumption expenditure by purpose (COICOP),I,A,Annual,SVN,Slovenia,S14,Households,S1,Total economy,P31DC,Final consumption expenditure of residents and non-residents on the territory,_Z,Not applicable,_Z,Not applicable,_T,Total,XDC,National currency,V,Current prices,N,Non transformed data,T0117,Table 0117 - Final consumption expenditure of households by durability,1995,,6377.765,,,,F,Free (free for publication),1,One,A,Normal value,6,Millions,EUR,Euro
DATAFLOW,OECD.SDD.NAD:DSD_NAMAIN10@DF_TABLE5_T501(1.0),Annual household final consumption expenditure by purpose (COICOP),I,A,Annual,SVN,Slovenia,S14,Households,S1,Total economy,P31DC,Final consumption expenditure of residents and non-residents on the territory,_Z,Not applicable,_Z,Not applicable,_T,Total,XDC,National currency,V,Current prices,N,Non transformed data,T0117,Table 0117 - Final consumption expenditure of households by durability,1996,,7349.521,,,,F,Free (free for publication),1,One,A,Normal value,6,Millions,EUR,Euro
DATAFLOW,OECD.SDD.NAD:DSD_NAMAIN10@DF_TABLE5_T501(1.0),Annual household final consumption expenditure by purpose (COICOP),I,A,Annual,SVN,Slovenia,S14,Households,S1,Total economy,P31DC,Final consumption expenditure of residents and non-residents on the territory,_Z,Not applicable,_Z,Not applicable,_T,Total,XDC,National currency,V,Current prices,N,Non transformed data,T0117,Table 0117 - Final consumption expenditure of households by durability,1997,,8256.33,,,,F,Free (free for publication),1,One,A,Normal value,6,Millions,EUR,Euro
DATAFLOW,OECD.SDD.NAD:DSD_NAMAIN10@DF_TABLE5_T501(1.0),Annual household final consumption expenditure by purpose (COICOP),I,A,Annual,SVN,Slovenia,S14,Households,S1,Total economy,P31DC,Final consumption expenditure of residents and non-residents on the territory,_Z,Not applicable,_Z,Not applicable,_T,Total,XDC,National currency,V,Current prices,N,Non transformed data,T0117,Table 0117 - Final consumption expenditure of households by durability,1998,,8980.509,,,,F,Free (free for publication),1,One,A,Normal value,6,Millions,EUR,Euro
DATAFLOW,OECD.SDD.NAD:DSD_NAMAIN10@DF_TABLE5_T501(1.0),Annual household final consumption expenditure by purpose (COICOP),I,A,Annual,SVN,Slovenia,S14,Households,S1,Total economy,P31DC,Final consumption expenditure of residents and non-residents on the territory,_Z,Not applicable,_Z,Not applicable,_T,Total,XDC,National currency,V,Current prices,N,Non transformed data,T0117,Table 0117 - Final consumption expenditure of households by durability,1999,,10075.928,,,,F,Free (free for publication),1,One,A,Normal value,6,Millions,EUR,Euro
DATAFLOW,OECD.SDD.NAD:DSD_NAMAIN10@DF_TABLE5_T501(1.0),Annual household final consumption expenditure by purpose (COICOP),I,A,Annual,SVN,Slovenia,S14,Households,S1,Total economy,P31DC,Final consumption expenditure of residents and non-residents on the territory,_Z,Not applicable,_Z,Not applicable,_T,Total,XDC,National currency,V,Current prices,N,Non transformed data,T0117,Table 0117 - Final consumption expenditure of households by durability,2000,,10911.914,,,,F,Free (free for publication),1,One,A,Normal value,6,Millions,EUR,Euro
DATAFLOW,OECD.SDD.NAD:DSD_NAMAIN10@DF_TABLE5_T501(1.0),Annual household final consumption expenditure by purpose (COICOP),I,A,Annual,SVN,Slovenia,S14,Households,S1,Total economy,P31DC,Final consumption expenditure of residents and non-residents on the territory,_Z,Not applicable,_Z,Not applicable,_T,Total,XDC,National currency,V,Current prices,N,Non transformed data,T0117,Table 0117 - Final consumption expenditure of households by durability,2001,,12103.711,,,,F,Free (free for publication),1,One,A,Normal value,6,Millions,EUR,Euro
DATAFLOW,OECD.SDD.NAD:DSD_NAMAIN10@DF_TABLE5_T501(1.0),Annual household final consumption expenditure by purpose (COICOP),I,A,Annual,SVN,Slovenia,S14,Households,S1,Total economy,P31DC,Final consumption expenditure of residents and non-residents on the territory,_Z,Not applicable,_Z,Not applicable,_T,Total,XDC,National currency,V,Current prices,N,Non transformed data,T0117,Table 0117 - Final consumption expenditure of households by durability,2002,,13305.435,,,,F,Free (free for publication),1,One,A,Normal value,6,Millions,EUR,Euro
DATAFLOW,OECD.SDD.NAD:DSD_NAMAIN10@DF_TABLE5_T501(1.0),Annual household final consumption expenditure by purpose (COICOP),I,A,Annual,SVN,Slovenia,S14,Households,S1,Total economy,P31DC,Final consumption expenditure of residents and non-residents on the territory,_Z,Not applicable,_Z,Not applicable,_T,Total,XDC,National currency,V,Current prices,N,Non transformed data,T0117,Table 0117 - Final consumption expenditure of households by durability,2003,,14473.458,,,,F,Free (free for publication),1,One,A,Normal value,6,Millions,EUR,Euro
DATAFLOW,OECD.SDD.NAD:DSD_NAMAIN10@DF_TABLE5_T501(1.0),Annual household final consumption expenditure by purpose (COICOP),I,A,Annual,SVN,Slovenia,S14,Households,S1,Total economy,P31DC,Final consumption expenditure of residents and non-residents on the territory,_Z,Not applicable,_Z,Not applicable,_T,Total,XDC,National currency,V,Current prices,N,Non transformed data,T0117,Table 0117 - Final consumption expenditure of households by durability,2004,,15350.328,,,,F,Free (free for publication),1,One,A,Normal value,6,Millions,EUR,Euro
DATAFLOW,OECD.SDD.NAD:DSD_NAMAIN10@DF_TABLE5_T501(1.0),Annual household final consumption expenditure by purpose (COICOP),I,A,Annual,SVN,Slovenia,S14,Households,S1,Total economy,P31DC,Final consumption expenditure of residents and non-residents on the territory,_Z,Not applicable,_Z,Not applicable,_T,Total,XDC,National currency,V,Current prices,N,Non transformed data,T0117,Table 0117 - Final consumption expenditure of households by durability,2005,,16231.154,,,,F,Free (free for publication),1,One,A,Normal value,6,Millions,EUR,Euro
DATAFLOW,OECD.SDD.NAD:DSD_NAMAIN10@DF_TABLE5_T501(1.0),Annual household final consumption expenditure by purpose (COICOP),I,A,Annual,SVN,Slovenia,S14,Households,S1,Total economy,P31DC,Final consumption expenditure of residents and non-residents on the territory,_Z,Not applicable,_Z,Not applicable,_T,Total,XDC,National currency,V,Current prices,N,Non transformed data,T0117,Table 0117 - Final consumption expenditure of households by durability,2006,,16837.128,,,,F,Free (free for publication),1,One,A,Normal value,6,Millions,EUR,Euro
DATAFLOW,OECD.SDD.NAD:DSD_NAMAIN10@DF_TABLE5_T501(1.0),Annual household final consumption expenditure by purpose (COICOP),I,A,Annual,SVN,Slovenia,S14,Households,S1,Total economy,P31DC,Final consumption expenditure of residents and non-residents on the territory,_Z,Not applicable,_Z,Not applicable,_T,Total,XDC,National currency,V,Current prices,N,Non transformed data,T0117,Table 0117 - Final consumption expenditure of households by durability,2007,,18660.587,,,,F,Free (free for publication),1,One,A,Normal value,6,Millions,EUR,Euro
DATAFLOW,OECD.SDD.NAD:DSD_NAMAIN10@DF_TABLE5_T501(1.0),Annual household final consumption expenditure by purpose (COICOP),I,A,Annual,SVN,Slovenia,S14,Households,S1,Total economy,P31DC,Final consumption expenditure of residents and non-residents on the territory,_Z,Not applicable,_Z,Not applicable,_T,Total,XDC,National currency,V,Current prices,N,Non transformed data,T0117,Table 0117 - Final consumption expenditure of households by durability,2008,,20238.33,,,,F,Free (free for publication),1,One,A,Normal value,6,Millions,EUR,Euro
DATAFLOW,OECD.SDD.NAD:DSD_NAMAIN10@DF_TABLE5_T501(1.0),Annual household final consumption expenditure by purpose (COICOP),I,A,Annual,SVN,Slovenia,S14,Households,S1,Total economy,P31DC,Final consumption expenditure of residents and non-residents on the territory,_Z,Not applicable,_Z,Not applicable,_T,Total,XDC,National currency,V,Current prices,N,Non transformed data,T0117,Table 0117 - Final consumption expenditure of households by durability,2009,,20609.041,,,,F,Free (free for publication),1,One,A,Normal value,6,Millions,EUR,Euro
DATAFLOW,OECD.SDD.NAD:DSD_NAMAIN10@DF_TABLE5_T501(1.0),Annual household final consumption expenditure by purpose (COICOP),I,A,Annual,SVN,Slovenia,S14,Households,S1,Total economy,P31DC,Final consumption expenditure of residents and non-residents on the territory,_Z,Not applicable,_Z,Not applicable,_T,Total,XDC,National currency,V,Current prices,N,Non transformed data,T0117,Table 0117 - Final consumption expenditure of households by durability,2010,,21248.311,,,,F,Free (free for publication),1,One,A,Normal value,6,Millions,EUR,Euro
DATAFLOW,OECD.SDD.NAD:DSD_NAMAIN10@DF_TABLE5_T501(1.0),Annual household final consumption expenditure by purpose (COICOP),I,A,Annual,SVN,Slovenia,S14,Households,S1,Total economy,P31DC,Final consumption expenditure of residents and non-residents on the territory,_Z,Not applicable,_Z,Not applicable,_T,Total,XDC,National currency,V,Current prices,N,Non transformed data,T0117,Table 0117 - Final consumption expenditure of households by durability,2011,,21759.987,,,,F,Free (free for publication),1,One,A,Normal value,6,Millions,EUR,Euro
DATAFLOW,OECD.SDD.NAD:DSD_NAMAIN10@DF_TABLE5_T501(1.0),Annual household final consumption expenditure by purpose (COICOP),I,A,Annual,SVN,Slovenia,S14,Households,S1,Total economy,P31DC,Final consumption expenditure of residents and non-residents on the territory,_Z,Not applicable,_Z,Not applicable,_T,Total,XDC,National currency,V,Current prices,N,Non transformed data,T0117,Table 0117 - Final consumption expenditure of households by durability,2012,,21758.542,,,,F,Free (free for publication),1,One,A,Normal value,6,Millions,EUR,Euro
DATAFLOW,OECD.SDD.NAD:DSD_NAMAIN10@DF_TABLE5_T501(1.0),Annual household final consumption expenditure by purpose (COICOP),I,A,Annual,SVN,Slovenia,S14,Households,S1,Total economy,P31DC,Final consumption expenditure of residents and non-residents on the territory,_Z,Not applicable,_Z,Not applicable,_T,Total,XDC,National currency,V,Current prices,N,Non transformed data,T0117,Table 0117 - Final consumption expenditure of households by durability,2013,,21383.211,,,,F,Free (free for publication),1,One,A,Normal value,6,Millions,EUR,Euro
DATAFLOW,OECD.SDD.NAD:DSD_NAMAIN10@DF_TABLE5_T501(1.0),Annual household final consumption expenditure by purpose (COICOP),I,A,Annual,SVN,Slovenia,S14,Households,S1,Total economy,P31DC,Final consumption expenditure of residents and non-residents on the territory,_Z,Not applicable,_Z,Not applicable,_T,Total,XDC,National currency,V,Current prices,N,Non transformed data,T0117,Table 0117 - Final consumption expenditure of households by durability,2014,,21645.686,,,,F,Free (free for publication),1,One,A,Normal value,6,Millions,EUR,Euro
DATAFLOW,OECD.SDD.NAD:DSD_NAMAIN10@DF_TABLE5_T501(1.0),Annual household final consumption expenditure by purpose (COICOP),I,A,Annual,SVN,Slovenia,S14,Households,S1,Total economy,P31DC,Final consumption expenditure of residents and non-residents on the territory,_Z,Not applicable,_Z,Not applicable,_T,Total,XDC,National currency,V,Current prices,N,Non transformed data,T0117,Table 0117 - Final consumption expenditure of households by durability,2015,,21989.903,,,,F,Free (free for publication),1,One,A,Normal value,6,Millions,EUR,Euro
DATAFLOW,OECD.SDD.NAD:DSD_NAMAIN10@DF_TABLE5_T501(1.0),Annual household final consumption expenditure by purpose (COICOP),I,A,Annual,SVN,Slovenia,S14,Households,S1,Total economy,P31DC,Final consumption expenditure of residents and non-residents on the territory,_Z,Not applicable,_Z,Not applicable,_T,Total,XDC,National currency,V,Current prices,N,Non transformed data,T0117,Table 0117 - Final consumption expenditure of households by durability,2016,,22863.667,,,,F,Free (free for publication),1,One,A,Normal value,6,Millions,EUR,Euro
DATAFLOW,OECD.SDD.NAD:DSD_NAMAIN10@DF_TABLE5_T501(1.0),Annual household final consumption expenditure by purpose (COICOP),I,A,Annual,SVN,Slovenia,S14,Households,S1,Total economy,P31DC,Final consumption expenditure of residents and non-residents on the territory,_Z,Not applicable,_Z,Not applicable,_T,Total,XDC,National currency,V,Current prices,N,Non transformed data,T0117,Table 0117 - Final consumption expenditure of households by durability,2017,,23741.413,,,,F,Free (free for publication),1,One,A,Normal value,6,Millions,EUR,Euro
DATAFLOW,OECD.SDD.NAD:DSD_NAMAIN10@DF_TABLE5_T501(1.0),Annual household final consumption expenditure by purpose (COICOP),I,A,Annual,SVN,Slovenia,S14,Households,S1,Total economy,P31DC,Final consumption expenditure of residents and non-residents on the territory,_Z,Not applicable,_Z,Not applicable,_T,Total,XDC,National currency,V,Current prices,N,Non transformed data,T0117,Table 0117 - Final consumption expenditure of households by durability,2018,,25064.188,,,,F,Free (free for publication),1,One,A,Normal value,6,Millions,EUR,Euro
DATAFLOW,OECD.SDD.NAD:DSD_NAMAIN10@DF_TABLE5_T501(1.0),Annual household final consumption expenditure by purpose (COICOP),I,A,Annual,SVN,Slovenia,S14,Households,S1,Total economy,P31DC,Final consumption expenditure of residents and non-residents on the territory,_Z,Not applicable,_Z,Not applicable,_T,Total,XDC,National currency,V,Current prices,N,Non transformed data,T0117,Table 0117 - Final consumption expenditure of households by durability,2019,,26738.051,,,,F,Free (free for publication),1,One,A,Normal value,6,Millions,EUR,Euro
DATAFLOW,OECD.SDD.NAD:DSD_NAMAIN10@DF_TABLE5_T501(1.0),Annual household final consumption expenditure by purpose (COICOP),I,A,Annual,SVN,Slovenia,S14,Households,S1,Total economy,P31DC,Final consumption expenditure of residents and non-residents on the territory,_Z,Not applicable,_Z,Not applicable,_T,Total,XDC,National currency,V,Current prices,N,Non transformed data,T0117,Table 0117 - Final consumption expenditure of households by durability,2020,,23764.864,,,,F,Free (free for publication),1,One,A,Normal value,6,Millions,EUR,Euro
DATAFLOW,OECD.SDD.NAD:DSD_NAMAIN10@DF_TABLE5_T501(1.0),Annual household final consumption expenditure by purpose (COICOP),I,A,Annual,SVN,Slovenia,S14,Households,S1,Total economy,P31DC,Final consumption expenditure of residents and non-residents on the territory,_Z,Not applicable,_Z,Not applicable,_T,Total,XDC,National currency,V,Current prices,N,Non transformed data,T0117,Table 0117 - Final consumption expenditure of households by durability,2021,,27174.32,,,,F,Free (free for publication),1,One,A,Normal value,6,Millions,EUR,Euro
DATAFLOW,OECD.SDD.NAD:DSD_NAMAIN10@DF_TABLE5_T501(1.0),Annual household final consumption expenditure by purpose (COICOP),I,A,Annual,SVN,Slovenia,S14,Households,S1,Total economy,P31DC,Final consumption expenditure of residents and non-residents on the territory,_Z,Not applicable,_Z,Not applicable,_T,Total,XDC,National currency,V,Current prices,N,Non transformed data,T0117,Table 0117 - Final consumption expenditure of households by durability,2022,,31689.171,,,,F,Free (free for publication),1,One,A,Normal value,6,Millions,EUR,Euro
DATAFLOW,OECD.SDD.NAD:DSD_NAMAIN10@DF_TABLE5_T501(1.0),Annual household final consumption expenditure by purpose (COICOP),I,A,Annual,SVK,Slovak Republic,S14,Households,S1,Total economy,P31DC,Final consumption expenditure of residents and non-residents on the territory,_Z,Not applicable,_Z,Not applicable,_T,Total,XDC,National currency,V,Current prices,N,Non transformed data,T0117,Table 0117 - Final consumption expenditure of households by durability,1995,,10403.626,,,,F,Free (free for publication),1,One,A,Normal value,6,Millions,EUR,Euro
DATAFLOW,OECD.SDD.NAD:DSD_NAMAIN10@DF_TABLE5_T501(1.0),Annual household final consumption expenditure by purpose (COICOP),I,A,Annual,SVK,Slovak Republic,S14,Households,S1,Total economy,P31DC,Final consumption expenditure of residents and non-residents on the territory,_Z,Not applicable,_Z,Not applicable,_T,Total,XDC,National currency,V,Current prices,N,Non transformed data,T0117,Table 0117 - Final consumption expenditure of households by durability,1996,,11481.568,,,,F,Free (free for publication),1,One,A,Normal value,6,Millions,EUR,Euro
DATAFLOW,OECD.SDD.NAD:DSD_NAMAIN10@DF_TABLE5_T501(1.0),Annual household final consumption expenditure by purpose (COICOP),I,A,Annual,SVK,Slovak Republic,S14,Households,S1,Total economy,P31DC,Final consumption expenditure of residents and non-residents on the territory,_Z,Not applicable,_Z,Not applicable,_T,Total,XDC,National currency,V,Current prices,N,Non transformed data,T0117,Table 0117 - Final consumption expenditure of households by durability,1997,,12462.618,,,,F,Free (free for publication),1,One,A,Normal value,6,Millions,EUR,Euro
DATAFLOW,OECD.SDD.NAD:DSD_NAMAIN10@DF_TABLE5_T501(1.0),Annual household final consumption expenditure by purpose (COICOP),I,A,Annual,SVK,Slovak Republic,S14,Households,S1,Total economy,P31DC,Final consumption expenditure of residents and non-residents on the territory,_Z,Not applicable,_Z,Not applicable,_T,Total,XDC,National currency,V,Current prices,N,Non transformed data,T0117,Table 0117 - Final consumption expenditure of households by durability,1998,,13716.943,,,,F,Free (free for publication),1,One,A,Normal value,6,Millions,EUR,Euro
DATAFLOW,OECD.SDD.NAD:DSD_NAMAIN10@DF_TABLE5_T501(1.0),Annual household final consumption expenditure by purpose (COICOP),I,A,Annual,SVK,Slovak Republic,S14,Households,S1,Total economy,P31DC,Final consumption expenditure of residents and non-residents on the territory,_Z,Not applicable,_Z,Not applicable,_T,Total,XDC,National currency,V,Current prices,N,Non transformed data,T0117,Table 0117 - Final consumption expenditure of households by durability,1999,,15117.727,,,,F,Free (free for publication),1,One,A,Normal value,6,Millions,EUR,Euro
DATAFLOW,OECD.SDD.NAD:DSD_NAMAIN10@DF_TABLE5_T501(1.0),Annual household final consumption expenditure by purpose (COICOP),I,A,Annual,SVK,Slovak Republic,S14,Households,S1,Total economy,P31DC,Final consumption expenditure of residents and non-residents on the territory,_Z,Not applicable,_Z,Not applicable,_T,Total,XDC,National currency,V,Current prices,N,Non transformed data,T0117,Table 0117 - Final consumption expenditure of households by durability,2000,,16833.206,,,,F,Free (free for publication),1,One,A,Normal value,6,Millions,EUR,Euro
DATAFLOW,OECD.SDD.NAD:DSD_NAMAIN10@DF_TABLE5_T501(1.0),Annual household final consumption expenditure by purpose (COICOP),I,A,Annual,SVK,Slovak Republic,S14,Households,S1,Total economy,P31DC,Final consumption expenditure of residents and non-residents on the territory,_Z,Not applicable,_Z,Not applicable,_T,Total,XDC,National currency,V,Current prices,N,Non transformed data,T0117,Table 0117 - Final consumption expenditure of households by durability,2001,,19068.219,,,,F,Free (free for publication),1,One,A,Normal value,6,Millions,EUR,Euro
DATAFLOW,OECD.SDD.NAD:DSD_NAMAIN10@DF_TABLE5_T501(1.0),Annual household final consumption expenditure by purpose (COICOP),I,A,Annual,SVK,Slovak Republic,S14,Households,S1,Total economy,P31DC,Final consumption expenditure of residents and non-residents on the territory,_Z,Not applicable,_Z,Not applicable,_T,Total,XDC,National currency,V,Current prices,N,Non transformed data,T0117,Table 0117 - Final consumption expenditure of households by durability,2002,,20551.423,,,,F,Free (free for publication),1,One,A,Normal value,6,Millions,EUR,Euro
DATAFLOW,OECD.SDD.NAD:DSD_NAMAIN10@DF_TABLE5_T501(1.0),Annual household final consumption expenditure by purpose (COICOP),I,A,Annual,SVK,Slovak Republic,S14,Households,S1,Total economy,P31DC,Final consumption expenditure of residents and non-residents on the territory,_Z,Not applicable,_Z,Not applicable,_T,Total,XDC,National currency,V,Current prices,N,Non transformed data,T0117,Table 0117 - Final consumption expenditure of households by durability,2003,,21956.182,,,,F,Free (free for publication),1,One,A,Normal value,6,Millions,EUR,Euro
DATAFLOW,OECD.SDD.NAD:DSD_NAMAIN10@DF_TABLE5_T501(1.0),Annual household final consumption expenditure by purpose (COICOP),I,A,Annual,SVK,Slovak Republic,S14,Households,S1,Total economy,P31DC,Final consumption expenditure of residents and non-residents on the territory,_Z,Not applicable,_Z,Not applicable,_T,Total,XDC,National currency,V,Current prices,N,Non transformed data,T0117,Table 0117 - Final consumption expenditure of households by durability,2004,,24965.799,,,,F,Free (free for publication),1,One,A,Normal value,6,Millions,EUR,Euro
DATAFLOW,OECD.SDD.NAD:DSD_NAMAIN10@DF_TABLE5_T501(1.0),Annual household final consumption expenditure by purpose (COICOP),I,A,Annual,SVK,Slovak Republic,S14,Households,S1,Total economy,P31DC,Final consumption expenditure of residents and non-residents on the territory,_Z,Not applicable,_Z,Not applicable,_T,Total,XDC,National currency,V,Current prices,N,Non transformed data,T0117,Table 0117 - Final consumption expenditure of households by durability,2005,,26763.027,,,,F,Free (free for publication),1,One,A,Normal value,6,Millions,EUR,Euro
DATAFLOW,OECD.SDD.NAD:DSD_NAMAIN10@DF_TABLE5_T501(1.0),Annual household final consumption expenditure by purpose (COICOP),I,A,Annual,SVK,Slovak Republic,S14,Households,S1,Total economy,P31DC,Final consumption expenditure of residents and non-residents on the territory,_Z,Not applicable,_Z,Not applicable,_T,Total,XDC,National currency,V,Current prices,N,Non transformed data,T0117,Table 0117 - Final consumption expenditure of households by durability,2006,,30191.22,,,,F,Free (free for publication),1,One,A,Normal value,6,Millions,EUR,Euro
DATAFLOW,OECD.SDD.NAD:DSD_NAMAIN10@DF_TABLE5_T501(1.0),Annual household final consumption expenditure by purpose (COICOP),I,A,Annual,SVK,Slovak Republic,S14,Households,S1,Total economy,P31DC,Final consumption expenditure of residents and non-residents on the territory,_Z,Not applicable,_Z,Not applicable,_T,Total,XDC,National currency,V,Current prices,N,Non transformed data,T0117,Table 0117 - Final consumption expenditure of households by durability,2007,,33377.414,,,,F,Free (free for publication),1,One,A,Normal value,6,Millions,EUR,Euro
DATAFLOW,OECD.SDD.NAD:DSD_NAMAIN10@DF_TABLE5_T501(1.0),Annual household final consumption expenditure by purpose (COICOP),I,A,Annual,SVK,Slovak Republic,S14,Households,S1,Total economy,P31DC,Final consumption expenditure of residents and non-residents on the territory,_Z,Not applicable,_Z,Not applicable,_T,Total,XDC,National currency,V,Current prices,N,Non transformed data,T0117,Table 0117 - Final consumption expenditure of households by durability,2008,,37179.594,,,,F,Free (free for publication),1,One,A,Normal value,6,Millions,EUR,Euro
DATAFLOW,OECD.SDD.NAD:DSD_NAMAIN10@DF_TABLE5_T501(1.0),Annual household final consumption expenditure by purpose (COICOP),I,A,Annual,SVK,Slovak Republic,S14,Households,S1,Total economy,P31DC,Final consumption expenditure of residents and non-residents on the territory,_Z,Not applicable,_Z,Not applicable,_T,Total,XDC,National currency,V,Current prices,N,Non transformed data,T0117,Table 0117 - Final consumption expenditure of households by durability,2009,,37022.8,,,,F,Free (free for publication),1,One,A,Normal value,6,Millions,EUR,Euro
DATAFLOW,OECD.SDD.NAD:DSD_NAMAIN10@DF_TABLE5_T501(1.0),Annual household final consumption expenditure by purpose (COICOP),I,A,Annual,SVK,Slovak Republic,S14,Households,S1,Total economy,P31DC,Final consumption expenditure of residents and non-residents on the territory,_Z,Not applicable,_Z,Not applicable,_T,Total,XDC,National currency,V,Current prices,N,Non transformed data,T0117,Table 0117 - Final consumption expenditure of households by durability,2010,,37809.01,,,,F,Free (free for publication),1,One,A,Normal value,6,Millions,EUR,Euro
DATAFLOW,OECD.SDD.NAD:DSD_NAMAIN10@DF_TABLE5_T501(1.0),Annual household final consumption expenditure by purpose (COICOP),I,A,Annual,SVK,Slovak Republic,S14,Households,S1,Total economy,P31DC,Final consumption expenditure of residents and non-residents on the territory,_Z,Not applicable,_Z,Not applicable,_T,Total,XDC,National currency,V,Current prices,N,Non transformed data,T0117,Table 0117 - Final consumption expenditure of households by durability,2011,,38482.223,,,,F,Free (free for publication),1,One,A,Normal value,6,Millions,EUR,Euro
DATAFLOW,OECD.SDD.NAD:DSD_NAMAIN10@DF_TABLE5_T501(1.0),Annual household final consumption expenditure by purpose (COICOP),I,A,Annual,SVK,Slovak Republic,S14,Households,S1,Total economy,P31DC,Final consumption expenditure of residents and non-residents on the territory,_Z,Not applicable,_Z,Not applicable,_T,Total,XDC,National currency,V,Current prices,N,Non transformed data,T0117,Table 0117 - Final consumption expenditure of households by durability,2012,,39953.755,,,,F,Free (free for publication),1,One,A,Normal value,6,Millions,EUR,Euro
DATAFLOW,OECD.SDD.NAD:DSD_NAMAIN10@DF_TABLE5_T501(1.0),Annual household final consumption expenditure by purpose (COICOP),I,A,Annual,SVK,Slovak Republic,S14,Households,S1,Total economy,P31DC,Final consumption expenditure of residents and non-residents on the territory,_Z,Not applicable,_Z,Not applicable,_T,Total,XDC,National currency,V,Current prices,N,Non transformed data,T0117,Table 0117 - Final consumption expenditure of households by durability,2013,,39881.06,,,,F,Free (free for publication),1,One,A,Normal value,6,Millions,EUR,Euro
DATAFLOW,OECD.SDD.NAD:DSD_NAMAIN10@DF_TABLE5_T501(1.0),Annual household final consumption expenditure by purpose (COICOP),I,A,Annual,SVK,Slovak Republic,S14,Households,S1,Total economy,P31DC,Final consumption expenditure of residents and non-residents on the territory,_Z,Not applicable,_Z,Not applicable,_T,Total,XDC,National currency,V,Current prices,N,Non transformed data,T0117,Table 0117 - Final consumption expenditure of households by durability,2014,,40361.657,,,,F,Free (free for publication),1,One,A,Normal value,6,Millions,EUR,Euro
DATAFLOW,OECD.SDD.NAD:DSD_NAMAIN10@DF_TABLE5_T501(1.0),Annual household final consumption expenditure by purpose (COICOP),I,A,Annual,SVK,Slovak Republic,S14,Households,S1,Total economy,P31DC,Final consumption expenditure of residents and non-residents on the territory,_Z,Not applicable,_Z,Not applicable,_T,Total,XDC,National currency,V,Current prices,N,Non transformed data,T0117,Table 0117 - Final consumption expenditure of households by durability,2015,,41504.351,,,,F,Free (free for publication),1,One,A,Normal value,6,Millions,EUR,Euro
DATAFLOW,OECD.SDD.NAD:DSD_NAMAIN10@DF_TABLE5_T501(1.0),Annual household final consumption expenditure by purpose (COICOP),I,A,Annual,SVK,Slovak Republic,S14,Households,S1,Total economy,P31DC,Final consumption expenditure of residents and non-residents on the territory,_Z,Not applicable,_Z,Not applicable,_T,Total,XDC,National currency,V,Current prices,N,Non transformed data,T0117,Table 0117 - Final consumption expenditure of households by durability,2016,,43049.55,,,,F,Free (free for publication),1,One,A,Normal value,6,Millions,EUR,Euro
DATAFLOW,OECD.SDD.NAD:DSD_NAMAIN10@DF_TABLE5_T501(1.0),Annual household final consumption expenditure by purpose (COICOP),I,A,Annual,SVK,Slovak Republic,S14,Households,S1,Total economy,P31DC,Final consumption expenditure of residents and non-residents on the territory,_Z,Not applicable,_Z,Not applicable,_T,Total,XDC,National currency,V,Current prices,N,Non transformed data,T0117,Table 0117 - Final consumption expenditure of households by durability,2017,,45918.12,,,,F,Free (free for publication),1,One,A,Normal value,6,Millions,EUR,Euro
DATAFLOW,OECD.SDD.NAD:DSD_NAMAIN10@DF_TABLE5_T501(1.0),Annual household final consumption expenditure by purpose (COICOP),I,A,Annual,SVK,Slovak Republic,S14,Households,S1,Total economy,P31DC,Final consumption expenditure of residents and non-residents on the territory,_Z,Not applicable,_Z,Not applicable,_T,Total,XDC,National currency,V,Current prices,N,Non transformed data,T0117,Table 0117 - Final consumption expenditure of households by durability,2018,,48584.242,,,,F,Free (free for publication),1,One,A,Normal value,6,Millions,EUR,Euro
DATAFLOW,OECD.SDD.NAD:DSD_NAMAIN10@DF_TABLE5_T501(1.0),Annual household final consumption expenditure by purpose (COICOP),I,A,Annual,SVK,Slovak Republic,S14,Households,S1,Total economy,P31DC,Final consumption expenditure of residents and non-residents on the territory,_Z,Not applicable,_Z,Not applicable,_T,Total,XDC,National currency,V,Current prices,N,Non transformed data,T0117,Table 0117 - Final consumption expenditure of households by durability,2019,,51201.693,,,,F,Free (free for publication),1,One,A,Normal value,6,Millions,EUR,Euro
DATAFLOW,OECD.SDD.NAD:DSD_NAMAIN10@DF_TABLE5_T501(1.0),Annual household final consumption expenditure by purpose (COICOP),I,A,Annual,SVK,Slovak Republic,S14,Households,S1,Total economy,P31DC,Final consumption expenditure of residents and non-residents on the territory,_Z,Not applicable,_Z,Not applicable,_T,Total,XDC,National currency,V,Current prices,N,Non transformed data,T0117,Table 0117 - Final consumption expenditure of households by durability,2020,,52088.421,,,,F,Free (free for publication),1,One,A,Normal value,6,Millions,EUR,Euro
DATAFLOW,OECD.SDD.NAD:DSD_NAMAIN10@DF_TABLE5_T501(1.0),Annual household final consumption expenditure by purpose (COICOP),I,A,Annual,HRV,Croatia,S14,Households,S1,Total economy,P31DC,Final consumption expenditure of residents and non-residents on the territory,_Z,Not applicable,_Z,Not applicable,_T,Total,XDC,National currency,V,Current prices,N,Non transformed data,T0117,Table 0117 - Final consumption expenditure of households by durability,1995,,9804.325,,,,F,Free (free for publication),1,One,A,Normal value,6,Millions,EUR,Euro
DATAFLOW,OECD.SDD.NAD:DSD_NAMAIN10@DF_TABLE5_T501(1.0),Annual household final consumption expenditure by purpose (COICOP),I,A,Annual,HRV,Croatia,S14,Households,S1,Total economy,P31DC,Final consumption expenditure of residents and non-residents on the territory,_Z,Not applicable,_Z,Not applicable,_T,Total,XDC,National currency,V,Current prices,N,Non transformed data,T0117,Table 0117 - Final consumption expenditure of households by durability,1996,,10428.833,,,,F,Free (free for publication),1,One,A,Normal value,6,Millions,EUR,Euro
DATAFLOW,OECD.SDD.NAD:DSD_NAMAIN10@DF_TABLE5_T501(1.0),Annual household final consumption expenditure by purpose (COICOP),I,A,Annual,HRV,Croatia,S14,Households,S1,Total economy,P31DC,Final consumption expenditure of residents and non-residents on the territory,_Z,Not applicable,_Z,Not applicable,_T,Total,XDC,National currency,V,Current prices,N,Non transformed data,T0117,Table 0117 - Final consumption expenditure of households by durability,1997,,12920.768,,,,F,Free (free for publication),1,One,A,Normal value,6,Millions,EUR,Euro
DATAFLOW,OECD.SDD.NAD:DSD_NAMAIN10@DF_TABLE5_T501(1.0),Annual household final consumption expenditure by purpose (COICOP),I,A,Annual,HRV,Croatia,S14,Households,S1,Total economy,P31DC,Final consumption expenditure of residents and non-residents on the territory,_Z,Not applicable,_Z,Not applicable,_T,Total,XDC,National currency,V,Current prices,N,Non transformed data,T0117,Table 0117 - Final consumption expenditure of households by durability,1998,,14298.232,,,,F,Free (free for publication),1,One,A,Normal value,6,Millions,EUR,Euro
DATAFLOW,OECD.SDD.NAD:DSD_NAMAIN10@DF_TABLE5_T501(1.0),Annual household final consumption expenditure by purpose (COICOP),I,A,Annual,HRV,Croatia,S14,Households,S1,Total economy,P31DC,Final consumption expenditure of residents and non-residents on the territory,_Z,Not applicable,_Z,Not applicable,_T,Total,XDC,National currency,V,Current prices,N,Non transformed data,T0117,Table 0117 - Final consumption expenditure of households by durability,1999,,14883.672,,,,F,Free (free for publication),1,One,A,Normal value,6,Millions,EUR,Euro
DATAFLOW,OECD.SDD.NAD:DSD_NAMAIN10@DF_TABLE5_T501(1.0),Annual household final consumption expenditure by purpose (COICOP),I,A,Annual,HRV,Croatia,S14,Households,S1,Total economy,P31DC,Final consumption expenditure of residents and non-residents on the territory,_Z,Not applicable,_Z,Not applicable,_T,Total,XDC,National currency,V,Current prices,N,Non transformed data,T0117,Table 0117 - Final consumption expenditure of households by durability,2000,,16559.927,,,,F,Free (free for publication),1,One,A,Normal value,6,Millions,EUR,Euro
DATAFLOW,OECD.SDD.NAD:DSD_NAMAIN10@DF_TABLE5_T501(1.0),Annual household final consumption expenditure by purpose (COICOP),I,A,Annual,HRV,Croatia,S14,Households,S1,Total economy,P31DC,Final consumption expenditure of residents and non-residents on the territory,_Z,Not applicable,_Z,Not applicable,_T,Total,XDC,National currency,V,Current prices,N,Non transformed data,T0117,Table 0117 - Final consumption expenditure of households by durability,2001,,18872.053,,,,F,Free (free for publication),1,One,A,Normal value,6,Millions,EUR,Euro
DATAFLOW,OECD.SDD.NAD:DSD_NAMAIN10@DF_TABLE5_T501(1.0),Annual household final consumption expenditure by purpose (COICOP),I,A,Annual,HRV,Croatia,S14,Households,S1,Total economy,P31DC,Final consumption expenditure of residents and non-residents on the territory,_Z,Not applicable,_Z,Not applicable,_T,Total,XDC,National currency,V,Current prices,N,Non transformed data,T0117,Table 0117 - Final consumption expenditure of households by durability,2002,,21123.777,,,,F,Free (free for publication),1,One,A,Normal value,6,Millions,EUR,Euro
DATAFLOW,OECD.SDD.NAD:DSD_NAMAIN10@DF_TABLE5_T501(1.0),Annual household final consumption expenditure by purpose (COICOP),I,A,Annual,HRV,Croatia,S14,Households,S1,Total economy,P31DC,Final consumption expenditure of residents and non-residents on the territory,_Z,Not applicable,_Z,Not applicable,_T,Total,XDC,National currency,V,Current prices,N,Non transformed data,T0117,Table 0117 - Final consumption expenditure of households by durability,2003,,22844.01,,,,F,Free (free for publication),1,One,A,Normal value,6,Millions,EUR,Euro
DATAFLOW,OECD.SDD.NAD:DSD_NAMAIN10@DF_TABLE5_T501(1.0),Annual household final consumption expenditure by purpose (COICOP),I,A,Annual,HRV,Croatia,S14,Households,S1,Total economy,P31DC,Final consumption expenditure of residents and non-residents on the territory,_Z,Not applicable,_Z,Not applicable,_T,Total,XDC,National currency,V,Current prices,N,Non transformed data,T0117,Table 0117 - Final consumption expenditure of households by durability,2004,,24301.186,,,,F,Free (free for publication),1,One,A,Normal value,6,Millions,EUR,Euro
DATAFLOW,OECD.SDD.NAD:DSD_NAMAIN10@DF_TABLE5_T501(1.0),Annual household final consumption expenditure by purpose (COICOP),I,A,Annual,HRV,Croatia,S14,Households,S1,Total economy,P31DC,Final consumption expenditure of residents and non-residents on the territory,_Z,Not applicable,_Z,Not applicable,_T,Total,XDC,National currency,V,Current prices,N,Non transformed data,T0117,Table 0117 - Final consumption expenditure of households by durability,2005,,26412.302,,,,F,Free (free for publication),1,One,A,Normal value,6,Millions,EUR,Euro
DATAFLOW,OECD.SDD.NAD:DSD_NAMAIN10@DF_TABLE5_T501(1.0),Annual household final consumption expenditure by purpose (COICOP),I,A,Annual,HRV,Croatia,S14,Households,S1,Total economy,P31DC,Final consumption expenditure of residents and non-residents on the territory,_Z,Not applicable,_Z,Not applicable,_T,Total,XDC,National currency,V,Current prices,N,Non transformed data,T0117,Table 0117 - Final consumption expenditure of households by durability,2006,,28148.618,,,,F,Free (free for publication),1,One,A,Normal value,6,Millions,EUR,Euro
DATAFLOW,OECD.SDD.NAD:DSD_NAMAIN10@DF_TABLE5_T501(1.0),Annual household final consumption expenditure by purpose (COICOP),I,A,Annual,HRV,Croatia,S14,Households,S1,Total economy,P31DC,Final consumption expenditure of residents and non-residents on the territory,_Z,Not applicable,_Z,Not applicable,_T,Total,XDC,National currency,V,Current prices,N,Non transformed data,T0117,Table 0117 - Final consumption expenditure of households by durability,2007,,30511.022,,,,F,Free (free for publication),1,One,A,Normal value,6,Millions,EUR,Euro
DATAFLOW,OECD.SDD.NAD:DSD_NAMAIN10@DF_TABLE5_T501(1.0),Annual household final consumption expenditure by purpose (COICOP),I,A,Annual,HRV,Croatia,S14,Households,S1,Total economy,P31DC,Final consumption expenditure of residents and non-residents on the territory,_Z,Not applicable,_Z,Not applicable,_T,Total,XDC,National currency,V,Current prices,N,Non transformed data,T0117,Table 0117 - Final consumption expenditure of households by durability,2008,,32789.427,,,,F,Free (free for publication),1,One,A,Normal value,6,Millions,EUR,Euro
DATAFLOW,OECD.SDD.NAD:DSD_NAMAIN10@DF_TABLE5_T501(1.0),Annual household final consumption expenditure by purpose (COICOP),I,A,Annual,HRV,Croatia,S14,Households,S1,Total economy,P31DC,Final consumption expenditure of residents and non-residents on the territory,_Z,Not applicable,_Z,Not applicable,_T,Total,XDC,National currency,V,Current prices,N,Non transformed data,T0117,Table 0117 - Final consumption expenditure of households by durability,2009,,30424.221,,,,F,Free (free for publication),1,One,A,Normal value,6,Millions,EUR,Euro
DATAFLOW,OECD.SDD.NAD:DSD_NAMAIN10@DF_TABLE5_T501(1.0),Annual household final consumption expenditure by purpose (COICOP),I,A,Annual,HRV,Croatia,S14,Households,S1,Total economy,P31DC,Final consumption expenditure of residents and non-residents on the territory,_Z,Not applicable,_Z,Not applicable,_T,Total,XDC,National currency,V,Current prices,N,Non transformed data,T0117,Table 0117 - Final consumption expenditure of households by durability,2010,,30452.616,,,,F,Free (free for publication),1,One,A,Normal value,6,Millions,EUR,Euro
DATAFLOW,OECD.SDD.NAD:DSD_NAMAIN10@DF_TABLE5_T501(1.0),Annual household final consumption expenditure by purpose (COICOP),I,A,Annual,HRV,Croatia,S14,Households,S1,Total economy,P31DC,Final consumption expenditure of residents and non-residents on the territory,_Z,Not applicable,_Z,Not applicable,_T,Total,XDC,National currency,V,Current prices,N,Non transformed data,T0117,Table 0117 - Final consumption expenditure of households by durability,2011,,31629,,,,F,Free (free for publication),1,One,A,Normal value,6,Millions,EUR,Euro
DATAFLOW,OECD.SDD.NAD:DSD_NAMAIN10@DF_TABLE5_T501(1.0),Annual household final consumption expenditure by purpose (COICOP),I,A,Annual,HRV,Croatia,S14,Households,S1,Total economy,P31DC,Final consumption expenditure of residents and non-residents on the territory,_Z,Not applicable,_Z,Not applicable,_T,Total,XDC,National currency,V,Current prices,N,Non transformed data,T0117,Table 0117 - Final consumption expenditure of households by durability,2012,,31775.855,,,,F,Free (free for publication),1,One,A,Normal value,6,Millions,EUR,Euro
DATAFLOW,OECD.SDD.NAD:DSD_NAMAIN10@DF_TABLE5_T501(1.0),Annual household final consumption expenditure by purpose (COICOP),I,A,Annual,HRV,Croatia,S14,Households,S1,Total economy,P31DC,Final consumption expenditure of residents and non-residents on the territory,_Z,Not applicable,_Z,Not applicable,_T,Total,XDC,National currency,V,Current prices,N,Non transformed data,T0117,Table 0117 - Final consumption expenditure of households by durability,2013,,32157.641,,,,F,Free (free for publication),1,One,A,Normal value,6,Millions,EUR,Euro
DATAFLOW,OECD.SDD.NAD:DSD_NAMAIN10@DF_TABLE5_T501(1.0),Annual household final consumption expenditure by purpose (COICOP),I,A,Annual,HRV,Croatia,S14,Households,S1,Total economy,P31DC,Final consumption expenditure of residents and non-residents on the territory,_Z,Not applicable,_Z,Not applicable,_T,Total,XDC,National currency,V,Current prices,N,Non transformed data,T0117,Table 0117 - Final consumption expenditure of households by durability,2014,,31780.264,,,,F,Free (free for publication),1,One,A,Normal value,6,Millions,EUR,Euro
DATAFLOW,OECD.SDD.NAD:DSD_NAMAIN10@DF_TABLE5_T501(1.0),Annual household final consumption expenditure by purpose (COICOP),I,A,Annual,HRV,Croatia,S14,Households,S1,Total economy,P31DC,Final consumption expenditure of residents and non-residents on the territory,_Z,Not applicable,_Z,Not applicable,_T,Total,XDC,National currency,V,Current prices,N,Non transformed data,T0117,Table 0117 - Final consumption expenditure of households by durability,2015,,32363.937,,,,F,Free (free for publication),1,One,A,Normal value,6,Millions,EUR,Euro
DATAFLOW,OECD.SDD.NAD:DSD_NAMAIN10@DF_TABLE5_T501(1.0),Annual household final consumption expenditure by purpose (COICOP),I,A,Annual,HRV,Croatia,S14,Households,S1,Total economy,P31DC,Final consumption expenditure of residents and non-residents on the territory,_Z,Not applicable,_Z,Not applicable,_T,Total,XDC,National currency,V,Current prices,N,Non transformed data,T0117,Table 0117 - Final consumption expenditure of households by durability,2016,,33717.629,,,,F,Free (free for publication),1,One,A,Normal value,6,Millions,EUR,Euro
DATAFLOW,OECD.SDD.NAD:DSD_NAMAIN10@DF_TABLE5_T501(1.0),Annual household final consumption expenditure by purpose (COICOP),I,A,Annual,HRV,Croatia,S14,Households,S1,Total economy,P31DC,Final consumption expenditure of residents and non-residents on the territory,_Z,Not applicable,_Z,Not applicable,_T,Total,XDC,National currency,V,Current prices,N,Non transformed data,T0117,Table 0117 - Final consumption expenditure of households by durability,2017,,35303.114,,,,F,Free (free for publication),1,One,A,Normal value,6,Millions,EUR,Euro
DATAFLOW,OECD.SDD.NAD:DSD_NAMAIN10@DF_TABLE5_T501(1.0),Annual household final consumption expenditure by purpose (COICOP),I,A,Annual,HRV,Croatia,S14,Households,S1,Total economy,P31DC,Final consumption expenditure of residents and non-residents on the territory,_Z,Not applicable,_Z,Not applicable,_T,Total,XDC,National currency,V,Current prices,N,Non transformed data,T0117,Table 0117 - Final consumption expenditure of households by durability,2018,,37105.25,,,,F,Free (free for publication),1,One,A,Normal value,6,Millions,EUR,Euro
DATAFLOW,OECD.SDD.NAD:DSD_NAMAIN10@DF_TABLE5_T501(1.0),Annual household final consumption expenditure by purpose (COICOP),I,A,Annual,HRV,Croatia,S14,Households,S1,Total economy,P31DC,Final consumption expenditure of residents and non-residents on the territory,_Z,Not applicable,_Z,Not applicable,_T,Total,XDC,National currency,V,Current prices,N,Non transformed data,T0117,Table 0117 - Final consumption expenditure of households by durability,2019,,39359.947,,,,F,Free (free for publication),1,One,A,Normal value,6,Millions,EUR,Euro
DATAFLOW,OECD.SDD.NAD:DSD_NAMAIN10@DF_TABLE5_T501(1.0),Annual household final consumption expenditure by purpose (COICOP),I,A,Annual,HRV,Croatia,S14,Households,S1,Total economy,P31DC,Final consumption expenditure of residents and non-residents on the territory,_Z,Not applicable,_Z,Not applicable,_T,Total,XDC,National currency,V,Current prices,N,Non transformed data,T0117,Table 0117 - Final consumption expenditure of households by durability,2020,,33062.102,,,,F,Free (free for publication),1,One,A,Normal value,6,Millions,EUR,Euro
DATAFLOW,OECD.SDD.NAD:DSD_NAMAIN10@DF_TABLE5_T501(1.0),Annual household final consumption expenditure by purpose (COICOP),I,A,Annual,HRV,Croatia,S14,Households,S1,Total economy,P31DC,Final consumption expenditure of residents and non-residents on the territory,_Z,Not applicable,_Z,Not applicable,_T,Total,XDC,National currency,V,Current prices,N,Non transformed data,T0117,Table 0117 - Final consumption expenditure of households by durability,2021,,41346.76,,,,F,Free (free for publication),1,One,A,Normal value,6,Millions,EUR,Euro
DATAFLOW,OECD.SDD.NAD:DSD_NAMAIN10@DF_TABLE5_T501(1.0),Annual household final consumption expenditure by purpose (COICOP),I,A,Annual,HRV,Croatia,S14,Households,S1,Total economy,P31DC,Final consumption expenditure of residents and non-residents on the territory,_Z,Not applicable,_Z,Not applicable,_T,Total,XDC,National currency,V,Current prices,N,Non transformed data,T0117,Table 0117 - Final consumption expenditure of households by durability,2022,,50731.294,,,,F,Free (free for publication),1,One,A,Normal value,6,Millions,EUR,Euro
DATAFLOW,OECD.SDD.NAD:DSD_NAMAIN10@DF_TABLE5_T501(1.0),Annual household final consumption expenditure by purpose (COICOP),I,A,Annual,LVA,Latvia,S14,Households,S1,Total economy,P31DC,Final consumption expenditure of residents and non-residents on the territory,_Z,Not applicable,_Z,Not applicable,_T,Total,XDC,National currency,V,Current prices,N,Non transformed data,T0117,Table 0117 - Final consumption expenditure of households by durability,1995,,2642.468,,,,F,Free (free for publication),1,One,A,Normal value,6,Millions,EUR,Euro
DATAFLOW,OECD.SDD.NAD:DSD_NAMAIN10@DF_TABLE5_T501(1.0),Annual household final consumption expenditure by purpose (COICOP),I,A,Annual,LVA,Latvia,S14,Households,S1,Total economy,P31DC,Final consumption expenditure of residents and non-residents on the territory,_Z,Not applicable,_Z,Not applicable,_T,Total,XDC,National currency,V,Current prices,N,Non transformed data,T0117,Table 0117 - Final consumption expenditure of households by durability,1996,,3062.292,,,,F,Free (free for publication),1,One,A,Normal value,6,Millions,EUR,Euro
DATAFLOW,OECD.SDD.NAD:DSD_NAMAIN10@DF_TABLE5_T501(1.0),Annual household final consumption expenditure by purpose (COICOP),I,A,Annual,LVA,Latvia,S14,Households,S1,Total economy,P31DC,Final consumption expenditure of residents and non-residents on the territory,_Z,Not applicable,_Z,Not applicable,_T,Total,XDC,National currency,V,Current prices,N,Non transformed data,T0117,Table 0117 - Final consumption expenditure of households by durability,1997,,3497.13,,,,F,Free (free for publication),1,One,A,Normal value,6,Millions,EUR,Euro
DATAFLOW,OECD.SDD.NAD:DSD_NAMAIN10@DF_TABLE5_T501(1.0),Annual household final consumption expenditure by purpose (COICOP),I,A,Annual,LVA,Latvia,S14,Households,S1,Total economy,P31DC,Final consumption expenditure of residents and non-residents on the territory,_Z,Not applicable,_Z,Not applicable,_T,Total,XDC,National currency,V,Current prices,N,Non transformed data,T0117,Table 0117 - Final consumption expenditure of households by durability,1998,,3718.963,,,,F,Free (free for publication),1,One,A,Normal value,6,Millions,EUR,Euro
DATAFLOW,OECD.SDD.NAD:DSD_NAMAIN10@DF_TABLE5_T501(1.0),Annual household final consumption expenditure by purpose (COICOP),I,A,Annual,LVA,Latvia,S14,Households,S1,Total economy,P31DC,Final consumption expenditure of residents and non-residents on the territory,_Z,Not applicable,_Z,Not applicable,_T,Total,XDC,National currency,V,Current prices,N,Non transformed data,T0117,Table 0117 - Final consumption expenditure of households by durability,1999,,3938.336,,,,F,Free (free for publication),1,One,A,Normal value,6,Millions,EUR,Euro
DATAFLOW,OECD.SDD.NAD:DSD_NAMAIN10@DF_TABLE5_T501(1.0),Annual household final consumption expenditure by purpose (COICOP),I,A,Annual,LVA,Latvia,S14,Households,S1,Total economy,P31DC,Final consumption expenditure of residents and non-residents on the territory,_Z,Not applicable,_Z,Not applicable,_T,Total,XDC,National currency,V,Current prices,N,Non transformed data,T0117,Table 0117 - Final consumption expenditure of households by durability,2000,,4154.187,,,,F,Free (free for publication),1,One,A,Normal value,6,Millions,EUR,Euro
DATAFLOW,OECD.SDD.NAD:DSD_NAMAIN10@DF_TABLE5_T501(1.0),Annual household final consumption expenditure by purpose (COICOP),I,A,Annual,LVA,Latvia,S14,Households,S1,Total economy,P31DC,Final consumption expenditure of residents and non-residents on the territory,_Z,Not applicable,_Z,Not applicable,_T,Total,XDC,National currency,V,Current prices,N,Non transformed data,T0117,Table 0117 - Final consumption expenditure of households by durability,2001,,4487.023,,,,F,Free (free for publication),1,One,A,Normal value,6,Millions,EUR,Euro
DATAFLOW,OECD.SDD.NAD:DSD_NAMAIN10@DF_TABLE5_T501(1.0),Annual household final consumption expenditure by purpose (COICOP),I,A,Annual,LVA,Latvia,S14,Households,S1,Total economy,P31DC,Final consumption expenditure of residents and non-residents on the territory,_Z,Not applicable,_Z,Not applicable,_T,Total,XDC,National currency,V,Current prices,N,Non transformed data,T0117,Table 0117 - Final consumption expenditure of households by durability,2002,,5071.829,,,,F,Free (free for publication),1,One,A,Normal value,6,Millions,EUR,Euro
DATAFLOW,OECD.SDD.NAD:DSD_NAMAIN10@DF_TABLE5_T501(1.0),Annual household final consumption expenditure by purpose (COICOP),I,A,Annual,LVA,Latvia,S14,Households,S1,Total economy,P31DC,Final consumption expenditure of residents and non-residents on the territory,_Z,Not applicable,_Z,Not applicable,_T,Total,XDC,National currency,V,Current prices,N,Non transformed data,T0117,Table 0117 - Final consumption expenditure of households by durability,2003,,5754.292,,,,F,Free (free for publication),1,One,A,Normal value,6,Millions,EUR,Euro
DATAFLOW,OECD.SDD.NAD:DSD_NAMAIN10@DF_TABLE5_T501(1.0),Annual household final consumption expenditure by purpose (COICOP),I,A,Annual,LVA,Latvia,S14,Households,S1,Total economy,P31DC,Final consumption expenditure of residents and non-residents on the territory,_Z,Not applicable,_Z,Not applicable,_T,Total,XDC,National currency,V,Current prices,N,Non transformed data,T0117,Table 0117 - Final consumption expenditure of households by durability,2004,,6689.899,,,,F,Free (free for publication),1,One,A,Normal value,6,Millions,EUR,Euro
DATAFLOW,OECD.SDD.NAD:DSD_NAMAIN10@DF_TABLE5_T501(1.0),Annual household final consumption expenditure by purpose (COICOP),I,A,Annual,LVA,Latvia,S14,Households,S1,Total economy,P31DC,Final consumption expenditure of residents and non-residents on the territory,_Z,Not applicable,_Z,Not applicable,_T,Total,XDC,National currency,V,Current prices,N,Non transformed data,T0117,Table 0117 - Final consumption expenditure of households by durability,2005,,8010.472,,,,F,Free (free for publication),1,One,A,Normal value,6,Millions,EUR,Euro
DATAFLOW,OECD.SDD.NAD:DSD_NAMAIN10@DF_TABLE5_T501(1.0),Annual household final consumption expenditure by purpose (COICOP),I,A,Annual,LVA,Latvia,S14,Households,S1,Total economy,P31DC,Final consumption expenditure of residents and non-residents on the territory,_Z,Not applicable,_Z,Not applicable,_T,Total,XDC,National currency,V,Current prices,N,Non transformed data,T0117,Table 0117 - Final consumption expenditure of households by durability,2006,,10531.834,,,,F,Free (free for publication),1,One,A,Normal value,6,Millions,EUR,Euro
DATAFLOW,OECD.SDD.NAD:DSD_NAMAIN10@DF_TABLE5_T501(1.0),Annual household final consumption expenditure by purpose (COICOP),I,A,Annual,LVA,Latvia,S14,Households,S1,Total economy,P31DC,Final consumption expenditure of residents and non-residents on the territory,_Z,Not applicable,_Z,Not applicable,_T,Total,XDC,National currency,V,Current prices,N,Non transformed data,T0117,Table 0117 - Final consumption expenditure of households by durability,2007,,13138.295,,,,F,Free (free for publication),1,One,A,Normal value,6,Millions,EUR,Euro
DATAFLOW,OECD.SDD.NAD:DSD_NAMAIN10@DF_TABLE5_T501(1.0),Annual household final consumption expenditure by purpose (COICOP),I,A,Annual,LVA,Latvia,S14,Households,S1,Total economy,P31DC,Final consumption expenditure of residents and non-residents on the territory,_Z,Not applicable,_Z,Not applicable,_T,Total,XDC,National currency,V,Current prices,N,Non transformed data,T0117,Table 0117 - Final consumption expenditure of households by durability,2008,,13721.293,,,,F,Free (free for publication),1,One,A,Normal value,6,Millions,EUR,Euro
DATAFLOW,OECD.SDD.NAD:DSD_NAMAIN10@DF_TABLE5_T501(1.0),Annual household final consumption expenditure by purpose (COICOP),I,A,Annual,LVA,Latvia,S14,Households,S1,Total economy,P31DC,Final consumption expenditure of residents and non-residents on the territory,_Z,Not applicable,_Z,Not applicable,_T,Total,XDC,National currency,V,Current prices,N,Non transformed data,T0117,Table 0117 - Final consumption expenditure of households by durability,2009,,11216.037,,,,F,Free (free for publication),1,One,A,Normal value,6,Millions,EUR,Euro
DATAFLOW,OECD.SDD.NAD:DSD_NAMAIN10@DF_TABLE5_T501(1.0),Annual household final consumption expenditure by purpose (COICOP),I,A,Annual,LVA,Latvia,S14,Households,S1,Total economy,P31DC,Final consumption expenditure of residents and non-residents on the territory,_Z,Not applicable,_Z,Not applicable,_T,Total,XDC,National currency,V,Current prices,N,Non transformed data,T0117,Table 0117 - Final consumption expenditure of households by durability,2010,,11226.702,,,,F,Free (free for publication),1,One,A,Normal value,6,Millions,EUR,Euro
DATAFLOW,OECD.SDD.NAD:DSD_NAMAIN10@DF_TABLE5_T501(1.0),Annual household final consumption expenditure by purpose (COICOP),I,A,Annual,LVA,Latvia,S14,Households,S1,Total economy,P31DC,Final consumption expenditure of residents and non-residents on the territory,_Z,Not applicable,_Z,Not applicable,_T,Total,XDC,National currency,V,Current prices,N,Non transformed data,T0117,Table 0117 - Final consumption expenditure of households by durability,2011,,11916.626,,,,F,Free (free for publication),1,One,A,Normal value,6,Millions,EUR,Euro
DATAFLOW,OECD.SDD.NAD:DSD_NAMAIN10@DF_TABLE5_T501(1.0),Annual household final consumption expenditure by purpose (COICOP),I,A,Annual,LVA,Latvia,S14,Households,S1,Total economy,P31DC,Final consumption expenditure of residents and non-residents on the territory,_Z,Not applicable,_Z,Not applicable,_T,Total,XDC,National currency,V,Current prices,N,Non transformed data,T0117,Table 0117 - Final consumption expenditure of households by durability,2012,,13013.966,,,,F,Free (free for publication),1,One,A,Normal value,6,Millions,EUR,Euro
DATAFLOW,OECD.SDD.NAD:DSD_NAMAIN10@DF_TABLE5_T501(1.0),Annual household final consumption expenditure by purpose (COICOP),I,A,Annual,LVA,Latvia,S14,Households,S1,Total economy,P31DC,Final consumption expenditure of residents and non-residents on the territory,_Z,Not applicable,_Z,Not applicable,_T,Total,XDC,National currency,V,Current prices,N,Non transformed data,T0117,Table 0117 - Final consumption expenditure of households by durability,2013,,14002.011,,,,F,Free (free for publication),1,One,A,Normal value,6,Millions,EUR,Euro
DATAFLOW,OECD.SDD.NAD:DSD_NAMAIN10@DF_TABLE5_T501(1.0),Annual household final consumption expenditure by purpose (COICOP),I,A,Annual,LVA,Latvia,S14,Households,S1,Total economy,P31DC,Final consumption expenditure of residents and non-residents on the territory,_Z,Not applicable,_Z,Not applicable,_T,Total,XDC,National currency,V,Current prices,N,Non transformed data,T0117,Table 0117 - Final consumption expenditure of households by durability,2014,,14377.622,,,,F,Free (free for publication),1,One,A,Normal value,6,Millions,EUR,Euro
DATAFLOW,OECD.SDD.NAD:DSD_NAMAIN10@DF_TABLE5_T501(1.0),Annual household final consumption expenditure by purpose (COICOP),I,A,Annual,LVA,Latvia,S14,Households,S1,Total economy,P31DC,Final consumption expenditure of residents and non-residents on the territory,_Z,Not applicable,_Z,Not applicable,_T,Total,XDC,National currency,V,Current prices,N,Non transformed data,T0117,Table 0117 - Final consumption expenditure of households by durability,2015,,14703.478,,,,F,Free (free for publication),1,One,A,Normal value,6,Millions,EUR,Euro
DATAFLOW,OECD.SDD.NAD:DSD_NAMAIN10@DF_TABLE5_T501(1.0),Annual household final consumption expenditure by purpose (COICOP),I,A,Annual,LVA,Latvia,S14,Households,S1,Total economy,P31DC,Final consumption expenditure of residents and non-residents on the territory,_Z,Not applicable,_Z,Not applicable,_T,Total,XDC,National currency,V,Current prices,N,Non transformed data,T0117,Table 0117 - Final consumption expenditure of households by durability,2016,,15328.699,,,,F,Free (free for publication),1,One,A,Normal value,6,Millions,EUR,Euro
DATAFLOW,OECD.SDD.NAD:DSD_NAMAIN10@DF_TABLE5_T501(1.0),Annual household final consumption expenditure by purpose (COICOP),I,A,Annual,LVA,Latvia,S14,Households,S1,Total economy,P31DC,Final consumption expenditure of residents and non-residents on the territory,_Z,Not applicable,_Z,Not applicable,_T,Total,XDC,National currency,V,Current prices,N,Non transformed data,T0117,Table 0117 - Final consumption expenditure of households by durability,2017,,16260.868,,,,F,Free (free for publication),1,One,A,Normal value,6,Millions,EUR,Euro
DATAFLOW,OECD.SDD.NAD:DSD_NAMAIN10@DF_TABLE5_T501(1.0),Annual household final consumption expenditure by purpose (COICOP),I,A,Annual,LVA,Latvia,S14,Households,S1,Total economy,P31DC,Final consumption expenditure of residents and non-residents on the territory,_Z,Not applicable,_Z,Not applicable,_T,Total,XDC,National currency,V,Current prices,N,Non transformed data,T0117,Table 0117 - Final consumption expenditure of households by durability,2018,,17282.219,,,,F,Free (free for publication),1,One,A,Normal value,6,Millions,EUR,Euro
DATAFLOW,OECD.SDD.NAD:DSD_NAMAIN10@DF_TABLE5_T501(1.0),Annual household final consumption expenditure by purpose (COICOP),I,A,Annual,LVA,Latvia,S14,Households,S1,Total economy,P31DC,Final consumption expenditure of residents and non-residents on the territory,_Z,Not applicable,_Z,Not applicable,_T,Total,XDC,National currency,V,Current prices,N,Non transformed data,T0117,Table 0117 - Final consumption expenditure of households by durability,2019,,17852.183,,,,F,Free (free for publication),1,One,A,Normal value,6,Millions,EUR,Euro
DATAFLOW,OECD.SDD.NAD:DSD_NAMAIN10@DF_TABLE5_T501(1.0),Annual household final consumption expenditure by purpose (COICOP),I,A,Annual,LVA,Latvia,S14,Households,S1,Total economy,P31DC,Final consumption expenditure of residents and non-residents on the territory,_Z,Not applicable,_Z,Not applicable,_T,Total,XDC,National currency,V,Current prices,N,Non transformed data,T0117,Table 0117 - Final consumption expenditure of households by durability,2020,,17045.959,,,,F,Free (free for publication),1,One,A,Normal value,6,Millions,EUR,Euro
DATAFLOW,OECD.SDD.NAD:DSD_NAMAIN10@DF_TABLE5_T501(1.0),Annual household final consumption expenditure by purpose (COICOP),I,A,Annual,LVA,Latvia,S14,Households,S1,Total economy,P31DC,Final consumption expenditure of residents and non-residents on the territory,_Z,Not applicable,_Z,Not applicable,_T,Total,XDC,National currency,V,Current prices,N,Non transformed data,T0117,Table 0117 - Final consumption expenditure of households by durability,2021,,18689.503,,,,F,Free (free for publication),1,One,A,Normal value,6,Millions,EUR,Euro
DATAFLOW,OECD.SDD.NAD:DSD_NAMAIN10@DF_TABLE5_T501(1.0),Annual household final consumption expenditure by purpose (COICOP),I,A,Annual,LVA,Latvia,S14,Households,S1,Total economy,P31DC,Final consumption expenditure of residents and non-residents on the territory,_Z,Not applicable,_Z,Not applicable,_T,Total,XDC,National currency,V,Current prices,N,Non transformed data,T0117,Table 0117 - Final consumption expenditure of households by durability,2022,,22963.192,,,,F,Free (free for publication),1,One,A,Normal value,6,Millions,EUR,Euro
DATAFLOW,OECD.SDD.NAD:DSD_NAMAIN10@DF_TABLE5_T501(1.0),Annual household final consumption expenditure by purpose (COICOP),I,A,Annual,EST,Estonia,S14,Households,S1,Total economy,P31DC,Final consumption expenditure of residents and non-residents on the territory,_Z,Not applicable,_Z,Not applicable,_T,Total,XDC,National currency,V,Current prices,N,Non transformed data,T0117,Table 0117 - Final consumption expenditure of households by durability,1995,,1728.92,,,,F,Free (free for publication),1,One,A,Normal value,6,Millions,EUR,Euro
DATAFLOW,OECD.SDD.NAD:DSD_NAMAIN10@DF_TABLE5_T501(1.0),Annual household final consumption expenditure by purpose (COICOP),I,A,Annual,EST,Estonia,S14,Households,S1,Total economy,P31DC,Final consumption expenditure of residents and non-residents on the territory,_Z,Not applicable,_Z,Not applicable,_T,Total,XDC,National currency,V,Current prices,N,Non transformed data,T0117,Table 0117 - Final consumption expenditure of households by durability,1996,,2383.98,,,,F,Free (free for publication),1,One,A,Normal value,6,Millions,EUR,Euro
DATAFLOW,OECD.SDD.NAD:DSD_NAMAIN10@DF_TABLE5_T501(1.0),Annual household final consumption expenditure by purpose (COICOP),I,A,Annual,EST,Estonia,S14,Households,S1,Total economy,P31DC,Final consumption expenditure of residents and non-residents on the territory,_Z,Not applicable,_Z,Not applicable,_T,Total,XDC,National currency,V,Current prices,N,Non transformed data,T0117,Table 0117 - Final consumption expenditure of households by durability,1997,,2935.24,,,,F,Free (free for publication),1,One,A,Normal value,6,Millions,EUR,Euro
DATAFLOW,OECD.SDD.NAD:DSD_NAMAIN10@DF_TABLE5_T501(1.0),Annual household final consumption expenditure by purpose (COICOP),I,A,Annual,EST,Estonia,S14,Households,S1,Total economy,P31DC,Final consumption expenditure of residents and non-residents on the territory,_Z,Not applicable,_Z,Not applicable,_T,Total,XDC,National currency,V,Current prices,N,Non transformed data,T0117,Table 0117 - Final consumption expenditure of households by durability,1998,,3232.94,,,,F,Free (free for publication),1,One,A,Normal value,6,Millions,EUR,Euro
DATAFLOW,OECD.SDD.NAD:DSD_NAMAIN10@DF_TABLE5_T501(1.0),Annual household final consumption expenditure by purpose (COICOP),I,A,Annual,EST,Estonia,S14,Households,S1,Total economy,P31DC,Final consumption expenditure of residents and non-residents on the territory,_Z,Not applicable,_Z,Not applicable,_T,Total,XDC,National currency,V,Current prices,N,Non transformed data,T0117,Table 0117 - Final consumption expenditure of households by durability,1999,,3305.82,,,,F,Free (free for publication),1,One,A,Normal value,6,Millions,EUR,Euro
DATAFLOW,OECD.SDD.NAD:DSD_NAMAIN10@DF_TABLE5_T501(1.0),Annual household final consumption expenditure by purpose (COICOP),I,A,Annual,EST,Estonia,S14,Households,S1,Total economy,P31DC,Final consumption expenditure of residents and non-residents on the territory,_Z,Not applicable,_Z,Not applicable,_T,Total,XDC,National currency,V,Current prices,N,Non transformed data,T0117,Table 0117 - Final consumption expenditure of households by durability,2000,,3635.77,,,,F,Free (free for publication),1,One,A,Normal value,6,Millions,EUR,Euro
DATAFLOW,OECD.SDD.NAD:DSD_NAMAIN10@DF_TABLE5_T501(1.0),Annual household final consumption expenditure by purpose (COICOP),I,A,Annual,EST,Estonia,S14,Households,S1,Total economy,P31DC,Final consumption expenditure of residents and non-residents on the territory,_Z,Not applicable,_Z,Not applicable,_T,Total,XDC,National currency,V,Current prices,N,Non transformed data,T0117,Table 0117 - Final consumption expenditure of households by durability,2001,,4112.71,,,,F,Free (free for publication),1,One,A,Normal value,6,Millions,EUR,Euro
DATAFLOW,OECD.SDD.NAD:DSD_NAMAIN10@DF_TABLE5_T501(1.0),Annual household final consumption expenditure by purpose (COICOP),I,A,Annual,EST,Estonia,S14,Households,S1,Total economy,P31DC,Final consumption expenditure of residents and non-residents on the territory,_Z,Not applicable,_Z,Not applicable,_T,Total,XDC,National currency,V,Current prices,N,Non transformed data,T0117,Table 0117 - Final consumption expenditure of households by durability,2002,,4588.29,,,,F,Free (free for publication),1,One,A,Normal value,6,Millions,EUR,Euro
DATAFLOW,OECD.SDD.NAD:DSD_NAMAIN10@DF_TABLE5_T501(1.0),Annual household final consumption expenditure by purpose (COICOP),I,A,Annual,EST,Estonia,S14,Households,S1,Total economy,P31DC,Final consumption expenditure of residents and non-residents on the territory,_Z,Not applicable,_Z,Not applicable,_T,Total,XDC,National currency,V,Current prices,N,Non transformed data,T0117,Table 0117 - Final consumption expenditure of households by durability,2003,,5043.43,,,,F,Free (free for publication),1,One,A,Normal value,6,Millions,EUR,Euro
DATAFLOW,OECD.SDD.NAD:DSD_NAMAIN10@DF_TABLE5_T501(1.0),Annual household final consumption expenditure by purpose (COICOP),I,A,Annual,EST,Estonia,S14,Households,S1,Total economy,P31DC,Final consumption expenditure of residents and non-residents on the territory,_Z,Not applicable,_Z,Not applicable,_T,Total,XDC,National currency,V,Current prices,N,Non transformed data,T0117,Table 0117 - Final consumption expenditure of households by durability,2004,,5709.14,,,,F,Free (free for publication),1,One,A,Normal value,6,Millions,EUR,Euro
DATAFLOW,OECD.SDD.NAD:DSD_NAMAIN10@DF_TABLE5_T501(1.0),Annual household final consumption expenditure by purpose (COICOP),I,A,Annual,EST,Estonia,S14,Households,S1,Total economy,P31DC,Final consumption expenditure of residents and non-residents on the territory,_Z,Not applicable,_Z,Not applicable,_T,Total,XDC,National currency,V,Current prices,N,Non transformed data,T0117,Table 0117 - Final consumption expenditure of households by durability,2005,,6485.94,,,,F,Free (free for publication),1,One,A,Normal value,6,Millions,EUR,Euro
DATAFLOW,OECD.SDD.NAD:DSD_NAMAIN10@DF_TABLE5_T501(1.0),Annual household final consumption expenditure by purpose (COICOP),I,A,Annual,EST,Estonia,S14,Households,S1,Total economy,P31DC,Final consumption expenditure of residents and non-residents on the territory,_Z,Not applicable,_Z,Not applicable,_T,Total,XDC,National currency,V,Current prices,N,Non transformed data,T0117,Table 0117 - Final consumption expenditure of households by durability,2006,,7591.05,,,,F,Free (free for publication),1,One,A,Normal value,6,Millions,EUR,Euro
DATAFLOW,OECD.SDD.NAD:DSD_NAMAIN10@DF_TABLE5_T501(1.0),Annual household final consumption expenditure by purpose (COICOP),I,A,Annual,EST,Estonia,S14,Households,S1,Total economy,P31DC,Final consumption expenditure of residents and non-residents on the territory,_Z,Not applicable,_Z,Not applicable,_T,Total,XDC,National currency,V,Current prices,N,Non transformed data,T0117,Table 0117 - Final consumption expenditure of households by durability,2007,,8741.86,,,,F,Free (free for publication),1,One,A,Normal value,6,Millions,EUR,Euro
DATAFLOW,OECD.SDD.NAD:DSD_NAMAIN10@DF_TABLE5_T501(1.0),Annual household final consumption expenditure by purpose (COICOP),I,A,Annual,EST,Estonia,S14,Households,S1,Total economy,P31DC,Final consumption expenditure of residents and non-residents on the territory,_Z,Not applicable,_Z,Not applicable,_T,Total,XDC,National currency,V,Current prices,N,Non transformed data,T0117,Table 0117 - Final consumption expenditure of households by durability,2008,,8996.65,,,,F,Free (free for publication),1,One,A,Normal value,6,Millions,EUR,Euro
DATAFLOW,OECD.SDD.NAD:DSD_NAMAIN10@DF_TABLE5_T501(1.0),Annual household final consumption expenditure by purpose (COICOP),I,A,Annual,EST,Estonia,S14,Households,S1,Total economy,P31DC,Final consumption expenditure of residents and non-residents on the territory,_Z,Not applicable,_Z,Not applicable,_T,Total,XDC,National currency,V,Current prices,N,Non transformed data,T0117,Table 0117 - Final consumption expenditure of households by durability,2009,,7753.01,,,,F,Free (free for publication),1,One,A,Normal value,6,Millions,EUR,Euro
DATAFLOW,OECD.SDD.NAD:DSD_NAMAIN10@DF_TABLE5_T501(1.0),Annual household final consumption expenditure by purpose (COICOP),I,A,Annual,EST,Estonia,S14,Households,S1,Total economy,P31DC,Final consumption expenditure of residents and non-residents on the territory,_Z,Not applicable,_Z,Not applicable,_T,Total,XDC,National currency,V,Current prices,N,Non transformed data,T0117,Table 0117 - Final consumption expenditure of households by durability,2010,,7934.46,,,,F,Free (free for publication),1,One,A,Normal value,6,Millions,EUR,Euro
DATAFLOW,OECD.SDD.NAD:DSD_NAMAIN10@DF_TABLE5_T501(1.0),Annual household final consumption expenditure by purpose (COICOP),I,A,Annual,EST,Estonia,S14,Households,S1,Total economy,P31DC,Final consumption expenditure of residents and non-residents on the territory,_Z,Not applicable,_Z,Not applicable,_T,Total,XDC,National currency,V,Current prices,N,Non transformed data,T0117,Table 0117 - Final consumption expenditure of households by durability,2011,,8565.6,,,,F,Free (free for publication),1,One,A,Normal value,6,Millions,EUR,Euro
DATAFLOW,OECD.SDD.NAD:DSD_NAMAIN10@DF_TABLE5_T501(1.0),Annual household final consumption expenditure by purpose (COICOP),I,A,Annual,EST,Estonia,S14,Households,S1,Total economy,P31DC,Final consumption expenditure of residents and non-residents on the territory,_Z,Not applicable,_Z,Not applicable,_T,Total,XDC,National currency,V,Current prices,N,Non transformed data,T0117,Table 0117 - Final consumption expenditure of households by durability,2012,,9327.87,,,,F,Free (free for publication),1,One,A,Normal value,6,Millions,EUR,Euro
DATAFLOW,OECD.SDD.NAD:DSD_NAMAIN10@DF_TABLE5_T501(1.0),Annual household final consumption expenditure by purpose (COICOP),I,A,Annual,EST,Estonia,S14,Households,S1,Total economy,P31DC,Final consumption expenditure of residents and non-residents on the territory,_Z,Not applicable,_Z,Not applicable,_T,Total,XDC,National currency,V,Current prices,N,Non transformed data,T0117,Table 0117 - Final consumption expenditure of households by durability,2013,,9980.51,,,,F,Free (free for publication),1,One,A,Normal value,6,Millions,EUR,Euro
DATAFLOW,OECD.SDD.NAD:DSD_NAMAIN10@DF_TABLE5_T501(1.0),Annual household final consumption expenditure by purpose (COICOP),I,A,Annual,EST,Estonia,S14,Households,S1,Total economy,P31DC,Final consumption expenditure of residents and non-residents on the territory,_Z,Not applicable,_Z,Not applicable,_T,Total,XDC,National currency,V,Current prices,N,Non transformed data,T0117,Table 0117 - Final consumption expenditure of households by durability,2014,,10442.56,,,,F,Free (free for publication),1,One,A,Normal value,6,Millions,EUR,Euro
DATAFLOW,OECD.SDD.NAD:DSD_NAMAIN10@DF_TABLE5_T501(1.0),Annual household final consumption expenditure by purpose (COICOP),I,A,Annual,EST,Estonia,S14,Households,S1,Total economy,P31DC,Final consumption expenditure of residents and non-residents on the territory,_Z,Not applicable,_Z,Not applicable,_T,Total,XDC,National currency,V,Current prices,N,Non transformed data,T0117,Table 0117 - Final consumption expenditure of households by durability,2015,,10772.85,,,,F,Free (free for publication),1,One,A,Normal value,6,Millions,EUR,Euro
DATAFLOW,OECD.SDD.NAD:DSD_NAMAIN10@DF_TABLE5_T501(1.0),Annual household final consumption expenditure by purpose (COICOP),I,A,Annual,EST,Estonia,S14,Households,S1,Total economy,P31DC,Final consumption expenditure of residents and non-residents on the territory,_Z,Not applicable,_Z,Not applicable,_T,Total,XDC,National currency,V,Current prices,N,Non transformed data,T0117,Table 0117 - Final consumption expenditure of households by durability,2016,,11259.05,,,,F,Free (free for publication),1,One,A,Normal value,6,Millions,EUR,Euro
DATAFLOW,OECD.SDD.NAD:DSD_NAMAIN10@DF_TABLE5_T501(1.0),Annual household final consumption expenditure by purpose (COICOP),I,A,Annual,EST,Estonia,S14,Households,S1,Total economy,P31DC,Final consumption expenditure of residents and non-residents on the territory,_Z,Not applicable,_Z,Not applicable,_T,Total,XDC,National currency,V,Current prices,N,Non transformed data,T0117,Table 0117 - Final consumption expenditure of households by durability,2017,,12024.86,,,,F,Free (free for publication),1,One,A,Normal value,6,Millions,EUR,Euro
DATAFLOW,OECD.SDD.NAD:DSD_NAMAIN10@DF_TABLE5_T501(1.0),Annual household final consumption expenditure by purpose (COICOP),I,A,Annual,EST,Estonia,S14,Households,S1,Total economy,P31DC,Final consumption expenditure of residents and non-residents on the territory,_Z,Not applicable,_Z,Not applicable,_T,Total,XDC,National currency,V,Current prices,N,Non transformed data,T0117,Table 0117 - Final consumption expenditure of households by durability,2018,,12929.85,,,,F,Free (free for publication),1,One,A,Normal value,6,Millions,EUR,Euro
DATAFLOW,OECD.SDD.NAD:DSD_NAMAIN10@DF_TABLE5_T501(1.0),Annual household final consumption expenditure by purpose (COICOP),I,A,Annual,EST,Estonia,S14,Households,S1,Total economy,P31DC,Final consumption expenditure of residents and non-residents on the territory,_Z,Not applicable,_Z,Not applicable,_T,Total,XDC,National currency,V,Current prices,N,Non transformed data,T0117,Table 0117 - Final consumption expenditure of households by durability,2019,,13775.18,,,,F,Free (free for publication),1,One,A,Normal value,6,Millions,EUR,Euro
DATAFLOW,OECD.SDD.NAD:DSD_NAMAIN10@DF_TABLE5_T501(1.0),Annual household final consumption expenditure by purpose (COICOP),I,A,Annual,EST,Estonia,S14,Households,S1,Total economy,P31DC,Final consumption expenditure of residents and non-residents on the territory,_Z,Not applicable,_Z,Not applicable,_T,Total,XDC,National currency,V,Current prices,N,Non transformed data,T0117,Table 0117 - Final consumption expenditure of households by durability,2020,,13210.37,,,,F,Free (free for publication),1,One,A,Normal value,6,Millions,EUR,Euro
DATAFLOW,OECD.SDD.NAD:DSD_NAMAIN10@DF_TABLE5_T501(1.0),Annual household final consumption expenditure by purpose (COICOP),I,A,Annual,EST,Estonia,S14,Households,S1,Total economy,P31DC,Final consumption expenditure of residents and non-residents on the territory,_Z,Not applicable,_Z,Not applicable,_T,Total,XDC,National currency,V,Current prices,N,Non transformed data,T0117,Table 0117 - Final consumption expenditure of households by durability,2021,,14991.4,,,,F,Free (free for publication),1,One,A,Normal value,6,Millions,EUR,Euro
DATAFLOW,OECD.SDD.NAD:DSD_NAMAIN10@DF_TABLE5_T501(1.0),Annual household final consumption expenditure by purpose (COICOP),I,A,Annual,EST,Estonia,S14,Households,S1,Total economy,P31DC,Final consumption expenditure of residents and non-residents on the territory,_Z,Not applicable,_Z,Not applicable,_T,Total,XDC,National currency,V,Current prices,N,Non transformed data,T0117,Table 0117 - Final consumption expenditure of households by durability,2022,,18126.7,,,,F,Free (free for publication),1,One,A,Normal value,6,Millions,EUR,Euro
DATAFLOW,OECD.SDD.NAD:DSD_NAMAIN10@DF_TABLE5_T501(1.0),Annual household final consumption expenditure by purpose (COICOP),I,A,Annual,AUT,Austria,S14,Households,S1,Total economy,P31DC,Final consumption expenditure of residents and non-residents on the territory,_Z,Not applicable,_Z,Not applicable,_T,Total,XDC,National currency,V,Current prices,N,Non transformed data,T0117,Table 0117 - Final consumption expenditure of households by durability,1995,,98018.91,,,,F,Free (free for publication),1,One,A,Normal value,6,Millions,EUR,Euro
DATAFLOW,OECD.SDD.NAD:DSD_NAMAIN10@DF_TABLE5_T501(1.0),Annual household final consumption expenditure by purpose (COICOP),I,A,Annual,AUT,Austria,S14,Households,S1,Total economy,P31DC,Final consumption expenditure of residents and non-residents on the territory,_Z,Not applicable,_Z,Not applicable,_T,Total,XDC,National currency,V,Current prices,N,Non transformed data,T0117,Table 0117 - Final consumption expenditure of households by durability,1996,,101892.27,,,,F,Free (free for publication),1,One,A,Normal value,6,Millions,EUR,Euro
DATAFLOW,OECD.SDD.NAD:DSD_NAMAIN10@DF_TABLE5_T501(1.0),Annual household final consumption expenditure by purpose (COICOP),I,A,Annual,AUT,Austria,S14,Households,S1,Total economy,P31DC,Final consumption expenditure of residents and non-residents on the territory,_Z,Not applicable,_Z,Not applicable,_T,Total,XDC,National currency,V,Current prices,N,Non transformed data,T0117,Table 0117 - Final consumption expenditure of households by durability,1997,,103490.19,,,,F,Free (free for publication),1,One,A,Normal value,6,Millions,EUR,Euro
DATAFLOW,OECD.SDD.NAD:DSD_NAMAIN10@DF_TABLE5_T501(1.0),Annual household final consumption expenditure by purpose (COICOP),I,A,Annual,AUT,Austria,S14,Households,S1,Total economy,P31DC,Final consumption expenditure of residents and non-residents on the territory,_Z,Not applicable,_Z,Not applicable,_T,Total,XDC,National currency,V,Current prices,N,Non transformed data,T0117,Table 0117 - Final consumption expenditure of households by durability,1998,,106811.42,,,,F,Free (free for publication),1,One,A,Normal value,6,Millions,EUR,Euro
DATAFLOW,OECD.SDD.NAD:DSD_NAMAIN10@DF_TABLE5_T501(1.0),Annual household final consumption expenditure by purpose (COICOP),I,A,Annual,AUT,Austria,S14,Households,S1,Total economy,P31DC,Final consumption expenditure of residents and non-residents on the territory,_Z,Not applicable,_Z,Not applicable,_T,Total,XDC,National currency,V,Current prices,N,Non transformed data,T0117,Table 0117 - Final consumption expenditure of households by durability,1999,,109738.95,,,,F,Free (free for publication),1,One,A,Normal value,6,Millions,EUR,Euro
DATAFLOW,OECD.SDD.NAD:DSD_NAMAIN10@DF_TABLE5_T501(1.0),Annual household final consumption expenditure by purpose (COICOP),I,A,Annual,AUT,Austria,S14,Households,S1,Total economy,P31DC,Final consumption expenditure of residents and non-residents on the territory,_Z,Not applicable,_Z,Not applicable,_T,Total,XDC,National currency,V,Current prices,N,Non transformed data,T0117,Table 0117 - Final consumption expenditure of households by durability,2000,,115443.39,,,,F,Free (free for publication),1,One,A,Normal value,6,Millions,EUR,Euro
DATAFLOW,OECD.SDD.NAD:DSD_NAMAIN10@DF_TABLE5_T501(1.0),Annual household final consumption expenditure by purpose (COICOP),I,A,Annual,AUT,Austria,S14,Households,S1,Total economy,P31DC,Final consumption expenditure of residents and non-residents on the territory,_Z,Not applicable,_Z,Not applicable,_T,Total,XDC,National currency,V,Current prices,N,Non transformed data,T0117,Table 0117 - Final consumption expenditure of households by durability,2001,,119540.95,,,,F,Free (free for publication),1,One,A,Normal value,6,Millions,EUR,Euro
DATAFLOW,OECD.SDD.NAD:DSD_NAMAIN10@DF_TABLE5_T501(1.0),Annual household final consumption expenditure by purpose (COICOP),I,A,Annual,AUT,Austria,S14,Households,S1,Total economy,P31DC,Final consumption expenditure of residents and non-residents on the territory,_Z,Not applicable,_Z,Not applicable,_T,Total,XDC,National currency,V,Current prices,N,Non transformed data,T0117,Table 0117 - Final consumption expenditure of households by durability,2002,,121797.79,,,,F,Free (free for publication),1,One,A,Normal value,6,Millions,EUR,Euro
DATAFLOW,OECD.SDD.NAD:DSD_NAMAIN10@DF_TABLE5_T501(1.0),Annual household final consumption expenditure by purpose (COICOP),I,A,Annual,AUT,Austria,S14,Households,S1,Total economy,P31DC,Final consumption expenditure of residents and non-residents on the territory,_Z,Not applicable,_Z,Not applicable,_T,Total,XDC,National currency,V,Current prices,N,Non transformed data,T0117,Table 0117 - Final consumption expenditure of households by durability,2003,,125613.39,,,,F,Free (free for publication),1,One,A,Normal value,6,Millions,EUR,Euro
DATAFLOW,OECD.SDD.NAD:DSD_NAMAIN10@DF_TABLE5_T501(1.0),Annual household final consumption expenditure by purpose (COICOP),I,A,Annual,AUT,Austria,S14,Households,S1,Total economy,P31DC,Final consumption expenditure of residents and non-residents on the territory,_Z,Not applicable,_Z,Not applicable,_T,Total,XDC,National currency,V,Current prices,N,Non transformed data,T0117,Table 0117 - Final consumption expenditure of households by durability,2004,,130855.49,,,,F,Free (free for publication),1,One,A,Normal value,6,Millions,EUR,Euro
DATAFLOW,OECD.SDD.NAD:DSD_NAMAIN10@DF_TABLE5_T501(1.0),Annual household final consumption expenditure by purpose (COICOP),I,A,Annual,AUT,Austria,S14,Households,S1,Total economy,P31DC,Final consumption expenditure of residents and non-residents on the territory,_Z,Not applicable,_Z,Not applicable,_T,Total,XDC,National currency,V,Current prices,N,Non transformed data,T0117,Table 0117 - Final consumption expenditure of households by durability,2005,,137193.99,,,,F,Free (free for publication),1,One,A,Normal value,6,Millions,EUR,Euro
DATAFLOW,OECD.SDD.NAD:DSD_NAMAIN10@DF_TABLE5_T501(1.0),Annual household final consumption expenditure by purpose (COICOP),I,A,Annual,AUT,Austria,S14,Households,S1,Total economy,P31DC,Final consumption expenditure of residents and non-residents on the territory,_Z,Not applicable,_Z,Not applicable,_T,Total,XDC,National currency,V,Current prices,N,Non transformed data,T0117,Table 0117 - Final consumption expenditure of households by durability,2006,,142683.32,,,,F,Free (free for publication),1,One,A,Normal value,6,Millions,EUR,Euro
DATAFLOW,OECD.SDD.NAD:DSD_NAMAIN10@DF_TABLE5_T501(1.0),Annual household final consumption expenditure by purpose (COICOP),I,A,Annual,AUT,Austria,S14,Households,S1,Total economy,P31DC,Final consumption expenditure of residents and non-residents on the territory,_Z,Not applicable,_Z,Not applicable,_T,Total,XDC,National currency,V,Current prices,N,Non transformed data,T0117,Table 0117 - Final consumption expenditure of households by durability,2007,,147969.48,,,,F,Free (free for publication),1,One,A,Normal value,6,Millions,EUR,Euro
DATAFLOW,OECD.SDD.NAD:DSD_NAMAIN10@DF_TABLE5_T501(1.0),Annual household final consumption expenditure by purpose (COICOP),I,A,Annual,AUT,Austria,S14,Households,S1,Total economy,P31DC,Final consumption expenditure of residents and non-residents on the territory,_Z,Not applicable,_Z,Not applicable,_T,Total,XDC,National currency,V,Current prices,N,Non transformed data,T0117,Table 0117 - Final consumption expenditure of households by durability,2008,,153183.39,,,,F,Free (free for publication),1,One,A,Normal value,6,Millions,EUR,Euro
DATAFLOW,OECD.SDD.NAD:DSD_NAMAIN10@DF_TABLE5_T501(1.0),Annual household final consumption expenditure by purpose (COICOP),I,A,Annual,AUT,Austria,S14,Households,S1,Total economy,P31DC,Final consumption expenditure of residents and non-residents on the territory,_Z,Not applicable,_Z,Not applicable,_T,Total,XDC,National currency,V,Current prices,N,Non transformed data,T0117,Table 0117 - Final consumption expenditure of households by durability,2009,,153680.69,,,,F,Free (free for publication),1,One,A,Normal value,6,Millions,EUR,Euro
DATAFLOW,OECD.SDD.NAD:DSD_NAMAIN10@DF_TABLE5_T501(1.0),Annual household final consumption expenditure by purpose (COICOP),I,A,Annual,AUT,Austria,S14,Households,S1,Total economy,P31DC,Final consumption expenditure of residents and non-residents on the territory,_Z,Not applicable,_Z,Not applicable,_T,Total,XDC,National currency,V,Current prices,N,Non transformed data,T0117,Table 0117 - Final consumption expenditure of households by durability,2010,,158025,,,,F,Free (free for publication),1,One,A,Normal value,6,Millions,EUR,Euro
DATAFLOW,OECD.SDD.NAD:DSD_NAMAIN10@DF_TABLE5_T501(1.0),Annual household final consumption expenditure by purpose (COICOP),I,A,Annual,AUT,Austria,S14,Households,S1,Total economy,P31DC,Final consumption expenditure of residents and non-residents on the territory,_Z,Not applicable,_Z,Not applicable,_T,Total,XDC,National currency,V,Current prices,N,Non transformed data,T0117,Table 0117 - Final consumption expenditure of households by durability,2011,,165633.75,,,,F,Free (free for publication),1,One,A,Normal value,6,Millions,EUR,Euro
DATAFLOW,OECD.SDD.NAD:DSD_NAMAIN10@DF_TABLE5_T501(1.0),Annual household final consumption expenditure by purpose (COICOP),I,A,Annual,AUT,Austria,S14,Households,S1,Total economy,P31DC,Final consumption expenditure of residents and non-residents on the territory,_Z,Not applicable,_Z,Not applicable,_T,Total,XDC,National currency,V,Current prices,N,Non transformed data,T0117,Table 0117 - Final consumption expenditure of households by durability,2012,,170584.53,,,,F,Free (free for publication),1,One,A,Normal value,6,Millions,EUR,Euro
DATAFLOW,OECD.SDD.NAD:DSD_NAMAIN10@DF_TABLE5_T501(1.0),Annual household final consumption expenditure by purpose (COICOP),I,A,Annual,AUT,Austria,S14,Households,S1,Total economy,P31DC,Final consumption expenditure of residents and non-residents on the territory,_Z,Not applicable,_Z,Not applicable,_T,Total,XDC,National currency,V,Current prices,N,Non transformed data,T0117,Table 0117 - Final consumption expenditure of households by durability,2013,,174241,,,,F,Free (free for publication),1,One,A,Normal value,6,Millions,EUR,Euro
DATAFLOW,OECD.SDD.NAD:DSD_NAMAIN10@DF_TABLE5_T501(1.0),Annual household final consumption expenditure by purpose (COICOP),I,A,Annual,AUT,Austria,S14,Households,S1,Total economy,P31DC,Final consumption expenditure of residents and non-residents on the territory,_Z,Not applicable,_Z,Not applicable,_T,Total,XDC,National currency,V,Current prices,N,Non transformed data,T0117,Table 0117 - Final consumption expenditure of households by durability,2014,,177798.69,,,,F,Free (free for publication),1,One,A,Normal value,6,Millions,EUR,Euro
DATAFLOW,OECD.SDD.NAD:DSD_NAMAIN10@DF_TABLE5_T501(1.0),Annual household final consumption expenditure by purpose (COICOP),I,A,Annual,AUT,Austria,S14,Households,S1,Total economy,P31DC,Final consumption expenditure of residents and non-residents on the territory,_Z,Not applicable,_Z,Not applicable,_T,Total,XDC,National currency,V,Current prices,N,Non transformed data,T0117,Table 0117 - Final consumption expenditure of households by durability,2015,,181398.42,,,,F,Free (free for publication),1,One,A,Normal value,6,Millions,EUR,Euro
DATAFLOW,OECD.SDD.NAD:DSD_NAMAIN10@DF_TABLE5_T501(1.0),Annual household final consumption expenditure by purpose (COICOP),I,A,Annual,AUT,Austria,S14,Households,S1,Total economy,P31DC,Final consumption expenditure of residents and non-residents on the territory,_Z,Not applicable,_Z,Not applicable,_T,Total,XDC,National currency,V,Current prices,N,Non transformed data,T0117,Table 0117 - Final consumption expenditure of households by durability,2016,,187075.83,,,,F,Free (free for publication),1,One,A,Normal value,6,Millions,EUR,Euro
DATAFLOW,OECD.SDD.NAD:DSD_NAMAIN10@DF_TABLE5_T501(1.0),Annual household final consumption expenditure by purpose (COICOP),I,A,Annual,AUT,Austria,S14,Households,S1,Total economy,P31DC,Final consumption expenditure of residents and non-residents on the territory,_Z,Not applicable,_Z,Not applicable,_T,Total,XDC,National currency,V,Current prices,N,Non transformed data,T0117,Table 0117 - Final consumption expenditure of households by durability,2017,,193752.04,,,,F,Free (free for publication),1,One,A,Normal value,6,Millions,EUR,Euro
DATAFLOW,OECD.SDD.NAD:DSD_NAMAIN10@DF_TABLE5_T501(1.0),Annual household final consumption expenditure by purpose (COICOP),I,A,Annual,AUT,Austria,S14,Households,S1,Total economy,P31DC,Final consumption expenditure of residents and non-residents on the territory,_Z,Not applicable,_Z,Not applicable,_T,Total,XDC,National currency,V,Current prices,N,Non transformed data,T0117,Table 0117 - Final consumption expenditure of households by durability,2018,,200085.71,,,,F,Free (free for publication),1,One,A,Normal value,6,Millions,EUR,Euro
DATAFLOW,OECD.SDD.NAD:DSD_NAMAIN10@DF_TABLE5_T501(1.0),Annual household final consumption expenditure by purpose (COICOP),I,A,Annual,AUT,Austria,S14,Households,S1,Total economy,P31DC,Final consumption expenditure of residents and non-residents on the territory,_Z,Not applicable,_Z,Not applicable,_T,Total,XDC,National currency,V,Current prices,N,Non transformed data,T0117,Table 0117 - Final consumption expenditure of households by durability,2019,,204678.81,,,,F,Free (free for publication),1,One,A,Normal value,6,Millions,EUR,Euro
DATAFLOW,OECD.SDD.NAD:DSD_NAMAIN10@DF_TABLE5_T501(1.0),Annual household final consumption expenditure by purpose (COICOP),I,A,Annual,AUT,Austria,S14,Households,S1,Total economy,P31DC,Final consumption expenditure of residents and non-residents on the territory,_Z,Not applicable,_Z,Not applicable,_T,Total,XDC,National currency,V,Current prices,N,Non transformed data,T0117,Table 0117 - Final consumption expenditure of households by durability,2020,,187510.1,,,,F,Free (free for publication),1,One,A,Normal value,6,Millions,EUR,Euro
DATAFLOW,OECD.SDD.NAD:DSD_NAMAIN10@DF_TABLE5_T501(1.0),Annual household final consumption expenditure by purpose (COICOP),I,A,Annual,AUT,Austria,S14,Households,S1,Total economy,P31DC,Final consumption expenditure of residents and non-residents on the territory,_Z,Not applicable,_Z,Not applicable,_T,Total,XDC,National currency,V,Current prices,N,Non transformed data,T0117,Table 0117 - Final consumption expenditure of households by durability,2021,,194235.88,,,,F,Free (free for publication),1,One,A,Normal value,6,Millions,EUR,Euro
DATAFLOW,OECD.SDD.NAD:DSD_NAMAIN10@DF_TABLE5_T501(1.0),Annual household final consumption expenditure by purpose (COICOP),I,A,Annual,AUT,Austria,S14,Households,S1,Total economy,P31DC,Final consumption expenditure of residents and non-residents on the territory,_Z,Not applicable,_Z,Not applicable,_T,Total,XDC,National currency,V,Current prices,N,Non transformed data,T0117,Table 0117 - Final consumption expenditure of households by durability,2022,,225953.75,,,,F,Free (free for publication),1,One,A,Normal value,6,Millions,EUR,Euro
DATAFLOW,OECD.SDD.NAD:DSD_NAMAIN10@DF_TABLE5_T501(1.0),Annual household final consumption expenditure by purpose (COICOP),I,A,Annual,AUT,Austria,S14,Households,S1,Total economy,P31DC,Final consumption expenditure of residents and non-residents on the territory,_Z,Not applicable,_Z,Not applicable,_T,Total,XDC,National currency,V,Current prices,N,Non transformed data,T0117,Table 0117 - Final consumption expenditure of households by durability,2023,,243825.77,,,,F,Free (free for publication),1,One,A,Normal value,6,Millions,EUR,Euro
DATAFLOW,OECD.SDD.NAD:DSD_NAMAIN10@DF_TABLE5_T501(1.0),Annual household final consumption expenditure by purpose (COICOP),I,A,Annual,ITA,Italy,S14,Households,S1,Total economy,P31DC,Final consumption expenditure of residents and non-residents on the territory,_Z,Not applicable,_Z,Not applicable,_T,Total,XDC,National currency,V,Current prices,N,Non transformed data,T0117,Table 0117 - Final consumption expenditure of households by durability,1995,,591935.5,,,,F,Free (free for publication),1,One,A,Normal value,6,Millions,EUR,Euro
DATAFLOW,OECD.SDD.NAD:DSD_NAMAIN10@DF_TABLE5_T501(1.0),Annual household final consumption expenditure by purpose (COICOP),I,A,Annual,ITA,Italy,S14,Households,S1,Total economy,P31DC,Final consumption expenditure of residents and non-residents on the territory,_Z,Not applicable,_Z,Not applicable,_T,Total,XDC,National currency,V,Current prices,N,Non transformed data,T0117,Table 0117 - Final consumption expenditure of households by durability,1996,,621451,,,,F,Free (free for publication),1,One,A,Normal value,6,Millions,EUR,Euro
DATAFLOW,OECD.SDD.NAD:DSD_NAMAIN10@DF_TABLE5_T501(1.0),Annual household final consumption expenditure by purpose (COICOP),I,A,Annual,ITA,Italy,S14,Households,S1,Total economy,P31DC,Final consumption expenditure of residents and non-residents on the territory,_Z,Not applicable,_Z,Not applicable,_T,Total,XDC,National currency,V,Current prices,N,Non transformed data,T0117,Table 0117 - Final consumption expenditure of households by durability,1997,,655771.1,,,,F,Free (free for publication),1,One,A,Normal value,6,Millions,EUR,Euro
DATAFLOW,OECD.SDD.NAD:DSD_NAMAIN10@DF_TABLE5_T501(1.0),Annual household final consumption expenditure by purpose (COICOP),I,A,Annual,ITA,Italy,S14,Households,S1,Total economy,P31DC,Final consumption expenditure of residents and non-residents on the territory,_Z,Not applicable,_Z,Not applicable,_T,Total,XDC,National currency,V,Current prices,N,Non transformed data,T0117,Table 0117 - Final consumption expenditure of households by durability,1998,,689421.4,,,,F,Free (free for publication),1,One,A,Normal value,6,Millions,EUR,Euro
DATAFLOW,OECD.SDD.NAD:DSD_NAMAIN10@DF_TABLE5_T501(1.0),Annual household final consumption expenditure by purpose (COICOP),I,A,Annual,ITA,Italy,S14,Households,S1,Total economy,P31DC,Final consumption expenditure of residents and non-residents on the territory,_Z,Not applicable,_Z,Not applicable,_T,Total,XDC,National currency,V,Current prices,N,Non transformed data,T0117,Table 0117 - Final consumption expenditure of households by durability,1999,,719273.3,,,,F,Free (free for publication),1,One,A,Normal value,6,Millions,EUR,Euro
DATAFLOW,OECD.SDD.NAD:DSD_NAMAIN10@DF_TABLE5_T501(1.0),Annual household final consumption expenditure by purpose (COICOP),I,A,Annual,ITA,Italy,S14,Households,S1,Total economy,P31DC,Final consumption expenditure of residents and non-residents on the territory,_Z,Not applicable,_Z,Not applicable,_T,Total,XDC,National currency,V,Current prices,N,Non transformed data,T0117,Table 0117 - Final consumption expenditure of households by durability,2000,,763200.7,,,,F,Free (free for publication),1,One,A,Normal value,6,Millions,EUR,Euro
DATAFLOW,OECD.SDD.NAD:DSD_NAMAIN10@DF_TABLE5_T501(1.0),Annual household final consumption expenditure by purpose (COICOP),I,A,Annual,ITA,Italy,S14,Households,S1,Total economy,P31DC,Final consumption expenditure of residents and non-residents on the territory,_Z,Not applicable,_Z,Not applicable,_T,Total,XDC,National currency,V,Current prices,N,Non transformed data,T0117,Table 0117 - Final consumption expenditure of households by durability,2001,,786077.1,,,,F,Free (free for publication),1,One,A,Normal value,6,Millions,EUR,Euro
DATAFLOW,OECD.SDD.NAD:DSD_NAMAIN10@DF_TABLE5_T501(1.0),Annual household final consumption expenditure by purpose (COICOP),I,A,Annual,ITA,Italy,S14,Households,S1,Total economy,P31DC,Final consumption expenditure of residents and non-residents on the territory,_Z,Not applicable,_Z,Not applicable,_T,Total,XDC,National currency,V,Current prices,N,Non transformed data,T0117,Table 0117 - Final consumption expenditure of households by durability,2002,,806593.4,,,,F,Free (free for publication),1,One,A,Normal value,6,Millions,EUR,Euro
DATAFLOW,OECD.SDD.NAD:DSD_NAMAIN10@DF_TABLE5_T501(1.0),Annual household final consumption expenditure by purpose (COICOP),I,A,Annual,ITA,Italy,S14,Households,S1,Total economy,P31DC,Final consumption expenditure of residents and non-residents on the territory,_Z,Not applicable,_Z,Not applicable,_T,Total,XDC,National currency,V,Current prices,N,Non transformed data,T0117,Table 0117 - Final consumption expenditure of households by durability,2003,,835347,,,,F,Free (free for publication),1,One,A,Normal value,6,Millions,EUR,Euro
DATAFLOW,OECD.SDD.NAD:DSD_NAMAIN10@DF_TABLE5_T501(1.0),Annual household final consumption expenditure by purpose (COICOP),I,A,Annual,ITA,Italy,S14,Households,S1,Total economy,P31DC,Final consumption expenditure of residents and non-residents on the territory,_Z,Not applicable,_Z,Not applicable,_T,Total,XDC,National currency,V,Current prices,N,Non transformed data,T0117,Table 0117 - Final consumption expenditure of households by durability,2004,,865503.4,,,,F,Free (free for publication),1,One,A,Normal value,6,Millions,EUR,Euro
DATAFLOW,OECD.SDD.NAD:DSD_NAMAIN10@DF_TABLE5_T501(1.0),Annual household final consumption expenditure by purpose (COICOP),I,A,Annual,ITA,Italy,S14,Households,S1,Total economy,P31DC,Final consumption expenditure of residents and non-residents on the territory,_Z,Not applicable,_Z,Not applicable,_T,Total,XDC,National currency,V,Current prices,N,Non transformed data,T0117,Table 0117 - Final consumption expenditure of households by durability,2005,,893027.6,,,,F,Free (free for publication),1,One,A,Normal value,6,Millions,EUR,Euro
DATAFLOW,OECD.SDD.NAD:DSD_NAMAIN10@DF_TABLE5_T501(1.0),Annual household final consumption expenditure by purpose (COICOP),I,A,Annual,ITA,Italy,S14,Households,S1,Total economy,P31DC,Final consumption expenditure of residents and non-residents on the territory,_Z,Not applicable,_Z,Not applicable,_T,Total,XDC,National currency,V,Current prices,N,Non transformed data,T0117,Table 0117 - Final consumption expenditure of households by durability,2006,,929831.3,,,,F,Free (free for publication),1,One,A,Normal value,6,Millions,EUR,Euro
DATAFLOW,OECD.SDD.NAD:DSD_NAMAIN10@DF_TABLE5_T501(1.0),Annual household final consumption expenditure by purpose (COICOP),I,A,Annual,ITA,Italy,S14,Households,S1,Total economy,P31DC,Final consumption expenditure of residents and non-residents on the territory,_Z,Not applicable,_Z,Not applicable,_T,Total,XDC,National currency,V,Current prices,N,Non transformed data,T0117,Table 0117 - Final consumption expenditure of households by durability,2007,,961082.8,,,,F,Free (free for publication),1,One,A,Normal value,6,Millions,EUR,Euro
DATAFLOW,OECD.SDD.NAD:DSD_NAMAIN10@DF_TABLE5_T501(1.0),Annual household final consumption expenditure by purpose (COICOP),I,A,Annual,ITA,Italy,S14,Households,S1,Total economy,P31DC,Final consumption expenditure of residents and non-residents on the territory,_Z,Not applicable,_Z,Not applicable,_T,Total,XDC,National currency,V,Current prices,N,Non transformed data,T0117,Table 0117 - Final consumption expenditure of households by durability,2008,,979822.6,,,,F,Free (free for publication),1,One,A,Normal value,6,Millions,EUR,Euro
DATAFLOW,OECD.SDD.NAD:DSD_NAMAIN10@DF_TABLE5_T501(1.0),Annual household final consumption expenditure by purpose (COICOP),I,A,Annual,ITA,Italy,S14,Households,S1,Total economy,P31DC,Final consumption expenditure of residents and non-residents on the territory,_Z,Not applicable,_Z,Not applicable,_T,Total,XDC,National currency,V,Current prices,N,Non transformed data,T0117,Table 0117 - Final consumption expenditure of households by durability,2009,,957430.7,,,,F,Free (free for publication),1,One,A,Normal value,6,Millions,EUR,Euro
DATAFLOW,OECD.SDD.NAD:DSD_NAMAIN10@DF_TABLE5_T501(1.0),Annual household final consumption expenditure by purpose (COICOP),I,A,Annual,ITA,Italy,S14,Households,S1,Total economy,P31DC,Final consumption expenditure of residents and non-residents on the territory,_Z,Not applicable,_Z,Not applicable,_T,Total,XDC,National currency,V,Current prices,N,Non transformed data,T0117,Table 0117 - Final consumption expenditure of households by durability,2010,,982604,,,,F,Free (free for publication),1,One,A,Normal value,6,Millions,EUR,Euro
DATAFLOW,OECD.SDD.NAD:DSD_NAMAIN10@DF_TABLE5_T501(1.0),Annual household final consumption expenditure by purpose (COICOP),I,A,Annual,ITA,Italy,S14,Households,S1,Total economy,P31DC,Final consumption expenditure of residents and non-residents on the territory,_Z,Not applicable,_Z,Not applicable,_T,Total,XDC,National currency,V,Current prices,N,Non transformed data,T0117,Table 0117 - Final consumption expenditure of households by durability,2011,,1013276.4,,,,F,Free (free for publication),1,One,A,Normal value,6,Millions,EUR,Euro
DATAFLOW,OECD.SDD.NAD:DSD_NAMAIN10@DF_TABLE5_T501(1.0),Annual household final consumption expenditure by purpose (COICOP),I,A,Annual,ITA,Italy,S14,Households,S1,Total economy,P31DC,Final consumption expenditure of residents and non-residents on the territory,_Z,Not applicable,_Z,Not applicable,_T,Total,XDC,National currency,V,Current prices,N,Non transformed data,T0117,Table 0117 - Final consumption expenditure of households by durability,2012,,1003045,,,,F,Free (free for publication),1,One,A,Normal value,6,Millions,EUR,Euro
DATAFLOW,OECD.SDD.NAD:DSD_NAMAIN10@DF_TABLE5_T501(1.0),Annual household final consumption expenditure by purpose (COICOP),I,A,Annual,ITA,Italy,S14,Households,S1,Total economy,P31DC,Final consumption expenditure of residents and non-residents on the territory,_Z,Not applicable,_Z,Not applicable,_T,Total,XDC,National currency,V,Current prices,N,Non transformed data,T0117,Table 0117 - Final consumption expenditure of households by durability,2013,,990599.5,,,,F,Free (free for publication),1,One,A,Normal value,6,Millions,EUR,Euro
DATAFLOW,OECD.SDD.NAD:DSD_NAMAIN10@DF_TABLE5_T501(1.0),Annual household final consumption expenditure by purpose (COICOP),I,A,Annual,ITA,Italy,S14,Households,S1,Total economy,P31DC,Final consumption expenditure of residents and non-residents on the territory,_Z,Not applicable,_Z,Not applicable,_T,Total,XDC,National currency,V,Current prices,N,Non transformed data,T0117,Table 0117 - Final consumption expenditure of households by durability,2014,,994358.3,,,,F,Free (free for publication),1,One,A,Normal value,6,Millions,EUR,Euro
DATAFLOW,OECD.SDD.NAD:DSD_NAMAIN10@DF_TABLE5_T501(1.0),Annual household final consumption expenditure by purpose (COICOP),I,A,Annual,ITA,Italy,S14,Households,S1,Total economy,P31DC,Final consumption expenditure of residents and non-residents on the territory,_Z,Not applicable,_Z,Not applicable,_T,Total,XDC,National currency,V,Current prices,N,Non transformed data,T0117,Table 0117 - Final consumption expenditure of households by durability,2015,,1015428.2,,,,F,Free (free for publication),1,One,A,Normal value,6,Millions,EUR,Euro
DATAFLOW,OECD.SDD.NAD:DSD_NAMAIN10@DF_TABLE5_T501(1.0),Annual household final consumption expenditure by purpose (COICOP),I,A,Annual,ITA,Italy,S14,Households,S1,Total economy,P31DC,Final consumption expenditure of residents and non-residents on the territory,_Z,Not applicable,_Z,Not applicable,_T,Total,XDC,National currency,V,Current prices,N,Non transformed data,T0117,Table 0117 - Final consumption expenditure of households by durability,2016,,1029343.2,,,,F,Free (free for publication),1,One,A,Normal value,6,Millions,EUR,Euro
DATAFLOW,OECD.SDD.NAD:DSD_NAMAIN10@DF_TABLE5_T501(1.0),Annual household final consumption expenditure by purpose (COICOP),I,A,Annual,ITA,Italy,S14,Households,S1,Total economy,P31DC,Final consumption expenditure of residents and non-residents on the territory,_Z,Not applicable,_Z,Not applicable,_T,Total,XDC,National currency,V,Current prices,N,Non transformed data,T0117,Table 0117 - Final consumption expenditure of households by durability,2017,,1056495.3,,,,F,Free (free for publication),1,One,A,Normal value,6,Millions,EUR,Euro
DATAFLOW,OECD.SDD.NAD:DSD_NAMAIN10@DF_TABLE5_T501(1.0),Annual household final consumption expenditure by purpose (COICOP),I,A,Annual,ITA,Italy,S14,Households,S1,Total economy,P31DC,Final consumption expenditure of residents and non-residents on the territory,_Z,Not applicable,_Z,Not applicable,_T,Total,XDC,National currency,V,Current prices,N,Non transformed data,T0117,Table 0117 - Final consumption expenditure of households by durability,2018,,1077803.3,,,,F,Free (free for publication),1,One,A,Normal value,6,Millions,EUR,Euro
DATAFLOW,OECD.SDD.NAD:DSD_NAMAIN10@DF_TABLE5_T501(1.0),Annual household final consumption expenditure by purpose (COICOP),I,A,Annual,ITA,Italy,S14,Households,S1,Total economy,P31DC,Final consumption expenditure of residents and non-residents on the territory,_Z,Not applicable,_Z,Not applicable,_T,Total,XDC,National currency,V,Current prices,N,Non transformed data,T0117,Table 0117 - Final consumption expenditure of households by durability,2019,,1087379.4,,,,F,Free (free for publication),1,One,A,Normal value,6,Millions,EUR,Euro
DATAFLOW,OECD.SDD.NAD:DSD_NAMAIN10@DF_TABLE5_T501(1.0),Annual household final consumption expenditure by purpose (COICOP),I,A,Annual,ITA,Italy,S14,Households,S1,Total economy,P31DC,Final consumption expenditure of residents and non-residents on the territory,_Z,Not applicable,_Z,Not applicable,_T,Total,XDC,National currency,V,Current prices,N,Non transformed data,T0117,Table 0117 - Final consumption expenditure of households by durability,2020,,965722.1,,,,F,Free (free for publication),1,One,A,Normal value,6,Millions,EUR,Euro
DATAFLOW,OECD.SDD.NAD:DSD_NAMAIN10@DF_TABLE5_T501(1.0),Annual household final consumption expenditure by purpose (COICOP),I,A,Annual,ITA,Italy,S14,Households,S1,Total economy,P31DC,Final consumption expenditure of residents and non-residents on the territory,_Z,Not applicable,_Z,Not applicable,_T,Total,XDC,National currency,V,Current prices,N,Non transformed data,T0117,Table 0117 - Final consumption expenditure of households by durability,2021,,1035958.5,,,,F,Free (free for publication),1,One,A,Normal value,6,Millions,EUR,Euro
DATAFLOW,OECD.SDD.NAD:DSD_NAMAIN10@DF_TABLE5_T501(1.0),Annual household final consumption expenditure by purpose (COICOP),I,A,Annual,ITA,Italy,S14,Households,S1,Total economy,P31DC,Final consumption expenditure of residents and non-residents on the territory,_Z,Not applicable,_Z,Not applicable,_T,Total,XDC,National currency,V,Current prices,N,Non transformed data,T0117,Table 0117 - Final consumption expenditure of households by durability,2022,,1179567.5,,,,F,Free (free for publication),1,One,A,Normal value,6,Millions,EUR,Euro
DATAFLOW,OECD.SDD.NAD:DSD_NAMAIN10@DF_TABLE5_T501(1.0),Annual household final consumption expenditure by purpose (COICOP),I,A,Annual,ITA,Italy,S14,Households,S1,Total economy,P31DC,Final consumption expenditure of residents and non-residents on the territory,_Z,Not applicable,_Z,Not applicable,_T,Total,XDC,National currency,V,Current prices,N,Non transformed data,T0117,Table 0117 - Final consumption expenditure of households by durability,2023,,1257106,,,,F,Free (free for publication),1,One,A,Normal value,6,Millions,EUR,Euro
DATAFLOW,OECD.SDD.NAD:DSD_NAMAIN10@DF_TABLE5_T501(1.0),Annual household final consumption expenditure by purpose (COICOP),I,A,Annual,GRC,Greece,S14,Households,S1,Total economy,P31DC,Final consumption expenditure of residents and non-residents on the territory,_Z,Not applicable,_Z,Not applicable,_T,Total,XDC,National currency,V,Current prices,N,Non transformed data,T0117,Table 0117 - Final consumption expenditure of households by durability,1995,,64922.365,,,,F,Free (free for publication),1,One,A,Normal value,6,Millions,EUR,Euro
DATAFLOW,OECD.SDD.NAD:DSD_NAMAIN10@DF_TABLE5_T501(1.0),Annual household final consumption expenditure by purpose (COICOP),I,A,Annual,GRC,Greece,S14,Households,S1,Total economy,P31DC,Final consumption expenditure of residents and non-residents on the territory,_Z,Not applicable,_Z,Not applicable,_T,Total,XDC,National currency,V,Current prices,N,Non transformed data,T0117,Table 0117 - Final consumption expenditure of households by durability,1996,,71016.936,,,,F,Free (free for publication),1,One,A,Normal value,6,Millions,EUR,Euro
DATAFLOW,OECD.SDD.NAD:DSD_NAMAIN10@DF_TABLE5_T501(1.0),Annual household final consumption expenditure by purpose (COICOP),I,A,Annual,GRC,Greece,S14,Households,S1,Total economy,P31DC,Final consumption expenditure of residents and non-residents on the territory,_Z,Not applicable,_Z,Not applicable,_T,Total,XDC,National currency,V,Current prices,N,Non transformed data,T0117,Table 0117 - Final consumption expenditure of households by durability,1997,,78364.69,,,,F,Free (free for publication),1,One,A,Normal value,6,Millions,EUR,Euro
DATAFLOW,OECD.SDD.NAD:DSD_NAMAIN10@DF_TABLE5_T501(1.0),Annual household final consumption expenditure by purpose (COICOP),I,A,Annual,GRC,Greece,S14,Households,S1,Total economy,P31DC,Final consumption expenditure of residents and non-residents on the territory,_Z,Not applicable,_Z,Not applicable,_T,Total,XDC,National currency,V,Current prices,N,Non transformed data,T0117,Table 0117 - Final consumption expenditure of households by durability,1998,,85823.704,,,,F,Free (free for publication),1,One,A,Normal value,6,Millions,EUR,Euro
DATAFLOW,OECD.SDD.NAD:DSD_NAMAIN10@DF_TABLE5_T501(1.0),Annual household final consumption expenditure by purpose (COICOP),I,A,Annual,GRC,Greece,S14,Households,S1,Total economy,P31DC,Final consumption expenditure of residents and non-residents on the territory,_Z,Not applicable,_Z,Not applicable,_T,Total,XDC,National currency,V,Current prices,N,Non transformed data,T0117,Table 0117 - Final consumption expenditure of households by durability,1999,,89955.656,,,,F,Free (free for publication),1,One,A,Normal value,6,Millions,EUR,Euro
DATAFLOW,OECD.SDD.NAD:DSD_NAMAIN10@DF_TABLE5_T501(1.0),Annual household final consumption expenditure by purpose (COICOP),I,A,Annual,GRC,Greece,S14,Households,S1,Total economy,P31DC,Final consumption expenditure of residents and non-residents on the territory,_Z,Not applicable,_Z,Not applicable,_T,Total,XDC,National currency,V,Current prices,N,Non transformed data,T0117,Table 0117 - Final consumption expenditure of households by durability,2000,,93606.761,,,,F,Free (free for publication),1,One,A,Normal value,6,Millions,EUR,Euro
DATAFLOW,OECD.SDD.NAD:DSD_NAMAIN10@DF_TABLE5_T501(1.0),Annual household final consumption expenditure by purpose (COICOP),I,A,Annual,GRC,Greece,S14,Households,S1,Total economy,P31DC,Final consumption expenditure of residents and non-residents on the territory,_Z,Not applicable,_Z,Not applicable,_T,Total,XDC,National currency,V,Current prices,N,Non transformed data,T0117,Table 0117 - Final consumption expenditure of households by durability,2001,,101846.079,,,,F,Free (free for publication),1,One,A,Normal value,6,Millions,EUR,Euro
DATAFLOW,OECD.SDD.NAD:DSD_NAMAIN10@DF_TABLE5_T501(1.0),Annual household final consumption expenditure by purpose (COICOP),I,A,Annual,GRC,Greece,S14,Households,S1,Total economy,P31DC,Final consumption expenditure of residents and non-residents on the territory,_Z,Not applicable,_Z,Not applicable,_T,Total,XDC,National currency,V,Current prices,N,Non transformed data,T0117,Table 0117 - Final consumption expenditure of households by durability,2002,,110703.838,,,,F,Free (free for publication),1,One,A,Normal value,6,Millions,EUR,Euro
DATAFLOW,OECD.SDD.NAD:DSD_NAMAIN10@DF_TABLE5_T501(1.0),Annual household final consumption expenditure by purpose (COICOP),I,A,Annual,GRC,Greece,S14,Households,S1,Total economy,P31DC,Final consumption expenditure of residents and non-residents on the territory,_Z,Not applicable,_Z,Not applicable,_T,Total,XDC,National currency,V,Current prices,N,Non transformed data,T0117,Table 0117 - Final consumption expenditure of households by durability,2003,,117928.901,,,,F,Free (free for publication),1,One,A,Normal value,6,Millions,EUR,Euro
DATAFLOW,OECD.SDD.NAD:DSD_NAMAIN10@DF_TABLE5_T501(1.0),Annual household final consumption expenditure by purpose (COICOP),I,A,Annual,GRC,Greece,S14,Households,S1,Total economy,P31DC,Final consumption expenditure of residents and non-residents on the territory,_Z,Not applicable,_Z,Not applicable,_T,Total,XDC,National currency,V,Current prices,N,Non transformed data,T0117,Table 0117 - Final consumption expenditure of households by durability,2004,,126633.138,,,,F,Free (free for publication),1,One,A,Normal value,6,Millions,EUR,Euro
DATAFLOW,OECD.SDD.NAD:DSD_NAMAIN10@DF_TABLE5_T501(1.0),Annual household final consumption expenditure by purpose (COICOP),I,A,Annual,GRC,Greece,S14,Households,S1,Total economy,P31DC,Final consumption expenditure of residents and non-residents on the territory,_Z,Not applicable,_Z,Not applicable,_T,Total,XDC,National currency,V,Current prices,N,Non transformed data,T0117,Table 0117 - Final consumption expenditure of households by durability,2005,,134407.477,,,,F,Free (free for publication),1,One,A,Normal value,6,Millions,EUR,Euro
DATAFLOW,OECD.SDD.NAD:DSD_NAMAIN10@DF_TABLE5_T501(1.0),Annual household final consumption expenditure by purpose (COICOP),I,A,Annual,GRC,Greece,S14,Households,S1,Total economy,P31DC,Final consumption expenditure of residents and non-residents on the territory,_Z,Not applicable,_Z,Not applicable,_T,Total,XDC,National currency,V,Current prices,N,Non transformed data,T0117,Table 0117 - Final consumption expenditure of households by durability,2006,,141345.505,,,,F,Free (free for publication),1,One,A,Normal value,6,Millions,EUR,Euro
DATAFLOW,OECD.SDD.NAD:DSD_NAMAIN10@DF_TABLE5_T501(1.0),Annual household final consumption expenditure by purpose (COICOP),I,A,Annual,GRC,Greece,S14,Households,S1,Total economy,P31DC,Final consumption expenditure of residents and non-residents on the territory,_Z,Not applicable,_Z,Not applicable,_T,Total,XDC,National currency,V,Current prices,N,Non transformed data,T0117,Table 0117 - Final consumption expenditure of households by durability,2007,,152298.13,,,,F,Free (free for publication),1,One,A,Normal value,6,Millions,EUR,Euro
DATAFLOW,OECD.SDD.NAD:DSD_NAMAIN10@DF_TABLE5_T501(1.0),Annual household final consumption expenditure by purpose (COICOP),I,A,Annual,GRC,Greece,S14,Households,S1,Total economy,P31DC,Final consumption expenditure of residents and non-residents on the territory,_Z,Not applicable,_Z,Not applicable,_T,Total,XDC,National currency,V,Current prices,N,Non transformed data,T0117,Table 0117 - Final consumption expenditure of households by durability,2008,,163384.142,,,,F,Free (free for publication),1,One,A,Normal value,6,Millions,EUR,Euro
DATAFLOW,OECD.SDD.NAD:DSD_NAMAIN10@DF_TABLE5_T501(1.0),Annual household final consumption expenditure by purpose (COICOP),I,A,Annual,GRC,Greece,S14,Households,S1,Total economy,P31DC,Final consumption expenditure of residents and non-residents on the territory,_Z,Not applicable,_Z,Not applicable,_T,Total,XDC,National currency,V,Current prices,N,Non transformed data,T0117,Table 0117 - Final consumption expenditure of households by durability,2009,,160649.122,,,,F,Free (free for publication),1,One,A,Normal value,6,Millions,EUR,Euro
DATAFLOW,OECD.SDD.NAD:DSD_NAMAIN10@DF_TABLE5_T501(1.0),Annual household final consumption expenditure by purpose (COICOP),I,A,Annual,GRC,Greece,S14,Households,S1,Total economy,P31DC,Final consumption expenditure of residents and non-residents on the territory,_Z,Not applicable,_Z,Not applicable,_T,Total,XDC,National currency,V,Current prices,N,Non transformed data,T0117,Table 0117 - Final consumption expenditure of households by durability,2010,,153944.656,,,,F,Free (free for publication),1,One,A,Normal value,6,Millions,EUR,Euro
DATAFLOW,OECD.SDD.NAD:DSD_NAMAIN10@DF_TABLE5_T501(1.0),Annual household final consumption expenditure by purpose (COICOP),I,A,Annual,GRC,Greece,S14,Households,S1,Total economy,P31DC,Final consumption expenditure of residents and non-residents on the territory,_Z,Not applicable,_Z,Not applicable,_T,Total,XDC,National currency,V,Current prices,N,Non transformed data,T0117,Table 0117 - Final consumption expenditure of households by durability,2011,,147030.64,,,,F,Free (free for publication),1,One,A,Normal value,6,Millions,EUR,Euro
DATAFLOW,OECD.SDD.NAD:DSD_NAMAIN10@DF_TABLE5_T501(1.0),Annual household final consumption expenditure by purpose (COICOP),I,A,Annual,GRC,Greece,S14,Households,S1,Total economy,P31DC,Final consumption expenditure of residents and non-residents on the territory,_Z,Not applicable,_Z,Not applicable,_T,Total,XDC,National currency,V,Current prices,N,Non transformed data,T0117,Table 0117 - Final consumption expenditure of households by durability,2012,,135550.259,,,,F,Free (free for publication),1,One,A,Normal value,6,Millions,EUR,Euro
DATAFLOW,OECD.SDD.NAD:DSD_NAMAIN10@DF_TABLE5_T501(1.0),Annual household final consumption expenditure by purpose (COICOP),I,A,Annual,GRC,Greece,S14,Households,S1,Total economy,P31DC,Final consumption expenditure of residents and non-residents on the territory,_Z,Not applicable,_Z,Not applicable,_T,Total,XDC,National currency,V,Current prices,N,Non transformed data,T0117,Table 0117 - Final consumption expenditure of households by durability,2013,,131038.683,,,,F,Free (free for publication),1,One,A,Normal value,6,Millions,EUR,Euro
DATAFLOW,OECD.SDD.NAD:DSD_NAMAIN10@DF_TABLE5_T501(1.0),Annual household final consumption expenditure by purpose (COICOP),I,A,Annual,GRC,Greece,S14,Households,S1,Total economy,P31DC,Final consumption expenditure of residents and non-residents on the territory,_Z,Not applicable,_Z,Not applicable,_T,Total,XDC,National currency,V,Current prices,N,Non transformed data,T0117,Table 0117 - Final consumption expenditure of households by durability,2014,,129244.033,,,,F,Free (free for publication),1,One,A,Normal value,6,Millions,EUR,Euro
DATAFLOW,OECD.SDD.NAD:DSD_NAMAIN10@DF_TABLE5_T501(1.0),Annual household final consumption expenditure by purpose (COICOP),I,A,Annual,GRC,Greece,S14,Households,S1,Total economy,P31DC,Final consumption expenditure of residents and non-residents on the territory,_Z,Not applicable,_Z,Not applicable,_T,Total,XDC,National currency,V,Current prices,N,Non transformed data,T0117,Table 0117 - Final consumption expenditure of households by durability,2015,,128811.74,,,,F,Free (free for publication),1,One,A,Normal value,6,Millions,EUR,Euro
DATAFLOW,OECD.SDD.NAD:DSD_NAMAIN10@DF_TABLE5_T501(1.0),Annual household final consumption expenditure by purpose (COICOP),I,A,Annual,GRC,Greece,S14,Households,S1,Total economy,P31DC,Final consumption expenditure of residents and non-residents on the territory,_Z,Not applicable,_Z,Not applicable,_T,Total,XDC,National currency,V,Current prices,N,Non transformed data,T0117,Table 0117 - Final consumption expenditure of households by durability,2016,,127207.316,,,,F,Free (free for publication),1,One,A,Normal value,6,Millions,EUR,Euro
DATAFLOW,OECD.SDD.NAD:DSD_NAMAIN10@DF_TABLE5_T501(1.0),Annual household final consumption expenditure by purpose (COICOP),I,A,Annual,GRC,Greece,S14,Households,S1,Total economy,P31DC,Final consumption expenditure of residents and non-residents on the territory,_Z,Not applicable,_Z,Not applicable,_T,Total,XDC,National currency,V,Current prices,N,Non transformed data,T0117,Table 0117 - Final consumption expenditure of households by durability,2017,,132299.688,,,,F,Free (free for publication),1,One,A,Normal value,6,Millions,EUR,Euro
DATAFLOW,OECD.SDD.NAD:DSD_NAMAIN10@DF_TABLE5_T501(1.0),Annual household final consumption expenditure by purpose (COICOP),I,A,Annual,GRC,Greece,S14,Households,S1,Total economy,P31DC,Final consumption expenditure of residents and non-residents on the territory,_Z,Not applicable,_Z,Not applicable,_T,Total,XDC,National currency,V,Current prices,N,Non transformed data,T0117,Table 0117 - Final consumption expenditure of households by durability,2018,,136430.323,,,,F,Free (free for publication),1,One,A,Normal value,6,Millions,EUR,Euro
DATAFLOW,OECD.SDD.NAD:DSD_NAMAIN10@DF_TABLE5_T501(1.0),Annual household final consumption expenditure by purpose (COICOP),I,A,Annual,GRC,Greece,S14,Households,S1,Total economy,P31DC,Final consumption expenditure of residents and non-residents on the territory,_Z,Not applicable,_Z,Not applicable,_T,Total,XDC,National currency,V,Current prices,N,Non transformed data,T0117,Table 0117 - Final consumption expenditure of households by durability,2019,,141153.868,,,,F,Free (free for publication),1,One,A,Normal value,6,Millions,EUR,Euro
DATAFLOW,OECD.SDD.NAD:DSD_NAMAIN10@DF_TABLE5_T501(1.0),Annual household final consumption expenditure by purpose (COICOP),I,A,Annual,GRC,Greece,S14,Households,S1,Total economy,P31DC,Final consumption expenditure of residents and non-residents on the territory,_Z,Not applicable,_Z,Not applicable,_T,Total,XDC,National currency,V,Current prices,N,Non transformed data,T0117,Table 0117 - Final consumption expenditure of households by durability,2020,,120006.276,,,,F,Free (free for publication),1,One,A,Normal value,6,Millions,EUR,Euro
DATAFLOW,OECD.SDD.NAD:DSD_NAMAIN10@DF_TABLE5_T501(1.0),Annual household final consumption expenditure by purpose (COICOP),I,A,Annual,GRC,Greece,S14,Households,S1,Total economy,P31DC,Final consumption expenditure of residents and non-residents on the territory,_Z,Not applicable,_Z,Not applicable,_T,Total,XDC,National currency,V,Current prices,N,Non transformed data,T0117,Table 0117 - Final consumption expenditure of households by durability,2021,,133088.147,,,,F,Free (free for publication),1,One,A,Normal value,6,Millions,EUR,Euro
DATAFLOW,OECD.SDD.NAD:DSD_NAMAIN10@DF_TABLE5_T501(1.0),Annual household final consumption expenditure by purpose (COICOP),I,A,Annual,ESP,Spain,S14,Households,S1,Total economy,P31DC,Final consumption expenditure of residents and non-residents on the territory,_Z,Not applicable,_Z,Not applicable,_T,Total,XDC,National currency,V,Current prices,N,Non transformed data,T0117,Table 0117 - Final consumption expenditure of households by durability,1995,,289083,,,,F,Free (free for publication),1,One,A,Normal value,6,Millions,EUR,Euro
DATAFLOW,OECD.SDD.NAD:DSD_NAMAIN10@DF_TABLE5_T501(1.0),Annual household final consumption expenditure by purpose (COICOP),I,A,Annual,ESP,Spain,S14,Households,S1,Total economy,P31DC,Final consumption expenditure of residents and non-residents on the territory,_Z,Not applicable,_Z,Not applicable,_T,Total,XDC,National currency,V,Current prices,N,Non transformed data,T0117,Table 0117 - Final consumption expenditure of households by durability,1996,,305082,,,,F,Free (free for publication),1,One,A,Normal value,6,Millions,EUR,Euro
DATAFLOW,OECD.SDD.NAD:DSD_NAMAIN10@DF_TABLE5_T501(1.0),Annual household final consumption expenditure by purpose (COICOP),I,A,Annual,ESP,Spain,S14,Households,S1,Total economy,P31DC,Final consumption expenditure of residents and non-residents on the territory,_Z,Not applicable,_Z,Not applicable,_T,Total,XDC,National currency,V,Current prices,N,Non transformed data,T0117,Table 0117 - Final consumption expenditure of households by durability,1997,,323728,,,,F,Free (free for publication),1,One,A,Normal value,6,Millions,EUR,Euro
DATAFLOW,OECD.SDD.NAD:DSD_NAMAIN10@DF_TABLE5_T501(1.0),Annual household final consumption expenditure by purpose (COICOP),I,A,Annual,ESP,Spain,S14,Households,S1,Total economy,P31DC,Final consumption expenditure of residents and non-residents on the territory,_Z,Not applicable,_Z,Not applicable,_T,Total,XDC,National currency,V,Current prices,N,Non transformed data,T0117,Table 0117 - Final consumption expenditure of households by durability,1998,,344694,,,,F,Free (free for publication),1,One,A,Normal value,6,Millions,EUR,Euro
DATAFLOW,OECD.SDD.NAD:DSD_NAMAIN10@DF_TABLE5_T501(1.0),Annual household final consumption expenditure by purpose (COICOP),I,A,Annual,ESP,Spain,S14,Households,S1,Total economy,P31DC,Final consumption expenditure of residents and non-residents on the territory,_Z,Not applicable,_Z,Not applicable,_T,Total,XDC,National currency,V,Current prices,N,Non transformed data,T0117,Table 0117 - Final consumption expenditure of households by durability,1999,,369877,,,,F,Free (free for publication),1,One,A,Normal value,6,Millions,EUR,Euro
DATAFLOW,OECD.SDD.NAD:DSD_NAMAIN10@DF_TABLE5_T501(1.0),Annual household final consumption expenditure by purpose (COICOP),I,A,Annual,ESP,Spain,S14,Households,S1,Total economy,P31DC,Final consumption expenditure of residents and non-residents on the territory,_Z,Not applicable,_Z,Not applicable,_T,Total,XDC,National currency,V,Current prices,N,Non transformed data,T0117,Table 0117 - Final consumption expenditure of households by durability,2000,,402740,,,,F,Free (free for publication),1,One,A,Normal value,6,Millions,EUR,Euro
DATAFLOW,OECD.SDD.NAD:DSD_NAMAIN10@DF_TABLE5_T501(1.0),Annual household final consumption expenditure by purpose (COICOP),I,A,Annual,ESP,Spain,S14,Households,S1,Total economy,P31DC,Final consumption expenditure of residents and non-residents on the territory,_Z,Not applicable,_Z,Not applicable,_T,Total,XDC,National currency,V,Current prices,N,Non transformed data,T0117,Table 0117 - Final consumption expenditure of households by durability,2001,,432402,,,,F,Free (free for publication),1,One,A,Normal value,6,Millions,EUR,Euro
DATAFLOW,OECD.SDD.NAD:DSD_NAMAIN10@DF_TABLE5_T501(1.0),Annual household final consumption expenditure by purpose (COICOP),I,A,Annual,ESP,Spain,S14,Households,S1,Total economy,P31DC,Final consumption expenditure of residents and non-residents on the territory,_Z,Not applicable,_Z,Not applicable,_T,Total,XDC,National currency,V,Current prices,N,Non transformed data,T0117,Table 0117 - Final consumption expenditure of households by durability,2002,,455535,,,,F,Free (free for publication),1,One,A,Normal value,6,Millions,EUR,Euro
DATAFLOW,OECD.SDD.NAD:DSD_NAMAIN10@DF_TABLE5_T501(1.0),Annual household final consumption expenditure by purpose (COICOP),I,A,Annual,ESP,Spain,S14,Households,S1,Total economy,P31DC,Final consumption expenditure of residents and non-residents on the territory,_Z,Not applicable,_Z,Not applicable,_T,Total,XDC,National currency,V,Current prices,N,Non transformed data,T0117,Table 0117 - Final consumption expenditure of households by durability,2003,,481548,,,,F,Free (free for publication),1,One,A,Normal value,6,Millions,EUR,Euro
DATAFLOW,OECD.SDD.NAD:DSD_NAMAIN10@DF_TABLE5_T501(1.0),Annual household final consumption expenditure by purpose (COICOP),I,A,Annual,ESP,Spain,S14,Households,S1,Total economy,P31DC,Final consumption expenditure of residents and non-residents on the territory,_Z,Not applicable,_Z,Not applicable,_T,Total,XDC,National currency,V,Current prices,N,Non transformed data,T0117,Table 0117 - Final consumption expenditure of households by durability,2004,,516885,,,,F,Free (free for publication),1,One,A,Normal value,6,Millions,EUR,Euro
DATAFLOW,OECD.SDD.NAD:DSD_NAMAIN10@DF_TABLE5_T501(1.0),Annual household final consumption expenditure by purpose (COICOP),I,A,Annual,ESP,Spain,S14,Households,S1,Total economy,P31DC,Final consumption expenditure of residents and non-residents on the territory,_Z,Not applicable,_Z,Not applicable,_T,Total,XDC,National currency,V,Current prices,N,Non transformed data,T0117,Table 0117 - Final consumption expenditure of households by durability,2005,,554215,,,,F,Free (free for publication),1,One,A,Normal value,6,Millions,EUR,Euro
DATAFLOW,OECD.SDD.NAD:DSD_NAMAIN10@DF_TABLE5_T501(1.0),Annual household final consumption expenditure by purpose (COICOP),I,A,Annual,ESP,Spain,S14,Households,S1,Total economy,P31DC,Final consumption expenditure of residents and non-residents on the territory,_Z,Not applicable,_Z,Not applicable,_T,Total,XDC,National currency,V,Current prices,N,Non transformed data,T0117,Table 0117 - Final consumption expenditure of households by durability,2006,,596320,,,,F,Free (free for publication),1,One,A,Normal value,6,Millions,EUR,Euro
DATAFLOW,OECD.SDD.NAD:DSD_NAMAIN10@DF_TABLE5_T501(1.0),Annual household final consumption expenditure by purpose (COICOP),I,A,Annual,ESP,Spain,S14,Households,S1,Total economy,P31DC,Final consumption expenditure of residents and non-residents on the territory,_Z,Not applicable,_Z,Not applicable,_T,Total,XDC,National currency,V,Current prices,N,Non transformed data,T0117,Table 0117 - Final consumption expenditure of households by durability,2007,,635785,,,,F,Free (free for publication),1,One,A,Normal value,6,Millions,EUR,Euro
DATAFLOW,OECD.SDD.NAD:DSD_NAMAIN10@DF_TABLE5_T501(1.0),Annual household final consumption expenditure by purpose (COICOP),I,A,Annual,ESP,Spain,S14,Households,S1,Total economy,P31DC,Final consumption expenditure of residents and non-residents on the territory,_Z,Not applicable,_Z,Not applicable,_T,Total,XDC,National currency,V,Current prices,N,Non transformed data,T0117,Table 0117 - Final consumption expenditure of households by durability,2008,,653626,,,,F,Free (free for publication),1,One,A,Normal value,6,Millions,EUR,Euro
DATAFLOW,OECD.SDD.NAD:DSD_NAMAIN10@DF_TABLE5_T501(1.0),Annual household final consumption expenditure by purpose (COICOP),I,A,Annual,ESP,Spain,S14,Households,S1,Total economy,P31DC,Final consumption expenditure of residents and non-residents on the territory,_Z,Not applicable,_Z,Not applicable,_T,Total,XDC,National currency,V,Current prices,N,Non transformed data,T0117,Table 0117 - Final consumption expenditure of households by durability,2009,,623503,,,,F,Free (free for publication),1,One,A,Normal value,6,Millions,EUR,Euro
DATAFLOW,OECD.SDD.NAD:DSD_NAMAIN10@DF_TABLE5_T501(1.0),Annual household final consumption expenditure by purpose (COICOP),I,A,Annual,ESP,Spain,S14,Households,S1,Total economy,P31DC,Final consumption expenditure of residents and non-residents on the territory,_Z,Not applicable,_Z,Not applicable,_T,Total,XDC,National currency,V,Current prices,N,Non transformed data,T0117,Table 0117 - Final consumption expenditure of households by durability,2010,,638301,,,,F,Free (free for publication),1,One,A,Normal value,6,Millions,EUR,Euro
DATAFLOW,OECD.SDD.NAD:DSD_NAMAIN10@DF_TABLE5_T501(1.0),Annual household final consumption expenditure by purpose (COICOP),I,A,Annual,ESP,Spain,S14,Households,S1,Total economy,P31DC,Final consumption expenditure of residents and non-residents on the territory,_Z,Not applicable,_Z,Not applicable,_T,Total,XDC,National currency,V,Current prices,N,Non transformed data,T0117,Table 0117 - Final consumption expenditure of households by durability,2011,,640903,,,,F,Free (free for publication),1,One,A,Normal value,6,Millions,EUR,Euro
DATAFLOW,OECD.SDD.NAD:DSD_NAMAIN10@DF_TABLE5_T501(1.0),Annual household final consumption expenditure by purpose (COICOP),I,A,Annual,ESP,Spain,S14,Households,S1,Total economy,P31DC,Final consumption expenditure of residents and non-residents on the territory,_Z,Not applicable,_Z,Not applicable,_T,Total,XDC,National currency,V,Current prices,N,Non transformed data,T0117,Table 0117 - Final consumption expenditure of households by durability,2012,,633385,,,,F,Free (free for publication),1,One,A,Normal value,6,Millions,EUR,Euro
DATAFLOW,OECD.SDD.NAD:DSD_NAMAIN10@DF_TABLE5_T501(1.0),Annual household final consumption expenditure by purpose (COICOP),I,A,Annual,ESP,Spain,S14,Households,S1,Total economy,P31DC,Final consumption expenditure of residents and non-residents on the territory,_Z,Not applicable,_Z,Not applicable,_T,Total,XDC,National currency,V,Current prices,N,Non transformed data,T0117,Table 0117 - Final consumption expenditure of households by durability,2013,,621258,,,,F,Free (free for publication),1,One,A,Normal value,6,Millions,EUR,Euro
DATAFLOW,OECD.SDD.NAD:DSD_NAMAIN10@DF_TABLE5_T501(1.0),Annual household final consumption expenditure by purpose (COICOP),I,A,Annual,ESP,Spain,S14,Households,S1,Total economy,P31DC,Final consumption expenditure of residents and non-residents on the territory,_Z,Not applicable,_Z,Not applicable,_T,Total,XDC,National currency,V,Current prices,N,Non transformed data,T0117,Table 0117 - Final consumption expenditure of households by durability,2014,,632664,,,,F,Free (free for publication),1,One,A,Normal value,6,Millions,EUR,Euro
DATAFLOW,OECD.SDD.NAD:DSD_NAMAIN10@DF_TABLE5_T501(1.0),Annual household final consumption expenditure by purpose (COICOP),I,A,Annual,ESP,Spain,S14,Households,S1,Total economy,P31DC,Final consumption expenditure of residents and non-residents on the territory,_Z,Not applicable,_Z,Not applicable,_T,Total,XDC,National currency,V,Current prices,N,Non transformed data,T0117,Table 0117 - Final consumption expenditure of households by durability,2015,,650059,,,,F,Free (free for publication),1,One,A,Normal value,6,Millions,EUR,Euro
DATAFLOW,OECD.SDD.NAD:DSD_NAMAIN10@DF_TABLE5_T501(1.0),Annual household final consumption expenditure by purpose (COICOP),I,A,Annual,ESP,Spain,S14,Households,S1,Total economy,P31DC,Final consumption expenditure of residents and non-residents on the territory,_Z,Not applicable,_Z,Not applicable,_T,Total,XDC,National currency,V,Current prices,N,Non transformed data,T0117,Table 0117 - Final consumption expenditure of households by durability,2016,,671832,,,,F,Free (free for publication),1,One,A,Normal value,6,Millions,EUR,Euro
DATAFLOW,OECD.SDD.NAD:DSD_NAMAIN10@DF_TABLE5_T501(1.0),Annual household final consumption expenditure by purpose (COICOP),I,A,Annual,ESP,Spain,S14,Households,S1,Total economy,P31DC,Final consumption expenditure of residents and non-residents on the territory,_Z,Not applicable,_Z,Not applicable,_T,Total,XDC,National currency,V,Current prices,N,Non transformed data,T0117,Table 0117 - Final consumption expenditure of households by durability,2017,,705546,,,,F,Free (free for publication),1,One,A,Normal value,6,Millions,EUR,Euro
DATAFLOW,OECD.SDD.NAD:DSD_NAMAIN10@DF_TABLE5_T501(1.0),Annual household final consumption expenditure by purpose (COICOP),I,A,Annual,ESP,Spain,S14,Households,S1,Total economy,P31DC,Final consumption expenditure of residents and non-residents on the territory,_Z,Not applicable,_Z,Not applicable,_T,Total,XDC,National currency,V,Current prices,N,Non transformed data,T0117,Table 0117 - Final consumption expenditure of households by durability,2018,,727150,,,,F,Free (free for publication),1,One,A,Normal value,6,Millions,EUR,Euro
DATAFLOW,OECD.SDD.NAD:DSD_NAMAIN10@DF_TABLE5_T501(1.0),Annual household final consumption expenditure by purpose (COICOP),I,A,Annual,ESP,Spain,S14,Households,S1,Total economy,P31DC,Final consumption expenditure of residents and non-residents on the territory,_Z,Not applicable,_Z,Not applicable,_T,Total,XDC,National currency,V,Current prices,N,Non transformed data,T0117,Table 0117 - Final consumption expenditure of households by durability,2019,,739929,,,,F,Free (free for publication),1,One,A,Normal value,6,Millions,EUR,Euro
DATAFLOW,OECD.SDD.NAD:DSD_NAMAIN10@DF_TABLE5_T501(1.0),Annual household final consumption expenditure by purpose (COICOP),I,A,Annual,ESP,Spain,S14,Households,S1,Total economy,P31DC,Final consumption expenditure of residents and non-residents on the territory,_Z,Not applicable,_Z,Not applicable,_T,Total,XDC,National currency,V,Current prices,N,Non transformed data,T0117,Table 0117 - Final consumption expenditure of households by durability,2020,,622528,,,,F,Free (free for publication),1,One,A,Normal value,6,Millions,EUR,Euro
DATAFLOW,OECD.SDD.NAD:DSD_NAMAIN10@DF_TABLE5_T501(1.0),Annual household final consumption expenditure by purpose (COICOP),I,A,Annual,ESP,Spain,S14,Households,S1,Total economy,P31DC,Final consumption expenditure of residents and non-residents on the territory,_Z,Not applicable,_Z,Not applicable,_T,Total,XDC,National currency,V,Current prices,N,Non transformed data,T0117,Table 0117 - Final consumption expenditure of households by durability,2021,,689631,,,,F,Free (free for publication),1,One,A,Normal value,6,Millions,EUR,Euro
DATAFLOW,OECD.SDD.NAD:DSD_NAMAIN10@DF_TABLE5_T501(1.0),Annual household final consumption expenditure by purpose (COICOP),I,A,Annual,ESP,Spain,S14,Households,S1,Total economy,P31DC,Final consumption expenditure of residents and non-residents on the territory,_Z,Not applicable,_Z,Not applicable,_T,Total,XDC,National currency,V,Current prices,N,Non transformed data,T0117,Table 0117 - Final consumption expenditure of households by durability,2022,,793600,,,,F,Free (free for publication),1,One,A,Normal value,6,Millions,EUR,Euro
DATAFLOW,OECD.SDD.NAD:DSD_NAMAIN10@DF_TABLE5_T501(1.0),Annual household final consumption expenditure by purpose (COICOP),I,A,Annual,BEL,Belgium,S14,Households,S1,Total economy,P31DC,Final consumption expenditure of residents and non-residents on the territory,_Z,Not applicable,_Z,Not applicable,_T,Total,XDC,National currency,V,Current prices,N,Non transformed data,T0117,Table 0117 - Final consumption expenditure of households by durability,1995,,108321.3,,,,F,Free (free for publication),1,One,A,Normal value,6,Millions,EUR,Euro
DATAFLOW,OECD.SDD.NAD:DSD_NAMAIN10@DF_TABLE5_T501(1.0),Annual household final consumption expenditure by purpose (COICOP),I,A,Annual,BEL,Belgium,S14,Households,S1,Total economy,P31DC,Final consumption expenditure of residents and non-residents on the territory,_Z,Not applicable,_Z,Not applicable,_T,Total,XDC,National currency,V,Current prices,N,Non transformed data,T0117,Table 0117 - Final consumption expenditure of households by durability,1996,,111072.8,,,,F,Free (free for publication),1,One,A,Normal value,6,Millions,EUR,Euro
DATAFLOW,OECD.SDD.NAD:DSD_NAMAIN10@DF_TABLE5_T501(1.0),Annual household final consumption expenditure by purpose (COICOP),I,A,Annual,BEL,Belgium,S14,Households,S1,Total economy,P31DC,Final consumption expenditure of residents and non-residents on the territory,_Z,Not applicable,_Z,Not applicable,_T,Total,XDC,National currency,V,Current prices,N,Non transformed data,T0117,Table 0117 - Final consumption expenditure of households by durability,1997,,114530.7,,,,F,Free (free for publication),1,One,A,Normal value,6,Millions,EUR,Euro
DATAFLOW,OECD.SDD.NAD:DSD_NAMAIN10@DF_TABLE5_T501(1.0),Annual household final consumption expenditure by purpose (COICOP),I,A,Annual,BEL,Belgium,S14,Households,S1,Total economy,P31DC,Final consumption expenditure of residents and non-residents on the territory,_Z,Not applicable,_Z,Not applicable,_T,Total,XDC,National currency,V,Current prices,N,Non transformed data,T0117,Table 0117 - Final consumption expenditure of households by durability,1998,,119592.5,,,,F,Free (free for publication),1,One,A,Normal value,6,Millions,EUR,Euro
DATAFLOW,OECD.SDD.NAD:DSD_NAMAIN10@DF_TABLE5_T501(1.0),Annual household final consumption expenditure by purpose (COICOP),I,A,Annual,BEL,Belgium,S14,Households,S1,Total economy,P31DC,Final consumption expenditure of residents and non-residents on the territory,_Z,Not applicable,_Z,Not applicable,_T,Total,XDC,National currency,V,Current prices,N,Non transformed data,T0117,Table 0117 - Final consumption expenditure of households by durability,1999,,122509.7,,,,F,Free (free for publication),1,One,A,Normal value,6,Millions,EUR,Euro
DATAFLOW,OECD.SDD.NAD:DSD_NAMAIN10@DF_TABLE5_T501(1.0),Annual household final consumption expenditure by purpose (COICOP),I,A,Annual,BEL,Belgium,S14,Households,S1,Total economy,P31DC,Final consumption expenditure of residents and non-residents on the territory,_Z,Not applicable,_Z,Not applicable,_T,Total,XDC,National currency,V,Current prices,N,Non transformed data,T0117,Table 0117 - Final consumption expenditure of households by durability,2000,,130163.2,,,,F,Free (free for publication),1,One,A,Normal value,6,Millions,EUR,Euro
DATAFLOW,OECD.SDD.NAD:DSD_NAMAIN10@DF_TABLE5_T501(1.0),Annual household final consumption expenditure by purpose (COICOP),I,A,Annual,BEL,Belgium,S14,Households,S1,Total economy,P31DC,Final consumption expenditure of residents and non-residents on the territory,_Z,Not applicable,_Z,Not applicable,_T,Total,XDC,National currency,V,Current prices,N,Non transformed data,T0117,Table 0117 - Final consumption expenditure of households by durability,2001,,134376,,,,F,Free (free for publication),1,One,A,Normal value,6,Millions,EUR,Euro
DATAFLOW,OECD.SDD.NAD:DSD_NAMAIN10@DF_TABLE5_T501(1.0),Annual household final consumption expenditure by purpose (COICOP),I,A,Annual,BEL,Belgium,S14,Households,S1,Total economy,P31DC,Final consumption expenditure of residents and non-residents on the territory,_Z,Not applicable,_Z,Not applicable,_T,Total,XDC,National currency,V,Current prices,N,Non transformed data,T0117,Table 0117 - Final consumption expenditure of households by durability,2002,,136197.5,,,,F,Free (free for publication),1,One,A,Normal value,6,Millions,EUR,Euro
DATAFLOW,OECD.SDD.NAD:DSD_NAMAIN10@DF_TABLE5_T501(1.0),Annual household final consumption expenditure by purpose (COICOP),I,A,Annual,BEL,Belgium,S14,Households,S1,Total economy,P31DC,Final consumption expenditure of residents and non-residents on the territory,_Z,Not applicable,_Z,Not applicable,_T,Total,XDC,National currency,V,Current prices,N,Non transformed data,T0117,Table 0117 - Final consumption expenditure of households by durability,2003,,139126.7,,,,F,Free (free for publication),1,One,A,Normal value,6,Millions,EUR,Euro
DATAFLOW,OECD.SDD.NAD:DSD_NAMAIN10@DF_TABLE5_T501(1.0),Annual household final consumption expenditure by purpose (COICOP),I,A,Annual,BEL,Belgium,S14,Households,S1,Total economy,P31DC,Final consumption expenditure of residents and non-residents on the territory,_Z,Not applicable,_Z,Not applicable,_T,Total,XDC,National currency,V,Current prices,N,Non transformed data,T0117,Table 0117 - Final consumption expenditure of households by durability,2004,,144369.9,,,,F,Free (free for publication),1,One,A,Normal value,6,Millions,EUR,Euro
DATAFLOW,OECD.SDD.NAD:DSD_NAMAIN10@DF_TABLE5_T501(1.0),Annual household final consumption expenditure by purpose (COICOP),I,A,Annual,BEL,Belgium,S14,Households,S1,Total economy,P31DC,Final consumption expenditure of residents and non-residents on the territory,_Z,Not applicable,_Z,Not applicable,_T,Total,XDC,National currency,V,Current prices,N,Non transformed data,T0117,Table 0117 - Final consumption expenditure of households by durability,2005,,150374.4,,,,F,Free (free for publication),1,One,A,Normal value,6,Millions,EUR,Euro
DATAFLOW,OECD.SDD.NAD:DSD_NAMAIN10@DF_TABLE5_T501(1.0),Annual household final consumption expenditure by purpose (COICOP),I,A,Annual,BEL,Belgium,S14,Households,S1,Total economy,P31DC,Final consumption expenditure of residents and non-residents on the territory,_Z,Not applicable,_Z,Not applicable,_T,Total,XDC,National currency,V,Current prices,N,Non transformed data,T0117,Table 0117 - Final consumption expenditure of households by durability,2006,,157353,,,,F,Free (free for publication),1,One,A,Normal value,6,Millions,EUR,Euro
DATAFLOW,OECD.SDD.NAD:DSD_NAMAIN10@DF_TABLE5_T501(1.0),Annual household final consumption expenditure by purpose (COICOP),I,A,Annual,BEL,Belgium,S14,Households,S1,Total economy,P31DC,Final consumption expenditure of residents and non-residents on the territory,_Z,Not applicable,_Z,Not applicable,_T,Total,XDC,National currency,V,Current prices,N,Non transformed data,T0117,Table 0117 - Final consumption expenditure of households by durability,2007,,164823.4,,,,F,Free (free for publication),1,One,A,Normal value,6,Millions,EUR,Euro
DATAFLOW,OECD.SDD.NAD:DSD_NAMAIN10@DF_TABLE5_T501(1.0),Annual household final consumption expenditure by purpose (COICOP),I,A,Annual,BEL,Belgium,S14,Households,S1,Total economy,P31DC,Final consumption expenditure of residents and non-residents on the territory,_Z,Not applicable,_Z,Not applicable,_T,Total,XDC,National currency,V,Current prices,N,Non transformed data,T0117,Table 0117 - Final consumption expenditure of households by durability,2008,,172143.6,,,,F,Free (free for publication),1,One,A,Normal value,6,Millions,EUR,Euro
DATAFLOW,OECD.SDD.NAD:DSD_NAMAIN10@DF_TABLE5_T501(1.0),Annual household final consumption expenditure by purpose (COICOP),I,A,Annual,BEL,Belgium,S14,Households,S1,Total economy,P31DC,Final consumption expenditure of residents and non-residents on the territory,_Z,Not applicable,_Z,Not applicable,_T,Total,XDC,National currency,V,Current prices,N,Non transformed data,T0117,Table 0117 - Final consumption expenditure of households by durability,2009,,171408.9,,,,F,Free (free for publication),1,One,A,Normal value,6,Millions,EUR,Euro
DATAFLOW,OECD.SDD.NAD:DSD_NAMAIN10@DF_TABLE5_T501(1.0),Annual household final consumption expenditure by purpose (COICOP),I,A,Annual,BEL,Belgium,S14,Households,S1,Total economy,P31DC,Final consumption expenditure of residents and non-residents on the territory,_Z,Not applicable,_Z,Not applicable,_T,Total,XDC,National currency,V,Current prices,N,Non transformed data,T0117,Table 0117 - Final consumption expenditure of households by durability,2010,,179681.8,,,,F,Free (free for publication),1,One,A,Normal value,6,Millions,EUR,Euro
DATAFLOW,OECD.SDD.NAD:DSD_NAMAIN10@DF_TABLE5_T501(1.0),Annual household final consumption expenditure by purpose (COICOP),I,A,Annual,BEL,Belgium,S14,Households,S1,Total economy,P31DC,Final consumption expenditure of residents and non-residents on the territory,_Z,Not applicable,_Z,Not applicable,_T,Total,XDC,National currency,V,Current prices,N,Non transformed data,T0117,Table 0117 - Final consumption expenditure of households by durability,2011,,186615.3,,,,F,Free (free for publication),1,One,A,Normal value,6,Millions,EUR,Euro
DATAFLOW,OECD.SDD.NAD:DSD_NAMAIN10@DF_TABLE5_T501(1.0),Annual household final consumption expenditure by purpose (COICOP),I,A,Annual,BEL,Belgium,S14,Households,S1,Total economy,P31DC,Final consumption expenditure of residents and non-residents on the territory,_Z,Not applicable,_Z,Not applicable,_T,Total,XDC,National currency,V,Current prices,N,Non transformed data,T0117,Table 0117 - Final consumption expenditure of households by durability,2012,,192776.2,,,,F,Free (free for publication),1,One,A,Normal value,6,Millions,EUR,Euro
DATAFLOW,OECD.SDD.NAD:DSD_NAMAIN10@DF_TABLE5_T501(1.0),Annual household final consumption expenditure by purpose (COICOP),I,A,Annual,BEL,Belgium,S14,Households,S1,Total economy,P31DC,Final consumption expenditure of residents and non-residents on the territory,_Z,Not applicable,_Z,Not applicable,_T,Total,XDC,National currency,V,Current prices,N,Non transformed data,T0117,Table 0117 - Final consumption expenditure of households by durability,2013,,197752.7,,,,F,Free (free for publication),1,One,A,Normal value,6,Millions,EUR,Euro
DATAFLOW,OECD.SDD.NAD:DSD_NAMAIN10@DF_TABLE5_T501(1.0),Annual household final consumption expenditure by purpose (COICOP),I,A,Annual,BEL,Belgium,S14,Households,S1,Total economy,P31DC,Final consumption expenditure of residents and non-residents on the territory,_Z,Not applicable,_Z,Not applicable,_T,Total,XDC,National currency,V,Current prices,N,Non transformed data,T0117,Table 0117 - Final consumption expenditure of households by durability,2014,,199726.8,,,,F,Free (free for publication),1,One,A,Normal value,6,Millions,EUR,Euro
DATAFLOW,OECD.SDD.NAD:DSD_NAMAIN10@DF_TABLE5_T501(1.0),Annual household final consumption expenditure by purpose (COICOP),I,A,Annual,BEL,Belgium,S14,Households,S1,Total economy,P31DC,Final consumption expenditure of residents and non-residents on the territory,_Z,Not applicable,_Z,Not applicable,_T,Total,XDC,National currency,V,Current prices,N,Non transformed data,T0117,Table 0117 - Final consumption expenditure of households by durability,2015,,204797.5,,,,F,Free (free for publication),1,One,A,Normal value,6,Millions,EUR,Euro
DATAFLOW,OECD.SDD.NAD:DSD_NAMAIN10@DF_TABLE5_T501(1.0),Annual household final consumption expenditure by purpose (COICOP),I,A,Annual,BEL,Belgium,S14,Households,S1,Total economy,P31DC,Final consumption expenditure of residents and non-residents on the territory,_Z,Not applicable,_Z,Not applicable,_T,Total,XDC,National currency,V,Current prices,N,Non transformed data,T0117,Table 0117 - Final consumption expenditure of households by durability,2016,,210579.1,,,,F,Free (free for publication),1,One,A,Normal value,6,Millions,EUR,Euro
DATAFLOW,OECD.SDD.NAD:DSD_NAMAIN10@DF_TABLE5_T501(1.0),Annual household final consumption expenditure by purpose (COICOP),I,A,Annual,BEL,Belgium,S14,Households,S1,Total economy,P31DC,Final consumption expenditure of residents and non-residents on the territory,_Z,Not applicable,_Z,Not applicable,_T,Total,XDC,National currency,V,Current prices,N,Non transformed data,T0117,Table 0117 - Final consumption expenditure of households by durability,2017,,218885.7,,,,F,Free (free for publication),1,One,A,Normal value,6,Millions,EUR,Euro
DATAFLOW,OECD.SDD.NAD:DSD_NAMAIN10@DF_TABLE5_T501(1.0),Annual household final consumption expenditure by purpose (COICOP),I,A,Annual,BEL,Belgium,S14,Households,S1,Total economy,P31DC,Final consumption expenditure of residents and non-residents on the territory,_Z,Not applicable,_Z,Not applicable,_T,Total,XDC,National currency,V,Current prices,N,Non transformed data,T0117,Table 0117 - Final consumption expenditure of households by durability,2018,,227031.4,,,,F,Free (free for publication),1,One,A,Normal value,6,Millions,EUR,Euro
DATAFLOW,OECD.SDD.NAD:DSD_NAMAIN10@DF_TABLE5_T501(1.0),Annual household final consumption expenditure by purpose (COICOP),I,A,Annual,BEL,Belgium,S14,Households,S1,Total economy,P31DC,Final consumption expenditure of residents and non-residents on the territory,_Z,Not applicable,_Z,Not applicable,_T,Total,XDC,National currency,V,Current prices,N,Non transformed data,T0117,Table 0117 - Final consumption expenditure of households by durability,2019,,233537.5,,,,F,Free (free for publication),1,One,A,Normal value,6,Millions,EUR,Euro
DATAFLOW,OECD.SDD.NAD:DSD_NAMAIN10@DF_TABLE5_T501(1.0),Annual household final consumption expenditure by purpose (COICOP),I,A,Annual,BEL,Belgium,S14,Households,S1,Total economy,P31DC,Final consumption expenditure of residents and non-residents on the territory,_Z,Not applicable,_Z,Not applicable,_T,Total,XDC,National currency,V,Current prices,N,Non transformed data,T0117,Table 0117 - Final consumption expenditure of households by durability,2020,,217824.9,,,,F,Free (free for publication),1,One,A,Normal value,6,Millions,EUR,Euro
DATAFLOW,OECD.SDD.NAD:DSD_NAMAIN10@DF_TABLE5_T501(1.0),Annual household final consumption expenditure by purpose (COICOP),I,A,Annual,BEL,Belgium,S14,Households,S1,Total economy,P31DC,Final consumption expenditure of residents and non-residents on the territory,_Z,Not applicable,_Z,Not applicable,_T,Total,XDC,National currency,V,Current prices,N,Non transformed data,T0117,Table 0117 - Final consumption expenditure of households by durability,2021,,236501.7,,,,F,Free (free for publication),1,One,A,Normal value,6,Millions,EUR,Euro
DATAFLOW,OECD.SDD.NAD:DSD_NAMAIN10@DF_TABLE5_T501(1.0),Annual household final consumption expenditure by purpose (COICOP),I,A,Annual,PRT,Portugal,S14,Households,S1,Total economy,P31DC,Final consumption expenditure of residents and non-residents on the territory,_Z,Not applicable,_Z,Not applicable,_T,Total,XDC,National currency,V,Current prices,N,Non transformed data,T0117,Table 0117 - Final consumption expenditure of households by durability,1995,,58176.889,,,,F,Free (free for publication),1,One,A,Normal value,6,Millions,EUR,Euro
DATAFLOW,OECD.SDD.NAD:DSD_NAMAIN10@DF_TABLE5_T501(1.0),Annual household final consumption expenditure by purpose (COICOP),I,A,Annual,PRT,Portugal,S14,Households,S1,Total economy,P31DC,Final consumption expenditure of residents and non-residents on the territory,_Z,Not applicable,_Z,Not applicable,_T,Total,XDC,National currency,V,Current prices,N,Non transformed data,T0117,Table 0117 - Final consumption expenditure of households by durability,1996,,61686.783,,,,F,Free (free for publication),1,One,A,Normal value,6,Millions,EUR,Euro
DATAFLOW,OECD.SDD.NAD:DSD_NAMAIN10@DF_TABLE5_T501(1.0),Annual household final consumption expenditure by purpose (COICOP),I,A,Annual,PRT,Portugal,S14,Households,S1,Total economy,P31DC,Final consumption expenditure of residents and non-residents on the territory,_Z,Not applicable,_Z,Not applicable,_T,Total,XDC,National currency,V,Current prices,N,Non transformed data,T0117,Table 0117 - Final consumption expenditure of households by durability,1997,,65954.596,,,,F,Free (free for publication),1,One,A,Normal value,6,Millions,EUR,Euro
DATAFLOW,OECD.SDD.NAD:DSD_NAMAIN10@DF_TABLE5_T501(1.0),Annual household final consumption expenditure by purpose (COICOP),I,A,Annual,PRT,Portugal,S14,Households,S1,Total economy,P31DC,Final consumption expenditure of residents and non-residents on the territory,_Z,Not applicable,_Z,Not applicable,_T,Total,XDC,National currency,V,Current prices,N,Non transformed data,T0117,Table 0117 - Final consumption expenditure of households by durability,1998,,71239.302,,,,F,Free (free for publication),1,One,A,Normal value,6,Millions,EUR,Euro
DATAFLOW,OECD.SDD.NAD:DSD_NAMAIN10@DF_TABLE5_T501(1.0),Annual household final consumption expenditure by purpose (COICOP),I,A,Annual,PRT,Portugal,S14,Households,S1,Total economy,P31DC,Final consumption expenditure of residents and non-residents on the territory,_Z,Not applicable,_Z,Not applicable,_T,Total,XDC,National currency,V,Current prices,N,Non transformed data,T0117,Table 0117 - Final consumption expenditure of households by durability,1999,,76724.523,,,,F,Free (free for publication),1,One,A,Normal value,6,Millions,EUR,Euro
DATAFLOW,OECD.SDD.NAD:DSD_NAMAIN10@DF_TABLE5_T501(1.0),Annual household final consumption expenditure by purpose (COICOP),I,A,Annual,PRT,Portugal,S14,Households,S1,Total economy,P31DC,Final consumption expenditure of residents and non-residents on the territory,_Z,Not applicable,_Z,Not applicable,_T,Total,XDC,National currency,V,Current prices,N,Non transformed data,T0117,Table 0117 - Final consumption expenditure of households by durability,2000,,82662.985,,,,F,Free (free for publication),1,One,A,Normal value,6,Millions,EUR,Euro
DATAFLOW,OECD.SDD.NAD:DSD_NAMAIN10@DF_TABLE5_T501(1.0),Annual household final consumption expenditure by purpose (COICOP),I,A,Annual,PRT,Portugal,S14,Households,S1,Total economy,P31DC,Final consumption expenditure of residents and non-residents on the territory,_Z,Not applicable,_Z,Not applicable,_T,Total,XDC,National currency,V,Current prices,N,Non transformed data,T0117,Table 0117 - Final consumption expenditure of households by durability,2001,,86738.989,,,,F,Free (free for publication),1,One,A,Normal value,6,Millions,EUR,Euro
DATAFLOW,OECD.SDD.NAD:DSD_NAMAIN10@DF_TABLE5_T501(1.0),Annual household final consumption expenditure by purpose (COICOP),I,A,Annual,PRT,Portugal,S14,Households,S1,Total economy,P31DC,Final consumption expenditure of residents and non-residents on the territory,_Z,Not applicable,_Z,Not applicable,_T,Total,XDC,National currency,V,Current prices,N,Non transformed data,T0117,Table 0117 - Final consumption expenditure of households by durability,2002,,90787.005,,,,F,Free (free for publication),1,One,A,Normal value,6,Millions,EUR,Euro
DATAFLOW,OECD.SDD.NAD:DSD_NAMAIN10@DF_TABLE5_T501(1.0),Annual household final consumption expenditure by purpose (COICOP),I,A,Annual,PRT,Portugal,S14,Households,S1,Total economy,P31DC,Final consumption expenditure of residents and non-residents on the territory,_Z,Not applicable,_Z,Not applicable,_T,Total,XDC,National currency,V,Current prices,N,Non transformed data,T0117,Table 0117 - Final consumption expenditure of households by durability,2003,,93507.569,,,,F,Free (free for publication),1,One,A,Normal value,6,Millions,EUR,Euro
DATAFLOW,OECD.SDD.NAD:DSD_NAMAIN10@DF_TABLE5_T501(1.0),Annual household final consumption expenditure by purpose (COICOP),I,A,Annual,PRT,Portugal,S14,Households,S1,Total economy,P31DC,Final consumption expenditure of residents and non-residents on the territory,_Z,Not applicable,_Z,Not applicable,_T,Total,XDC,National currency,V,Current prices,N,Non transformed data,T0117,Table 0117 - Final consumption expenditure of households by durability,2004,,98230.669,,,,F,Free (free for publication),1,One,A,Normal value,6,Millions,EUR,Euro
DATAFLOW,OECD.SDD.NAD:DSD_NAMAIN10@DF_TABLE5_T501(1.0),Annual household final consumption expenditure by purpose (COICOP),I,A,Annual,PRT,Portugal,S14,Households,S1,Total economy,P31DC,Final consumption expenditure of residents and non-residents on the territory,_Z,Not applicable,_Z,Not applicable,_T,Total,XDC,National currency,V,Current prices,N,Non transformed data,T0117,Table 0117 - Final consumption expenditure of households by durability,2005,,103289.001,,,,F,Free (free for publication),1,One,A,Normal value,6,Millions,EUR,Euro
DATAFLOW,OECD.SDD.NAD:DSD_NAMAIN10@DF_TABLE5_T501(1.0),Annual household final consumption expenditure by purpose (COICOP),I,A,Annual,PRT,Portugal,S14,Households,S1,Total economy,P31DC,Final consumption expenditure of residents and non-residents on the territory,_Z,Not applicable,_Z,Not applicable,_T,Total,XDC,National currency,V,Current prices,N,Non transformed data,T0117,Table 0117 - Final consumption expenditure of households by durability,2006,,108713.026,,,,F,Free (free for publication),1,One,A,Normal value,6,Millions,EUR,Euro
DATAFLOW,OECD.SDD.NAD:DSD_NAMAIN10@DF_TABLE5_T501(1.0),Annual household final consumption expenditure by purpose (COICOP),I,A,Annual,PRT,Portugal,S14,Households,S1,Total economy,P31DC,Final consumption expenditure of residents and non-residents on the territory,_Z,Not applicable,_Z,Not applicable,_T,Total,XDC,National currency,V,Current prices,N,Non transformed data,T0117,Table 0117 - Final consumption expenditure of households by durability,2007,,115412.161,,,,F,Free (free for publication),1,One,A,Normal value,6,Millions,EUR,Euro
DATAFLOW,OECD.SDD.NAD:DSD_NAMAIN10@DF_TABLE5_T501(1.0),Annual household final consumption expenditure by purpose (COICOP),I,A,Annual,PRT,Portugal,S14,Households,S1,Total economy,P31DC,Final consumption expenditure of residents and non-residents on the territory,_Z,Not applicable,_Z,Not applicable,_T,Total,XDC,National currency,V,Current prices,N,Non transformed data,T0117,Table 0117 - Final consumption expenditure of households by durability,2008,,119967.883,,,,F,Free (free for publication),1,One,A,Normal value,6,Millions,EUR,Euro
DATAFLOW,OECD.SDD.NAD:DSD_NAMAIN10@DF_TABLE5_T501(1.0),Annual household final consumption expenditure by purpose (COICOP),I,A,Annual,PRT,Portugal,S14,Households,S1,Total economy,P31DC,Final consumption expenditure of residents and non-residents on the territory,_Z,Not applicable,_Z,Not applicable,_T,Total,XDC,National currency,V,Current prices,N,Non transformed data,T0117,Table 0117 - Final consumption expenditure of households by durability,2009,,114687.833,,,,F,Free (free for publication),1,One,A,Normal value,6,Millions,EUR,Euro
DATAFLOW,OECD.SDD.NAD:DSD_NAMAIN10@DF_TABLE5_T501(1.0),Annual household final consumption expenditure by purpose (COICOP),I,A,Annual,PRT,Portugal,S14,Households,S1,Total economy,P31DC,Final consumption expenditure of residents and non-residents on the territory,_Z,Not applicable,_Z,Not applicable,_T,Total,XDC,National currency,V,Current prices,N,Non transformed data,T0117,Table 0117 - Final consumption expenditure of households by durability,2010,,119946.894,,,,F,Free (free for publication),1,One,A,Normal value,6,Millions,EUR,Euro
DATAFLOW,OECD.SDD.NAD:DSD_NAMAIN10@DF_TABLE5_T501(1.0),Annual household final consumption expenditure by purpose (COICOP),I,A,Annual,PRT,Portugal,S14,Households,S1,Total economy,P31DC,Final consumption expenditure of residents and non-residents on the territory,_Z,Not applicable,_Z,Not applicable,_T,Total,XDC,National currency,V,Current prices,N,Non transformed data,T0117,Table 0117 - Final consumption expenditure of households by durability,2011,,117955.567,,,,F,Free (free for publication),1,One,A,Normal value,6,Millions,EUR,Euro
DATAFLOW,OECD.SDD.NAD:DSD_NAMAIN10@DF_TABLE5_T501(1.0),Annual household final consumption expenditure by purpose (COICOP),I,A,Annual,PRT,Portugal,S14,Households,S1,Total economy,P31DC,Final consumption expenditure of residents and non-residents on the territory,_Z,Not applicable,_Z,Not applicable,_T,Total,XDC,National currency,V,Current prices,N,Non transformed data,T0117,Table 0117 - Final consumption expenditure of households by durability,2012,,114122.848,,,,F,Free (free for publication),1,One,A,Normal value,6,Millions,EUR,Euro
DATAFLOW,OECD.SDD.NAD:DSD_NAMAIN10@DF_TABLE5_T501(1.0),Annual household final consumption expenditure by purpose (COICOP),I,A,Annual,PRT,Portugal,S14,Households,S1,Total economy,P31DC,Final consumption expenditure of residents and non-residents on the territory,_Z,Not applicable,_Z,Not applicable,_T,Total,XDC,National currency,V,Current prices,N,Non transformed data,T0117,Table 0117 - Final consumption expenditure of households by durability,2013,,114311.132,,,,F,Free (free for publication),1,One,A,Normal value,6,Millions,EUR,Euro
DATAFLOW,OECD.SDD.NAD:DSD_NAMAIN10@DF_TABLE5_T501(1.0),Annual household final consumption expenditure by purpose (COICOP),I,A,Annual,PRT,Portugal,S14,Households,S1,Total economy,P31DC,Final consumption expenditure of residents and non-residents on the territory,_Z,Not applicable,_Z,Not applicable,_T,Total,XDC,National currency,V,Current prices,N,Non transformed data,T0117,Table 0117 - Final consumption expenditure of households by durability,2014,,118025.518,,,,F,Free (free for publication),1,One,A,Normal value,6,Millions,EUR,Euro
DATAFLOW,OECD.SDD.NAD:DSD_NAMAIN10@DF_TABLE5_T501(1.0),Annual household final consumption expenditure by purpose (COICOP),I,A,Annual,PRT,Portugal,S14,Households,S1,Total economy,P31DC,Final consumption expenditure of residents and non-residents on the territory,_Z,Not applicable,_Z,Not applicable,_T,Total,XDC,National currency,V,Current prices,N,Non transformed data,T0117,Table 0117 - Final consumption expenditure of households by durability,2015,,122329.568,,,,F,Free (free for publication),1,One,A,Normal value,6,Millions,EUR,Euro
DATAFLOW,OECD.SDD.NAD:DSD_NAMAIN10@DF_TABLE5_T501(1.0),Annual household final consumption expenditure by purpose (COICOP),I,A,Annual,PRT,Portugal,S14,Households,S1,Total economy,P31DC,Final consumption expenditure of residents and non-residents on the territory,_Z,Not applicable,_Z,Not applicable,_T,Total,XDC,National currency,V,Current prices,N,Non transformed data,T0117,Table 0117 - Final consumption expenditure of households by durability,2016,,127446.954,,,,F,Free (free for publication),1,One,A,Normal value,6,Millions,EUR,Euro
DATAFLOW,OECD.SDD.NAD:DSD_NAMAIN10@DF_TABLE5_T501(1.0),Annual household final consumption expenditure by purpose (COICOP),I,A,Annual,PRT,Portugal,S14,Households,S1,Total economy,P31DC,Final consumption expenditure of residents and non-residents on the territory,_Z,Not applicable,_Z,Not applicable,_T,Total,XDC,National currency,V,Current prices,N,Non transformed data,T0117,Table 0117 - Final consumption expenditure of households by durability,2017,,134028.506,,,,F,Free (free for publication),1,One,A,Normal value,6,Millions,EUR,Euro
DATAFLOW,OECD.SDD.NAD:DSD_NAMAIN10@DF_TABLE5_T501(1.0),Annual household final consumption expenditure by purpose (COICOP),I,A,Annual,PRT,Portugal,S14,Households,S1,Total economy,P31DC,Final consumption expenditure of residents and non-residents on the territory,_Z,Not applicable,_Z,Not applicable,_T,Total,XDC,National currency,V,Current prices,N,Non transformed data,T0117,Table 0117 - Final consumption expenditure of households by durability,2018,,140437.735,,,,F,Free (free for publication),1,One,A,Normal value,6,Millions,EUR,Euro
DATAFLOW,OECD.SDD.NAD:DSD_NAMAIN10@DF_TABLE5_T501(1.0),Annual household final consumption expenditure by purpose (COICOP),I,A,Annual,PRT,Portugal,S14,Households,S1,Total economy,P31DC,Final consumption expenditure of residents and non-residents on the territory,_Z,Not applicable,_Z,Not applicable,_T,Total,XDC,National currency,V,Current prices,N,Non transformed data,T0117,Table 0117 - Final consumption expenditure of households by durability,2019,,146606.062,,,,F,Free (free for publication),1,One,A,Normal value,6,Millions,EUR,Euro
DATAFLOW,OECD.SDD.NAD:DSD_NAMAIN10@DF_TABLE5_T501(1.0),Annual household final consumption expenditure by purpose (COICOP),I,A,Annual,PRT,Portugal,S14,Households,S1,Total economy,P31DC,Final consumption expenditure of residents and non-residents on the territory,_Z,Not applicable,_Z,Not applicable,_T,Total,XDC,National currency,V,Current prices,N,Non transformed data,T0117,Table 0117 - Final consumption expenditure of households by durability,2020,,129684.291,,,,F,Free (free for publication),1,One,A,Normal value,6,Millions,EUR,Euro
DATAFLOW,OECD.SDD.NAD:DSD_NAMAIN10@DF_TABLE5_T501(1.0),Annual household final consumption expenditure by purpose (COICOP),I,A,Annual,PRT,Portugal,S14,Households,S1,Total economy,P31DC,Final consumption expenditure of residents and non-residents on the territory,_Z,Not applicable,_Z,Not applicable,_T,Total,XDC,National currency,V,Current prices,N,Non transformed data,T0117,Table 0117 - Final consumption expenditure of households by durability,2021,,139821.074,,,,F,Free (free for publication),1,One,A,Normal value,6,Millions,EUR,Euro
DATAFLOW,OECD.SDD.NAD:DSD_NAMAIN10@DF_TABLE5_T501(1.0),Annual household final consumption expenditure by purpose (COICOP),I,A,Annual,NLD,Netherlands,S14,Households,S1,Total economy,P31DC,Final consumption expenditure of residents and non-residents on the territory,_Z,Not applicable,_Z,Not applicable,_T,Total,XDC,National currency,V,Current prices,N,Non transformed data,T0117,Table 0117 - Final consumption expenditure of households by durability,1995,,157276,,,,F,Free (free for publication),1,One,A,Normal value,6,Millions,EUR,Euro
DATAFLOW,OECD.SDD.NAD:DSD_NAMAIN10@DF_TABLE5_T501(1.0),Annual household final consumption expenditure by purpose (COICOP),I,A,Annual,NLD,Netherlands,S14,Households,S1,Total economy,P31DC,Final consumption expenditure of residents and non-residents on the territory,_Z,Not applicable,_Z,Not applicable,_T,Total,XDC,National currency,V,Current prices,N,Non transformed data,T0117,Table 0117 - Final consumption expenditure of households by durability,1996,,167130,,,,F,Free (free for publication),1,One,A,Normal value,6,Millions,EUR,Euro
DATAFLOW,OECD.SDD.NAD:DSD_NAMAIN10@DF_TABLE5_T501(1.0),Annual household final consumption expenditure by purpose (COICOP),I,A,Annual,NLD,Netherlands,S14,Households,S1,Total economy,P31DC,Final consumption expenditure of residents and non-residents on the territory,_Z,Not applicable,_Z,Not applicable,_T,Total,XDC,National currency,V,Current prices,N,Non transformed data,T0117,Table 0117 - Final consumption expenditure of households by durability,1997,,178416,,,,F,Free (free for publication),1,One,A,Normal value,6,Millions,EUR,Euro
DATAFLOW,OECD.SDD.NAD:DSD_NAMAIN10@DF_TABLE5_T501(1.0),Annual household final consumption expenditure by purpose (COICOP),I,A,Annual,NLD,Netherlands,S14,Households,S1,Total economy,P31DC,Final consumption expenditure of residents and non-residents on the territory,_Z,Not applicable,_Z,Not applicable,_T,Total,XDC,National currency,V,Current prices,N,Non transformed data,T0117,Table 0117 - Final consumption expenditure of households by durability,1998,,191555,,,,F,Free (free for publication),1,One,A,Normal value,6,Millions,EUR,Euro
DATAFLOW,OECD.SDD.NAD:DSD_NAMAIN10@DF_TABLE5_T501(1.0),Annual household final consumption expenditure by purpose (COICOP),I,A,Annual,NLD,Netherlands,S14,Households,S1,Total economy,P31DC,Final consumption expenditure of residents and non-residents on the territory,_Z,Not applicable,_Z,Not applicable,_T,Total,XDC,National currency,V,Current prices,N,Non transformed data,T0117,Table 0117 - Final consumption expenditure of households by durability,1999,,206542,,,,F,Free (free for publication),1,One,A,Normal value,6,Millions,EUR,Euro
DATAFLOW,OECD.SDD.NAD:DSD_NAMAIN10@DF_TABLE5_T501(1.0),Annual household final consumption expenditure by purpose (COICOP),I,A,Annual,NLD,Netherlands,S14,Households,S1,Total economy,P31DC,Final consumption expenditure of residents and non-residents on the territory,_Z,Not applicable,_Z,Not applicable,_T,Total,XDC,National currency,V,Current prices,N,Non transformed data,T0117,Table 0117 - Final consumption expenditure of households by durability,2000,,219527,,,,F,Free (free for publication),1,One,A,Normal value,6,Millions,EUR,Euro
DATAFLOW,OECD.SDD.NAD:DSD_NAMAIN10@DF_TABLE5_T501(1.0),Annual household final consumption expenditure by purpose (COICOP),I,A,Annual,NLD,Netherlands,S14,Households,S1,Total economy,P31DC,Final consumption expenditure of residents and non-residents on the territory,_Z,Not applicable,_Z,Not applicable,_T,Total,XDC,National currency,V,Current prices,N,Non transformed data,T0117,Table 0117 - Final consumption expenditure of households by durability,2001,,231596,,,,F,Free (free for publication),1,One,A,Normal value,6,Millions,EUR,Euro
DATAFLOW,OECD.SDD.NAD:DSD_NAMAIN10@DF_TABLE5_T501(1.0),Annual household final consumption expenditure by purpose (COICOP),I,A,Annual,NLD,Netherlands,S14,Households,S1,Total economy,P31DC,Final consumption expenditure of residents and non-residents on the territory,_Z,Not applicable,_Z,Not applicable,_T,Total,XDC,National currency,V,Current prices,N,Non transformed data,T0117,Table 0117 - Final consumption expenditure of households by durability,2002,,242591,,,,F,Free (free for publication),1,One,A,Normal value,6,Millions,EUR,Euro
DATAFLOW,OECD.SDD.NAD:DSD_NAMAIN10@DF_TABLE5_T501(1.0),Annual household final consumption expenditure by purpose (COICOP),I,A,Annual,NLD,Netherlands,S14,Households,S1,Total economy,P31DC,Final consumption expenditure of residents and non-residents on the territory,_Z,Not applicable,_Z,Not applicable,_T,Total,XDC,National currency,V,Current prices,N,Non transformed data,T0117,Table 0117 - Final consumption expenditure of households by durability,2003,,248436,,,,F,Free (free for publication),1,One,A,Normal value,6,Millions,EUR,Euro
DATAFLOW,OECD.SDD.NAD:DSD_NAMAIN10@DF_TABLE5_T501(1.0),Annual household final consumption expenditure by purpose (COICOP),I,A,Annual,NLD,Netherlands,S14,Households,S1,Total economy,P31DC,Final consumption expenditure of residents and non-residents on the territory,_Z,Not applicable,_Z,Not applicable,_T,Total,XDC,National currency,V,Current prices,N,Non transformed data,T0117,Table 0117 - Final consumption expenditure of households by durability,2004,,254255,,,,F,Free (free for publication),1,One,A,Normal value,6,Millions,EUR,Euro
DATAFLOW,OECD.SDD.NAD:DSD_NAMAIN10@DF_TABLE5_T501(1.0),Annual household final consumption expenditure by purpose (COICOP),I,A,Annual,NLD,Netherlands,S14,Households,S1,Total economy,P31DC,Final consumption expenditure of residents and non-residents on the territory,_Z,Not applicable,_Z,Not applicable,_T,Total,XDC,National currency,V,Current prices,N,Non transformed data,T0117,Table 0117 - Final consumption expenditure of households by durability,2005,,261271,,,,F,Free (free for publication),1,One,A,Normal value,6,Millions,EUR,Euro
DATAFLOW,OECD.SDD.NAD:DSD_NAMAIN10@DF_TABLE5_T501(1.0),Annual household final consumption expenditure by purpose (COICOP),I,A,Annual,NLD,Netherlands,S14,Households,S1,Total economy,P31DC,Final consumption expenditure of residents and non-residents on the territory,_Z,Not applicable,_Z,Not applicable,_T,Total,XDC,National currency,V,Current prices,N,Non transformed data,T0117,Table 0117 - Final consumption expenditure of households by durability,2006,,268035,,,,F,Free (free for publication),1,One,A,Normal value,6,Millions,EUR,Euro
DATAFLOW,OECD.SDD.NAD:DSD_NAMAIN10@DF_TABLE5_T501(1.0),Annual household final consumption expenditure by purpose (COICOP),I,A,Annual,NLD,Netherlands,S14,Households,S1,Total economy,P31DC,Final consumption expenditure of residents and non-residents on the territory,_Z,Not applicable,_Z,Not applicable,_T,Total,XDC,National currency,V,Current prices,N,Non transformed data,T0117,Table 0117 - Final consumption expenditure of households by durability,2007,,279073,,,,F,Free (free for publication),1,One,A,Normal value,6,Millions,EUR,Euro
DATAFLOW,OECD.SDD.NAD:DSD_NAMAIN10@DF_TABLE5_T501(1.0),Annual household final consumption expenditure by purpose (COICOP),I,A,Annual,NLD,Netherlands,S14,Households,S1,Total economy,P31DC,Final consumption expenditure of residents and non-residents on the territory,_Z,Not applicable,_Z,Not applicable,_T,Total,XDC,National currency,V,Current prices,N,Non transformed data,T0117,Table 0117 - Final consumption expenditure of households by durability,2008,,287334,,,,F,Free (free for publication),1,One,A,Normal value,6,Millions,EUR,Euro
DATAFLOW,OECD.SDD.NAD:DSD_NAMAIN10@DF_TABLE5_T501(1.0),Annual household final consumption expenditure by purpose (COICOP),I,A,Annual,NLD,Netherlands,S14,Households,S1,Total economy,P31DC,Final consumption expenditure of residents and non-residents on the territory,_Z,Not applicable,_Z,Not applicable,_T,Total,XDC,National currency,V,Current prices,N,Non transformed data,T0117,Table 0117 - Final consumption expenditure of households by durability,2009,,277899,,,,F,Free (free for publication),1,One,A,Normal value,6,Millions,EUR,Euro
DATAFLOW,OECD.SDD.NAD:DSD_NAMAIN10@DF_TABLE5_T501(1.0),Annual household final consumption expenditure by purpose (COICOP),I,A,Annual,NLD,Netherlands,S14,Households,S1,Total economy,P31DC,Final consumption expenditure of residents and non-residents on the territory,_Z,Not applicable,_Z,Not applicable,_T,Total,XDC,National currency,V,Current prices,N,Non transformed data,T0117,Table 0117 - Final consumption expenditure of households by durability,2010,,283377,,,,F,Free (free for publication),1,One,A,Normal value,6,Millions,EUR,Euro
DATAFLOW,OECD.SDD.NAD:DSD_NAMAIN10@DF_TABLE5_T501(1.0),Annual household final consumption expenditure by purpose (COICOP),I,A,Annual,NLD,Netherlands,S14,Households,S1,Total economy,P31DC,Final consumption expenditure of residents and non-residents on the territory,_Z,Not applicable,_Z,Not applicable,_T,Total,XDC,National currency,V,Current prices,N,Non transformed data,T0117,Table 0117 - Final consumption expenditure of households by durability,2011,,292498,,,,F,Free (free for publication),1,One,A,Normal value,6,Millions,EUR,Euro
DATAFLOW,OECD.SDD.NAD:DSD_NAMAIN10@DF_TABLE5_T501(1.0),Annual household final consumption expenditure by purpose (COICOP),I,A,Annual,NLD,Netherlands,S14,Households,S1,Total economy,P31DC,Final consumption expenditure of residents and non-residents on the territory,_Z,Not applicable,_Z,Not applicable,_T,Total,XDC,National currency,V,Current prices,N,Non transformed data,T0117,Table 0117 - Final consumption expenditure of households by durability,2012,,292795,,,,F,Free (free for publication),1,One,A,Normal value,6,Millions,EUR,Euro
DATAFLOW,OECD.SDD.NAD:DSD_NAMAIN10@DF_TABLE5_T501(1.0),Annual household final consumption expenditure by purpose (COICOP),I,A,Annual,NLD,Netherlands,S14,Households,S1,Total economy,P31DC,Final consumption expenditure of residents and non-residents on the territory,_Z,Not applicable,_Z,Not applicable,_T,Total,XDC,National currency,V,Current prices,N,Non transformed data,T0117,Table 0117 - Final consumption expenditure of households by durability,2013,,297330,,,,F,Free (free for publication),1,One,A,Normal value,6,Millions,EUR,Euro
DATAFLOW,OECD.SDD.NAD:DSD_NAMAIN10@DF_TABLE5_T501(1.0),Annual household final consumption expenditure by purpose (COICOP),I,A,Annual,NLD,Netherlands,S14,Households,S1,Total economy,P31DC,Final consumption expenditure of residents and non-residents on the territory,_Z,Not applicable,_Z,Not applicable,_T,Total,XDC,National currency,V,Current prices,N,Non transformed data,T0117,Table 0117 - Final consumption expenditure of households by durability,2014,,302380,,,,F,Free (free for publication),1,One,A,Normal value,6,Millions,EUR,Euro
DATAFLOW,OECD.SDD.NAD:DSD_NAMAIN10@DF_TABLE5_T501(1.0),Annual household final consumption expenditure by purpose (COICOP),I,A,Annual,NLD,Netherlands,S14,Households,S1,Total economy,P31DC,Final consumption expenditure of residents and non-residents on the territory,_Z,Not applicable,_Z,Not applicable,_T,Total,XDC,National currency,V,Current prices,N,Non transformed data,T0117,Table 0117 - Final consumption expenditure of households by durability,2015,,310085,,,,F,Free (free for publication),1,One,A,Normal value,6,Millions,EUR,Euro
DATAFLOW,OECD.SDD.NAD:DSD_NAMAIN10@DF_TABLE5_T501(1.0),Annual household final consumption expenditure by purpose (COICOP),I,A,Annual,NLD,Netherlands,S14,Households,S1,Total economy,P31DC,Final consumption expenditure of residents and non-residents on the territory,_Z,Not applicable,_Z,Not applicable,_T,Total,XDC,National currency,V,Current prices,N,Non transformed data,T0117,Table 0117 - Final consumption expenditure of households by durability,2016,,317458,,,,F,Free (free for publication),1,One,A,Normal value,6,Millions,EUR,Euro
DATAFLOW,OECD.SDD.NAD:DSD_NAMAIN10@DF_TABLE5_T501(1.0),Annual household final consumption expenditure by purpose (COICOP),I,A,Annual,NLD,Netherlands,S14,Households,S1,Total economy,P31DC,Final consumption expenditure of residents and non-residents on the territory,_Z,Not applicable,_Z,Not applicable,_T,Total,XDC,National currency,V,Current prices,N,Non transformed data,T0117,Table 0117 - Final consumption expenditure of households by durability,2017,,331686,,,,F,Free (free for publication),1,One,A,Normal value,6,Millions,EUR,Euro
DATAFLOW,OECD.SDD.NAD:DSD_NAMAIN10@DF_TABLE5_T501(1.0),Annual household final consumption expenditure by purpose (COICOP),I,A,Annual,NLD,Netherlands,S14,Households,S1,Total economy,P31DC,Final consumption expenditure of residents and non-residents on the territory,_Z,Not applicable,_Z,Not applicable,_T,Total,XDC,National currency,V,Current prices,N,Non transformed data,T0117,Table 0117 - Final consumption expenditure of households by durability,2018,,347740,,,,F,Free (free for publication),1,One,A,Normal value,6,Millions,EUR,Euro
DATAFLOW,OECD.SDD.NAD:DSD_NAMAIN10@DF_TABLE5_T501(1.0),Annual household final consumption expenditure by purpose (COICOP),I,A,Annual,NLD,Netherlands,S14,Households,S1,Total economy,P31DC,Final consumption expenditure of residents and non-residents on the territory,_Z,Not applicable,_Z,Not applicable,_T,Total,XDC,National currency,V,Current prices,N,Non transformed data,T0117,Table 0117 - Final consumption expenditure of households by durability,2019,,360976,,,,F,Free (free for publication),1,One,A,Normal value,6,Millions,EUR,Euro
DATAFLOW,OECD.SDD.NAD:DSD_NAMAIN10@DF_TABLE5_T501(1.0),Annual household final consumption expenditure by purpose (COICOP),I,A,Annual,NLD,Netherlands,S14,Households,S1,Total economy,P31DC,Final consumption expenditure of residents and non-residents on the territory,_Z,Not applicable,_Z,Not applicable,_T,Total,XDC,National currency,V,Current prices,N,Non transformed data,T0117,Table 0117 - Final consumption expenditure of households by durability,2020,,347458,,,,F,Free (free for publication),1,One,A,Normal value,6,Millions,EUR,Euro
DATAFLOW,OECD.SDD.NAD:DSD_NAMAIN10@DF_TABLE5_T501(1.0),Annual household final consumption expenditure by purpose (COICOP),I,A,Annual,NLD,Netherlands,S14,Households,S1,Total economy,P31DC,Final consumption expenditure of residents and non-residents on the territory,_Z,Not applicable,_Z,Not applicable,_T,Total,XDC,National currency,V,Current prices,N,Non transformed data,T0117,Table 0117 - Final consumption expenditure of households by durability,2021,,376093,,,,F,Free (free for publication),1,One,A,Normal value,6,Millions,EUR,Euro
DATAFLOW,OECD.SDD.NAD:DSD_NAMAIN10@DF_TABLE5_T501(1.0),Annual household final consumption expenditure by purpose (COICOP),I,A,Annual,NLD,Netherlands,S14,Households,S1,Total economy,P31DC,Final consumption expenditure of residents and non-residents on the territory,_Z,Not applicable,_Z,Not applicable,_T,Total,XDC,National currency,V,Current prices,N,Non transformed data,T0117,Table 0117 - Final consumption expenditure of households by durability,2022,,427768,,,,F,Free (free for publication),1,One,A,Normal value,6,Millions,EUR,Euro
DATAFLOW,OECD.SDD.NAD:DSD_NAMAIN10@DF_TABLE5_T501(1.0),Annual household final consumption expenditure by purpose (COICOP),I,A,Annual,NLD,Netherlands,S14,Households,S1,Total economy,P31DC,Final consumption expenditure of residents and non-residents on the territory,_Z,Not applicable,_Z,Not applicable,_T,Total,XDC,National currency,V,Current prices,N,Non transformed data,T0117,Table 0117 - Final consumption expenditure of households by durability,2023,,462416,,,,F,Free (free for publication),1,One,A,Normal value,6,Millions,EUR,Euro
DATAFLOW,OECD.SDD.NAD:DSD_NAMAIN10@DF_TABLE5_T501(1.0),Annual household final consumption expenditure by purpose (COICOP),I,A,Annual,DEU,Germany,S14,Households,S1,Total economy,P31DC,Final consumption expenditure of residents and non-residents on the territory,_Z,Not applicable,_Z,Not applicable,_T,Total,XDC,National currency,V,Current prices,N,Non transformed data,T0117,Table 0117 - Final consumption expenditure of households by durability,1991,,853898,,,,F,Free (free for publication),1,One,A,Normal value,6,Millions,EUR,Euro
DATAFLOW,OECD.SDD.NAD:DSD_NAMAIN10@DF_TABLE5_T501(1.0),Annual household final consumption expenditure by purpose (COICOP),I,A,Annual,DEU,Germany,S14,Households,S1,Total economy,P31DC,Final consumption expenditure of residents and non-residents on the territory,_Z,Not applicable,_Z,Not applicable,_T,Total,XDC,National currency,V,Current prices,N,Non transformed data,T0117,Table 0117 - Final consumption expenditure of households by durability,1992,,914145,,,,F,Free (free for publication),1,One,A,Normal value,6,Millions,EUR,Euro
DATAFLOW,OECD.SDD.NAD:DSD_NAMAIN10@DF_TABLE5_T501(1.0),Annual household final consumption expenditure by purpose (COICOP),I,A,Annual,DEU,Germany,S14,Households,S1,Total economy,P31DC,Final consumption expenditure of residents and non-residents on the territory,_Z,Not applicable,_Z,Not applicable,_T,Total,XDC,National currency,V,Current prices,N,Non transformed data,T0117,Table 0117 - Final consumption expenditure of households by durability,1993,,950239,,,,F,Free (free for publication),1,One,A,Normal value,6,Millions,EUR,Euro
DATAFLOW,OECD.SDD.NAD:DSD_NAMAIN10@DF_TABLE5_T501(1.0),Annual household final consumption expenditure by purpose (COICOP),I,A,Annual,DEU,Germany,S14,Households,S1,Total economy,P31DC,Final consumption expenditure of residents and non-residents on the territory,_Z,Not applicable,_Z,Not applicable,_T,Total,XDC,National currency,V,Current prices,N,Non transformed data,T0117,Table 0117 - Final consumption expenditure of households by durability,1994,,981894,,,,F,Free (free for publication),1,One,A,Normal value,6,Millions,EUR,Euro
DATAFLOW,OECD.SDD.NAD:DSD_NAMAIN10@DF_TABLE5_T501(1.0),Annual household final consumption expenditure by purpose (COICOP),I,A,Annual,DEU,Germany,S14,Households,S1,Total economy,P31DC,Final consumption expenditure of residents and non-residents on the territory,_Z,Not applicable,_Z,Not applicable,_T,Total,XDC,National currency,V,Current prices,N,Non transformed data,T0117,Table 0117 - Final consumption expenditure of households by durability,1995,,1009635,,,,F,Free (free for publication),1,One,A,Normal value,6,Millions,EUR,Euro
DATAFLOW,OECD.SDD.NAD:DSD_NAMAIN10@DF_TABLE5_T501(1.0),Annual household final consumption expenditure by purpose (COICOP),I,A,Annual,DEU,Germany,S14,Households,S1,Total economy,P31DC,Final consumption expenditure of residents and non-residents on the territory,_Z,Not applicable,_Z,Not applicable,_T,Total,XDC,National currency,V,Current prices,N,Non transformed data,T0117,Table 0117 - Final consumption expenditure of households by durability,1996,,1035655,,,,F,Free (free for publication),1,One,A,Normal value,6,Millions,EUR,Euro
DATAFLOW,OECD.SDD.NAD:DSD_NAMAIN10@DF_TABLE5_T501(1.0),Annual household final consumption expenditure by purpose (COICOP),I,A,Annual,DEU,Germany,S14,Households,S1,Total economy,P31DC,Final consumption expenditure of residents and non-residents on the territory,_Z,Not applicable,_Z,Not applicable,_T,Total,XDC,National currency,V,Current prices,N,Non transformed data,T0117,Table 0117 - Final consumption expenditure of households by durability,1997,,1054574,,,,F,Free (free for publication),1,One,A,Normal value,6,Millions,EUR,Euro
DATAFLOW,OECD.SDD.NAD:DSD_NAMAIN10@DF_TABLE5_T501(1.0),Annual household final consumption expenditure by purpose (COICOP),I,A,Annual,DEU,Germany,S14,Households,S1,Total economy,P31DC,Final consumption expenditure of residents and non-residents on the territory,_Z,Not applicable,_Z,Not applicable,_T,Total,XDC,National currency,V,Current prices,N,Non transformed data,T0117,Table 0117 - Final consumption expenditure of households by durability,1998,,1072452,,,,F,Free (free for publication),1,One,A,Normal value,6,Millions,EUR,Euro
DATAFLOW,OECD.SDD.NAD:DSD_NAMAIN10@DF_TABLE5_T501(1.0),Annual household final consumption expenditure by purpose (COICOP),I,A,Annual,DEU,Germany,S14,Households,S1,Total economy,P31DC,Final consumption expenditure of residents and non-residents on the territory,_Z,Not applicable,_Z,Not applicable,_T,Total,XDC,National currency,V,Current prices,N,Non transformed data,T0117,Table 0117 - Final consumption expenditure of households by durability,1999,,1105025,,,,F,Free (free for publication),1,One,A,Normal value,6,Millions,EUR,Euro
DATAFLOW,OECD.SDD.NAD:DSD_NAMAIN10@DF_TABLE5_T501(1.0),Annual household final consumption expenditure by purpose (COICOP),I,A,Annual,DEU,Germany,S14,Households,S1,Total economy,P31DC,Final consumption expenditure of residents and non-residents on the territory,_Z,Not applicable,_Z,Not applicable,_T,Total,XDC,National currency,V,Current prices,N,Non transformed data,T0117,Table 0117 - Final consumption expenditure of households by durability,2000,,1132554,,,,F,Free (free for publication),1,One,A,Normal value,6,Millions,EUR,Euro
DATAFLOW,OECD.SDD.NAD:DSD_NAMAIN10@DF_TABLE5_T501(1.0),Annual household final consumption expenditure by purpose (COICOP),I,A,Annual,DEU,Germany,S14,Households,S1,Total economy,P31DC,Final consumption expenditure of residents and non-residents on the territory,_Z,Not applicable,_Z,Not applicable,_T,Total,XDC,National currency,V,Current prices,N,Non transformed data,T0117,Table 0117 - Final consumption expenditure of households by durability,2001,,1170922,,,,F,Free (free for publication),1,One,A,Normal value,6,Millions,EUR,Euro
DATAFLOW,OECD.SDD.NAD:DSD_NAMAIN10@DF_TABLE5_T501(1.0),Annual household final consumption expenditure by purpose (COICOP),I,A,Annual,DEU,Germany,S14,Households,S1,Total economy,P31DC,Final consumption expenditure of residents and non-residents on the territory,_Z,Not applicable,_Z,Not applicable,_T,Total,XDC,National currency,V,Current prices,N,Non transformed data,T0117,Table 0117 - Final consumption expenditure of households by durability,2002,,1167675,,,,F,Free (free for publication),1,One,A,Normal value,6,Millions,EUR,Euro
DATAFLOW,OECD.SDD.NAD:DSD_NAMAIN10@DF_TABLE5_T501(1.0),Annual household final consumption expenditure by purpose (COICOP),I,A,Annual,DEU,Germany,S14,Households,S1,Total economy,P31DC,Final consumption expenditure of residents and non-residents on the territory,_Z,Not applicable,_Z,Not applicable,_T,Total,XDC,National currency,V,Current prices,N,Non transformed data,T0117,Table 0117 - Final consumption expenditure of households by durability,2003,,1186204,,,,F,Free (free for publication),1,One,A,Normal value,6,Millions,EUR,Euro
DATAFLOW,OECD.SDD.NAD:DSD_NAMAIN10@DF_TABLE5_T501(1.0),Annual household final consumption expenditure by purpose (COICOP),I,A,Annual,DEU,Germany,S14,Households,S1,Total economy,P31DC,Final consumption expenditure of residents and non-residents on the territory,_Z,Not applicable,_Z,Not applicable,_T,Total,XDC,National currency,V,Current prices,N,Non transformed data,T0117,Table 0117 - Final consumption expenditure of households by durability,2004,,1208679,,,,F,Free (free for publication),1,One,A,Normal value,6,Millions,EUR,Euro
DATAFLOW,OECD.SDD.NAD:DSD_NAMAIN10@DF_TABLE5_T501(1.0),Annual household final consumption expenditure by purpose (COICOP),I,A,Annual,DEU,Germany,S14,Households,S1,Total economy,P31DC,Final consumption expenditure of residents and non-residents on the territory,_Z,Not applicable,_Z,Not applicable,_T,Total,XDC,National currency,V,Current prices,N,Non transformed data,T0117,Table 0117 - Final consumption expenditure of households by durability,2005,,1233957,,,,F,Free (free for publication),1,One,A,Normal value,6,Millions,EUR,Euro
DATAFLOW,OECD.SDD.NAD:DSD_NAMAIN10@DF_TABLE5_T501(1.0),Annual household final consumption expenditure by purpose (COICOP),I,A,Annual,DEU,Germany,S14,Households,S1,Total economy,P31DC,Final consumption expenditure of residents and non-residents on the territory,_Z,Not applicable,_Z,Not applicable,_T,Total,XDC,National currency,V,Current prices,N,Non transformed data,T0117,Table 0117 - Final consumption expenditure of households by durability,2006,,1268456,,,,F,Free (free for publication),1,One,A,Normal value,6,Millions,EUR,Euro
DATAFLOW,OECD.SDD.NAD:DSD_NAMAIN10@DF_TABLE5_T501(1.0),Annual household final consumption expenditure by purpose (COICOP),I,A,Annual,DEU,Germany,S14,Households,S1,Total economy,P31DC,Final consumption expenditure of residents and non-residents on the territory,_Z,Not applicable,_Z,Not applicable,_T,Total,XDC,National currency,V,Current prices,N,Non transformed data,T0117,Table 0117 - Final consumption expenditure of households by durability,2007,,1288114,,,,F,Free (free for publication),1,One,A,Normal value,6,Millions,EUR,Euro
DATAFLOW,OECD.SDD.NAD:DSD_NAMAIN10@DF_TABLE5_T501(1.0),Annual household final consumption expenditure by purpose (COICOP),I,A,Annual,DEU,Germany,S14,Households,S1,Total economy,P31DC,Final consumption expenditure of residents and non-residents on the territory,_Z,Not applicable,_Z,Not applicable,_T,Total,XDC,National currency,V,Current prices,N,Non transformed data,T0117,Table 0117 - Final consumption expenditure of households by durability,2008,,1315900,,,,F,Free (free for publication),1,One,A,Normal value,6,Millions,EUR,Euro
DATAFLOW,OECD.SDD.NAD:DSD_NAMAIN10@DF_TABLE5_T501(1.0),Annual household final consumption expenditure by purpose (COICOP),I,A,Annual,DEU,Germany,S14,Households,S1,Total economy,P31DC,Final consumption expenditure of residents and non-residents on the territory,_Z,Not applicable,_Z,Not applicable,_T,Total,XDC,National currency,V,Current prices,N,Non transformed data,T0117,Table 0117 - Final consumption expenditure of households by durability,2009,,1316052,,,,F,Free (free for publication),1,One,A,Normal value,6,Millions,EUR,Euro
DATAFLOW,OECD.SDD.NAD:DSD_NAMAIN10@DF_TABLE5_T501(1.0),Annual household final consumption expenditure by purpose (COICOP),I,A,Annual,DEU,Germany,S14,Households,S1,Total economy,P31DC,Final consumption expenditure of residents and non-residents on the territory,_Z,Not applicable,_Z,Not applicable,_T,Total,XDC,National currency,V,Current prices,N,Non transformed data,T0117,Table 0117 - Final consumption expenditure of households by durability,2010,,1348202,,,,F,Free (free for publication),1,One,A,Normal value,6,Millions,EUR,Euro
DATAFLOW,OECD.SDD.NAD:DSD_NAMAIN10@DF_TABLE5_T501(1.0),Annual household final consumption expenditure by purpose (COICOP),I,A,Annual,DEU,Germany,S14,Households,S1,Total economy,P31DC,Final consumption expenditure of residents and non-residents on the territory,_Z,Not applicable,_Z,Not applicable,_T,Total,XDC,National currency,V,Current prices,N,Non transformed data,T0117,Table 0117 - Final consumption expenditure of households by durability,2011,,1397122,,,,F,Free (free for publication),1,One,A,Normal value,6,Millions,EUR,Euro
DATAFLOW,OECD.SDD.NAD:DSD_NAMAIN10@DF_TABLE5_T501(1.0),Annual household final consumption expenditure by purpose (COICOP),I,A,Annual,DEU,Germany,S14,Households,S1,Total economy,P31DC,Final consumption expenditure of residents and non-residents on the territory,_Z,Not applicable,_Z,Not applicable,_T,Total,XDC,National currency,V,Current prices,N,Non transformed data,T0117,Table 0117 - Final consumption expenditure of households by durability,2012,,1436252,,,,F,Free (free for publication),1,One,A,Normal value,6,Millions,EUR,Euro
DATAFLOW,OECD.SDD.NAD:DSD_NAMAIN10@DF_TABLE5_T501(1.0),Annual household final consumption expenditure by purpose (COICOP),I,A,Annual,DEU,Germany,S14,Households,S1,Total economy,P31DC,Final consumption expenditure of residents and non-residents on the territory,_Z,Not applicable,_Z,Not applicable,_T,Total,XDC,National currency,V,Current prices,N,Non transformed data,T0117,Table 0117 - Final consumption expenditure of households by durability,2013,,1462148,,,,F,Free (free for publication),1,One,A,Normal value,6,Millions,EUR,Euro
DATAFLOW,OECD.SDD.NAD:DSD_NAMAIN10@DF_TABLE5_T501(1.0),Annual household final consumption expenditure by purpose (COICOP),I,A,Annual,DEU,Germany,S14,Households,S1,Total economy,P31DC,Final consumption expenditure of residents and non-residents on the territory,_Z,Not applicable,_Z,Not applicable,_T,Total,XDC,National currency,V,Current prices,N,Non transformed data,T0117,Table 0117 - Final consumption expenditure of households by durability,2014,,1492110,,,,F,Free (free for publication),1,One,A,Normal value,6,Millions,EUR,Euro
DATAFLOW,OECD.SDD.NAD:DSD_NAMAIN10@DF_TABLE5_T501(1.0),Annual household final consumption expenditure by purpose (COICOP),I,A,Annual,DEU,Germany,S14,Households,S1,Total economy,P31DC,Final consumption expenditure of residents and non-residents on the territory,_Z,Not applicable,_Z,Not applicable,_T,Total,XDC,National currency,V,Current prices,N,Non transformed data,T0117,Table 0117 - Final consumption expenditure of households by durability,2015,,1530457,,,,F,Free (free for publication),1,One,A,Normal value,6,Millions,EUR,Euro
DATAFLOW,OECD.SDD.NAD:DSD_NAMAIN10@DF_TABLE5_T501(1.0),Annual household final consumption expenditure by purpose (COICOP),I,A,Annual,DEU,Germany,S14,Households,S1,Total economy,P31DC,Final consumption expenditure of residents and non-residents on the territory,_Z,Not applicable,_Z,Not applicable,_T,Total,XDC,National currency,V,Current prices,N,Non transformed data,T0117,Table 0117 - Final consumption expenditure of households by durability,2016,,1577720,,,,F,Free (free for publication),1,One,A,Normal value,6,Millions,EUR,Euro
DATAFLOW,OECD.SDD.NAD:DSD_NAMAIN10@DF_TABLE5_T501(1.0),Annual household final consumption expenditure by purpose (COICOP),I,A,Annual,DEU,Germany,S14,Households,S1,Total economy,P31DC,Final consumption expenditure of residents and non-residents on the territory,_Z,Not applicable,_Z,Not applicable,_T,Total,XDC,National currency,V,Current prices,N,Non transformed data,T0117,Table 0117 - Final consumption expenditure of households by durability,2017,,1620634,,,,F,Free (free for publication),1,One,A,Normal value,6,Millions,EUR,Euro
DATAFLOW,OECD.SDD.NAD:DSD_NAMAIN10@DF_TABLE5_T501(1.0),Annual household final consumption expenditure by purpose (COICOP),I,A,Annual,DEU,Germany,S14,Households,S1,Total economy,P31DC,Final consumption expenditure of residents and non-residents on the territory,_Z,Not applicable,_Z,Not applicable,_T,Total,XDC,National currency,V,Current prices,N,Non transformed data,T0117,Table 0117 - Final consumption expenditure of households by durability,2018,,1668033,,,,F,Free (free for publication),1,One,A,Normal value,6,Millions,EUR,Euro
DATAFLOW,OECD.SDD.NAD:DSD_NAMAIN10@DF_TABLE5_T501(1.0),Annual household final consumption expenditure by purpose (COICOP),I,A,Annual,FIN,Finland,S14,Households,S1,Total economy,P31DC,Final consumption expenditure of residents and non-residents on the territory,_Z,Not applicable,_Z,Not applicable,_T,Total,XDC,National currency,V,Current prices,N,Non transformed data,T0117,Table 0117 - Final consumption expenditure of households by durability,1975,,9374.687,,,,F,Free (free for publication),1,One,E,Estimated value,6,Millions,EUR,Euro
DATAFLOW,OECD.SDD.NAD:DSD_NAMAIN10@DF_TABLE5_T501(1.0),Annual household final consumption expenditure by purpose (COICOP),I,A,Annual,FIN,Finland,S14,Households,S1,Total economy,P31DC,Final consumption expenditure of residents and non-residents on the territory,_Z,Not applicable,_Z,Not applicable,_T,Total,XDC,National currency,V,Current prices,N,Non transformed data,T0117,Table 0117 - Final consumption expenditure of households by durability,1976,,10735.609,,,,F,Free (free for publication),1,One,E,Estimated value,6,Millions,EUR,Euro
DATAFLOW,OECD.SDD.NAD:DSD_NAMAIN10@DF_TABLE5_T501(1.0),Annual household final consumption expenditure by purpose (COICOP),I,A,Annual,FIN,Finland,S14,Households,S1,Total economy,P31DC,Final consumption expenditure of residents and non-residents on the territory,_Z,Not applicable,_Z,Not applicable,_T,Total,XDC,National currency,V,Current prices,N,Non transformed data,T0117,Table 0117 - Final consumption expenditure of households by durability,1977,,11876.866,,,,F,Free (free for publication),1,One,E,Estimated value,6,Millions,EUR,Euro
DATAFLOW,OECD.SDD.NAD:DSD_NAMAIN10@DF_TABLE5_T501(1.0),Annual household final consumption expenditure by purpose (COICOP),I,A,Annual,FIN,Finland,S14,Households,S1,Total economy,P31DC,Final consumption expenditure of residents and non-residents on the territory,_Z,Not applicable,_Z,Not applicable,_T,Total,XDC,National currency,V,Current prices,N,Non transformed data,T0117,Table 0117 - Final consumption expenditure of households by durability,1978,,13163.901,,,,F,Free (free for publication),1,One,E,Estimated value,6,Millions,EUR,Euro
DATAFLOW,OECD.SDD.NAD:DSD_NAMAIN10@DF_TABLE5_T501(1.0),Annual household final consumption expenditure by purpose (COICOP),I,A,Annual,FIN,Finland,S14,Households,S1,Total economy,P31DC,Final consumption expenditure of residents and non-residents on the territory,_Z,Not applicable,_Z,Not applicable,_T,Total,XDC,National currency,V,Current prices,N,Non transformed data,T0117,Table 0117 - Final consumption expenditure of households by durability,1979,,14977.133,,,,F,Free (free for publication),1,One,E,Estimated value,6,Millions,EUR,Euro
DATAFLOW,OECD.SDD.NAD:DSD_NAMAIN10@DF_TABLE5_T501(1.0),Annual household final consumption expenditure by purpose (COICOP),I,A,Annual,DEU,Germany,S14,Households,S1,Total economy,P31DC,Final consumption expenditure of residents and non-residents on the territory,_Z,Not applicable,_Z,Not applicable,_T,Total,XDC,National currency,V,Current prices,N,Non transformed data,T0117,Table 0117 - Final consumption expenditure of households by durability,2019,,1717075,,,,F,Free (free for publication),1,One,P,Provisional value,6,Millions,EUR,Euro
DATAFLOW,OECD.SDD.NAD:DSD_NAMAIN10@DF_TABLE5_T501(1.0),Annual household final consumption expenditure by purpose (COICOP),I,A,Annual,LTU,Lithuania,S14,Households,S1,Total economy,P31DC,Final consumption expenditure of residents and non-residents on the territory,_Z,Not applicable,_Z,Not applicable,_T,Total,XDC,National currency,V,Current prices,N,Non transformed data,T0117,Table 0117 - Final consumption expenditure of households by durability,2020,,28068.415,,,,F,Free (free for publication),1,One,B,Time series break,6,Millions,EUR,Euro
DATAFLOW,OECD.SDD.NAD:DSD_NAMAIN10@DF_TABLE5_T501(1.0),Annual household final consumption expenditure by purpose (COICOP),I,A,Annual,DEU,Germany,S14,Households,S1,Total economy,P31DC,Final consumption expenditure of residents and non-residents on the territory,_Z,Not applicable,_Z,Not applicable,_T,Total,XDC,National currency,V,Current prices,N,Non transformed data,T0117,Table 0117 - Final consumption expenditure of households by durability,2020,,1639588,,,,F,Free (free for publication),1,One,P,Provisional value,6,Millions,EUR,Euro
DATAFLOW,OECD.SDD.NAD:DSD_NAMAIN10@DF_TABLE5_T501(1.0),Annual household final consumption expenditure by purpose (COICOP),I,A,Annual,FRA,France,S14,Households,S1,Total economy,P31DC,Final consumption expenditure of residents and non-residents on the territory,_Z,Not applicable,_Z,Not applicable,_T,Total,XDC,National currency,V,Current prices,N,Non transformed data,T0117,Table 0117 - Final consumption expenditure of households by durability,2023,,1495684,,,,F,Free (free for publication),1,One,P,Provisional value,6,Millions,EUR,Euro
DATAFLOW,OECD.SDD.NAD:DSD_NAMAIN10@DF_TABLE5_T501(1.0),Annual household final consumption expenditure by purpose (COICOP),I,A,Annual,DEU,Germany,S14,Households,S1,Total economy,P31DC,Final consumption expenditure of residents and non-residents on the territory,_Z,Not applicable,_Z,Not applicable,_T,Total,XDC,National currency,V,Current prices,N,Non transformed data,T0117,Table 0117 - Final consumption expenditure of households by durability,2023,,1978685,,,,F,Free (free for publication),1,One,P,Provisional value,6,Millions,EUR,Euro
DATAFLOW,OECD.SDD.NAD:DSD_NAMAIN10@DF_TABLE5_T501(1.0),Annual household final consumption expenditure by purpose (COICOP),I,A,Annual,DEU,Germany,S14,Households,S1,Total economy,P31DC,Final consumption expenditure of residents and non-residents on the territory,_Z,Not applicable,_Z,Not applicable,_T,Total,XDC,National currency,V,Current prices,N,Non transformed data,T0117,Table 0117 - Final consumption expenditure of households by durability,2021,,1709722,,,,F,Free (free for publication),1,One,P,Provisional value,6,Millions,EUR,Euro
DATAFLOW,OECD.SDD.NAD:DSD_NAMAIN10@DF_TABLE5_T501(1.0),Annual household final consumption expenditure by purpose (COICOP),I,A,Annual,BEL,Belgium,S14,Households,S1,Total economy,P31DC,Final consumption expenditure of residents and non-residents on the territory,_Z,Not applicable,_Z,Not applicable,_T,Total,XDC,National currency,V,Current prices,N,Non transformed data,T0117,Table 0117 - Final consumption expenditure of households by durability,2022,,267085.6,,,,F,Free (free for publication),1,One,P,Provisional value,6,Millions,EUR,Euro
DATAFLOW,OECD.SDD.NAD:DSD_NAMAIN10@DF_TABLE5_T501(1.0),Annual household final consumption expenditure by purpose (COICOP),I,A,Annual,FRA,France,S14,Households,S1,Total economy,P31DC,Final consumption expenditure of residents and non-residents on the territory,_Z,Not applicable,_Z,Not applicable,_T,Total,XDC,National currency,V,Current prices,N,Non transformed data,T0117,Table 0117 - Final consumption expenditure of households by durability,2022,,1384851,,,,F,Free (free for publication),1,One,P,Provisional value,6,Millions,EUR,Euro
DATAFLOW,OECD.SDD.NAD:DSD_NAMAIN10@DF_TABLE5_T501(1.0),Annual household final consumption expenditure by purpose (COICOP),I,A,Annual,DEU,Germany,S14,Households,S1,Total economy,P31DC,Final consumption expenditure of residents and non-residents on the territory,_Z,Not applicable,_Z,Not applicable,_T,Total,XDC,National currency,V,Current prices,N,Non transformed data,T0117,Table 0117 - Final consumption expenditure of households by durability,2022,,1876818,,,,F,Free (free for publication),1,One,P,Provisional value,6,Millions,EUR,Euro
DATAFLOW,OECD.SDD.NAD:DSD_NAMAIN10@DF_TABLE5_T501(1.0),Annual household final consumption expenditure by purpose (COICOP),I,A,Annual,PRT,Portugal,S14,Households,S1,Total economy,P31DC,Final consumption expenditure of residents and non-residents on the territory,_Z,Not applicable,_Z,Not applicable,_T,Total,XDC,National currency,V,Current prices,N,Non transformed data,T0117,Table 0117 - Final consumption expenditure of households by durability,2022,,166851.289,,,,F,Free (free for publication),1,One,P,Provisional value,6,Millions,EUR,Euro
DATAFLOW,OECD.SDD.NAD:DSD_NAMAIN10@DF_TABLE5_T501(1.0),Annual household final consumption expenditure by purpose (COICOP),I,A,Annual,GRC,Greece,S14,Households,S1,Total economy,P31DC,Final consumption expenditure of residents and non-residents on the territory,_Z,Not applicable,_Z,Not applicable,_T,Total,XDC,National currency,V,Current prices,N,Non transformed data,T0117,Table 0117 - Final consumption expenditure of households by durability,2023,,170685.975,,,,F,Free (free for publication),1,One,P,Provisional value,6,Millions,EUR,Euro
DATAFLOW,OECD.SDD.NAD:DSD_NAMAIN10@DF_TABLE5_T501(1.0),Annual household final consumption expenditure by purpose (COICOP),I,A,Annual,BGR,Bulgaria,S14,Households,S1,Total economy,P31DC,Final consumption expenditure of residents and non-residents on the territory,_Z,Not applicable,_Z,Not applicable,_T,Total,XDC,National currency,V,Current prices,N,Non transformed data,T0117,Table 0117 - Final consumption expenditure of households by durability,1995,,383.053,,,,F,Free (free for publication),1,One,A,Normal value,6,Millions,EUR,Euro
DATAFLOW,OECD.SDD.NAD:DSD_NAMAIN10@DF_TABLE5_T501(1.0),Annual household final consumption expenditure by purpose (COICOP),I,A,Annual,BGR,Bulgaria,S14,Households,S1,Total economy,P31DC,Final consumption expenditure of residents and non-residents on the territory,_Z,Not applicable,_Z,Not applicable,_T,Total,XDC,National currency,V,Current prices,N,Non transformed data,T0117,Table 0117 - Final consumption expenditure of households by durability,1996,,841.918,,,,F,Free (free for publication),1,One,A,Normal value,6,Millions,EUR,Euro
DATAFLOW,OECD.SDD.NAD:DSD_NAMAIN10@DF_TABLE5_T501(1.0),Annual household final consumption expenditure by purpose (COICOP),I,A,Annual,BGR,Bulgaria,S14,Households,S1,Total economy,P31DC,Final consumption expenditure of residents and non-residents on the territory,_Z,Not applicable,_Z,Not applicable,_T,Total,XDC,National currency,V,Current prices,N,Non transformed data,T0117,Table 0117 - Final consumption expenditure of households by durability,1997,,6473.593,,,,F,Free (free for publication),1,One,A,Normal value,6,Millions,EUR,Euro
DATAFLOW,OECD.SDD.NAD:DSD_NAMAIN10@DF_TABLE5_T501(1.0),Annual household final consumption expenditure by purpose (COICOP),I,A,Annual,BGR,Bulgaria,S14,Households,S1,Total economy,P31DC,Final consumption expenditure of residents and non-residents on the territory,_Z,Not applicable,_Z,Not applicable,_T,Total,XDC,National currency,V,Current prices,N,Non transformed data,T0117,Table 0117 - Final consumption expenditure of households by durability,1998,,7960.682,,,,F,Free (free for publication),1,One,A,Normal value,6,Millions,EUR,Euro
DATAFLOW,OECD.SDD.NAD:DSD_NAMAIN10@DF_TABLE5_T501(1.0),Annual household final consumption expenditure by purpose (COICOP),I,A,Annual,BGR,Bulgaria,S14,Households,S1,Total economy,P31DC,Final consumption expenditure of residents and non-residents on the territory,_Z,Not applicable,_Z,Not applicable,_T,Total,XDC,National currency,V,Current prices,N,Non transformed data,T0117,Table 0117 - Final consumption expenditure of households by durability,1999,,8676.426,,,,F,Free (free for publication),1,One,A,Normal value,6,Millions,EUR,Euro
DATAFLOW,OECD.SDD.NAD:DSD_NAMAIN10@DF_TABLE5_T501(1.0),Annual household final consumption expenditure by purpose (COICOP),I,A,Annual,BGR,Bulgaria,S14,Households,S1,Total economy,P31DC,Final consumption expenditure of residents and non-residents on the territory,_Z,Not applicable,_Z,Not applicable,_T,Total,XDC,National currency,V,Current prices,N,Non transformed data,T0117,Table 0117 - Final consumption expenditure of households by durability,2000,,10084.832,,,,F,Free (free for publication),1,One,A,Normal value,6,Millions,EUR,Euro
DATAFLOW,OECD.SDD.NAD:DSD_NAMAIN10@DF_TABLE5_T501(1.0),Annual household final consumption expenditure by purpose (COICOP),I,A,Annual,BGR,Bulgaria,S14,Households,S1,Total economy,P31DC,Final consumption expenditure of residents and non-residents on the territory,_Z,Not applicable,_Z,Not applicable,_T,Total,XDC,National currency,V,Current prices,N,Non transformed data,T0117,Table 0117 - Final consumption expenditure of households by durability,2001,,11294.304,,,,F,Free (free for publication),1,One,A,Normal value,6,Millions,EUR,Euro
DATAFLOW,OECD.SDD.NAD:DSD_NAMAIN10@DF_TABLE5_T501(1.0),Annual household final consumption expenditure by purpose (COICOP),I,A,Annual,BGR,Bulgaria,S14,Households,S1,Total economy,P31DC,Final consumption expenditure of residents and non-residents on the territory,_Z,Not applicable,_Z,Not applicable,_T,Total,XDC,National currency,V,Current prices,N,Non transformed data,T0117,Table 0117 - Final consumption expenditure of households by durability,2002,,12250.589,,,,F,Free (free for publication),1,One,A,Normal value,6,Millions,EUR,Euro
DATAFLOW,OECD.SDD.NAD:DSD_NAMAIN10@DF_TABLE5_T501(1.0),Annual household final consumption expenditure by purpose (COICOP),I,A,Annual,BGR,Bulgaria,S14,Households,S1,Total economy,P31DC,Final consumption expenditure of residents and non-residents on the territory,_Z,Not applicable,_Z,Not applicable,_T,Total,XDC,National currency,V,Current prices,N,Non transformed data,T0117,Table 0117 - Final consumption expenditure of households by durability,2003,,13239.19,,,,F,Free (free for publication),1,One,A,Normal value,6,Millions,EUR,Euro
DATAFLOW,OECD.SDD.NAD:DSD_NAMAIN10@DF_TABLE5_T501(1.0),Annual household final consumption expenditure by purpose (COICOP),I,A,Annual,BGR,Bulgaria,S14,Households,S1,Total economy,P31DC,Final consumption expenditure of residents and non-residents on the territory,_Z,Not applicable,_Z,Not applicable,_T,Total,XDC,National currency,V,Current prices,N,Non transformed data,T0117,Table 0117 - Final consumption expenditure of households by durability,2004,,14995.824,,,,F,Free (free for publication),1,One,A,Normal value,6,Millions,EUR,Euro
DATAFLOW,OECD.SDD.NAD:DSD_NAMAIN10@DF_TABLE5_T501(1.0),Annual household final consumption expenditure by purpose (COICOP),I,A,Annual,BGR,Bulgaria,S14,Households,S1,Total economy,P31DC,Final consumption expenditure of residents and non-residents on the territory,_Z,Not applicable,_Z,Not applicable,_T,Total,XDC,National currency,V,Current prices,N,Non transformed data,T0117,Table 0117 - Final consumption expenditure of households by durability,2005,,17342.13,,,,F,Free (free for publication),1,One,A,Normal value,6,Millions,EUR,Euro
DATAFLOW,OECD.SDD.NAD:DSD_NAMAIN10@DF_TABLE5_T501(1.0),Annual household final consumption expenditure by purpose (COICOP),I,A,Annual,BGR,Bulgaria,S14,Households,S1,Total economy,P31DC,Final consumption expenditure of residents and non-residents on the territory,_Z,Not applicable,_Z,Not applicable,_T,Total,XDC,National currency,V,Current prices,N,Non transformed data,T0117,Table 0117 - Final consumption expenditure of households by durability,2006,,19138.883,,,,F,Free (free for publication),1,One,A,Normal value,6,Millions,EUR,Euro
DATAFLOW,OECD.SDD.NAD:DSD_NAMAIN10@DF_TABLE5_T501(1.0),Annual household final consumption expenditure by purpose (COICOP),I,A,Annual,BGR,Bulgaria,S14,Households,S1,Total economy,P31DC,Final consumption expenditure of residents and non-residents on the territory,_Z,Not applicable,_Z,Not applicable,_T,Total,XDC,National currency,V,Current prices,N,Non transformed data,T0117,Table 0117 - Final consumption expenditure of households by durability,2007,,23431.002,,,,F,Free (free for publication),1,One,A,Normal value,6,Millions,EUR,Euro
DATAFLOW,OECD.SDD.NAD:DSD_NAMAIN10@DF_TABLE5_T501(1.0),Annual household final consumption expenditure by purpose (COICOP),I,A,Annual,BGR,Bulgaria,S14,Households,S1,Total economy,P31DC,Final consumption expenditure of residents and non-residents on the territory,_Z,Not applicable,_Z,Not applicable,_T,Total,XDC,National currency,V,Current prices,N,Non transformed data,T0117,Table 0117 - Final consumption expenditure of households by durability,2008,,25646.43,,,,F,Free (free for publication),1,One,A,Normal value,6,Millions,EUR,Euro
DATAFLOW,OECD.SDD.NAD:DSD_NAMAIN10@DF_TABLE5_T501(1.0),Annual household final consumption expenditure by purpose (COICOP),I,A,Annual,BGR,Bulgaria,S14,Households,S1,Total economy,P31DC,Final consumption expenditure of residents and non-residents on the territory,_Z,Not applicable,_Z,Not applicable,_T,Total,XDC,National currency,V,Current prices,N,Non transformed data,T0117,Table 0117 - Final consumption expenditure of households by durability,2009,,24867.945,,,,F,Free (free for publication),1,One,A,Normal value,6,Millions,EUR,Euro
DATAFLOW,OECD.SDD.NAD:DSD_NAMAIN10@DF_TABLE5_T501(1.0),Annual household final consumption expenditure by purpose (COICOP),I,A,Annual,BGR,Bulgaria,S14,Households,S1,Total economy,P31DC,Final consumption expenditure of residents and non-residents on the territory,_Z,Not applicable,_Z,Not applicable,_T,Total,XDC,National currency,V,Current prices,N,Non transformed data,T0117,Table 0117 - Final consumption expenditure of households by durability,2010,,26366.633,,,,F,Free (free for publication),1,One,A,Normal value,6,Millions,EUR,Euro
DATAFLOW,OECD.SDD.NAD:DSD_NAMAIN10@DF_TABLE5_T501(1.0),Annual household final consumption expenditure by purpose (COICOP),I,A,Annual,BGR,Bulgaria,S14,Households,S1,Total economy,P31DC,Final consumption expenditure of residents and non-residents on the territory,_Z,Not applicable,_Z,Not applicable,_T,Total,XDC,National currency,V,Current prices,N,Non transformed data,T0117,Table 0117 - Final consumption expenditure of households by durability,2011,,27853.429,,,,F,Free (free for publication),1,One,A,Normal value,6,Millions,EUR,Euro
DATAFLOW,OECD.SDD.NAD:DSD_NAMAIN10@DF_TABLE5_T501(1.0),Annual household final consumption expenditure by purpose (COICOP),I,A,Annual,BGR,Bulgaria,S14,Households,S1,Total economy,P31DC,Final consumption expenditure of residents and non-residents on the territory,_Z,Not applicable,_Z,Not applicable,_T,Total,XDC,National currency,V,Current prices,N,Non transformed data,T0117,Table 0117 - Final consumption expenditure of households by durability,2012,,29571.194,,,,F,Free (free for publication),1,One,A,Normal value,6,Millions,EUR,Euro
DATAFLOW,OECD.SDD.NAD:DSD_NAMAIN10@DF_TABLE5_T501(1.0),Annual household final consumption expenditure by purpose (COICOP),I,A,Annual,BGR,Bulgaria,S14,Households,S1,Total economy,P31DC,Final consumption expenditure of residents and non-residents on the territory,_Z,Not applicable,_Z,Not applicable,_T,Total,XDC,National currency,V,Current prices,N,Non transformed data,T0117,Table 0117 - Final consumption expenditure of households by durability,2013,,28143.601,,,,F,Free (free for publication),1,One,A,Normal value,6,Millions,EUR,Euro
DATAFLOW,OECD.SDD.NAD:DSD_NAMAIN10@DF_TABLE5_T501(1.0),Annual household final consumption expenditure by purpose (COICOP),I,A,Annual,BGR,Bulgaria,S14,Households,S1,Total economy,P31DC,Final consumption expenditure of residents and non-residents on the territory,_Z,Not applicable,_Z,Not applicable,_T,Total,XDC,National currency,V,Current prices,N,Non transformed data,T0117,Table 0117 - Final consumption expenditure of households by durability,2014,,28816.688,,,,F,Free (free for publication),1,One,A,Normal value,6,Millions,EUR,Euro
DATAFLOW,OECD.SDD.NAD:DSD_NAMAIN10@DF_TABLE5_T501(1.0),Annual household final consumption expenditure by purpose (COICOP),I,A,Annual,BGR,Bulgaria,S14,Households,S1,Total economy,P31DC,Final consumption expenditure of residents and non-residents on the territory,_Z,Not applicable,_Z,Not applicable,_T,Total,XDC,National currency,V,Current prices,N,Non transformed data,T0117,Table 0117 - Final consumption expenditure of households by durability,2015,,29944.625,,,,F,Free (free for publication),1,One,A,Normal value,6,Millions,EUR,Euro
DATAFLOW,OECD.SDD.NAD:DSD_NAMAIN10@DF_TABLE5_T501(1.0),Annual household final consumption expenditure by purpose (COICOP),I,A,Annual,BGR,Bulgaria,S14,Households,S1,Total economy,P31DC,Final consumption expenditure of residents and non-residents on the territory,_Z,Not applicable,_Z,Not applicable,_T,Total,XDC,National currency,V,Current prices,N,Non transformed data,T0117,Table 0117 - Final consumption expenditure of households by durability,2016,,31254.065,,,,F,Free (free for publication),1,One,A,Normal value,6,Millions,EUR,Euro
DATAFLOW,OECD.SDD.NAD:DSD_NAMAIN10@DF_TABLE5_T501(1.0),Annual household final consumption expenditure by purpose (COICOP),I,A,Annual,BGR,Bulgaria,S14,Households,S1,Total economy,P31DC,Final consumption expenditure of residents and non-residents on the territory,_Z,Not applicable,_Z,Not applicable,_T,Total,XDC,National currency,V,Current prices,N,Non transformed data,T0117,Table 0117 - Final consumption expenditure of households by durability,2017,,33446.064,,,,F,Free (free for publication),1,One,A,Normal value,6,Millions,EUR,Euro
DATAFLOW,OECD.SDD.NAD:DSD_NAMAIN10@DF_TABLE5_T501(1.0),Annual household final consumption expenditure by purpose (COICOP),I,A,Annual,BGR,Bulgaria,S14,Households,S1,Total economy,P31DC,Final consumption expenditure of residents and non-residents on the territory,_Z,Not applicable,_Z,Not applicable,_T,Total,XDC,National currency,V,Current prices,N,Non transformed data,T0117,Table 0117 - Final consumption expenditure of households by durability,2018,,35533.991,,,,F,Free (free for publication),1,One,A,Normal value,6,Millions,EUR,Euro
DATAFLOW,OECD.SDD.NAD:DSD_NAMAIN10@DF_TABLE5_T501(1.0),Annual household final consumption expenditure by purpose (COICOP),I,A,Annual,BGR,Bulgaria,S14,Households,S1,Total economy,P31DC,Final consumption expenditure of residents and non-residents on the territory,_Z,Not applicable,_Z,Not applicable,_T,Total,XDC,National currency,V,Current prices,N,Non transformed data,T0117,Table 0117 - Final consumption expenditure of households by durability,2019,,38206.126,,,,F,Free (free for publication),1,One,A,Normal value,6,Millions,EUR,Euro
DATAFLOW,OECD.SDD.NAD:DSD_NAMAIN10@DF_TABLE5_T501(1.0),Annual household final consumption expenditure by purpose (COICOP),I,A,Annual,BGR,Bulgaria,S14,Households,S1,Total economy,P31DC,Final consumption expenditure of residents and non-residents on the territory,_Z,Not applicable,_Z,Not applicable,_T,Total,XDC,National currency,V,Current prices,N,Non transformed data,T0117,Table 0117 - Final consumption expenditure of households by durability,2020,,36235.243,,,,F,Free (free for publication),1,One,A,Normal value,6,Millions,EUR,Euro
DATAFLOW,OECD.SDD.NAD:DSD_NAMAIN10@DF_TABLE5_T501(1.0),Annual household final consumption expenditure by purpose (COICOP),I,A,Annual,BGR,Bulgaria,S14,Households,S1,Total economy,P31DC,Final consumption expenditure of residents and non-residents on the territory,_Z,Not applicable,_Z,Not applicable,_T,Total,XDC,National currency,V,Current prices,N,Non transformed data,T0117,Table 0117 - Final consumption expenditure of households by durability,2021,,42020.507,,,,F,Free (free for publication),1,One,A,Normal value,6,Millions,EUR,Euro
DATAFLOW,OECD.SDD.NAD:DSD_NAMAIN10@DF_TABLE5_T501(1.0),Annual household final consumption expenditure by purpose (COICOP),I,A,Annual,BGR,Bulgaria,S14,Households,S1,Total economy,P31DC,Final consumption expenditure of residents and non-residents on the territory,_Z,Not applicable,_Z,Not applicable,_T,Total,XDC,National currency,V,Current prices,N,Non transformed data,T0117,Table 0117 - Final consumption expenditure of households by durability,2022,,51215.238,,,,F,Free (free for publication),1,One,A,Normal value,6,Millions,EUR,Euro
DATAFLOW,OECD.SDD.NAD:DSD_NAMAIN10@DF_TABLE5_T501(1.0),Annual household final consumption expenditure by purpose (COICOP),I,A,Annual,LUX,Luxembourg,S14,Households,S1,Total economy,P31DC,Final consumption expenditure of residents and non-residents on the territory,_Z,Not applicable,_Z,Not applicable,_T,Total,XDC,National currency,V,Current prices,N,Non transformed data,T0117,Table 0117 - Final consumption expenditure of households by durability,1995,,7291.214,,,,F,Free (free for publication),1,One,A,Normal value,6,Millions,EUR,Euro
DATAFLOW,OECD.SDD.NAD:DSD_NAMAIN10@DF_TABLE5_T501(1.0),Annual household final consumption expenditure by purpose (COICOP),I,A,Annual,LUX,Luxembourg,S14,Households,S1,Total economy,P31DC,Final consumption expenditure of residents and non-residents on the territory,_Z,Not applicable,_Z,Not applicable,_T,Total,XDC,National currency,V,Current prices,N,Non transformed data,T0117,Table 0117 - Final consumption expenditure of households by durability,1996,,7603.891,,,,F,Free (free for publication),1,One,A,Normal value,6,Millions,EUR,Euro
DATAFLOW,OECD.SDD.NAD:DSD_NAMAIN10@DF_TABLE5_T501(1.0),Annual household final consumption expenditure by purpose (COICOP),I,A,Annual,LUX,Luxembourg,S14,Households,S1,Total economy,P31DC,Final consumption expenditure of residents and non-residents on the territory,_Z,Not applicable,_Z,Not applicable,_T,Total,XDC,National currency,V,Current prices,N,Non transformed data,T0117,Table 0117 - Final consumption expenditure of households by durability,1997,,8034.939,,,,F,Free (free for publication),1,One,A,Normal value,6,Millions,EUR,Euro
DATAFLOW,OECD.SDD.NAD:DSD_NAMAIN10@DF_TABLE5_T501(1.0),Annual household final consumption expenditure by purpose (COICOP),I,A,Annual,LUX,Luxembourg,S14,Households,S1,Total economy,P31DC,Final consumption expenditure of residents and non-residents on the territory,_Z,Not applicable,_Z,Not applicable,_T,Total,XDC,National currency,V,Current prices,N,Non transformed data,T0117,Table 0117 - Final consumption expenditure of households by durability,1998,,8454.605,,,,F,Free (free for publication),1,One,A,Normal value,6,Millions,EUR,Euro
DATAFLOW,OECD.SDD.NAD:DSD_NAMAIN10@DF_TABLE5_T501(1.0),Annual household final consumption expenditure by purpose (COICOP),I,A,Annual,LUX,Luxembourg,S14,Households,S1,Total economy,P31DC,Final consumption expenditure of residents and non-residents on the territory,_Z,Not applicable,_Z,Not applicable,_T,Total,XDC,National currency,V,Current prices,N,Non transformed data,T0117,Table 0117 - Final consumption expenditure of households by durability,1999,,9210.238,,,,F,Free (free for publication),1,One,A,Normal value,6,Millions,EUR,Euro
DATAFLOW,OECD.SDD.NAD:DSD_NAMAIN10@DF_TABLE5_T501(1.0),Annual household final consumption expenditure by purpose (COICOP),I,A,Annual,LUX,Luxembourg,S14,Households,S1,Total economy,P31DC,Final consumption expenditure of residents and non-residents on the territory,_Z,Not applicable,_Z,Not applicable,_T,Total,XDC,National currency,V,Current prices,N,Non transformed data,T0117,Table 0117 - Final consumption expenditure of households by durability,2000,,10229.207,,,,F,Free (free for publication),1,One,A,Normal value,6,Millions,EUR,Euro
DATAFLOW,OECD.SDD.NAD:DSD_NAMAIN10@DF_TABLE5_T501(1.0),Annual household final consumption expenditure by purpose (COICOP),I,A,Annual,LUX,Luxembourg,S14,Households,S1,Total economy,P31DC,Final consumption expenditure of residents and non-residents on the territory,_Z,Not applicable,_Z,Not applicable,_T,Total,XDC,National currency,V,Current prices,N,Non transformed data,T0117,Table 0117 - Final consumption expenditure of households by durability,2001,,10557.462,,,,F,Free (free for publication),1,One,A,Normal value,6,Millions,EUR,Euro
DATAFLOW,OECD.SDD.NAD:DSD_NAMAIN10@DF_TABLE5_T501(1.0),Annual household final consumption expenditure by purpose (COICOP),I,A,Annual,LUX,Luxembourg,S14,Households,S1,Total economy,P31DC,Final consumption expenditure of residents and non-residents on the territory,_Z,Not applicable,_Z,Not applicable,_T,Total,XDC,National currency,V,Current prices,N,Non transformed data,T0117,Table 0117 - Final consumption expenditure of households by durability,2002,,11308.935,,,,F,Free (free for publication),1,One,A,Normal value,6,Millions,EUR,Euro
DATAFLOW,OECD.SDD.NAD:DSD_NAMAIN10@DF_TABLE5_T501(1.0),Annual household final consumption expenditure by purpose (COICOP),I,A,Annual,LUX,Luxembourg,S14,Households,S1,Total economy,P31DC,Final consumption expenditure of residents and non-residents on the territory,_Z,Not applicable,_Z,Not applicable,_T,Total,XDC,National currency,V,Current prices,N,Non transformed data,T0117,Table 0117 - Final consumption expenditure of households by durability,2003,,11757.991,,,,F,Free (free for publication),1,One,A,Normal value,6,Millions,EUR,Euro
DATAFLOW,OECD.SDD.NAD:DSD_NAMAIN10@DF_TABLE5_T501(1.0),Annual household final consumption expenditure by purpose (COICOP),I,A,Annual,LUX,Luxembourg,S14,Households,S1,Total economy,P31DC,Final consumption expenditure of residents and non-residents on the territory,_Z,Not applicable,_Z,Not applicable,_T,Total,XDC,National currency,V,Current prices,N,Non transformed data,T0117,Table 0117 - Final consumption expenditure of households by durability,2004,,12415.474,,,,F,Free (free for publication),1,One,A,Normal value,6,Millions,EUR,Euro
DATAFLOW,OECD.SDD.NAD:DSD_NAMAIN10@DF_TABLE5_T501(1.0),Annual household final consumption expenditure by purpose (COICOP),I,A,Annual,LUX,Luxembourg,S14,Households,S1,Total economy,P31DC,Final consumption expenditure of residents and non-residents on the territory,_Z,Not applicable,_Z,Not applicable,_T,Total,XDC,National currency,V,Current prices,N,Non transformed data,T0117,Table 0117 - Final consumption expenditure of households by durability,2005,,12690.363,,,,F,Free (free for publication),1,One,A,Normal value,6,Millions,EUR,Euro
DATAFLOW,OECD.SDD.NAD:DSD_NAMAIN10@DF_TABLE5_T501(1.0),Annual household final consumption expenditure by purpose (COICOP),I,A,Annual,LUX,Luxembourg,S14,Households,S1,Total economy,P31DC,Final consumption expenditure of residents and non-residents on the territory,_Z,Not applicable,_Z,Not applicable,_T,Total,XDC,National currency,V,Current prices,N,Non transformed data,T0117,Table 0117 - Final consumption expenditure of households by durability,2006,,13189.092,,,,F,Free (free for publication),1,One,A,Normal value,6,Millions,EUR,Euro
DATAFLOW,OECD.SDD.NAD:DSD_NAMAIN10@DF_TABLE5_T501(1.0),Annual household final consumption expenditure by purpose (COICOP),I,A,Annual,LUX,Luxembourg,S14,Households,S1,Total economy,P31DC,Final consumption expenditure of residents and non-residents on the territory,_Z,Not applicable,_Z,Not applicable,_T,Total,XDC,National currency,V,Current prices,N,Non transformed data,T0117,Table 0117 - Final consumption expenditure of households by durability,2007,,13735.47,,,,F,Free (free for publication),1,One,A,Normal value,6,Millions,EUR,Euro
DATAFLOW,OECD.SDD.NAD:DSD_NAMAIN10@DF_TABLE5_T501(1.0),Annual household final consumption expenditure by purpose (COICOP),I,A,Annual,LUX,Luxembourg,S14,Households,S1,Total economy,P31DC,Final consumption expenditure of residents and non-residents on the territory,_Z,Not applicable,_Z,Not applicable,_T,Total,XDC,National currency,V,Current prices,N,Non transformed data,T0117,Table 0117 - Final consumption expenditure of households by durability,2008,,14479.938,,,,F,Free (free for publication),1,One,A,Normal value,6,Millions,EUR,Euro
DATAFLOW,OECD.SDD.NAD:DSD_NAMAIN10@DF_TABLE5_T501(1.0),Annual household final consumption expenditure by purpose (COICOP),I,A,Annual,LUX,Luxembourg,S14,Households,S1,Total economy,P31DC,Final consumption expenditure of residents and non-residents on the territory,_Z,Not applicable,_Z,Not applicable,_T,Total,XDC,National currency,V,Current prices,N,Non transformed data,T0117,Table 0117 - Final consumption expenditure of households by durability,2009,,14490.923,,,,F,Free (free for publication),1,One,A,Normal value,6,Millions,EUR,Euro
DATAFLOW,OECD.SDD.NAD:DSD_NAMAIN10@DF_TABLE5_T501(1.0),Annual household final consumption expenditure by purpose (COICOP),I,A,Annual,LUX,Luxembourg,S14,Households,S1,Total economy,P31DC,Final consumption expenditure of residents and non-residents on the territory,_Z,Not applicable,_Z,Not applicable,_T,Total,XDC,National currency,V,Current prices,N,Non transformed data,T0117,Table 0117 - Final consumption expenditure of households by durability,2010,,15189.889,,,,F,Free (free for publication),1,One,A,Normal value,6,Millions,EUR,Euro
DATAFLOW,OECD.SDD.NAD:DSD_NAMAIN10@DF_TABLE5_T501(1.0),Annual household final consumption expenditure by purpose (COICOP),I,A,Annual,LUX,Luxembourg,S14,Households,S1,Total economy,P31DC,Final consumption expenditure of residents and non-residents on the territory,_Z,Not applicable,_Z,Not applicable,_T,Total,XDC,National currency,V,Current prices,N,Non transformed data,T0117,Table 0117 - Final consumption expenditure of households by durability,2011,,16143.209,,,,F,Free (free for publication),1,One,A,Normal value,6,Millions,EUR,Euro
DATAFLOW,OECD.SDD.NAD:DSD_NAMAIN10@DF_TABLE5_T501(1.0),Annual household final consumption expenditure by purpose (COICOP),I,A,Annual,LUX,Luxembourg,S14,Households,S1,Total economy,P31DC,Final consumption expenditure of residents and non-residents on the territory,_Z,Not applicable,_Z,Not applicable,_T,Total,XDC,National currency,V,Current prices,N,Non transformed data,T0117,Table 0117 - Final consumption expenditure of households by durability,2012,,16878.872,,,,F,Free (free for publication),1,One,A,Normal value,6,Millions,EUR,Euro
DATAFLOW,OECD.SDD.NAD:DSD_NAMAIN10@DF_TABLE5_T501(1.0),Annual household final consumption expenditure by purpose (COICOP),I,A,Annual,LUX,Luxembourg,S14,Households,S1,Total economy,P31DC,Final consumption expenditure of residents and non-residents on the territory,_Z,Not applicable,_Z,Not applicable,_T,Total,XDC,National currency,V,Current prices,N,Non transformed data,T0117,Table 0117 - Final consumption expenditure of households by durability,2013,,17153.507,,,,F,Free (free for publication),1,One,A,Normal value,6,Millions,EUR,Euro
DATAFLOW,OECD.SDD.NAD:DSD_NAMAIN10@DF_TABLE5_T501(1.0),Annual household final consumption expenditure by purpose (COICOP),I,A,Annual,LUX,Luxembourg,S14,Households,S1,Total economy,P31DC,Final consumption expenditure of residents and non-residents on the territory,_Z,Not applicable,_Z,Not applicable,_T,Total,XDC,National currency,V,Current prices,N,Non transformed data,T0117,Table 0117 - Final consumption expenditure of households by durability,2014,,17949.812,,,,F,Free (free for publication),1,One,A,Normal value,6,Millions,EUR,Euro
DATAFLOW,OECD.SDD.NAD:DSD_NAMAIN10@DF_TABLE5_T501(1.0),Annual household final consumption expenditure by purpose (COICOP),I,A,Annual,LUX,Luxembourg,S14,Households,S1,Total economy,P31DC,Final consumption expenditure of residents and non-residents on the territory,_Z,Not applicable,_Z,Not applicable,_T,Total,XDC,National currency,V,Current prices,N,Non transformed data,T0117,Table 0117 - Final consumption expenditure of households by durability,2015,,18148.164,,,,F,Free (free for publication),1,One,A,Normal value,6,Millions,EUR,Euro
DATAFLOW,OECD.SDD.NAD:DSD_NAMAIN10@DF_TABLE5_T501(1.0),Annual household final consumption expenditure by purpose (COICOP),I,A,Annual,LUX,Luxembourg,S14,Households,S1,Total economy,P31DC,Final consumption expenditure of residents and non-residents on the territory,_Z,Not applicable,_Z,Not applicable,_T,Total,XDC,National currency,V,Current prices,N,Non transformed data,T0117,Table 0117 - Final consumption expenditure of households by durability,2016,,18899.349,,,,F,Free (free for publication),1,One,A,Normal value,6,Millions,EUR,Euro
DATAFLOW,OECD.SDD.NAD:DSD_NAMAIN10@DF_TABLE5_T501(1.0),Annual household final consumption expenditure by purpose (COICOP),I,A,Annual,LUX,Luxembourg,S14,Households,S1,Total economy,P31DC,Final consumption expenditure of residents and non-residents on the territory,_Z,Not applicable,_Z,Not applicable,_T,Total,XDC,National currency,V,Current prices,N,Non transformed data,T0117,Table 0117 - Final consumption expenditure of households by durability,2017,,19777.283,,,,F,Free (free for publication),1,One,A,Normal value,6,Millions,EUR,Euro
DATAFLOW,OECD.SDD.NAD:DSD_NAMAIN10@DF_TABLE5_T501(1.0),Annual household final consumption expenditure by purpose (COICOP),I,A,Annual,LUX,Luxembourg,S14,Households,S1,Total economy,P31DC,Final consumption expenditure of residents and non-residents on the territory,_Z,Not applicable,_Z,Not applicable,_T,Total,XDC,National currency,V,Current prices,N,Non transformed data,T0117,Table 0117 - Final consumption expenditure of households by durability,2018,,20910.754,,,,F,Free (free for publication),1,One,A,Normal value,6,Millions,EUR,Euro
DATAFLOW,OECD.SDD.NAD:DSD_NAMAIN10@DF_TABLE5_T501(1.0),Annual household final consumption expenditure by purpose (COICOP),I,A,Annual,LUX,Luxembourg,S14,Households,S1,Total economy,P31DC,Final consumption expenditure of residents and non-residents on the territory,_Z,Not applicable,_Z,Not applicable,_T,Total,XDC,National currency,V,Current prices,N,Non transformed data,T0117,Table 0117 - Final consumption expenditure of households by durability,2019,,21666.607,,,,F,Free (free for publication),1,One,A,Normal value,6,Millions,EUR,Euro
DATAFLOW,OECD.SDD.NAD:DSD_NAMAIN10@DF_TABLE5_T501(1.0),Annual household final consumption expenditure by purpose (COICOP),I,A,Annual,LUX,Luxembourg,S14,Households,S1,Total economy,P31DC,Final consumption expenditure of residents and non-residents on the territory,_Z,Not applicable,_Z,Not applicable,_T,Total,XDC,National currency,V,Current prices,N,Non transformed data,T0117,Table 0117 - Final consumption expenditure of households by durability,2020,,20369.509,,,,F,Free (free for publication),1,One,A,Normal value,6,Millions,EUR,Euro
DATAFLOW,OECD.SDD.NAD:DSD_NAMAIN10@DF_TABLE5_T501(1.0),Annual household final consumption expenditure by purpose (COICOP),I,A,Annual,LUX,Luxembourg,S14,Households,S1,Total economy,P31DC,Final consumption expenditure of residents and non-residents on the territory,_Z,Not applicable,_Z,Not applicable,_T,Total,XDC,National currency,V,Current prices,N,Non transformed data,T0117,Table 0117 - Final consumption expenditure of households by durability,2021,,22976.056,,,,F,Free (free for publication),1,One,A,Normal value,6,Millions,EUR,Euro
DATAFLOW,OECD.SDD.NAD:DSD_NAMAIN10@DF_TABLE5_T501(1.0),Annual household final consumption expenditure by purpose (COICOP),I,A,Annual,LUX,Luxembourg,S14,Households,S1,Total economy,P31DC,Final consumption expenditure of residents and non-residents on the territory,_Z,Not applicable,_Z,Not applicable,_T,Total,XDC,National currency,V,Current prices,N,Non transformed data,T0117,Table 0117 - Final consumption expenditure of households by durability,2022,,25347.396,,,,F,Free (free for publication),1,One,A,Normal value,6,Millions,EUR,Euro
DATAFLOW,OECD.SDD.NAD:DSD_NAMAIN10@DF_TABLE5_T501(1.0),Annual household final consumption expenditure by purpose (COICOP),I,A,Annual,LUX,Luxembourg,S14,Households,S1,Total economy,P31DC,Final consumption expenditure of residents and non-residents on the territory,_Z,Not applicable,_Z,Not applicable,_T,Total,XDC,National currency,V,Current prices,N,Non transformed data,T0117,Table 0117 - Final consumption expenditure of households by durability,2023,,27240.654,,,,F,Free (free for publication),1,One,A,Normal value,6,Millions,EUR,Euro
DATAFLOW,OECD.SDD.NAD:DSD_NAMAIN10@DF_TABLE5_T501(1.0),Annual household final consumption expenditure by purpose (COICOP),I,A,Annual,FIN,Finland,S14,Households,S1,Total economy,P31DC,Final consumption expenditure of residents and non-residents on the territory,_Z,Not applicable,_Z,Not applicable,_T,Total,XDC,National currency,V,Current prices,N,Non transformed data,T0117,Table 0117 - Final consumption expenditure of households by durability,2022,,129372,,,,F,Free (free for publication),1,One,A,Normal value,6,Millions,EUR,Euro
DATAFLOW,OECD.SDD.NAD:DSD_NAMAIN10@DF_TABLE5_T501(1.0),Annual household final consumption expenditure by purpose (COICOP),I,A,Annual,FIN,Finland,S14,Households,S1,Total economy,P31DC,Final consumption expenditure of residents and non-residents on the territory,_Z,Not applicable,_Z,Not applicable,_T,Total,XDC,National currency,V,Current prices,N,Non transformed data,T0117,Table 0117 - Final consumption expenditure of households by durability,2023,,134797,,,,F,Free (free for publication),1,One,A,Normal value,6,Millions,EUR,Euro
DATAFLOW,OECD.SDD.NAD:DSD_NAMAIN10@DF_TABLE5_T501(1.0),Annual household final consumption expenditure by purpose (COICOP),I,A,Annual,SVK,Slovak Republic,S14,Households,S1,Total economy,P31DC,Final consumption expenditure of residents and non-residents on the territory,_Z,Not applicable,_Z,Not applicable,_T,Total,XDC,National currency,V,Current prices,N,Non transformed data,T0117,Table 0117 - Final consumption expenditure of households by durability,2021,,55049.173,,,,F,Free (free for publication),1,One,A,Normal value,6,Millions,EUR,Euro
DATAFLOW,OECD.SDD.NAD:DSD_NAMAIN10@DF_TABLE5_T501(1.0),Annual household final consumption expenditure by purpose (COICOP),I,A,Annual,SVK,Slovak Republic,S14,Households,S1,Total economy,P31DC,Final consumption expenditure of residents and non-residents on the territory,_Z,Not applicable,_Z,Not applicable,_T,Total,XDC,National currency,V,Current prices,N,Non transformed data,T0117,Table 0117 - Final consumption expenditure of households by durability,2022,,64143.231,,,,F,Free (free for publication),1,One,A,Normal value,6,Millions,EUR,Euro
DATAFLOW,OECD.SDD.NAD:DSD_NAMAIN10@DF_TABLE5_T501(1.0),Annual household final consumption expenditure by purpose (COICOP),I,A,Annual,SVK,Slovak Republic,S14,Households,S1,Total economy,P31DC,Final consumption expenditure of residents and non-residents on the territory,_Z,Not applicable,_Z,Not applicable,_T,Total,XDC,National currency,V,Current prices,N,Non transformed data,T0117,Table 0117 - Final consumption expenditure of households by durability,2023,,68540.809,,,,F,Free (free for publication),1,One,A,Normal value,6,Millions,EUR,Euro
DATAFLOW,OECD.SDD.NAD:DSD_NAMAIN10@DF_TABLE5_T501(1.0),Annual household final consumption expenditure by purpose (COICOP),I,A,Annual,LTU,Lithuania,S14,Households,S1,Total economy,P31DC,Final consumption expenditure of residents and non-residents on the territory,_Z,Not applicable,_Z,Not applicable,_T,Total,XDC,National currency,V,Current prices,N,Non transformed data,T0117,Table 0117 - Final consumption expenditure of households by durability,2021,,31730.262,,,,F,Free (free for publication),1,One,A,Normal value,6,Millions,EUR,Euro
DATAFLOW,OECD.SDD.NAD:DSD_NAMAIN10@DF_TABLE5_T501(1.0),Annual household final consumption expenditure by purpose (COICOP),I,A,Annual,GRC,Greece,S14,Households,S1,Total economy,P31DC,Final consumption expenditure of residents and non-residents on the territory,_Z,Not applicable,_Z,Not applicable,_T,Total,XDC,National currency,V,Current prices,N,Non transformed data,T0117,Table 0117 - Final consumption expenditure of households by durability,2022,,159758.467,,,,F,Free (free for publication),1,One,A,Normal value,6,Millions,EUR,Euro
DATAFLOW,OECD.SDD.NAD:DSD_NAMAIN10@DF_TABLE5_T501(1.0),Annual household final consumption expenditure by purpose (COICOP),I,A,Annual,LTU,Lithuania,S14,Households,S1,Total economy,P31DC,Final consumption expenditure of residents and non-residents on the territory,_Z,Not applicable,_Z,Not applicable,_T,Total,XDC,National currency,V,Current prices,N,Non transformed data,T0117,Table 0117 - Final consumption expenditure of households by durability,2022,,38228.488,,,,F,Free (free for publication),1,One,A,Normal value,6,Millions,EUR,Euro
DATAFLOW,OECD.SDD.NAD:DSD_NAMAIN10@DF_TABLE5_T501(1.0),Annual household final consumption expenditure by purpose (COICOP),I,A,Annual,LTU,Lithuania,S14,Households,S1,Total economy,P31DC,Final consumption expenditure of residents and non-residents on the territory,_Z,Not applicable,_Z,Not applicable,_T,Total,XDC,National currency,V,Current prices,N,Non transformed data,T0117,Table 0117 - Final consumption expenditure of households by durability,2023,,41485.475,,,,F,Free (free for publication),1,One,A,Normal value,6,Millions,EUR,Euro
DATAFLOW,OECD.SDD.NAD:DSD_NAMAIN10@DF_TABLE5_T501(1.0),Annual household final consumption expenditure by purpose (COICOP),I,A,Annual,HRV,Croatia,S14,Households,S1,Total economy,P31DC,Final consumption expenditure of residents and non-residents on the territory,_Z,Not applicable,_Z,Not applicable,_T,Total,XDC,National currency,V,Current prices,N,Non transformed data,T0117,Table 0117 - Final consumption expenditure of households by durability,2023,,56619.042,,,,F,Free (free for publication),1,One,A,Normal value,6,Millions,EUR,Euro
