REF_AREA,TIME_PERIOD,measure,OBS_VALUE,Population,OBS_VALUE_per_capita
AUS,1970,GDP,3022156110.4608784,12507349,241.63042947477345
AUS,1971,GDP,3141823458.3477674,13067265,240.43466313323924
AUS,1972,GDP,3313954748.9916787,13303664,249.10090550931523
AUS,1973,GDP,3680336397.5672073,13504538,272.52590185367376
AUS,1974,GDP,3764343305.230696,13722571,274.3176410040579
AUS,1975,GDP,3823511654.4771585,13892995,275.2114756017085
AUS,1976,GDP,3894284505.46487,14033083,277.50740913203964
AUS,1977,GDP,3786702400.0632415,14192234,266.81510465957945
AUS,1978,GDP,3963097220.126035,14359255,275.99601930086453
AUS,1979,GDP,4116826374.907194,14515729,283.6114104160524
AUS,1980,GDP,4230856432.4396033,14695356,287.90431701277623
AUS,1981,GDP,4460248013.102472,14923260,298.87893215708044
AUS,1982,GDP,4314248935.522036,15184247,284.1266304165123
AUS,1983,GDP,4421941608.922387,15393472,287.2608342628867
AUS,1984,GDP,4687819726.49217,15579391,300.89877880927247
AUS,1985,GDP,4865363936.736549,15788312,308.1623885274467
AUS,1986,GDP,4897436537.1244955,16018350,305.7391389952458
AUS,1987,GDP,5114837714.962443,16263874,314.4907366450603
AUS,1988,GDP,5412993111.072089,16532164,327.4219340596965
AUS,1989,GDP,5531783739.826939,16814416,328.99053644366467
AUS,1990,GDP,5289335311.049552,17065128,309.9499348056195
AUS,1991,GDP,5224860256.686795,17284036,302.29399294741086
AUS,1992,GDP,5428434151.833746,17478635,310.5754054497817
AUS,1993,GDP,5603968231.650155,17634808,317.7788060777387
AUS,1994,GDP,5840471491.8877325,17805468,328.0156125010436
AUS,1995,GDP,5955200987.4308195,18004882,330.7547912522181
AUS,1996,GDP,6107355385.646493,18224767,335.1129474328255
AUS,1997,GDP,6451270116.275694,18423037,350.174084559223
AUS,1998,GDP,6750216366.796056,18607584,362.7669431343723
AUS,1999,GDP,7088576716.778476,18812264,376.8061471377648
AUS,2000,GDP,7245292831.845358,19028802,380.75401866314854
AUS,2001,GDP,7418443658.465368,19274701,384.879830741103
AUS,2002,GDP,7648220908.81523,19495210,392.31282498702143
AUS,2003,GDP,8009564148.309969,19720737,406.14933145297607
AUS,2004,GDP,8381930115.19901,19932722,420.5110629245223
AUS,2005,GDP,8817171787.113592,20176844,436.99459574121664
AUS,2006,GDP,9277607127.960014,20450966,453.6512909932966
AUS,2007,GDP,9824285338.514017,20827622,471.69500860511187
AUS,2008,GDP,10077891746.875212,21249199,474.2716065144485
AUS,2009,GDP,10239289837.701424,21691653,472.0382461263521
AUS,2010,GDP,10818690382.644806,22031750,491.049979354559
AUS,2011,GDP,11082281945.773981,22340024,496.07296508607067
AUS,2012,GDP,11164712556.04919,22733465,491.11354367005606
AUS,2013,GDP,11339642426.012539,23128129,490.2965746175378
AUS,2014,GDP,11232919223.397497,23475686,478.4916284617837
AUS,2015,GDP,11294369036.656939,23815995,474.2346073156691
AUS,2016,GDP,11823659203.06593,24190907,488.76460907670514
AUS,2017,GDP,12151269123.368122,24592588,494.1029030115953
AUS,2018,GDP,12608580792.352757,24963258,505.08554581908965
AUS,2019,GDP,12623354358.95438,25334826,498.2609455835371
AUS,1970,consumption,2066968809.9172602,12507349,165.26034493138874
AUS,1971,consumption,2169198353.9333363,13067265,166.0024767182219
AUS,1972,consumption,2289320219.2485204,13303664,172.08193316130956
AUS,1973,consumption,2502653105.2891874,13504538,185.31941672415505
AUS,1974,consumption,2737056781.564048,13722571,199.45655821813915
AUS,1975,consumption,2818011506.9245496,13892995,202.83686180874244
AUS,1976,consumption,2889243964.251921,14033083,205.8880407286069
AUS,1977,consumption,2866697266.9173164,14192234,201.99055814027
AUS,1978,consumption,2934824070.0692,14359255,204.38553880888668
AUS,1979,consumption,3012256862.248032,14515729,207.51674698859645
AUS,1980,consumption,3125012419.2130303,14695356,212.6530598655133
AUS,1981,consumption,3294097599.955856,14923260,220.7357909703279
AUS,1982,consumption,3354637409.8190613,15184247,220.9287961279253
AUS,1983,consumption,3323364812.2549233,15393472,215.89442669301138
AUS,1984,consumption,3477925756.6987505,15579391,223.23887735398324
AUS,1985,consumption,3665815292.420895,15788312,232.18538450601275
AUS,1986,consumption,3709661065.028421,16018350,231.58821383153827
AUS,1987,consumption,3755273012.707185,16263874,230.8965879044061
AUS,1988,consumption,3888869976.53467,16532164,235.2305467411689
AUS,1989,consumption,4002779772.5629764,16814416,238.0564256625372
AUS,1990,consumption,3985334464.4094644,17065128,233.53674607125504
AUS,1991,consumption,4071896460.8284492,17284036,235.5871314332167
AUS,1992,consumption,4187033479.545578,17478635,239.5515141511667
AUS,1993,consumption,4260006923.483195,17634808,241.56809212117278
AUS,1994,consumption,4439061295.6723585,17805468,249.30888060186672
AUS,1995,consumption,4508191023.216933,18004882,250.38714628715329
AUS,1996,consumption,4574965473.483289,18224767,251.03012145413376
AUS,1997,consumption,4856259750.977124,18423037,263.59713390235953
AUS,1998,consumption,5152889366.3853445,18607584,276.92414912034496
AUS,1999,consumption,5383541677.125546,18812264,286.1719183361209
AUS,2000,consumption,5547438635.337032,19028802,291.5285279302939
AUS,2001,consumption,5610440036.358723,19274701,291.0779283351126
AUS,2002,consumption,5827152094.708372,19495210,298.9017350779177
AUS,2003,consumption,6060023661.349073,19720737,307.29194661178605
AUS,2004,consumption,6311156705.793151,19932722,316.62292314081094
AUS,2005,consumption,6559237051.20302,20176844,325.0873650608103
AUS,2006,consumption,6882797832.505304,20450966,336.55123344810727
AUS,2007,consumption,7270302549.507426,20827622,349.0702178821675
AUS,2008,consumption,7300782612.033238,21249199,343.5791914807348
AUS,2009,consumption,7600426278.381083,21691653,350.3848359726703
AUS,2010,consumption,7854059775.656292,22031750,356.488239729313
AUS,2011,consumption,8040628211.055206,22340024,359.9203031767202
AUS,2012,consumption,8212415686.823612,22733465,361.24786462704265
AUS,2013,consumption,8356916700.919692,23128129,361.33129060805965
AUS,2014,consumption,8464962040.808794,23475686,360.58422492142694
AUS,2015,consumption,8703296688.383114,23815995,365.43913820871705
AUS,2016,consumption,8940073899.278183,24190907,369.56340245027536
AUS,2017,consumption,9161278353.564661,24592588,372.52193032976686
AUS,2018,consumption,9403428138.720493,24963258,376.69074039616515
AUS,2019,consumption,9376452092.173355,25334826,370.1013021432772
CAN,1970,GDP,4645989935.0309925,21746497,213.64314146922112
CAN,1971,GDP,4936984249.863805,21962032,224.7963325918023
CAN,1972,GDP,5250814304.889138,22218463,236.32662191300713
CAN,1973,GDP,5721799819.153354,22491777,254.39518714565565
CAN,1974,GDP,6132262116.0656595,22807969,268.86489174312976
CAN,1975,GDP,6232838736.828565,23143275,269.31532969420124
CAN,1976,GDP,6709685647.379401,23449808,286.12966244241323
CAN,1977,GDP,6866093288.405514,23725843,289.39301707448345
CAN,1978,GDP,6978201824.738385,23963203,291.2048871237449
CAN,1979,GDP,7294778334.172669,24201544,301.4178902871928
CAN,1980,GDP,7433920957.961941,24515667,303.2314380009298
CAN,1981,GDP,7542854305.016979,24819915,303.90330929888273
CAN,1982,GDP,7175989545.027316,25116942,285.7031538722873
CAN,1983,GDP,7357137407.46421,25366451,290.0341639224269
CAN,1984,GDP,7734380944.17574,25607053,302.0410409653833
CAN,1985,GDP,8052215541.976621,25842116,311.59273265303125
CAN,1986,GDP,8139197345.294599,26100278,311.8433200326295
CAN,1987,GDP,8505976147.496181,26446601,321.62833127388205
CAN,1988,GDP,8924852013.147219,26791747,333.11944955090905
CAN,1989,GDP,9107148842.713015,27276781,333.8791642134391
CAN,1990,GDP,9001247498.735222,27691138,325.05877868707387
CAN,1991,GDP,8598671240.256207,28037420,306.6855381221313
CAN,1992,GDP,8673590449.604578,28371264,305.7174488103377
CAN,1993,GDP,8853758477.875845,28684764,308.6571839278805
CAN,1994,GDP,9370806120.966578,29000663,323.12385827063946
CAN,1995,GDP,9632953129.950766,29302311,328.74380215098955
CAN,1996,GDP,9805752220.052168,29610218,331.16109513452983
CAN,1997,GDP,10177794682.679482,29905948,340.32676986797014
CAN,1998,GDP,10451025752.976004,30155173,346.5748895877999
CAN,1999,GDP,11008732009.685257,30401286,362.11402404770826
CAN,2000,GDP,11760845938.888742,30685730,383.267595031591
CAN,2001,GDP,11870183367.308558,31020855,382.6517150255387
CAN,2002,GDP,12106520658.007656,31359199,386.05962665078454
CAN,2003,GDP,12384101148.774612,31642461,391.37604210919665
CAN,2004,GDP,12943011648.204967,31938807,405.244054613717
CAN,2005,GDP,13476657046.054783,32242732,417.9750353057794
CAN,2006,GDP,13909321663.117825,32571193,427.04366595100845
CAN,2007,GDP,14355679705.375555,32888886,436.49029965245876
CAN,2008,GDP,14728872154.277485,33247298,443.0095989838779
CAN,2009,GDP,13925350061.211365,33630069,414.07438269637106
CAN,2010,GDP,14506945700.126764,34005902,426.60082064950853
CAN,2011,GDP,15010354847.52303,34339221,437.11984169713776
CAN,2012,GDP,15229130068.435598,34713395,438.7104767031746
CAN,2013,GDP,15707235812.877167,35080992,447.74206535770617
CAN,2014,GDP,16164082665.482498,35434066,456.173521420954
CAN,2015,GDP,15948509745.66561,35704498,446.6806884013776
CAN,2016,GDP,16001078791.758108,36110803,443.1105780660183
CAN,2017,GDP,16644584719.610212,36545075,455.453565757088
CAN,2018,GDP,16997982311.83431,37072620,458.5050183082369
CAN,2019,GDP,17253838375.562565,37618495,458.65307412118864
CAN,1970,consumption,3548244951.294214,21746497,163.16397768772663
CAN,1971,consumption,3770347653.0140724,21962032,171.67571985206433
CAN,1972,consumption,4013979054.030393,22218463,180.65961871576775
CAN,1973,consumption,4261464104.2879877,22491777,189.4676487450497
CAN,1974,consumption,4526660535.946936,22807969,198.4683746258571
CAN,1975,consumption,4792575458.06015,23143275,207.08285487080587
CAN,1976,consumption,5075929016.686241,23449808,216.45929965338058
CAN,1977,consumption,5259265581.525354,23725843,221.66822824905967
CAN,1978,consumption,5341110001.631953,23963203,222.8879837821327
CAN,1979,consumption,5446683953.83152,24201544,225.05522597366186
CAN,1980,consumption,5558386426.505451,24515667,226.72792979711508
CAN,1981,consumption,5592136599.651173,24819915,225.308450881124
CAN,1982,consumption,5495409584.806612,25116942,218.7929400325331
CAN,1983,consumption,5656748020.277804,25366451,223.00116087496056
CAN,1984,consumption,5860745718.503473,25607053,228.87232351584828
CAN,1985,consumption,6133749950.793943,25842116,237.35478746376432
CAN,1986,consumption,6313407057.637168,26100278,241.89041425678178
CAN,1987,consumption,6507115590.74374,26446601,246.04733102540249
CAN,1988,consumption,6746278914.403465,26791747,251.80436775561762
CAN,1989,consumption,6942099238.00032,27276781,254.50580983145775
CAN,1990,consumption,7062364750.499747,27691138,255.0406108445145
CAN,1991,consumption,6990493666.762175,28037420,249.32727999802316
CAN,1992,consumption,7125098923.223407,28371264,251.13787398486747
CAN,1993,consumption,7219023169.4347725,28684764,251.66751134625937
CAN,1994,consumption,7427738639.322163,29000663,256.1230630941838
CAN,1995,consumption,7464099155.485412,29302311,254.72732015865273
CAN,1996,consumption,7568548492.048514,29610218,255.6059699407993
CAN,1997,consumption,7809137713.655427,29905948,261.1232291868971
CAN,1998,consumption,8038845431.91791,30155173,266.58263349767253
CAN,1999,consumption,8319064675.40304,30401286,273.6418674987315
CAN,2000,consumption,8660743470.13881,30685730,282.24009890391426
CAN,2001,consumption,8855508600.865313,31020855,285.46952045213817
CAN,2002,consumption,9175514941.667519,31359199,292.5940468590259
CAN,2003,consumption,9358849725.405758,31642461,295.76870539259755
CAN,2004,consumption,9595358110.753565,31938807,300.4294465586509
CAN,2005,consumption,9889315586.061619,32242732,306.71456705534814
CAN,2006,consumption,10246484553.252403,32571193,314.5873273125858
CAN,2007,consumption,10620135229.237703,32888886,322.90954546887673
CAN,2008,consumption,10925983905.285782,33247298,328.62772503455113
CAN,2009,consumption,11075877252.386803,33630069,329.34447004514925
CAN,2010,consumption,11384141319.9396,34005902,334.7695738210267
CAN,2011,consumption,11565270764.27703,34339221,336.79479113044033
CAN,2012,consumption,11738358992.394955,34713395,338.15070500580407
CAN,2013,consumption,12041996408.339708,35080992,343.26271071068084
CAN,2014,consumption,12294859736.497393,35434066,346.97851882133403
CAN,2015,consumption,12549377344.672695,35704498,351.47889054966396
CAN,2016,consumption,12726021462.9211,36110803,352.4159089710938
CAN,2017,consumption,13095886643.416313,36545075,358.348878567531
CAN,2018,consumption,13355019342.341188,37072620,360.2394258172524
CAN,2019,consumption,13530123677.938643,37618495,359.6667989492573
CHE,1970,GDP,2642053555.0335727,6180882,427.45575065719953
CHE,1971,GDP,2816242395.672345,6213405,453.252668331188
CHE,1972,GDP,2991991211.7754507,6260956,477.880887802989
CHE,1973,GDP,3065829988.030752,6307348,486.0727500735257
CHE,1974,GDP,3030107016.4517965,6341406,477.8288941682328
CHE,1975,GDP,2820908351.240696,6338632,445.0342520658552
CHE,1976,GDP,2809049259.695271,6302505,445.7036146254975
CHE,1977,GDP,2847926260.3054686,6281175,453.4066094807848
CHE,1978,GDP,2932715154.8228717,6281737,466.8637281094181
CHE,1979,GDP,2957664793.532483,6294364,469.89096809979264
CHE,1980,GDP,3054642279.351736,6319409,483.37467623186535
CHE,1981,GDP,3079390876.3833466,6354073,484.63259335914876
CHE,1982,GDP,3087764692.254868,6391309,483.11929406869046
CHE,1983,GDP,3089902869.7173367,6418774,481.3852099664728
CHE,1984,GDP,3208470505.493242,6441865,498.0654679185673
CHE,1985,GDP,3288882223.1471486,6470366,508.29925589172984
CHE,1986,GDP,3425964705.425914,6504125,526.7372176005094
CHE,1987,GDP,3506122581.618713,6545107,535.6860600779655
CHE,1988,GDP,3653660951.6403155,6593387,554.1402243854814
CHE,1989,GDP,3823097300.5354095,6646912,575.1689356704902
CHE,1990,GDP,3933486088.0166254,6712273,586.0140205883499
CHE,1991,GDP,3880876734.9250216,6799979,570.7189294150793
CHE,1992,GDP,3807872657.4561944,6875364,553.8430630663619
CHE,1993,GDP,3767339609.2398405,6938265,542.9800691152385
CHE,1994,GDP,3827745496.5149417,6993795,547.3059328325954
CHE,1995,GDP,3806025099.9134073,7040687,540.575813115028
CHE,1996,GDP,3805392542.400976,7071851,538.1041741972471
CHE,1997,GDP,3846585252.7971935,7088906,542.6204343515337
CHE,1998,GDP,3945266911.1215773,7110002,554.889704830122
CHE,1999,GDP,3989139801.575285,7143991,558.3909332437968
CHE,2000,GDP,4129399915.961817,7184250,574.7851085307188
CHE,2001,GDP,4199415826.4250207,7226647,581.1015573923869
CHE,2002,GDP,4169347435.210753,7284754,572.3388099599181
CHE,2003,GDP,4179811977.9243827,7339002,569.5341107584359
CHE,2004,GDP,4272144033.731248,7389626,578.1272331957325
CHE,2005,GDP,4388650541.239481,7437116,590.1011280769966
CHE,2006,GDP,4618334716.739328,7483935,617.099789982052
CHE,2007,GDP,4885150513.073356,7551117,646.9440896059955
CHE,2008,GDP,4956319219.72475,7647676,648.0817466279625
CHE,2009,GDP,4907087751.310498,7743832,633.6769381503238
CHE,2010,GDP,5055147163.713308,7824910,646.0326270478904
CHE,2011,GDP,5119908407.155177,7912396,647.0743384374565
CHE,2012,GDP,5224120989.4110565,7996861,653.2714510619925
CHE,2013,GDP,5330037413.269147,8089346,658.895961832903
CHE,2014,GDP,5433255891.154421,8188646,663.5109016990624
CHE,2015,GDP,5501067945.762536,8282398,664.187828906862
CHE,2016,GDP,5596388634.064316,8373334,668.3584620014341
CHE,2017,GDP,5626827063.898002,8451834,665.7521981498928
CHE,2018,GDP,5803274805.975809,8514327,681.5893735319079
CHE,2019,GDP,5841503289.095306,8575280,681.2026300127001
CHE,1970,consumption,1614928435.3655288,6180882,261.2779916143891
CHE,1971,consumption,1711959218.2732692,6213405,275.5267390864219
CHE,1972,consumption,1820108045.085621,6260956,290.70768826447926
CHE,1973,consumption,1883152828.301041,6307348,298.5649163960893
CHE,1974,consumption,1885706964.7928178,6341406,297.36417519913056
CHE,1975,consumption,1841673563.559019,6338632,290.5474814690329
CHE,1976,consumption,1878192257.6838605,6302505,298.0072618242842
CHE,1977,consumption,1922251736.1176615,6281175,306.0337812778121
CHE,1978,consumption,1958075295.775367,6281737,311.70921287780226
CHE,1979,consumption,1995404903.921712,6294364,317.01453934372273
CHE,1980,consumption,2052419908.9588268,6319409,324.7803566692434
CHE,1981,consumption,2067682943.2345037,6354073,325.41063711960874
CHE,1982,consumption,2082794508.3871472,6391309,325.8791756723305
CHE,1983,consumption,2119283968.6062565,6418774,330.16958824321534
CHE,1984,consumption,2157081961.515026,6441865,334.8536427750389
CHE,1985,consumption,2193776793.5088344,6470366,339.0498765462161
CHE,1986,consumption,2274287448.291483,6504125,349.6684716685923
CHE,1987,consumption,2324990444.6033373,6545107,355.2257349808547
CHE,1988,consumption,2386366586.8880754,6593387,361.9333412232704
CHE,1989,consumption,2470259343.5707474,6646912,371.6401456150988
CHE,1990,consumption,2518004000.490241,6712273,375.13432491351904
CHE,1991,consumption,2561103598.7742515,6799979,376.63404530723574
CHE,1992,consumption,2572142113.3811383,6875364,374.1099545247551
CHE,1993,consumption,2545032197.939635,6938265,366.81103963881964
CHE,1994,consumption,2557383691.720569,6993795,365.66466299349196
CHE,1995,consumption,2559456501.2176704,7040687,363.52368756311284
CHE,1996,consumption,2593967889.150257,7071851,366.8018301220228
CHE,1997,consumption,2637333316.240558,7088906,372.0367171239904
CHE,1998,consumption,2689211906.6054754,7110002,378.2294163356741
CHE,1999,consumption,2741316291.9920564,7143991,383.7233686313514
CHE,2000,consumption,2796776838.3963556,7184250,389.29280556722773
CHE,2001,consumption,2848601889.020771,7226647,394.18030090867467
CHE,2002,consumption,2837203126.692946,7284754,389.4713708510879
CHE,2003,consumption,2870271235.782283,7339002,391.0983040721726
CHE,2004,consumption,2917181000.239541,7389626,394.7670694348457
CHE,2005,consumption,2960964340.14654,7437116,398.133408184912
CHE,2006,consumption,3010940546.202699,7483935,402.3205100261693
CHE,2007,consumption,3094524195.5020003,7551117,409.8101241845412
CHE,2008,consumption,3130122269.6425424,7647676,409.29064851106955
CHE,2009,consumption,3193139307.9619527,7743832,412.34614954998415
CHE,2010,consumption,3241003527.7434673,7824910,414.1905181968185
CHE,2011,consumption,3271600028.4080877,7912396,413.4777921135504
CHE,2012,consumption,3338462963.337767,7996861,417.4716758660388
CHE,2013,consumption,3410591101.1977777,8089346,421.6151838724389
CHE,2014,consumption,3446637690.071133,8188646,420.90446821991486
CHE,2015,consumption,3516273626.9037504,8282398,424.54777310915875
CHE,2016,consumption,3573076299.004558,8373334,426.72086160716367
CHE,2017,consumption,3628177599.7982726,8451834,429.2769592727771
CHE,2018,consumption,3639729781.1257534,8514327,427.4829685453417
CHE,2019,consumption,3670481585.7452908,8575280,428.0305232884863
CHN,1970,GDP,NA,823308967,NA
CHN,1971,GDP,NA,844069867,NA
CHN,1972,GDP,NA,863677814,NA
CHN,1973,GDP,NA,882576946,NA
CHN,1974,GDP,NA,900307582,NA
CHN,1975,GDP,NA,916116793,NA
CHN,1976,GDP,NA,930372292,NA
CHN,1977,GDP,NA,943546375,NA
CHN,1978,GDP,NA,956161485,NA
CHN,1979,GDP,NA,969288069,NA
CHN,1980,GDP,NA,983163542,NA
CHN,1981,GDP,NA,997721071,NA
CHN,1982,GDP,NA,1013590000,NA
CHN,1983,GDP,NA,1029060000,NA
CHN,1984,GDP,NA,1043850000,NA
CHN,1985,GDP,NA,1059810000,NA
CHN,1986,GDP,NA,1077230000,NA
CHN,1987,GDP,NA,1096220000,NA
CHN,1988,GDP,NA,1115240000,NA
CHN,1989,GDP,NA,1133990000,NA
CHN,1990,GDP,NA,1153580000,NA
CHN,1991,GDP,NA,1170790000,NA
CHN,1992,GDP,NA,1184570000,NA
CHN,1993,GDP,NA,1197310000,NA
CHN,1994,GDP,NA,1209000000,NA
CHN,1995,GDP,NA,1220130000,NA
CHN,1996,GDP,NA,1230940000,NA
CHN,1997,GDP,NA,1241140000,NA
CHN,1998,GDP,NA,1250850000,NA
CHN,1999,GDP,NA,1260180000,NA
CHN,2000,GDP,NA,1269580000,NA
CHN,2001,GDP,NA,1278730000,NA
CHN,2002,GDP,NA,1286870000,NA
CHN,2003,GDP,NA,1294520000,NA
CHN,2004,GDP,NA,1302100000,NA
CHN,2005,GDP,NA,1310030000,NA
CHN,2006,GDP,NA,1318050000,NA
CHN,2007,GDP,NA,1325810000,NA
CHN,2008,GDP,NA,1333820000,NA
CHN,2009,GDP,NA,1342520000,NA
CHN,2010,GDP,NA,1351560000,NA
CHN,2011,GDP,NA,1360250000,NA
CHN,2012,GDP,NA,1369520000,NA
CHN,2013,GDP,NA,1379010000,NA
CHN,2014,GDP,NA,1387950000,NA
CHN,2015,GDP,NA,1396130000,NA
CHN,2016,GDP,NA,1404050000,NA
CHN,2017,GDP,NA,1412350000,NA
CHN,2018,GDP,NA,1419010000,NA
CHN,2019,GDP,NA,1423520000,NA
CHN,1970,consumption,NA,823308967,NA
CHN,1971,consumption,NA,844069867,NA
CHN,1972,consumption,NA,863677814,NA
CHN,1973,consumption,NA,882576946,NA
CHN,1974,consumption,NA,900307582,NA
CHN,1975,consumption,NA,916116793,NA
CHN,1976,consumption,NA,930372292,NA
CHN,1977,consumption,NA,943546375,NA
CHN,1978,consumption,NA,956161485,NA
CHN,1979,consumption,NA,969288069,NA
CHN,1980,consumption,NA,983163542,NA
CHN,1981,consumption,NA,997721071,NA
CHN,1982,consumption,NA,1013590000,NA
CHN,1983,consumption,NA,1029060000,NA
CHN,1984,consumption,NA,1043850000,NA
CHN,1985,consumption,NA,1059810000,NA
CHN,1986,consumption,NA,1077230000,NA
CHN,1987,consumption,NA,1096220000,NA
CHN,1988,consumption,NA,1115240000,NA
CHN,1989,consumption,NA,1133990000,NA
CHN,1990,consumption,NA,1153580000,NA
CHN,1991,consumption,NA,1170790000,NA
CHN,1992,consumption,NA,1184570000,NA
CHN,1993,consumption,NA,1197310000,NA
CHN,1994,consumption,NA,1209000000,NA
CHN,1995,consumption,NA,1220130000,NA
CHN,1996,consumption,NA,1230940000,NA
CHN,1997,consumption,NA,1241140000,NA
CHN,1998,consumption,NA,1250850000,NA
CHN,1999,consumption,NA,1260180000,NA
CHN,2000,consumption,NA,1269580000,NA
CHN,2001,consumption,NA,1278730000,NA
CHN,2002,consumption,NA,1286870000,NA
CHN,2003,consumption,NA,1294520000,NA
CHN,2004,consumption,NA,1302100000,NA
CHN,2005,consumption,NA,1310030000,NA
CHN,2006,consumption,NA,1318050000,NA
CHN,2007,consumption,NA,1325810000,NA
CHN,2008,consumption,NA,1333820000,NA
CHN,2009,consumption,NA,1342520000,NA
CHN,2010,consumption,NA,1351560000,NA
CHN,2011,consumption,NA,1360250000,NA
CHN,2012,consumption,NA,1369520000,NA
CHN,2013,consumption,NA,1379010000,NA
CHN,2014,consumption,NA,1387950000,NA
CHN,2015,consumption,NA,1396130000,NA
CHN,2016,consumption,NA,1404050000,NA
CHN,2017,consumption,NA,1412350000,NA
CHN,2018,consumption,NA,1419010000,NA
CHN,2019,consumption,NA,1423520000,NA
DNK,1970,GDP,1288770760.1472082,4928748,261.4803516323432
DNK,1971,GDP,1347290720.7860696,4963126,271.4601081628936
DNK,1972,GDP,1440020449.1727433,4991596,288.4889821156887
DNK,1973,GDP,1516516900.9197855,5021862,301.98298975953253
DNK,1974,GDP,1472464125.3620331,5045298,291.8487917585905
DNK,1975,GDP,1500131770.1745453,5059862,296.47681501482555
DNK,1976,GDP,1593997099.1407917,5072597,314.23688874570394
DNK,1977,GDP,1594112276.6760576,5088420,313.2823699057974
DNK,1978,GDP,1612196716.0917876,5104248,315.8539154233469
DNK,1979,GDP,1637516139.00339,5116802,320.02726292777993
DNK,1980,GDP,1571277847.3726134,5123027,306.7088749234805
DNK,1981,GDP,1542238934.1941137,5121572,301.1260867159758
DNK,1982,GDP,1601522963.8696322,5117810,312.9313053571024
DNK,1983,GDP,1650885466.3717926,5114297,322.79812188689715
DNK,1984,GDP,1716323125.4453888,5111619,335.76898541252564
DNK,1985,GDP,1779692903.943794,5113691,348.02511609399045
DNK,1986,GDP,1841589936.5765753,5120534,359.64802432257557
DNK,1987,GDP,1862366840.0355797,5127024,363.2451964405822
DNK,1988,GDP,1855307579.9827118,5129517,361.6924517420864
DNK,1989,GDP,1869299756.1040976,5132594,364.2017576500494
DNK,1990,GDP,1897385084.8465147,5140939,369.07364293692547
DNK,1991,GDP,1928593560.2591612,5154298,374.1719163810787
DNK,1992,GDP,1959132102.073604,5171370,378.84199004782175
DNK,1993,GDP,1944430906.3146992,5189377,374.69447802977106
DNK,1994,GDP,2038866009.1239927,5204994,391.71342159548936
DNK,1995,GDP,2084251442.1546385,5227861,398.68149557814155
DNK,1996,GDP,2142450180.1719942,5261503,407.1935681062986
DNK,1997,GDP,2206677903.8981404,5284220,417.5976594271511
DNK,1998,GDP,2244414743.426076,5301304,423.37031481802893
DNK,1999,GDP,2292742577.410545,5319111,431.03867872103905
DNK,2000,GDP,2380668694.293644,5337344,446.0399581315433
DNK,2001,GDP,2407500664.175866,5355082,449.57307174304077
DNK,2002,GDP,2417662853.323537,5374255,449.8600928544583
DNK,2003,GDP,2414515861.3565006,5387174,448.1971180727596
DNK,2004,GDP,2504379337.850778,5401177,463.67288793734735
DNK,2005,GDP,2590667481.1730943,5415978,478.33788859059143
DNK,2006,GDP,2693876486.3191075,5434567,495.69293861297643
DNK,2007,GDP,2740039571.4778676,5457415,502.0764540497411
DNK,2008,GDP,2750719179.985906,5489022,501.1310175083842
DNK,2009,GDP,2594973223.6306944,5519441,470.1514562128111
DNK,2010,GDP,2658617330.4351387,5543819,479.5642372947491
DNK,2011,GDP,2638100110.4273195,5566856,473.8940814038156
DNK,2012,GDP,2638212284.9901524,5587085,472.19834403631813
DNK,2013,GDP,2676489033.946414,5608784,477.1959544076602
DNK,2014,GDP,2722950671.729896,5639719,482.81672752310817
DNK,2015,GDP,2779064616.5546737,5678348,489.4142832659558
DNK,2016,GDP,2869510081.5876975,5724456,501.2721001939219
DNK,2017,GDP,2955856101.6410794,5760694,513.1076397463708
DNK,2018,GDP,3004247327.2515535,5789957,518.8721310454557
DNK,2019,GDP,3061507426.500562,5814461,526.5333152119453
DNK,1970,consumption,980580523.038507,4928748,198.95123934891924
DNK,1971,consumption,1025468170.8825419,4963126,206.6173961496327
DNK,1972,consumption,1061299726.5244987,4991596,212.61731248372237
DNK,1973,consumption,1127564102.7096536,5021862,224.5310808440482
DNK,1974,consumption,1125032557.3386314,5045298,222.98634438216163
DNK,1975,consumption,1177287741.0160956,5059862,232.6719070630969
DNK,1976,consumption,1261006007.954365,5072597,248.59179784129608
DNK,1977,consumption,1261802430.5334592,5088420,247.97529105959399
DNK,1978,consumption,1274890104.8544128,5104248,249.77040787485498
DNK,1979,consumption,1297988164.9478726,5116802,253.6717592253663
DNK,1980,consumption,1261829711.9712965,5123027,246.30549711553277
DNK,1981,consumption,1256964658.0178409,5121572,245.4255564537296
DNK,1982,consumption,1293178663.6623976,5117810,252.68203854039083
DNK,1983,consumption,1309938714.9490511,5114297,256.1327030770898
DNK,1984,consumption,1332616971.663423,5111619,260.7035015057701
DNK,1985,consumption,1371298569.0031965,5113691,268.1621883299551
DNK,1986,consumption,1405882953.5993598,5120534,274.5578788461047
DNK,1987,consumption,1413793271.8582323,5127024,275.75319948926165
DNK,1988,consumption,1400125943.13353,5129517,272.95473299601696
DNK,1989,consumption,1399679095.6058543,5132594,272.7040353485692
DNK,1990,consumption,1397425063.67722,5140939,271.8229225589372
DNK,1991,consumption,1430620816.1240811,5154298,277.5588093905477
DNK,1992,consumption,1453129782.6415687,5171370,280.99512946116187
DNK,1993,consumption,1460523725.444551,5189377,281.4449066707913
DNK,1994,consumption,1536395895.2685776,5204994,295.1772653856234
DNK,1995,consumption,1555727243.3504047,5227861,297.5838958515547
DNK,1996,consumption,1592111670.016821,5261503,302.5963626775127
DNK,1997,consumption,1624561846.3396332,5284220,307.4364516124675
DNK,1998,consumption,1668145662.1740632,5301304,314.6670445939458
DNK,1999,consumption,1677431784.961562,5319111,315.35942471619074
DNK,2000,consumption,1690044151.902967,5337344,316.6451613204933
DNK,2001,consumption,1712071481.2878847,5355082,319.70966668444754
DNK,2002,consumption,1738228271.781571,5374255,323.43613613078855
DNK,2003,consumption,1746395548.0995443,5387174,324.17656234967427
DNK,2004,consumption,1821148265.6485238,5401177,337.1761869030628
DNK,2005,consumption,1877644860.0589137,5415978,346.68620516163725
DNK,2006,consumption,1934159677.8365374,5434567,355.89949996688557
DNK,2007,consumption,1973412930.5661626,5457415,361.6021377458307
DNK,2008,consumption,1994071978.9744494,5489022,363.28365580871224
DNK,2009,consumption,1981636481.6774423,5519441,359.0284743830838
DNK,2010,consumption,2004172451.1727264,5543819,361.51477008407494
DNK,2011,consumption,1974833855.9980924,5566856,354.7485072360579
DNK,2012,consumption,1977963352.3543966,5587085,354.02420982576723
DNK,2013,consumption,1991802464.2362971,5608784,355.1219772835426
DNK,2014,consumption,1998532806.8616655,5639719,354.3674439917424
DNK,2015,consumption,2027554947.6911259,5678348,357.0677506364749
DNK,2016,consumption,2074201268.7545233,5724456,362.3403287149946
DNK,2017,consumption,2115415682.6676638,5760694,367.215422771573
DNK,2018,consumption,2172519437.54485,5789957,375.22203317655897
DNK,2019,consumption,2207477037.08973,5814461,379.65290971763847
GBR,1970,GDP,9346488697.600523,55710700,167.76828683898287
GBR,1971,GDP,9545073162.166737,55928013,170.66712457971173
GBR,1972,GDP,9968475965.691578,56096677,177.7017195812076
GBR,1973,GDP,10542836883.707384,56222893,187.5185768848178
GBR,1974,GDP,10193664541.896593,56235642,181.26697196586807
GBR,1975,GDP,10169866679.483166,56225718,180.87571028409394
GBR,1976,GDP,10336004118.883535,56216121,183.86192314627215
GBR,1977,GDP,10395337166.435434,56189910,185.003627278197
GBR,1978,GDP,11152004229.787422,56178025,198.51185992721216
GBR,1979,GDP,11635917192.24547,56240053,206.8973368898758
GBR,1980,GDP,11567485916.188185,56329673,205.35332978389889
GBR,1981,GDP,11444833073.11373,56357464,203.07572876440517
GBR,1982,GDP,11546297909.312414,56290711,205.1190632378478
GBR,1983,GDP,12092838510.246914,56315677,214.73307530773207
GBR,1984,GDP,12375408272.279154,56409327,219.38585213539517
GBR,1985,GDP,12820658703.511621,56553955,226.69782694263597
GBR,1986,GDP,13340620500.862549,56683835,235.35141016592382
GBR,1987,GDP,14234412868.887554,56803958,250.58839859165366
GBR,1988,GDP,15328229852.910572,56916448,269.3110759988145
GBR,1989,GDP,16039365232.845737,57076451,281.01546175051664
GBR,1990,GDP,16134174460.779488,57237493,281.8812218204506
GBR,1991,GDP,15804426853.216038,57438658,275.1531355975628
GBR,1992,GDP,15679662688.110203,57584530,272.289496642765
GBR,1993,GDP,16093280239.050476,57713889,278.8458812583307
GBR,1994,GDP,16579600344.452612,57862145,286.5362206059352
GBR,1995,GDP,18535316029.652187,58024799,319.4378326007159
GBR,1996,GDP,19258303957.73535,58164374,331.1013707073569
GBR,1997,GDP,19772427280.755184,58314249,339.066825344097
GBR,1998,GDP,20308355962.252636,58474943,347.300141228913
GBR,1999,GDP,20818289588.387386,58684427,354.7498144335189
GBR,2000,GDP,21733002384.02651,58886065,369.06868176752016
GBR,2001,GDP,22269572946.11491,59113016,376.7287554083674
GBR,2002,GDP,22787233003.725372,59365677,383.8452478816231
GBR,2003,GDP,23767579219.715168,59636662,398.53973080711944
GBR,2004,GDP,24631244942.531845,59950364,410.8606403546081
GBR,2005,GDP,25518931037.667995,60413276,422.4060128384363
GBR,2006,GDP,26219341186.758747,60827067,431.0472702351199
GBR,2007,GDP,26897945825.95633,61319075,438.6554400234565
GBR,2008,GDP,26838751480.15685,61823772,434.1170169972296
GBR,2009,GDP,25616411235.118248,62260486,411.4393073500623
GBR,2010,GDP,25895335040.42369,62759456,412.6124840920178
GBR,2011,GDP,25761702365.663662,63285145,407.07345089694684
GBR,2012,GDP,25896227618.375153,63710843,406.46499714931025
GBR,2013,GDP,26306590856.818707,64138721,410.151472412721
GBR,2014,GDP,27183505410.31879,64619493,420.6703604176961
GBR,2015,GDP,27839336020.01874,65088058,427.7180311635468
GBR,2016,GDP,28660790910.619713,65607141,436.85474589754966
GBR,2017,GDP,29230274158.08453,65965992,443.11126493913
GBR,2018,GDP,29581078736.984505,66288927,446.2446456100354
GBR,2019,GDP,30177492618.11329,66630707,452.9066848729864
GBR,1970,consumption,7832390485.299491,55710700,140.59041593983724
GBR,1971,consumption,8053417245.840534,55928013,143.99612669666155
GBR,1972,consumption,8531400496.612864,56096677,152.08388362492244
GBR,1973,consumption,8941443222.922686,56222893,159.03563025336825
GBR,1974,consumption,9046814454.12218,56235642,160.87332041345203
GBR,1975,consumption,9229463647.467884,56225718,164.15021409718386
GBR,1976,consumption,9227601378.47663,56216121,164.14511023406666
GBR,1977,consumption,8988015599.230186,56189910,159.9578215951972
GBR,1978,consumption,9522943456.693752,56178025,169.51367472768493
GBR,1979,consumption,9903605502.928627,56240053,176.09523772903677
GBR,1980,consumption,9951805670.616877,56329673,176.67075167677393
GBR,1981,consumption,9941261487.761175,56357464,176.39653707202254
GBR,1982,consumption,10016983556.67106,56290711,177.95091550133486
GBR,1983,consumption,10477281133.092762,56315677,186.04555056832154
GBR,1984,consumption,10695860704.977324,56409327,189.6115637929402
GBR,1985,consumption,10943528656.931505,56553955,193.50598303746406
GBR,1986,consumption,11645415036.04601,56683835,205.4450803486745
GBR,1987,consumption,12227699902.704096,56803958,215.2614066559252
GBR,1988,consumption,13107968482.462555,56916448,230.30194158396102
GBR,1989,consumption,13547994610.774185,57076451,237.36575020710706
GBR,1990,consumption,13736071108.429783,57237493,239.98380062575038
GBR,1991,consumption,13702644745.218685,57438658,238.56136654896576
GBR,1992,consumption,13839617240.158741,57584530,240.33568113100412
GBR,1993,consumption,14232073417.21455,57713889,246.5970265357538
GBR,1994,consumption,14593330667.78265,57862145,252.2086014575272
GBR,1995,consumption,14923912564.663933,58024799,257.19886706826736
GBR,1996,consumption,15483262467.470972,58164374,266.1983857587975
GBR,1997,consumption,16049070754.355997,58314249,275.2169672005207
GBR,1998,consumption,16591807984.944366,58474943,283.74218312524675
GBR,1999,consumption,17176883389.95257,58684427,292.69917536985696
GBR,2000,consumption,17881566061.944416,58886065,303.663796552621
GBR,2001,consumption,18470237960.0015,59113016,312.4563625716796
GBR,2002,consumption,19066987549.774506,59365677,321.17864249698533
GBR,2003,consumption,19919233017.875523,59636662,334.0098581955429
GBR,2004,consumption,20744159166.338936,59950364,346.0222387697085
GBR,2005,consumption,21363684127.29942,60413276,353.62565220431713
GBR,2006,consumption,21754028159.332603,60827067,357.63730247477827
GBR,2007,consumption,22260325325.10341,61319075,363.02448014917724
GBR,2008,consumption,22380570925.378773,61823772,362.00591134068577
GBR,2009,consumption,21838602279.910126,62260486,350.7618343986285
GBR,2010,consumption,21995583376.590412,62759456,350.47441100493944
GBR,2011,consumption,21717768645.431736,63285145,343.1732461927951
GBR,2012,consumption,21870711807.987186,63710843,343.280841661241
GBR,2013,consumption,22132936596.306637,64138721,345.07916982483385
GBR,2014,consumption,22650543608.349457,64619493,350.52184034234773
GBR,2015,consumption,23076408813.213757,65088058,354.5413632284705
GBR,2016,consumption,23823073057.87867,65607141,363.11707376303247
GBR,2017,consumption,24001131645.18963,65965992,363.84098711332393
GBR,2018,consumption,24352501197.1736,66288927,367.36906598553935
GBR,2019,consumption,24796644046.139233,66630707,372.1503967553463
HKG,1970,GDP,NA,NA,NA
HKG,1971,GDP,NA,NA,NA
HKG,1972,GDP,NA,NA,NA
HKG,1973,GDP,NA,NA,NA
HKG,1974,GDP,NA,NA,NA
HKG,1975,GDP,NA,NA,NA
HKG,1976,GDP,NA,NA,NA
HKG,1977,GDP,NA,NA,NA
HKG,1978,GDP,NA,NA,NA
HKG,1979,GDP,NA,NA,NA
HKG,1980,GDP,NA,NA,NA
HKG,1981,GDP,NA,NA,NA
HKG,1982,GDP,NA,NA,NA
HKG,1983,GDP,NA,NA,NA
HKG,1984,GDP,NA,NA,NA
HKG,1985,GDP,NA,NA,NA
HKG,1986,GDP,NA,NA,NA
HKG,1987,GDP,NA,NA,NA
HKG,1988,GDP,NA,NA,NA
HKG,1989,GDP,NA,NA,NA
HKG,1990,GDP,NA,NA,NA
HKG,1991,GDP,NA,NA,NA
HKG,1992,GDP,NA,NA,NA
HKG,1993,GDP,NA,NA,NA
HKG,1994,GDP,NA,NA,NA
HKG,1995,GDP,NA,NA,NA
HKG,1996,GDP,NA,NA,NA
HKG,1997,GDP,NA,NA,NA
HKG,1998,GDP,NA,NA,NA
HKG,1999,GDP,NA,NA,NA
HKG,2000,GDP,NA,NA,NA
HKG,2001,GDP,NA,NA,NA
HKG,2002,GDP,NA,NA,NA
HKG,2003,GDP,NA,NA,NA
HKG,2004,GDP,NA,NA,NA
HKG,2005,GDP,NA,NA,NA
HKG,2006,GDP,NA,NA,NA
HKG,2007,GDP,NA,NA,NA
HKG,2008,GDP,NA,NA,NA
HKG,2009,GDP,NA,NA,NA
HKG,2010,GDP,NA,NA,NA
HKG,2011,GDP,NA,NA,NA
HKG,2012,GDP,NA,NA,NA
HKG,2013,GDP,NA,NA,NA
HKG,2014,GDP,NA,NA,NA
HKG,2015,GDP,NA,NA,NA
HKG,2016,GDP,NA,NA,NA
HKG,2017,GDP,NA,NA,NA
HKG,2018,GDP,NA,NA,NA
HKG,2019,GDP,NA,NA,NA
HKG,1970,consumption,NA,NA,NA
HKG,1971,consumption,NA,NA,NA
HKG,1972,consumption,NA,NA,NA
HKG,1973,consumption,NA,NA,NA
HKG,1974,consumption,NA,NA,NA
HKG,1975,consumption,NA,NA,NA
HKG,1976,consumption,NA,NA,NA
HKG,1977,consumption,NA,NA,NA
HKG,1978,consumption,NA,NA,NA
HKG,1979,consumption,NA,NA,NA
HKG,1980,consumption,NA,NA,NA
HKG,1981,consumption,NA,NA,NA
HKG,1982,consumption,NA,NA,NA
HKG,1983,consumption,NA,NA,NA
HKG,1984,consumption,NA,NA,NA
HKG,1985,consumption,NA,NA,NA
HKG,1986,consumption,NA,NA,NA
HKG,1987,consumption,NA,NA,NA
HKG,1988,consumption,NA,NA,NA
HKG,1989,consumption,NA,NA,NA
HKG,1990,consumption,NA,NA,NA
HKG,1991,consumption,NA,NA,NA
HKG,1992,consumption,NA,NA,NA
HKG,1993,consumption,NA,NA,NA
HKG,1994,consumption,NA,NA,NA
HKG,1995,consumption,NA,NA,NA
HKG,1996,consumption,NA,NA,NA
HKG,1997,consumption,NA,NA,NA
HKG,1998,consumption,NA,NA,NA
HKG,1999,consumption,NA,NA,NA
HKG,2000,consumption,NA,NA,NA
HKG,2001,consumption,NA,NA,NA
HKG,2002,consumption,NA,NA,NA
HKG,2003,consumption,NA,NA,NA
HKG,2004,consumption,NA,NA,NA
HKG,2005,consumption,NA,NA,NA
HKG,2006,consumption,NA,NA,NA
HKG,2007,consumption,NA,NA,NA
HKG,2008,consumption,NA,NA,NA
HKG,2009,consumption,NA,NA,NA
HKG,2010,consumption,NA,NA,NA
HKG,2011,consumption,NA,NA,NA
HKG,2012,consumption,NA,NA,NA
HKG,2013,consumption,NA,NA,NA
HKG,2014,consumption,NA,NA,NA
HKG,2015,consumption,NA,NA,NA
HKG,2016,consumption,NA,NA,NA
HKG,2017,consumption,NA,NA,NA
HKG,2018,consumption,NA,NA,NA
HKG,2019,consumption,NA,NA,NA
IND,1970,GDP,NA,545864268,NA
IND,1971,GDP,NA,558096387,NA
IND,1972,GDP,NA,570482142,NA
IND,1973,GDP,NA,583465598,NA
IND,1974,GDP,NA,597041391,NA
IND,1975,GDP,NA,611309535,NA
IND,1976,GDP,NA,625861883,NA
IND,1977,GDP,NA,640801103,NA
IND,1978,GDP,NA,655728229,NA
IND,1979,GDP,NA,671155747,NA
IND,1980,GDP,NA,687354025,NA
IND,1981,GDP,NA,703696250,NA
IND,1982,GDP,NA,720313473,NA
IND,1983,GDP,NA,737372681,NA
IND,1984,GDP,NA,754875449,NA
IND,1985,GDP,NA,772647793,NA
IND,1986,GDP,NA,790689978,NA
IND,1987,GDP,NA,808931270,NA
IND,1988,GDP,NA,827342990,NA
IND,1989,GDP,NA,846039529,NA
IND,1990,GDP,NA,864972221,NA
IND,1991,GDP,NA,883927600,NA
IND,1992,GDP,NA,902957070,NA
IND,1993,GDP,NA,922118387,NA
IND,1994,GDP,NA,941163767,NA
IND,1995,GDP,NA,960301044,NA
IND,1996,GDP,NA,979678458,NA
IND,1997,GDP,NA,999133762,NA
IND,1998,GDP,NA,1018670000,NA
IND,1999,GDP,NA,1038230000,NA
IND,2000,GDP,NA,1057920000,NA
IND,2001,GDP,NA,1077900000,NA
IND,2002,GDP,NA,1097600000,NA
IND,2003,GDP,NA,1116800000,NA
IND,2004,GDP,NA,1135990000,NA
IND,2005,GDP,NA,1154680000,NA
IND,2006,GDP,NA,1172880000,NA
IND,2007,GDP,NA,1190680000,NA
IND,2008,GDP,NA,1207930000,NA
IND,2009,GDP,NA,1225520000,NA
IND,2010,GDP,NA,1243480000,NA
IND,2011,GDP,NA,1261220000,NA
IND,2012,GDP,NA,1278670000,NA
IND,2013,GDP,NA,1295830000,NA
IND,2014,GDP,NA,1312280000,NA
IND,2015,GDP,NA,1328020000,NA
IND,2016,GDP,NA,1343940000,NA
IND,2017,GDP,NA,1359660000,NA
IND,2018,GDP,NA,1374660000,NA
IND,2019,GDP,NA,1389030000,NA
IND,1970,consumption,NA,545864268,NA
IND,1971,consumption,NA,558096387,NA
IND,1972,consumption,NA,570482142,NA
IND,1973,consumption,NA,583465598,NA
IND,1974,consumption,NA,597041391,NA
IND,1975,consumption,NA,611309535,NA
IND,1976,consumption,NA,625861883,NA
IND,1977,consumption,NA,640801103,NA
IND,1978,consumption,NA,655728229,NA
IND,1979,consumption,NA,671155747,NA
IND,1980,consumption,NA,687354025,NA
IND,1981,consumption,NA,703696250,NA
IND,1982,consumption,NA,720313473,NA
IND,1983,consumption,NA,737372681,NA
IND,1984,consumption,NA,754875449,NA
IND,1985,consumption,NA,772647793,NA
IND,1986,consumption,NA,790689978,NA
IND,1987,consumption,NA,808931270,NA
IND,1988,consumption,NA,827342990,NA
IND,1989,consumption,NA,846039529,NA
IND,1990,consumption,NA,864972221,NA
IND,1991,consumption,NA,883927600,NA
IND,1992,consumption,NA,902957070,NA
IND,1993,consumption,NA,922118387,NA
IND,1994,consumption,NA,941163767,NA
IND,1995,consumption,NA,960301044,NA
IND,1996,consumption,NA,979678458,NA
IND,1997,consumption,NA,999133762,NA
IND,1998,consumption,NA,1018670000,NA
IND,1999,consumption,NA,1038230000,NA
IND,2000,consumption,NA,1057920000,NA
IND,2001,consumption,NA,1077900000,NA
IND,2002,consumption,NA,1097600000,NA
IND,2003,consumption,NA,1116800000,NA
IND,2004,consumption,NA,1135990000,NA
IND,2005,consumption,NA,1154680000,NA
IND,2006,consumption,NA,1172880000,NA
IND,2007,consumption,NA,1190680000,NA
IND,2008,consumption,NA,1207930000,NA
IND,2009,consumption,NA,1225520000,NA
IND,2010,consumption,NA,1243480000,NA
IND,2011,consumption,NA,1261220000,NA
IND,2012,consumption,NA,1278670000,NA
IND,2013,consumption,NA,1295830000,NA
IND,2014,consumption,NA,1312280000,NA
IND,2015,consumption,NA,1328020000,NA
IND,2016,consumption,NA,1343940000,NA
IND,2017,consumption,NA,1359660000,NA
IND,2018,consumption,NA,1374660000,NA
IND,2019,consumption,NA,1389030000,NA
ISL,1970,GDP,31373278.279786304,204438,153.46108981591632
ISL,1971,GDP,37405550.17696156,206099,181.49311824395832
ISL,1972,GDP,42798900.70729864,209137,204.64528374844545
ISL,1973,GDP,49516752.90683941,212316,233.22195645565765
ISL,1974,GDP,50570493.39500198,215206,234.98644738065843
ISL,1975,GDP,48343540.847939946,217974,221.78581320680422
ISL,1976,GDP,51496746.054656,220151,233.9155672908867
ISL,1977,GDP,57067355.60711622,221801,257.29079493382005
ISL,1978,GDP,61552620.262625165,223537,275.3576377182532
ISL,1979,GDP,62959467.485699676,225734,278.90998912746716
ISL,1980,GDP,64036325.21208575,228133,280.6973353792996
ISL,1981,GDP,65620406.35687525,230757,284.3701658319152
ISL,1982,GDP,68552643.29706164,233855,293.14166170089004
ISL,1983,GDP,64654851.29171423,236976,272.83290836082233
ISL,1984,GDP,65281114.13590506,239506,272.5656732436977
ISL,1985,GDP,67476638.7480086,241409,279.5116948747089
ISL,1986,GDP,73150908.93868434,243187,300.801066416726
ISL,1987,GDP,80508939.14984389,245864,327.4531413702042
ISL,1988,GDP,78779558.72248673,249734,315.4538778159431
ISL,1989,GDP,80363351.80653732,252851,317.8288866033249
ISL,1990,GDP,81064374.86266237,254820,318.1240674305878
ISL,1991,GDP,82061910.83510043,257795,318.32235239279436
ISL,1992,GDP,78913024.20074129,261053,302.28736770211907
ISL,1993,GDP,78250502.55345336,263730,296.706868969982
ISL,1994,GDP,81913302.44607821,266021,307.9204365297409
ISL,1995,GDP,83094981.1299607,267467,310.6737695863815
ISL,1996,GDP,87086255.55148381,268918,323.8394438136674
ISL,1997,GDP,91556835.13647287,271130,337.6861104874889
ISL,1998,GDP,100887661.59544058,274049,368.13730973453863
ISL,1999,GDP,105045605.87827304,277384,378.7010277387053
ISL,2000,GDP,108976598.68588454,281200,387.5412471048525
ISL,2001,GDP,115578013.31151624,284970,405.57958139985345
ISL,2002,GDP,116940742.98573112,287516,406.7277751002766
ISL,2003,GDP,117772901.00491089,289522,406.78394389687446
ISL,2004,GDP,126140697.76688434,292077,431.87480618769825
ISL,2005,GDP,133650260.39227413,296734,450.40426911737154
ISL,2006,GDP,143866888.8327037,303784,473.5828379134639
ISL,2007,GDP,155330007.04654667,311567,498.54447693929933
ISL,2008,GDP,157254960.0744025,317404,495.44101547051235
ISL,2009,GDP,142914143.5984122,318501,448.7086181783171
ISL,2010,GDP,141270620.34223622,318044,444.18577411375855
ISL,2011,GDP,142464994.18443838,312510,455.8733934416127
ISL,2012,GDP,141830772.5175413,314498,450.97511754459896
ISL,2013,GDP,144981305.88516438,317765,456.2532245060481
ISL,2014,GDP,150894887.42559296,321378,469.524632755176
ISL,2015,GDP,164467448.1464424,324530,506.786577963339
ISL,2016,GDP,176415274.95907897,329272,535.7736915348981
ISL,2017,GDP,182228549.17225787,337346,540.1829254600851
ISL,2018,GDP,191505032.433819,345821,553.7692402538279
ISL,2019,GDP,197111914.5199913,351754,560.3686511595926
ISL,1970,consumption,22587096.544744443,204438,110.4838461770534
ISL,1971,consumption,26965124.69517461,206099,130.83578617642303
ISL,1972,consumption,30976138.38464169,209137,148.11409929683265
ISL,1973,consumption,34072759.50925749,212316,160.48135566446942
ISL,1974,consumption,36786043.62619597,215206,170.93409861340282
ISL,1975,consumption,34920797.96889437,217974,160.20625381419055
ISL,1976,consumption,36036479.26456458,220151,163.68982772989713
ISL,1977,consumption,39916291.336435206,221801,179.96443359784314
ISL,1978,consumption,43878744.648509525,223537,196.29298348152443
ISL,1979,consumption,45850142.218535766,225734,203.11580098051584
ISL,1980,consumption,46142887.19321517,228133,202.26309737396681
ISL,1981,consumption,48411052.91386504,230757,209.79234828787443
ISL,1982,consumption,51927332.45830122,233855,222.04927180646646
ISL,1983,consumption,49064966.501387395,236976,207.04614180924395
ISL,1984,consumption,49574851.75854255,239506,206.98793248829904
ISL,1985,consumption,52700599.4715661,241409,218.304203536596
ISL,1986,consumption,56162835.9037645,243187,230.94505834507808
ISL,1987,consumption,63897605.828305446,245864,259.8900442045417
ISL,1988,consumption,62310186.49655355,249734,249.50622060493785
ISL,1989,consumption,62677750.421871305,252851,247.8841310569122
ISL,1990,consumption,63845725.164043374,254820,250.55225321420366
ISL,1991,consumption,65838185.998819865,257795,255.3896933564261
ISL,1992,consumption,63914423.66616103,261053,244.83313222280927
ISL,1993,consumption,61794218.15349394,263730,234.3086419955786
ISL,1994,consumption,63810252.78794262,266021,239.86923133114536
ISL,1995,consumption,65719474.86622249,267467,245.7105918345908
ISL,1996,consumption,69206525.48162808,268918,257.3517781689142
ISL,1997,consumption,71585227.18277127,271130,264.0254755385655
ISL,1998,consumption,79516768.1522174,274049,290.155293951875
ISL,1999,consumption,85306234.513407,277384,307.5384106992725
ISL,2000,consumption,89549934.7457096,281200,318.4563824527368
ISL,2001,consumption,90367019.15316899,284970,317.110640253953
ISL,2002,consumption,92276392.67384827,287516,320.9435046183457
ISL,2003,consumption,96332446.9741415,289522,332.7292812779046
ISL,2004,consumption,102123707.10430042,292077,349.64652165114137
ISL,2005,consumption,110130605.25658615,296734,371.14252244968947
ISL,2006,consumption,115896773.70617977,303784,381.5104604132534
ISL,2007,consumption,123042343.96356301,311567,394.914557586532
ISL,2008,consumption,119796754.37636173,317404,377.42673178775857
ISL,2009,consumption,110344779.36157635,318501,346.4503388107929
ISL,2010,consumption,107871506.60871194,318044,339.1716448312559
ISL,2011,consumption,109561790.41829467,312510,350.58651057020467
ISL,2012,consumption,110874923.39550036,314498,352.54571855941964
ISL,2013,consumption,111691319.89901064,317765,351.4903148522041
ISL,2014,consumption,115264305.81948337,321378,358.65649117078135
ISL,2015,consumption,120104011.39423731,324530,370.0860055903532
ISL,2016,consumption,126959751.5792256,329272,385.5771264462985
ISL,2017,consumption,133830332.92873603,337346,396.7153395289585
ISL,2018,consumption,141323323.17384708,345821,408.66032766618304
ISL,2019,consumption,146180477.99242365,351754,415.57587971259363
ISR,1970,GDP,393087738.068425,2958200,132.88071735123555
ISR,1971,GDP,445735443.49954915,3045600,146.35390185827066
ISR,1972,GDP,516274948.1257098,3225000,160.08525523277822
ISR,1973,GDP,555049621.059907,3277900,169.3308584947396
ISR,1974,GDP,573343652.4767869,3377200,169.76893653819343
ISR,1975,GDP,580273837.2855453,3455300,167.9373244828366
ISR,1976,GDP,582437992.1351957,3533100,164.85182761178447
ISR,1977,GDP,618828889.4229629,3613000,171.2784083650603
ISR,1978,GDP,677478542.6856468,3692600,183.4692473286158
ISR,1979,GDP,713685950.2362188,3786400,188.48667606069586
ISR,1980,GDP,707841737.0473464,3877700,182.54164505953176
ISR,1981,GDP,772540098.6530796,3949800,195.5896750855941
ISR,1982,GDP,813248644.1773139,4020700,202.26543740575372
ISR,1983,GDP,854133252.4731604,4106100,208.01569676168637
ISR,1984,GDP,883154372.4307145,4159100,212.3426636605791
ISR,1985,GDP,822617965.6727322,4233000,194.3345064192611
ISR,1986,GDP,871686536.6273582,4298800,202.77438741680427
ISR,1987,GDP,942542900.7681048,4368900,215.73917937423718
ISR,1988,GDP,993156379.1403674,4441700,223.59825723042246
ISR,1989,GDP,985449852.792044,4518200,218.10673560091277
ISR,1990,GDP,1045602895.0527993,4660200,224.36867410257057
ISR,1991,GDP,1136041508.9848177,4949100,229.5450706158327
ISR,1992,GDP,1224111343.2023444,5123500,238.92092187027313
ISR,1993,GDP,1276876927.2728252,5261400,242.68767386490768
ISR,1994,GDP,1375196464.0585437,5399300,254.69902840341223
ISR,1995,GDP,1454469391.4737315,5544900,262.3075964352345
ISR,1996,GDP,1509320474.5468614,5685100,265.4870581954339
ISR,1997,GDP,1553566271.5733788,5828900,266.52820799351144
ISR,1998,GDP,1637125535.4686117,5970700,274.19323286526065
ISR,1999,GDP,1707556419.851628,6125300,278.7710675153263
ISR,2000,GDP,1871526353.6494539,6289200,297.57780856857056
ISR,2001,GDP,1887743894.2139032,6439037,293.17177307940665
ISR,2002,GDP,1865814135.6010065,6569957,283.99183367577695
ISR,2003,GDP,1867097708.9096434,6689748,279.0983619875731
ISR,2004,GDP,1966857292.7587986,6808969,288.8627180941489
ISR,2005,GDP,2046366873.3428574,6930128,295.28558106615884
ISR,2006,GDP,2144425800.531056,7053707,304.0140171020792
ISR,2007,GDP,2287113039.9027233,7180160,318.53232238595285
ISR,2008,GDP,2289239130.944874,7331353,312.25329498455113
ISR,2009,GDP,2341053348.5934434,7485565,312.74237129641426
ISR,2010,GDP,2434452463.0298796,7623561,319.3327190573906
ISR,2011,GDP,2517968386.0927057,7765832,324.2367831409057
ISR,2012,GDP,2623214974.763322,7910525,331.610730610588
ISR,2013,GDP,2738396076.93744,8059456,339.7743069677953
ISR,2014,GDP,2848862856.797859,8215668,346.75973478941205
ISR,2015,GDP,2999767730.015227,8380149,357.961144845423
ISR,2016,GDP,3159527960.5760155,8546009,369.7080076297621
ISR,2017,GDP,3287625319.798322,8713268,377.3125444779527
ISR,2018,GDP,3418073663.9649405,8882764,384.79843255600855
ISR,2019,GDP,3578573124.855248,9054026,395.2466145839705
ISR,1970,consumption,338929769.6537748,2958200,114.57297331274924
ISR,1971,consumption,358485101.3677225,3045600,117.70590404771556
ISR,1972,consumption,392212131.733147,3225000,121.6161648784952
ISR,1973,consumption,477939953.23296314,3277900,145.80675225997228
ISR,1974,consumption,489993766.7998992,3377200,145.08876193293239
ISR,1975,consumption,514506671.3074233,3455300,148.9036180092679
ISR,1976,consumption,504091704.25371915,3533100,142.67688552651188
ISR,1977,consumption,512875724.31514007,3613000,141.95287138531415
ISR,1978,consumption,574616605.8684797,3692600,155.61301139264467
ISR,1979,consumption,591312353.3591628,3786400,156.16742905112054
ISR,1980,consumption,588596640.4635986,3877700,151.7901437614046
ISR,1981,consumption,664422220.912084,3949800,168.21667449290698
ISR,1982,consumption,679476877.2190931,4020700,168.99467187780562
ISR,1983,consumption,702348226.6787225,4106100,171.04995657161845
ISR,1984,consumption,720723730.4437246,4159100,173.28838701731735
ISR,1985,consumption,676225716.8780352,4233000,159.75093713159347
ISR,1986,consumption,708043619.0529201,4298800,164.7072715764679
ISR,1987,consumption,797819460.162142,4368900,182.6133489350047
ISR,1988,consumption,820040969.1984845,4441700,184.62322290980583
ISR,1989,consumption,803360471.4959917,4518200,177.80542505776452
ISR,1990,consumption,846255791.5310252,4660200,181.5921616091638
ISR,1991,consumption,894871058.2557107,4949100,180.8149074085613
ISR,1992,consumption,943094759.4495682,5123500,184.0723644870827
ISR,1993,consumption,1001544706.0042375,5261400,190.35707340332183
ISR,1994,consumption,1082634909.4788835,5399300,200.51393874740864
ISR,1995,consumption,1145741547.4675648,5544900,206.6297944899935
ISR,1996,consumption,1177479879.9474847,5685100,207.1168281907943
ISR,1997,consumption,1196098742.7431464,5828900,205.20145185938108
ISR,1998,consumption,1256814996.0040622,5970700,210.49709347380747
ISR,1999,consumption,1306101869.0879972,6125300,213.23067753220204
ISR,2000,consumption,1405142598.2080157,6289200,223.4215159651491
ISR,2001,consumption,1464843777.7022963,6439037,227.49423208816725
ISR,2002,consumption,1483660021.1457336,6569957,225.8249210985298
ISR,2003,consumption,1468705418.2169216,6689748,219.54570160444334
ISR,2004,consumption,1529832877.6668143,6808969,224.67907809050303
ISR,2005,consumption,1575424025.6429567,6930128,227.32971535921945
ISR,2006,consumption,1645479435.1640463,7053707,233.2786767530954
ISR,2007,consumption,1759126938.2850559,7180160,244.99829227831356
ISR,2008,consumption,1780514628.7971494,7331353,242.86303343968697
ISR,2009,consumption,1799151871.0713367,7485565,240.34950883084133
ISR,2010,consumption,1874775354.2805743,7623561,245.91858768895196
ISR,2011,consumption,1940569503.0711067,7765832,249.88558895828632
ISR,2012,consumption,2009287646.3926826,7910525,254.0018072621833
ISR,2013,consumption,2085396516.3619494,8059456,258.75152322463816
ISR,2014,consumption,2161113172.1992073,8215668,263.0477731328977
ISR,2015,consumption,2250599302.9938135,8380149,268.56316074974484
ISR,2016,consumption,2378034349.590461,8546009,278.2625608737904
ISR,2017,consumption,2467998217.552567,8713268,283.24598962783733
ISR,2018,consumption,2569218009.4391074,8882764,289.2363243511938
ISR,2019,consumption,2665044107.927937,9054026,294.3490672467626
JPN,1970,GDP,24471398652.920002,104665171,233.80651289357758
JPN,1971,GDP,25311866022.68368,106100000,238.56612650974253
JPN,1972,GDP,27637402663.32682,107595000,256.8651207149665
JPN,1973,GDP,30152721932.91046,109104000,276.36678703723476
JPN,1974,GDP,29202770587.045273,110573000,264.10399091139135
JPN,1975,GDP,28877671901.43253,111939643,257.97537965555716
JPN,1976,GDP,29646801297.616196,113094000,262.14300756553126
JPN,1977,GDP,30547075106.53887,114165000,267.56952749563237
JPN,1978,GDP,32284208949.36688,115190000,280.2691982756045
JPN,1979,GDP,33732989732.65358,116155000,290.41358299387525
JPN,1980,GDP,33932419216.200348,117060396,289.87104414203714
JPN,1981,GDP,34678522256.692635,117902000,294.1300593432905
JPN,1982,GDP,35471769862.45544,118728000,298.7649910927114
JPN,1983,GDP,36413066645.459755,119536000,304.6200863794987
JPN,1984,GDP,37713949789.13607,120305000,313.48613764295806
JPN,1985,GDP,39357478427.3166,121048923,325.13695662799574
JPN,1986,GDP,41060315228.47887,121660000,337.50053615386213
JPN,1987,GDP,42843744557.14993,122239000,350.49161525495083
JPN,1988,GDP,45679004029.09027,122745000,372.1455377334333
JPN,1989,GDP,47823589062.02596,123205000,388.1627292887948
JPN,1990,GDP,49894251847.158806,123611167,403.638708848682
JPN,1991,GDP,51467834565.77201,124101000,414.72538146970624
JPN,1992,GDP,51905045227.60832,124567000,416.6837543459209
JPN,1993,GDP,51294991677.02698,124938000,410.56357294839825
JPN,1994,GDP,51591305917.90175,125265000,411.8573098463398
JPN,1995,GDP,52505991714.55649,125570246,418.14039063486814
JPN,1996,GDP,53991345715.6334,125864000,428.96575443044395
JPN,1997,GDP,53854740184.09258,126166000,426.85620677593477
JPN,1998,GDP,52464156016.33682,126486000,414.782315958579
JPN,1999,GDP,51755911823.52736,126686000,408.5369482304861
JPN,2000,GDP,53021228875.64476,126925843,417.7339115694883
JPN,2001,GDP,53003231559.99019,127291000,416.3941799498015
JPN,2002,GDP,52783925842.69204,127435000,414.2027374166598
JPN,2003,GDP,52705507664.7029,127619000,412.9910723693408
JPN,2004,GDP,53149740462.827896,127687000,416.25020920554084
JPN,2005,GDP,53577531010.087234,127767994,419.33452449826547
JPN,2006,GDP,53758218016.600334,127900515,420.3127564935945
JPN,2007,GDP,54132888564.5806,128032743,422.80503640057606
JPN,2008,GDP,52296967767.562454,128083960,408.30223993357527
JPN,2009,GDP,49625869629.02951,128031514,387.6066765017674
JPN,2010,GDP,51075695033.40969,128057352,398.8501576497513
JPN,2011,GDP,50311928219.72459,127834233,393.5716360086784
JPN,2012,GDP,50759471044.41031,127592657,397.82439082219526
JPN,2013,GDP,51508549288.22846,127413888,404.2616554345195
JPN,2014,GDP,51456389496.040565,127237150,404.4132511301972
JPN,2015,GDP,53046263313.48454,127094745,417.37574054288825
JPN,2016,GDP,53801300739.00359,127041812,423.49286342833017
JPN,2017,GDP,54423088211.099236,126918546,428.80327522109525
JPN,2018,GDP,54274806711.81133,126748506,428.20865053676715
JPN,2019,GDP,54276367235.636505,126555078,428.87545955000326
JPN,1970,consumption,13553809742.917486,104665171,129.49684802901135
JPN,1971,consumption,14477466611.706375,106100000,136.45114619892908
JPN,1972,consumption,15985284431.591496,107595000,148.56902673536405
JPN,1973,consumption,17388501183.699196,109104000,159.37546912761397
JPN,1974,consumption,17331309517.334255,110573000,156.74088174630566
JPN,1975,consumption,18197576796.9522,111939643,162.5659713507591
JPN,1976,consumption,18704219202.155876,113094000,165.38648559743112
JPN,1977,consumption,19312082787.022038,114165000,169.15939900163832
JPN,1978,consumption,20342436764.567944,115190000,176.598982242972
JPN,1979,consumption,21573607396.783558,116155000,185.73119880145975
JPN,1980,consumption,21791544752.393204,117060396,186.156424350326
JPN,1981,consumption,22143476479.92609,117902000,187.81256026128557
JPN,1982,consumption,23072691886.95277,118728000,194.3323553580686
JPN,1983,consumption,23837487523.170315,119536000,199.41680768279275
JPN,1984,consumption,24410306126.319256,120305000,202.90350464502103
JPN,1985,consumption,25230036915.09115,121048923,208.42842951267852
JPN,1986,consumption,26158166102.64183,121660000,215.01040689332427
JPN,1987,consumption,27288373816.453545,122239000,223.2378685726613
JPN,1988,consumption,28560918204.43885,122745000,232.68498272384903
JPN,1989,consumption,29800469553.33744,123205000,241.87711175145034
JPN,1990,consumption,31077269988.438835,123611167,251.41150870648147
JPN,1991,consumption,31821915650.71819,124101000,256.4194942080901
JPN,1992,consumption,32664413450.310204,124567000,262.2236503272151
JPN,1993,consumption,33123472950.28939,124938000,265.1192827665673
JPN,1994,consumption,33995437617.869488,125265000,271.38815804789436
JPN,1995,consumption,34901476138.023506,125570246,277.9438382084838
JPN,1996,consumption,35688295145.268684,125864000,283.54648783821176
JPN,1997,consumption,35750223433.78641,126166000,283.35861827898486
JPN,1998,consumption,35449362685.639915,126486000,280.2631333557857
JPN,1999,consumption,35856747764.41556,126686000,283.0363873231104
JPN,2000,consumption,36586549447.19129,126925843,288.2513803527883
JPN,2001,consumption,37318167281.66573,127291000,293.172080364407
JPN,2002,consumption,37770020285.18715,127435000,296.3865522437882
JPN,2003,consumption,37748699395.42053,127619000,295.7921578716377
JPN,2004,consumption,37974320017.88698,127687000,297.40161502648647
JPN,2005,consumption,38365529811.172226,127767994,300.27496409759885
JPN,2006,consumption,38507734970.07303,127900515,301.075683472213
JPN,2007,consumption,38680130716.58131,128032743,302.11123975201644
JPN,2008,consumption,38022878743.72663,128083960,296.85901922244307
JPN,2009,consumption,37664292911.65687,128031514,294.17986037138377
JPN,2010,consumption,38359024433.286766,128057352,299.54566320633245
JPN,2011,consumption,38333030594.487144,127834233,299.865143278852
JPN,2012,consumption,38901907002.08909,127592657,304.8914249202373
JPN,2013,consumption,39667164618.9853,127413888,311.3252820523403
JPN,2014,consumption,39210101255.61885,127237150,308.1655102744666
JPN,2015,consumption,39249590195.412,127094745,308.8215031660987
JPN,2016,consumption,39259588455.8529,127041812,309.02887669653904
JPN,2017,consumption,39523470240.43717,126918546,311.4081549629254
JPN,2018,consumption,39536438408.67701,126748506,311.92824007469574
JPN,2019,consumption,39599135380.98705,126555078,312.90040673821915
KOR,1970,GDP,671280868.0377359,32240827,20.82083279184296
KOR,1971,GDP,728016671.4972163,32882704,22.13980551895052
KOR,1972,GDP,810366230.7373371,33505406,24.18613374621806
KOR,1973,GDP,1018760520.1363741,34103149,29.872916431745764
KOR,1974,GDP,1174960413.6914904,34692266,33.86807923389871
KOR,1975,GDP,1250571188.5649066,35280725,35.4463007368728
KOR,1976,GDP,1488445350.3948007,35848523,41.52040937348522
KOR,1977,GDP,1738922372.0110629,36411795,47.75711749478604
KOR,1978,GDP,2054382972.0876427,36969185,55.57014502991188
KOR,1979,GDP,2237778223.719787,37534236,59.61965560507978
KOR,1980,GDP,2132994313.8874025,38123775,55.949189551333845
KOR,1981,GDP,2199840893.9095116,38723248,56.809307264450325
KOR,1982,GDP,2370191554.6870995,39326352,60.26980470212695
KOR,1983,GDP,2726955123.029841,39910403,68.32692526381759
KOR,1984,GDP,3083291944.3081403,40405956,76.3078577897808
KOR,1985,GDP,3379153315.480992,40805744,82.81072673202557
KOR,1986,GDP,3852181879.3925133,41213674,93.46853860668945
KOR,1987,GDP,4426943161.23172,41621690,106.36144666955427
KOR,1988,GDP,4958905967.917713,42031247,117.98141434913204
KOR,1989,GDP,5328504513.849337,42449038,125.52709707695465
KOR,1990,GDP,5942845847.989632,42869283,138.62713421145
KOR,1991,GDP,6572885506.997132,43295704,151.81380367431217
KOR,1992,GDP,7091334390.031065,43747962,162.0951940579784
KOR,1993,GDP,7692738099.853894,44194628,174.06500400577858
KOR,1994,GDP,8558466188.058353,44641540,191.71529898068823
KOR,1995,GDP,9621017492.209799,45092991,213.3594884448849
KOR,1996,GDP,10296541564.69077,45524681,226.17493057646618
KOR,1997,GDP,10882795157.28832,45953580,236.82148718964487
KOR,1998,GDP,10055160168.981247,46286503,217.23741300960342
KOR,1999,GDP,10982297207.245708,46616677,235.58730295695912
KOR,2000,GDP,11837397938.105408,47008111,251.81607357303525
KOR,2001,GDP,12334171655.528784,47370164,260.37848751228273
KOR,2002,GDP,13321323561.29425,47644736,279.59696452708334
KOR,2003,GDP,13737534219.157053,47892330,286.8420521439874
KOR,2004,GDP,14403629753.945698,48082519,299.5606314624593
KOR,2005,GDP,14794997438.829533,48184561,307.04850540880784
KOR,2006,GDP,15204643932.331429,48438292,313.89719382201645
KOR,2007,GDP,16089198612.535044,48683638,330.48472286592556
KOR,2008,GDP,16297896439.634878,49054708,332.23918975595325
KOR,2009,GDP,16550680816.245863,49307835,335.66026203028105
KOR,2010,GDP,17668287085.309265,49554112,356.54532736474556
KOR,2011,GDP,17835474751.17377,49936638,357.1621051295798
KOR,2012,GDP,18129674632.26374,50199853,361.1499546077105
KOR,2013,GDP,18684929229.587463,50428893,370.5203132178107
KOR,2014,GDP,19243031429.55857,50746659,379.19799665153465
KOR,2015,GDP,20300988058.67594,51014947,397.9419611800428
KOR,2016,GDP,21171098087.777954,51217803,413.354280107992
KOR,2017,GDP,21913948109.65489,51361911,426.6575694517069
KOR,2018,GDP,22407357765.772,51585058,434.37690359429274
KOR,2019,GDP,22695802188.44382,51764822,438.44064968375284
KOR,1970,consumption,559551409.0349286,32240827,17.355367746457887
KOR,1971,consumption,620699556.4174436,32882704,18.876171388382282
KOR,1972,consumption,671661318.5912622,33505406,20.046356656333675
KOR,1973,consumption,786569518.1971651,34103149,23.064424877513954
KOR,1974,consumption,915606755.6775295,34692266,26.392244187149075
KOR,1975,consumption,997794421.8483508,35280725,28.281573631164065
KOR,1976,consumption,1114926532.975528,35848523,31.10104516650597
KOR,1977,consumption,1244097641.4378464,36411795,34.16743506981313
KOR,1978,consumption,1425923635.9229834,36969185,38.570599701426566
KOR,1979,consumption,1556793529.048057,37534236,41.476627606009004
KOR,1980,consumption,1582710126.974932,38123775,41.515042174468086
KOR,1981,consumption,1634481462.406761,38723248,42.209306988059495
KOR,1982,consumption,1724292329.1371117,39326352,43.84572281550833
KOR,1983,consumption,1880402129.7350783,39910403,47.11558862823506
KOR,1984,consumption,2048091625.302204,40405956,50.687864563882705
KOR,1985,consumption,2226336392.1578717,40805744,54.55938732933951
KOR,1986,consumption,2422199449.504454,41213674,58.77174283235351
KOR,1987,consumption,2661532188.398046,41621690,63.94579817393397
KOR,1988,consumption,2891643485.861322,42031247,68.79747074507026
KOR,1989,consumption,3244493787.2676196,42449038,76.43268116624031
KOR,1990,consumption,3604836477.772679,42869283,84.0890312481475
KOR,1991,consumption,3983509682.200811,43295704,92.00704259713183
KOR,1992,consumption,4362901140.309699,43747962,99.7281002554976
KOR,1993,consumption,4729852858.401888,44194628,107.02325310673251
KOR,1994,consumption,5288869817.148281,44641540,118.47417936630951
KOR,1995,consumption,5948698861.641454,45092991,131.92069831077416
KOR,1996,consumption,6544538697.573391,45524681,143.75803528581324
KOR,1997,consumption,6916811977.1783,45953580,150.51736942319403
KOR,1998,consumption,6191861569.655288,46286503,133.77250749868244
KOR,1999,consumption,6970636282.195706,46616677,149.53095610387902
KOR,2000,consumption,7714026952.911557,47008111,164.0999135853716
KOR,2001,consumption,8241419530.666058,47370164,173.97912176673185
KOR,2002,consumption,9004437121.917446,47644736,188.99122710885513
KOR,2003,consumption,9086430010.733341,47892330,189.72620481679093
KOR,2004,consumption,9209476763.172422,48082519,191.53482293996333
KOR,2005,consumption,9638140433.105019,48184561,200.02549017941698
KOR,2006,consumption,10100113963.916725,48438292,208.5150724124774
KOR,2007,consumption,10613421830.658072,48683638,218.0079851603956
KOR,2008,consumption,10864216579.830544,49054708,221.47143511343586
KOR,2009,consumption,11005710199.706547,49307835,223.2040851054715
KOR,2010,consumption,11432246940.156229,49554112,230.7022864249132
KOR,2011,consumption,11745842946.061277,49936638,235.21493269253082
KOR,2012,consumption,12011861412.763275,50199853,239.28080850681525
KOR,2013,consumption,12294830496.739779,50428893,243.8052823554897
KOR,2014,consumption,12617583088.468576,50746659,248.6386953763513
KOR,2015,consumption,13020993956.586123,51014947,255.23880200416795
KOR,2016,consumption,13484158327.46789,51217803,263.27092412511115
KOR,2017,consumption,13921726207.41866,51361911,271.05156206938364
KOR,2018,consumption,14464882366.65806,51585058,280.4083765236449
KOR,2019,consumption,15017544839.108028,51764822,290.11101089284205
MEX,1970,GDP,5043393550.491619,51560567,97.81493579175766
MEX,1971,GDP,5274187038.250149,53133584,99.26277584154964
MEX,1972,GDP,5792045393.30041,54758696,105.77398324643104
MEX,1973,GDP,6322193676.362376,56414565,112.06669193252445
MEX,1974,GDP,6651109148.23908,58097331,114.4821807431925
MEX,1975,GDP,7074853374.351853,59792538,118.32334955160881
MEX,1976,GDP,7612570046.04513,61476071,123.82980763434166
MEX,1977,GDP,7956035285.433923,63139218,126.0078210888504
MEX,1978,GDP,8561519353.593803,64788304,132.1460637956166
MEX,1979,GDP,9506510532.652893,66431403,143.10266084027901
MEX,1980,GDP,10489129465.485357,68072118,154.0884840028829
MEX,1981,GDP,11239111078.997528,69715468,161.2140232494391
MEX,1982,GDP,11308550943.748259,71369508,158.45073422319598
MEX,1983,GDP,10221926273.830156,73034559,139.96012865402741
MEX,1984,GDP,10184411622.394154,74707346,136.3240988696634
MEX,1985,GDP,10381732470.449936,76375259,135.9305697470687
MEX,1986,GDP,9315111739.99128,78028665,119.38063710293235
MEX,1987,GDP,9808513537.566645,79665004,123.12198638145608
MEX,1988,GDP,9250589003.858553,81282371,113.80806059235837
MEX,1989,GDP,10162667938.307545,82889981,122.60429807925212
MEX,1990,GDP,10802419776.207445,84502988,127.83476693401002
MEX,1991,GDP,11312518840.425812,86127477,131.34622346392212
MEX,1992,GDP,11611686051.93735,87753131,132.3221851985811
MEX,1993,GDP,12958195364.181082,89364560,145.00373933672455
MEX,1994,GDP,13703992977.734913,90953505,150.6703120207947
MEX,1995,GDP,13257940527.32451,92506744,143.3186376911559
MEX,1996,GDP,13277353261.802704,94005638,141.23996756239987
MEX,1997,GDP,13891941826.7113,95438019,145.55983005799084
MEX,1998,GDP,14724151327.236488,96799183,152.1102851378042
MEX,1999,GDP,14965440051.104784,98085415,152.57558986832836
MEX,2000,GDP,15891282984.149767,99368858,159.92216579715313
MEX,2001,GDP,15835295058.208284,100739263,157.19089644529447
MEX,2002,GDP,15868762725.205412,102167274,155.32138721059948
MEX,2003,GDP,16015849247.730066,103587899,154.61119882091697
MEX,2004,GDP,17130182939.582075,104970581,163.190322244497
MEX,2005,GDP,17811273864.972946,106370948,167.44491047473738
MEX,2006,GDP,19113424421.935257,107885646,177.16373892719017
MEX,2007,GDP,19916099882.446106,109538665,181.8179898618091
MEX,2008,GDP,20330669781.388,111275915,182.70503353208105
MEX,2009,GDP,19041054214.00688,113030218,168.45985569988798
MEX,2010,GDP,20029145205.548588,114756059,174.5367118746086
MEX,2011,GDP,21172230467.384968,116446180,181.81987994269085
MEX,2012,GDP,22015225164.220295,118060514,186.4740751867326
MEX,2013,GDP,21753118112.691883,119597654,181.885826227761
MEX,2014,GDP,22372738438.698124,121048604,184.82442340845273
MEX,2015,GDP,23090237541.571125,122368490,188.69430800013242
MEX,2016,GDP,24243631291.59243,123587407,196.16587061813206
MEX,2017,GDP,24819952074.673195,124777172,198.91420583464733
MEX,2018,GDP,25383032636.646675,125995825,201.45931531181034
MEX,2019,GDP,25450005940.314426,127215666,200.05402432365858
MEX,1970,consumption,4040397580.4474573,51560567,78.36216348139573
MEX,1971,consumption,4312531079.814489,53133584,81.1639410549548
MEX,1972,consumption,4705821387.322202,54758696,85.9374260358976
MEX,1973,consumption,5081986720.218327,56414565,90.08288409594803
MEX,1974,consumption,5300205603.570954,58097331,91.22976068506408
MEX,1975,consumption,5631559209.573069,59792538,94.18498357726625
MEX,1976,consumption,6057502849.520465,61476071,98.53431995549073
MEX,1977,consumption,6168171380.611515,63139218,97.69160239855228
MEX,1978,consumption,6627785426.910135,64788304,102.2991036609036
MEX,1979,consumption,7198560011.409525,66431403,108.36080056008338
MEX,1980,consumption,7676770800.390448,68072118,112.77408469045209
MEX,1981,consumption,8229951011.702267,69715468,118.05057396591337
MEX,1982,consumption,7942121206.388829,71369508,111.28171440370346
MEX,1983,consumption,6938974835.268846,73034559,95.00947127330289
MEX,1984,consumption,7176089576.655122,74707346,96.05601002952403
MEX,1985,consumption,7460047057.300725,76375259,97.67622597915805
MEX,1986,consumption,7039519261.911005,78028665,90.2170921662059
MEX,1987,consumption,7132532429.91986,79665004,89.53156432302269
MEX,1988,consumption,7035189077.969618,81282371,86.5524589331876
MEX,1989,consumption,7837865860.480749,82889981,94.55745755908364
MEX,1990,consumption,8422128333.446108,84502988,99.66663348574264
MEX,1991,consumption,9002643436.131777,86127477,104.52696107807473
MEX,1992,consumption,9491907966.278452,87753131,108.16603189096982
MEX,1993,consumption,10321383348.530415,89364560,115.4975008944308
MEX,1994,consumption,10855568582.811708,90953505,119.35294393340541
MEX,1995,consumption,10187531546.670755,92506744,110.1274469964131
MEX,1996,consumption,10158897275.52915,94005638,108.06689355726887
MEX,1997,consumption,10659585943.606363,95438019,111.69119031699897
MEX,1998,consumption,11205167975.67733,96799183,115.75684451466218
MEX,1999,consumption,11439898252.897146,98085415,116.63200133166737
MEX,2000,consumption,12402543540.419353,99368858,124.81318382887477
MEX,2001,consumption,12448492027.780357,100739263,123.57140261965543
MEX,2002,consumption,12615243828.935484,102167274,123.47636708928422
MEX,2003,consumption,12996469907.921751,103587899,125.46320596696097
MEX,2004,consumption,13693021771.80577,104970581,130.44627972294228
MEX,2005,consumption,14481095284.378336,106370948,136.13769132130267
MEX,2006,consumption,15131414557.3084,107885646,140.25419616348591
MEX,2007,consumption,15787663106.385212,109538665,144.12867918725513
MEX,2008,consumption,16373088710.387434,111275915,147.13955585435926
MEX,2009,consumption,15328557162.31278,113030218,135.61468281263316
MEX,2010,consumption,16387227804.89675,114756059,142.80054532804016
MEX,2011,consumption,17198360088.48055,116446180,147.69363914282587
MEX,2012,consumption,17746841688.76176,118060514,150.3198748462315
MEX,2013,consumption,17937754219.285637,119597654,149.9841645663521
MEX,2014,consumption,18471447453.161232,121048604,152.59529513583843
MEX,2015,consumption,18714753046.948128,122368490,152.93768066393667
MEX,2016,consumption,19517154958.184723,123587407,157.92187433938736
MEX,2017,consumption,19719791474.670715,124777172,158.04005779735667
MEX,2018,consumption,19963071794.4496,125995825,158.4423277076808
MEX,2019,consumption,19909534647.22048,127215666,156.502223925947
NOR,1970,GDP,713240924.8380629,3875757,184.0262237385014
NOR,1971,GDP,755314782.463791,3903034,193.51990847730022
NOR,1972,GDP,782506255.8490384,3933001,198.95907879226024
NOR,1973,GDP,827475833.3433485,3960614,208.92614966854848
NOR,1974,GDP,875626045.2522078,3985262,219.7160551181347
NOR,1975,GDP,895935910.3198187,4007319,223.5748914223746
NOR,1976,GDP,937206900.5192132,4026151,232.77986854422826
NOR,1977,GDP,967868355.0682396,4043204,239.38152887369512
NOR,1978,GDP,987563717.3942177,4058674,243.3217640525496
NOR,1979,GDP,1042394516.3501436,4072514,255.95848567988804
NOR,1980,GDP,1111648274.401786,4085620,272.0880244373647
NOR,1981,GDP,1122804721.590075,4099703,273.87464935632534
NOR,1982,GDP,1117171605.3765197,4114786,271.50175133689083
NOR,1983,GDP,1145108359.9159555,4128434,277.37111939199116
NOR,1984,GDP,1214696661.5794375,4140098,293.39804554854436
NOR,1985,GDP,1275822610.005501,4152518,307.24071756112824
NOR,1986,GDP,1231566553.766202,4167357,295.52700998887354
NOR,1987,GDP,1235771097.4607189,4186905,295.15145374942085
NOR,1988,GDP,1211009314.532254,4209489,287.6855871418726
NOR,1989,GDP,1236041108.7996128,4226909,292.42198230423526
NOR,1990,GDP,1256351553.006634,4241476,296.2062152436166
NOR,1991,GDP,1276924016.8044827,4261738,299.62518033827575
NOR,1992,GDP,1283588128.7716494,4286397,299.4561933417855
NOR,1993,GDP,1320563461.528227,4311984,306.25425825518533
NOR,1994,GDP,1366043326.446873,4336614,315.00228667962443
NOR,1995,GDP,1431337664.6437986,4359187,328.3496818658614
NOR,1996,GDP,1547110856.6047482,4381339,353.11370715773154
NOR,1997,GDP,1629646055.4606924,4405158,369.9404324341357
NOR,1998,GDP,1625047590.0377297,4431465,366.7066286290718
NOR,1999,GDP,1730517265.4632425,4461915,387.8418269875698
NOR,2000,GDP,2003935552.1860049,4490973,446.2141171158243
NOR,2001,GDP,2022066817.645672,4513747,447.97965363270737
NOR,2002,GDP,1994891417.7086864,4538157,439.581842961512
NOR,2003,GDP,2025107200.272588,4564856,443.63002913401607
NOR,2004,GDP,2224717527.232591,4591909,484.4864145244584
NOR,2005,GDP,2454856099.261192,4623293,530.9756702119446
NOR,2006,GDP,2682234998.9423976,4660673,575.5037950404153
NOR,2007,GDP,2838117373.9277234,4709156,602.6806871396325
NOR,2008,GDP,3046610247.5706677,4768215,638.9414587158229
NOR,2009,GDP,2785870251.4812846,4828716,576.9381035209535
NOR,2010,GDP,2908304607.913202,4889253,594.8361862053778
NOR,2011,GDP,3102606889.907549,4953089,626.3983727947447
NOR,2012,GDP,3274340370.105389,5018574,652.444373661799
NOR,2013,GDP,3330846839.6095686,5080171,655.6564414090724
NOR,2014,GDP,3343725461.0134916,5137427,650.8560532370566
NOR,2015,GDP,3253015650.8179803,5189898,626.7976077406493
NOR,2016,GDP,3130333822.5080357,5236152,597.8309687167285
NOR,2017,GDP,3281462654.2313867,5276965,621.8465830702661
NOR,2018,GDP,3433373609.7243266,5311916,646.3531444631893
NOR,2019,GDP,3393624088.1262503,5347893,634.5721741490061
NOR,1970,consumption,481981967.9356198,3875757,124.35814937201165
NOR,1971,consumption,516061131.9268342,3903034,132.22050638729618
NOR,1972,consumption,532299416.6862782,3933001,135.34179540922523
NOR,1973,consumption,555629665.9337848,3960614,140.28876985583165
NOR,1974,consumption,579558412.8384255,3985262,145.42542318131794
NOR,1975,consumption,613254001.230001,4007319,153.0334872841421
NOR,1976,consumption,652347834.5562667,4026151,162.02766228993067
NOR,1977,consumption,688594243.1141642,4043204,170.30905270032486
NOR,1978,consumption,690126652.3941346,4058674,170.03746849195934
NOR,1979,consumption,721555444.9661485,4072514,177.17690963521514
NOR,1980,consumption,732014612.7040627,4085620,179.1685503556529
NOR,1981,consumption,731230420.8124236,4099703,178.36180348001395
NOR,1982,consumption,740454557.3129603,4114786,179.94971240617622
NOR,1983,consumption,755282225.760137,4128434,182.94642127260286
NOR,1984,consumption,775387944.6123515,4140098,187.28734068912175
NOR,1985,consumption,834217439.1199042,4152518,200.8943583435169
NOR,1986,consumption,869693937.9080199,4167357,208.6919690124988
NOR,1987,consumption,875286023.6549916,4186905,209.05323231718694
NOR,1988,consumption,852210319.213713,4209489,202.44982685872634
NOR,1989,consumption,856205715.4675035,4226909,202.56071646385186
NOR,1990,consumption,871272890.1089376,4241476,205.41738067336408
NOR,1991,consumption,898884766.2943661,4261738,210.91976238200616
NOR,1992,consumption,927441907.4302971,4286397,216.36864420871356
NOR,1993,consumption,952020866.2330625,4311984,220.78487912595745
NOR,1994,consumption,977008874.2925385,4336614,225.29302222714279
NOR,1995,consumption,1008573804.9536523,4359187,231.3674097839006
NOR,1996,consumption,1069223616.1244684,4381339,244.04037581307185
NOR,1997,consumption,1102834574.7793715,4405158,250.3507421934404
NOR,1998,consumption,1148988801.0600386,4431465,259.27967411680754
NOR,1999,consumption,1193511600.5067978,4461915,267.4886456839267
NOR,2000,consumption,1242127902.7780738,4490973,276.58324883673845
NOR,2001,consumption,1282480499.9486022,4513747,284.1276881377273
NOR,2002,consumption,1342289245.5351286,4538157,295.7784945596039
NOR,2003,consumption,1389136456.5202,4564856,304.3111231811474
NOR,2004,consumption,1469519286.2321248,4591909,320.02360809679044
NOR,2005,consumption,1532249959.0145307,4623293,331.4196091432082
NOR,2006,consumption,1609880746.3067613,4660673,345.41808582296187
NOR,2007,consumption,1709347863.1194756,4709156,362.98391115509355
NOR,2008,consumption,1750856271.760076,4768215,367.1932309596098
NOR,2009,consumption,1796316649.5013607,4828716,372.00710282016183
NOR,2010,consumption,1860026573.158012,4889253,380.43164736167506
NOR,2011,consumption,1918670820.6695566,4953089,387.3685331859687
NOR,2012,consumption,2002652844.591121,5018574,399.0481847216203
NOR,2013,consumption,2070906814.5451221,5080171,407.6450998490252
NOR,2014,consumption,2132554292.3494542,5137427,415.10162428574733
NOR,2015,consumption,2202275838.2669606,5189898,424.3389442850246
NOR,2016,consumption,2222876280.7945213,5236152,424.5247809449614
NOR,2017,consumption,2284927060.656788,5276965,433.00023037044735
NOR,2018,consumption,2321408062.671407,5311916,437.01897068240675
NOR,2019,consumption,2361106013.5073028,5347893,441.5021043815392
NZL,1970,GDP,585645154.412837,2828020,207.08663814712662
NZL,1971,GDP,627046026.8441092,2875305,218.07983043333113
NZL,1972,GDP,673303458.1270362,2929135,229.86426304251466
NZL,1973,GDP,727729042.2492391,2992335,243.1977175848423
NZL,1974,GDP,719594548.1290404,3058435,235.28194914361114
NZL,1975,GDP,706707553.4817356,3117765,226.6712062909602
NZL,1976,GDP,741257105.5002358,3153535,235.0559310425398
NZL,1977,GDP,725970154.9791322,3164830,229.3867774822446
NZL,1978,GDP,734996975.2007111,3165705,232.1748157837547
NZL,1979,GDP,754578301.881979,3164620,238.44199363019226
NZL,1980,GDP,749614849.5363736,3170245,236.45328658711665
NZL,1981,GDP,791156708.1820965,3185460,248.36497968334135
NZL,1982,GDP,770500636.1561123,3210645,239.9831299181667
NZL,1983,GDP,800211084.5508986,3245770,246.53967611719207
NZL,1984,GDP,851425817.30135715,3278850,259.67208542670664
NZL,1985,GDP,851847547.1286678,3298050,258.28824521419256
NZL,1986,GDP,903753831.8156202,3308310,273.17688844625206
NZL,1987,GDP,878822575.7908249,3327785,264.08634445759714
NZL,1988,GDP,888316041.7953203,3343680,265.6701723237033
NZL,1989,GDP,889119137.7959282,3357535,264.8130660725587
NZL,1990,GDP,859637878.1885952,3390085,253.57413698730124
NZL,1991,GDP,836073172.0092533,3495100,239.2129472716813
NZL,1992,GDP,853464793.5189097,3531700,241.65834966699032
NZL,1993,GDP,909742336.6400415,3572200,254.67284492470787
NZL,1994,GDP,957833375.9493585,3620000,264.5948552346294
NZL,1995,GDP,980586773.5550783,3673400,266.9425528271025
NZL,1996,GDP,1007148294.4277129,3732000,269.8682460953143
NZL,1997,GDP,1031886519.9799006,3781300,272.89200010046824
NZL,1998,GDP,1038563951.8551265,3815000,272.23170428705805
NZL,1999,GDP,1102053229.4396923,3835100,287.3597114650706
NZL,2000,GDP,1136681338.2083027,3857700,294.6526008264776
NZL,2001,GDP,1189595549.2152615,3880500,306.5572862299347
NZL,2002,GDP,1216826880.5367186,3948500,308.1744663889372
NZL,2003,GDP,1278276767.6675103,4027200,317.41079848716487
NZL,2004,GDP,1336639518.4051518,4087500,327.0066100073766
NZL,2005,GDP,1367585730.2775474,4133900,330.8221607386602
NZL,2006,GDP,1396658840.3032534,4184600,333.7616116960411
NZL,2007,GDP,1480605650.3812094,4223800,350.53876849784774
NZL,2008,GDP,1448376224.4860027,4259800,340.0103818221519
NZL,2009,GDP,1455210051.6461394,4302600,338.21643928000265
NZL,2010,GDP,1488807201.0970428,4350700,342.19946240766836
NZL,2011,GDP,1497034782.9728456,4384000,341.47691217446294
NZL,2012,GDP,1513456154.5071678,4408100,343.33525884330385
NZL,2013,GDP,1599342069.6527581,4442100,360.041887767668
NZL,2014,GDP,1647661881.2107873,4516500,364.8094500632763
NZL,2015,GDP,1728400407.5739472,4609400,374.9729699253584
NZL,2016,GDP,1824969083.1618295,4714100,387.1299045760229
NZL,2017,GDP,1918807368.52068,4813600,398.6221058086837
NZL,2018,GDP,1987893103.336325,4900600,405.6427995217575
NZL,2019,GDP,2067720505.6220443,4970300,416.01523160011357
NZL,1970,consumption,462986876.108585,2828020,163.7141449171452
NZL,1971,consumption,481055442.03839105,2875305,167.30588304141335
NZL,1972,consumption,509575492.32152903,2929135,173.967909407224
NZL,1973,consumption,541249463.7202556,2992335,180.8786328135906
NZL,1974,consumption,562863866.1329824,3058435,184.036563187703
NZL,1975,consumption,567376873.0947596,3117765,181.98192394063042
NZL,1976,consumption,558265395.7917697,3153535,177.02844452075837
NZL,1977,consumption,555407546.6459068,3164830,175.4936431485757
NZL,1978,consumption,569840294.4787916,3165705,180.00423112033232
NZL,1979,consumption,582340772.9831353,3164620,184.016018663579
NZL,1980,consumption,593318005.9603682,3170245,187.15209895776766
NZL,1981,consumption,607125370.7837651,3185460,190.59268387729404
NZL,1982,consumption,595147240.8272958,3210645,185.36687825259278
NZL,1983,consumption,600482828.560472,3245770,185.00473803149083
NZL,1984,consumption,635675851.9177948,3278850,193.87158665928445
NZL,1985,consumption,649134313.2192096,3298050,196.82367253959447
NZL,1986,consumption,672287183.6871175,3308310,203.2116650758597
NZL,1987,consumption,659440285.9520745,3327785,198.16192631196864
NZL,1988,consumption,671822570.5051496,3343680,200.92310583104532
NZL,1989,consumption,679970310.2679878,3357535,202.52069159904153
NZL,1990,consumption,676241990.0062029,3390085,199.476411360247
NZL,1991,consumption,658770674.8582658,3495100,188.48407051536887
NZL,1992,consumption,666993402.5382866,3531700,188.85902045425334
NZL,1993,consumption,682196496.979581,3572200,190.97376882021751
NZL,1994,consumption,712507509.6259053,3620000,196.82527890218378
NZL,1995,consumption,730281644.523224,3673400,198.8026472813263
NZL,1996,consumption,758113169.0343103,3732000,203.13857691165873
NZL,1997,consumption,780899868.0024204,3781300,206.5162425627219
NZL,1998,consumption,808523791.3264586,3815000,211.93284176316084
NZL,1999,consumption,840506841.783782,3835100,219.1616494442862
NZL,2000,consumption,852416153.7448279,3857700,220.96486345356763
NZL,2001,consumption,873397813.7302054,3880500,225.07352499167771
NZL,2002,consumption,903076499.586541,3948500,228.71381526821352
NZL,2003,consumption,947287123.798669,4027200,235.22226951695197
NZL,2004,consumption,994873597.9878768,4087500,243.39415241293622
NZL,2005,consumption,1039745872.2654018,4133900,251.51693854844137
NZL,2006,consumption,1070211770.4456829,4184600,255.75007657737487
NZL,2007,consumption,1111981052.3808608,4223800,263.26555527744233
NZL,2008,consumption,1120271401.8247058,4259800,262.9868542712582
NZL,2009,consumption,1131527033.8074176,4302600,262.98680653730713
NZL,2010,consumption,1151359815.8149116,4350700,264.63783203045756
NZL,2011,consumption,1164446192.7189715,4384000,265.61272644137125
NZL,2012,consumption,1180361309.3645356,4408100,267.77099189322735
NZL,2013,consumption,1218006309.7054882,4442100,274.1960581043849
NZL,2014,consumption,1253138005.3728013,4516500,277.45776715881794
NZL,2015,consumption,1308377322.5422764,4609400,283.8498118068027
NZL,2016,consumption,1385687416.611958,4714100,293.9452740951524
NZL,2017,consumption,1443735591.8457525,4813600,299.9284510232991
NZL,2018,consumption,1509530400.6341255,4900600,308.0297107770733
NZL,2019,consumption,1569467129.4752343,4970300,315.76909431527963
SAU,1970,GDP,NA,3562470,NA
SAU,1971,GDP,NA,3724031,NA
SAU,1972,GDP,NA,3905722,NA
SAU,1973,GDP,NA,4106344,NA
SAU,1974,GDP,NA,4323632,NA
SAU,1975,GDP,NA,4556287,NA
SAU,1976,GDP,NA,4807933,NA
SAU,1977,GDP,NA,5083048,NA
SAU,1978,GDP,NA,5381902,NA
SAU,1979,GDP,NA,5703698,NA
SAU,1980,GDP,NA,6047997,NA
SAU,1981,GDP,NA,6420551,NA
SAU,1982,GDP,NA,6824486,NA
SAU,1983,GDP,NA,7252941,NA
SAU,1984,GDP,NA,7697307,NA
SAU,1985,GDP,NA,8151779,NA
SAU,1986,GDP,NA,8628639,NA
SAU,1987,GDP,NA,9130194,NA
SAU,1988,GDP,NA,9629165,NA
SAU,1989,GDP,NA,10128394,NA
SAU,1990,GDP,NA,10640691,NA
SAU,1991,GDP,NA,11160744,NA
SAU,1992,GDP,NA,11686676,NA
SAU,1993,GDP,NA,12215862,NA
SAU,1994,GDP,NA,12750040,NA
SAU,1995,GDP,NA,13289245,NA
SAU,1996,GDP,NA,13831009,NA
SAU,1997,GDP,NA,14374943,NA
SAU,1998,GDP,NA,14922185,NA
SAU,1999,GDP,NA,15472075,NA
SAU,2000,GDP,NA,16177722,NA
SAU,2001,GDP,NA,17041397,NA
SAU,2002,GDP,NA,17910910,NA
SAU,2003,GDP,NA,18786767,NA
SAU,2004,GDP,NA,19669480,NA
SAU,2005,GDP,NA,20559890,NA
SAU,2006,GDP,NA,21459144,NA
SAU,2007,GDP,NA,22368313,NA
SAU,2008,GDP,NA,23287877,NA
SAU,2009,GDP,NA,24217654,NA
SAU,2010,GDP,NA,23978487,NA
SAU,2011,GDP,NA,25091867,NA
SAU,2012,GDP,NA,26168861,NA
SAU,2013,GDP,NA,27624004,NA
SAU,2014,GDP,NA,28309273,NA
SAU,2015,GDP,NA,29816382,NA
SAU,2016,GDP,NA,30954198,NA
SAU,2017,GDP,NA,30977355,NA
SAU,2018,GDP,NA,30196281,NA
SAU,2019,GDP,NA,30063799,NA
SAU,1970,consumption,NA,3562470,NA
SAU,1971,consumption,NA,3724031,NA
SAU,1972,consumption,NA,3905722,NA
SAU,1973,consumption,NA,4106344,NA
SAU,1974,consumption,NA,4323632,NA
SAU,1975,consumption,NA,4556287,NA
SAU,1976,consumption,NA,4807933,NA
SAU,1977,consumption,NA,5083048,NA
SAU,1978,consumption,NA,5381902,NA
SAU,1979,consumption,NA,5703698,NA
SAU,1980,consumption,NA,6047997,NA
SAU,1981,consumption,NA,6420551,NA
SAU,1982,consumption,NA,6824486,NA
SAU,1983,consumption,NA,7252941,NA
SAU,1984,consumption,NA,7697307,NA
SAU,1985,consumption,NA,8151779,NA
SAU,1986,consumption,NA,8628639,NA
SAU,1987,consumption,NA,9130194,NA
SAU,1988,consumption,NA,9629165,NA
SAU,1989,consumption,NA,10128394,NA
SAU,1990,consumption,NA,10640691,NA
SAU,1991,consumption,NA,11160744,NA
SAU,1992,consumption,NA,11686676,NA
SAU,1993,consumption,NA,12215862,NA
SAU,1994,consumption,NA,12750040,NA
SAU,1995,consumption,NA,13289245,NA
SAU,1996,consumption,NA,13831009,NA
SAU,1997,consumption,NA,14374943,NA
SAU,1998,consumption,NA,14922185,NA
SAU,1999,consumption,NA,15472075,NA
SAU,2000,consumption,NA,16177722,NA
SAU,2001,consumption,NA,17041397,NA
SAU,2002,consumption,NA,17910910,NA
SAU,2003,consumption,NA,18786767,NA
SAU,2004,consumption,NA,19669480,NA
SAU,2005,consumption,NA,20559890,NA
SAU,2006,consumption,NA,21459144,NA
SAU,2007,consumption,NA,22368313,NA
SAU,2008,consumption,NA,23287877,NA
SAU,2009,consumption,NA,24217654,NA
SAU,2010,consumption,NA,23978487,NA
SAU,2011,consumption,NA,25091867,NA
SAU,2012,consumption,NA,26168861,NA
SAU,2013,consumption,NA,27624004,NA
SAU,2014,consumption,NA,28309273,NA
SAU,2015,consumption,NA,29816382,NA
SAU,2016,consumption,NA,30954198,NA
SAU,2017,consumption,NA,30977355,NA
SAU,2018,consumption,NA,30196281,NA
SAU,2019,consumption,NA,30063799,NA
SGP,1970,GDP,NA,2013563,NA
SGP,1971,GDP,NA,2112900,NA
SGP,1972,GDP,NA,2152400,NA
SGP,1973,GDP,NA,2193000,NA
SGP,1974,GDP,NA,2229800,NA
SGP,1975,GDP,NA,2262600,NA
SGP,1976,GDP,NA,2293300,NA
SGP,1977,GDP,NA,2325300,NA
SGP,1978,GDP,NA,2353600,NA
SGP,1979,GDP,NA,2383500,NA
SGP,1980,GDP,NA,2282125,NA
SGP,1981,GDP,NA,2324403,NA
SGP,1982,GDP,NA,2365707,NA
SGP,1983,GDP,NA,2406165,NA
SGP,1984,GDP,NA,2443705,NA
SGP,1985,GDP,NA,2482615,NA
SGP,1986,GDP,NA,2518598,NA
SGP,1987,GDP,NA,2553864,NA
SGP,1988,GDP,NA,2598458,NA
SGP,1989,GDP,NA,2647627,NA
SGP,1990,GDP,NA,2735868,NA
SGP,1991,GDP,NA,2794704,NA
SGP,1992,GDP,NA,2849754,NA
SGP,1993,GDP,NA,2904547,NA
SGP,1994,GDP,NA,2959350,NA
SGP,1995,GDP,NA,3013515,NA
SGP,1996,GDP,NA,3068132,NA
SGP,1997,GDP,NA,3123403,NA
SGP,1998,GDP,NA,3180018,NA
SGP,1999,GDP,NA,3229681,NA
SGP,2000,GDP,NA,3273363,NA
SGP,2001,GDP,NA,3325902,NA
SGP,2002,GDP,NA,3382944,NA
SGP,2003,GDP,NA,3366891,NA
SGP,2004,GDP,NA,3413266,NA
SGP,2005,GDP,NA,3467814,NA
SGP,2006,GDP,NA,3525894,NA
SGP,2007,GDP,NA,3583082,NA
SGP,2008,GDP,NA,3642659,NA
SGP,2009,GDP,NA,3733876,NA
SGP,2010,GDP,NA,3771721,NA
SGP,2011,GDP,NA,3789251,NA
SGP,2012,GDP,NA,3818205,NA
SGP,2013,GDP,NA,3844751,NA
SGP,2014,GDP,NA,3870739,NA
SGP,2015,GDP,NA,3902690,NA
SGP,2016,GDP,NA,3933559,NA
SGP,2017,GDP,NA,3965796,NA
SGP,2018,GDP,NA,3994283,NA
SGP,2019,GDP,NA,4026209,NA
SGP,1970,consumption,NA,2013563,NA
SGP,1971,consumption,NA,2112900,NA
SGP,1972,consumption,NA,2152400,NA
SGP,1973,consumption,NA,2193000,NA
SGP,1974,consumption,NA,2229800,NA
SGP,1975,consumption,NA,2262600,NA
SGP,1976,consumption,NA,2293300,NA
SGP,1977,consumption,NA,2325300,NA
SGP,1978,consumption,NA,2353600,NA
SGP,1979,consumption,NA,2383500,NA
SGP,1980,consumption,NA,2282125,NA
SGP,1981,consumption,NA,2324403,NA
SGP,1982,consumption,NA,2365707,NA
SGP,1983,consumption,NA,2406165,NA
SGP,1984,consumption,NA,2443705,NA
SGP,1985,consumption,NA,2482615,NA
SGP,1986,consumption,NA,2518598,NA
SGP,1987,consumption,NA,2553864,NA
SGP,1988,consumption,NA,2598458,NA
SGP,1989,consumption,NA,2647627,NA
SGP,1990,consumption,NA,2735868,NA
SGP,1991,consumption,NA,2794704,NA
SGP,1992,consumption,NA,2849754,NA
SGP,1993,consumption,NA,2904547,NA
SGP,1994,consumption,NA,2959350,NA
SGP,1995,consumption,NA,3013515,NA
SGP,1996,consumption,NA,3068132,NA
SGP,1997,consumption,NA,3123403,NA
SGP,1998,consumption,NA,3180018,NA
SGP,1999,consumption,NA,3229681,NA
SGP,2000,consumption,NA,3273363,NA
SGP,2001,consumption,NA,3325902,NA
SGP,2002,consumption,NA,3382944,NA
SGP,2003,consumption,NA,3366891,NA
SGP,2004,consumption,NA,3413266,NA
SGP,2005,consumption,NA,3467814,NA
SGP,2006,consumption,NA,3525894,NA
SGP,2007,consumption,NA,3583082,NA
SGP,2008,consumption,NA,3642659,NA
SGP,2009,consumption,NA,3733876,NA
SGP,2010,consumption,NA,3771721,NA
SGP,2011,consumption,NA,3789251,NA
SGP,2012,consumption,NA,3818205,NA
SGP,2013,consumption,NA,3844751,NA
SGP,2014,consumption,NA,3870739,NA
SGP,2015,consumption,NA,3902690,NA
SGP,2016,consumption,NA,3933559,NA
SGP,2017,consumption,NA,3965796,NA
SGP,2018,consumption,NA,3994283,NA
SGP,2019,consumption,NA,4026209,NA
SWE,1970,GDP,1681894858.8139997,8042706,209.12051973726253
SWE,1971,GDP,1693273855.0847242,8098145,209.09404006531423
SWE,1972,GDP,1747807734.6129467,8122154,215.19017425832442
SWE,1973,GDP,1822537945.194804,8136779,223.98764243133604
SWE,1974,GDP,1873063804.3683474,8160562,229.52632482522006
SWE,1975,GDP,2003688513.1169212,8192567,244.5739550396013
SWE,1976,GDP,2055557073.382287,8222309,249.99754611293338
SWE,1977,GDP,2006187710.1233866,8251653,243.12555437357662
SWE,1978,GDP,2033046143.0016005,8275775,245.66232685175714
SWE,1979,GDP,2125557531.866011,8293728,256.28493385194344
SWE,1980,GDP,2123862088.3148754,8310477,255.56440241816148
SWE,1981,GDP,2070021293.5917358,8320482,248.7862233932765
SWE,1982,GDP,2086130078.8898594,8325260,250.57836979143707
SWE,1983,GDP,2146887898.5455341,8329025,257.7598096470516
SWE,1984,GDP,2229235732.586586,8336595,267.4036261311226
SWE,1985,GDP,2256862376.37008,8350378,270.2706843175339
SWE,1986,GDP,2364000667.54698,8369824,282.44329481085623
SWE,1987,GDP,2455770201.775565,8397797,292.430288774016
SWE,1988,GDP,2536376098.7238636,8436483,300.6437752229055
SWE,1989,GDP,2639948592.4787154,8492959,310.83967230722715
SWE,1990,GDP,2638356366.755371,8558834,308.26119150755477
SWE,1991,GDP,2579576191.6578393,8617376,299.3459020075066
SWE,1992,GDP,2515842257.730962,8668065,290.2426617394957
SWE,1993,GDP,2404684375.937024,8718558,275.81216709655706
SWE,1994,GDP,2509678127.998779,8780741,285.81621163849144
SWE,1995,GDP,2644304533.022204,8826944,299.5719167383643
SWE,1996,GDP,2703272794.2298026,8840999,305.7655355723717
SWE,1997,GDP,2809382028.1411276,8846059,317.5857212959045
SWE,1998,GDP,2961968002.1318727,8850975,334.6487818722652
SWE,1999,GDP,3103048636.8879538,8857879,350.3150852351848
SWE,2000,GDP,3268407708.6669183,8872112,368.3911687168645
SWE,2001,GDP,3318830279.5577936,8895963,373.0715021586526
SWE,2002,GDP,3376647593.3339195,8924960,378.33756042984163
SWE,2003,GDP,3437536729.1500216,8958232,383.7293708345599
SWE,2004,GDP,3582672162.8433585,8993534,398.36088492503154
SWE,2005,GDP,3694153742.42439,9029567,409.11748508255044
SWE,2006,GDP,3881612655.0445056,9080506,427.46655913717865
SWE,2007,GDP,4034700857.720906,9148093,441.0428334868159
SWE,2008,GDP,3994539755.476639,9219639,433.2642260154263
SWE,2009,GDP,3934219121.9033895,9298512,423.1020105048409
SWE,2010,GDP,4155212904.9850016,9378131,443.0747347189969
SWE,2011,GDP,4209912869.54673,9449216,445.53038786992806
SWE,2012,GDP,4195004648.602296,9519379,440.6804948728584
SWE,2013,GDP,4287551209.9469185,9600374,446.6025188130086
SWE,2014,GDP,4474407614.899743,9696105,461.464434935445
SWE,2015,GDP,4778352144.92077,9799183,487.6276057831321
SWE,2016,GDP,4912803191.86589,9923086,495.0882408825127
SWE,2017,GDP,5026500276.240274,10057695,499.76662408636116
SWE,2018,GDP,5148641831.720348,10175215,505.99833337382535
SWE,2019,GDP,5316237099.755461,10278888,517.1996328547855
SWE,1970,consumption,1187342222.2570992,8042706,147.62969357043502
SWE,1971,consumption,1209129072.127234,8098145,149.30938778291002
SWE,1972,consumption,1257161397.166406,8122154,154.78177305754187
SWE,1973,consumption,1302486832.7737586,8136779,160.0740087415129
SWE,1974,consumption,1356994765.4780066,8160562,166.2869255178757
SWE,1975,consumption,1433749518.45955,8192567,175.006138913426
SWE,1976,consumption,1514540082.8489048,8222309,184.19887684212608
SWE,1977,consumption,1536457729.5192256,8251653,186.1999928401286
SWE,1978,consumption,1559759265.7455654,8275775,188.47289416949656
SWE,1979,consumption,1623671999.9972284,8293728,195.77106941501197
SWE,1980,consumption,1614474607.7965372,8310477,194.26978834025257
SWE,1981,consumption,1600786369.3188426,8320482,192.39106211861795
SWE,1982,consumption,1626618084.1868389,8325260,195.3834575961398
SWE,1983,consumption,1626013891.914564,8329025,195.2225971124548
SWE,1984,consumption,1639564710.6225905,8336595,196.67078832815923
SWE,1985,consumption,1661785882.658018,8350378,199.00726442060684
SWE,1986,consumption,1741918983.856518,8369824,208.11895015433038
SWE,1987,consumption,1817014792.4312766,8397797,216.36802990489966
SWE,1988,consumption,1857803209.201435,8436483,220.21062677438397
SWE,1989,consumption,1907184002.6570318,8492959,224.56060398466914
SWE,1990,consumption,1922014587.4608326,8558834,224.56500353445722
SWE,1991,consumption,1943378657.929888,8617376,225.51861006527835
SWE,1992,consumption,1933896027.5942547,8668065,223.1058520666671
SWE,1993,consumption,1882968502.6158686,8718558,215.97246960057714
SWE,1994,consumption,1914992718.0663838,8780741,218.09010402042196
SWE,1995,consumption,1944685455.2289577,8826944,220.31242695421628
SWE,1996,consumption,2001973345.7777681,8840999,226.4419830584494
SWE,1997,consumption,2066302684.00879,8846059,233.58454697270165
SWE,1998,consumption,2161385665.820834,8850975,244.19746590865233
SWE,1999,consumption,2273552990.631798,8857879,256.67013408422014
SWE,2000,consumption,2377770933.0957417,8872112,268.00506272866505
SWE,2001,consumption,2405031800.5551696,8895963,270.3509221604417
SWE,2002,consumption,2470263041.626829,8924960,276.7814132082193
SWE,2003,consumption,2523499427.2884316,8958232,281.69614576720403
SWE,2004,consumption,2584366902.0727887,8993534,287.35832900312477
SWE,2005,consumption,2668190282.907094,9029567,295.4948208377095
SWE,2006,consumption,2743471165.123387,9080506,302.12756482109995
SWE,2007,consumption,2825126865.27271,9148093,308.8213975604216
SWE,2008,consumption,2828897184.355635,9219639,306.8338342049656
SWE,2009,consumption,2934131291.335218,9298512,315.5484760717863
SWE,2010,consumption,3029795212.6371136,9378131,323.0702591632718
SWE,2011,consumption,3044827556.275081,9449216,322.23070742324876
SWE,2012,consumption,3089081899.509179,9519379,324.50456059257425
SWE,2013,consumption,3184292532.6675696,9600374,331.68421695525296
SWE,2014,consumption,3312897335.2808375,9696105,341.6730053233579
SWE,2015,consumption,3486260985.0963078,9799183,355.77057649564335
SWE,2016,consumption,3597534865.4836426,9923086,362.54194163828095
SWE,2017,consumption,3676475271.1930637,10057695,365.53855244099805
SWE,2018,consumption,3768341711.7133017,10175215,370.34516830487627
SWE,2019,consumption,3811560012.924434,10278888,370.8144317677588
TUR,1970,GDP,3723108994.2462225,35321000,105.40780256069257
TUR,1971,GDP,3861552467.7973804,36215000,106.6285370094541
TUR,1972,GDP,4009068973.117193,37133000,107.96512463623174
TUR,1973,GDP,4417201245.678303,38073000,116.01925894146252
TUR,1974,GDP,4840875827.164413,39037000,124.00737318862652
TUR,1975,GDP,5172742828.226794,40026000,129.23456823631625
TUR,1976,GDP,5601683229.87665,40916000,136.9069124517707
TUR,1977,GDP,5685139021.644937,41769000,136.10905268608147
TUR,1978,GDP,5229185792.667033,42641000,122.63281331739483
TUR,1979,GDP,5586325955.997133,43531000,128.3298329006256
TUR,1980,GDP,5276224205.7607355,44439000,118.72958900426957
TUR,1981,GDP,5790965464.1201105,45540000,127.16217532103887
TUR,1982,GDP,5954695891.444322,46688000,127.54232118412273
TUR,1983,GDP,6007035930.867775,47864000,125.5021713786515
TUR,1984,GDP,6403293694.423185,49070000,130.49304451647004
TUR,1985,GDP,7047340642.720766,50307000,140.08668063531448
TUR,1986,GDP,7619851482.3480015,51480000,148.015763060373
TUR,1987,GDP,8027704451.1329775,52370000,153.28822706001483
TUR,1988,GDP,8224098595.505971,53268000,154.39097761331325
TUR,1989,GDP,8860889010.646555,54192000,163.50917129182454
TUR,1990,GDP,9557545116.84317,55120000,173.39523071195882
TUR,1991,GDP,9231159411.794966,56055000,164.68039268209733
TUR,1992,GDP,9417988465.924368,56986000,165.26846007658668
TUR,1993,GDP,10278104818.884434,57913000,177.4749161480917
TUR,1994,GDP,9776064440.064735,58837000,166.1550459755721
TUR,1995,GDP,10373048830.200026,59756000,173.5900801626619
TUR,1996,GDP,10890915329.639416,60671000,179.50776037380982
TUR,1997,GDP,11530748742.421682,61582000,187.2421932126544
TUR,1998,GDP,11217935017.671873,62464000,179.59040435565882
TUR,1999,GDP,10162555596.411652,63364000,160.38374465645558
TUR,2000,GDP,10483466293.969929,64268751,163.11918515376047
TUR,2001,GDP,9795008433.864418,65166331,150.30780901052137
TUR,2002,GDP,9895196485.782549,66002506,149.9215270066041
TUR,2003,GDP,10614177512.098347,66794551,158.9078353427115
TUR,2004,GDP,12072369060.964243,67598736,178.588680429827
TUR,2005,GDP,13035185651.701542,68435380,190.47436650021587
TUR,2006,GDP,13922505461.220156,69295253,200.91571728903503
TUR,2007,GDP,14296303992.751116,70158112,203.77264417764144
TUR,2008,GDP,14632229326.5221,71051689,205.93781136606196
TUR,2009,GDP,13829914141.515873,72039215,191.97757973231487
TUR,2010,GDP,14781576460.33216,73142162,202.09378634900293
TUR,2011,GDP,16691888323.49024,74223642,224.88640915101203
TUR,2012,GDP,17237612357.80891,75175836,229.29724862399814
TUR,2013,GDP,18473567599.79612,76147634,242.6019907564839
TUR,2014,GDP,19107479578.849144,77181894,247.56427432124357
TUR,2015,GDP,20256226456.17012,78218488,258.96980335608276
TUR,2016,GDP,20997931005.544037,79277971,264.86463693103394
TUR,2017,GDP,22638977365.19874,80312708,281.8853694386539
TUR,2018,GDP,23504876764.031258,81407211,288.7321218267907
TUR,2019,GDP,23600673072.743813,82579448,285.79354360353454
TUR,1970,consumption,2707715632.179071,35321000,76.66022004414006
TUR,1971,consumption,2920777645.614449,36215000,80.65104640658426
TUR,1972,consumption,3032865417.015371,37133000,81.67574440565994
TUR,1973,consumption,3285865333.41418,38073000,86.30434516361147
TUR,1974,consumption,3592050717.798837,39037000,92.01656679045104
TUR,1975,consumption,3849096644.1302156,40026000,96.1649089124623
TUR,1976,consumption,4059805775.1883793,40916000,99.2229390748944
TUR,1977,consumption,4270403965.5673943,41769000,102.23859717894597
TUR,1978,consumption,3990086064.6080008,42641000,93.57393270814477
TUR,1979,consumption,4266075843.926961,43531000,98.00086935579152
TUR,1980,consumption,4178193268.4427166,44439000,94.02086609605789
TUR,1981,consumption,4229012215.3061213,45540000,92.8636850089179
TUR,1982,consumption,4372973397.553831,46688000,93.66375508811325
TUR,1983,consumption,4513379403.753786,47864000,94.29590932128085
TUR,1984,consumption,4800527715.090341,49070000,97.83019594641004
TUR,1985,consumption,5000184234.747096,50307000,99.39340916268304
TUR,1986,consumption,5159290136.045321,51480000,100.21931111199149
TUR,1987,consumption,5419465878.219369,52370000,103.48416800113364
TUR,1988,consumption,5187754158.094593,53268000,97.38969283800017
TUR,1989,consumption,5891539868.777568,54192000,108.71604422751638
TUR,1990,consumption,6744016613.381335,55120000,122.35153507585876
TUR,1991,consumption,6793926852.886065,56055000,121.20108559247284
TUR,1992,consumption,6883636239.579149,56986000,120.79521706347435
TUR,1993,consumption,7487167639.321351,57913000,129.28302176232194
TUR,1994,consumption,7077247929.613269,58837000,120.28566938513637
TUR,1995,consumption,7462626534.991761,59756000,124.88497447941229
TUR,1996,consumption,7781055428.277995,60671000,128.2499946972688
TUR,1997,consumption,8400728373.546387,61582000,136.4153222296513
TUR,1998,consumption,8275275671.4665165,62464000,132.48071963797574
TUR,1999,consumption,7977608755.4227,63364000,125.90128078124329
TUR,2000,consumption,8229156646.881613,64268751,128.04289050026213
TUR,2001,consumption,7418377000.0614605,65166331,113.83757357862392
TUR,2002,consumption,7524937591.178989,66002506,114.00987700647289
TUR,2003,consumption,8185871569.792933,66794551,122.55298444618533
TUR,2004,consumption,9189101804.394304,67598736,135.93600040678726
TUR,2005,consumption,9711703877.755611,68435380,141.9105713704755
TUR,2006,consumption,10224213394.854109,69295253,147.5456535941085
TUR,2007,consumption,10593985299.18987,70158112,151.0015734059359
TUR,2008,consumption,10709664216.246784,71051689,150.73060706898585
TUR,2009,consumption,10487022515.753952,72039215,145.57380332023263
TUR,2010,consumption,11132207346.329288,73142162,152.19959380376653
TUR,2011,consumption,12470940882.165834,74223642,168.01844461048992
TUR,2012,consumption,12751452519.860992,75175836,169.62169226639517
TUR,2013,consumption,13466656286.371964,76147634,176.84930678702327
TUR,2014,consumption,13845391592.551699,77181894,179.3865228618476
TUR,2015,consumption,14432653920.651625,78218488,184.5171683790618
TUR,2016,consumption,15071674215.724436,79277971,190.11175520277172
TUR,2017,consumption,15906591108.806177,80312708,198.05820902971143
TUR,2018,consumption,15990044275.408049,81407211,196.42049001541213
TUR,2019,consumption,16287500934.350235,82579448,197.2343159081208
USA,1970,GDP,65522493571.69543,205052174,319.54059444254136
USA,1971,GDP,68184199481.73335,207660677,328.3442993000228
USA,1972,GDP,72499985829.99393,209896021,345.40905294242776
USA,1973,GDP,76089731236.55103,211908788,359.0683140359003
USA,1974,GDP,74277280350.47595,213853928,347.32717348299514
USA,1975,GDP,74205787676.55708,215973199,343.5879452642505
USA,1976,GDP,78025574932.01855,218035164,357.85775789825607
USA,1977,GDP,81412599281.22543,220239425,369.65497563038696
USA,1978,GDP,85442348553.77246,222584545,383.86469533979755
USA,1979,GDP,85803997822.35043,225055487,381.257080047777
USA,1980,GDP,82179823612.78566,227224681,361.6676817461817
USA,1981,GDP,83598920083.63435,229465714,364.3198743130503
USA,1982,GDP,82127960686.12613,231664458,354.51256267427146
USA,1983,GDP,86478798161.92831,233791994,369.89631972568026
USA,1984,GDP,92120921324.8888,235824902,390.63271326998705
USA,1985,GDP,95606929563.85931,237923795,401.8384523660583
USA,1986,GDP,99029904467.3654,240132887,412.396259856591
USA,1987,GDP,101277753673.37233,242288918,418.00406931270516
USA,1988,GDP,104950310104.63087,244498982,429.24640931482844
USA,1989,GDP,107863699996.52026,246819230,437.0149764932022
USA,1990,GDP,108172710804.7108,249622814,433.34464935849496
USA,1991,GDP,107171107497.43477,252980941,423.63312854241764
USA,1992,GDP,110138612289.29869,256514224,429.3664911513784
USA,1993,GDP,112530380152.03325,259918588,432.9447194135775
USA,1994,GDP,116525469192.90778,263125821,442.85075767196474
USA,1995,GDP,118828643932.42409,266278393,446.2571769104228
USA,1996,GDP,121993439079.53088,269394284,452.843457805255
USA,1997,GDP,126655118762.72542,272646925,464.5389591785252
USA,1998,GDP,131774951232.25082,275854104,477.6979907909973
USA,1999,GDP,137040459864.9085,279040168,491.1137376641362
USA,2000,GDP,141094644104.26434,282162411,500.04762719533306
USA,2001,GDP,141647057658.18176,284968955,497.06136466051805
USA,2002,GDP,144010252574.8051,287625193,500.6872001466336
USA,2003,GDP,147608072669.3825,290107933,508.8039859612612
USA,2004,GDP,153305386533.05875,292805298,523.5744967055164
USA,2005,GDP,158251055517.01523,295516599,535.5064861077913
USA,2006,GDP,162433708033.99783,298379912,544.3855350222029
USA,2007,GDP,165457605271.5147,301231207,549.2711293737727
USA,2008,GDP,162594880007.8205,304093966,534.6863081387827
USA,2009,GDP,159951334274.97736,306771529,521.402148355747
USA,2010,GDP,163575878419.05115,309327143,528.8119136025872
USA,2011,GDP,164373393643.951,311583481,527.5420671096199
USA,2012,GDP,167794832809.80368,313877662,534.5867295577208
USA,2013,GDP,171748748665.64352,316059947,543.4056111692113
USA,2014,GDP,176290248686.64395,318386329,553.6991781033537
USA,2015,GDP,182950190000,320738994,570.4020821366048
USA,2016,GDP,185706259826.03473,323071755,574.814284913377
USA,2017,GDP,189638053502.9482,325122128,583.2825180787086
USA,2018,GDP,194974694321.37173,326838199,596.5480623682292
USA,2019,GDP,199694635682.14224,328329953,608.2132740479582
USA,1970,consumption,51250009157.129005,205052174,249.9364340176613
USA,1971,consumption,53202055506.15873,207660677,256.19706279855154
USA,1972,consumption,56320162785.02967,209896021,268.32410884544436
USA,1973,consumption,58117219875.480644,211908788,274.25582687717815
USA,1974,consumption,57459270485.8893,213853928,268.68466257907266
USA,1975,consumption,58455119235.89669,215973199,270.65913505266315
USA,1976,consumption,60897917262.76675,218035164,279.30319195103203
USA,1977,consumption,63162373442.101105,220239425,286.7895856616094
USA,1978,consumption,65147166114.87852,222584545,292.68503846427666
USA,1979,consumption,64993923939.677666,225055487,288.7906658311231
USA,1980,consumption,63398991514.2702,227224681,279.01454734254946
USA,1981,consumption,63630086155.05408,229465714,277.29670392089196
USA,1982,consumption,64492840121.84393,231664458,278.38901434696527
USA,1983,consumption,68463601468.74397,233791994,292.8398030120055
USA,1984,consumption,71346210051.72545,235824902,302.53891529964653
USA,1985,consumption,74993521877.54498,237923795,315.19975493642823
USA,1986,consumption,78371120899.091,240132887,326.3656297901878
USA,1987,consumption,80375555907.85071,242288918,331.7343466276518
USA,1988,consumption,83184943415.55023,244498982,340.2261340112665
USA,1989,consumption,85237900948.43762,246819230,345.34546173099085
USA,1990,consumption,86296265256.37384,249622814,345.7066438501644
USA,1991,consumption,86116324334.258255,252980941,340.40637209211053
USA,1992,consumption,88612238623.94449,256514224,345.44766072677703
USA,1993,consumption,90650682026.51714,259918588,348.76567591432564
USA,1994,consumption,93208817527.8564,263125821,354.23668104338725
USA,1995,consumption,94946785882.87994,266278393,356.5696217900787
USA,1996,consumption,96974992251.80348,269394284,359.9742014266475
USA,1997,consumption,99777758713.38374,272646925,365.95959669592366
USA,1998,consumption,103887461366.75327,275854104,376.6029211106218
USA,1999,consumption,108639868912.49075,279040168,389.33415820080336
USA,2000,consumption,112930845820.3114,282162411,400.23348758637945
USA,2001,consumption,115277437742.54143,284968955,404.52630267230836
USA,2002,consumption,118521809780.79402,287625193,412.0703355105407
USA,2003,consumption,122234782960.49243,290107933,421.342435198049
USA,2004,consumption,126535836959.06824,292805298,432.15009367442605
USA,2005,consumption,130238602430.90532,295516599,440.7150152364379
USA,2006,consumption,133447375051.54099,298379912,447.2398096676863
USA,2007,consumption,136546967660.48643,301231207,453.2962206020256
USA,2008,consumption,136544900274.57545,304093966,449.0220640371912
USA,2009,consumption,136160710685.30289,306771529,443.8505461349475
USA,2010,consumption,138818612273.00803,309327143,448.7760463782127
USA,2011,consumption,139194708265.93207,311583481,446.7332729552889
USA,2012,consumption,140013071379.93387,313877662,446.0752972600321
USA,2013,consumption,141615540923.58832,316059947,448.06544539345987
USA,2014,consumption,144538519237.5927,318386329,453.9721277969592
USA,2015,consumption,149014260000,320738994,464.59664333797843
USA,2016,consumption,151886035772.6917,323071755,470.1309644747239
USA,2017,consumption,154772352362.1476,325122128,476.04373567014676
USA,2018,consumption,158518442657.76642,326838199,485.00586266468326
USA,2019,consumption,161773176741.95242,328329953,492.71525568656364
ZAF,1970,GDP,NA,22279984,NA
ZAF,1971,GDP,NA,22942143,NA
ZAF,1972,GDP,NA,23609456,NA
ZAF,1973,GDP,NA,24294263,NA
ZAF,1974,GDP,NA,24989108,NA
ZAF,1975,GDP,NA,25690940,NA
ZAF,1976,GDP,NA,26395450,NA
ZAF,1977,GDP,NA,27118952,NA
ZAF,1978,GDP,NA,27869507,NA
ZAF,1979,GDP,NA,28634162,NA
ZAF,1980,GDP,NA,29518857,NA
ZAF,1981,GDP,NA,30541044,NA
ZAF,1982,GDP,NA,31615339,NA
ZAF,1983,GDP,NA,32739304,NA
ZAF,1984,GDP,NA,33892788,NA
ZAF,1985,GDP,NA,35042093,NA
ZAF,1986,GDP,NA,36180515,NA
ZAF,1987,GDP,NA,37326190,NA
ZAF,1988,GDP,NA,38480649,NA
ZAF,1989,GDP,NA,39628575,NA
ZAF,1990,GDP,NA,40746268,NA
ZAF,1991,GDP,NA,41687898,NA
ZAF,1992,GDP,NA,42443509,NA
ZAF,1993,GDP,NA,43297156,NA
ZAF,1994,GDP,NA,44004139,NA
ZAF,1995,GDP,NA,44541554,NA
ZAF,1996,GDP,NA,45123018,NA
ZAF,1997,GDP,NA,45666838,NA
ZAF,1998,GDP,NA,46223880,NA
ZAF,1999,GDP,NA,46730335,NA
ZAF,2000,GDP,NA,47159719,NA
ZAF,2001,GDP,NA,47566800,NA
ZAF,2002,GDP,NA,46572861,NA
ZAF,2003,GDP,NA,47005180,NA
ZAF,2004,GDP,NA,47504691,NA
ZAF,2005,GDP,NA,48060577,NA
ZAF,2006,GDP,NA,48642306,NA
ZAF,2007,GDP,NA,49264665,NA
ZAF,2008,GDP,NA,49935872,NA
ZAF,2009,GDP,NA,50653813,NA
ZAF,2010,GDP,NA,51405009,NA
ZAF,2011,GDP,NA,52217038,NA
ZAF,2012,GDP,NA,53068330,NA
ZAF,2013,GDP,NA,53940104,NA
ZAF,2014,GDP,NA,54829783,NA
ZAF,2015,GDP,NA,55710675,NA
ZAF,2016,GDP,NA,56543365,NA
ZAF,2017,GDP,NA,57366323,NA
ZAF,2018,GDP,NA,58233213,NA
ZAF,2019,GDP,NA,59131136,NA
ZAF,1970,consumption,NA,22279984,NA
ZAF,1971,consumption,NA,22942143,NA
ZAF,1972,consumption,NA,23609456,NA
ZAF,1973,consumption,NA,24294263,NA
ZAF,1974,consumption,NA,24989108,NA
ZAF,1975,consumption,NA,25690940,NA
ZAF,1976,consumption,NA,26395450,NA
ZAF,1977,consumption,NA,27118952,NA
ZAF,1978,consumption,NA,27869507,NA
ZAF,1979,consumption,NA,28634162,NA
ZAF,1980,consumption,NA,29518857,NA
ZAF,1981,consumption,NA,30541044,NA
ZAF,1982,consumption,NA,31615339,NA
ZAF,1983,consumption,NA,32739304,NA
ZAF,1984,consumption,NA,33892788,NA
ZAF,1985,consumption,NA,35042093,NA
ZAF,1986,consumption,NA,36180515,NA
ZAF,1987,consumption,NA,37326190,NA
ZAF,1988,consumption,NA,38480649,NA
ZAF,1989,consumption,NA,39628575,NA
ZAF,1990,consumption,NA,40746268,NA
ZAF,1991,consumption,NA,41687898,NA
ZAF,1992,consumption,NA,42443509,NA
ZAF,1993,consumption,NA,43297156,NA
ZAF,1994,consumption,NA,44004139,NA
ZAF,1995,consumption,NA,44541554,NA
ZAF,1996,consumption,NA,45123018,NA
ZAF,1997,consumption,NA,45666838,NA
ZAF,1998,consumption,NA,46223880,NA
ZAF,1999,consumption,NA,46730335,NA
ZAF,2000,consumption,NA,47159719,NA
ZAF,2001,consumption,NA,47566800,NA
ZAF,2002,consumption,NA,46572861,NA
ZAF,2003,consumption,NA,47005180,NA
ZAF,2004,consumption,NA,47504691,NA
ZAF,2005,consumption,NA,48060577,NA
ZAF,2006,consumption,NA,48642306,NA
ZAF,2007,consumption,NA,49264665,NA
ZAF,2008,consumption,NA,49935872,NA
ZAF,2009,consumption,NA,50653813,NA
ZAF,2010,consumption,NA,51405009,NA
ZAF,2011,consumption,NA,52217038,NA
ZAF,2012,consumption,NA,53068330,NA
ZAF,2013,consumption,NA,53940104,NA
ZAF,2014,consumption,NA,54829783,NA
ZAF,2015,consumption,NA,55710675,NA
ZAF,2016,consumption,NA,56543365,NA
ZAF,2017,consumption,NA,57366323,NA
ZAF,2018,consumption,NA,58233213,NA
ZAF,2019,consumption,NA,59131136,NA
Aggregate,1970,GDP,123782376650.07729,1944852288,63.646158329777116
Aggregate,1971,GDP,128706011326.86765,1987199317,64.76754003779061
Aggregate,1972,GDP,137476817068.4183,2028005440,67.78917568801901
Aggregate,1973,GDP,146510237795.77115,2068368015,70.83373787124201
Aggregate,1974,GDP,144832035975.2444,2108094589,68.70281662453638
Aggregate,1975,GDP,145363833516.38925,2146599667,67.71818506780251
Aggregate,1976,GDP,152086051304.10678,2183329976,69.65784053528095
Aggregate,1977,GDP,157205864923.94077,2219371286,70.83351303840413
Aggregate,1978,GDP,164704498765.59912,2254970516,73.04064403367974
Aggregate,1979,GDP,169209480869.05508,2291783790,73.8330908907664
Aggregate,1980,GDP,166625777521.94604,2329941823,71.51499487115994
Aggregate,1981,GDP,170399068207.53864,2369412235,71.91617637930304
Aggregate,1982,GDP,169814596592.3444,2410491588,70.44811831649686
Aggregate,1983,GDP,175471483444.61575,2451623023,71.57359912124457
Aggregate,1984,GDP,184472064647.07004,2492375857,74.01454484842975
Aggregate,1985,GDP,191854074867.06833,2534638796,75.69286604854301
Aggregate,1986,GDP,197966332321.55505,2578577556,76.77346444783647
Aggregate,1987,GDP,205201791248.39914,2624059945,78.20011567929296
Aggregate,1988,GDP,213945588602.6706,2669761211,80.13660087695034
Aggregate,1989,GDP,222240967437.0477,2715784982,81.83304971124099
Aggregate,1990,GDP,226506414904.2033,2763353686,81.96794208854064
Aggregate,1991,GDP,227103611268.05942,2809216568,80.84232944338075
Aggregate,1992,GDP,231669278021.30273,2851427204,81.24677975166809
Aggregate,1993,GDP,237007305180.04224,2892463703,81.93959527797132
Aggregate,1994,GDP,244103452776.513,2931969903,83.25578394469386
Aggregate,1995,GDP,251194182529.6415,2970752170,84.55575159258119
Aggregate,1996,GDP,258422787912.66476,3009341289,85.87353945438947
Aggregate,1997,GDP,266386137619.93658,3047374377,87.41496930291233
Aggregate,1998,GDP,271299226240.1384,3084727068,87.949183269571
Aggregate,1999,GDP,277852366394.5557,3121553008,89.01093964525613
Aggregate,2000,GDP,287966757512.5468,3158758154,91.16454741806955
Aggregate,2001,GDP,289313695382.20734,3196104330,90.52072946010725
Aggregate,2002,GDP,293579566819.02795,3230359609,90.8813885615383
Aggregate,2003,GDP,300162504976.1562,3264736145,91.94081593266282
Aggregate,2004,GDP,312031046026.9033,3299208256,94.57755370835957
Aggregate,2005,GDP,321958734081.5537,3333773331,96.57487240891055
Aggregate,2006,GDP,331399780230.634,3368507960,98.38177144477758
Aggregate,2007,GDP,339391064207.2038,3402967316,99.73385950886511
Aggregate,2008,GDP,336441217422.50073,3437530024,97.87295385743538
Aggregate,2009,GDP,326941232101.9704,3472905029,94.14056225894291
Aggregate,2010,GDP,337193365618.36194,3507757571,96.12789903329438
Aggregate,2011,GDP,341467251004.972,3542900619,96.38070262929156
Aggregate,2012,GDP,347837066446.2638,3578064643,97.21374574010562
Aggregate,2013,GDP,355630025940.90326,3613442713,98.41861465285204
Aggregate,2014,GDP,363672154193.22095,3647085119,99.71583945179124
Aggregate,2015,GDP,375930256116.0346,3679887868,102.15807372422756
Aggregate,2016,GDP,384075697904.1194,3712373130,103.45826899790092
Aggregate,2017,GDP,393739454598.13916,3743326996,105.18436006762877
Aggregate,2018,GDP,402719419415.2117,3770913981,106.79623599062194
Aggregate,2019,GDP,409228446920.3859,3796192741,107.7997021859818
Aggregate,1970,consumption,90648424659.12277,1944852288,46.60941358808365
Aggregate,1971,consumption,94855616913.8106,1987199317,47.73331799298852
Aggregate,1972,consumption,101154127457.3439,2028005440,49.87862727692875
Aggregate,1973,consumption,106287798669.6901,2068368015,51.38727629652023
Aggregate,1974,consumption,106945911228.911,2108094589,50.731078096283184
Aggregate,1975,consumption,110153966087.48886,2146599667,51.315560968774186
Aggregate,1976,consumption,114431625744.37524,2183329976,52.411512232347626
Aggregate,1977,consumption,117788413365.99475,2219371286,53.07287433563505
Aggregate,1978,consumption,122003462499.04774,2254970516,54.104238451624944
Aggregate,1979,consumption,124809630822.24774,2291783790,54.45960101770671
Aggregate,1980,consumption,124152211353.85477,2329941823,53.28554135055533
Aggregate,1981,consumption,125671126047.75685,2369412235,53.03894535167573
Aggregate,1982,consumption,127541546757.22725,2410491588,52.91101092912308
Aggregate,1983,consumption,132253654149.26808,2451623023,53.94534677987811
Aggregate,1984,consumption,137126383297.80537,2492375857,55.01834039704605
Aggregate,1985,consumption,143092359690.84692,2534638796,56.45473426693613
Aggregate,1986,consumption,148547055970.2044,2578577556,57.60813966000579
Aggregate,1987,consumption,153319790611.4869,2624059945,58.42846345931587
Aggregate,1988,consumption,158654245499.95224,2669761211,59.42638047412707
Aggregate,1989,consumption,164684480329.12546,2715784982,60.63973452266681
Aggregate,1990,consumption,169223347041.1903,2763353686,61.238395902242935
Aggregate,1991,consumption,170936822587.23978,2809216568,60.848574130736004
Aggregate,1992,consumption,175727459480.051,2851427204,61.6278961053396
Aggregate,1993,consumption,180609743046.56314,2892463703,62.44148988256574
Aggregate,1994,consumption,185730805929.3171,2931969903,63.346764146274765
Aggregate,1995,consumption,189353507379.1814,2970752170,63.739247350000724
Aggregate,1996,consumption,194036631326.98822,3009341289,64.47810756335528
Aggregate,1997,consumption,199699192919.78644,3047374377,65.53155871723943
Aggregate,1998,consumption,204605259643.5831,3084727068,66.32848065104186
Aggregate,1999,consumption,211881977323.38043,3121553008,67.87710373021493
Aggregate,2000,consumption,220406699088.00717,3158758154,69.77637677291048
Aggregate,2001,consumption,224316874461.33868,3196104330,70.18446561828559
Aggregate,2002,consumption,230373099793.2061,3230359609,71.31500132411607
Aggregate,2003,consumption,236631987905.67154,3264736145,72.48119829471595
Aggregate,2004,consumption,244671476936.16534,3299208256,74.16066460527351
Aggregate,2005,consumption,252011658547.1726,3333773331,75.59351927252327
Aggregate,2006,consumption,258424202597.56885,3368507960,76.71770578139552
Aggregate,2007,consumption,264969493906.23926,3402967316,77.86424884553291
Aggregate,2008,consumption,265846616457.19556,3437530024,77.33652203795138
Aggregate,2009,consumption,264107446700.12735,3472905029,76.04798993774251
Aggregate,2010,consumption,270632107711.27887,3507757571,77.15245487564479
Aggregate,2011,consumption,273691060145.45004,3542900619,77.25056093238669
Aggregate,2012,consumption,276955305429.55994,3578064643,77.40366177323978
Aggregate,2013,consumption,281586483309.15027,3613442713,77.92747960168097
Aggregate,2014,consumption,286513545621.0033,3647085119,78.55959931627889
Aggregate,2015,consumption,293672780000.7559,3679887868,79.80481757460875
Aggregate,2016,consumption,300066150381.8185,3712373130,80.8286613101896
Aggregate,2017,consumption,305852787792.29376,3743326996,81.70613684541006
Aggregate,2018,consumption,311705898907.4968,3770913981,82.6605699514886
Aggregate,2019,consumption,316721428724.5318,3796192741,83.43133511211036
