REF_AREA,TIME_PERIOD,measure,OBS_VALUE,Population,OBS_VALUE_per_capita
AUS,1992,GDP,5428434151.833746,17478635,310.5754054497817
AUS,1993,GDP,5603968231.650155,17634808,317.7788060777387
AUS,1994,GDP,5840471491.8877325,17805468,328.0156125010436
AUS,1995,GDP,5955200987.4308195,18004882,330.7547912522181
AUS,1996,GDP,6107355385.646493,18224767,335.1129474328255
AUS,1997,GDP,6451270116.275694,18423037,350.174084559223
AUS,1998,GDP,6750216366.796056,18607584,362.7669431343723
AUS,1999,GDP,7088576716.778476,18812264,376.8061471377648
AUS,2000,GDP,7245292831.845358,19028802,380.75401866314854
AUS,2001,GDP,7418443658.465368,19274701,384.879830741103
AUS,2002,GDP,7648220908.81523,19495210,392.31282498702143
AUS,2003,GDP,8009564148.309969,19720737,406.14933145297607
AUS,2004,GDP,8381930115.19901,19932722,420.5110629245223
AUS,2005,GDP,8817171787.113592,20176844,436.99459574121664
AUS,2006,GDP,9277607127.960014,20450966,453.6512909932966
AUS,2007,GDP,9824285338.514017,20827622,471.69500860511187
AUS,2008,GDP,10077891746.875212,21249199,474.2716065144485
AUS,2009,GDP,10239289837.701424,21691653,472.0382461263521
AUS,2010,GDP,10818690382.644806,22031750,491.049979354559
AUS,2011,GDP,11082281945.773981,22340024,496.07296508607067
AUS,2012,GDP,11164712556.04919,22733465,491.11354367005606
AUS,2013,GDP,11339642426.012539,23128129,490.2965746175378
AUS,2014,GDP,11232919223.397497,23475686,478.4916284617837
AUS,2015,GDP,11294369036.656939,23815995,474.2346073156691
AUS,2016,GDP,11823659203.06593,24190907,488.76460907670514
AUS,2017,GDP,12151269123.368122,24592588,494.1029030115953
AUS,2018,GDP,12608580792.352757,24963258,505.08554581908965
AUS,2019,GDP,12623354358.95438,25334826,498.2609455835371
AUS,1992,consumption,4187033479.545578,17478635,239.5515141511667
AUS,1993,consumption,4260006923.483195,17634808,241.56809212117278
AUS,1994,consumption,4439061295.6723585,17805468,249.30888060186672
AUS,1995,consumption,4508191023.216933,18004882,250.38714628715329
AUS,1996,consumption,4574965473.483289,18224767,251.03012145413376
AUS,1997,consumption,4856259750.977124,18423037,263.59713390235953
AUS,1998,consumption,5152889366.3853445,18607584,276.92414912034496
AUS,1999,consumption,5383541677.125546,18812264,286.1719183361209
AUS,2000,consumption,5547438635.337032,19028802,291.5285279302939
AUS,2001,consumption,5610440036.358723,19274701,291.0779283351126
AUS,2002,consumption,5827152094.708372,19495210,298.9017350779177
AUS,2003,consumption,6060023661.349073,19720737,307.29194661178605
AUS,2004,consumption,6311156705.793151,19932722,316.62292314081094
AUS,2005,consumption,6559237051.20302,20176844,325.0873650608103
AUS,2006,consumption,6882797832.505304,20450966,336.55123344810727
AUS,2007,consumption,7270302549.507426,20827622,349.0702178821675
AUS,2008,consumption,7300782612.033238,21249199,343.5791914807348
AUS,2009,consumption,7600426278.381083,21691653,350.3848359726703
AUS,2010,consumption,7854059775.656292,22031750,356.488239729313
AUS,2011,consumption,8040628211.055206,22340024,359.9203031767202
AUS,2012,consumption,8212415686.823612,22733465,361.24786462704265
AUS,2013,consumption,8356916700.919692,23128129,361.33129060805965
AUS,2014,consumption,8464962040.808794,23475686,360.58422492142694
AUS,2015,consumption,8703296688.383114,23815995,365.43913820871705
AUS,2016,consumption,8940073899.278183,24190907,369.56340245027536
AUS,2017,consumption,9161278353.564661,24592588,372.52193032976686
AUS,2018,consumption,9403428138.720493,24963258,376.69074039616515
AUS,2019,consumption,9376452092.173355,25334826,370.1013021432772
AUT,1992,GDP,3043903395.130084,7840709,388.2178761040722
AUT,1993,GDP,3034111143.2873564,7905632,383.7910926396974
AUT,1994,GDP,3094064179.420519,7936118,389.8712417608356
AUT,1995,GDP,3163270528.641442,7948278,397.98186835455954
AUT,1996,GDP,3204775434.0382047,7959016,402.65975518056564
AUT,1997,GDP,3272141394.2278433,7968041,410.65820246505297
AUT,1998,GDP,3371655423.0828733,7976789,422.683290617675
AUT,1999,GDP,3486330475.0844483,7992323,436.20990731786594
AUT,2000,GDP,3563166108.1534386,8011566,444.7527622132101
AUT,2001,GDP,3585026881.554546,8042293,445.7717322105208
AUT,2002,GDP,3613007552.6691575,8080292,447.1382411265778
AUT,2003,GDP,3651059533.2302704,8114402,449.9480717408714
AUT,2004,GDP,3732492105.036306,8166432,457.05298287383107
AUT,2005,GDP,3827791306.6310325,8222090,465.54967248364255
AUT,2006,GDP,3976434825.2568493,8265675,481.07805173284083
AUT,2007,GDP,4130218424.6439548,8293654,497.9974357073438
AUT,2008,GDP,4138191549.7881303,8319388,497.4153807693703
AUT,2009,GDP,4038734450.4583173,8338752,484.33320123422754
AUT,2010,GDP,4074551419.347857,8357367,487.5400852143812
AUT,2011,GDP,4134280968.3929687,8384901,493.0625857589694
AUT,2012,GDP,4144259832.0252557,8420328,492.1732065574234
AUT,2013,GDP,4122058016.8652315,8472176,486.5406498714417
AUT,2014,GDP,4169601285.8989124,8538350,488.3380613231962
AUT,2015,GDP,4282398258.4159245,8618709,496.87235738158984
AUT,2016,GDP,4413079272.708614,8737663,505.064028300086
AUT,2017,GDP,4464458763.289588,8790624,507.86596756835326
AUT,2018,GDP,4566935355.623446,8833192,517.0198220103725
AUT,2019,GDP,4644465434.882655,8872344,523.4767086220569
AUT,1992,consumption,2262711404.3544116,7840709,288.5850507083494
AUT,1993,consumption,2278092834.219869,7905632,288.1607484663932
AUT,1994,consumption,2317413900.68115,7936118,292.0084984473706
AUT,1995,consumption,2349972173.0653377,7948278,295.65802467721153
AUT,1996,consumption,2401505501.757654,7959016,301.73397085238355
AUT,1997,consumption,2426091740.399148,7968041,304.4778183745726
AUT,1998,consumption,2484269147.311042,7976789,311.4372396350263
AUT,1999,consumption,2550166943.1692586,7992323,319.0770622219921
AUT,2000,consumption,2597411037.2219315,8011566,324.20765643345277
AUT,2001,consumption,2616234582.233032,8042293,325.3095332678171
AUT,2002,consumption,2609314623.6257205,8080292,322.92330817075924
AUT,2003,consumption,2666798698.4521823,8114402,328.6500592960741
AUT,2004,consumption,2713831285.7770114,8166432,332.3154207096822
AUT,2005,consumption,2794462497.285819,8222090,339.8725259983555
AUT,2006,consumption,2875171063.8891673,8265675,347.8446786123538
AUT,2007,consumption,2915557094.6953173,8293654,351.540719530296
AUT,2008,consumption,2937676098.1295476,8319388,353.1120435937773
AUT,2009,consumption,2984563218.503141,8338752,357.91485566462956
AUT,2010,consumption,3011757552.6359625,8357367,360.371580263971
AUT,2011,consumption,3021092129.000725,8384901,360.30146676755334
AUT,2012,consumption,3033177027.196197,8420328,360.22076897671883
AUT,2013,consumption,3027429806.284448,8472176,357.33792667721355
AUT,2014,consumption,3040798389.8854613,8538350,356.1341933611835
AUT,2015,consumption,3098066118.102735,8618709,359.4582573913025
AUT,2016,consumption,3169017778.416988,8737663,362.68482526929546
AUT,2017,consumption,3209713809.291811,8790624,365.1292342036027
AUT,2018,consumption,3245616958.0359225,8833192,367.4342138194123
AUT,2019,consumption,3286562410.717219,8872344,370.42774837373514
BEL,1992,GDP,3617211453.133735,10045165,360.0947772519152
BEL,1993,GDP,3625608058.5521383,10084479,359.5235865484115
BEL,1994,GDP,3732251133.3154855,10115601,368.959899991655
BEL,1995,GDP,3811947217.3055644,10136814,376.0498335379898
BEL,1996,GDP,3801764924.7325854,10156641,374.3132128754561
BEL,1997,GDP,3912189765.944456,10181246,384.2545171725009
BEL,1998,GDP,4022779159.9296603,10203012,394.27368701807467
BEL,1999,GDP,4143795997.835969,10226419,405.2049889444163
BEL,2000,GDP,4275599273.6067295,10251251,417.08073225470037
BEL,2001,GDP,4302093489.100065,10286571,418.22425462285395
BEL,2002,GDP,4375300910.03839,10332786,423.4386456893998
BEL,2003,GDP,4432078877.294626,10376131,427.1417619240376
BEL,2004,GDP,4582161608.303063,10421136,439.69885896346267
BEL,2005,GDP,4656690233.250543,10478620,444.3991893255546
BEL,2006,GDP,4797760281.266452,10547956,454.8521326090526
BEL,2007,GDP,4979476333.101284,10624835,468.66387413087205
BEL,2008,GDP,4878202199.095806,10709108,455.51900299220125
BEL,2009,GDP,4825178191.852764,10796498,446.920676672451
BEL,2010,GDP,4932376223.907287,10895591,452.6946931017589
BEL,2011,GDP,4967433609.0798235,10993609,451.8473968903045
BEL,2012,GDP,4947466940.351979,11067748,447.0165873267063
BEL,2013,GDP,4977275639.682021,11125033,447.39423601548157
BEL,2014,GDP,5090411170.543657,11179778,455.3230994876336
BEL,2015,GDP,5194237985.594964,11238474,462.18356563310675
BEL,2016,GDP,5252179371.025674,11295003,465.00026348161873
BEL,2017,GDP,5322170210.721959,11349081,468.9516455757042
BEL,2018,GDP,5404273484.338209,11403740,473.9036039350432
BEL,2019,GDP,5559078939.856023,11462023,484.99980674057474
BEL,1992,consumption,2716669009.6725507,10045165,270.44543416385403
BEL,1993,consumption,2717593589.4956684,10084479,269.4827952436282
BEL,1994,consumption,2777437934.1963005,10115601,274.5697397709044
BEL,1995,consumption,2834527825.7832217,10136814,279.6270924753302
BEL,1996,consumption,2858822563.008036,10156641,281.4732314559544
BEL,1997,consumption,2887799944.9677076,10181246,283.63914838789947
BEL,1998,consumption,2977330200.890578,10203012,291.8089482684699
BEL,1999,consumption,3039675740.0830827,10226419,297.2375511000559
BEL,2000,consumption,3136253973.9062915,10251251,305.9386580141576
BEL,2001,consumption,3171464450.519136,10286571,308.31114182939444
BEL,2002,consumption,3223509601.1485043,10332786,311.9690663436274
BEL,2003,consumption,3265459456.897366,10376131,314.708773134935
BEL,2004,consumption,3319262437.841637,10421136,318.51253431887244
BEL,2005,consumption,3365964184.111883,10478620,321.22208688852953
BEL,2006,consumption,3453762066.074154,10547956,327.4342503963947
BEL,2007,consumption,3548452680.0740933,10624835,333.9772034176619
BEL,2008,consumption,3580133936.5217,10709108,334.3073892355647
BEL,2009,consumption,3663267844.5950966,10796498,339.3014887415435
BEL,2010,consumption,3754115859.3370366,10895591,344.55366940049754
BEL,2011,consumption,3762494671.0142627,10993609,342.2438137479933
BEL,2012,consumption,3794564710.0864916,11067748,342.84885327046584
BEL,2013,consumption,3834585258.625749,11125033,344.6807985761255
BEL,2014,consumption,3895196566.05248,11179778,348.41448247473966
BEL,2015,consumption,3947144867.8621697,11238474,351.21715527056165
BEL,2016,consumption,3972740944.3957667,11295003,351.72553246738994
BEL,2017,consumption,4028001232.0532846,11349081,354.9187138635529
BEL,2018,consumption,4094277736.635252,11403740,359.02938304760124
BEL,2019,consumption,4161245295.0961328,11462023,363.04632219775976
CAN,1992,GDP,8673590449.604578,28371264,305.7174488103377
CAN,1993,GDP,8853758477.875845,28684764,308.6571839278805
CAN,1994,GDP,9370806120.966578,29000663,323.12385827063946
CAN,1995,GDP,9632953129.950766,29302311,328.74380215098955
CAN,1996,GDP,9805752220.052168,29610218,331.16109513452983
CAN,1997,GDP,10177794682.679482,29905948,340.32676986797014
CAN,1998,GDP,10451025752.976004,30155173,346.5748895877999
CAN,1999,GDP,11008732009.685257,30401286,362.11402404770826
CAN,2000,GDP,11760845938.888742,30685730,383.267595031591
CAN,2001,GDP,11870183367.308558,31020855,382.6517150255387
CAN,2002,GDP,12106520658.007656,31359199,386.05962665078454
CAN,2003,GDP,12384101148.774612,31642461,391.37604210919665
CAN,2004,GDP,12943011648.204967,31938807,405.244054613717
CAN,2005,GDP,13476657046.054783,32242732,417.9750353057794
CAN,2006,GDP,13909321663.117825,32571193,427.04366595100845
CAN,2007,GDP,14355679705.375555,32888886,436.49029965245876
CAN,2008,GDP,14728872154.277485,33247298,443.0095989838779
CAN,2009,GDP,13925350061.211365,33630069,414.07438269637106
CAN,2010,GDP,14506945700.126764,34005902,426.60082064950853
CAN,2011,GDP,15010354847.52303,34339221,437.11984169713776
CAN,2012,GDP,15229130068.435598,34713395,438.7104767031746
CAN,2013,GDP,15707235812.877167,35080992,447.74206535770617
CAN,2014,GDP,16164082665.482498,35434066,456.173521420954
CAN,2015,GDP,15948509745.66561,35704498,446.6806884013776
CAN,2016,GDP,16001078791.758108,36110803,443.1105780660183
CAN,2017,GDP,16644584719.610212,36545075,455.453565757088
CAN,2018,GDP,16997982311.83431,37072620,458.5050183082369
CAN,2019,GDP,17253838375.562565,37618495,458.65307412118864
CAN,1992,consumption,7125098923.223407,28371264,251.13787398486747
CAN,1993,consumption,7219023169.4347725,28684764,251.66751134625937
CAN,1994,consumption,7427738639.322163,29000663,256.1230630941838
CAN,1995,consumption,7464099155.485412,29302311,254.72732015865273
CAN,1996,consumption,7568548492.048514,29610218,255.6059699407993
CAN,1997,consumption,7809137713.655427,29905948,261.1232291868971
CAN,1998,consumption,8038845431.91791,30155173,266.58263349767253
CAN,1999,consumption,8319064675.40304,30401286,273.6418674987315
CAN,2000,consumption,8660743470.13881,30685730,282.24009890391426
CAN,2001,consumption,8855508600.865313,31020855,285.46952045213817
CAN,2002,consumption,9175514941.667519,31359199,292.5940468590259
CAN,2003,consumption,9358849725.405758,31642461,295.76870539259755
CAN,2004,consumption,9595358110.753565,31938807,300.4294465586509
CAN,2005,consumption,9889315586.061619,32242732,306.71456705534814
CAN,2006,consumption,10246484553.252403,32571193,314.5873273125858
CAN,2007,consumption,10620135229.237703,32888886,322.90954546887673
CAN,2008,consumption,10925983905.285782,33247298,328.62772503455113
CAN,2009,consumption,11075877252.386803,33630069,329.34447004514925
CAN,2010,consumption,11384141319.9396,34005902,334.7695738210267
CAN,2011,consumption,11565270764.27703,34339221,336.79479113044033
CAN,2012,consumption,11738358992.394955,34713395,338.15070500580407
CAN,2013,consumption,12041996408.339708,35080992,343.26271071068084
CAN,2014,consumption,12294859736.497393,35434066,346.97851882133403
CAN,2015,consumption,12549377344.672695,35704498,351.47889054966396
CAN,2016,consumption,12726021462.9211,36110803,352.4159089710938
CAN,2017,consumption,13095886643.416313,36545075,358.348878567531
CAN,2018,consumption,13355019342.341188,37072620,360.2394258172524
CAN,2019,consumption,13530123677.938643,37618495,359.6667989492573
CHE,1992,GDP,3807872657.4561944,6875364,553.8430630663619
CHE,1993,GDP,3767339609.2398405,6938265,542.9800691152385
CHE,1994,GDP,3827745496.5149417,6993795,547.3059328325954
CHE,1995,GDP,3806025099.9134073,7040687,540.575813115028
CHE,1996,GDP,3805392542.400976,7071851,538.1041741972471
CHE,1997,GDP,3846585252.7971935,7088906,542.6204343515337
CHE,1998,GDP,3945266911.1215773,7110002,554.889704830122
CHE,1999,GDP,3989139801.575285,7143991,558.3909332437968
CHE,2000,GDP,4129399915.961817,7184250,574.7851085307188
CHE,2001,GDP,4199415826.4250207,7226647,581.1015573923869
CHE,2002,GDP,4169347435.210753,7284754,572.3388099599181
CHE,2003,GDP,4179811977.9243827,7339002,569.5341107584359
CHE,2004,GDP,4272144033.731248,7389626,578.1272331957325
CHE,2005,GDP,4388650541.239481,7437116,590.1011280769966
CHE,2006,GDP,4618334716.739328,7483935,617.099789982052
CHE,2007,GDP,4885150513.073356,7551117,646.9440896059955
CHE,2008,GDP,4956319219.72475,7647676,648.0817466279625
CHE,2009,GDP,4907087751.310498,7743832,633.6769381503238
CHE,2010,GDP,5055147163.713308,7824910,646.0326270478904
CHE,2011,GDP,5119908407.155177,7912396,647.0743384374565
CHE,2012,GDP,5224120989.4110565,7996861,653.2714510619925
CHE,2013,GDP,5330037413.269147,8089346,658.895961832903
CHE,2014,GDP,5433255891.154421,8188646,663.5109016990624
CHE,2015,GDP,5501067945.762536,8282398,664.187828906862
CHE,2016,GDP,5596388634.064316,8373334,668.3584620014341
CHE,2017,GDP,5626827063.898002,8451834,665.7521981498928
CHE,2018,GDP,5803274805.975809,8514327,681.5893735319079
CHE,2019,GDP,5841503289.095306,8575280,681.2026300127001
CHE,1992,consumption,2572142113.3811383,6875364,374.1099545247551
CHE,1993,consumption,2545032197.939635,6938265,366.81103963881964
CHE,1994,consumption,2557383691.720569,6993795,365.66466299349196
CHE,1995,consumption,2559456501.2176704,7040687,363.52368756311284
CHE,1996,consumption,2593967889.150257,7071851,366.8018301220228
CHE,1997,consumption,2637333316.240558,7088906,372.0367171239904
CHE,1998,consumption,2689211906.6054754,7110002,378.2294163356741
CHE,1999,consumption,2741316291.9920564,7143991,383.7233686313514
CHE,2000,consumption,2796776838.3963556,7184250,389.29280556722773
CHE,2001,consumption,2848601889.020771,7226647,394.18030090867467
CHE,2002,consumption,2837203126.692946,7284754,389.4713708510879
CHE,2003,consumption,2870271235.782283,7339002,391.0983040721726
CHE,2004,consumption,2917181000.239541,7389626,394.7670694348457
CHE,2005,consumption,2960964340.14654,7437116,398.133408184912
CHE,2006,consumption,3010940546.202699,7483935,402.3205100261693
CHE,2007,consumption,3094524195.5020003,7551117,409.8101241845412
CHE,2008,consumption,3130122269.6425424,7647676,409.29064851106955
CHE,2009,consumption,3193139307.9619527,7743832,412.34614954998415
CHE,2010,consumption,3241003527.7434673,7824910,414.1905181968185
CHE,2011,consumption,3271600028.4080877,7912396,413.4777921135504
CHE,2012,consumption,3338462963.337767,7996861,417.4716758660388
CHE,2013,consumption,3410591101.1977777,8089346,421.6151838724389
CHE,2014,consumption,3446637690.071133,8188646,420.90446821991486
CHE,2015,consumption,3516273626.9037504,8282398,424.54777310915875
CHE,2016,consumption,3573076299.004558,8373334,426.72086160716367
CHE,2017,consumption,3628177599.7982726,8451834,429.2769592727771
CHE,2018,consumption,3639729781.1257534,8514327,427.4829685453417
CHE,2019,consumption,3670481585.7452908,8575280,428.0305232884863
CHL,1992,GDP,1249322571.6325612,13737062,90.94539805036632
CHL,1993,GDP,1311847461.8180192,13956766,93.9936559671502
CHL,1994,GDP,1401132349.0261323,14171821,98.8674884495177
CHL,1995,GDP,1565660169.0219095,14381249,108.86816360817544
CHL,1996,GDP,1593186790.1853557,14584947,109.2350071745448
CHL,1997,GDP,1665760076.3199208,14782706,112.68302814923877
CHL,1998,GDP,1663893168.9670928,14974898,111.11215375003508
CHL,1999,GDP,1640888216.832967,15162353,108.22121189455008
CHL,2000,GDP,1734356348.9812453,15343326,113.03653125673307
CHL,2001,GDP,1801289218.6662366,15520049,116.0620832232061
CHL,2002,GDP,1874421378.5883374,15691701,119.45303944985552
CHL,2003,GDP,1991405779.1053529,15856977,125.58546178791536
CHL,2004,GDP,2249815654.172475,16022133,140.41923470317434
CHL,2005,GDP,2475128187.5086455,16183489,152.94156825568612
CHL,2006,GDP,2852292070.178886,16347890,174.47463068193423
CHL,2007,GDP,3019269211.8356366,16517933,182.78735068338372
CHL,2008,GDP,2891408319.3705406,16697754,173.16151138473717
CHL,2009,GDP,2950955309.450149,16881078,174.80846362123017
CHL,2010,GDP,3353007412.1177397,17063927,196.496821166531
CHL,2011,GDP,3558913705.9419236,17254159,206.264107450379
CHL,2012,GDP,3695675132.0675344,17443491,211.86556819776123
CHL,2013,GDP,3835621097.47445,17611902,217.78573929575865
CHL,2014,GDP,3946668928.788712,17787617,221.87732785053288
CHL,2015,GDP,4054996797.283481,17971423,225.6358217868157
CHL,2016,GDP,4156871425.4217257,18167147,228.81256068560054
CHL,2017,GDP,4322388508.387227,18419192,234.66765037180932
CHL,2018,GDP,4457789625.241322,18751405,237.73096603914863
CHL,2019,GDP,4486895688.558195,19107216,234.827286641769
CHL,1992,consumption,893768244.6035032,13737062,65.06254718829275
CHL,1993,consumption,952471232.3037239,13956766,68.24440793115855
CHL,1994,consumption,999137373.5830988,14171821,70.50169301341717
CHL,1995,consumption,1083547904.468204,14381249,75.34449229466814
CHL,1996,consumption,1149303340.9224625,14584947,78.80065254419247
CHL,1997,consumption,1207409933.2857442,14782706,81.67719315298189
CHL,1998,consumption,1246760632.3354154,14974898,83.25670280595003
CHL,1999,consumption,1239312123.543561,15162353,81.7361344603678
CHL,2000,consumption,1295801101.9419432,15343326,84.45372938969967
CHL,2001,consumption,1339419398.7601333,15520049,86.30252383611246
CHL,2002,consumption,1384466812.7297356,15691701,88.22923739942124
CHL,2003,consumption,1437244051.9878576,15856977,90.63796031159391
CHL,2004,consumption,1558551554.4885364,16022133,97.27491055582527
CHL,2005,consumption,1694069047.594176,16183489,104.67885185908774
CHL,2006,consumption,1819590240.8019729,16347890,111.30428702431769
CHL,2007,consumption,1943482403.911559,16517933,117.65893492312622
CHL,2008,consumption,2008214989.2552667,16697754,120.26856960853937
CHL,2009,consumption,2051939498.8413575,16881078,121.55263418848948
CHL,2010,consumption,2318075649.777107,17063927,135.84655219030805
CHL,2011,consumption,2507460608.294638,17254159,145.3249971960174
CHL,2012,consumption,2648823870.3324776,17443491,151.8517061941602
CHL,2013,consumption,2818084594.8259015,17611902,160.01023596576346
CHL,2014,consumption,2939034180.0928884,17787617,165.22922548269892
CHL,2015,consumption,3056150260.6859937,17971423,170.0561085611303
CHL,2016,consumption,3180121144.578657,18167147,175.04791173752582
CHL,2017,consumption,3316427591.047642,18419192,180.05282702127445
CHL,2018,consumption,3428748240.481741,18751405,182.85287105055545
CHL,2019,consumption,3451183181.7090516,19107216,180.62197976455866
CRI,1992,GDP,294872475.15744674,3242753.8,90.93273598428803
CRI,1993,GDP,317690243.9039855,3328470.9,95.4463035575842
CRI,1994,GDP,338293671.3917118,3412559.8,99.13193942907954
CRI,1995,GDP,346767940.87767226,3499614.8,99.08745981919847
CRI,1996,GDP,344164248.7066857,3582865.3,96.05838341360077
CRI,1997,GDP,367601017.46960413,3667367,100.23567793177071
CRI,1998,GDP,394887839.3113978,3747162.3,105.38316936829713
CRI,1999,GDP,415212216.62045205,3826005.9,108.52367389722323
CRI,2000,GDP,425166283.3266892,3902212.7,108.95517902616871
CRI,2001,GDP,433940043.64409846,3976741.2,109.11950811486008
CRI,2002,GDP,451313397.59757733,4044374.4,111.5904100267219
CRI,2003,GDP,475962110.8342494,4111348.6,115.7678798714002
CRI,2004,GDP,501604050.86918145,4177263.4,120.07958388958222
CRI,2005,GDP,517953527.05001837,4242068.9,122.09927260965006
CRI,2006,GDP,563451264.2734767,4306736.5,130.83021547138458
CRI,2007,GDP,616204750.4349686,4372776.5,140.91841886612968
CRI,2008,GDP,634017396.8786246,4438324.5,142.850617812786
CRI,2009,GDP,639311167.6812962,4500648.5,142.04867758086334
CRI,2010,GDP,679739119.3065922,4561646.5,149.01179197173482
CRI,2011,GDP,707742145.8967047,4626016.1,152.9917169758023
CRI,2012,GDP,743990211.3936102,4688595.7,158.6808202280291
CRI,2013,GDP,757905191.5887929,4749448.1,159.57752893200222
CRI,2014,GDP,797422757.5855556,4810154.7,165.77902527450013
CRI,2015,GDP,852400839.640251,4868995.7,175.06707587362442
CRI,2016,GDP,905795362.9719354,4925331.3,183.9054690538148
CRI,2017,GDP,954902488.5189376,4978065.4,191.82200549613862
CRI,2018,GDP,979606683.05449,5027878.2,194.83500675384101
CRI,2019,GDP,1007915323.7055125,5069310.6,198.82690236134133
CRI,1992,consumption,250934149.52283114,3242753.8,77.38304077319442
CRI,1993,consumption,274004938.6270057,3328470.9,82.32156652684141
CRI,1994,consumption,289096416.9104346,3412559.8,84.71541419155047
CRI,1995,consumption,291195278.0158779,3499614.8,83.20780847534361
CRI,1996,consumption,296954199.46798354,3582865.3,82.88176490139988
CRI,1997,consumption,310037063.2449075,3667367,84.53941567476271
CRI,1998,consumption,321638355.2060232,3747162.3,85.83518125329752
CRI,1999,consumption,337746422.8225423,3826005.9,88.2765033954972
CRI,2000,consumption,340037742.02932274,3902212.7,87.13972511783449
CRI,2001,consumption,345937543.4561033,3976741.2,86.99020782546857
CRI,2002,consumption,370431513.203782,4044374.4,91.5917955577461
CRI,2003,consumption,395140082.63655037,4111348.6,96.10960321791987
CRI,2004,consumption,410869895.62596697,4177263.4,98.35862771449054
CRI,2005,consumption,431607946.75518256,4242068.9,101.74468093980805
CRI,2006,consumption,462598237.18835807,4306736.5,107.4127096441489
CRI,2007,consumption,505322110.49444115,4372776.5,115.56092804981941
CRI,2008,consumption,533702221.6631465,4438324.5,120.24858066667872
CRI,2009,consumption,524502351.67639005,4500648.5,116.53928354466919
CRI,2010,consumption,557517596.9393468,4561646.5,122.2185009161378
CRI,2011,consumption,591998173.405353,4626016.1,127.97149007011735
CRI,2012,consumption,624146104.0060167,4688595.7,133.12005213117794
CRI,2013,consumption,631279331.476296,4749448.1,132.9163553711211
CRI,2014,consumption,663792710.7902004,4810154.7,137.99820425530189
CRI,2015,consumption,698188910.2363846,4868995.7,143.39485044860166
CRI,2016,consumption,731604978.0636427,4925331.3,148.53924203304715
CRI,2017,consumption,778070907.0697155,4978065.4,156.29985637989316
CRI,2018,consumption,794445933.0209248,5027878.2,158.0081898206931
CRI,2019,consumption,816873054.559941,5069310.6,161.14085701514148
CZE,1992,GDP,2124534170.7899227,10317807,205.9094699862018
CZE,1993,GDP,2129293795.980905,10330607,206.11507106803163
CZE,1994,GDP,2237092908.759931,10336162,216.43361518133435
CZE,1995,GDP,2378818879.7475724,10330759,230.2656445424361
CZE,1996,GDP,2504208802.096917,10315353,242.76520659030447
CZE,1997,GDP,2483723951.9136004,10303642,241.0530132853607
CZE,1998,GDP,2454721237.619,10294943,238.4395171123337
CZE,1999,GDP,2512427347.0066495,10282784,244.33337771236364
CZE,2000,GDP,2562429450.2471614,10272503,249.4454808382301
CZE,2001,GDP,2644032238.479963,10224192,258.6054955227722
CZE,2002,GDP,2707682575.2691956,10200774,265.4389338759192
CZE,2003,GDP,2833202804.5333123,10201651,277.7200283104482
CZE,2004,GDP,3004846068.555893,10206923,294.39293982681096
CZE,2005,GDP,3141824519.250479,10234092,306.99592296517164
CZE,2006,GDP,3289446610.250646,10266646,320.4012888192158
CZE,2007,GDP,3493876028.196086,10322689,338.4656873994834
CZE,2008,GDP,3439110865.735775,10429692,329.74232275850284
CZE,2009,GDP,3326784850.3082376,10491492,317.09358881541704
CZE,2010,GDP,3351164833.2043195,10517247,318.6351745094814
CZE,2011,GDP,3339002476.227662,10496672,318.10105871915044
CZE,2012,GDP,3250902784.2130656,10509286,309.3362179136685
CZE,2013,GDP,3244202777.9401655,10510719,308.6565988435392
CZE,2014,GDP,3395146231.6293006,10524783,322.5858653455659
CZE,2015,GDP,3596369946.514847,10542942,341.11635504727684
CZE,2016,GDP,3718785187.4371953,10565284,351.9815640958819
CZE,2017,GDP,3881899787.9253035,10589526,366.5791828572217
CZE,2018,GDP,4017710479.8196774,10626430,378.08657091983645
CZE,2019,GDP,4201165322.7326183,10669324,393.76115325887736
CZE,1992,consumption,1532260686.3773766,10317807,148.50643032743068
CZE,1993,consumption,1514606491.8613803,10330607,146.61350411078269
CZE,1994,consumption,1581699935.900928,10336162,153.02584614104617
CZE,1995,consumption,1645855636.3957965,10330759,159.3160421606773
CZE,1996,consumption,1727138561.264461,10315353,167.43378159375263
CZE,1997,consumption,1773917609.4281738,10303642,172.16413472325357
CZE,1998,consumption,1707696824.9553583,10294943,165.87724914604755
CZE,1999,consumption,1777050270.615278,10282784,172.81801024073616
CZE,2000,consumption,1794185402.0090396,10272503,174.65902925597
CZE,2001,consumption,1831974823.1450458,10224192,179.1804010669054
CZE,2002,consumption,1918072562.792534,10200774,188.0320613702974
CZE,2003,consumption,2038847177.0946789,10201651,199.854629127646
CZE,2004,consumption,2089892916.859189,10206923,204.75249170187618
CZE,2005,consumption,2148629430.4265013,10234092,209.9482230984929
CZE,2006,consumption,2210421145.2651405,10266646,215.30119430095675
CZE,2007,consumption,2287386273.528409,10322689,221.58821926422553
CZE,2008,consumption,2298597123.3178167,10429692,220.38974145332543
CZE,2009,consumption,2318762307.844321,10491492,221.01358966335016
CZE,2010,consumption,2353925082.616123,10517247,223.81570791444977
CZE,2011,consumption,2325423008.1750026,10496672,221.5390752588061
CZE,2012,consumption,2262684654.147925,10509286,215.30336638929847
CZE,2013,consumption,2269792819.6836114,10510719,215.95029033538157
CZE,2014,consumption,2321044766.7420077,10524783,220.53136551528024
CZE,2015,consumption,2410454074.102017,10542942,228.6320150582273
CZE,2016,consumption,2501081396.848602,10565284,236.72637638974984
CZE,2017,consumption,2612216875.9705687,10589526,246.6793014126004
CZE,2018,consumption,2743274516.0173078,10626430,258.15579795070477
CZE,2019,consumption,2845577705.260916,10669324,266.70646661971426
DEU,1992,GDP,31938447180.185513,80624601,396.13773940022986
DEU,1993,GDP,31418881995.183186,81156368,387.1400700827714
DEU,1994,GDP,31999570334.094532,81438346,392.93001277425907
DEU,1995,GDP,32522521569.780815,81678046,398.17947615667515
DEU,1996,GDP,32540848554.423607,81914834,397.25220653469927
DEU,1997,GDP,32561012579.028595,82034775,396.91719248365825
DEU,1998,GDP,33171281789.67007,82047197,404.295125276127
DEU,1999,GDP,33873969051.663395,82100243,412.5927989234258
DEU,2000,GDP,34235703649.7074,82211501,416.4344797658834
DEU,2001,GDP,34608036147.387344,82349926,420.2558256990704
DEU,2002,GDP,34555747254.54789,82488493,418.9159723714178
DEU,2003,GDP,34470454765.645164,82534175,417.6506854965857
DEU,2004,GDP,34695970094.22357,82516268,420.474300827851
DEU,2005,GDP,34654230900.96995,82469421,420.2070352957849
DEU,2006,GDP,35589878194.052475,82376447,432.03949053608096
DEU,2007,GDP,36454239554.79192,82266373,443.1244289181428
DEU,2008,GDP,36178155088.13386,82110097,440.60543599325985
DEU,2009,GDP,34737818652.29183,81902308,424.13723740595725
DEU,2010,GDP,36029535786.35537,81776936,440.5830977374277
DEU,2011,GDP,37073885368.491974,80274981,461.83611514641126
DEU,2012,GDP,37036822690.21415,80425826,460.509074413661
DEU,2013,GDP,37363713242.72399,80645605,463.3074950919395
DEU,2014,GDP,38552088143.92431,80982495,476.0545861661129
DEU,2015,GDP,39672827654.27529,81686608,485.67113539927243
DEU,2016,GDP,40862178741.72195,82348669,496.20934057503644
DEU,2017,GDP,41991823974.401276,82657000,508.0250187449493
DEU,2018,GDP,42526646531.90019,82905788,512.9514785131793
DEU,2019,GDP,43181008516.37353,83092956,519.671108058468
DEU,1992,consumption,23911518889.875282,80624601,296.5784461975233
DEU,1993,consumption,23827442623.694042,81156368,293.599174173172
DEU,1994,consumption,24106243168.80084,81438346,296.00605062387734
DEU,1995,consumption,24445889111.097317,81678046,299.29571418857546
DEU,1996,consumption,24691619139.792545,81914834,301.4303751112106
DEU,1997,consumption,24607169485.03702,82034775,299.96022400301604
DEU,1998,consumption,24803607761.719814,82047197,302.3090205229048
DEU,1999,consumption,25642974856.023563,82100243,312.3373807313038
DEU,2000,consumption,25974740213.519634,82211501,315.95020036818977
DEU,2001,consumption,26189247881.29684,82349926,318.02393946652535
DEU,2002,consumption,26193227199.745354,82488493,317.5379528359835
DEU,2003,consumption,26474077181.035965,82534175,320.76503074073213
DEU,2004,consumption,26374030363.546265,82516268,319.62219090599524
DEU,2005,consumption,26445086130.339787,82469421,320.66535462083317
DEU,2006,consumption,26664772060.241646,82376447,323.694126553451
DEU,2007,consumption,26547029707.93176,82266373,322.6960025079963
DEU,2008,consumption,26528965733.143356,82110097,323.09017651195023
DEU,2009,consumption,26825816175.054897,81902308,327.53431289207253
DEU,2010,consumption,27153112725.94423,81776936,332.0387636673527
DEU,2011,consumption,27389726168.955788,80274981,341.19878731526313
DEU,2012,consumption,27587992634.67779,80425826,343.0240509395302
DEU,2013,consumption,27812456976.890823,80645605,344.8725690245714
DEU,2014,consumption,28266980016.463776,80982495,349.05049562209433
DEU,2015,consumption,28996070025.008934,81686608,354.9672429170879
DEU,2016,consumption,29838645572.282154,82348669,362.34520769585424
DEU,2017,consumption,30384422148.306465,82657000,367.59647880163163
DEU,2018,consumption,30823772303.71408,82905788,371.7927667934847
DEU,2019,consumption,31527099747.705902,83092956,379.4196435580641
DNK,1992,GDP,1959132102.073604,5171370,378.84199004782175
DNK,1993,GDP,1944430906.3146992,5189377,374.69447802977106
DNK,1994,GDP,2038866009.1239927,5204994,391.71342159548936
DNK,1995,GDP,2084251442.1546385,5227861,398.68149557814155
DNK,1996,GDP,2142450180.1719942,5261503,407.1935681062986
DNK,1997,GDP,2206677903.8981404,5284220,417.5976594271511
DNK,1998,GDP,2244414743.426076,5301304,423.37031481802893
DNK,1999,GDP,2292742577.410545,5319111,431.03867872103905
DNK,2000,GDP,2380668694.293644,5337344,446.0399581315433
DNK,2001,GDP,2407500664.175866,5355082,449.57307174304077
DNK,2002,GDP,2417662853.323537,5374255,449.8600928544583
DNK,2003,GDP,2414515861.3565006,5387174,448.1971180727596
DNK,2004,GDP,2504379337.850778,5401177,463.67288793734735
DNK,2005,GDP,2590667481.1730943,5415978,478.33788859059143
DNK,2006,GDP,2693876486.3191075,5434567,495.69293861297643
DNK,2007,GDP,2740039571.4778676,5457415,502.0764540497411
DNK,2008,GDP,2750719179.985906,5489022,501.1310175083842
DNK,2009,GDP,2594973223.6306944,5519441,470.1514562128111
DNK,2010,GDP,2658617330.4351387,5543819,479.5642372947491
DNK,2011,GDP,2638100110.4273195,5566856,473.8940814038156
DNK,2012,GDP,2638212284.9901524,5587085,472.19834403631813
DNK,2013,GDP,2676489033.946414,5608784,477.1959544076602
DNK,2014,GDP,2722950671.729896,5639719,482.81672752310817
DNK,2015,GDP,2779064616.5546737,5678348,489.4142832659558
DNK,2016,GDP,2869510081.5876975,5724456,501.2721001939219
DNK,2017,GDP,2955856101.6410794,5760694,513.1076397463708
DNK,2018,GDP,3004247327.2515535,5789957,518.8721310454557
DNK,2019,GDP,3061507426.500562,5814461,526.5333152119453
DNK,1992,consumption,1453129782.6415687,5171370,280.99512946116187
DNK,1993,consumption,1460523725.444551,5189377,281.4449066707913
DNK,1994,consumption,1536395895.2685776,5204994,295.1772653856234
DNK,1995,consumption,1555727243.3504047,5227861,297.5838958515547
DNK,1996,consumption,1592111670.016821,5261503,302.5963626775127
DNK,1997,consumption,1624561846.3396332,5284220,307.4364516124675
DNK,1998,consumption,1668145662.1740632,5301304,314.6670445939458
DNK,1999,consumption,1677431784.961562,5319111,315.35942471619074
DNK,2000,consumption,1690044151.902967,5337344,316.6451613204933
DNK,2001,consumption,1712071481.2878847,5355082,319.70966668444754
DNK,2002,consumption,1738228271.781571,5374255,323.43613613078855
DNK,2003,consumption,1746395548.0995443,5387174,324.17656234967427
DNK,2004,consumption,1821148265.6485238,5401177,337.1761869030628
DNK,2005,consumption,1877644860.0589137,5415978,346.68620516163725
DNK,2006,consumption,1934159677.8365374,5434567,355.89949996688557
DNK,2007,consumption,1973412930.5661626,5457415,361.6021377458307
DNK,2008,consumption,1994071978.9744494,5489022,363.28365580871224
DNK,2009,consumption,1981636481.6774423,5519441,359.0284743830838
DNK,2010,consumption,2004172451.1727264,5543819,361.51477008407494
DNK,2011,consumption,1974833855.9980924,5566856,354.7485072360579
DNK,2012,consumption,1977963352.3543966,5587085,354.02420982576723
DNK,2013,consumption,1991802464.2362971,5608784,355.1219772835426
DNK,2014,consumption,1998532806.8616655,5639719,354.3674439917424
DNK,2015,consumption,2027554947.6911259,5678348,357.0677506364749
DNK,2016,consumption,2074201268.7545233,5724456,362.3403287149946
DNK,2017,consumption,2115415682.6676638,5760694,367.215422771573
DNK,2018,consumption,2172519437.54485,5789957,375.22203317655897
DNK,2019,consumption,2207477037.08973,5814461,379.65290971763847
ESP,1992,GDP,10678467810.627123,39147940,272.77215124543267
ESP,1993,GDP,10565103639.501558,39356082,268.44907070529933
ESP,1994,GDP,10730271199.800568,39547353,271.32716568415003
ESP,1995,GDP,11053474077.364801,39718895,278.2925878820345
ESP,1996,GDP,11338881276.615522,39884246,284.2947382436545
ESP,1997,GDP,11802538159.974642,40049974,294.69527645572606
ESP,1998,GDP,12407043406.038124,40214066,308.5249675085858
ESP,1999,GDP,12993080031.972555,40369667,321.8525441880052
ESP,2000,GDP,13666060329.416105,40554387,336.9810602590567
ESP,2001,GDP,14280129487.130077,40766049,350.2946652281676
ESP,2002,GDP,14819691082.692198,41423520,357.76030339025266
ESP,2003,GDP,15398168565.107588,42196231,364.9181028776619
ESP,2004,GDP,16012183527.815474,42859172,373.5999269378203
ESP,2005,GDP,16716209679.316135,43662613,382.8495028301704
ESP,2006,GDP,17485689795.107475,44360521,394.17232712635354
ESP,2007,GDP,18239945518.101597,45236004,403.2174353442359
ESP,2008,GDP,18093199713.369095,45983169,393.4743974119986
ESP,2009,GDP,17502065769.684044,46367550,377.46367383405084
ESP,2010,GDP,17259197382.80663,46562483,370.6674616730948
ESP,2011,GDP,16593382228.123323,46736257,355.0430285446976
ESP,2012,GDP,15701179377.00009,46749303,335.85911167488615
ESP,2013,GDP,15328966153.542837,46581124,329.08107055430514
ESP,2014,GDP,15551197007.743021,46433050,334.91655206244303
ESP,2015,GDP,16353942894.966454,46384379,352.57436334259114
ESP,2016,GDP,16927622076.531101,46427100,364.6064922541167
ESP,2017,GDP,17298588737.647457,46510461,371.92898899986085
ESP,2018,GDP,17628008328.88573,46715383,377.3491127940818
ESP,2019,GDP,18103866814.24269,47087778,384.47061176347484
ESP,1992,consumption,8517134287.201066,39147940,217.5627705366123
ESP,1993,consumption,8475695232.460566,39356082,215.3592228123868
ESP,1994,consumption,8521207043.611787,39547353,215.46845483215492
ESP,1995,consumption,8685711325.880201,39718895,218.67958123911055
ESP,1996,consumption,8834752519.79939,39884246,221.50982921425646
ESP,1997,consumption,9108793736.038591,40049974,227.43569661340084
ESP,1998,consumption,9490927373.663094,40214066,236.0101406722487
ESP,1999,consumption,9922808335.793299,40369667,245.79861745684696
ESP,2000,consumption,10423296756.487585,40554387,257.0202024379652
ESP,2001,consumption,10821156730.758308,40766049,265.44531531025507
ESP,2002,consumption,11154478879.072872,41423520,269.2788753604926
ESP,2003,consumption,11498744854.379961,42196231,272.5064438665141
ESP,2004,consumption,12073214566.929646,42859172,281.69500257563647
ESP,2005,consumption,12606345706.13861,43662613,288.72174246966415
ESP,2006,consumption,13137460362.379627,44360521,296.1520754542001
ESP,2007,consumption,13738650595.418806,45236004,303.7105265845057
ESP,2008,consumption,13796692592.859766,45983169,300.03788109644563
ESP,2009,consumption,13566543617.148626,46367550,292.5870272884512
ESP,2010,consumption,13572443300.663576,46562483,291.48882160480093
ESP,2011,consumption,13112326054.662043,46736257,280.5600383159063
ESP,2012,consumption,12460470648.946884,46749303,266.5381053691193
ESP,2013,consumption,12070874096.418318,46581124,259.13659997595414
ESP,2014,consumption,12256276953.995958,46433050,263.955888187314
ESP,2015,consumption,12692496314.348467,46384379,273.6373017810256
ESP,2016,consumption,13029783122.62648,46427100,280.6503770992907
ESP,2017,consumption,13285487181.25665,46510461,285.6451408051331
ESP,2018,consumption,13494876148.292503,46715383,288.87435533371314
ESP,2019,consumption,13778178947.717806,47087778,292.60626712345197
FIN,1992,GDP,1322878831.9263678,5041990,262.372363278461
FIN,1993,GDP,1307101332.6209035,5066452,257.9914568658508
FIN,1994,GDP,1369088109.200675,5088324,269.0646486349287
FIN,1995,GDP,1475344166.0591166,5107787,288.84214750127927
FIN,1996,GDP,1518581695.7163289,5124573,296.3333131787427
FIN,1997,GDP,1629993986.1070383,5139839,317.1293859801909
FIN,1998,GDP,1747793097.9213338,5153499,339.14687825132665
FIN,1999,GDP,1820345428.6982696,5165470,352.40654358621185
FIN,2000,GDP,1898840160.4273744,5176203,366.84035777332815
FIN,2001,GDP,1962772077.154691,5188005,378.32887153244667
FIN,2002,GDP,1983548220.0063577,5200598,381.40771888278186
FIN,2003,GDP,2009663855.9521472,5213010,385.5093038287184
FIN,2004,GDP,2098818902.1363184,5228173,401.44404214174216
FIN,2005,GDP,2163658744.06432,5246100,412.43185300781914
FIN,2006,GDP,2236303256.6090174,5266266,424.64684780620985
FIN,2007,GDP,2360713002.319939,5288719,446.36763691168676
FIN,2008,GDP,2355720074.872169,5313398,443.35471855715855
FIN,2009,GDP,2203913390.3048787,5338867,412.80544922824987
FIN,2010,GDP,2254970092.3362937,5363341,420.441305584764
FIN,2011,GDP,2290657627.0925574,5388272,425.1191526880153
FIN,2012,GDP,2258780994.198947,5413967,417.21366129474876
FIN,2013,GDP,2260523038.3683167,5438975,415.61563316035034
FIN,2014,GDP,2263151677.0678635,5461507,414.38227160889176
FIN,2015,GDP,2315648287.03017,5479528,422.59995514762767
FIN,2016,GDP,2368068915.8831844,5495297,430.926466009605
FIN,2017,GDP,2448288315.0089297,5508209,444.47992351214884
FIN,2018,GDP,2499631957.8358808,5515525,453.19927982121027
FIN,2019,GDP,2544851430.089522,5521605,460.88980107949084
FIN,1992,consumption,1035510842.7958529,5041990,205.37740907773576
FIN,1993,consumption,1009816318.6335,5066452,199.31429699393183
FIN,1994,consumption,1027261640.4383504,5088324,201.88605136747393
FIN,1995,consumption,1075811123.669085,5107787,210.62176705275397
FIN,1996,consumption,1120370401.7466066,5124573,218.62707424532866
FIN,1997,consumption,1164294032.2922308,5139839,226.5234440791299
FIN,1998,consumption,1217915626.188924,5153499,236.3279057954458
FIN,1999,consumption,1258122544.3381631,5165470,243.56400179231767
FIN,2000,consumption,1282823254.4526439,5176203,247.83093987091385
FIN,2001,consumption,1324372020.306081,5188005,255.27577947709784
FIN,2002,consumption,1366087992.6414037,5200598,262.6790212666704
FIN,2003,consumption,1421709284.124287,5213010,272.72329884736206
FIN,2004,consumption,1480944471.8717084,5228173,283.262331195182
FIN,2005,consumption,1537171884.2496483,5246100,293.012310907083
FIN,2006,consumption,1590746812.3862607,5266266,302.0635137659702
FIN,2007,consumption,1636922048.0806181,5288719,309.51201001237126
FIN,2008,consumption,1669849276.0966275,5313398,314.27144665177116
FIN,2009,consumption,1679635823.0247152,5338867,314.6052941616105
FIN,2010,consumption,1711647269.2464693,5363341,319.13825155746565
FIN,2011,consumption,1746812591.7199516,5388272,324.1879013754227
FIN,2012,consumption,1761726980.4938078,5413967,325.40408548737145
FIN,2013,consumption,1777863706.6970713,5438975,326.87477083403974
FIN,2014,consumption,1788379603.6463985,5461507,327.45167288925904
FIN,2015,consumption,1823747091.856723,5479528,332.8292312507068
FIN,2016,consumption,1841426425.163492,5495297,335.09133813213225
FIN,2017,consumption,1846975560.4895675,5508209,335.3132679768628
FIN,2018,consumption,1878973466.6601596,5515525,340.66992111542595
FIN,2019,consumption,1904301448.7176566,5521605,344.8818683548817
FRA,1992,GDP,19466602513.98919,58711615,331.5630563729032
FRA,1993,GDP,19292856036.604813,58961049,327.2135819124387
FRA,1994,GDP,19616196714.1289,59175335,331.4927868871194
FRA,1995,GDP,19940986702.15925,59383991,335.7973481802402
FRA,1996,GDP,20087628057.68893,59589289,337.1013213077426
FRA,1997,GDP,20528264799.116074,59795263,343.3092149643371
FRA,1998,GDP,21291331091.24421,60011008,354.79042597058543
FRA,1999,GDP,21945682553.037685,60315406,363.8487081233887
FRA,2000,GDP,22796370930.736916,60724780,375.40475125207394
FRA,2001,GDP,23290548288.181793,61163237,380.793258018404
FRA,2002,GDP,23571766110.14229,61604550,382.63027828532614
FRA,2003,GDP,23730642753.33608,62037544,382.52066769980576
FRA,2004,GDP,24289784496.428677,62490800,388.6937676654592
FRA,2005,GDP,24801109471.066807,62958328,393.9289726859774
FRA,2006,GDP,25554963223.31448,63393406,403.1170564224689
FRA,2007,GDP,26433219857.82964,63781275,414.43542572376674
FRA,2008,GDP,26401559407.306644,64133174,411.66774947559344
FRA,2009,GDP,25660534168.52818,64458715,398.09254913828454
FRA,2010,GDP,26059968867.69996,64773169,402.3266001961392
FRA,2011,GDP,26365765448.015812,65087317,405.0829971684931
FRA,2012,GDP,26188279306.661625,65402998,400.4140499287452
FRA,2013,GDP,26362695213.594006,65735961,401.03916961971555
FRA,2014,GDP,26642449955.64006,66276671,401.988355082591
FRA,2015,GDP,27221914244.262177,66512558,409.2748055827619
FRA,2016,GDP,27547546411.518654,66688563,413.0775229257625
FRA,2017,GDP,27997398228.103703,66883314,418.6006427268796
FRA,2018,GDP,28252510895.559067,67125071,420.8935718750907
FRA,2019,GDP,28854471425.826786,67349922,428.4262040545019
FRA,1992,consumption,15041229732.426113,58711615,256.18831524948024
FRA,1993,consumption,15202377559.02585,58961049,257.8376371666293
FRA,1994,consumption,15344302070.220411,59175335,259.3023270627942
FRA,1995,consumption,15527099587.30332,59383991,261.4694520498516
FRA,1996,consumption,15797812529.538479,59589289,265.11161308768897
FRA,1997,consumption,15939929665.085484,59795263,266.5751242717251
FRA,1998,consumption,16349441003.570831,60011008,272.4406996058262
FRA,1999,consumption,16794089190.634085,60315406,278.4378039440551
FRA,2000,consumption,17419179365.756798,60724780,286.85454876504775
FRA,2001,consumption,17821316351.032772,61163237,291.3730081197758
FRA,2002,consumption,18143407781.283672,61604550,294.51408672384866
FRA,2003,consumption,18432617794.00342,62037544,297.12036624150403
FRA,2004,consumption,18778235297.53863,62490800,300.49599777149007
FRA,2005,consumption,19241784435.577652,62958328,305.62731010864286
FRA,2006,consumption,19761242128.120995,63393406,311.7239374726292
FRA,2007,consumption,20318261122.413498,63781275,318.5615389848117
FRA,2008,consumption,20412251982.368584,64133174,318.279148048537
FRA,2009,consumption,20456438557.755875,64458715,317.3572193885012
FRA,2010,consumption,20742877731.7483,64773169,320.23873545153083
FRA,2011,consumption,20836415039.069706,65087317,320.130188175827
FRA,2012,consumption,20719651960.073505,65402998,316.79972774449124
FRA,2013,consumption,20857168266.650208,65735961,317.2870366442229
FRA,2014,consumption,21015343475.61416,66276671,317.08507923722
FRA,2015,consumption,21342295420.648476,66512558,320.8761783097934
FRA,2016,consumption,21693272887.131424,66688563,325.2922526930356
FRA,2017,consumption,22003373890.80497,66883314,328.9815138467117
FRA,2018,consumption,22137176681.727455,67125071,329.78999279907583
FRA,2019,consumption,22398226161.41598,67349922,332.564990370976
GBR,1992,GDP,15679662688.110203,57584530,272.289496642765
GBR,1993,GDP,16093280239.050476,57713889,278.8458812583307
GBR,1994,GDP,16579600344.452612,57862145,286.5362206059352
GBR,1995,GDP,18535316029.652187,58024799,319.4378326007159
GBR,1996,GDP,19258303957.73535,58164374,331.1013707073569
GBR,1997,GDP,19772427280.755184,58314249,339.066825344097
GBR,1998,GDP,20308355962.252636,58474943,347.300141228913
GBR,1999,GDP,20818289588.387386,58684427,354.7498144335189
GBR,2000,GDP,21733002384.02651,58886065,369.06868176752016
GBR,2001,GDP,22269572946.11491,59113016,376.7287554083674
GBR,2002,GDP,22787233003.725372,59365677,383.8452478816231
GBR,2003,GDP,23767579219.715168,59636662,398.53973080711944
GBR,2004,GDP,24631244942.531845,59950364,410.8606403546081
GBR,2005,GDP,25518931037.667995,60413276,422.4060128384363
GBR,2006,GDP,26219341186.758747,60827067,431.0472702351199
GBR,2007,GDP,26897945825.95633,61319075,438.6554400234565
GBR,2008,GDP,26838751480.15685,61823772,434.1170169972296
GBR,2009,GDP,25616411235.118248,62260486,411.4393073500623
GBR,2010,GDP,25895335040.42369,62759456,412.6124840920178
GBR,2011,GDP,25761702365.663662,63285145,407.07345089694684
GBR,2012,GDP,25896227618.375153,63710843,406.46499714931025
GBR,2013,GDP,26306590856.818707,64138721,410.151472412721
GBR,2014,GDP,27183505410.31879,64619493,420.6703604176961
GBR,2015,GDP,27839336020.01874,65088058,427.7180311635468
GBR,2016,GDP,28660790910.619713,65607141,436.85474589754966
GBR,2017,GDP,29230274158.08453,65965992,443.11126493913
GBR,2018,GDP,29581078736.984505,66288927,446.2446456100354
GBR,2019,GDP,30177492618.11329,66630707,452.9066848729864
GBR,1992,consumption,13839617240.158741,57584530,240.33568113100412
GBR,1993,consumption,14232073417.21455,57713889,246.5970265357538
GBR,1994,consumption,14593330667.78265,57862145,252.2086014575272
GBR,1995,consumption,14923912564.663933,58024799,257.19886706826736
GBR,1996,consumption,15483262467.470972,58164374,266.1983857587975
GBR,1997,consumption,16049070754.355997,58314249,275.2169672005207
GBR,1998,consumption,16591807984.944366,58474943,283.74218312524675
GBR,1999,consumption,17176883389.95257,58684427,292.69917536985696
GBR,2000,consumption,17881566061.944416,58886065,303.663796552621
GBR,2001,consumption,18470237960.0015,59113016,312.4563625716796
GBR,2002,consumption,19066987549.774506,59365677,321.17864249698533
GBR,2003,consumption,19919233017.875523,59636662,334.0098581955429
GBR,2004,consumption,20744159166.338936,59950364,346.0222387697085
GBR,2005,consumption,21363684127.29942,60413276,353.62565220431713
GBR,2006,consumption,21754028159.332603,60827067,357.63730247477827
GBR,2007,consumption,22260325325.10341,61319075,363.02448014917724
GBR,2008,consumption,22380570925.378773,61823772,362.00591134068577
GBR,2009,consumption,21838602279.910126,62260486,350.7618343986285
GBR,2010,consumption,21995583376.590412,62759456,350.47441100493944
GBR,2011,consumption,21717768645.431736,63285145,343.1732461927951
GBR,2012,consumption,21870711807.987186,63710843,343.280841661241
GBR,2013,consumption,22132936596.306637,64138721,345.07916982483385
GBR,2014,consumption,22650543608.349457,64619493,350.52184034234773
GBR,2015,consumption,23076408813.213757,65088058,354.5413632284705
GBR,2016,consumption,23823073057.87867,65607141,363.11707376303247
GBR,2017,consumption,24001131645.18963,65965992,363.84098711332393
GBR,2018,consumption,24352501197.1736,66288927,367.36906598553935
GBR,2019,consumption,24796644046.139233,66630707,372.1503967553463
GRC,1992,GDP,2571171746.146478,10399058,247.2504476988664
GRC,1993,GDP,2530419747.840569,10460409,241.9044750392235
GRC,1994,GDP,2588193649.300829,10512924,246.19160656928833
GRC,1995,GDP,2663335392.214098,10562160,252.15821311304677
GRC,1996,GDP,2700212694.9007826,10608801,254.52571830697764
GRC,1997,GDP,2826188678.4126225,10661264,265.08945641085546
GRC,1998,GDP,2937623055.2428,10720507,274.0190417526709
GRC,1999,GDP,3041373202.2513866,10761698,282.61090417621705
GRC,2000,GDP,3120169001.112379,10805806,288.7493076511256
GRC,2001,GDP,3268324510.985195,10862129,300.89170465432653
GRC,2002,GDP,3399076039.990993,10902022,311.7840011688651
GRC,2003,GDP,3597084480.8387904,10928072,329.1600275729141
GRC,2004,GDP,3793108285.0443845,10955142,346.23999260296074
GRC,2005,GDP,3777039316.316831,10987316,343.76360125774403
GRC,2006,GDP,4026977125.7797594,11020366,365.41228537961075
GRC,2007,GDP,4187322377.072528,11048466,378.99581508170706
GRC,2008,GDP,4186112477.504559,11077839,377.8816859050361
GRC,2009,GDP,4059611642.563682,11107017,365.4997235138545
GRC,2010,GDP,3699330512.9162526,11121344,332.6334041026204
GRC,2011,GDP,3258027511.662609,11104900,293.3864790914469
GRC,2012,GDP,2932572693.3440084,11045010,265.51109445297095
GRC,2013,GDP,2835884475.0187736,10965209,258.6256655043031
GRC,2014,GDP,2840648098.9125648,10892415,260.7913946459591
GRC,2015,GDP,2879190864.7610292,10820883,266.07725679697575
GRC,2016,GDP,2888018212.635692,10775966,268.00550527309497
GRC,2017,GDP,2903969531.5337787,10754679,270.0191731927823
GRC,2018,GDP,2938580713.573211,10732877,273.7924522542475
GRC,2019,GDP,3005258499.0642343,10721584,280.2998604557157
GRC,1992,consumption,2186454250.9729266,10399058,210.2550299241457
GRC,1993,consumption,2176284544.6995506,10460409,208.0496608401785
GRC,1994,consumption,2208221661.4839706,10512924,210.04828547071878
GRC,1995,consumption,2307659430.1418195,10562160,218.48366528643948
GRC,1996,consumption,2333905351.736497,10608801,219.99709031553112
GRC,1997,consumption,2418235297.7031026,10661264,226.8244457414339
GRC,1998,consumption,2519932807.830286,10720507,235.0572419597586
GRC,1999,consumption,2618833887.5589843,10761698,243.3476471425777
GRC,2000,consumption,2651423805.7784214,10805806,245.37029498571613
GRC,2001,consumption,2790977794.4391656,10862129,256.94574189269576
GRC,2002,consumption,2909950343.8897777,10902022,266.9184068689072
GRC,2003,consumption,3021880213.979003,10928072,276.5245519959059
GRC,2004,consumption,3164482227.742922,10955142,288.85816612353557
GRC,2005,consumption,3255902476.505226,10987316,296.33283292345703
GRC,2006,consumption,3353044665.6862082,11020366,304.2589207732491
GRC,2007,consumption,3532366182.6352878,11048466,319.7155317883304
GRC,2008,consumption,3628927530.3468165,11077839,327.58442601908337
GRC,2009,consumption,3653631261.5476837,11107017,328.94802101659553
GRC,2010,consumption,3301618931.0210767,11121344,296.8722962819131
GRC,2011,consumption,2984559723.7876425,11104900,268.7606123231765
GRC,2012,consumption,2703890545.499011,11045010,244.80652760830557
GRC,2013,consumption,2557611052.298227,10965209,233.24781609709646
GRC,2014,consumption,2535751463.3134613,10892415,232.79974765132079
GRC,2015,consumption,2559331094.9480357,10820883,236.5177679998976
GRC,2016,consumption,2565449809.5574174,10775966,238.07144617544427
GRC,2017,consumption,2597184435.980721,10754679,241.49344076013062
GRC,2018,consumption,2616017354.63423,10732877,243.7386876449092
GRC,2019,consumption,2685795222.503934,10721584,250.50358440543243
HUN,1992,GDP,1676233717.9350104,10369339,161.65289975908883
HUN,1993,GDP,1650440089.526177,10357518,159.3470645695404
HUN,1994,GDP,1707986139.3619728,10343359,165.1287690354722
HUN,1995,GDP,1712179708.3230903,10328967,165.7648541546401
HUN,1996,GDP,1693041414.1433842,10311235,164.19385399938847
HUN,1997,GDP,1772289767.3077772,10290475,172.2262351648274
HUN,1998,GDP,1834157656.116139,10266571,178.65338447629097
HUN,1999,GDP,1858543690.1311617,10237527,181.54225040199276
HUN,2000,GDP,1936833587.364556,10210965,189.6817379517564
HUN,2001,GDP,2050802615.5226736,10187578,201.30423693665693
HUN,2002,GDP,2204549852.7936225,10158610,217.01294299058853
HUN,2003,GDP,2307797882.451266,10129554,227.82818300304888
HUN,2004,GDP,2385992341.831971,10107140,236.0699804130517
HUN,2005,GDP,2466036746.003922,10087064,244.47517592868667
HUN,2006,GDP,2556685605.225742,10071374,253.85668382742432
HUN,2007,GDP,2505332166.9069166,10055778,249.14354383190604
HUN,2008,GDP,2500573638.0668035,10038186,249.1061271495471
HUN,2009,GDP,2332074448.2357783,10022647,232.6804933103778
HUN,2010,GDP,2304732687.0265455,10000020,230.47280775703905
HUN,2011,GDP,2303650085.082504,9958824,231.31748136953757
HUN,2012,GDP,2213096729.783462,9913588,223.23872343529527
HUN,2013,GDP,2282522199.5377145,9872737,231.19447013910272
HUN,2014,GDP,2474964893.196301,9833034,251.6990069592255
HUN,2015,GDP,2639292991.939633,9797756,269.3772933250872
HUN,2016,GDP,2728640414.4792843,9759760,279.58068789389125
HUN,2017,GDP,2888062764.38851,9726755,296.9194520051662
HUN,2018,GDP,3109136153.6170764,9706961,320.2996441025236
HUN,2019,GDP,3311708211.9884367,9694826,341.5954254350142
HUN,1992,consumption,1394629969.8094375,10369339,134.49555172315587
HUN,1993,consumption,1439321141.5862317,10357518,138.96390443986982
HUN,1994,consumption,1422583732.8867812,10343359,137.53595257466952
HUN,1995,consumption,1310413168.2600267,10328967,126.86778535162584
HUN,1996,consumption,1259145882.103862,10311235,122.11397394239022
HUN,1997,consumption,1285976132.74827,10290475,124.96761643639094
HUN,1998,consumption,1333928855.3863626,10266571,129.92934597017472
HUN,1999,consumption,1402016203.558241,10237527,136.9487185292152
HUN,2000,consumption,1462333357.1052337,10210965,143.21206243535588
HUN,2001,consumption,1537216305.813565,10187578,150.89124282666253
HUN,2002,consumption,1684006761.5276763,10158610,165.77137635244156
HUN,2003,consumption,1832182144.0953143,10129554,180.8749076312061
HUN,2004,consumption,1836861549.3285446,10107140,181.7390032520124
HUN,2005,consumption,1893856955.8919823,10087064,187.75105976248216
HUN,2006,consumption,1924587861.0065017,10071374,191.0948656068677
HUN,2007,consumption,1880483857.9623883,10055778,187.00530759155464
HUN,2008,consumption,1873012884.88073,10038186,186.58878057058615
HUN,2009,consumption,1763125925.284726,10022647,175.91419964054666
HUN,2010,consumption,1708790439.7303054,10000020,170.8787022156261
HUN,2011,consumption,1689364643.7195005,9958824,169.63495325547478
HUN,2012,consumption,1631360980.997209,9913588,164.558077357785
HUN,2013,consumption,1638709445.1072128,9872737,165.98329775291418
HUN,2014,consumption,1729097365.1346452,9833034,175.8457628779322
HUN,2015,consumption,1809610247.2126164,9797756,184.69639856438724
HUN,2016,consumption,1902321746.076071,9759760,194.9148079538914
HUN,2017,consumption,2029368701.9437597,9726755,208.63779358519463
HUN,2018,consumption,2139589515.262383,9706961,220.4180603241718
HUN,2019,consumption,2288251542.8120317,9694826,236.02811879367735
IRL,1992,GDP,832043059.8911811,3554500,234.08160357045466
IRL,1993,GDP,885656806.3625731,3574100,247.7985524642772
IRL,1994,GDP,931006496.63781,3585900,259.6297991125826
IRL,1995,GDP,1025772160.4814306,3601300,284.8338545751342
IRL,1996,GDP,1107277809.9239774,3626087,305.3643803703489
IRL,1997,GDP,1258223282.5541933,3664313,343.3722180813138
IRL,1998,GDP,1423913513.3176694,3703082,384.5211943234499
IRL,1999,GDP,1616379783.4439373,3741647,431.9968675409351
IRL,2000,GDP,1790105627.5076206,3789536,472.3812169900538
IRL,2001,GDP,1921166029.1453931,3847198,499.3675992619546
IRL,2002,GDP,2045366603.2057564,3917203,522.1497592046561
IRL,2003,GDP,2115551535.614685,3979853,531.5652451521916
IRL,2004,GDP,2222384711.3038206,4045188,549.3897221349961
IRL,2005,GDP,2364088456.093258,4133839,571.8869206307401
IRL,2006,GDP,2469686837.226843,4232929,583.4463174853258
IRL,2007,GDP,2509398021.208981,4375842,573.4663228720281
IRL,2008,GDP,2292273421.4342017,4485070,511.0897759531516
IRL,2009,GDP,2171432859.5291805,4533395,478.986026924453
IRL,2010,GDP,2162282379.912367,4554763,474.7299431194042
IRL,2011,GDP,2182478992.7326593,4574888,477.0562673299673
IRL,2012,GDP,2189514792.3816586,4593697,476.63456958124544
IRL,2013,GDP,2255828436.703397,4614669,488.8386223808028
IRL,2014,GDP,2469239921.189419,4645440,531.5405905983973
IRL,2015,GDP,3362820908.3521266,4687787,717.3578723504559
IRL,2016,GDP,3407218225.1439886,4739597,718.8835306343532
IRL,2017,GDP,3793955356.1017165,4810895,788.6173687228087
IRL,2018,GDP,4103984108.9069963,4884896,840.137458178638
IRL,2019,GDP,4413027268.42228,4958471,889.9975957149453
IRL,1992,consumption,632238027.5219594,3554500,177.86975032267813
IRL,1993,consumption,657458659.7851148,3574100,183.95082951935166
IRL,1994,consumption,687732411.0966083,3585900,191.78795033230384
IRL,1995,consumption,714210731.2034395,3601300,198.32025413140795
IRL,1996,consumption,767614128.2786183,3626087,211.6921431500729
IRL,1997,consumption,834375170.2627492,3664313,227.70302926162398
IRL,1998,consumption,912981497.1140854,3703082,246.54638949774417
IRL,1999,consumption,1009884278.9546821,3741647,269.9036758290352
IRL,2000,consumption,1103946430.4359345,3789536,291.31440641702164
IRL,2001,consumption,1171384473.7781403,3847198,304.4773036839124
IRL,2002,consumption,1234736719.3763492,3917203,315.20876487032945
IRL,2003,consumption,1280343182.0036206,3979853,321.706148946612
IRL,2004,consumption,1331899696.250254,4045188,329.2553266375392
IRL,2005,consumption,1411165765.4807115,4133839,341.369309612859
IRL,2006,consumption,1482952014.4502335,4232929,350.33708679031315
IRL,2007,consumption,1556757769.1629505,4375842,355.7618783226064
IRL,2008,consumption,1536602518.5171852,4485070,342.60390997625126
IRL,2009,consumption,1461726508.7495878,4533395,322.4352849794884
IRL,2010,consumption,1426574231.6393633,4554763,313.2049311104361
IRL,2011,consumption,1404853468.5182776,4574888,307.0793139675283
IRL,2012,consumption,1374902568.979427,4593697,299.3019715883366
IRL,2013,consumption,1370053302.1615517,4614669,296.8909150713847
IRL,2014,consumption,1419711299.040483,4645440,305.61395670603497
IRL,2015,consumption,1473759926.6876295,4687787,314.3828690782302
IRL,2016,consumption,1544497333.3718977,4739597,325.87102518882887
IRL,2017,consumption,1614838731.206185,4810895,335.66285092611355
IRL,2018,consumption,1721123496.291018,4884896,352.3357500939668
IRL,2019,consumption,1801599396.168328,4958471,363.33768941440377
ISL,1992,GDP,78913024.20074129,261053,302.28736770211907
ISL,1993,GDP,78250502.55345336,263730,296.706868969982
ISL,1994,GDP,81913302.44607821,266021,307.9204365297409
ISL,1995,GDP,83094981.1299607,267467,310.6737695863815
ISL,1996,GDP,87086255.55148381,268918,323.8394438136674
ISL,1997,GDP,91556835.13647287,271130,337.6861104874889
ISL,1998,GDP,100887661.59544058,274049,368.13730973453863
ISL,1999,GDP,105045605.87827304,277384,378.7010277387053
ISL,2000,GDP,108976598.68588454,281200,387.5412471048525
ISL,2001,GDP,115578013.31151624,284970,405.57958139985345
ISL,2002,GDP,116940742.98573112,287516,406.7277751002766
ISL,2003,GDP,117772901.00491089,289522,406.78394389687446
ISL,2004,GDP,126140697.76688434,292077,431.87480618769825
ISL,2005,GDP,133650260.39227413,296734,450.40426911737154
ISL,2006,GDP,143866888.8327037,303784,473.5828379134639
ISL,2007,GDP,155330007.04654667,311567,498.54447693929933
ISL,2008,GDP,157254960.0744025,317404,495.44101547051235
ISL,2009,GDP,142914143.5984122,318501,448.7086181783171
ISL,2010,GDP,141270620.34223622,318044,444.18577411375855
ISL,2011,GDP,142464994.18443838,312510,455.8733934416127
ISL,2012,GDP,141830772.5175413,314498,450.97511754459896
ISL,2013,GDP,144981305.88516438,317765,456.2532245060481
ISL,2014,GDP,150894887.42559296,321378,469.524632755176
ISL,2015,GDP,164467448.1464424,324530,506.786577963339
ISL,2016,GDP,176415274.95907897,329272,535.7736915348981
ISL,2017,GDP,182228549.17225787,337346,540.1829254600851
ISL,2018,GDP,191505032.433819,345821,553.7692402538279
ISL,2019,GDP,197111914.5199913,351754,560.3686511595926
ISL,1992,consumption,63914423.66616103,261053,244.83313222280927
ISL,1993,consumption,61794218.15349394,263730,234.3086419955786
ISL,1994,consumption,63810252.78794262,266021,239.86923133114536
ISL,1995,consumption,65719474.86622249,267467,245.7105918345908
ISL,1996,consumption,69206525.48162808,268918,257.3517781689142
ISL,1997,consumption,71585227.18277127,271130,264.0254755385655
ISL,1998,consumption,79516768.1522174,274049,290.155293951875
ISL,1999,consumption,85306234.513407,277384,307.5384106992725
ISL,2000,consumption,89549934.7457096,281200,318.4563824527368
ISL,2001,consumption,90367019.15316899,284970,317.110640253953
ISL,2002,consumption,92276392.67384827,287516,320.9435046183457
ISL,2003,consumption,96332446.9741415,289522,332.7292812779046
ISL,2004,consumption,102123707.10430042,292077,349.64652165114137
ISL,2005,consumption,110130605.25658615,296734,371.14252244968947
ISL,2006,consumption,115896773.70617977,303784,381.5104604132534
ISL,2007,consumption,123042343.96356301,311567,394.914557586532
ISL,2008,consumption,119796754.37636173,317404,377.42673178775857
ISL,2009,consumption,110344779.36157635,318501,346.4503388107929
ISL,2010,consumption,107871506.60871194,318044,339.1716448312559
ISL,2011,consumption,109561790.41829467,312510,350.58651057020467
ISL,2012,consumption,110874923.39550036,314498,352.54571855941964
ISL,2013,consumption,111691319.89901064,317765,351.4903148522041
ISL,2014,consumption,115264305.81948337,321378,358.65649117078135
ISL,2015,consumption,120104011.39423731,324530,370.0860055903532
ISL,2016,consumption,126959751.5792256,329272,385.5771264462985
ISL,2017,consumption,133830332.92873603,337346,396.7153395289585
ISL,2018,consumption,141323323.17384708,345821,408.66032766618304
ISL,2019,consumption,146180477.99242365,351754,415.57587971259363
ISR,1992,GDP,1224111343.2023444,5123500,238.92092187027313
ISR,1993,GDP,1276876927.2728252,5261400,242.68767386490768
ISR,1994,GDP,1375196464.0585437,5399300,254.69902840341223
ISR,1995,GDP,1454469391.4737315,5544900,262.3075964352345
ISR,1996,GDP,1509320474.5468614,5685100,265.4870581954339
ISR,1997,GDP,1553566271.5733788,5828900,266.52820799351144
ISR,1998,GDP,1637125535.4686117,5970700,274.19323286526065
ISR,1999,GDP,1707556419.851628,6125300,278.7710675153263
ISR,2000,GDP,1871526353.6494539,6289200,297.57780856857056
ISR,2001,GDP,1887743894.2139032,6439037,293.17177307940665
ISR,2002,GDP,1865814135.6010065,6569957,283.99183367577695
ISR,2003,GDP,1867097708.9096434,6689748,279.0983619875731
ISR,2004,GDP,1966857292.7587986,6808969,288.8627180941489
ISR,2005,GDP,2046366873.3428574,6930128,295.28558106615884
ISR,2006,GDP,2144425800.531056,7053707,304.0140171020792
ISR,2007,GDP,2287113039.9027233,7180160,318.53232238595285
ISR,2008,GDP,2289239130.944874,7331353,312.25329498455113
ISR,2009,GDP,2341053348.5934434,7485565,312.74237129641426
ISR,2010,GDP,2434452463.0298796,7623561,319.3327190573906
ISR,2011,GDP,2517968386.0927057,7765832,324.2367831409057
ISR,2012,GDP,2623214974.763322,7910525,331.610730610588
ISR,2013,GDP,2738396076.93744,8059456,339.7743069677953
ISR,2014,GDP,2848862856.797859,8215668,346.75973478941205
ISR,2015,GDP,2999767730.015227,8380149,357.961144845423
ISR,2016,GDP,3159527960.5760155,8546009,369.7080076297621
ISR,2017,GDP,3287625319.798322,8713268,377.3125444779527
ISR,2018,GDP,3418073663.9649405,8882764,384.79843255600855
ISR,2019,GDP,3578573124.855248,9054026,395.2466145839705
ISR,1992,consumption,943094759.4495682,5123500,184.0723644870827
ISR,1993,consumption,1001544706.0042375,5261400,190.35707340332183
ISR,1994,consumption,1082634909.4788835,5399300,200.51393874740864
ISR,1995,consumption,1145741547.4675648,5544900,206.6297944899935
ISR,1996,consumption,1177479879.9474847,5685100,207.1168281907943
ISR,1997,consumption,1196098742.7431464,5828900,205.20145185938108
ISR,1998,consumption,1256814996.0040622,5970700,210.49709347380747
ISR,1999,consumption,1306101869.0879972,6125300,213.23067753220204
ISR,2000,consumption,1405142598.2080157,6289200,223.4215159651491
ISR,2001,consumption,1464843777.7022963,6439037,227.49423208816725
ISR,2002,consumption,1483660021.1457336,6569957,225.8249210985298
ISR,2003,consumption,1468705418.2169216,6689748,219.54570160444334
ISR,2004,consumption,1529832877.6668143,6808969,224.67907809050303
ISR,2005,consumption,1575424025.6429567,6930128,227.32971535921945
ISR,2006,consumption,1645479435.1640463,7053707,233.2786767530954
ISR,2007,consumption,1759126938.2850559,7180160,244.99829227831356
ISR,2008,consumption,1780514628.7971494,7331353,242.86303343968697
ISR,2009,consumption,1799151871.0713367,7485565,240.34950883084133
ISR,2010,consumption,1874775354.2805743,7623561,245.91858768895196
ISR,2011,consumption,1940569503.0711067,7765832,249.88558895828632
ISR,2012,consumption,2009287646.3926826,7910525,254.0018072621833
ISR,2013,consumption,2085396516.3619494,8059456,258.75152322463816
ISR,2014,consumption,2161113172.1992073,8215668,263.0477731328977
ISR,2015,consumption,2250599302.9938135,8380149,268.56316074974484
ISR,2016,consumption,2378034349.590461,8546009,278.2625608737904
ISR,2017,consumption,2467998217.552567,8713268,283.24598962783733
ISR,2018,consumption,2569218009.4391074,8882764,289.2363243511938
ISR,2019,consumption,2665044107.927937,9054026,294.3490672467626
ITA,1992,GDP,19630196751.139904,56797078,345.6198354277997
ITA,1993,GDP,19324989980.718445,56831823,340.0381856608479
ITA,1994,GDP,19644036297.50129,56843400,345.58165587387964
ITA,1995,GDP,20151555452.800488,56844301,354.50441114229704
ITA,1996,GDP,20494542035.364677,56860279,360.43688838327154
ITA,1997,GDP,20991779020.463585,56890371,368.9865024867492
ITA,1998,GDP,21457211483.357796,56906744,377.05920204040837
ITA,1999,GDP,21777310645.0372,56916316,382.6198210902688
ITA,2000,GDP,22450272585.96274,56942108,394.2648660980858
ITA,2001,GDP,22962844068.724903,56976976,403.01970516520396
ITA,2002,GDP,23213510655.8553,57089823,406.6138137414667
ITA,2003,GDP,23340885239.97971,57399187,406.6413909308456
ITA,2004,GDP,23782962746.31164,57828178,411.26944629505084
ITA,2005,GDP,23987529128.79694,58166684,412.3929280341465
ITA,2006,GDP,24449091111.41843,58399863,418.64980250755775
ITA,2007,GDP,24961789287.64503,58756247,424.8363461275025
ITA,2008,GDP,24480901160.61336,59211183,413.45063415830356
ITA,2009,GDP,23411679387.995922,59555456,393.10721402243854
ITA,2010,GDP,23552475532.540672,59819402,393.726362101391
ITA,2011,GDP,23473577790.545254,60026844,391.05134013950914
ITA,2012,GDP,22444474844.886753,60191243,372.88604996721455
ITA,2013,GDP,22015918991.38858,60311616,365.0361315370588
ITA,2014,GDP,22160895103.841095,60320708,367.38453242029414
ITA,2015,GDP,22523437448.44353,60229599,373.95961159302306
ITA,2016,GDP,23108221239.749603,60115220,384.3988467437964
ITA,2017,GDP,23358960056.47865,60002254,389.30137618627873
ITA,2018,GDP,23536475591.697643,59877216,393.07899004017895
ITA,2019,GDP,23739862247.641342,59729077,397.4590507675406
ITA,1992,consumption,15313116903.64286,56797078,269.6109983623253
ITA,1993,consumption,14954124562.593992,56831823,263.1294189277369
ITA,1994,consumption,15162815080.396553,56843400,266.74715235887635
ITA,1995,consumption,15268752475.22437,56844301,268.60656577032006
ITA,1996,consumption,15503350457.45783,56860279,272.656953678645
ITA,1997,consumption,16013606860.504652,56890371,281.4818497229461
ITA,1998,consumption,16466270328.373024,56906744,289.3553412293809
ITA,1999,consumption,16881345348.297117,56916316,296.599403030532
ITA,2000,consumption,17472763791.748344,56942108,306.8513689684327
ITA,2001,consumption,17781431010.537533,56976976,312.08098882849686
ITA,2002,consumption,17919432547.65408,57089823,313.8813821099792
ITA,2003,consumption,18197891392.05003,57399187,317.0409258941251
ITA,2004,consumption,18496179574.8407,57828178,319.84717856475953
ITA,2005,consumption,18847589939.644085,58166684,324.02723764765557
ITA,2006,consumption,19182035084.134815,58399863,328.4602753971326
ITA,2007,consumption,19399769918.796394,58756247,330.1737416754408
ITA,2008,consumption,19264010344.485687,59211183,325.3441219792161
ITA,2009,consumption,18936485365.14229,59555456,317.9639051901859
ITA,2010,consumption,19084061567.439945,59819402,319.0279563048782
ITA,2011,consumption,18935871955.631145,60026844,315.4567305859216
ITA,2012,consumption,18167526343.35101,60191243,301.83005762733643
ITA,2013,consumption,17760919376.843,60311616,294.48588107543
ITA,2014,consumption,17758199989.43528,60320708,294.3964117502613
ITA,2015,consumption,17988601487.337387,60229599,298.6671302151188
ITA,2016,consumption,18283869546.677845,60115220,304.1470953059449
ITA,2017,consumption,18484834050.30565,60002254,308.0689943798719
ITA,2018,consumption,18590780214.14957,59877216,310.4817066670162
ITA,2019,consumption,18619246451.047504,59729077,311.7283471674525
JPN,1992,GDP,51905045227.60832,124567000,416.6837543459209
JPN,1993,GDP,51294991677.02698,124938000,410.56357294839825
JPN,1994,GDP,51591305917.90175,125265000,411.8573098463398
JPN,1995,GDP,52505991714.55649,125570246,418.14039063486814
JPN,1996,GDP,53991345715.6334,125864000,428.96575443044395
JPN,1997,GDP,53854740184.09258,126166000,426.85620677593477
JPN,1998,GDP,52464156016.33682,126486000,414.782315958579
JPN,1999,GDP,51755911823.52736,126686000,408.5369482304861
JPN,2000,GDP,53021228875.64476,126925843,417.7339115694883
JPN,2001,GDP,53003231559.99019,127291000,416.3941799498015
JPN,2002,GDP,52783925842.69204,127435000,414.2027374166598
JPN,2003,GDP,52705507664.7029,127619000,412.9910723693408
JPN,2004,GDP,53149740462.827896,127687000,416.25020920554084
JPN,2005,GDP,53577531010.087234,127767994,419.33452449826547
JPN,2006,GDP,53758218016.600334,127900515,420.3127564935945
JPN,2007,GDP,54132888564.5806,128032743,422.80503640057606
JPN,2008,GDP,52296967767.562454,128083960,408.30223993357527
JPN,2009,GDP,49625869629.02951,128031514,387.6066765017674
JPN,2010,GDP,51075695033.40969,128057352,398.8501576497513
JPN,2011,GDP,50311928219.72459,127834233,393.5716360086784
JPN,2012,GDP,50759471044.41031,127592657,397.82439082219526
JPN,2013,GDP,51508549288.22846,127413888,404.2616554345195
JPN,2014,GDP,51456389496.040565,127237150,404.4132511301972
JPN,2015,GDP,53046263313.48454,127094745,417.37574054288825
JPN,2016,GDP,53801300739.00359,127041812,423.49286342833017
JPN,2017,GDP,54423088211.099236,126918546,428.80327522109525
JPN,2018,GDP,54274806711.81133,126748506,428.20865053676715
JPN,2019,GDP,54276367235.636505,126555078,428.87545955000326
JPN,1992,consumption,32664413450.310204,124567000,262.2236503272151
JPN,1993,consumption,33123472950.28939,124938000,265.1192827665673
JPN,1994,consumption,33995437617.869488,125265000,271.38815804789436
JPN,1995,consumption,34901476138.023506,125570246,277.9438382084838
JPN,1996,consumption,35688295145.268684,125864000,283.54648783821176
JPN,1997,consumption,35750223433.78641,126166000,283.35861827898486
JPN,1998,consumption,35449362685.639915,126486000,280.2631333557857
JPN,1999,consumption,35856747764.41556,126686000,283.0363873231104
JPN,2000,consumption,36586549447.19129,126925843,288.2513803527883
JPN,2001,consumption,37318167281.66573,127291000,293.172080364407
JPN,2002,consumption,37770020285.18715,127435000,296.3865522437882
JPN,2003,consumption,37748699395.42053,127619000,295.7921578716377
JPN,2004,consumption,37974320017.88698,127687000,297.40161502648647
JPN,2005,consumption,38365529811.172226,127767994,300.27496409759885
JPN,2006,consumption,38507734970.07303,127900515,301.075683472213
JPN,2007,consumption,38680130716.58131,128032743,302.11123975201644
JPN,2008,consumption,38022878743.72663,128083960,296.85901922244307
JPN,2009,consumption,37664292911.65687,128031514,294.17986037138377
JPN,2010,consumption,38359024433.286766,128057352,299.54566320633245
JPN,2011,consumption,38333030594.487144,127834233,299.865143278852
JPN,2012,consumption,38901907002.08909,127592657,304.8914249202373
JPN,2013,consumption,39667164618.9853,127413888,311.3252820523403
JPN,2014,consumption,39210101255.61885,127237150,308.1655102744666
JPN,2015,consumption,39249590195.412,127094745,308.8215031660987
JPN,2016,consumption,39259588455.8529,127041812,309.02887669653904
JPN,2017,consumption,39523470240.43717,126918546,311.4081549629254
JPN,2018,consumption,39536438408.67701,126748506,311.92824007469574
JPN,2019,consumption,39599135380.98705,126555078,312.90040673821915
KOR,1992,GDP,7091334390.031065,43747962,162.0951940579784
KOR,1993,GDP,7692738099.853894,44194628,174.06500400577858
KOR,1994,GDP,8558466188.058353,44641540,191.71529898068823
KOR,1995,GDP,9621017492.209799,45092991,213.3594884448849
KOR,1996,GDP,10296541564.69077,45524681,226.17493057646618
KOR,1997,GDP,10882795157.28832,45953580,236.82148718964487
KOR,1998,GDP,10055160168.981247,46286503,217.23741300960342
KOR,1999,GDP,10982297207.245708,46616677,235.58730295695912
KOR,2000,GDP,11837397938.105408,47008111,251.81607357303525
KOR,2001,GDP,12334171655.528784,47370164,260.37848751228273
KOR,2002,GDP,13321323561.29425,47644736,279.59696452708334
KOR,2003,GDP,13737534219.157053,47892330,286.8420521439874
KOR,2004,GDP,14403629753.945698,48082519,299.5606314624593
KOR,2005,GDP,14794997438.829533,48184561,307.04850540880784
KOR,2006,GDP,15204643932.331429,48438292,313.89719382201645
KOR,2007,GDP,16089198612.535044,48683638,330.48472286592556
KOR,2008,GDP,16297896439.634878,49054708,332.23918975595325
KOR,2009,GDP,16550680816.245863,49307835,335.66026203028105
KOR,2010,GDP,17668287085.309265,49554112,356.54532736474556
KOR,2011,GDP,17835474751.17377,49936638,357.1621051295798
KOR,2012,GDP,18129674632.26374,50199853,361.1499546077105
KOR,2013,GDP,18684929229.587463,50428893,370.5203132178107
KOR,2014,GDP,19243031429.55857,50746659,379.19799665153465
KOR,2015,GDP,20300988058.67594,51014947,397.9419611800428
KOR,2016,GDP,21171098087.777954,51217803,413.354280107992
KOR,2017,GDP,21913948109.65489,51361911,426.6575694517069
KOR,2018,GDP,22407357765.772,51585058,434.37690359429274
KOR,2019,GDP,22695802188.44382,51764822,438.44064968375284
KOR,1992,consumption,4362901140.309699,43747962,99.7281002554976
KOR,1993,consumption,4729852858.401888,44194628,107.02325310673251
KOR,1994,consumption,5288869817.148281,44641540,118.47417936630951
KOR,1995,consumption,5948698861.641454,45092991,131.92069831077416
KOR,1996,consumption,6544538697.573391,45524681,143.75803528581324
KOR,1997,consumption,6916811977.1783,45953580,150.51736942319403
KOR,1998,consumption,6191861569.655288,46286503,133.77250749868244
KOR,1999,consumption,6970636282.195706,46616677,149.53095610387902
KOR,2000,consumption,7714026952.911557,47008111,164.0999135853716
KOR,2001,consumption,8241419530.666058,47370164,173.97912176673185
KOR,2002,consumption,9004437121.917446,47644736,188.99122710885513
KOR,2003,consumption,9086430010.733341,47892330,189.72620481679093
KOR,2004,consumption,9209476763.172422,48082519,191.53482293996333
KOR,2005,consumption,9638140433.105019,48184561,200.02549017941698
KOR,2006,consumption,10100113963.916725,48438292,208.5150724124774
KOR,2007,consumption,10613421830.658072,48683638,218.0079851603956
KOR,2008,consumption,10864216579.830544,49054708,221.47143511343586
KOR,2009,consumption,11005710199.706547,49307835,223.2040851054715
KOR,2010,consumption,11432246940.156229,49554112,230.7022864249132
KOR,2011,consumption,11745842946.061277,49936638,235.21493269253082
KOR,2012,consumption,12011861412.763275,50199853,239.28080850681525
KOR,2013,consumption,12294830496.739779,50428893,243.8052823554897
KOR,2014,consumption,12617583088.468576,50746659,248.6386953763513
KOR,2015,consumption,13020993956.586123,51014947,255.23880200416795
KOR,2016,consumption,13484158327.46789,51217803,263.27092412511115
KOR,2017,consumption,13921726207.41866,51361911,271.05156206938364
KOR,2018,consumption,14464882366.65806,51585058,280.4083765236449
KOR,2019,consumption,15017544839.108028,51764822,290.11101089284205
LUX,1992,GDP,222783933.3879871,392171,568.0785509076069
LUX,1993,GDP,237486350.0668288,397481,597.4784959956042
LUX,1994,GDP,249811852.12904745,402921,620.0020652411948
LUX,1995,GDP,254544779.12771317,408625,622.9300192785884
LUX,1996,GDP,264734900.62756193,414228,639.1043112188503
LUX,1997,GDP,282530169.15893775,419440,673.5889976133362
LUX,1998,GDP,292458469.2419829,424699,688.6252834171563
LUX,1999,GDP,328077701.3725606,430475,762.1295112899951
LUX,2000,GDP,355798476.3235752,436303,815.4848266538969
LUX,2001,GDP,360043518.9851546,441522,815.4599747807689
LUX,2002,GDP,369436256.10899484,446166,828.0242244119786
LUX,2003,GDP,379618945.1443788,451626,840.5604308529154
LUX,2004,GDP,399135306.37087905,458098,871.2880352476524
LUX,2005,GDP,418343639.0512911,465152,899.3697523632944
LUX,2006,GDP,459879387.5928179,472641,972.9993538284192
LUX,2007,GDP,495082840.7737137,479992,1031.4397756081637
LUX,2008,GDP,508910760.21558964,488647,1041.4691182297029
LUX,2009,GDP,494893427.53011554,497783,994.1951162054862
LUX,2010,GDP,525426758.74469745,506953,1036.4407721123998
LUX,2011,GDP,531112891.10559887,518351,1024.6201726351428
LUX,2012,GDP,543047439.431309,530952,1022.7806646011485
LUX,2013,GDP,563256615.5143001,543358,1036.6215561642603
LUX,2014,GDP,590485676.4217194,556322,1061.4098964659306
LUX,2015,GDP,614373085.8394959,569605,1078.59496640566
LUX,2016,GDP,635964701.5076408,583459,1089.9903875124744
LUX,2017,GDP,646951306.5857323,596337,1084.8753416033758
LUX,2018,GDP,659392241.0718349,607950,1084.6159076763465
LUX,2019,GDP,672013848.3835043,620003,1083.8880592247203
LUX,1992,consumption,138462117.98260778,392171,353.06567283814405
LUX,1993,consumption,143152340.63078186,397481,360.14888920673405
LUX,1994,consumption,148666384.69150558,402921,368.9715470067472
LUX,1995,consumption,153079308.0062711,408625,374.62051515759214
LUX,1996,consumption,158887749.3230759,414228,383.57558958611173
LUX,1997,consumption,164736724.25072628,419440,392.7539677921187
LUX,1998,consumption,172112353.22332567,424699,405.25726037340723
LUX,1999,consumption,184908265.25060236,430475,429.5447244337124
LUX,2000,consumption,194135618.5448871,436303,444.95595617010906
LUX,2001,consumption,202171532.14196545,441522,457.8968480437338
LUX,2002,consumption,212565853.57065046,446166,476.42772773059903
LUX,2003,consumption,220073768.5803179,451626,487.292070386377
LUX,2004,consumption,225323208.24188247,458098,491.86682378417385
LUX,2005,consumption,229747788.5605017,465152,493.91981236348914
LUX,2006,consumption,236355193.43594158,472641,500.07340335675826
LUX,2007,consumption,241690945.8034017,479992,503.53119594368593
LUX,2008,consumption,247556167.13176987,488647,506.61554687078785
LUX,2009,consumption,254868307.4256456,497783,512.0068532385509
LUX,2010,consumption,263601188.41233972,506953,519.9716510452442
LUX,2011,consumption,268038916.5733674,518351,517.0992562440651
LUX,2012,consumption,274841479.12273717,530952,517.6390316313663
LUX,2013,consumption,279496222.4628307,543358,514.3868728588347
LUX,2014,consumption,287980346.49488145,556322,517.6504730981005
LUX,2015,consumption,297986873.3553397,569605,523.1465197028461
LUX,2016,consumption,307223282.0336496,583459,526.555048484383
LUX,2017,consumption,319653900.68632036,596337,536.0289579320424
LUX,2018,consumption,332558762.56408876,607950,547.0166338746423
LUX,2019,consumption,341701386.8915835,620003,551.1286024286713
MEX,1992,GDP,11611686051.93735,87753131,132.3221851985811
MEX,1993,GDP,12958195364.181082,89364560,145.00373933672455
MEX,1994,GDP,13703992977.734913,90953505,150.6703120207947
MEX,1995,GDP,13257940527.32451,92506744,143.3186376911559
MEX,1996,GDP,13277353261.802704,94005638,141.23996756239987
MEX,1997,GDP,13891941826.7113,95438019,145.55983005799084
MEX,1998,GDP,14724151327.236488,96799183,152.1102851378042
MEX,1999,GDP,14965440051.104784,98085415,152.57558986832836
MEX,2000,GDP,15891282984.149767,99368858,159.92216579715313
MEX,2001,GDP,15835295058.208284,100739263,157.19089644529447
MEX,2002,GDP,15868762725.205412,102167274,155.32138721059948
MEX,2003,GDP,16015849247.730066,103587899,154.61119882091697
MEX,2004,GDP,17130182939.582075,104970581,163.190322244497
MEX,2005,GDP,17811273864.972946,106370948,167.44491047473738
MEX,2006,GDP,19113424421.935257,107885646,177.16373892719017
MEX,2007,GDP,19916099882.446106,109538665,181.8179898618091
MEX,2008,GDP,20330669781.388,111275915,182.70503353208105
MEX,2009,GDP,19041054214.00688,113030218,168.45985569988798
MEX,2010,GDP,20029145205.548588,114756059,174.5367118746086
MEX,2011,GDP,21172230467.384968,116446180,181.81987994269085
MEX,2012,GDP,22015225164.220295,118060514,186.4740751867326
MEX,2013,GDP,21753118112.691883,119597654,181.885826227761
MEX,2014,GDP,22372738438.698124,121048604,184.82442340845273
MEX,2015,GDP,23090237541.571125,122368490,188.69430800013242
MEX,2016,GDP,24243631291.59243,123587407,196.16587061813206
MEX,2017,GDP,24819952074.673195,124777172,198.91420583464733
MEX,2018,GDP,25383032636.646675,125995825,201.45931531181034
MEX,2019,GDP,25450005940.314426,127215666,200.05402432365858
MEX,1992,consumption,9491907966.278452,87753131,108.16603189096982
MEX,1993,consumption,10321383348.530415,89364560,115.4975008944308
MEX,1994,consumption,10855568582.811708,90953505,119.35294393340541
MEX,1995,consumption,10187531546.670755,92506744,110.1274469964131
MEX,1996,consumption,10158897275.52915,94005638,108.06689355726887
MEX,1997,consumption,10659585943.606363,95438019,111.69119031699897
MEX,1998,consumption,11205167975.67733,96799183,115.75684451466218
MEX,1999,consumption,11439898252.897146,98085415,116.63200133166737
MEX,2000,consumption,12402543540.419353,99368858,124.81318382887477
MEX,2001,consumption,12448492027.780357,100739263,123.57140261965543
MEX,2002,consumption,12615243828.935484,102167274,123.47636708928422
MEX,2003,consumption,12996469907.921751,103587899,125.46320596696097
MEX,2004,consumption,13693021771.80577,104970581,130.44627972294228
MEX,2005,consumption,14481095284.378336,106370948,136.13769132130267
MEX,2006,consumption,15131414557.3084,107885646,140.25419616348591
MEX,2007,consumption,15787663106.385212,109538665,144.12867918725513
MEX,2008,consumption,16373088710.387434,111275915,147.13955585435926
MEX,2009,consumption,15328557162.31278,113030218,135.61468281263316
MEX,2010,consumption,16387227804.89675,114756059,142.80054532804016
MEX,2011,consumption,17198360088.48055,116446180,147.69363914282587
MEX,2012,consumption,17746841688.76176,118060514,150.3198748462315
MEX,2013,consumption,17937754219.285637,119597654,149.9841645663521
MEX,2014,consumption,18471447453.161232,121048604,152.59529513583843
MEX,2015,consumption,18714753046.948128,122368490,152.93768066393667
MEX,2016,consumption,19517154958.184723,123587407,157.92187433938736
MEX,2017,consumption,19719791474.670715,124777172,158.04005779735667
MEX,2018,consumption,19963071794.4496,125995825,158.4423277076808
MEX,2019,consumption,19909534647.22048,127215666,156.502223925947
NLD,1992,GDP,5692213620.789598,15184163,374.878326898203
NLD,1993,GDP,5708358953.339119,15290368,373.33038376441425
NLD,1994,GDP,5835150189.257061,15382834,379.3286847701185
NLD,1995,GDP,6025323465.18012,15459004,389.7614273972709
NLD,1996,GDP,6183527940.366313,15530500,398.15382250193574
NLD,1997,GDP,6483016397.67432,15610650,415.29445587943616
NLD,1998,GDP,6791545224.189888,15707205,432.38406987047586
NLD,1999,GDP,7074190544.878519,15812085,447.3913810151235
NLD,2000,GDP,7438220729.727436,15925505,467.0634136705515
NLD,2001,GDP,7627068214.784562,16046182,475.3198122010932
NLD,2002,GDP,7689500956.707231,16148921,476.16190312078623
NLD,2003,GDP,7711656350.313058,16225303,475.28581440439405
NLD,2004,GDP,7862004047.598095,16281777,482.8713750101168
NLD,2005,GDP,8044907485.287135,16319871,492.951659071762
NLD,2006,GDP,8451016300.565345,16346096,517.0051797423278
NLD,2007,GDP,8816997029.180918,16381696,538.2224788679339
NLD,2008,GDP,8997115210.100885,16445590,547.0837598469186
NLD,2009,GDP,8602922129.413544,16530387,520.43077572313
NLD,2010,GDP,8667793034.117523,16615390,521.6725598446695
NLD,2011,GDP,8640625381.31124,16693074,517.617389182558
NLD,2012,GDP,8462062486.114679,16754963,505.0481153622768
NLD,2013,GDP,8347105898.05846,16804430,496.7205610698167
NLD,2014,GDP,8428628928.290402,16865008,499.77023006988213
NLD,2015,GDP,8632024573.506935,16939925,509.56687078053386
NLD,2016,GDP,8863221053.490559,17030314,520.4379116844563
NLD,2017,GDP,9114958501.990952,17131295,532.0647681328792
NLD,2018,GDP,9396900221.875347,17231622,545.328827540167
NLD,2019,GDP,9649955234.872627,17344876,556.3576951990102
NLD,1992,consumption,4067115526.4055753,15184163,267.8524674956121
NLD,1993,consumption,4097851502.8873696,15290368,268.00215030059246
NLD,1994,consumption,4163927893.54664,15382834,270.6866558884169
NLD,1995,consumption,4284648498.921899,15459004,277.1620020877088
NLD,1996,consumption,4380061634.700657,15530500,282.02966000454956
NLD,1997,consumption,4551685721.438085,15610650,291.57566926669193
NLD,1998,consumption,4775199074.593634,15707205,304.0132903717519
NLD,1999,consumption,5006030835.856999,15812085,316.5952393917057
NLD,2000,consumption,5230726060.595539,15925505,328.4496196883891
NLD,2001,consumption,5348554608.319532,16046182,333.3225690896147
NLD,2002,consumption,5503723754.507966,16148921,340.8106185241705
NLD,2003,consumption,5582829966.923828,16225303,344.08170786849576
NLD,2004,consumption,5623762977.153941,16281777,345.40228484605467
NLD,2005,consumption,5687164116.007896,16319871,348.4809479197413
NLD,2006,consumption,5913081634.996309,16346096,361.74274487292314
NLD,2007,consumption,6096912211.679412,16381696,372.1783270596287
NLD,2008,consumption,6184148246.797021,16445590,376.03687352031886
NLD,2009,consumption,6136404275.21828,16530387,371.21963782325724
NLD,2010,consumption,6194860582.235581,16615390,372.8387105108927
NLD,2011,consumption,6177621776.499023,16693074,370.07095137174997
NLD,2012,consumption,6063861896.357216,16754963,361.91437106469385
NLD,2013,consumption,5972251575.25077,16804430,355.39745027059945
NLD,2014,consumption,6004954247.360352,16865008,356.0599702864269
NLD,2015,consumption,6057275629.708462,16939925,357.5739343420034
NLD,2016,consumption,6148423859.796764,17030314,361.0282147350169
NLD,2017,consumption,6295863379.191452,17131295,367.5065649848101
NLD,2018,consumption,6480645949.457173,17231622,376.09030359748914
NLD,2019,consumption,6588676506.602778,17344876,379.86299277105115
NOR,1992,GDP,1283588128.7716494,4286397,299.4561933417855
NOR,1993,GDP,1320563461.528227,4311984,306.25425825518533
NOR,1994,GDP,1366043326.446873,4336614,315.00228667962443
NOR,1995,GDP,1431337664.6437986,4359187,328.3496818658614
NOR,1996,GDP,1547110856.6047482,4381339,353.11370715773154
NOR,1997,GDP,1629646055.4606924,4405158,369.9404324341357
NOR,1998,GDP,1625047590.0377297,4431465,366.7066286290718
NOR,1999,GDP,1730517265.4632425,4461915,387.8418269875698
NOR,2000,GDP,2003935552.1860049,4490973,446.2141171158243
NOR,2001,GDP,2022066817.645672,4513747,447.97965363270737
NOR,2002,GDP,1994891417.7086864,4538157,439.581842961512
NOR,2003,GDP,2025107200.272588,4564856,443.63002913401607
NOR,2004,GDP,2224717527.232591,4591909,484.4864145244584
NOR,2005,GDP,2454856099.261192,4623293,530.9756702119446
NOR,2006,GDP,2682234998.9423976,4660673,575.5037950404153
NOR,2007,GDP,2838117373.9277234,4709156,602.6806871396325
NOR,2008,GDP,3046610247.5706677,4768215,638.9414587158229
NOR,2009,GDP,2785870251.4812846,4828716,576.9381035209535
NOR,2010,GDP,2908304607.913202,4889253,594.8361862053778
NOR,2011,GDP,3102606889.907549,4953089,626.3983727947447
NOR,2012,GDP,3274340370.105389,5018574,652.444373661799
NOR,2013,GDP,3330846839.6095686,5080171,655.6564414090724
NOR,2014,GDP,3343725461.0134916,5137427,650.8560532370566
NOR,2015,GDP,3253015650.8179803,5189898,626.7976077406493
NOR,2016,GDP,3130333822.5080357,5236152,597.8309687167285
NOR,2017,GDP,3281462654.2313867,5276965,621.8465830702661
NOR,2018,GDP,3433373609.7243266,5311916,646.3531444631893
NOR,2019,GDP,3393624088.1262503,5347893,634.5721741490061
NOR,1992,consumption,927441907.4302971,4286397,216.36864420871356
NOR,1993,consumption,952020866.2330625,4311984,220.78487912595745
NOR,1994,consumption,977008874.2925385,4336614,225.29302222714279
NOR,1995,consumption,1008573804.9536523,4359187,231.3674097839006
NOR,1996,consumption,1069223616.1244684,4381339,244.04037581307185
NOR,1997,consumption,1102834574.7793715,4405158,250.3507421934404
NOR,1998,consumption,1148988801.0600386,4431465,259.27967411680754
NOR,1999,consumption,1193511600.5067978,4461915,267.4886456839267
NOR,2000,consumption,1242127902.7780738,4490973,276.58324883673845
NOR,2001,consumption,1282480499.9486022,4513747,284.1276881377273
NOR,2002,consumption,1342289245.5351286,4538157,295.7784945596039
NOR,2003,consumption,1389136456.5202,4564856,304.3111231811474
NOR,2004,consumption,1469519286.2321248,4591909,320.02360809679044
NOR,2005,consumption,1532249959.0145307,4623293,331.4196091432082
NOR,2006,consumption,1609880746.3067613,4660673,345.41808582296187
NOR,2007,consumption,1709347863.1194756,4709156,362.98391115509355
NOR,2008,consumption,1750856271.760076,4768215,367.1932309596098
NOR,2009,consumption,1796316649.5013607,4828716,372.00710282016183
NOR,2010,consumption,1860026573.158012,4889253,380.43164736167506
NOR,2011,consumption,1918670820.6695566,4953089,387.3685331859687
NOR,2012,consumption,2002652844.591121,5018574,399.0481847216203
NOR,2013,consumption,2070906814.5451221,5080171,407.6450998490252
NOR,2014,consumption,2132554292.3494542,5137427,415.10162428574733
NOR,2015,consumption,2202275838.2669606,5189898,424.3389442850246
NOR,2016,consumption,2222876280.7945213,5236152,424.5247809449614
NOR,2017,consumption,2284927060.656788,5276965,433.00023037044735
NOR,2018,consumption,2321408062.671407,5311916,437.01897068240675
NOR,2019,consumption,2361106013.5073028,5347893,441.5021043815392
NZL,1992,GDP,853464793.5189097,3531700,241.65834966699032
NZL,1993,GDP,909742336.6400415,3572200,254.67284492470787
NZL,1994,GDP,957833375.9493585,3620000,264.5948552346294
NZL,1995,GDP,980586773.5550783,3673400,266.9425528271025
NZL,1996,GDP,1007148294.4277129,3732000,269.8682460953143
NZL,1997,GDP,1031886519.9799006,3781300,272.89200010046824
NZL,1998,GDP,1038563951.8551265,3815000,272.23170428705805
NZL,1999,GDP,1102053229.4396923,3835100,287.3597114650706
NZL,2000,GDP,1136681338.2083027,3857700,294.6526008264776
NZL,2001,GDP,1189595549.2152615,3880500,306.5572862299347
NZL,2002,GDP,1216826880.5367186,3948500,308.1744663889372
NZL,2003,GDP,1278276767.6675103,4027200,317.41079848716487
NZL,2004,GDP,1336639518.4051518,4087500,327.0066100073766
NZL,2005,GDP,1367585730.2775474,4133900,330.8221607386602
NZL,2006,GDP,1396658840.3032534,4184600,333.7616116960411
NZL,2007,GDP,1480605650.3812094,4223800,350.53876849784774
NZL,2008,GDP,1448376224.4860027,4259800,340.0103818221519
NZL,2009,GDP,1455210051.6461394,4302600,338.21643928000265
NZL,2010,GDP,1488807201.0970428,4350700,342.19946240766836
NZL,2011,GDP,1497034782.9728456,4384000,341.47691217446294
NZL,2012,GDP,1513456154.5071678,4408100,343.33525884330385
NZL,2013,GDP,1599342069.6527581,4442100,360.041887767668
NZL,2014,GDP,1647661881.2107873,4516500,364.8094500632763
NZL,2015,GDP,1728400407.5739472,4609400,374.9729699253584
NZL,2016,GDP,1824969083.1618295,4714100,387.1299045760229
NZL,2017,GDP,1918807368.52068,4813600,398.6221058086837
NZL,2018,GDP,1987893103.336325,4900600,405.6427995217575
NZL,2019,GDP,2067720505.6220443,4970300,416.01523160011357
NZL,1992,consumption,666993402.5382866,3531700,188.85902045425334
NZL,1993,consumption,682196496.979581,3572200,190.97376882021751
NZL,1994,consumption,712507509.6259053,3620000,196.82527890218378
NZL,1995,consumption,730281644.523224,3673400,198.8026472813263
NZL,1996,consumption,758113169.0343103,3732000,203.13857691165873
NZL,1997,consumption,780899868.0024204,3781300,206.5162425627219
NZL,1998,consumption,808523791.3264586,3815000,211.93284176316084
NZL,1999,consumption,840506841.783782,3835100,219.1616494442862
NZL,2000,consumption,852416153.7448279,3857700,220.96486345356763
NZL,2001,consumption,873397813.7302054,3880500,225.07352499167771
NZL,2002,consumption,903076499.586541,3948500,228.71381526821352
NZL,2003,consumption,947287123.798669,4027200,235.22226951695197
NZL,2004,consumption,994873597.9878768,4087500,243.39415241293622
NZL,2005,consumption,1039745872.2654018,4133900,251.51693854844137
NZL,2006,consumption,1070211770.4456829,4184600,255.75007657737487
NZL,2007,consumption,1111981052.3808608,4223800,263.26555527744233
NZL,2008,consumption,1120271401.8247058,4259800,262.9868542712582
NZL,2009,consumption,1131527033.8074176,4302600,262.98680653730713
NZL,2010,consumption,1151359815.8149116,4350700,264.63783203045756
NZL,2011,consumption,1164446192.7189715,4384000,265.61272644137125
NZL,2012,consumption,1180361309.3645356,4408100,267.77099189322735
NZL,2013,consumption,1218006309.7054882,4442100,274.1960581043849
NZL,2014,consumption,1253138005.3728013,4516500,277.45776715881794
NZL,2015,consumption,1308377322.5422764,4609400,283.8498118068027
NZL,2016,consumption,1385687416.611958,4714100,293.9452740951524
NZL,2017,consumption,1443735591.8457525,4813600,299.9284510232991
NZL,2018,consumption,1509530400.6341255,4900600,308.0297107770733
NZL,2019,consumption,1569467129.4752343,4970300,315.76909431527963
POL,1992,GDP,4388991666.728898,38173500,114.97482983559009
POL,1993,GDP,4342927426.7754545,38221000,113.62673469494399
POL,1994,GDP,4718673006.714288,38252000,123.35755010755746
POL,1995,GDP,5047770157.166098,38274500,131.88337292887164
POL,1996,GDP,5274292481.4383545,38289000,137.74954899418512
POL,1997,GDP,5550721296.569959,38292000,144.95772737307945
POL,1998,GDP,5778620974.472692,38283500,150.94285983446372
POL,1999,GDP,5995032895.207103,38270000,156.6509771415496
POL,2000,GDP,6054816368.1375475,38258478,158.26077472652068
POL,2001,GDP,6001194718.099717,38248076,156.90187182486557
POL,2002,GDP,6109875826.322708,38232301,159.8092624956763
POL,2003,GDP,6330926234.671373,38195177,165.75198053595545
POL,2004,GDP,6753001249.163376,38180249,176.87158743158997
POL,2005,GDP,7003183201.731218,38161313,183.51525802404174
POL,2006,GDP,7471809638.2956505,38132277,195.94449180927882
POL,2007,GDP,8080982420.966004,38115967,212.01042652193513
POL,2008,GDP,8416554157.809383,38115909,220.81473008578607
POL,2009,GDP,8644334666.691057,38153389,226.56793782306093
POL,2010,GDP,8831199543.123558,38516689,229.28241685373212
POL,2011,GDP,9190659029.988497,38525670,238.55935613808916
POL,2012,GDP,9205555422.710722,38533789,238.89567212585095
POL,2013,GDP,9202370187.521067,38502396,239.0077279222069
POL,2014,GDP,9604107635.85726,38483957,249.56133372296566
POL,2015,GDP,10251813478.547586,38454576,266.5954106098475
POL,2016,GDP,10642060722.22198,38426809,276.94364947716525
POL,2017,GDP,11156868826.134258,38422346,290.3744822383896
POL,2018,GDP,11785489026.45869,38413139,306.8087985847418
POL,2019,GDP,12421654340.095032,38386476,323.5945477280861
POL,1992,consumption,3657580898.1797514,38173500,95.81465933644417
POL,1993,consumption,3626864666.209522,38221000,94.89193548597686
POL,1994,consumption,3787631453.3313346,38252000,99.01786712672107
POL,1995,consumption,3936514882.382837,38274500,102.84954427576682
POL,1996,consumption,4195719813.9864926,38289000,109.58029235515403
POL,1997,consumption,4445444540.24957,38292000,116.0932973009916
POL,1998,consumption,4600198767.398229,38283500,120.16139505004058
POL,1999,consumption,4820261297.48431,38270000,125.95404487808493
POL,2000,consumption,4950679056.084836,38258478,129.4008364913219
POL,2001,consumption,4988380153.104785,38248076,130.42172769957853
POL,2002,consumption,5193731906.854376,38232301,135.84669954482666
POL,2003,consumption,5306896396.88001,38195177,138.94153172480415
POL,2004,consumption,5562323685.924002,38180249,145.68589340326204
POL,2005,consumption,5683306883.1657095,38161313,148.9284942361839
POL,2006,consumption,6009468508.900091,38132277,157.59532295698185
POL,2007,consumption,6334239307.531182,38115967,166.18335585008725
POL,2008,consumption,6773726199.133515,38115909,177.71388317496286
POL,2009,consumption,6932979554.615567,38153389,181.71333494425795
POL,2010,consumption,7204737188.811608,38516689,187.05494620297213
POL,2011,consumption,7347220631.898365,38525670,190.70974318936868
POL,2012,consumption,7362800977.405869,38533789,191.07389043433722
POL,2013,consumption,7339339844.800984,38502396,190.62034073933955
POL,2014,consumption,7564713481.383212,38483957,196.56797458180333
POL,2015,consumption,7907270683.626459,38454576,205.62626106257053
POL,2016,consumption,8190741230.368871,38426809,213.15174076434167
POL,2017,consumption,8621213264.656984,38422346,224.38018919138838
POL,2018,consumption,9019839030.80345,38413139,234.8112980509989
POL,2019,consumption,9396679339.853075,38386476,244.79140361446764
PRT,1992,GDP,2255760369.703526,9952493.5,226.65278502352461
PRT,1993,GDP,2221932605.060443,9964674.5,222.98095186756404
PRT,1994,GDP,2282891992.7559805,9991525,228.48283848121088
PRT,1995,GDP,2362522298.5001903,10026176,235.63543054701915
PRT,1996,GDP,2429225522.728573,10063945,241.37905391261307
PRT,1997,GDP,2574503743.2031126,10108977,254.67500254507578
PRT,1998,GDP,2731227727.59108,10160196,268.8164409024275
PRT,1999,GDP,2866499171.8739576,10217828,280.5389924232388
PRT,2000,GDP,2992301982.1868634,10289898,290.79996538224805
PRT,2001,GDP,3031350194.170719,10362722,292.5245118194543
PRT,2002,GDP,3072099445.8231697,10419631,294.8376430819066
PRT,2003,GDP,3049650882.2461925,10458821,291.58648783129496
PRT,2004,GDP,3105239549.363981,10483861,296.1923617037636
PRT,2005,GDP,3161822109.7691565,10503330,301.0304455605181
PRT,2006,GDP,3215598607.908993,10522288,305.59880207698103
PRT,2007,GDP,3312684607.2067075,10542964,314.2080924497805
PRT,2008,GDP,3295699898.8104477,10558177,312.14668013336467
PRT,2009,GDP,3255063644.458296,10568247,308.0041225813795
PRT,2010,GDP,3291362438.082671,10573100,311.29587709211785
PRT,2011,GDP,3112827103.872756,10574536,294.3700890396284
PRT,2012,GDP,2895193799.0641475,10531420,274.9101070002096
PRT,2013,GDP,2923878183.17485,10473991,279.1560717566828
PRT,2014,GDP,2975170532.772827,10419607,285.5357723926466
PRT,2015,GDP,3066819882.826991,10381838,295.40240204354865
PRT,2016,GDP,3167047733.3874216,10356516,305.8024275139846
PRT,2017,GDP,3277307706.23496,10340124,316.9505226663587
PRT,2018,GDP,3402549152.764871,10334633,329.2375406814031
PRT,2019,GDP,3548103063.2061768,10354446,342.6646933313648
PRT,1992,consumption,1863532399.4514763,9952493.5,187.2427647856767
PRT,1993,consumption,1888618085.874314,9964674.5,189.53133751376566
PRT,1994,consumption,1919254669.70321,9991525,192.08826177217293
PRT,1995,consumption,1941559352.3822052,10026176,193.64903951239287
PRT,1996,consumption,2009079399.7182994,10063945,199.63139700368984
PRT,1997,consumption,2097507872.9702396,10108977,207.48962758251795
PRT,1998,consumption,2208221715.1495466,10160196,217.34046421442525
PRT,1999,consumption,2331110497.6677713,10217828,228.14148933293566
PRT,2000,consumption,2461680602.6673656,10289898,239.23275067132496
PRT,2001,consumption,2487520245.2055364,10362722,240.04506202188347
PRT,2002,consumption,2527023152.9160647,10419631,242.5252058269688
PRT,2003,consumption,2540049899.510525,10458821,242.86197263635407
PRT,2004,consumption,2609834808.5712104,10483861,248.93832611584705
PRT,2005,consumption,2700751156.700597,10503330,257.13284803015773
PRT,2006,consumption,2730254512.074023,10522288,259.4734635731338
PRT,2007,consumption,2797822600.6666927,10542964,265.3734377416723
PRT,2008,consumption,2833448049.954799,10558177,268.3652727127798
PRT,2009,consumption,2801395679.0685945,10568247,265.0766658906245
PRT,2010,consumption,2844876526.1911874,10573100,269.06739992917755
PRT,2011,consumption,2662188402.860346,10574536,251.75463045001177
PRT,2012,consumption,2453399804.0701814,10531420,232.96001907341852
PRT,2013,consumption,2462463162.771117,10473991,235.10266170470427
PRT,2014,consumption,2514200108.4255743,10419607,241.29509955851256
PRT,2015,consumption,2555315849.1282115,10381838,246.133280940062
PRT,2016,consumption,2621802657.0827265,10356516,253.154888872158
PRT,2017,consumption,2670224093.8955674,10340124,258.2390785541418
PRT,2018,consumption,2751158775.1441712,10334633,266.20768973065333
PRT,2019,consumption,2863193960.8298016,10354446,276.5183150146132
SVK,1992,GDP,936885399.7010777,5306539,176.55300369997804
SVK,1993,GDP,893364534.7880228,5324632,167.7795826618671
SVK,1994,GDP,949078364.3016262,5347413,177.4836475696989
SVK,1995,GDP,1004994699.5042156,5363676,187.37050849160457
SVK,1996,GDP,1055450711.2357668,5373793,196.40702781736601
SVK,1997,GDP,1098533196.9381268,5383233,204.06569749779115
SVK,1998,GDP,1122793070.4574163,5390866,208.27693926308245
SVK,1999,GDP,1084365422.4184723,5395324,200.98244747089745
SVK,2000,GDP,1069954107.0377946,5400679,198.11473835749072
SVK,2001,GDP,1081198889.221477,5379780,200.97455457685575
SVK,2002,GDP,1139019898.1895697,5378809,211.76061432736685
SVK,2003,GDP,1160143024.815213,5378950,215.68206152041066
SVK,2004,GDP,1203988093.4168766,5382574,223.68259004277073
SVK,2005,GDP,1281285547.0308797,5387285,237.83511491054952
SVK,2006,GDP,1374439853.7438877,5391184,254.94211545068535
SVK,2007,GDP,1499730386.3658342,5397766,277.8427939198984
SVK,2008,GDP,1555801754.1768591,5406972,287.7399317357033
SVK,2009,GDP,1430541400.0253356,5418374,264.0167326997611
SVK,2010,GDP,1520321941.2168403,5431024,279.93283425314274
SVK,2011,GDP,1524775386.1574607,5398384,282.45033813034803
SVK,2012,GDP,1514811395.7459724,5407579,280.1274647575139
SVK,2013,GDP,1512430454.8862362,5413392.5,279.38680871306417
SVK,2014,GDP,1552509413.843465,5418649,286.5122678814341
SVK,2015,GDP,1635167003.019034,5423800.5,301.4799314648527
SVK,2016,GDP,1669180466.837051,5430797.5,307.35457671493936
SVK,2017,GDP,1714960535.8096216,5439231.5,315.29463965812477
SVK,2018,GDP,1777566610.3570743,5446770.5,326.3523973255481
SVK,2019,GDP,1813358593.5599296,5454147,332.4733626651298
SVK,1992,consumption,750569177.0577217,5306539,141.44231806413214
SVK,1993,consumption,749701129.5497913,5324632,140.7986748285687
SVK,1994,consumption,733902835.0885292,5347413,137.24446476988578
SVK,1995,consumption,769254175.563975,5363676,143.41921017674724
SVK,1996,consumption,828699984.4055243,5373793,154.21137070324895
SVK,1997,consumption,822120032.3697108,5383233,152.71864182169168
SVK,1998,consumption,852099560.7000537,5390866,158.06357655709743
SVK,1999,consumption,810446142.8493797,5395324,150.21269211068318
SVK,2000,consumption,797259255.8096178,5400679,147.62204082294426
SVK,2001,consumption,821246298.0455661,5379780,152.65425315636813
SVK,2002,consumption,860271844.5632774,5378809,159.93723602442054
SVK,2003,consumption,857835655.906574,5378950,159.4801319786527
SVK,2004,consumption,890206321.8690711,5382574,165.38673167690237
SVK,2005,consumption,933660356.3029791,5387285,173.30814246934756
SVK,2006,consumption,1005612925.3251026,5391184,186.5291418963075
SVK,2007,consumption,1062171764.5174531,5397766,196.77988347724838
SVK,2008,consumption,1132041934.8417945,5406972,209.36707917884436
SVK,2009,consumption,1131835253.693564,5418374,208.8883590711095
SVK,2010,consumption,1148876834.0810242,5431024,211.5396348977696
SVK,2011,consumption,1118858522.804687,5398384,207.25804663111907
SVK,2012,consumption,1116057421.5540957,5407579,206.3876314250972
SVK,2013,consumption,1104557348.9753633,5413392.5,204.04161511942155
SVK,2014,consumption,1134829767.5175865,5418649,209.4303889249122
SVK,2015,consumption,1181581412.1916883,5423800.5,217.85119349277105
SVK,2016,consumption,1228428954.488531,5430797.5,226.19678868315953
SVK,2017,consumption,1289374121.0172615,5439231.5,237.05078943914438
SVK,2018,consumption,1327449027.14711,5446770.5,243.71304558308634
SVK,2019,consumption,1377654312.3898845,5454147,252.58840885474567
SVN,1992,GDP,319523972.0072578,1995832,160.09562528672646
SVN,1993,GDP,341869633.8177862,1990623,171.74001999262856
SVN,1994,GDP,364836770.7245347,1988850,183.44106932374723
SVN,1995,GDP,419792572.36611104,1987505,211.2158572512326
SVN,1996,GDP,438442050.7679324,1991169,220.1932888508873
SVN,1997,GDP,460863718.3562906,1986848,231.9572097897225
SVN,1998,GDP,472884329.91813356,1982603,238.51690425069143
SVN,1999,GDP,499602596.50133127,1985557,251.61836023913253
SVN,2000,GDP,501051639.2153543,1990272,251.75033322850058
SVN,2001,GDP,516747679.7478354,1992035,259.40692796453646
SVN,2002,GDP,534400710.42839336,1995718,267.7736586172963
SVN,2003,GDP,552098319.9008143,1996773,276.49528509290457
SVN,2004,GDP,575888533.5450404,1997004,288.3762544016138
SVN,2005,GDP,592546926.7772051,2001114,296.1085309368707
SVN,2006,GDP,626123971.1617701,2008516,311.7346195707528
SVN,2007,GDP,674336907.3871934,2019406,333.9283469432068
SVN,2008,GDP,689539374.6167221,2022629,340.91243357863556
SVN,2009,GDP,649164708.9944712,2042335,317.85417622205523
SVN,2010,GDP,641602037.9909204,2049261,313.0894688333601
SVN,2011,GDP,643026742.0986273,2052496,313.2901316731566
SVN,2012,GDP,612287225.9926703,2056262,297.76712597551784
SVN,2013,GDP,603445811.2770799,2059114,293.0609044846861
SVN,2014,GDP,622792878.5202605,2061623,302.08863527437387
SVN,2015,GDP,646627118.709211,2063077,313.4284947722315
SVN,2016,GDP,672517661.3031299,2064241,325.7941593559715
SVN,2017,GDP,706329587.3507521,2066161,341.8560254262626
SVN,2018,GDP,740465857.480494,2070050,357.7043344269433
SVN,2019,GDP,771761242.8101137,2089310,369.38570284453414
SVN,1992,consumption,234882892.7765535,1995832,117.68670548250229
SVN,1993,consumption,265013382.031301,1990623,133.1308751236678
SVN,1994,consumption,273272439.3455673,1988850,137.40223714486626
SVN,1995,consumption,323163784.94940174,1987505,162.59772174127951
SVN,1996,consumption,334242233.9202521,1991169,167.86231300319164
SVN,1997,consumption,345552395.48770624,1986848,173.91989497319688
SVN,1998,consumption,352226204.198216,1982603,177.65846425039004
SVN,1999,consumption,375638390.8564793,1985557,189.1853977782956
SVN,2000,consumption,374003611.64215124,1990272,187.91582841046412
SVN,2001,consumption,383246426.5674601,1992035,192.38940408550056
SVN,2002,consumption,391695174.0154439,1995718,196.26779635972815
SVN,2003,consumption,405693674.29599166,1996773,203.1746594610362
SVN,2004,consumption,417005445.961929,1997004,208.81552864287153
SVN,2005,consumption,426313959.07151777,2001114,213.03831719308235
SVN,2006,consumption,434991362.05960345,2008516,216.57351101987908
SVN,2007,consumption,458792371.59175086,2019406,227.19174430092357
SVN,2008,consumption,475575148.75274843,2022629,235.12722736238254
SVN,2009,consumption,485646838.9034054,2042335,237.7899996344407
SVN,2010,consumption,489958014.9003109,2049261,239.09009877234323
SVN,2011,consumption,494471222.55029047,2052496,240.91214918337988
SVN,2012,consumption,475776668.02124983,2056262,231.37940010623637
SVN,2013,consumption,455400458.51113176,2059114,221.16330543677122
SVN,2014,consumption,457264165.04014295,2061623,221.79814885657706
SVN,2015,consumption,468296432.6985168,2063077,226.98931387365414
SVN,2016,consumption,487692092.86183536,2064241,236.25734246235558
SVN,2017,consumption,499289117.18065757,2066161,241.65063476692163
SVN,2018,consumption,517699498.68638355,2070050,250.09033534764066
SVN,2019,consumption,544057988.1492897,2089310,260.4007965066408
SWE,1992,GDP,2515842257.730962,8668065,290.2426617394957
SWE,1993,GDP,2404684375.937024,8718558,275.81216709655706
SWE,1994,GDP,2509678127.998779,8780741,285.81621163849144
SWE,1995,GDP,2644304533.022204,8826944,299.5719167383643
SWE,1996,GDP,2703272794.2298026,8840999,305.7655355723717
SWE,1997,GDP,2809382028.1411276,8846059,317.5857212959045
SWE,1998,GDP,2961968002.1318727,8850975,334.6487818722652
SWE,1999,GDP,3103048636.8879538,8857879,350.3150852351848
SWE,2000,GDP,3268407708.6669183,8872112,368.3911687168645
SWE,2001,GDP,3318830279.5577936,8895963,373.0715021586526
SWE,2002,GDP,3376647593.3339195,8924960,378.33756042984163
SWE,2003,GDP,3437536729.1500216,8958232,383.7293708345599
SWE,2004,GDP,3582672162.8433585,8993534,398.36088492503154
SWE,2005,GDP,3694153742.42439,9029567,409.11748508255044
SWE,2006,GDP,3881612655.0445056,9080506,427.46655913717865
SWE,2007,GDP,4034700857.720906,9148093,441.0428334868159
SWE,2008,GDP,3994539755.476639,9219639,433.2642260154263
SWE,2009,GDP,3934219121.9033895,9298512,423.1020105048409
SWE,2010,GDP,4155212904.9850016,9378131,443.0747347189969
SWE,2011,GDP,4209912869.54673,9449216,445.53038786992806
SWE,2012,GDP,4195004648.602296,9519379,440.6804948728584
SWE,2013,GDP,4287551209.9469185,9600374,446.6025188130086
SWE,2014,GDP,4474407614.899743,9696105,461.464434935445
SWE,2015,GDP,4778352144.92077,9799183,487.6276057831321
SWE,2016,GDP,4912803191.86589,9923086,495.0882408825127
SWE,2017,GDP,5026500276.240274,10057695,499.76662408636116
SWE,2018,GDP,5148641831.720348,10175215,505.99833337382535
SWE,2019,GDP,5316237099.755461,10278888,517.1996328547855
SWE,1992,consumption,1933896027.5942547,8668065,223.1058520666671
SWE,1993,consumption,1882968502.6158686,8718558,215.97246960057714
SWE,1994,consumption,1914992718.0663838,8780741,218.09010402042196
SWE,1995,consumption,1944685455.2289577,8826944,220.31242695421628
SWE,1996,consumption,2001973345.7777681,8840999,226.4419830584494
SWE,1997,consumption,2066302684.00879,8846059,233.58454697270165
SWE,1998,consumption,2161385665.820834,8850975,244.19746590865233
SWE,1999,consumption,2273552990.631798,8857879,256.67013408422014
SWE,2000,consumption,2377770933.0957417,8872112,268.00506272866505
SWE,2001,consumption,2405031800.5551696,8895963,270.3509221604417
SWE,2002,consumption,2470263041.626829,8924960,276.7814132082193
SWE,2003,consumption,2523499427.2884316,8958232,281.69614576720403
SWE,2004,consumption,2584366902.0727887,8993534,287.35832900312477
SWE,2005,consumption,2668190282.907094,9029567,295.4948208377095
SWE,2006,consumption,2743471165.123387,9080506,302.12756482109995
SWE,2007,consumption,2825126865.27271,9148093,308.8213975604216
SWE,2008,consumption,2828897184.355635,9219639,306.8338342049656
SWE,2009,consumption,2934131291.335218,9298512,315.5484760717863
SWE,2010,consumption,3029795212.6371136,9378131,323.0702591632718
SWE,2011,consumption,3044827556.275081,9449216,322.23070742324876
SWE,2012,consumption,3089081899.509179,9519379,324.50456059257425
SWE,2013,consumption,3184292532.6675696,9600374,331.68421695525296
SWE,2014,consumption,3312897335.2808375,9696105,341.6730053233579
SWE,2015,consumption,3486260985.0963078,9799183,355.77057649564335
SWE,2016,consumption,3597534865.4836426,9923086,362.54194163828095
SWE,2017,consumption,3676475271.1930637,10057695,365.53855244099805
SWE,2018,consumption,3768341711.7133017,10175215,370.34516830487627
SWE,2019,consumption,3811560012.924434,10278888,370.8144317677588
TUR,1992,GDP,9417988465.924368,56986000,165.26846007658668
TUR,1993,GDP,10278104818.884434,57913000,177.4749161480917
TUR,1994,GDP,9776064440.064735,58837000,166.1550459755721
TUR,1995,GDP,10373048830.200026,59756000,173.5900801626619
TUR,1996,GDP,10890915329.639416,60671000,179.50776037380982
TUR,1997,GDP,11530748742.421682,61582000,187.2421932126544
TUR,1998,GDP,11217935017.671873,62464000,179.59040435565882
TUR,1999,GDP,10162555596.411652,63364000,160.38374465645558
TUR,2000,GDP,10483466293.969929,64268751,163.11918515376047
TUR,2001,GDP,9795008433.864418,65166331,150.30780901052137
TUR,2002,GDP,9895196485.782549,66002506,149.9215270066041
TUR,2003,GDP,10614177512.098347,66794551,158.9078353427115
TUR,2004,GDP,12072369060.964243,67598736,178.588680429827
TUR,2005,GDP,13035185651.701542,68435380,190.47436650021587
TUR,2006,GDP,13922505461.220156,69295253,200.91571728903503
TUR,2007,GDP,14296303992.751116,70158112,203.77264417764144
TUR,2008,GDP,14632229326.5221,71051689,205.93781136606196
TUR,2009,GDP,13829914141.515873,72039215,191.97757973231487
TUR,2010,GDP,14781576460.33216,73142162,202.09378634900293
TUR,2011,GDP,16691888323.49024,74223642,224.88640915101203
TUR,2012,GDP,17237612357.80891,75175836,229.29724862399814
TUR,2013,GDP,18473567599.79612,76147634,242.6019907564839
TUR,2014,GDP,19107479578.849144,77181894,247.56427432124357
TUR,2015,GDP,20256226456.17012,78218488,258.96980335608276
TUR,2016,GDP,20997931005.544037,79277971,264.86463693103394
TUR,2017,GDP,22638977365.19874,80312708,281.8853694386539
TUR,2018,GDP,23504876764.031258,81407211,288.7321218267907
TUR,2019,GDP,23600673072.743813,82579448,285.79354360353454
TUR,1992,consumption,6883636239.579149,56986000,120.79521706347435
TUR,1993,consumption,7487167639.321351,57913000,129.28302176232194
TUR,1994,consumption,7077247929.613269,58837000,120.28566938513637
TUR,1995,consumption,7462626534.991761,59756000,124.88497447941229
TUR,1996,consumption,7781055428.277995,60671000,128.2499946972688
TUR,1997,consumption,8400728373.546387,61582000,136.4153222296513
TUR,1998,consumption,8275275671.4665165,62464000,132.48071963797574
TUR,1999,consumption,7977608755.4227,63364000,125.90128078124329
TUR,2000,consumption,8229156646.881613,64268751,128.04289050026213
TUR,2001,consumption,7418377000.0614605,65166331,113.83757357862392
TUR,2002,consumption,7524937591.178989,66002506,114.00987700647289
TUR,2003,consumption,8185871569.792933,66794551,122.55298444618533
TUR,2004,consumption,9189101804.394304,67598736,135.93600040678726
TUR,2005,consumption,9711703877.755611,68435380,141.9105713704755
TUR,2006,consumption,10224213394.854109,69295253,147.5456535941085
TUR,2007,consumption,10593985299.18987,70158112,151.0015734059359
TUR,2008,consumption,10709664216.246784,71051689,150.73060706898585
TUR,2009,consumption,10487022515.753952,72039215,145.57380332023263
TUR,2010,consumption,11132207346.329288,73142162,152.19959380376653
TUR,2011,consumption,12470940882.165834,74223642,168.01844461048992
TUR,2012,consumption,12751452519.860992,75175836,169.62169226639517
TUR,2013,consumption,13466656286.371964,76147634,176.84930678702327
TUR,2014,consumption,13845391592.551699,77181894,179.3865228618476
TUR,2015,consumption,14432653920.651625,78218488,184.5171683790618
TUR,2016,consumption,15071674215.724436,79277971,190.11175520277172
TUR,2017,consumption,15906591108.806177,80312708,198.05820902971143
TUR,2018,consumption,15990044275.408049,81407211,196.42049001541213
TUR,2019,consumption,16287500934.350235,82579448,197.2343159081208
USA,1992,GDP,110138612289.29869,256514224,429.3664911513784
USA,1993,GDP,112530380152.03325,259918588,432.9447194135775
USA,1994,GDP,116525469192.90778,263125821,442.85075767196474
USA,1995,GDP,118828643932.42409,266278393,446.2571769104228
USA,1996,GDP,121993439079.53088,269394284,452.843457805255
USA,1997,GDP,126655118762.72542,272646925,464.5389591785252
USA,1998,GDP,131774951232.25082,275854104,477.6979907909973
USA,1999,GDP,137040459864.9085,279040168,491.1137376641362
USA,2000,GDP,141094644104.26434,282162411,500.04762719533306
USA,2001,GDP,141647057658.18176,284968955,497.06136466051805
USA,2002,GDP,144010252574.8051,287625193,500.6872001466336
USA,2003,GDP,147608072669.3825,290107933,508.8039859612612
USA,2004,GDP,153305386533.05875,292805298,523.5744967055164
USA,2005,GDP,158251055517.01523,295516599,535.5064861077913
USA,2006,GDP,162433708033.99783,298379912,544.3855350222029
USA,2007,GDP,165457605271.5147,301231207,549.2711293737727
USA,2008,GDP,162594880007.8205,304093966,534.6863081387827
USA,2009,GDP,159951334274.97736,306771529,521.402148355747
USA,2010,GDP,163575878419.05115,309327143,528.8119136025872
USA,2011,GDP,164373393643.951,311583481,527.5420671096199
USA,2012,GDP,167794832809.80368,313877662,534.5867295577208
USA,2013,GDP,171748748665.64352,316059947,543.4056111692113
USA,2014,GDP,176290248686.64395,318386329,553.6991781033537
USA,2015,GDP,182950190000,320738994,570.4020821366048
USA,2016,GDP,185706259826.03473,323071755,574.814284913377
USA,2017,GDP,189638053502.9482,325122128,583.2825180787086
USA,2018,GDP,194974694321.37173,326838199,596.5480623682292
USA,2019,GDP,199694635682.14224,328329953,608.2132740479582
USA,1992,consumption,88612238623.94449,256514224,345.44766072677703
USA,1993,consumption,90650682026.51714,259918588,348.76567591432564
USA,1994,consumption,93208817527.8564,263125821,354.23668104338725
USA,1995,consumption,94946785882.87994,266278393,356.5696217900787
USA,1996,consumption,96974992251.80348,269394284,359.9742014266475
USA,1997,consumption,99777758713.38374,272646925,365.95959669592366
USA,1998,consumption,103887461366.75327,275854104,376.6029211106218
USA,1999,consumption,108639868912.49075,279040168,389.33415820080336
USA,2000,consumption,112930845820.3114,282162411,400.23348758637945
USA,2001,consumption,115277437742.54143,284968955,404.52630267230836
USA,2002,consumption,118521809780.79402,287625193,412.0703355105407
USA,2003,consumption,122234782960.49243,290107933,421.342435198049
USA,2004,consumption,126535836959.06824,292805298,432.15009367442605
USA,2005,consumption,130238602430.90532,295516599,440.7150152364379
USA,2006,consumption,133447375051.54099,298379912,447.2398096676863
USA,2007,consumption,136546967660.48643,301231207,453.2962206020256
USA,2008,consumption,136544900274.57545,304093966,449.0220640371912
USA,2009,consumption,136160710685.30289,306771529,443.8505461349475
USA,2010,consumption,138818612273.00803,309327143,448.7760463782127
USA,2011,consumption,139194708265.93207,311583481,446.7332729552889
USA,2012,consumption,140013071379.93387,313877662,446.0752972600321
USA,2013,consumption,141615540923.58832,316059947,448.06544539345987
USA,2014,consumption,144538519237.5927,318386329,453.9721277969592
USA,2015,consumption,149014260000,320738994,464.59664333797843
USA,2016,consumption,151886035772.6917,323071755,470.1309644747239
USA,2017,consumption,154772352362.1476,325122128,476.04373567014676
USA,2018,consumption,158518442657.76642,326838199,485.00586266468326
USA,2019,consumption,161773176741.95242,328329953,492.71525568656364
Aggregate,1992,GDP,343931322661.3056,1087754511.3,316.1846897332244
Aggregate,1993,GDP,348147245015.7905,1097176285.4,317.3120396863715
Aggregate,1994,GDP,357893078134.3359,1105965352.8,323.602432235557
Aggregate,1995,GDP,368120764466.2632,1114518459.8,330.2957983596991
Aggregate,1996,GDP,376997575258.3662,1122881473.3,335.74120174092843
Aggregate,1997,GDP,387908012620.67725,1131165855,342.92761835591057
Aggregate,1998,GDP,396667047957.82776,1139049532.3,348.24389695930677
Aggregate,1999,GDP,406825473366.42377,1146920044.9,354.7112766713349
Aggregate,2000,GDP,420833974151.72577,1155144629.7,364.3127997409464
Aggregate,2001,GDP,425042303692.89374,1163401492.2,365.34447182901226
Aggregate,2002,GDP,431308881546.0051,1171779186.4,368.0803401800422
Aggregate,2003,GDP,439700556917.1705,1180042092.6,372.6142988241829
Aggregate,2004,GDP,455282427398.3943,1188338330.4,383.12525629392445
Aggregate,2005,GDP,468010113207.5195,1196884839.9,391.0235117077945
Aggregate,2006,GDP,482847308189.8629,1205679693.5,400.4772667176574
Aggregate,2007,GDP,496161882933.17267,1215139638.5,408.31676229873284
Aggregate,2008,GDP,492374263890.40015,1224897922.5,401.97167032945157
Aggregate,2009,GDP,477878246367.96747,1233764624.5,387.3333996439022
Aggregate,2010,GDP,490384403621.116,1242622007.5,394.6368249245063
Aggregate,2011,GDP,495359075496.79193,1249002614.1,396.603713959186
Aggregate,2012,GDP,498817040543.84546,1256499292.7,396.9895116072638
Aggregate,2013,GDP,506425627565.76355,1263625709.6,400.77186125476373
Aggregate,2014,GDP,517799734434.88763,1271336492.7,407.2877144706283
Aggregate,2015,GDP,535726560379.96375,1278980584.2,418.8699711302183
Aggregate,2016,GDP,548009915100.09576,1286884744.8,425.84226545110243
Aggregate,2017,GDP,561983697784.7524,1293983071.9,434.3052934684627
Aggregate,2018,GDP,574503072435.273,1301030730.7,441.57532860593557
Aggregate,2019,GDP,585158868366.6971,1308007291.6,447.3666715197822
Aggregate,1992,consumption,262127778890.68085,1087754511.3,240.98064054674066
Aggregate,1993,consumption,266860233882.7327,1097176285.4,243.22457332865415
Aggregate,1994,consumption,273202613975.2311,1105965352.8,247.02637680607015
Aggregate,1995,consumption,278302373151.896,1114518459.8,249.70638279229334
Aggregate,1996,consumption,284685616719.91693,1122881473.3,253.53131518259323
Aggregate,1997,consumption,292103876877.55023,1131165855,258.23257976395536
Aggregate,1998,consumption,299398017733.3909,1139049532.3,262.84898877824764
Aggregate,1999,consumption,309884398898.7378,1146920044.9,270.18831894751355
Aggregate,2000,consumption,321369379525.7447,1155144629.7,278.20704980397716
Aggregate,2001,consumption,327290127090.7994,1163401492.2,281.3217356906527
Aggregate,2002,consumption,335173234818.3253,1171779186.4,286.03788043723637
Aggregate,2003,consumption,343508302780.50903,1180042092.6,291.09834719849135
Aggregate,2004,consumption,353628189222.5284,1188338330.4,297.5820775750754
Aggregate,2005,consumption,363346239206.98303,1196884839.9,303.57660745150775
Aggregate,2006,consumption,372672350475.985,1205679693.5,309.0973104093214
Aggregate,2007,consumption,381771564873.1347,1215139638.5,314.17917149374165
Aggregate,2008,consumption,383561749435.39343,1224897922.5,313.13772551148514
Aggregate,2009,consumption,381737015064.2211,1233764624.5,309.4082999980043
Aggregate,2010,consumption,389475535984.6498,1242622007.5,313.4304186099406
Aggregate,2011,consumption,392067857854.59015,1249002614.1,313.9047536238381
Aggregate,2012,consumption,393472962704.879,1256499292.7,313.15016649104
Aggregate,2013,consumption,397626819955.8849,1263625709.6,314.6713595133748
Aggregate,2014,consumption,404107094517.43225,1271336492.7,317.86006052513295
Aggregate,2015,consumption,414036422720.50214,1278980584.2,323.7237748839488
Aggregate,2016,consumption,423304295143.6413,1286884744.8,328.9372236745481
Aggregate,2017,consumption,431739320784.649,1293983071.9,333.65144425785354
Aggregate,2018,consumption,439843922516.22174,1301030730.7,338.07343065568506
Aggregate,2019,consumption,447397532784.6806,1308007291.6,342.04513664247884
