REF_AREA,TIME_PERIOD,measure,OBS_VALUE,Population,OBS_VALUE_per_capita
AUS,1986,GDP,489743653712.44946,16018350,30573.913899524574
AUS,1987,GDP,511483771496.2444,16263874,31449.07366450603
AUS,1988,GDP,541299311107.20886,16532164,32742.19340596965
AUS,1989,GDP,553178373982.694,16814416,32899.053644366475
AUS,1990,GDP,528933531104.95514,17065128,30994.99348056195
AUS,1991,GDP,522486025668.6795,17284036,30229.399294741084
AUS,1992,GDP,542843415183.37463,17478635,31057.540544978176
AUS,1993,GDP,560396823165.0155,17634808,31777.88060777387
AUS,1994,GDP,584047149188.7732,17805468,32801.56125010436
AUS,1995,GDP,595520098743.0819,18004882,33075.47912522181
AUS,1996,GDP,610735538564.6494,18224767,33511.29474328256
AUS,1997,GDP,645127011627.5695,18423037,35017.408455922305
AUS,1998,GDP,675021636679.6056,18607584,36276.69431343723
AUS,1999,GDP,708857671677.8477,18812264,37680.614713776486
AUS,2000,GDP,724529283184.5358,19028802,38075.40186631485
AUS,2001,GDP,741844365846.5369,19274701,38487.9830741103
AUS,2002,GDP,764822090881.5231,19495210,39231.282498702145
AUS,2003,GDP,800956414830.9968,19720737,40614.933145297604
AUS,2004,GDP,838193011519.901,19932722,42051.10629245223
AUS,2005,GDP,881717178711.3593,20176844,43699.45957412166
AUS,2006,GDP,927760712796.0015,20450966,45365.12909932966
AUS,2007,GDP,982428533851.4019,20827622,47169.500860511194
AUS,2008,GDP,1007789174687.5212,21249199,47427.16065144485
AUS,2009,GDP,1023928983770.1423,21691653,47203.82461263521
AUS,2010,GDP,1081869038264.4806,22031750,49104.997935455904
AUS,2011,GDP,1108228194577.3982,22340024,49607.29650860707
AUS,2012,GDP,1116471255604.9192,22733465,49111.35436700561
AUS,2013,GDP,1133964242601.254,23128129,49029.65746175378
AUS,2014,GDP,1123291922339.7498,23475686,47849.16284617837
AUS,2015,GDP,1129436903665.6938,23815995,47423.460731566905
AUS,2016,GDP,1182365920306.593,24190907,48876.46090767052
AUS,2017,GDP,1215126912336.8123,24592588,49410.29030115953
AUS,1986,consumption,370966106502.84204,16018350,23158.821383153823
AUS,1987,consumption,375527301270.71844,16263874,23089.658790440608
AUS,1988,consumption,388886997653.467,16532164,23523.05467411689
AUS,1989,consumption,400277977256.2976,16814416,23805.64256625372
AUS,1990,consumption,398533446440.9464,17065128,23353.674607125504
AUS,1991,consumption,407189646082.8449,17284036,23558.71314332167
AUS,1992,consumption,418703347954.55786,17478635,23955.151415116678
AUS,1993,consumption,426000692348.3194,17634808,24156.809212117274
AUS,1994,consumption,443906129567.2358,17805468,24930.888060186666
AUS,1995,consumption,450819102321.6933,18004882,25038.71462871533
AUS,1996,consumption,457496547348.3289,18224767,25103.012145413377
AUS,1997,consumption,485625975097.7124,18423037,26359.713390235953
AUS,1998,consumption,515288936638.5344,18607584,27692.414912034492
AUS,1999,consumption,538354167712.55457,18812264,28617.191833612083
AUS,2000,consumption,554743863533.7031,19028802,29152.852793029382
AUS,2001,consumption,561044003635.8723,19274701,29107.79283351126
AUS,2002,consumption,582715209470.8372,19495210,29890.17350779177
AUS,2003,consumption,606002366134.9073,19720737,30729.194661178604
AUS,2004,consumption,631115670579.3151,19932722,31662.29231408109
AUS,2005,consumption,655923705120.302,20176844,32508.73650608103
AUS,2006,consumption,688279783250.5303,20450966,33655.123344810716
AUS,2007,consumption,727030254950.7426,20827622,34907.02178821675
AUS,2008,consumption,730078261203.3239,21249199,34357.91914807348
AUS,2009,consumption,760042627838.1083,21691653,35038.48359726703
AUS,2010,consumption,785405977565.6292,22031750,35648.8239729313
AUS,2011,consumption,804062821105.5205,22340024,35992.03031767202
AUS,2012,consumption,821241568682.3612,22733465,36124.786462704265
AUS,2013,consumption,835691670091.9691,23128129,36133.129060805964
AUS,2014,consumption,846496204080.8794,23475686,36058.422492142694
AUS,2015,consumption,870329668838.3114,23815995,36543.913820871705
AUS,2016,consumption,894007389927.8184,24190907,36956.34024502754
AUS,2017,consumption,916127835356.4661,24592588,37252.193032976684
AUT,1986,GDP,252599757590.14737,7569794,33369.43615508525
AUT,1987,GDP,258641212790.0232,7574586,34145.92068662541
AUT,1988,GDP,266146331740.68314,7585317,35087.04141708028
AUT,1989,GDP,277560224443.52637,7619566,36427.30103571862
AUT,1990,GDP,288886640376.50574,7677850,37625.98128076294
AUT,1991,GDP,299709414227.09174,7754891,38647.79198406421
AUT,1992,GDP,304390339513.00836,7840709,38821.78761040722
AUT,1993,GDP,303411114328.73566,7905632,38379.109263969745
AUT,1994,GDP,309406417942.05194,7936118,38987.12417608356
AUT,1995,GDP,316327052864.14417,7948278,39798.186835455956
AUT,1996,GDP,320477543403.8205,7959016,40265.97551805656
AUT,1997,GDP,327214139422.7843,7968041,41065.8202465053
AUT,1998,GDP,337165542308.2873,7976789,42268.329061767494
AUT,1999,GDP,348633047508.4448,7992323,43620.990731786595
AUT,2000,GDP,356316610815.3439,8011566,44475.27622132101
AUT,2001,GDP,358502688155.4546,8042293,44577.17322105208
AUT,2002,GDP,361300755266.9157,8080292,44713.82411265777
AUT,2003,GDP,365105953323.02704,8114402,44994.80717408714
AUT,2004,GDP,373249210503.6306,8166432,45705.298287383106
AUT,2005,GDP,382779130663.10315,8222090,46554.96724836424
AUT,2006,GDP,397643482525.68494,8265675,48107.80517328408
AUT,2007,GDP,413021842464.39545,8293654,49799.743570734376
AUT,2008,GDP,413819154978.81305,8319388,49741.53807693704
AUT,2009,GDP,403873445045.8317,8338752,48433.32012342275
AUT,2010,GDP,407455141934.7857,8357367,48754.00852143812
AUT,2011,GDP,413428096839.2969,8384901,49306.25857589694
AUT,2012,GDP,414425983202.5256,8420328,49217.32065574234
AUT,2013,GDP,412205801686.5232,8472176,48654.06498714418
AUT,2014,GDP,416960128589.8912,8538350,48833.806132319616
AUT,2015,GDP,428239825841.59247,8618709,49687.23573815898
AUT,2016,GDP,441307927270.8615,8737663,50506.40283000861
AUT,2017,GDP,446445876328.95874,8790624,50786.59675683532
AUT,1986,consumption,190558504851.19135,7569794,25173.539048908246
AUT,1987,consumption,194741991929.0217,7574586,25709.91892217234
AUT,1988,consumption,198402883088.8745,7585317,26156.175554544985
AUT,1989,consumption,205105312027.61362,7619566,26918.240753819
AUT,1990,consumption,212675123646.4304,7677850,27699.82790057508
AUT,1991,consumption,219718587122.2793,7754891,28332.904630417022
AUT,1992,consumption,226271140435.44113,7840709,28858.505070834937
AUT,1993,consumption,227809283421.9869,7905632,28816.07484663932
AUT,1994,consumption,231741390068.115,7936118,29200.849844737062
AUT,1995,consumption,234997217306.53375,7948278,29565.802467721154
AUT,1996,consumption,240150550175.76544,7959016,30173.397085238357
AUT,1997,consumption,242609174039.91486,7968041,30447.78183745727
AUT,1998,consumption,248426914731.1042,7976789,31143.72396350263
AUT,1999,consumption,255016694316.92584,7992323,31907.70622219921
AUT,2000,consumption,259741103722.19315,8011566,32420.765643345276
AUT,2001,consumption,261623458223.30325,8042293,32530.95332678171
AUT,2002,consumption,260931462362.57205,8080292,32292.330817075923
AUT,2003,consumption,266679869845.21823,8114402,32865.00592960741
AUT,2004,consumption,271383128577.70114,8166432,33231.54207096822
AUT,2005,consumption,279446249728.5819,8222090,33987.252599835556
AUT,2006,consumption,287517106388.91675,8265675,34784.46786123538
AUT,2007,consumption,291555709469.5317,8293654,35154.07195302959
AUT,2008,consumption,293767609812.9547,8319388,35311.20435937772
AUT,2009,consumption,298456321850.3141,8338752,35791.48556646295
AUT,2010,consumption,301175755263.59625,8357367,36037.1580263971
AUT,2011,consumption,302109212900.07245,8384901,36030.14667675533
AUT,2012,consumption,303317702719.61975,8420328,36022.07689767189
AUT,2013,consumption,302742980628.4448,8472176,35733.792667721355
AUT,2014,consumption,304079838988.54614,8538350,35613.41933611835
AUT,2015,consumption,309806611810.2735,8618709,35945.82573913025
AUT,2016,consumption,316901777841.69885,8737663,36268.482526929554
AUT,2017,consumption,320971380929.18115,8790624,36512.923420360275
BEL,1986,GDP,297636897005.0139,9861824,30180.714744555764
BEL,1987,GDP,304894374030.54376,9870234,30890.288318447543
BEL,1988,GDP,322476919062.0074,9901665,32567.948831030677
BEL,1989,GDP,339134474805.60486,9937697,34126.06309143908
BEL,1990,GDP,347624363338.68567,9967378,34876.20950451419
BEL,1991,GDP,352835032481.4144,10004486,35267.68216592181
BEL,1992,GDP,361721145313.37354,10045165,36009.47772519153
BEL,1993,GDP,362560805855.21387,10084479,35952.358654841155
BEL,1994,GDP,373225113331.5486,10115601,36895.989999165504
BEL,1995,GDP,381194721730.5564,10136814,37604.983353798976
BEL,1996,GDP,380176492473.2585,10156641,37431.32128754561
BEL,1997,GDP,391218976594.44556,10181246,38425.451717250085
BEL,1998,GDP,402277915992.966,10203012,39427.36870180746
BEL,1999,GDP,414379599783.5969,10226419,40520.49889444163
BEL,2000,GDP,427559927360.6729,10251251,41708.073225470034
BEL,2001,GDP,430209348910.0065,10286571,41822.42546228539
BEL,2002,GDP,437530091003.839,10332786,42343.86456893997
BEL,2003,GDP,443207887729.4626,10376131,42714.17619240376
BEL,2004,GDP,458216160830.30634,10421136,43969.88589634626
BEL,2005,GDP,465669023325.05426,10478620,44439.918932555454
BEL,2006,GDP,479776028126.64526,10547956,45485.213260905264
BEL,2007,GDP,497947633310.1284,10624835,46866.38741308721
BEL,2008,GDP,487820219909.58057,10709108,45551.90029922012
BEL,2009,GDP,482517819185.2764,10796498,44692.0676672451
BEL,2010,GDP,493237622390.72864,10895591,45269.46931017589
BEL,2011,GDP,496743360907.98236,10993609,45184.73968903045
BEL,2012,GDP,494746694035.19794,11067748,44701.658732670636
BEL,2013,GDP,497727563968.20215,11125033,44739.42360154816
BEL,2014,GDP,509041117054.3657,11179778,45532.30994876336
BEL,2015,GDP,519423798559.4964,11238474,46218.35656331068
BEL,2016,GDP,525217937102.5674,11295003,46500.026348161875
BEL,2017,GDP,532217021072.1959,11349081,46895.164557570424
BEL,1986,consumption,235437036264.32092,9861824,23873.579194307353
BEL,1987,consumption,239671712069.40598,9870234,24282.272544846048
BEL,1988,consumption,244903867877.9039,9901665,24733.604689504635
BEL,1989,consumption,253222392541.84647,9937697,25480.993487912387
BEL,1990,consumption,258675960603.25964,9967378,25952.257514790716
BEL,1991,consumption,266926260108.89633,10004486,26680.657068128872
BEL,1992,consumption,271666900967.2551,10045165,27044.543416385404
BEL,1993,consumption,271759358949.56686,10084479,26948.27952436282
BEL,1994,consumption,277743793419.63007,10115601,27456.97397709044
BEL,1995,consumption,283452782578.32214,10136814,27962.709247533017
BEL,1996,consumption,285882256300.8036,10156641,28147.323145595437
BEL,1997,consumption,288779994496.77075,10181246,28363.914838789944
BEL,1998,consumption,297733020089.0578,10203012,29180.894826846994
BEL,1999,consumption,303967574008.3083,10226419,29723.755110005593
BEL,2000,consumption,313625397390.62915,10251251,30593.865801415763
BEL,2001,consumption,317146445051.91364,10286571,30831.11418293945
BEL,2002,consumption,322350960114.85046,10332786,31196.906634362742
BEL,2003,consumption,326545945689.7366,10376131,31470.877313493496
BEL,2004,consumption,331926243784.1637,10421136,31851.253431887242
BEL,2005,consumption,336596418411.1883,10478620,32122.20868885295
BEL,2006,consumption,345376206607.4154,10547956,32743.42503963947
BEL,2007,consumption,354845268007.40936,10624835,33397.72034176619
BEL,2008,consumption,358013393652.17004,10709108,33430.73892355648
BEL,2009,consumption,366326784459.5097,10796498,33930.14887415435
BEL,2010,consumption,375411585933.7037,10895591,34455.36694004976
BEL,2011,consumption,376249467101.42633,10993609,34224.38137479933
BEL,2012,consumption,379456471008.6492,11067748,34284.885327046584
BEL,2013,consumption,383458525862.57495,11125033,34468.07985761255
BEL,2014,consumption,389519656605.248,11179778,34841.44824747396
BEL,2015,consumption,394714486786.217,11238474,35121.71552705616
BEL,2016,consumption,397274094439.5767,11295003,35172.553246739
BEL,2017,consumption,402800123205.3285,11349081,35491.87138635529
CAN,1986,GDP,813919734529.4597,26100278,31184.33200326294
CAN,1987,GDP,850597614749.6179,26446601,32162.8331273882
CAN,1988,GDP,892485201314.7219,26791747,33311.944955090905
CAN,1989,GDP,910714884271.3014,27276781,33387.91642134391
CAN,1990,GDP,900124749873.5223,27691138,32505.877868707394
CAN,1991,GDP,859867124025.6206,28037420,30668.55381221313
CAN,1992,GDP,867359044960.4578,28371264,30571.744881033774
CAN,1993,GDP,885375847787.5846,28684764,30865.718392788054
CAN,1994,GDP,937080612096.6577,29000663,32312.385827063943
CAN,1995,GDP,963295312995.0765,29302311,32874.38021509896
CAN,1996,GDP,980575222005.2169,29610218,33116.10951345299
CAN,1997,GDP,1017779468267.9481,29905948,34032.676986797014
CAN,1998,GDP,1045102575297.6003,30155173,34657.488958779984
CAN,1999,GDP,1100873200968.5256,30401286,36211.40240477082
CAN,2000,GDP,1176084593888.8743,30685730,38326.7595031591
CAN,2001,GDP,1187018336730.856,31020855,38265.17150255388
CAN,2002,GDP,1210652065800.7656,31359199,38605.962665078456
CAN,2003,GDP,1238410114877.4612,31642461,39137.604210919664
CAN,2004,GDP,1294301164820.4966,31938807,40524.405461371694
CAN,2005,GDP,1347665704605.478,32242732,41797.50353057793
CAN,2006,GDP,1390932166311.7825,32571193,42704.366595100844
CAN,2007,GDP,1435567970537.5557,32888886,43649.02996524588
CAN,2008,GDP,1472887215427.7485,33247298,44300.95989838779
CAN,2009,GDP,1392535006121.1367,33630069,41407.43826963711
CAN,2010,GDP,1450694570012.6763,34005902,42660.08206495085
CAN,2011,GDP,1501035484752.3027,34339221,43711.984169713774
CAN,2012,GDP,1522913006843.5596,34713395,43871.04767031746
CAN,2013,GDP,1570723581287.7168,35080992,44774.206535770616
CAN,2014,GDP,1616408266548.25,35434066,45617.352142095406
CAN,2015,GDP,1594850974566.561,35704498,44668.06884013776
CAN,2016,GDP,1600107879175.811,36110803,44311.057806601835
CAN,2017,GDP,1664458471961.021,36545075,45545.35657570879
CAN,1986,consumption,631340705763.7168,26100278,24189.041425678177
CAN,1987,consumption,650711559074.374,26446601,24604.73310254025
CAN,1988,consumption,674627891440.3467,26791747,25180.436775561768
CAN,1989,consumption,694209923800.032,27276781,25450.580983145774
CAN,1990,consumption,706236475049.9747,27691138,25504.06108445145
CAN,1991,consumption,699049366676.2175,28037420,24932.72799980232
CAN,1992,consumption,712509892322.3408,28371264,25113.78739848675
CAN,1993,consumption,721902316943.4773,28684764,25166.751134625938
CAN,1994,consumption,742773863932.2164,29000663,25612.30630941839
CAN,1995,consumption,746409915548.5413,29302311,25472.732015865276
CAN,1996,consumption,756854849204.8514,29610218,25560.59699407993
CAN,1997,consumption,780913771365.5426,29905948,26112.322918689708
CAN,1998,consumption,803884543191.7909,30155173,26658.26334976725
CAN,1999,consumption,831906467540.304,30401286,27364.186749873144
CAN,2000,consumption,866074347013.881,30685730,28224.00989039143
CAN,2001,consumption,885550860086.53125,31020855,28546.952045213817
CAN,2002,consumption,917551494166.752,31359199,29259.404685902595
CAN,2003,consumption,935884972540.5758,31642461,29576.870539259755
CAN,2004,consumption,959535811075.3562,31938807,30042.94465586508
CAN,2005,consumption,988931558606.1617,32242732,30671.45670553481
CAN,2006,consumption,1024648455325.2404,32571193,31458.73273125858
CAN,2007,consumption,1062013522923.7703,32888886,32290.95454688767
CAN,2008,consumption,1092598390528.5781,33247298,32862.77250345511
CAN,2009,consumption,1107587725238.6804,33630069,32934.44700451493
CAN,2010,consumption,1138414131993.9602,34005902,33476.95738210268
CAN,2011,consumption,1156527076427.703,34339221,33679.47911304403
CAN,2012,consumption,1173835899239.4954,34713395,33815.070500580405
CAN,2013,consumption,1204199640833.9707,35080992,34326.27107106808
CAN,2014,consumption,1229485973649.739,35434066,34697.8518821334
CAN,2015,consumption,1254937734467.2695,35704498,35147.88905496639
CAN,2016,consumption,1272602146292.1104,36110803,35241.59089710939
CAN,2017,consumption,1309588664341.6313,36545075,35834.8878567531
CHE,1986,GDP,342596470542.5914,6504125,52673.72176005095
CHE,1987,GDP,350612258161.87134,6545107,53568.60600779656
CHE,1988,GDP,365366095164.0315,6593387,55414.02243854812
CHE,1989,GDP,382309730053.541,6646912,57516.89356704903
CHE,1990,GDP,393348608801.66254,6712273,58601.402058834996
CHE,1991,GDP,388087673492.5021,6799979,57071.89294150792
CHE,1992,GDP,380787265745.6194,6875364,55384.30630663619
CHE,1993,GDP,376733960923.9841,6938265,54298.00691152386
CHE,1994,GDP,382774549651.4942,6993795,54730.59328325955
CHE,1995,GDP,380602509991.34076,7040687,54057.58131150281
CHE,1996,GDP,380539254240.09766,7071851,53810.41741972472
CHE,1997,GDP,384658525279.71936,7088906,54262.04343515338
CHE,1998,GDP,394526691112.1577,7110002,55488.9704830122
CHE,1999,GDP,398913980157.5285,7143991,55839.093324379675
CHE,2000,GDP,412939991596.1817,7184250,57478.510853071886
CHE,2001,GDP,419941582642.502,7226647,58110.15573923868
CHE,2002,GDP,416934743521.07526,7284754,57233.8809959918
CHE,2003,GDP,417981197792.43823,7339002,56953.411075843585
CHE,2004,GDP,427214403373.1248,7389626,57812.723319573255
CHE,2005,GDP,438865054123.94806,7437116,59010.11280769966
CHE,2006,GDP,461833471673.9329,7483935,61709.97899820521
CHE,2007,GDP,488515051307.3355,7551117,64694.40896059954
CHE,2008,GDP,495631921972.47504,7647676,64808.17466279626
CHE,2009,GDP,490708775131.04987,7743832,63367.693815032384
CHE,2010,GDP,505514716371.3308,7824910,64603.26270478904
CHE,2011,GDP,511990840715.51764,7912396,64707.43384374564
CHE,2012,GDP,522412098941.10565,7996861,65327.14510619925
CHE,2013,GDP,533003741326.9147,8089346,65889.5961832903
CHE,2014,GDP,543325589115.44214,8188646,66351.09016990625
CHE,2015,GDP,550106794576.2535,8282398,66418.7828906862
CHE,2016,GDP,559638863406.4316,8373334,66835.84620014341
CHE,2017,GDP,562682706389.8002,8451834,66575.2198149893
CHE,1986,consumption,227428744829.1483,6504125,34966.84716685923
CHE,1987,consumption,232499044460.33377,6545107,35522.57349808548
CHE,1988,consumption,238636658688.80753,6593387,36193.33412232704
CHE,1989,consumption,247025934357.07474,6646912,37164.01456150987
CHE,1990,consumption,251800400049.0241,6712273,37513.4324913519
CHE,1991,consumption,256110359877.42514,6799979,37663.40453072357
CHE,1992,consumption,257214211338.11383,6875364,37410.99545247551
CHE,1993,consumption,254503219793.96344,6938265,36681.10396388196
CHE,1994,consumption,255738369172.05695,6993795,36566.4662993492
CHE,1995,consumption,255945650121.76703,7040687,36352.36875631128
CHE,1996,consumption,259396788915.0257,7071851,36680.18301220228
CHE,1997,consumption,263733331624.05585,7088906,37203.671712399046
CHE,1998,consumption,268921190660.54752,7110002,37822.9416335674
CHE,1999,consumption,274131629199.20566,7143991,38372.33686313514
CHE,2000,consumption,279677683839.63556,7184250,38929.28055672277
CHE,2001,consumption,284860188902.07715,7226647,39418.030090867476
CHE,2002,consumption,283720312669.2946,7284754,38947.13708510879
CHE,2003,consumption,287027123578.2283,7339002,39109.83040721726
CHE,2004,consumption,291718100023.9541,7389626,39476.70694348457
CHE,2005,consumption,296096434014.654,7437116,39813.3408184912
CHE,2006,consumption,301094054620.26996,7483935,40232.051002616936
CHE,2007,consumption,309452419550.2,7551117,40981.01241845412
CHE,2008,consumption,313012226964.2543,7647676,40929.06485110696
CHE,2009,consumption,319313930796.19525,7743832,41234.61495499841
CHE,2010,consumption,324100352774.3467,7824910,41419.051819681845
CHE,2011,consumption,327160002840.80884,7912396,41347.779211355046
CHE,2012,consumption,333846296333.77673,7996861,41747.167586603886
CHE,2013,consumption,341059110119.7777,8089346,42161.51838724388
CHE,2014,consumption,344663769007.1133,8188646,42090.446821991485
CHE,2015,consumption,351627362690.375,8282398,42454.77731091587
CHE,2016,consumption,357307629900.4558,8373334,42672.08616071637
CHE,2017,consumption,362817759979.8273,8451834,42927.69592727771
DEU,1986,GDP,2551039266122.2695,77720438,32823.2744406596
DEU,1987,GDP,2613379908394.8003,77839920,33573.77433577527
DEU,1988,GDP,2721406286277.6475,78144617,34825.25592617144
DEU,1989,GDP,2830156572819.423,78751284,35937.910203717096
DEU,1990,GDP,2999191318176.7026,79433034,37757.481580984335
DEU,1991,GDP,3123252842954.483,80013901,39033.87791272023
DEU,1992,GDP,3193844718018.551,80624601,39613.773940022984
DEU,1993,GDP,3141888199518.319,81156368,38714.00700827714
DEU,1994,GDP,3199957033409.4536,81438346,39293.001277425916
DEU,1995,GDP,3252252156978.0815,81678046,39817.947615667515
DEU,1996,GDP,3254084855442.361,81914834,39725.22065346993
DEU,1997,GDP,3256101257902.8594,82034775,39691.71924836582
DEU,1998,GDP,3317128178967.0073,82047197,40429.5125276127
DEU,1999,GDP,3387396905166.3394,82100243,41259.27989234258
DEU,2000,GDP,3423570364970.74,82211501,41643.44797658834
DEU,2001,GDP,3460803614738.734,82349926,42025.582569907034
DEU,2002,GDP,3455574725454.7886,82488493,41891.597237141774
DEU,2003,GDP,3447045476564.516,82534175,41765.068549658565
DEU,2004,GDP,3469597009422.3574,82516268,42047.4300827851
DEU,2005,GDP,3465423090096.9946,82469421,42020.703529578495
DEU,2006,GDP,3558987819405.2476,82376447,43203.9490536081
DEU,2007,GDP,3645423955479.1924,82266373,44312.44289181428
DEU,2008,GDP,3617815508813.3857,82110097,44060.54359932598
DEU,2009,GDP,3473781865229.183,81902308,42413.72374059573
DEU,2010,GDP,3602953578635.5366,81776936,44058.30977374277
DEU,2011,GDP,3707388536849.1973,80274981,46183.611514641125
DEU,2012,GDP,3703682269021.415,80425826,46050.9074413661
DEU,2013,GDP,3736371324272.3994,80645605,46330.749509193956
DEU,2014,GDP,3855208814392.43,80982495,47605.458616611286
DEU,2015,GDP,3967282765427.5293,81686608,48567.113539927246
DEU,2016,GDP,4086217874172.1943,82348669,49620.93405750364
DEU,2017,GDP,4199182397440.1274,82657000,50802.50187449493
DEU,1986,consumption,1967685211206.7234,77720438,25317.474551632396
DEU,1987,consumption,2032263993886.0752,77839920,26108.248748021262
DEU,1988,consumption,2096305833288.4832,78144617,26825.97872721653
DEU,1989,consumption,2155629815168.803,78751284,27372.63071379005
DEU,1990,consumption,2249423370500.277,79433034,28318.487375167828
DEU,1991,consumption,2319903334206.3555,80013901,28993.753650460756
DEU,1992,consumption,2391151888987.528,80624601,29657.844619752323
DEU,1993,consumption,2382744262369.404,81156368,29359.917417317196
DEU,1994,consumption,2410624316880.084,81438346,29600.605062387735
DEU,1995,consumption,2444588911109.7314,81678046,29929.57141885754
DEU,1996,consumption,2469161913979.255,81914834,30143.03751112106
DEU,1997,consumption,2460716948503.7017,82034775,29996.0224003016
DEU,1998,consumption,2480360776171.9814,82047197,30230.902052290483
DEU,1999,consumption,2564297485602.356,82100243,31233.73807313038
DEU,2000,consumption,2597474021351.9634,82211501,31595.020036818976
DEU,2001,consumption,2618924788129.6846,82349926,31802.39394665254
DEU,2002,consumption,2619322719974.535,82488493,31753.795283598345
DEU,2003,consumption,2647407718103.5967,82534175,32076.503074073215
DEU,2004,consumption,2637403036354.6265,82516268,31962.219090599523
DEU,2005,consumption,2644508613033.9785,82469421,32066.535462083317
DEU,2006,consumption,2666477206024.1646,82376447,32369.412655345095
DEU,2007,consumption,2654702970793.176,82266373,32269.600250799627
DEU,2008,consumption,2652896573314.336,82110097,32309.017651195027
DEU,2009,consumption,2682581617505.4897,81902308,32753.431289207256
DEU,2010,consumption,2715311272594.423,81776936,33203.87636673527
DEU,2011,consumption,2738972616895.5786,80274981,34119.87873152631
DEU,2012,consumption,2758799263467.7793,80425826,34302.40509395302
DEU,2013,consumption,2781245697689.0825,80645605,34487.25690245715
DEU,2014,consumption,2826698001646.378,80982495,34905.04956220944
DEU,2015,consumption,2899607002500.893,81686608,35496.724291708786
DEU,2016,consumption,2983864557228.216,82348669,36234.52076958543
DEU,2017,consumption,3038442214830.6465,82657000,36759.64788016316
DNK,1986,GDP,184158993657.65753,5120534,35964.80243225756
DNK,1987,GDP,186236684003.55795,5127024,36324.51964405822
DNK,1988,GDP,185530757998.27118,5129517,36169.24517420864
DNK,1989,GDP,186929975610.40973,5132594,36420.17576500493
DNK,1990,GDP,189738508484.65146,5140939,36907.364293692546
DNK,1991,GDP,192859356025.9161,5154298,37417.19163810787
DNK,1992,GDP,195913210207.3604,5171370,37884.199004782175
DNK,1993,GDP,194443090631.4699,5189377,37469.447802977105
DNK,1994,GDP,203886600912.39926,5204994,39171.342159548934
DNK,1995,GDP,208425144215.46387,5227861,39868.149557814155
DNK,1996,GDP,214245018017.19943,5261503,40719.356810629855
DNK,1997,GDP,220667790389.81406,5284220,41759.765942715116
DNK,1998,GDP,224441474342.6076,5301304,42337.03148180289
DNK,1999,GDP,229274257741.0545,5319111,43103.86787210391
DNK,2000,GDP,238066869429.36438,5337344,44603.99581315433
DNK,2001,GDP,240750066417.5866,5355082,44957.30717430407
DNK,2002,GDP,241766285332.35364,5374255,44986.00928544582
DNK,2003,GDP,241451586135.6501,5387174,44819.71180727596
DNK,2004,GDP,250437933785.0778,5401177,46367.28879373473
DNK,2005,GDP,259066748117.30942,5415978,47833.78885905914
DNK,2006,GDP,269387648631.91077,5434567,49569.29386129764
DNK,2007,GDP,274003957147.78674,5457415,50207.6454049741
DNK,2008,GDP,275071917998.59064,5489022,50113.101750838425
DNK,2009,GDP,259497322363.06943,5519441,47015.14562128111
DNK,2010,GDP,265861733043.51385,5543819,47956.42372947491
DNK,2011,GDP,263810011042.7319,5566856,47389.40814038156
DNK,2012,GDP,263821228499.01526,5587085,47219.834403631816
DNK,2013,GDP,267648903394.6414,5608784,47719.59544076602
DNK,2014,GDP,272295067172.9896,5639719,48281.67275231081
DNK,2015,GDP,277906461655.46735,5678348,48941.428326595575
DNK,2016,GDP,286951008158.7698,5724456,50127.210019392194
DNK,2017,GDP,295585610164.1079,5760694,51310.76397463707
DNK,1986,consumption,140588295359.93597,5120534,27455.78788461047
DNK,1987,consumption,141379327185.8232,5127024,27575.319948926164
DNK,1988,consumption,140012594313.35297,5129517,27295.47329960169
DNK,1989,consumption,139967909560.58542,5132594,27270.40353485692
DNK,1990,consumption,139742506367.72205,5140939,27182.292255893728
DNK,1991,consumption,143062081612.40808,5154298,27755.88093905476
DNK,1992,consumption,145312978264.1569,5171370,28099.512946116192
DNK,1993,consumption,146052372544.45508,5189377,28144.490667079128
DNK,1994,consumption,153639589526.85776,5204994,29517.726538562343
DNK,1995,consumption,155572724335.0405,5227861,29758.389585155477
DNK,1996,consumption,159211167001.6821,5261503,30259.636267751266
DNK,1997,consumption,162456184633.96332,5284220,30743.645161246754
DNK,1998,consumption,166814566217.4063,5301304,31466.704459394576
DNK,1999,consumption,167743178496.1562,5319111,31535.94247161907
DNK,2000,consumption,169004415190.29666,5337344,31664.516132049324
DNK,2001,consumption,171207148128.78845,5355082,31970.96666844475
DNK,2002,consumption,173822827178.15707,5374255,32343.61361307885
DNK,2003,consumption,174639554809.9544,5387174,32417.656234967424
DNK,2004,consumption,182114826564.8524,5401177,33717.61869030628
DNK,2005,consumption,187764486005.89136,5415978,34668.62051616372
DNK,2006,consumption,193415967783.65375,5434567,35589.949996688556
DNK,2007,consumption,197341293056.61624,5457415,36160.21377458306
DNK,2008,consumption,199407197897.44495,5489022,36328.36558087123
DNK,2009,consumption,198163648167.74423,5519441,35902.84743830838
DNK,2010,consumption,200417245117.2726,5543819,36151.47700840749
DNK,2011,consumption,197483385599.80923,5566856,35474.85072360579
DNK,2012,consumption,197796335235.43964,5587085,35402.42098257672
DNK,2013,consumption,199180246423.62973,5608784,35512.19772835426
DNK,2014,consumption,199853280686.16656,5639719,35436.74439917424
DNK,2015,consumption,202755494769.11258,5678348,35706.77506364749
DNK,2016,consumption,207420126875.45233,5724456,36234.03287149946
DNK,2017,consumption,211541568266.7664,5760694,36721.5422771573
ESP,1986,GDP,821086325682.9008,38571941,21287.14045484257
ESP,1987,GDP,872365481665.7863,38682322,22552.04539339149
ESP,1988,GDP,926416141450.19,38764307,23898.689623167775
ESP,1989,GDP,972087057086.2926,38821377,25039.994255904232
ESP,1990,GDP,1014559332729.7932,38860827,26107.507509549225
ESP,1991,GDP,1050220254672.1838,38941622,26969.09375454838
ESP,1992,GDP,1067846781062.7123,39147940,27277.215124543265
ESP,1993,GDP,1056510363950.1558,39356082,26844.90707052993
ESP,1994,GDP,1073027119980.0566,39547353,27132.716568415
ESP,1995,GDP,1105347407736.48,39718895,27829.25878820345
ESP,1996,GDP,1133888127661.5525,39884246,28429.473824365454
ESP,1997,GDP,1180253815997.464,40049974,29469.527645572605
ESP,1998,GDP,1240704340603.8125,40214066,30852.49675085858
ESP,1999,GDP,1299308003197.2554,40369667,32185.254418800516
ESP,2000,GDP,1366606032941.6106,40554387,33698.10602590567
ESP,2001,GDP,1428012948713.0076,40766049,35029.46652281676
ESP,2002,GDP,1481969108269.2197,41423520,35776.03033902526
ESP,2003,GDP,1539816856510.7588,42196231,36491.810287766195
ESP,2004,GDP,1601218352781.5474,42859172,37359.99269378203
ESP,2005,GDP,1671620967931.6135,43662613,38284.95028301704
ESP,2006,GDP,1748568979510.7476,44360521,39417.232712635356
ESP,2007,GDP,1823994551810.16,45236004,40321.74353442359
ESP,2008,GDP,1809319971336.9092,45983169,39347.43974119986
ESP,2009,GDP,1750206576968.4043,46367550,37746.36738340508
ESP,2010,GDP,1725919738280.6628,46562483,37066.74616730948
ESP,2011,GDP,1659338222812.3328,46736257,35504.302854469766
ESP,2012,GDP,1570117937700.009,46749303,33585.911167488615
ESP,2013,GDP,1532896615354.2834,46581124,32908.10705543051
ESP,2014,GDP,1555119700774.3022,46433050,33491.65520624431
ESP,2015,GDP,1635394289496.6453,46384379,35257.43633425911
ESP,2016,GDP,1692762207653.1104,46427100,36460.649225411675
ESP,2017,GDP,1729858873764.7458,46510461,37192.89889998609
ESP,1986,consumption,635126747579.6711,38571941,16466.030257063576
ESP,1987,consumption,679234943022.253,38682322,17559.311538284932
ESP,1988,consumption,712694064543.1622,38764307,18385.316795245744
ESP,1989,consumption,755393793140.5859,38821377,19458.19163345458
ESP,1990,consumption,786965613704.0474,38860827,20250.87149339481
ESP,1991,consumption,821071871406.3466,38941622,21084.685979601636
ESP,1992,consumption,851713428720.1067,39147940,21756.277053661233
ESP,1993,consumption,847569523246.0565,39356082,21535.92228123868
ESP,1994,consumption,852120704361.1787,39547353,21546.845483215493
ESP,1995,consumption,868571132588.02,39718895,21867.958123911052
ESP,1996,consumption,883475251979.939,39884246,22150.982921425642
ESP,1997,consumption,910879373603.8591,40049974,22743.569661340083
ESP,1998,consumption,949092737366.3093,40214066,23601.01406722487
ESP,1999,consumption,992280833579.33,40369667,24579.8617456847
ESP,2000,consumption,1042329675648.7585,40554387,25702.020243796524
ESP,2001,consumption,1082115673075.8308,40766049,26544.531531025506
ESP,2002,consumption,1115447887907.2874,41423520,26927.887536049264
ESP,2003,consumption,1149874485437.996,42196231,27250.644386651406
ESP,2004,consumption,1207321456692.9646,42859172,28169.500257563646
ESP,2005,consumption,1260634570613.861,43662613,28872.174246966417
ESP,2006,consumption,1313746036237.9624,44360521,29615.207545420002
ESP,2007,consumption,1373865059541.8804,45236004,30371.052658450564
ESP,2008,consumption,1379669259285.9766,45983169,30003.788109644564
ESP,2009,consumption,1356654361714.8625,46367550,29258.70272884512
ESP,2010,consumption,1357244330066.3577,46562483,29148.882160480094
ESP,2011,consumption,1311232605466.2043,46736257,28056.003831590628
ESP,2012,consumption,1246047064894.6882,46749303,26653.810536911926
ESP,2013,consumption,1207087409641.8315,46581124,25913.659997595412
ESP,2014,consumption,1225627695399.5962,46433050,26395.588818731405
ESP,2015,consumption,1269249631434.8467,46384379,27363.73017810256
ESP,2016,consumption,1302978312262.648,46427100,28065.03770992907
ESP,2017,consumption,1328548718125.6648,46510461,28564.5140805133
FIN,1986,GDP,129962232601.27747,4918150,26425.024165850464
FIN,1987,GDP,134822060484.11583,4932123,27335.502477151487
FIN,1988,GDP,145382631494.63345,4946487,29391.087350403115
FIN,1989,GDP,152689677228.93658,4964370,30757.110616037196
FIN,1990,GDP,152366403828.36078,4986433,30556.191936873667
FIN,1991,GDP,139565346604.84595,5013737,27836.591070661652
FIN,1992,GDP,132287883192.6368,5041990,26237.23632784611
FIN,1993,GDP,130710133262.09033,5066452,25799.145686585078
FIN,1994,GDP,136908810920.06749,5088324,26906.46486349287
FIN,1995,GDP,147534416605.91168,5107787,28884.21475012793
FIN,1996,GDP,151858169571.63287,5124573,29633.331317874265
FIN,1997,GDP,162999398610.7038,5139839,31712.938598019082
FIN,1998,GDP,174779309792.13336,5153499,33914.68782513266
FIN,1999,GDP,182034542869.82697,5165470,35240.654358621185
FIN,2000,GDP,189884016042.73743,5176203,36684.035777332814
FIN,2001,GDP,196277207715.46912,5188005,37832.88715324467
FIN,2002,GDP,198354822000.6358,5200598,38140.77188827819
FIN,2003,GDP,200966385595.2147,5213010,38550.93038287183
FIN,2004,GDP,209881890213.63187,5228173,40144.40421417422
FIN,2005,GDP,216365874406.43198,5246100,41243.18530078191
FIN,2006,GDP,223630325660.90176,5266266,42464.684780620984
FIN,2007,GDP,236071300231.99393,5288719,44636.76369116868
FIN,2008,GDP,235572007487.2169,5313398,44335.47185571585
FIN,2009,GDP,220391339030.48788,5338867,41280.54492282499
FIN,2010,GDP,225497009233.6294,5363341,42044.130558476405
FIN,2011,GDP,229065762709.25574,5388272,42511.915268801524
FIN,2012,GDP,225878099419.89465,5413967,41721.36612947487
FIN,2013,GDP,226052303836.83163,5438975,41561.56331603503
FIN,2014,GDP,226315167706.78638,5461507,41438.22716088918
FIN,2015,GDP,231564828703.017,5479528,42259.99551476277
FIN,2016,GDP,236806891588.31842,5495297,43092.6466009605
FIN,2017,GDP,244828831500.893,5508209,44447.99235121489
FIN,1986,consumption,93706095690.28543,4918150,19053.118691029234
FIN,1987,consumption,97715820508.93985,4932123,19812.121577044985
FIN,1988,consumption,102371857802.63889,4946487,20695.871191542377
FIN,1989,consumption,106405907747.98209,4964370,21433.919661101427
FIN,1990,consumption,108062158398.73872,4986433,21671.23440718821
FIN,1991,consumption,107572889775.5069,5013737,21455.63075516464
FIN,1992,consumption,103551084279.58528,5041990,20537.740907773576
FIN,1993,consumption,100981631863.34999,5066452,19931.429699393182
FIN,1994,consumption,102726164043.83504,5088324,20188.605136747392
FIN,1995,consumption,107581112366.90852,5107787,21062.1767052754
FIN,1996,consumption,112037040174.66066,5124573,21862.707424532866
FIN,1997,consumption,116429403229.22307,5139839,22652.344407912984
FIN,1998,consumption,121791562618.89241,5153499,23632.79057954458
FIN,1999,consumption,125812254433.81633,5165470,24356.40017923177
FIN,2000,consumption,128282325445.26439,5176203,24783.093987091386
FIN,2001,consumption,132437202030.60811,5188005,25527.577947709786
FIN,2002,consumption,136608799264.14038,5200598,26267.902126667046
FIN,2003,consumption,142170928412.42868,5213010,27272.329884736206
FIN,2004,consumption,148094447187.17084,5228173,28326.2331195182
FIN,2005,consumption,153717188424.96484,5246100,29301.231090708305
FIN,2006,consumption,159074681238.62607,5266266,30206.351376597016
FIN,2007,consumption,163692204808.06183,5288719,30951.20100123713
FIN,2008,consumption,166984927609.66275,5313398,31427.144665177115
FIN,2009,consumption,167963582302.47153,5338867,31460.529416161055
FIN,2010,consumption,171164726924.64694,5363341,31913.825155746566
FIN,2011,consumption,174681259171.99515,5388272,32418.790137542266
FIN,2012,consumption,176172698049.38077,5413967,32540.40854873714
FIN,2013,consumption,177786370669.70712,5438975,32687.477083403974
FIN,2014,consumption,178837960364.63983,5461507,32745.167288925903
FIN,2015,consumption,182374709185.67233,5479528,33282.92312507069
FIN,2016,consumption,184142642516.34918,5495297,33509.13381321322
FIN,2017,consumption,184697556048.95676,5508209,33531.326797686284
FRA,1986,GDP,1678261893657.9497,55546504,30213.636733248768
FRA,1987,GDP,1707463156656.0115,55823956,30586.566753814644
FRA,1988,GDP,1797997418381.4355,56117974,32039.59961885715
FRA,1989,GDP,1871501677998.0198,56423411,33168.885837086666
FRA,1990,GDP,1914606343070.4,56708826,33762.05219043681
FRA,1991,GDP,1924043221009.833,58425681,32931.46417942194
FRA,1992,GDP,1946660251398.919,58711615,33156.30563729032
FRA,1993,GDP,1929285603660.4814,58961049,32721.358191243875
FRA,1994,GDP,1961619671412.8904,59175335,33149.27868871195
FRA,1995,GDP,1994098670215.9246,59383991,33579.734818024015
FRA,1996,GDP,2008762805768.893,59589289,33710.132130774255
FRA,1997,GDP,2052826479911.6074,59795263,34330.921496433715
FRA,1998,GDP,2129133109124.421,60011008,35479.04259705854
FRA,1999,GDP,2194568255303.768,60315406,36384.87081233886
FRA,2000,GDP,2279637093073.692,60724780,37540.4751252074
FRA,2001,GDP,2329054828818.179,61163237,38079.325801840394
FRA,2002,GDP,2357176611014.229,61604550,38263.02782853261
FRA,2003,GDP,2373064275333.608,62037544,38252.06676998058
FRA,2004,GDP,2428978449642.868,62490800,38869.37676654592
FRA,2005,GDP,2480110947106.6807,62958328,39392.89726859774
FRA,2006,GDP,2555496322331.448,63393406,40311.705642246896
FRA,2007,GDP,2643321985782.964,63781275,41443.542572376675
FRA,2008,GDP,2640155940730.6646,64133174,41166.774947559345
FRA,2009,GDP,2566053416852.8174,64458715,39809.254913828445
FRA,2010,GDP,2605996886769.9956,64773169,40232.66001961392
FRA,2011,GDP,2636576544801.581,65087317,40508.29971684931
FRA,2012,GDP,2618827930666.1626,65402998,40041.40499287452
FRA,2013,GDP,2636269521359.4004,65735961,40103.916961971554
FRA,2014,GDP,2664244995564.006,66276671,40198.83550825909
FRA,2015,GDP,2722191424426.2173,66512558,40927.480558276184
FRA,2016,GDP,2754754641151.8657,66688563,41307.75229257625
FRA,2017,GDP,2799739822810.37,66883314,41860.06427268795
FRA,1986,consumption,1307828471462.373,55546504,23544.748585120193
FRA,1987,consumption,1339466164196.2305,55823956,23994.468686458382
FRA,1988,consumption,1384726160654.5664,56117974,24675.27000626513
FRA,1989,consumption,1424992988914.2368,56423411,25255.34992760783
FRA,1990,consumption,1458780937004.0642,56708826,25724.054611958712
FRA,1991,consumption,1472744633367.0347,58425681,25207.145353890435
FRA,1992,consumption,1504122973242.611,58711615,25618.831524948022
FRA,1993,consumption,1520237755902.585,58961049,25783.76371666293
FRA,1994,consumption,1534430207022.0413,59175335,25930.23270627942
FRA,1995,consumption,1552709958730.3318,59383991,26146.945204985157
FRA,1996,consumption,1579781252953.848,59589289,26511.161308768893
FRA,1997,consumption,1593992966508.5483,59795263,26657.512427172507
FRA,1998,consumption,1634944100357.083,60011008,27244.069960582616
FRA,1999,consumption,1679408919063.4087,60315406,27843.780394405512
FRA,2000,consumption,1741917936575.6802,60724780,28685.454876504784
FRA,2001,consumption,1782131635103.2773,61163237,29137.300811977584
FRA,2002,consumption,1814340778128.3674,61604550,29451.40867238487
FRA,2003,consumption,1843261779400.3423,62037544,29712.036624150405
FRA,2004,consumption,1877823529753.8633,62490800,30049.599777149007
FRA,2005,consumption,1924178443557.7651,62958328,30562.731010864285
FRA,2006,consumption,1976124212812.0994,63393406,31172.393747262915
FRA,2007,consumption,2031826112241.3499,63781275,31856.153898481174
FRA,2008,consumption,2041225198236.8584,64133174,31827.9148048537
FRA,2009,consumption,2045643855775.5874,64458715,31735.72193885012
FRA,2010,consumption,2074287773174.8296,64773169,32023.87354515308
FRA,2011,consumption,2083641503906.9705,65087317,32013.018817582702
FRA,2012,consumption,2071965196007.3506,65402998,31679.972774449125
FRA,2013,consumption,2085716826665.021,65735961,31728.703664422294
FRA,2014,consumption,2101534347561.4158,66276671,31708.507923721994
FRA,2015,consumption,2134229542064.8474,66512558,32087.61783097934
FRA,2016,consumption,2169327288713.1426,66688563,32529.225269303563
FRA,2017,consumption,2200337389080.497,66883314,32898.151384671175
GBR,1986,GDP,1334062050086.255,56683835,23535.141016592384
GBR,1987,GDP,1423441286888.7554,56803958,25058.839859165368
GBR,1988,GDP,1532822985291.0571,56916448,26931.107599881445
GBR,1989,GDP,1603936523284.5737,57076451,28101.546175051662
GBR,1990,GDP,1613417446077.9487,57237493,28188.12218204506
GBR,1991,GDP,1580442685321.6038,57438658,27515.313559756283
GBR,1992,GDP,1567966268811.0203,57584530,27228.949664276504
GBR,1993,GDP,1609328023905.0476,57713889,27884.588125833066
GBR,1994,GDP,1657960034445.2612,57862145,28653.622060593523
GBR,1995,GDP,1853531602965.2188,58024799,31943.783260071592
GBR,1996,GDP,1925830395773.5352,58164374,33110.13707073569
GBR,1997,GDP,1977242728075.5188,58314249,33906.68253440971
GBR,1998,GDP,2030835596225.2637,58474943,34730.0141228913
GBR,1999,GDP,2081828958838.7385,58684427,35474.98144335189
GBR,2000,GDP,2173300238402.651,58886065,36906.86817675202
GBR,2001,GDP,2226957294611.4907,59113016,37672.875540836736
GBR,2002,GDP,2278723300372.5376,59365677,38384.524788162315
GBR,2003,GDP,2376757921971.5166,59636662,39853.97308071194
GBR,2004,GDP,2463124494253.184,59950364,41086.064035460804
GBR,2005,GDP,2551893103766.8,60413276,42240.601283843636
GBR,2006,GDP,2621934118675.8745,60827067,43104.727023511994
GBR,2007,GDP,2689794582595.6333,61319075,43865.544002345654
GBR,2008,GDP,2683875148015.685,61823772,43411.701699722966
GBR,2009,GDP,2561641123511.8247,62260486,41143.93073500622
GBR,2010,GDP,2589533504042.369,62759456,41261.248409201784
GBR,2011,GDP,2576170236566.366,63285145,40707.34508969469
GBR,2012,GDP,2589622761837.5156,63710843,40646.49971493103
GBR,2013,GDP,2630659085681.8706,64138721,41015.1472412721
GBR,2014,GDP,2718350541031.879,64619493,42067.03604176961
GBR,2015,GDP,2783933602001.874,65088058,42771.80311635468
GBR,2016,GDP,2866079091061.971,65607141,43685.474589754966
GBR,2017,GDP,2923027415808.4526,65965992,44311.126493913
GBR,1986,consumption,1164541503604.6008,56683835,20544.50803486745
GBR,1987,consumption,1222769990270.4097,56803958,21526.140665592524
GBR,1988,consumption,1310796848246.2554,56916448,23030.194158396098
GBR,1989,consumption,1354799461077.4187,57076451,23736.57502071071
GBR,1990,consumption,1373607110842.9783,57237493,23998.380062575037
GBR,1991,consumption,1370264474521.8684,57438658,23856.136654896574
GBR,1992,consumption,1383961724015.874,57584530,24033.568113100413
GBR,1993,consumption,1423207341721.455,57713889,24659.702653575383
GBR,1994,consumption,1459333066778.2651,57862145,25220.860145752722
GBR,1995,consumption,1492391256466.3933,58024799,25719.886706826735
GBR,1996,consumption,1548326246747.0972,58164374,26619.83857587975
GBR,1997,consumption,1604907075435.5996,58314249,27521.696720052067
GBR,1998,consumption,1659180798494.4365,58474943,28374.218312524674
GBR,1999,consumption,1717688338995.2568,58684427,29269.917536985697
GBR,2000,consumption,1788156606194.4414,58886065,30366.379655262095
GBR,2001,consumption,1847023796000.1497,59113016,31245.63625716796
GBR,2002,consumption,1906698754977.4507,59365677,32117.864249698538
GBR,2003,consumption,1991923301787.5525,59636662,33400.9858195543
GBR,2004,consumption,2074415916633.8936,59950364,34602.22387697085
GBR,2005,consumption,2136368412729.9417,60413276,35362.56522043171
GBR,2006,consumption,2175402815933.2605,60827067,35763.730247477826
GBR,2007,consumption,2226032532510.341,61319075,36302.44801491772
GBR,2008,consumption,2238057092537.8774,61823772,36200.591134068585
GBR,2009,consumption,2183860227991.0125,62260486,35076.18343986284
GBR,2010,consumption,2199558337659.041,62759456,35047.44110049394
GBR,2011,consumption,2171776864543.1736,63285145,34317.32461927951
GBR,2012,consumption,2187071180798.7188,63710843,34328.08416612411
GBR,2013,consumption,2213293659630.6636,64138721,34507.91698248338
GBR,2014,consumption,2265054360834.9453,64619493,35052.184034234764
GBR,2015,consumption,2307640881321.3755,65088058,35454.13632284705
GBR,2016,consumption,2382307305787.867,65607141,36311.707376303246
GBR,2017,consumption,2400113164518.963,65965992,36384.09871133239
GRC,1986,GDP,229325883677.77173,9967264,23007.907052303595
GRC,1987,GDP,221942399774.1785,10000644,22192.81076040488
GRC,1988,GDP,237883151017.24417,10037037,23700.5354286573
GRC,1989,GDP,248755103057.95486,10089550,24654.727223508962
GRC,1990,GDP,249286098819.30612,10196801,24447.48101088823
GRC,1991,GDP,257728136332.3687,10319928,24973.830857382796
GRC,1992,GDP,257117174614.64783,10399058,24725.04476988664
GRC,1993,GDP,253041974784.0569,10460409,24190.44750392235
GRC,1994,GDP,258819364930.0829,10512924,24619.16065692883
GRC,1995,GDP,266333539221.40976,10562160,25215.821311304673
GRC,1996,GDP,270021269490.07825,10608801,25452.57183069776
GRC,1997,GDP,282618867841.26227,10661264,26508.94564108555
GRC,1998,GDP,293762305524.28,10720507,27401.904175267086
GRC,1999,GDP,304137320225.1387,10761698,28261.090417621705
GRC,2000,GDP,312016900111.2379,10805806,28874.930765112564
GRC,2001,GDP,326832451098.51953,10862129,30089.170465432653
GRC,2002,GDP,339907603999.0993,10902022,31178.40011688651
GRC,2003,GDP,359708448083.879,10928072,32916.002757291404
GRC,2004,GDP,379310828504.43854,10955142,34623.999260296085
GRC,2005,GDP,377703931631.6831,10987316,34376.3601257744
GRC,2006,GDP,402697712577.97595,11020366,36541.22853796108
GRC,2007,GDP,418732237707.2528,11048466,37899.58150817071
GRC,2008,GDP,418611247750.45593,11077839,37788.168590503614
GRC,2009,GDP,405961164256.3682,11107017,36549.972351385455
GRC,2010,GDP,369933051291.6253,11121344,33263.34041026204
GRC,2011,GDP,325802751166.2609,11104900,29338.647909144696
GRC,2012,GDP,293257269334.4009,11045010,26551.109445297097
GRC,2013,GDP,283588447501.8773,10965209,25862.566550430303
GRC,2014,GDP,284064809891.2565,10892415,26079.13946459591
GRC,2015,GDP,287919086476.1029,10820883,26607.72567969757
GRC,2016,GDP,288801821263.56915,10775966,26800.550527309493
GRC,2017,GDP,290396953153.3778,10754679,27001.917319278225
GRC,1986,consumption,180468823994.46112,9967264,18106.15470749657
GRC,1987,consumption,184972147353.9549,10000644,18496.023591476198
GRC,1988,consumption,194224644372.99857,10037037,19350.79489823526
GRC,1989,consumption,207780157103.22168,10089550,20593.600022124047
GRC,1990,consumption,211646707786.55972,10196801,20756.186943979756
GRC,1991,consumption,216140227976.96912,10319928,20943.96666110162
GRC,1992,consumption,218645425097.29263,10399058,21025.502992414567
GRC,1993,consumption,217628454469.95508,10460409,20804.96608401785
GRC,1994,consumption,220822166148.3971,10512924,21004.82854707188
GRC,1995,consumption,230765943014.18195,10562160,21848.366528643946
GRC,1996,consumption,233390535173.64972,10608801,21999.709031553117
GRC,1997,consumption,241823529770.31027,10661264,22682.444574143392
GRC,1998,consumption,251993280783.0286,10720507,23505.72419597586
GRC,1999,consumption,261883388755.89847,10761698,24334.764714257773
GRC,2000,consumption,265142380577.84216,10805806,24537.029498571617
GRC,2001,consumption,279097779443.91656,10862129,25694.574189269577
GRC,2002,consumption,290995034388.9778,10902022,26691.840686890722
GRC,2003,consumption,302188021397.9003,10928072,27652.45519959059
GRC,2004,consumption,316448222774.2922,10955142,28885.816612353556
GRC,2005,consumption,325590247650.52264,10987316,29633.283292345706
GRC,2006,consumption,335304466568.62085,11020366,30425.892077324912
GRC,2007,consumption,353236618263.5288,11048466,31971.553178833045
GRC,2008,consumption,362892753034.68164,11077839,32758.442601908337
GRC,2009,consumption,365363126154.7684,11107017,32894.80210165955
GRC,2010,consumption,330161893102.10767,11121344,29687.22962819131
GRC,2011,consumption,298455972378.7642,11104900,26876.061232317646
GRC,2012,consumption,270389054549.90112,11045010,24480.65276083056
GRC,2013,consumption,255761105229.82266,10965209,23324.781609709644
GRC,2014,consumption,253575146331.3462,10892415,23279.974765132083
GRC,2015,consumption,255933109494.80356,10820883,23651.776799989755
GRC,2016,consumption,256544980955.74173,10775966,23807.144617544425
GRC,2017,consumption,259718443598.07205,10754679,24149.344076013058
IRL,1986,GDP,65115462255.019554,3540600,18391.08124470981
IRL,1987,GDP,67516315738.24656,3546500,19037.44980635741
IRL,1988,GDP,71812186207.28072,3530700,20339.3622248508
IRL,1989,GDP,77033205188.85088,3509500,21949.90887273141
IRL,1990,GDP,80282727408.29764,3505800,22899.973588994704
IRL,1991,GDP,80714417134.36812,3525700,22893.160828876
IRL,1992,GDP,83204305989.1181,3554500,23408.160357045464
IRL,1993,GDP,88565680636.25732,3574100,24779.855246427724
IRL,1994,GDP,93100649663.78099,3585900,25962.97991125826
IRL,1995,GDP,102577216048.14307,3601300,28483.385457513417
IRL,1996,GDP,110727780992.39774,3626087,30536.43803703489
IRL,1997,GDP,125822328255.41931,3664313,34337.22180813138
IRL,1998,GDP,142391351331.7669,3703082,38452.11943234498
IRL,1999,GDP,161637978344.3937,3741647,43199.686754093505
IRL,2000,GDP,179010562750.7621,3789536,47238.12169900539
IRL,2001,GDP,192116602914.5393,3847198,49936.75992619545
IRL,2002,GDP,204536660320.57565,3917203,52214.97592046561
IRL,2003,GDP,211555153561.4685,3979853,53156.52451521916
IRL,2004,GDP,222238471130.38208,4045188,54938.97221349961
IRL,2005,GDP,236408845609.32578,4133839,57188.692063074006
IRL,2006,GDP,246968683722.6843,4232929,58344.631748532585
IRL,2007,GDP,250939802120.8981,4375842,57346.6322872028
IRL,2008,GDP,229227342143.42017,4485070,51108.97759531516
IRL,2009,GDP,217143285952.91803,4533395,47898.602692445296
IRL,2010,GDP,216228237991.23666,4554763,47472.99431194041
IRL,2011,GDP,218247899273.26596,4574888,47705.62673299673
IRL,2012,GDP,218951479238.16586,4593697,47663.456958124545
IRL,2013,GDP,225582843670.33972,4614669,48883.862238080284
IRL,2014,GDP,246923992118.9419,4645440,53154.05905983973
IRL,2015,GDP,336282090835.21265,4687787,71735.78723504559
IRL,2016,GDP,340721822514.39886,4739597,71888.35306343532
IRL,2017,GDP,379395535610.17163,4810895,78861.73687228086
IRL,1986,consumption,53033267177.77309,3540600,14978.61017278797
IRL,1987,consumption,53794425244.807655,3546500,15168.313899565108
IRL,1988,consumption,55980233247.05949,3530700,15855.278909864754
IRL,1989,consumption,58781093394.93106,3509500,16749.136171799702
IRL,1990,consumption,59747662871.26041,3505800,17042.518931844486
IRL,1991,consumption,61171960420.555885,3525700,17350.30218695745
IRL,1992,consumption,63223802752.19594,3554500,17786.975032267812
IRL,1993,consumption,65745865978.51148,3574100,18395.08295193517
IRL,1994,consumption,68773241109.66083,3585900,19178.79503323038
IRL,1995,consumption,71421073120.34395,3601300,19832.025413140796
IRL,1996,consumption,76761412827.86185,3626087,21169.21431500729
IRL,1997,consumption,83437517026.27492,3664313,22770.3029261624
IRL,1998,consumption,91298149711.40854,3703082,24654.638949774413
IRL,1999,consumption,100988427895.46822,3741647,26990.367582903524
IRL,2000,consumption,110394643043.59344,3789536,29131.440641702164
IRL,2001,consumption,117138447377.81401,3847198,30447.730368391232
IRL,2002,consumption,123473671937.63493,3917203,31520.87648703295
IRL,2003,consumption,128034318200.36206,3979853,32170.6148946612
IRL,2004,consumption,133189969625.0254,4045188,32925.532663753926
IRL,2005,consumption,141116576548.07114,4133839,34136.9309612859
IRL,2006,consumption,148295201445.02335,4232929,35033.70867903132
IRL,2007,consumption,155675776916.29507,4375842,35576.18783226064
IRL,2008,consumption,153660251851.7185,4485070,34260.39099762512
IRL,2009,consumption,146172650874.95877,4533395,32243.52849794884
IRL,2010,consumption,142657423163.93634,4554763,31320.493111043612
IRL,2011,consumption,140485346851.8278,4574888,30707.931396752836
IRL,2012,consumption,137490256897.94275,4593697,29930.197158833667
IRL,2013,consumption,137005330216.15518,4614669,29689.09150713847
IRL,2014,consumption,141971129904.0483,4645440,30561.3956706035
IRL,2015,consumption,147375992668.76294,4687787,31438.286907823018
IRL,2016,consumption,154449733337.1898,4739597,32587.10251888289
IRL,2017,consumption,161483873120.6185,4810895,33566.28509261135
ISL,1986,GDP,7315090893.868434,243187,30080.1066416726
ISL,1987,GDP,8050893914.984387,245864,32745.314137020414
ISL,1988,GDP,7877955872.248673,249734,31545.38778159431
ISL,1989,GDP,8036335180.653731,252851,31782.888660332494
ISL,1990,GDP,8106437486.266235,254820,31812.406743058767
ISL,1991,GDP,8206191083.510043,257795,31832.23523927944
ISL,1992,GDP,7891302420.074129,261053,30228.736770211908
ISL,1993,GDP,7825050255.345335,263730,29670.6868969982
ISL,1994,GDP,8191330244.607822,266021,30792.0436529741
ISL,1995,GDP,8309498112.996069,267467,31067.376958638146
ISL,1996,GDP,8708625555.14838,268918,32383.94438136674
ISL,1997,GDP,9155683513.647285,271130,33768.611048748884
ISL,1998,GDP,10088766159.544056,274049,36813.73097345386
ISL,1999,GDP,10504560587.827305,277384,37870.10277387054
ISL,2000,GDP,10897659868.588453,281200,38754.12471048525
ISL,2001,GDP,11557801331.151623,284970,40557.95813998534
ISL,2002,GDP,11694074298.573112,287516,40672.777510027656
ISL,2003,GDP,11777290100.491089,289522,40678.39438968745
ISL,2004,GDP,12614069776.688433,292077,43187.48061876982
ISL,2005,GDP,13365026039.227413,296734,45040.42691173716
ISL,2006,GDP,14386688883.27037,303784,47358.28379134639
ISL,2007,GDP,15533000704.654667,311567,49854.447693929935
ISL,2008,GDP,15725496007.440248,317404,49544.10154705123
ISL,2009,GDP,14291414359.841219,318501,44870.86181783171
ISL,2010,GDP,14127062034.223623,318044,44418.57741137586
ISL,2011,GDP,14246499418.443838,312510,45587.33934416127
ISL,2012,GDP,14183077251.754128,314498,45097.51175445989
ISL,2013,GDP,14498130588.51644,317765,45625.322450604814
ISL,2014,GDP,15089488742.559298,321378,46952.463275517606
ISL,2015,GDP,16446744814.644241,324530,50678.6577963339
ISL,2016,GDP,17641527495.907898,329272,53577.36915348982
ISL,2017,GDP,18222854917.22579,337346,54018.29254600852
ISL,1986,consumption,5616283590.376451,243187,23094.50583450781
ISL,1987,consumption,6389760582.830544,245864,25989.00442045417
ISL,1988,consumption,6231018649.6553545,249734,24950.622060493784
ISL,1989,consumption,6267775042.18713,252851,24788.413105691216
ISL,1990,consumption,6384572516.404337,254820,25055.225321420363
ISL,1991,consumption,6583818599.881986,257795,25538.969335642607
ISL,1992,consumption,6391442366.616103,261053,24483.31322228093
ISL,1993,consumption,6179421815.349395,263730,23430.864199557862
ISL,1994,consumption,6381025278.794261,266021,23986.92313311453
ISL,1995,consumption,6571947486.622248,267467,24571.059183459074
ISL,1996,consumption,6920652548.162808,268918,25735.177816891424
ISL,1997,consumption,7158522718.277126,271130,26402.547553856548
ISL,1998,consumption,7951676815.22174,274049,29015.529395187503
ISL,1999,consumption,8530623451.340701,277384,30753.841069927254
ISL,2000,consumption,8954993474.570961,281200,31845.638245273687
ISL,2001,consumption,9036701915.3169,284970,31711.064025395306
ISL,2002,consumption,9227639267.384829,287516,32094.350461834572
ISL,2003,consumption,9633244697.41415,289522,33272.92812779046
ISL,2004,consumption,10212370710.430042,292077,34964.65216511414
ISL,2005,consumption,11013060525.658613,296734,37114.25224496894
ISL,2006,consumption,11589677370.617977,303784,38151.04604132534
ISL,2007,consumption,12304234396.356302,311567,39491.4557586532
ISL,2008,consumption,11979675437.636173,317404,37742.67317877586
ISL,2009,consumption,11034477936.157635,318501,34645.03388107929
ISL,2010,consumption,10787150660.871195,318044,33917.16448312559
ISL,2011,consumption,10956179041.829466,312510,35058.65105702046
ISL,2012,consumption,11087492339.550034,314498,35254.571855941955
ISL,2013,consumption,11169131989.901064,317765,35149.03148522041
ISL,2014,consumption,11526430581.948338,321378,35865.64911707814
ISL,2015,consumption,12010401139.42373,324530,37008.600559035316
ISL,2016,consumption,12695975157.922558,329272,38557.71264462984
ISL,2017,consumption,13383033292.873604,337346,39671.53395289585
ITA,1986,GDP,1603711518545.1277,56596157,28336.049717035163
ITA,1987,GDP,1674839598620.1736,56601936,29589.793512012973
ITA,1988,GDP,1771535581098.371,56629290,31283.026523877856
ITA,1989,GDP,1830485473771.569,56671778,32299.771391883438
ITA,1990,GDP,1909928980564.5735,56719239,33673.38868147673
ITA,1991,GDP,1963612069650.3528,56758522,34595.89856216398
ITA,1992,GDP,1963019675113.9902,56797078,34561.98354277997
ITA,1993,GDP,1932498998071.8447,56831823,34003.818566084796
ITA,1994,GDP,1964403629750.1292,56843400,34558.165587387964
ITA,1995,GDP,2015155545280.0488,56844301,35450.4411142297
ITA,1996,GDP,2049454203536.4678,56860279,36043.68883832715
ITA,1997,GDP,2099177902046.3584,56890371,36898.650248674916
ITA,1998,GDP,2145721148335.7795,56906744,37705.920204040835
ITA,1999,GDP,2177731064503.7202,56916316,38261.982109026874
ITA,2000,GDP,2245027258596.274,56942108,39426.48660980858
ITA,2001,GDP,2296284406872.49,56976976,40301.9705165204
ITA,2002,GDP,2321351065585.5303,57089823,40661.38137414667
ITA,2003,GDP,2334088523997.9707,57399187,40664.13909308455
ITA,2004,GDP,2378296274631.164,57828178,41126.94462950509
ITA,2005,GDP,2398752912879.694,58166684,41239.292803414646
ITA,2006,GDP,2444909111141.8433,58399863,41864.98025075578
ITA,2007,GDP,2496178928764.5034,58756247,42483.634612750255
ITA,2008,GDP,2448090116061.336,59211183,41345.06341583035
ITA,2009,GDP,2341167938799.5923,59555456,39310.72140224386
ITA,2010,GDP,2355247553254.067,59819402,39372.63621013909
ITA,2011,GDP,2347357779054.526,60026844,39105.13401395093
ITA,2012,GDP,2244447484488.6753,60191243,37288.60499672146
ITA,2013,GDP,2201591899138.858,60311616,36503.613153705875
ITA,2014,GDP,2216089510384.1094,60320708,36738.45324202941
ITA,2015,GDP,2252343744844.353,60229599,37395.96115930231
ITA,2016,GDP,2310822123974.9604,60115220,38439.88467437964
ITA,2017,GDP,2335896005647.8647,60002254,38930.13761862787
ITA,1986,consumption,1228189204703.4128,56596157,21700.92935291371
ITA,1987,consumption,1290902750947.126,56601936,22806.688996417473
ITA,1988,consumption,1364126701428.4167,56629290,24088.71277440379
ITA,1989,consumption,1415274007122.3281,56671778,24973.171075068938
ITA,1990,consumption,1468055859705.0603,56719239,25882.855369499233
ITA,1991,consumption,1516436412825.6736,56758522,26717.33440884302
ITA,1992,consumption,1531311690364.2856,56797078,26961.09983623252
ITA,1993,consumption,1495412456259.3992,56831823,26312.941892773688
ITA,1994,consumption,1516281508039.6555,56843400,26674.71523588764
ITA,1995,consumption,1526875247522.4368,56844301,26860.656577032
ITA,1996,consumption,1550335045745.783,56860279,27265.695367864497
ITA,1997,consumption,1601360686050.4653,56890371,28148.184972294614
ITA,1998,consumption,1646627032837.3022,56906744,28935.534122938087
ITA,1999,consumption,1688134534829.7117,56916316,29659.9403030532
ITA,2000,consumption,1747276379174.8347,56942108,30685.136896843276
ITA,2001,consumption,1778143101053.7534,56976976,31208.09888284969
ITA,2002,consumption,1791943254765.408,57089823,31388.13821099792
ITA,2003,consumption,1819789139205.003,57399187,31704.09258941251
ITA,2004,consumption,1849617957484.0696,57828178,31984.71785647595
ITA,2005,consumption,1884758993964.4082,58166684,32402.723764765553
ITA,2006,consumption,1918203508413.4812,58399863,32846.02753971326
ITA,2007,consumption,1939976991879.64,58756247,33017.37416754409
ITA,2008,consumption,1926401034448.5686,59211183,32534.41219792161
ITA,2009,consumption,1893648536514.2288,59555456,31796.39051901859
ITA,2010,consumption,1908406156743.9944,59819402,31902.79563048782
ITA,2011,consumption,1893587195563.1145,60026844,31545.67305859216
ITA,2012,consumption,1816752634335.1008,60191243,30183.00576273364
ITA,2013,consumption,1776091937684.2998,60311616,29448.588107542993
ITA,2014,consumption,1775819998943.5283,60320708,29439.641175026132
ITA,2015,consumption,1798860148733.7385,60229599,29866.713021511874
ITA,2016,consumption,1828386954667.7844,60115220,30414.70953059449
ITA,2017,consumption,1848483405030.5647,60002254,30806.89943798719
JPN,1986,GDP,4106031522847.887,121660000,33750.05361538622
JPN,1987,GDP,4284374455714.994,122239000,35049.16152549509
JPN,1988,GDP,4567900402909.026,122745000,37214.55377334332
JPN,1989,GDP,4782358906202.597,123205000,38816.27292887948
JPN,1990,GDP,4989425184715.881,123611167,40363.8708848682
JPN,1991,GDP,5146783456577.201,124101000,41472.53814697062
JPN,1992,GDP,5190504522760.832,124567000,41668.37543459208
JPN,1993,GDP,5129499167702.698,124938000,41056.35729483983
JPN,1994,GDP,5159130591790.175,125265000,41185.73098463398
JPN,1995,GDP,5250599171455.648,125570246,41814.03906348681
JPN,1996,GDP,5399134571563.341,125864000,42896.57544304441
JPN,1997,GDP,5385474018409.258,126166000,42685.62067759347
JPN,1998,GDP,5246415601633.683,126486000,41478.231595857906
JPN,1999,GDP,5175591182352.736,126686000,40853.69482304861
JPN,2000,GDP,5302122887564.477,126925843,41773.39115694884
JPN,2001,GDP,5300323155999.019,127291000,41639.417994980155
JPN,2002,GDP,5278392584269.203,127435000,41420.27374166597
JPN,2003,GDP,5270550766470.291,127619000,41299.107236934084
JPN,2004,GDP,5314974046282.79,127687000,41625.02092055409
JPN,2005,GDP,5357753101008.724,127767994,41933.452449826545
JPN,2006,GDP,5375821801660.034,127900515,42031.27564935946
JPN,2007,GDP,5413288856458.06,128032743,42280.50364005761
JPN,2008,GDP,5229696776756.244,128083960,40830.22399335751
JPN,2009,GDP,4962586962902.95,128031514,38760.667650176736
JPN,2010,GDP,5107569503340.969,128057352,39885.01576497513
JPN,2011,GDP,5031192821972.459,127834233,39357.16360086785
JPN,2012,GDP,5075947104441.031,127592657,39782.43908221953
JPN,2013,GDP,5150854928822.846,127413888,40426.16554345195
JPN,2014,GDP,5145638949604.058,127237150,40441.325113019724
JPN,2015,GDP,5304626331348.454,127094745,41737.57405428882
JPN,2016,GDP,5380130073900.359,127041812,42349.28634283302
JPN,2017,GDP,5442308821109.925,126918546,42880.32752210953
JPN,1986,consumption,2615816610264.183,121660000,21501.04068933243
JPN,1987,consumption,2728837381645.355,122239000,22323.786857266135
JPN,1988,consumption,2856091820443.8853,122745000,23268.498272384906
JPN,1989,consumption,2980046955333.7437,123205000,24187.711175145032
JPN,1990,consumption,3107726998843.884,123611167,25141.15087064815
JPN,1991,consumption,3182191565071.8193,124101000,25641.949420809015
JPN,1992,consumption,3266441345031.0205,124567000,26222.36503272151
JPN,1993,consumption,3312347295028.9395,124938000,26511.928276656738
JPN,1994,consumption,3399543761786.949,125265000,27138.81580478944
JPN,1995,consumption,3490147613802.3506,125570246,27794.383820848376
JPN,1996,consumption,3568829514526.868,125864000,28354.648783821172
JPN,1997,consumption,3575022343378.6406,126166000,28335.861827898487
JPN,1998,consumption,3544936268563.9917,126486000,28026.313335578576
JPN,1999,consumption,3585674776441.5557,126686000,28303.638732311036
JPN,2000,consumption,3658654944719.1294,126925843,28825.138035278833
JPN,2001,consumption,3731816728166.573,127291000,29317.2080364407
JPN,2002,consumption,3777002028518.715,127435000,29638.65522437882
JPN,2003,consumption,3774869939542.0537,127619000,29579.215787163776
JPN,2004,consumption,3797432001788.6978,127687000,29740.161502648647
JPN,2005,consumption,3836552981117.222,127767994,30027.496409759882
JPN,2006,consumption,3850773497007.3022,127900515,30107.568347221295
JPN,2007,consumption,3868013071658.1313,128032743,30211.12397520165
JPN,2008,consumption,3802287874372.6626,128083960,29685.901922244306
JPN,2009,consumption,3766429291165.687,128031514,29417.98603713838
JPN,2010,consumption,3835902443328.6772,128057352,29954.566320633254
JPN,2011,consumption,3833303059448.715,127834233,29986.514327885197
JPN,2012,consumption,3890190700208.909,127592657,30489.14249202373
JPN,2013,consumption,3966716461898.5303,127413888,31132.528205234034
JPN,2014,consumption,3921010125561.8853,127237150,30816.551027446665
JPN,2015,consumption,3924959019541.2,127094745,30882.150316609866
JPN,2016,consumption,3925958845585.29,127041812,30902.88766965391
JPN,2017,consumption,3952347024043.7173,126918546,31140.815496292536
MEX,1986,GDP,931511173999.128,78028665,11938.063710293238
MEX,1987,GDP,980851353756.6644,79665004,12312.198638145608
MEX,1988,GDP,925058900385.8553,81282371,11380.806059235838
MEX,1989,GDP,1016266793830.7545,82889981,12260.429807925213
MEX,1990,GDP,1080241977620.7446,84502988,12783.476693401002
MEX,1991,GDP,1131251884042.5813,86127477,13134.622346392212
MEX,1992,GDP,1161168605193.735,87753131,13232.218519858114
MEX,1993,GDP,1295819536418.1082,89364560,14500.373933672456
MEX,1994,GDP,1370399297773.4915,90953505,15067.031202079474
MEX,1995,GDP,1325794052732.451,92506744,14331.86376911559
MEX,1996,GDP,1327735326180.2703,94005638,14123.996756239985
MEX,1997,GDP,1389194182671.1296,95438019,14555.983005799078
MEX,1998,GDP,1472415132723.6487,96799183,15211.028513780419
MEX,1999,GDP,1496544005110.4783,98085415,15257.558986832837
MEX,2000,GDP,1589128298414.9768,99368858,15992.216579715316
MEX,2001,GDP,1583529505820.8284,100739263,15719.089644529446
MEX,2002,GDP,1586876272520.541,102167274,15532.138721059946
MEX,2003,GDP,1601584924773.0066,103587899,15461.119882091696
MEX,2004,GDP,1713018293958.2073,104970581,16319.032224449698
MEX,2005,GDP,1781127386497.2952,106370948,16744.491047473744
MEX,2006,GDP,1911342442193.5256,107885646,17716.373892719013
MEX,2007,GDP,1991609988244.6104,109538665,18181.79898618091
MEX,2008,GDP,2033066978138.8,111275915,18270.503353208103
MEX,2009,GDP,1904105421400.6887,113030218,16845.985569988803
MEX,2010,GDP,2002914520554.8586,114756059,17453.671187460863
MEX,2011,GDP,2117223046738.4968,116446180,18181.987994269086
MEX,2012,GDP,2201522516422.0293,118060514,18647.407518673255
MEX,2013,GDP,2175311811269.1885,119597654,18188.5826227761
MEX,2014,GDP,2237273843869.8125,121048604,18482.442340845275
MEX,2015,GDP,2309023754157.1123,122368490,18869.43080001324
MEX,2016,GDP,2424363129159.2427,123587407,19616.587061813203
MEX,2017,GDP,2481995207467.32,124777172,19891.420583464736
MEX,1986,consumption,703951926191.1005,78028665,9021.70921662059
MEX,1987,consumption,713253242991.986,79665004,8953.156432302269
MEX,1988,consumption,703518907796.9618,81282371,8655.245893318759
MEX,1989,consumption,783786586048.0748,82889981,9455.745755908363
MEX,1990,consumption,842212833344.6107,84502988,9966.663348574262
MEX,1991,consumption,900264343613.1777,86127477,10452.696107807475
MEX,1992,consumption,949190796627.8452,87753131,10816.603189096983
MEX,1993,consumption,1032138334853.0415,89364560,11549.75008944308
MEX,1994,consumption,1085556858281.1709,90953505,11935.294393340542
MEX,1995,consumption,1018753154667.0756,92506744,11012.744699641311
MEX,1996,consumption,1015889727552.915,94005638,10806.689355726889
MEX,1997,consumption,1065958594360.6361,95438019,11169.119031699895
MEX,1998,consumption,1120516797567.7332,96799183,11575.684451466219
MEX,1999,consumption,1143989825289.7146,98085415,11663.200133166736
MEX,2000,consumption,1240254354041.9353,99368858,12481.318382887477
MEX,2001,consumption,1244849202778.036,100739263,12357.140261965544
MEX,2002,consumption,1261524382893.5483,102167274,12347.636708928421
MEX,2003,consumption,1299646990792.175,103587899,12546.320596696098
MEX,2004,consumption,1369302177180.577,104970581,13044.627972294227
MEX,2005,consumption,1448109528437.8335,106370948,13613.769132130265
MEX,2006,consumption,1513141455730.84,107885646,14025.419616348592
MEX,2007,consumption,1578766310638.5212,109538665,14412.867918725513
MEX,2008,consumption,1637308871038.7434,111275915,14713.955585435926
MEX,2009,consumption,1532855716231.278,113030218,13561.468281263318
MEX,2010,consumption,1638722780489.675,114756059,14280.054532804015
MEX,2011,consumption,1719836008848.0547,116446180,14769.363914282587
MEX,2012,consumption,1774684168876.1758,118060514,15031.987484623147
MEX,2013,consumption,1793775421928.5637,119597654,14998.416456635208
MEX,2014,consumption,1847144745316.1233,121048604,15259.529513583844
MEX,2015,consumption,1871475304694.8127,122368490,15293.768066393666
MEX,2016,consumption,1951715495818.472,123587407,15792.187433938734
MEX,2017,consumption,1971979147467.072,124777172,15804.005779735671
NLD,1986,GDP,483993723445.2626,14572280,33213.31483098476
NLD,1987,GDP,491570213502.58344,14665037,33519.87543588083
NLD,1988,GDP,508898508846.24805,14760092,34478.003852973816
NLD,1989,GDP,532790331858.97107,14848906,35880.78016380271
NLD,1990,GDP,550232783648.4756,14951510,36801.15143209452
NLD,1991,GDP,563428862457.6298,15069799,37387.948071346524
NLD,1992,GDP,569221362078.9598,15184163,37487.832689820294
NLD,1993,GDP,570835895333.912,15290368,37333.03837644143
NLD,1994,GDP,583515018925.7062,15382834,37932.868477011856
NLD,1995,GDP,602532346518.012,15459004,38976.14273972708
NLD,1996,GDP,618352794036.6312,15530500,39815.38225019357
NLD,1997,GDP,648301639767.4319,15610650,41529.44558794361
NLD,1998,GDP,679154522418.9888,15707205,43238.40698704759
NLD,1999,GDP,707419054487.8519,15812085,44739.13810151235
NLD,2000,GDP,743822072972.7437,15925505,46706.34136705515
NLD,2001,GDP,762706821478.4562,16046182,47531.981220109315
NLD,2002,GDP,768950095670.723,16148921,47616.19031207862
NLD,2003,GDP,771165635031.3058,16225303,47528.581440439404
NLD,2004,GDP,786200404759.8094,16281777,48287.13750101168
NLD,2005,GDP,804490748528.7134,16319871,49295.16590717619
NLD,2006,GDP,845101630056.5344,16346096,51700.517974232775
NLD,2007,GDP,881699702918.0919,16381696,53822.247886793404
NLD,2008,GDP,899711521010.0885,16445590,54708.375984691855
NLD,2009,GDP,860292212941.3542,16530387,52043.07757231299
NLD,2010,GDP,866779303411.7524,16615390,52167.25598446696
NLD,2011,GDP,864062538131.124,16693074,51761.7389182558
NLD,2012,GDP,846206248611.468,16754963,50504.81153622769
NLD,2013,GDP,834710589805.8461,16804430,49672.056106981676
NLD,2014,GDP,842862892829.0403,16865008,49977.023006988216
NLD,2015,GDP,863202457350.6935,16939925,50956.687078053386
NLD,2016,GDP,886322105349.0559,17030314,52043.79116844563
NLD,2017,GDP,911495850199.0951,17131295,53206.47681328791
NLD,1986,consumption,349849597426.10474,14572280,24007.883284297634
NLD,1987,consumption,361729286810.8066,14665037,24666.10120457293
NLD,1988,consumption,366837115554.27905,14760092,24853.3082012144
NLD,1989,consumption,377695712405.89935,14848906,25435.928573182384
NLD,1990,consumption,388283898864.96735,14951510,25969.544137345816
NLD,1991,consumption,400682868654.3032,15069799,26588.468011703622
NLD,1992,consumption,406711552640.5575,15184163,26785.246749561204
NLD,1993,consumption,409785150288.73694,15290368,26800.215030059248
NLD,1994,consumption,416392789354.664,15382834,27068.665588841694
NLD,1995,consumption,428464849892.1898,15459004,27716.200208770875
NLD,1996,consumption,438006163470.0657,15530500,28202.966000454955
NLD,1997,consumption,455168572143.80835,15610650,29157.566926669188
NLD,1998,consumption,477519907459.3634,15707205,30401.329037175194
NLD,1999,consumption,500603083585.6999,15812085,31659.52393917057
NLD,2000,consumption,523072606059.5539,15925505,32844.96196883891
NLD,2001,consumption,534855460831.9532,16046182,33332.25690896147
NLD,2002,consumption,550372375450.7966,16148921,34081.06185241705
NLD,2003,consumption,558282996692.3827,16225303,34408.17078684957
NLD,2004,consumption,562376297715.394,16281777,34540.22848460546
NLD,2005,consumption,568716411600.7896,16319871,34848.09479197412
NLD,2006,consumption,591308163499.631,16346096,36174.274487292314
NLD,2007,consumption,609691221167.9412,16381696,37217.83270596287
NLD,2008,consumption,618414824679.7021,16445590,37603.68735203189
NLD,2009,consumption,613640427521.828,16530387,37121.96378232573
NLD,2010,consumption,619486058223.5582,16615390,37283.87105108928
NLD,2011,consumption,617762177649.9023,16693074,37007.095137175
NLD,2012,consumption,606386189635.7216,16754963,36191.437106469384
NLD,2013,consumption,597225157525.0769,16804430,35539.745027059944
NLD,2014,consumption,600495424736.0352,16865008,35605.99702864269
NLD,2015,consumption,605727562970.8462,16939925,35757.39343420034
NLD,2016,consumption,614842385979.6764,17030314,36102.82147350169
NLD,2017,consumption,629586337919.1451,17131295,36750.656498481
NOR,1986,GDP,123156655376.6202,4167357,29552.70099888735
NOR,1987,GDP,123577109746.0719,4186905,29515.145374942087
NOR,1988,GDP,121100931453.2254,4209489,28768.558714187257
NOR,1989,GDP,123604110879.96129,4226909,29242.198230423528
NOR,1990,GDP,125635155300.66339,4241476,29620.621524361657
NOR,1991,GDP,127692401680.44827,4261738,29962.51803382758
NOR,1992,GDP,128358812877.16495,4286397,29945.619334178555
NOR,1993,GDP,132056346152.82271,4311984,30625.425825518534
NOR,1994,GDP,136604332644.6873,4336614,31500.22866796245
NOR,1995,GDP,143133766464.37985,4359187,32834.968186586135
NOR,1996,GDP,154711085660.47485,4381339,35311.370715773155
NOR,1997,GDP,162964605546.06927,4405158,36994.04324341358
NOR,1998,GDP,162504759003.77295,4431465,36670.66286290718
NOR,1999,GDP,173051726546.32428,4461915,38784.18269875699
NOR,2000,GDP,200393555218.6005,4490973,44621.411711582434
NOR,2001,GDP,202206681764.5672,4513747,44797.965363270734
NOR,2002,GDP,199489141770.86862,4538157,43958.184296151194
NOR,2003,GDP,202510720027.25882,4564856,44363.00291340161
NOR,2004,GDP,222471752723.2591,4591909,48448.64145244583
NOR,2005,GDP,245485609926.11917,4623293,53097.56702119445
NOR,2006,GDP,268223499894.23972,4660673,57550.37950404152
NOR,2007,GDP,283811737392.77234,4709156,60268.06871396325
NOR,2008,GDP,304661024757.0668,4768215,63894.145871582296
NOR,2009,GDP,278587025148.1284,4828716,57693.810352095345
NOR,2010,GDP,290830460791.3202,4889253,59483.618620537774
NOR,2011,GDP,310260688990.7548,4953089,62639.83727947445
NOR,2012,GDP,327434037010.539,5018574,65244.43736617992
NOR,2013,GDP,333084683960.95685,5080171,65565.64414090723
NOR,2014,GDP,334372546101.3492,5137427,65085.605323705655
NOR,2015,GDP,325301565081.79803,5189898,62679.76077406493
NOR,2016,GDP,313033382250.8036,5236152,59783.09687167286
NOR,2017,GDP,328146265423.1387,5276965,62184.658307026606
NOR,1986,consumption,86969393790.80199,4167357,20869.196901249878
NOR,1987,consumption,87528602365.49918,4186905,20905.3232317187
NOR,1988,consumption,85221031921.3713,4209489,20244.982685872634
NOR,1989,consumption,85620571546.75037,4226909,20256.071646385186
NOR,1990,consumption,87127289010.89375,4241476,20541.738067336406
NOR,1991,consumption,89888476629.4366,4261738,21091.976238200612
NOR,1992,consumption,92744190743.0297,4286397,21636.86442087135
NOR,1993,consumption,95202086623.30624,4311984,22078.487912595745
NOR,1994,consumption,97700887429.25385,4336614,22529.302222714276
NOR,1995,consumption,100857380495.36522,4359187,23136.74097839006
NOR,1996,consumption,106922361612.44684,4381339,24404.037581307184
NOR,1997,consumption,110283457477.93715,4405158,25035.07421934404
NOR,1998,consumption,114898880106.00388,4431465,25927.96741168076
NOR,1999,consumption,119351160050.67976,4461915,26748.864568392666
NOR,2000,consumption,124212790277.80737,4490973,27658.324883673842
NOR,2001,consumption,128248049994.86021,4513747,28412.768813772727
NOR,2002,consumption,134228924553.5129,4538157,29577.849455960404
NOR,2003,consumption,138913645652.02,4564856,30431.11231811474
NOR,2004,consumption,146951928623.21246,4591909,32002.360809679038
NOR,2005,consumption,153224995901.45306,4623293,33141.96091432082
NOR,2006,consumption,160988074630.67612,4660673,34541.80858229619
NOR,2007,consumption,170934786311.94754,4709156,36298.391115509345
NOR,2008,consumption,175085627176.0076,4768215,36719.32309596099
NOR,2009,consumption,179631664950.13608,4828716,37200.71028201619
NOR,2010,consumption,186002657315.8012,4889253,38043.16473616751
NOR,2011,consumption,191867082066.95566,4953089,38736.85331859687
NOR,2012,consumption,200265284459.1121,5018574,39904.81847216203
NOR,2013,consumption,207090681454.51224,5080171,40764.50998490252
NOR,2014,consumption,213255429234.9454,5137427,41510.16242857473
NOR,2015,consumption,220227583826.69608,5189898,42433.89442850246
NOR,2016,consumption,222287628079.45215,5236152,42452.47809449614
NOR,2017,consumption,228492706065.67877,5276965,43300.02303704474
NZL,1986,GDP,90375383181.56203,3308310,27317.68884462521
NZL,1987,GDP,87882257579.08249,3327785,26408.634445759715
NZL,1988,GDP,88831604179.53203,3343680,26567.01723237033
NZL,1989,GDP,88911913779.59283,3357535,26481.30660725587
NZL,1990,GDP,85963787818.85953,3390085,25357.413698730128
NZL,1991,GDP,83607317200.92534,3495100,23921.294727168133
NZL,1992,GDP,85346479351.89098,3531700,24165.834966699033
NZL,1993,GDP,90974233664.00415,3572200,25467.28449247079
NZL,1994,GDP,95783337594.93585,3620000,26459.485523462943
NZL,1995,GDP,98058677355.50784,3673400,26694.25528271025
NZL,1996,GDP,100714829442.7713,3732000,26986.82460953143
NZL,1997,GDP,103188651997.99005,3781300,27289.20001004682
NZL,1998,GDP,103856395185.51265,3815000,27223.170428705806
NZL,1999,GDP,110205322943.96921,3835100,28735.971146507054
NZL,2000,GDP,113668133820.83028,3857700,29465.260082647765
NZL,2001,GDP,118959554921.52614,3880500,30655.728622993465
NZL,2002,GDP,121682688053.67186,3948500,30817.44663889372
NZL,2003,GDP,127827676766.75102,4027200,31741.079848716483
NZL,2004,GDP,133663951840.51521,4087500,32700.661000737666
NZL,2005,GDP,136758573027.75475,4133900,33082.216073866024
NZL,2006,GDP,139665884030.32535,4184600,33376.16116960411
NZL,2007,GDP,148060565038.12094,4223800,35053.87684978478
NZL,2008,GDP,144837622448.60025,4259800,34001.03818221518
NZL,2009,GDP,145521005164.61395,4302600,33821.64392800027
NZL,2010,GDP,148880720109.70428,4350700,34219.94624076684
NZL,2011,GDP,149703478297.28455,4384000,34147.69121744629
NZL,2012,GDP,151345615450.7168,4408100,34333.52588433039
NZL,2013,GDP,159934206965.27582,4442100,36004.1887767668
NZL,2014,GDP,164766188121.0787,4516500,36480.94500632762
NZL,2015,GDP,172840040757.3947,4609400,37497.29699253584
NZL,2016,GDP,182496908316.18295,4714100,38712.99045760229
NZL,2017,GDP,191880736852.06796,4813600,39862.21058086836
NZL,1986,consumption,67228718368.71174,3308310,20321.16650758597
NZL,1987,consumption,65944028595.207466,3327785,19816.192631196867
NZL,1988,consumption,67182257050.51496,3343680,20092.310583104532
NZL,1989,consumption,67997031026.79879,3357535,20252.069159904153
NZL,1990,consumption,67624199000.6203,3390085,19947.6411360247
NZL,1991,consumption,65877067485.82658,3495100,18848.407051536888
NZL,1992,consumption,66699340253.82866,3531700,18885.902045425337
NZL,1993,consumption,68219649697.958115,3572200,19097.376882021756
NZL,1994,consumption,71250750962.59053,3620000,19682.527890218378
NZL,1995,consumption,73028164452.3224,3673400,19880.26472813263
NZL,1996,consumption,75811316903.43103,3732000,20313.85769116587
NZL,1997,consumption,78089986800.24205,3781300,20651.624256272196
NZL,1998,consumption,80852379132.64586,3815000,21193.284176316083
NZL,1999,consumption,84050684178.37819,3835100,21916.164944428616
NZL,2000,consumption,85241615374.48279,3857700,22096.486345356763
NZL,2001,consumption,87339781373.02054,3880500,22507.352499167773
NZL,2002,consumption,90307649958.6541,3948500,22871.38152682135
NZL,2003,consumption,94728712379.8669,4027200,23522.226951695196
NZL,2004,consumption,99487359798.78769,4087500,24339.415241293624
NZL,2005,consumption,103974587226.54018,4133900,25151.693854844136
NZL,2006,consumption,107021177044.5683,4184600,25575.00765773749
NZL,2007,consumption,111198105238.08609,4223800,26326.555527744233
NZL,2008,consumption,112027140182.4706,4259800,26298.685427125827
NZL,2009,consumption,113152703380.74176,4302600,26298.680653730713
NZL,2010,consumption,115135981581.49117,4350700,26463.783203045754
NZL,2011,consumption,116444619271.89714,4384000,26561.272644137123
NZL,2012,consumption,118036130936.45354,4408100,26777.099189322733
NZL,2013,consumption,121800630970.54881,4442100,27419.60581043849
NZL,2014,consumption,125313800537.28014,4516500,27745.7767158818
NZL,2015,consumption,130837732254.22763,4609400,28384.981180680268
NZL,2016,consumption,138568741661.1958,4714100,29394.52740951524
NZL,2017,consumption,144373559184.57526,4813600,29992.84510232991
PRT,1986,GDP,170472382284.95456,10032734,16991.61786657102
PRT,1987,GDP,182114994032.5993,10030031,18156.972200045973
PRT,1988,GDP,197645111317.11246,10019610,19725.82878147078
PRT,1989,GDP,206318844216.9509,10005000,20621.57363487765
PRT,1990,GDP,213552364575.62714,9983218,21391.13506042111
PRT,1991,GDP,219367087866.40695,9960235,22024.288369341382
PRT,1992,GDP,225576036970.35254,9952493.5,22665.278502352456
PRT,1993,GDP,222193260506.0443,9964674.5,22298.095186756407
PRT,1994,GDP,228289199275.59805,9991525,22848.28384812109
PRT,1995,GDP,236252229850.01907,10026176,23563.54305470192
PRT,1996,GDP,242922552272.85727,10063945,24137.905391261305
PRT,1997,GDP,257450374320.31128,10108977,25467.50025450758
PRT,1998,GDP,273122772759.108,10160196,26881.644090242746
PRT,1999,GDP,286649917187.39575,10217828,28053.89924232388
PRT,2000,GDP,299230198218.68634,10289898,29079.996538224805
PRT,2001,GDP,303135019417.07196,10362722,29252.451181945435
PRT,2002,GDP,307209944582.31696,10419631,29483.76430819066
PRT,2003,GDP,304965088224.61926,10458821,29158.6487831295
PRT,2004,GDP,310523954936.39813,10483861,29619.236170376364
PRT,2005,GDP,316182210976.91565,10503330,30103.04455605181
PRT,2006,GDP,321559860790.8993,10522288,30559.880207698105
PRT,2007,GDP,331268460720.6707,10542964,31420.809244978045
PRT,2008,GDP,329569989881.04474,10558177,31214.668013336464
PRT,2009,GDP,325506364445.8296,10568247,30800.41225813795
PRT,2010,GDP,329136243808.26715,10573100,31129.587709211788
PRT,2011,GDP,311282710387.27563,10574536,29437.008903962844
PRT,2012,GDP,289519379906.41473,10531420,27491.01070002096
PRT,2013,GDP,292387818317.485,10473991,27915.60717566828
PRT,2014,GDP,297517053277.28265,10419607,28553.577239264654
PRT,2015,GDP,306681988282.6991,10381838,29540.240204354865
PRT,2016,GDP,316704773338.74225,10356516,30580.242751398466
PRT,2017,GDP,327730770623.49603,10340124,31695.052266635877
PRT,1986,consumption,133188739131.77246,10032734,13275.41815937435
PRT,1987,consumption,140576748695.45303,10030031,14015.584667231142
PRT,1988,consumption,153269434403.72302,10019610,15296.946129013308
PRT,1989,consumption,159882424990.9999,10005000,15980.252372913534
PRT,1990,consumption,168570817910.54208,9983218,16885.418901053956
PRT,1991,consumption,179050345127.40475,9960235,17976.518137112704
PRT,1992,consumption,186353239945.14764,9952493.5,18724.276478567674
PRT,1993,consumption,188861808587.4314,9964674.5,18953.133751376565
PRT,1994,consumption,191925466970.321,9991525,19208.826177217292
PRT,1995,consumption,194155935238.22055,10026176,19364.903951239292
PRT,1996,consumption,200907939971.82993,10063945,19963.13970036898
PRT,1997,consumption,209750787297.02402,10108977,20748.9627582518
PRT,1998,consumption,220822171514.95465,10160196,21734.046421442523
PRT,1999,consumption,233111049766.7771,10217828,22814.148933293563
PRT,2000,consumption,246168060266.73654,10289898,23923.275067132497
PRT,2001,consumption,248752024520.55368,10362722,24004.506202188353
PRT,2002,consumption,252702315291.60648,10419631,24252.52058269688
PRT,2003,consumption,254004989951.05252,10458821,24286.197263635408
PRT,2004,consumption,260983480857.12106,10483861,24893.83261158471
PRT,2005,consumption,270075115670.0597,10503330,25713.284803015777
PRT,2006,consumption,273025451207.40225,10522288,25947.346357313378
PRT,2007,consumption,279782260066.66925,10542964,26537.34377416723
PRT,2008,consumption,283344804995.4799,10558177,26836.52727127798
PRT,2009,consumption,280139567906.85944,10568247,26507.666589062446
PRT,2010,consumption,284487652619.1187,10573100,26906.739992917755
PRT,2011,consumption,266218840286.03458,10574536,25175.46304500118
PRT,2012,consumption,245339980407.01816,10531420,23296.001907341855
PRT,2013,consumption,246246316277.11176,10473991,23510.26617047043
PRT,2014,consumption,251420010842.55737,10419607,24129.50995585125
PRT,2015,consumption,255531584912.82117,10381838,24613.328094006203
PRT,2016,consumption,262180265708.27264,10356516,25315.4888872158
PRT,2017,consumption,267022409389.55676,10340124,25823.907855414185
SWE,1986,GDP,236400066754.698,8369824,28244.329481085624
SWE,1987,GDP,245577020177.55652,8397797,29243.0288774016
SWE,1988,GDP,253637609872.38635,8436483,30064.37752229055
SWE,1989,GDP,263994859247.87152,8492959,31083.967230722712
SWE,1990,GDP,263835636675.53708,8558834,30826.119150755476
SWE,1991,GDP,257957619165.7839,8617376,29934.59020075066
SWE,1992,GDP,251584225773.0962,8668065,29024.26617394957
SWE,1993,GDP,240468437593.70242,8718558,27581.216709655706
SWE,1994,GDP,250967812799.8779,8780741,28581.621163849144
SWE,1995,GDP,264430453302.22043,8826944,29957.19167383643
SWE,1996,GDP,270327279422.98022,8840999,30576.553557237166
SWE,1997,GDP,280938202814.11273,8846059,31758.572129590448
SWE,1998,GDP,296196800213.1873,8850975,33464.878187226524
SWE,1999,GDP,310304863688.7954,8857879,35031.50852351849
SWE,2000,GDP,326840770866.6919,8872112,36839.116871686456
SWE,2001,GDP,331883027955.77936,8895963,37307.15021586526
SWE,2002,GDP,337664759333.392,8924960,37833.756042984176
SWE,2003,GDP,343753672915.0022,8958232,38372.937083455996
SWE,2004,GDP,358267216284.3359,8993534,39836.08849250316
SWE,2005,GDP,369415374242.43896,9029567,40911.74850825504
SWE,2006,GDP,388161265504.4505,9080506,42746.655913717856
SWE,2007,GDP,403470085772.0905,9148093,44104.28334868158
SWE,2008,GDP,399453975547.6639,9219639,43326.42260154263
SWE,2009,GDP,393421912190.339,9298512,42310.201050484095
SWE,2010,GDP,415521290498.5002,9378131,44307.4734718997
SWE,2011,GDP,420991286954.67303,9449216,44553.03878699281
SWE,2012,GDP,419500464860.2296,9519379,44068.04948728584
SWE,2013,GDP,428755120994.69183,9600374,44660.25188130086
SWE,2014,GDP,447440761489.97424,9696105,46146.443493544495
SWE,2015,GDP,477835214492.07697,9799183,48762.76057831321
SWE,2016,GDP,491280319186.589,9923086,49508.82408825128
SWE,2017,GDP,502650027624.0274,10057695,49976.66240863611
SWE,1986,consumption,174191898385.6518,8369824,20811.895015433034
SWE,1987,consumption,181701479243.12766,8397797,21636.802990489963
SWE,1988,consumption,185780320920.14352,8436483,22021.062677438396
SWE,1989,consumption,190718400265.70316,8492959,22456.060398466914
SWE,1990,consumption,192201458746.08322,8558834,22456.500353445717
SWE,1991,consumption,194337865792.9888,8617376,22551.861006527834
SWE,1992,consumption,193389602759.42548,8668065,22310.58520666671
SWE,1993,consumption,188296850261.58685,8718558,21597.246960057713
SWE,1994,consumption,191499271806.6384,8780741,21809.010402042197
SWE,1995,consumption,194468545522.89578,8826944,22031.242695421628
SWE,1996,consumption,200197334577.77682,8840999,22644.19830584494
SWE,1997,consumption,206630268400.87906,8846059,23358.45469727017
SWE,1998,consumption,216138566582.08344,8850975,24419.746590865238
SWE,1999,consumption,227355299063.17975,8857879,25667.01340842201
SWE,2000,consumption,237777093309.5742,8872112,26800.506272866503
SWE,2001,consumption,240503180055.517,8895963,27035.092216044177
SWE,2002,consumption,247026304162.68292,8924960,27678.141320821935
SWE,2003,consumption,252349942728.8431,8958232,28169.614576720396
SWE,2004,consumption,258436690207.27887,8993534,28735.832900312478
SWE,2005,consumption,266819028290.70938,9029567,29549.48208377095
SWE,2006,consumption,274347116512.33868,9080506,30212.75648210999
SWE,2007,consumption,282512686527.271,9148093,30882.13975604216
SWE,2008,consumption,282889718435.5635,9219639,30683.38342049656
SWE,2009,consumption,293413129133.5218,9298512,31554.84760717863
SWE,2010,consumption,302979521263.71136,9378131,32307.025916327184
SWE,2011,consumption,304482755627.5081,9449216,32223.07074232488
SWE,2012,consumption,308908189950.9179,9519379,32450.456059257427
SWE,2013,consumption,318429253266.75696,9600374,33168.42169552529
SWE,2014,consumption,331289733528.08374,9696105,34167.300532335794
SWE,2015,consumption,348626098509.63074,9799183,35577.05764956433
SWE,2016,consumption,359753486548.36426,9923086,36254.19416382809
SWE,2017,consumption,367647527119.3064,10057695,36553.8552440998
TUR,1986,GDP,761985148234.8002,51480000,14801.5763060373
TUR,1987,GDP,802770445113.2977,52370000,15328.822706001485
TUR,1988,GDP,822409859550.5972,53268000,15439.097761331328
TUR,1989,GDP,886088901064.6556,54192000,16350.917129182455
TUR,1990,GDP,955754511684.3173,55120000,17339.523071195887
TUR,1991,GDP,923115941179.4966,56055000,16468.039268209734
TUR,1992,GDP,941798846592.4368,56986000,16526.846007658667
TUR,1993,GDP,1027810481888.4435,57913000,17747.49161480917
TUR,1994,GDP,977606444006.4735,58837000,16615.50459755721
TUR,1995,GDP,1037304883020.0024,59756000,17359.00801626619
TUR,1996,GDP,1089091532963.9415,60671000,17950.77603738098
TUR,1997,GDP,1153074874242.1682,61582000,18724.21932126544
TUR,1998,GDP,1121793501767.1873,62464000,17959.040435565883
TUR,1999,GDP,1016255559641.1653,63364000,16038.37446564556
TUR,2000,GDP,1048346629396.9929,64268751,16311.918515376048
TUR,2001,GDP,979500843386.4418,65166331,15030.780901052136
TUR,2002,GDP,989519648578.2549,66002506,14992.15270066041
TUR,2003,GDP,1061417751209.8348,66794551,15890.783534271153
TUR,2004,GDP,1207236906096.4243,67598736,17858.868042982704
TUR,2005,GDP,1303518565170.154,68435380,19047.436650021584
TUR,2006,GDP,1392250546122.0156,69295253,20091.571728903502
TUR,2007,GDP,1429630399275.1116,70158112,20377.264417764145
TUR,2008,GDP,1463222932652.21,71051689,20593.781136606198
TUR,2009,GDP,1382991414151.5872,72039215,19197.757973231484
TUR,2010,GDP,1478157646033.216,73142162,20209.37863490029
TUR,2011,GDP,1669188832349.0242,74223642,22488.640915101205
TUR,2012,GDP,1723761235780.891,75175836,22929.724862399817
TUR,2013,GDP,1847356759979.612,76147634,24260.19907564839
TUR,2014,GDP,1910747957884.9146,77181894,24756.42743212436
TUR,2015,GDP,2025622645617.012,78218488,25896.980335608278
TUR,2016,GDP,2099793100554.4038,79277971,26486.463693103393
TUR,2017,GDP,2263897736519.874,80312708,28188.536943865398
TUR,1986,consumption,515929013604.53217,51480000,10021.931111199148
TUR,1987,consumption,541946587821.9369,52370000,10348.416800113364
TUR,1988,consumption,518775415809.4592,53268000,9738.969283800016
TUR,1989,consumption,589153986877.7568,54192000,10871.60442275164
TUR,1990,consumption,674401661338.1337,55120000,12235.15350758588
TUR,1991,consumption,679392685288.6064,56055000,12120.108559247283
TUR,1992,consumption,688363623957.9149,56986000,12079.521706347436
TUR,1993,consumption,748716763932.1351,57913000,12928.302176232195
TUR,1994,consumption,707724792961.3268,58837000,12028.566938513635
TUR,1995,consumption,746262653499.1763,59756000,12488.497447941232
TUR,1996,consumption,778105542827.7994,60671000,12824.999469726878
TUR,1997,consumption,840072837354.6385,61582000,13641.532222965128
TUR,1998,consumption,827527567146.6517,62464000,13248.071963797574
TUR,1999,consumption,797760875542.27,63364000,12590.12807812433
TUR,2000,consumption,822915664688.1613,64268751,12804.289050026213
TUR,2001,consumption,741837700006.146,65166331,11383.75735786239
TUR,2002,consumption,752493759117.8989,66002506,11400.987700647289
TUR,2003,consumption,818587156979.2935,66794551,12255.298444618536
TUR,2004,consumption,918910180439.4304,67598736,13593.600040678726
TUR,2005,consumption,971170387775.5613,68435380,14191.057137047552
TUR,2006,consumption,1022421339485.4109,69295253,14754.565359410852
TUR,2007,consumption,1059398529918.9872,70158112,15100.157340593589
TUR,2008,consumption,1070966421624.6783,71051689,15073.060706898585
TUR,2009,consumption,1048702251575.395,72039215,14557.38033202326
TUR,2010,consumption,1113220734632.9287,73142162,15219.959380376653
TUR,2011,consumption,1247094088216.5835,74223642,16801.844461048993
TUR,2012,consumption,1275145251986.099,75175836,16962.169226639515
TUR,2013,consumption,1346665628637.1963,76147634,17684.930678702327
TUR,2014,consumption,1384539159255.1697,77181894,17938.65228618476
TUR,2015,consumption,1443265392065.1624,78218488,18451.716837906177
TUR,2016,consumption,1507167421572.4438,79277971,19011.175520277175
TUR,2017,consumption,1590659110880.6177,80312708,19805.820902971143
USA,1986,GDP,9902990446736.541,240132887,41239.625985659106
USA,1987,GDP,10127775367337.232,242288918,41800.40693127051
USA,1988,GDP,10495031010463.088,244498982,42924.64093148285
USA,1989,GDP,10786369999652.025,246819230,43701.49764932021
USA,1990,GDP,10817271080471.08,249622814,43334.46493584949
USA,1991,GDP,10717110749743.477,252980941,42363.31285424176
USA,1992,GDP,11013861228929.87,256514224,42936.649115137836
USA,1993,GDP,11253038015203.324,259918588,43294.47194135775
USA,1994,GDP,11652546919290.775,263125821,44285.07576719647
USA,1995,GDP,11882864393242.41,266278393,44625.717691042286
USA,1996,GDP,12199343907953.088,269394284,45284.3457805255
USA,1997,GDP,12665511876272.541,272646925,46453.89591785252
USA,1998,GDP,13177495123225.082,275854104,47769.799079099736
USA,1999,GDP,13704045986490.85,279040168,49111.37376641362
USA,2000,GDP,14109464410426.436,282162411,50004.76271953331
USA,2001,GDP,14164705765818.176,284968955,49706.13646605181
USA,2002,GDP,14401025257480.514,287625193,50068.72001466337
USA,2003,GDP,14760807266938.252,290107933,50880.39859612613
USA,2004,GDP,15330538653305.877,292805298,52357.44967055165
USA,2005,GDP,15825105551701.521,295516599,53550.64861077912
USA,2006,GDP,16243370803399.785,298379912,54438.553502220304
USA,2007,GDP,16545760527151.469,301231207,54927.112937377264
USA,2008,GDP,16259488000782.049,304093966,53468.63081387826
USA,2009,GDP,15995133427497.736,306771529,52140.214835574705
USA,2010,GDP,16357587841905.115,309327143,52881.19136025872
USA,2011,GDP,16437339364395.098,311583481,52754.20671096199
USA,2012,GDP,16779483280980.367,313877662,53458.67295577207
USA,2013,GDP,17174874866564.354,316059947,54340.56111692113
USA,2014,GDP,17629024868664.395,318386329,55369.91781033536
USA,2015,GDP,18295019000000,320738994,57040.20821366048
USA,2016,GDP,18570625982603.477,323071755,57481.42849133771
USA,2017,GDP,18963805350294.82,325122128,58328.25180787086
USA,1986,consumption,7837112089909.1,240132887,32636.562979018778
USA,1987,consumption,8037555590785.071,242288918,33173.43466276518
USA,1988,consumption,8318494341555.022,244498982,34022.61340112665
USA,1989,consumption,8523790094843.761,246819230,34534.54617309908
USA,1990,consumption,8629626525637.384,249622814,34570.66438501644
USA,1991,consumption,8611632433425.826,252980941,34040.637209211054
USA,1992,consumption,8861223862394.45,256514224,34544.7660726777
USA,1993,consumption,9065068202651.713,259918588,34876.56759143256
USA,1994,consumption,9320881752785.639,263125821,35423.668104338714
USA,1995,consumption,9494678588287.994,266278393,35656.96217900787
USA,1996,consumption,9697499225180.348,269394284,35997.42014266475
USA,1997,consumption,9977775871338.375,272646925,36595.95966959237
USA,1998,consumption,10388746136675.326,275854104,37660.29211106218
USA,1999,consumption,10863986891249.076,279040168,38933.41582008034
USA,2000,consumption,11293084582031.139,282162411,40023.34875863794
USA,2001,consumption,11527743774254.143,284968955,40452.63026723084
USA,2002,consumption,11852180978079.402,287625193,41207.03355105407
USA,2003,consumption,12223478296049.244,290107933,42134.2435198049
USA,2004,consumption,12653583695906.824,292805298,43215.00936744261
USA,2005,consumption,13023860243090.531,295516599,44071.50152364379
USA,2006,consumption,13344737505154.1,298379912,44723.980966768635
USA,2007,consumption,13654696766048.643,301231207,45329.62206020256
USA,2008,consumption,13654490027457.545,304093966,44902.20640371912
USA,2009,consumption,13616071068530.29,306771529,44385.05461349475
USA,2010,consumption,13881861227300.8,309327143,44877.60463782126
USA,2011,consumption,13919470826593.205,311583481,44673.327295528885
USA,2012,consumption,14001307137993.387,313877662,44607.5297260032
USA,2013,consumption,14161554092358.832,316059947,44806.54453934599
USA,2014,consumption,14453851923759.271,318386329,45397.212779695925
USA,2015,consumption,14901426000000,320738994,46459.66433379784
USA,2016,consumption,15188603577269.172,323071755,47013.096447472395
USA,2017,consumption,15477235236214.762,325122128,47604.37356701468
Aggregate,1986,GDP,27607451733421.215,906715038,30447.770883249887
Aggregate,1987,GDP,28512780234328.992,913475126,31213.52669906087
Aggregate,1988,GDP,29766952892454.1,920434098,32340.12403183927
Aggregate,1989,GDP,30931213949516.73,928026058,33330.11361359503
Aggregate,1990,GDP,31672313972652.816,936140071,33832.87923870189
Aggregate,1991,GDP,31913945110598.723,946399320,33721.4370680219
Aggregate,1992,GDP,32440272902073.2,955348045.5,33956.49685460439
Aggregate,1993,GDP,32795271045198.66,963813159.5,34026.58567373364
Aggregate,1994,GDP,33599251041980.977,971669427,34578.89083298386
Aggregate,1995,GDP,34431474867644.527,979305673,35159.06812034216
Aggregate,1996,GDP,35202419181992.664,986809102,35672.97779342196
Aggregate,1997,GDP,36178962799778.13,994257664,36387.91443077892
Aggregate,1998,GDP,37096034550727.41,1001427087,37043.170723349336
Aggregate,1999,GDP,37980146965323.57,1008588042,37656.74922142649
Aggregate,2000,GDP,39248464359933.7,1016032580,38629.13958913965
Aggregate,2001,GDP,39593113922078.39,1023622318,38679.41644671955
Aggregate,2002,GDP,40073104395381.15,1031416040,38852.51231441111
Aggregate,2003,GDP,40806476988764.78,1039137958,39269.547103547135
Aggregate,2004,GDP,42183766905376.414,1046915458,40293.384325381136
Aggregate,2005,GDP,43327244660094.336,1055008573,41068.14462833217
Aggregate,2006,GDP,44630411005627.76,1063190430,41977.81483569952
Aggregate,2007,GDP,45740075656786.85,1071993533,42668.23842563876
Aggregate,2008,GDP,45315121205295.01,1080873748,41924.52753075377
Aggregate,2009,GDP,43851845222421.17,1088963478,40269.34429698217
Aggregate,2010,GDP,44907446974004.56,1096797567,40944.15261773147
Aggregate,2011,GDP,45320674989702.65,1102469572,41108.322751698266
Aggregate,2012,GDP,45628478459548,1109305372,41132.47768491651
Aggregate,2013,GDP,46300054792349.88,1115874294,41492.17796422316
Aggregate,2014,GDP,47272374173268.86,1122898026,42098.545975419554
Aggregate,2015,GDP,48813476332977.9,1129893313,43201.84549404259
Aggregate,2016,GDP,49854947310956.19,1137198104,43840.16042200171
Aggregate,2017,GDP,51050976055019.89,1143670279,44637.84448403935
Aggregate,1986,consumption,20916752989652.79,906715038,23068.717417315835
Aggregate,1987,consumption,21601113880956.746,913475126,23647.183449368218
Aggregate,1988,consumption,22368098900751.348,920434098,24301.684334983587
Aggregate,1989,consumption,23183826211594.633,928026058,24981.869864256154
Aggregate,1990,consumption,23848113588183.867,936140071,25474.941546630864
Aggregate,1991,consumption,24187263575669.652,946399320,25557.143865730643
Aggregate,1992,consumption,24796869485461.18,955348045.5,25955.848868129786
Aggregate,1993,consumption,25216370099552.684,963813159.5,26163.131153588158
Aggregate,1994,consumption,25759511867686.58,971669427,26510.571550263026
Aggregate,1995,consumption,26169490860474.457,979305673,26722.494908363977
Aggregate,1996,consumption,26701350637700.195,986809102,27058.273564343548
Aggregate,1997,consumption,27363577172656.4,994257664,27521.61553632882
Aggregate,1998,consumption,28136267961432.86,1001427087,28096.172279223418
Aggregate,1999,consumption,29066028163047.37,1008588042,28818.533387933396
Aggregate,2000,consumption,30104177482945.81,1016032580,29629.145832061615
Aggregate,2001,consumption,30613427130139.64,1023622318,29906.95551651663
Aggregate,2002,consumption,31266989524600.47,1031416040,30314.624081859798
Aggregate,2003,consumption,32045925440008.15,1039137958,30838.951838200628
Aggregate,2004,consumption,32989784500339.004,1046915458,31511.41216632891
Aggregate,2005,consumption,33869148238046.652,1055008573,32103.197172831555
Aggregate,2006,consumption,34682313160292.152,1063190430,32620.979442311338
Aggregate,2007,consumption,35468544706885.09,1071993533,33086.528617038864
Aggregate,2008,consumption,35557459155778.9,1080873748,32896.95879983468
Aggregate,2009,consumption,35346849295515.83,1088963478,32459.16875048387
Aggregate,2010,consumption,36012303169494.48,1096797567,32834.04727820159
Aggregate,2011,consumption,36203860967803.66,1102469572,32838.87545497143
Aggregate,2012,consumption,36305532149013.55,1109305372,32728.167613176895
Aggregate,2013,consumption,36670993287693.984,1115874294,32863.01466470916
Aggregate,2014,consumption,37223064147356.89,1122898026,33149.10462524661
Aggregate,2015,consumption,38093529056681.32,1129893313,33714.270735471924
Aggregate,2016,consumption,38891288764126.31,1137198104,34199.22054682419
Aggregate,2017,consumption,39588398188010.49,1143670279,34615.21988892263
