iso,year,EHB_dev,ehb_crude_dev,eq_ehb_crude_dev,debt_ehb_crude_dev,fdi_ehb_crude_dev,eq_debt_ehb_crude_dev
AUS,1970,NA,-0.7501278206613275,-1.3012854692933375,-1.3099512941091151,0.5278825366685793,-1.329097180137616
AUS,1971,NA,-0.7860452646410883,-1.4761851626743514,-1.470462997146793,0.5337724372358443,-1.4873935108204936
AUS,1972,NA,-0.717597022340178,-1.4721898647425613,-1.5087614046386673,0.8096562978362192,-1.5198971355096995
AUS,1973,NA,-1.1301353148048725,-1.6639716570619774,-1.9922023681759158,0.35028510189723416,-1.976645720621925
AUS,1974,NA,-1.3005638312723493,-1.8905896973406513,-1.8533789270479386,-0.08929858138107871,-1.863062809682424
AUS,1975,NA,-1.155233727867295,-1.7363529693650097,-1.8803677927966298,0.17209828834677943,-1.8777597717034071
AUS,1976,NA,-1.252167616232199,-1.4501034659928695,-2.159267687151128,0.172867230186164,-2.1333835411084876
AUS,1977,NA,-1.2089072528931244,-1.188037582776789,-2.0259194101231532,0.18245858344133303,-2.004823329208932
AUS,1978,NA,-1.2902839057716156,-1.2747116456015677,-2.1470388540385787,0.2495238884751365,-2.1208024731205537
AUS,1979,0.10852749285080032,-1.2048417924859973,-1.2274033534407707,-1.952347314166943,0.286182332625152,-1.936643453051395
AUS,1980,0.1345240571621822,-1.2443202452745912,-1.270079900473247,-1.977590948408556,0.2676970301000723,-1.9613708710533238
AUS,1981,0.12641214723565564,-1.4702411887033198,-1.4476698262677505,-2.344573791923867,0.11712921577925428,-2.3207899494208943
AUS,1982,0.1069066607183552,-1.3604436797417874,-0.6315585390695553,-2.290446508033793,0.251825767710149,-2.196441717179428
AUS,1983,0.10092532807694132,-1.4102675647364895,-0.39835821254282777,-2.332520879087577,0.16222221945476312,-2.164401599879902
AUS,1984,0.08961621871336822,-1.419857451149983,-0.30628423688005846,-2.217938331321086,0.0455237584970849,-2.053634216587013
AUS,1985,0.05894862276540025,-1.123237246145382,0.18151761485795959,-1.9957334813857497,0.26847161914959683,-1.7219765960210478
AUS,1986,0.06598106724916175,-0.8366096211181103,0.657641180476114,-1.8653258513627125,0.44383116017192314,-1.398392327829191
AUS,1987,0.07552867263426788,-0.6598549731887603,0.6007549367740257,-1.683310978875958,0.9559270815953318,-1.3124328264956606
AUS,1988,0.041669563733866766,-0.49604714924945725,0.7027978634001317,-1.4310666416939657,0.9819682624154566,-1.065224346902613
AUS,1989,0.02179067068072038,-0.6639618404871916,0.5263699551355585,-1.591878513849282,0.7011231379333389,-1.1565300963281973
AUS,1990,0.0175393360498316,-0.6575671731997264,0.5379741198173091,-1.5041169317864478,0.618679719804542,-1.1481979421187618
AUS,1991,0.030082108841673616,-0.6440715128337348,0.6428169139463251,-1.4246124619129608,0.42113631867580326,-1.0158257580228778
AUS,1992,0.03982743337408179,-0.5468651300280115,0.7456860702419577,-1.36997907983688,0.4994108485063977,-0.9487733720735794
AUS,1993,0.0591793147884887,-0.5239113458024103,0.61778857953699,-1.3608667089450537,0.5236715477972258,-0.9246121946172551
AUS,1994,0.055331666905059196,-0.6081588722684349,0.4693698403303448,-1.4743930647059853,0.4397920472011909,-1.046766967674278
AUS,1995,0.05246790386888156,-0.5968720250640009,0.4566498467653033,-1.43816493159404,0.3960244001467472,-1.0081747995735364
AUS,1996,0.06813501232903652,-0.6083199976483389,0.30822322897415333,-1.409930283933746,0.3922314541751999,-1.0251316332451115
AUS,1997,0.06910487011568656,-0.6085351253897813,0.12766709759477202,-1.335430718841327,0.3252713269361869,-1.0015313647626072
AUS,1998,0.08692432704899944,-0.5371014220607112,0.0478870932564508,-1.2455022461536038,0.3484075884730844,-0.934025902613755
AUS,1999,0.11286751250241389,-0.5238532495513327,0.06722996657915559,-1.2457276381143156,0.294998905302154,-0.8670403187380699
AUS,2000,0.1239468766805153,-0.601040888993333,0.04568944696492583,-1.2744083233261554,0.07657686452173018,-0.892423789989037
AUS,2001,0.13207060576262253,-0.48378099453258827,0.11995589297980636,-1.2800821871391193,0.24071511479992513,-0.8648407856442681
AUS,2002,0.13144345070209973,-0.5576080689270031,0.22714807761764044,-1.2906889224613862,0.12018077637939739,-0.8900232610492662
AUS,2003,0.15294917651255102,-0.5649182486887978,0.158999328323578,-1.2744130555866917,0.10504376102780455,-0.8831211696027436
AUS,2004,0.17297700805284466,-0.590871541597204,0.08458599811459533,-1.2877484691753986,0.10308607289180616,-0.9138220926686296
AUS,2005,0.16607712961376409,-0.6180469432459759,0.017964444076747466,-1.1924229128821209,-0.04372657437532412,-0.8557175267679241
AUS,2006,0.15936097770246638,-0.5637837097559216,0.05705312098152304,-1.1040226571794205,-0.020205736223657622,-0.7766153361129876
AUS,2007,0.12743987008098112,-0.5688548893817875,0.156727978790415,-1.1385184062276328,-0.07932246279750421,-0.7555894816595208
AUS,2008,0.18141894983324636,-0.771791832693956,0.13849222087406243,-1.203836181384704,-0.3951367638548767,-0.9142098066252421
AUS,2009,0.19233200130527783,-0.5675481019357065,0.22027779247209622,-0.9622251191112465,-0.24008412182150918,-0.6841842584918458
AUS,2010,0.1966160166138533,-0.59988762330533,0.06841060831877188,-0.9479316952675205,-0.28277982198982377,-0.7135192553782981
AUS,2011,0.17403604760781366,-0.6724961147739186,0.1186829599679784,-0.9769462952294561,-0.4609195000975965,-0.7289631693851845
AUS,2012,0.16354944434539476,-0.6862269917434504,0.09509088075127337,-0.9736424797610101,-0.49998670426711955,-0.7259368727324862
AUS,2013,0.14892704148926406,-0.6704869879652514,0.03658708615801998,-0.9228486781461607,-0.5340724589140755,-0.6822659106044509
AUS,2014,0.15492200999075556,-0.5506263388101587,0.11316618344257501,-0.8052009430362623,-0.40181344231066374,-0.5667646397347432
AUS,2015,0.1148983618566618,-0.40336491675657626,0.12666945045141675,-0.5917398042832765,-0.2702632242595723,-0.4234948987270201
AUS,2016,0.11015536499472767,-0.40652111442896577,0.1676937954263864,-0.616534630366895,-0.2736924527175021,-0.4242306808738283
AUS,2017,0.10508405878748628,-0.45896229026978297,0.09423636433714133,-0.6989861102501299,-0.3200747214027593,-0.4821901700328892
AUS,2018,0.11172978738142558,-0.5165443973103392,0.13131715923999754,-0.7510206397278469,-0.40884636102185135,-0.5112685230549371
AUS,2019,0.07600457649635306,-0.5690417061544166,0.07509490638487093,-0.8836504452415153,-0.4169567874203176,-0.5833804356230184
AUS,2020,0.041362965207990654,-0.6079227135221603,0.004078493465755395,-0.9160119492675403,-0.43559845818937776,-0.62430400817796
AUS,2021,0.03947689845555169,-0.6103545231950211,0.02952317043191821,-0.9725327143793554,-0.4882408707802916,-0.6050097009796969
AUS,2022,0.03837244200721901,-0.6293628835703016,0.0174186392241783,-0.9786818055812556,-0.46785153750836067,-0.6475730220855646
AUS,2023,0.005371768279157196,-0.5773911055178627,0.04269064090181418,-0.9469515901076002,-0.4049364779217634,-0.6011273607549694
AUS,2024,0.020917806968039687,-0.5216813983060217,0.08221866117368026,-0.9311381088034901,-0.34871838138633704,-0.5435572528422633
AUT,1970,NA,-0.4211371084014226,0.10045881518963995,-0.2144389087688734,-1.6918989712122716,-0.20819877344606796
AUT,1971,NA,-0.3674680998479163,0.11696929824156399,-0.16262040460401028,-1.552410549662353,-0.15459634761140895
AUT,1972,NA,-0.26277670717554646,0.02867723784654519,-0.05259982663901308,-1.2998397248088187,-0.05981485942014886
AUT,1973,NA,-0.11406488727403619,-0.09386560966513624,0.10292170435789294,-1.4126409009568492,0.08013829411405782
AUT,1974,NA,-0.03033832036005113,-0.1548522963036909,0.17168578516634203,-1.379643953241008,0.14832509779789427
AUT,1975,-0.07357073325220786,0.013699469816879084,-0.0186346530511301,0.21504339853496424,-1.283745219846169,0.19696696431462857
AUT,1976,-0.02936860821483056,0.3301171386657067,0.28824261236574866,0.5411921400040227,-1.3438499715825802,0.51770109248677
AUT,1977,-0.06973899857324539,0.330784801947378,0.34386840581266753,0.5270846347543703,-1.250356410698687,0.5065271313250965
AUT,1978,0.07187905627867941,0.30628709165086754,0.16193241147921977,0.5045355646065739,-1.1416144050462687,0.4831586544264854
AUT,1979,-0.048192492721795266,0.4207293517332993,0.10577854704783718,0.6283908179918991,-1.4429359214947715,0.605869162447032
AUT,1980,-0.06019609355983668,0.375938661820294,0.042033906333299065,0.591315624343731,-1.5825402302535316,0.5651651884489015
AUT,1981,-0.06072814338420374,0.4289457834043503,-0.05360746259298654,0.6367652186060189,-1.3620057025251016,0.6105627448036824
AUT,1982,-0.0569663078164141,0.5273132000499872,-0.21548115146876068,0.7459564364879804,-1.2329466262283626,0.711153096311118
AUT,1983,-0.05840576820245169,0.4429786538245444,-0.5377953342961321,0.6734458228258265,-1.2172412174322318,0.6265939406527005
AUT,1984,-0.10184340616188414,0.44203926096111945,-0.3395660223063075,0.6712179829636197,-1.3160102095917412,0.6270733682458446
AUT,1985,-0.010274029502415072,0.6376205522368602,-0.381102189468983,0.8617944258983109,-0.9008926443298186,0.8001818974276704
AUT,1986,-0.015772911089627528,0.4806711367090941,-0.48111553645447636,0.7740244886793666,-1.3529650940556137,0.6897912649968885
AUT,1987,-0.04389214074029524,0.4351561264897251,-0.29892988651113406,0.7292035957543846,-1.2769050548727314,0.6572390020146518
AUT,1988,-0.04493905554194133,0.3154497512903086,-0.2796065721080163,0.6322033148744457,-1.3886634260856638,0.5519087185790088
AUT,1989,0.02149629565147637,0.312916670477573,-0.2976056658955688,0.6251896244059306,-0.8540496663283363,0.5308514240659246
AUT,1990,0.01946148128783609,0.2622886157557808,-0.09694598711344682,0.536156556117309,-0.780502305906948,0.4696786312777741
AUT,1991,0.009311823811923636,0.20819092858066268,-0.2776261240211113,0.49990712782657953,-0.653921594428855,0.40936137383680793
AUT,1992,0.001912327592129337,0.1632939304437777,-0.3737793744917206,0.45361100795757625,-0.7428572804608953,0.35943689085036024
AUT,1993,0.031510438505215954,0.04169702416065835,-0.6462532839721717,0.3493380188232076,-0.7083122788160865,0.22607416603622243
AUT,1994,-0.0022888345399288967,0.034699112963272105,-0.498693059615019,0.34942197364166905,-0.7506824566925152,0.23325796186203362
AUT,1995,-0.023311313269709033,-0.033849691372886404,-0.6182316298013646,0.2787407106668194,-0.7883201059525016,0.15842901962286893
AUT,1996,-0.039870496821969414,-0.10497183762900159,-0.6954938782973326,0.206710958441084,-0.8423662454887832,0.07966185356919675
AUT,1997,-0.1597018596685762,0.003983088779762833,-0.22976181503431636,0.29650124107386056,-0.6114290657664361,0.18373262119100875
AUT,1999,-0.3509012439895768,0.09239128639686688,0.028324051931172267,0.4275275470947933,-0.6400868225101297,0.2730014603000731
AUT,2000,-0.5099311202045317,0.24523539066602598,0.43168247799275505,0.5381562996457708,-0.5067628140603657,0.4372557236082091
AUT,2001,-0.44613290782830306,0.21945868072957272,0.1193965470145597,0.5671553865800657,-0.5118279717935263,0.4228711434323814
AUT,2002,-0.33307741747645037,0.31968263517550527,0.1413449175195436,0.6245707604351123,-0.25955727947206375,0.4982717889973668
AUT,2003,-0.26943935550331477,0.29669868518918374,0.14488968443776984,0.6421940106438957,-0.3138218219270532,0.502457342378509
AUT,2004,-0.23597846781449394,0.33164694651796683,0.13864535169165992,0.6725237382160005,-0.2476494827986282,0.5292336573438122
AUT,2005,-0.13942372445022755,0.4317927943361066,0.0990973507207924,0.658710430520064,0.36392204813975004,0.5072009369025133
AUT,2006,-0.1266096159114688,0.5126611235498348,0.14999402827518105,0.7230689200433023,0.5043055388483152,0.5685123063332042
AUT,2007,-0.0906156188225411,0.513144328466638,0.07917254907924409,0.6878265637457769,0.6082848560886007,0.5299070799556699
AUT,2008,-0.22872016881238355,0.5494024453790362,-0.037570080992714416,0.6974256680490691,0.6047262097028545,0.5741662895993087
AUT,2009,-0.1811262612362473,0.47015950615015867,-0.03900763806054974,0.6525600796117043,0.5243151702462275,0.5016268522585055
AUT,2010,-0.17047574269651267,0.4312741593899251,0.059774528535507576,0.61760297005664,0.4670828385683504,0.47170143158106037
AUT,2011,-0.22823096386059205,0.43854017246872123,-0.0151070049231119,0.6080805043150369,0.49449944774825383,0.4655323188761727
AUT,2012,-0.2111214493620368,0.425182350717939,0.019462366992176072,0.5986480601225208,0.5087280726565099,0.44135585771769514
AUT,2013,-0.22530846483839462,0.4146843774513048,-0.046370996224469385,0.609360716467749,0.5181599298148801,0.4202327927237314
AUT,2014,-0.2345737762693666,0.325892345274178,-0.12020297530340907,0.49812464928794653,0.4767018054791027,0.30869418295577805
AUT,2015,-0.271171943256325,0.35519273553981334,-0.08799624540821238,0.47737525158777683,0.5720184354368927,0.291553358075132
AUT,2016,-0.1903533766918203,0.2366088777127947,-0.048859022675960206,0.3599154842893334,0.4180639301671086,0.19447230475519808
AUT,2017,-0.24993265953536226,0.25917191168725073,-0.004702888183842235,0.3734089792040746,0.46769328019071,0.1998527028411357
AUT,2018,-0.23054392981717098,0.09593697730417694,-0.09793847349869145,0.24573681494630173,0.2295532772353756,0.08812255867233115
AUT,2019,-0.27557083172047925,-0.0305342732753916,-0.14003781358263068,0.13638604375552504,0.06173161114707332,-0.015662816794063783
AUT,2020,-0.3691678140622523,-0.06167127207112366,-0.16546300487989862,0.11416400506174906,0.03876917900790894,-0.04490695205220219
AUT,2021,-0.31356604137551136,-0.0722365918496558,-0.13392364737010398,0.09217848720606,0.04479213893901596,-0.06464116057834818
AUT,2022,-0.3335063044011939,-0.02991936216204194,-0.07277717267137962,0.06320716301483813,0.1484342950273057,-0.056983446303730034
AUT,2023,-0.35116047436120335,-0.02657529631853761,-0.10088809310165336,0.10409969408945778,0.12123925484564535,-0.038003046447486144
AUT,2024,-0.35981234427989317,-0.015642390620772106,-0.1392468759125608,0.11882064587310834,0.17163485401059536,-0.04451674520802201
BEL,1970,NA,0.7376217608147793,0.45656671199275056,0.9187855439012484,0.43087837956183606,0.872320817732442
BEL,1971,NA,0.8090515661273922,0.4536155322289668,0.9997523695018313,0.4551999112244718,0.950349379033091
BEL,1972,NA,0.8221105425151172,0.39658330913155826,1.0264153391380504,0.4616125466403589,0.9725838715867616
BEL,1973,NA,0.8896304189135559,0.6507491478131451,1.064997115026862,0.3793634947010496,1.0310893117869986
BEL,1974,NA,1.0998562805849788,1.0352237480191975,1.2413749236681249,0.5511314178227442,1.2232511282371186
BEL,1975,-0.0023662337949045265,0.9622927622410034,0.8924125291652985,1.1144454645982398,0.36818482281051823,1.096902329058275
BEL,1976,0.02185332525911099,0.9853834970896703,1.2684855209623813,1.1198694992250924,0.38158754342909385,1.11172593705258
BEL,1977,-0.042186211093711345,1.0163568693196154,1.62763882763233,1.1339890376067219,0.3975522930004649,1.1363393757657092
BEL,1978,-0.08308770291915202,1.004240875936059,1.6129636200437156,1.1235649900867068,0.4805339463652998,1.128542871913095
BEL,1979,-0.07971388000634605,1.061919200270693,1.7580502061892198,1.1732807201597504,0.5583653699429214,1.1820790088416293
BEL,1980,-0.14531320831675065,1.1028376856490063,1.7021114162220874,1.23765303511281,0.42200467930226937,1.2412824865954644
BEL,1981,-0.21601677581314604,1.2944163056615028,2.0203948038467403,1.425471671138457,0.5496079385309258,1.433151353439337
BEL,1982,-0.14101583217470537,1.4476325752094432,1.7371419394281173,1.6103068211685783,0.608489919572373,1.5965287202193854
BEL,1983,-0.1658687831011212,1.4293470718964354,1.823905833414504,1.5870090704207633,0.6866584814725893,1.5746742788954262
BEL,1984,-0.13703803312357155,1.4588302329949094,1.7695708410888815,1.6239301198052436,0.6233643687673114,1.6080912745440574
BEL,1985,-0.13983499707741043,1.5531043437592498,1.8083504556009187,1.699527254601556,0.8479502941548835,1.675777076375094
BEL,1986,-0.12698296549464794,1.4836561817879863,1.7768380151297762,1.6711415933524458,0.8209170154005538,1.6355924674059084
BEL,1987,-0.13367145420065607,1.4849909207669179,1.692303989940874,1.681024862017122,1.0799256898010579,1.646838821528928
BEL,1988,-0.14279940462176066,1.4618156383289933,1.888734951453019,1.6413939560080721,1.172697259523484,1.6207029724298023
BEL,1989,-0.15968367280748275,1.50545954811055,1.8759121078364422,1.670847340893399,1.3209144817636336,1.6471690817814046
BEL,1990,-0.22090896640409463,1.4935260259612646,2.025216222326148,1.6401276314968716,1.1809260483815105,1.6401542905420436
BEL,1991,-0.22497912568218537,1.4934998314106955,1.9577157718853428,1.6537694907308613,1.1844122235626027,1.6382491875987402
BEL,1992,-0.2541608683155695,1.4453808561452384,1.9820073214341518,1.5771471099147627,1.1941028496052215,1.5701778874104806
BEL,1993,-0.2874045610455316,1.390696536418075,1.9780858756121702,1.5048909951918503,1.1915768250967695,1.5082499215803467
BEL,1994,-0.27421989464402263,1.3695988486822155,1.8323681272172472,1.5260200546684266,1.089174548272988,1.5074428710850443
BEL,1995,-0.23563439624008298,1.2428984911636212,1.5836978646746285,1.408286025736389,0.9583816791782303,1.3761068233058928
BEL,1996,-0.19497471779783915,1.1939084955506118,1.439293517168881,1.3509789588620507,0.9850385006616591,1.3090015069088334
BEL,1997,-0.14901595781429267,1.2282679966194827,1.3199209960486968,1.407294977492596,1.0440736441701601,1.3425183410631427
BEL,1998,-0.0814903405321401,1.2297643966876675,1.3754235679539675,1.3810634004011921,1.182330553171123,1.3138404738052436
BEL,1999,-0.16450544766763475,1.19753584880182,1.3170607831789258,1.3409047182285652,1.1874022532013022,1.2546545525427364
BEL,2000,-0.13120801552946237,1.1685517468038022,1.315185153809027,1.2648529440340235,1.2286814840486735,1.196712504269525
BEL,2001,-0.11769690194385174,1.1246331438253765,1.195380410109896,1.2586106852148338,1.1037631075284606,1.1780279241153888
BEL,2002,-0.175102189292487,1.161167715232138,1.1983341028174788,1.2764130612961255,1.1720001657560681,1.2028737034756358
BEL,2003,-0.1763717383053126,1.148715024466318,1.1466567323671613,1.296814594722862,1.1712144274946228,1.2052340034388842
BEL,2004,-0.10216463363561934,1.1369829857002702,1.0707195755453043,1.296660061939914,1.1593027501858348,1.1951328229775033
BEL,2005,-0.1072701777379631,1.1065198598503163,1.0613217394444547,1.2583081346687959,1.103456473114365,1.16174253067935
BEL,2006,-0.08109564919940626,1.0692049653045546,0.9846554921784678,1.2045081964589222,1.1220162257635764,1.1046740025536497
BEL,2007,-0.15744410544665033,1.0949737036765392,1.017710761078856,1.2368166726749563,1.1205587200344802,1.1370035833201644
BEL,2008,-0.2554704852813686,1.2426974777673947,1.2236769813028825,1.2118156510207745,1.5098502052277656,1.166701680836574
BEL,2009,-0.22982488968282688,1.1520961372060299,1.0112954620757715,1.1287342998074028,1.4566980761194173,1.0504351262275973
BEL,2010,-0.20716144242039247,1.1195722653511795,0.9377523113075498,1.0616171726996104,1.4745779968658963,0.9793526559832602
BEL,2011,-0.19430541542917634,1.1340787274968789,0.8637071053337126,1.062309204011108,1.4972734242969392,0.9734946136893413
BEL,2012,-0.1881728882527871,1.0881876960265409,0.9039524651658637,0.9860207213177506,1.481891041201166,0.9025610108704701
BEL,2013,-0.1878692659736806,1.0145671072776246,0.8638620739829892,0.8746564930863112,1.444436986981986,0.7994850720300358
BEL,2014,-0.16346978215215202,0.9614918827155908,0.8263327382522443,0.8129947387274639,1.4051139956472647,0.7447880047947157
BEL,2015,-0.17499882748873208,1.045257057850197,0.8600379403040948,0.8412756759420149,1.5505089054764292,0.776910902965329
BEL,2016,-0.24541582874962653,1.0317646948384167,0.9165984450716353,0.8312022936632055,1.5242690792714493,0.7788000566849573
BEL,2017,-0.27386114468381884,0.9868164878843196,0.9075203711834271,0.7780618085700691,1.4708963820105079,0.7371347410605741
BEL,2018,-0.2593362138138343,0.7669552370014996,0.7672512604647571,0.5947701253905943,1.1946541700982038,0.5654651519342455
BEL,2019,NA,0.6673600376668004,0.6791358931811976,0.49112609161745996,1.1041992130125555,0.4688942820565873
BEL,2020,NA,0.621484676344384,0.6508355980400752,0.4725935782222403,1.057147946026697,0.44683454267094946
BEL,2021,NA,0.5967861589596642,0.6260185392004555,0.4444027195611305,1.034702126619352,0.42184451627242847
BEL,2022,NA,0.5989576177492443,0.6524751020074278,0.4195729875849585,1.0201545899063018,0.4136421071016202
BEL,2023,NA,0.5725374777099351,0.6367590590621687,0.4652535101124838,0.9282591147074075,0.4408318851415672
BEL,2024,NA,0.5488376768308504,0.5832801656308453,0.5130008044344408,0.8555855782889652,0.4552026780798977
CAN,1970,NA,0.4442309634251045,1.2376038893683505,0.2923439983813083,1.004218694103487,0.3787446527732423
CAN,1971,NA,0.3418981986812739,1.0611530712869106,0.20203976946473934,0.8496011985570933,0.2851353678978641
CAN,1972,NA,0.3297629944995919,0.947342865694988,0.21799198621340277,0.9194709459803527,0.28922847513564065
CAN,1973,NA,0.3928860623783921,0.7663237221971335,0.32114697956051974,0.8801154898291581,0.34806335097002705
CAN,1974,NA,0.2996233956779497,0.40847201011754297,0.20731408004356577,0.7960489503835477,0.2120792145300856
CAN,1975,NA,0.2888599059177135,0.5573600715173885,0.1732265504099344,0.8204236758440597,0.1933435367162708
CAN,1976,NA,0.14231868062113118,0.7059930885127699,0.031522404003055504,0.6383284384545713,0.054744496677346044
CAN,1977,0.10452585047028407,0.13625742073240343,0.817095825946546,0.02224751623406407,0.645630250121616,0.04065408397684078
CAN,1978,0.07891149570110412,0.12582454235117924,0.7526915502048475,0.02278975246265258,0.7386194083064455,0.04021060149381084
CAN,1979,0.10048863915887529,0.14862094219164157,0.9723834219819532,-0.004519357871610952,0.8645430006115444,0.026148634203242205
CAN,1980,0.12506905515891498,0.24720205605548684,0.9244059395866566,0.10447252943490581,0.9893792575820495,0.12756843789136973
CAN,1981,NA,0.2168568783126692,0.7555249237697712,0.061362854438930636,1.0057818938730732,0.07383551764249496
CAN,1982,0.10169628148967136,0.27379328092417143,0.8329101563263599,0.1371861645275132,1.0592378945637777,0.1471638492222107
CAN,1983,0.09894463844506296,0.13424664608072168,0.7286431946658745,-0.07118180739398405,1.0641134833307309,-0.05054541385117606
CAN,1984,0.09132507107851728,0.0881202985115721,0.7188370156792674,-0.13925404214976878,1.0271761032859796,-0.11365635692331799
CAN,1985,0.07542781946509236,-0.03520550588407323,0.7093447460034148,-0.30995098383416386,0.8882251120052111,-0.2618794396507931
CAN,1986,0.07012049765608452,0.025980904373086533,0.913212956273322,-0.19853125834272967,0.7736905928777857,-0.1289428309977365
CAN,1987,0.07174154881426675,-0.02137286942970229,0.9755305357535269,-0.3650121456157802,1.143879820883808,-0.2513295077491975
CAN,1988,0.05972685356266472,-0.05732834395408648,1.040619585658661,-0.49341841477553183,1.0872917323751585,-0.3144574848667929
CAN,1989,0.05835160873413092,-0.15693464717775574,0.8411855025091417,-0.6292965392719141,0.954008253361011,-0.4244923180792115
CAN,1990,0.07409885951574458,-0.0461213756660257,0.8264334341557107,-0.5898025755820366,1.1160731910281076,-0.42278383428174293
CAN,1991,0.06416503655376482,0.050503837837427734,0.9857456740851416,-0.6139458228995978,1.171568002816474,-0.3746501487620575
CAN,1992,0.06592382576642064,0.10474239043709332,1.1726537824806642,-0.5529728823802567,1.1321163517395052,-0.27946096129841025
CAN,1993,0.06026163541878049,0.08829547039169539,1.1656030049367545,-0.6447834849874068,1.1018674157202508,-0.28103359200523703
CAN,1994,0.04864513468005649,0.10196220475931539,1.1581383827899452,-0.5379200534099076,1.0180165668517374,-0.21348270258416913
CAN,1995,0.04822290019984965,0.20596131356488973,1.1759141065851584,-0.4877673462997094,1.146521000562436,-0.15543846960256436
CAN,1996,0.05140298541676369,0.2746119636930042,1.2230749944553492,-0.5066487470910632,1.249158566316138,-0.1168346687879519
CAN,1997,0.06121843383543646,0.33780542279090214,1.1321710889096062,-0.5030327267369492,1.3093522440974472,-0.09367759241259233
CAN,1998,0.07574479750516194,0.35105671020398677,0.9839622721763623,-0.5485527004673436,1.309747707257936,-0.12633403874658033
CAN,1999,0.10794951569540889,0.3184532013148057,0.9831640512503224,-0.75763877912684,1.2552166394370379,-0.1405107583017453
CAN,2000,0.01421876957540924,0.17057216094478864,0.8245370969873973,-0.9227065092232155,1.0335242213059421,-0.30281807428419105
CAN,2001,-0.01008334883340456,0.06627458170667429,0.7959980548209298,-0.9377697959782518,0.8135549286266074,-0.3389397306896227
CAN,2002,0.10853922778242964,-0.08058403641384107,0.7803489113246287,-1.0525353869482328,0.6739474147792388,-0.4902617432696078
CAN,2003,0.05235137086169939,-0.09554247428586639,0.7433003761963455,-1.1161220581917664,0.6547955285397844,-0.4969358335481514
CAN,2004,0.07469636944069846,-0.09187225724450174,0.6671332789051869,-1.1479048514509496,0.718677975450996,-0.5395721275672603
CAN,2005,0.10487546502897016,-0.11804220870917423,0.5753494665520162,-1.1123398493227017,0.6392361910241191,-0.525026303645956
CAN,2006,0.07170131752517916,-0.21713035315114457,0.5112585544673968,-1.13981884772918,0.4762963558341132,-0.5549325255545215
CAN,2007,0.08656765190797189,-0.2091420646973533,0.5426560663379342,-1.0932062891619574,0.4454939139686903,-0.5286178637444926
CAN,2008,0.11717790377154869,-0.39834833165287764,0.5550361028947337,-1.0651371752735814,0.13365971047855485,-0.6587473350414513
CAN,2009,0.13551882790748948,-0.22723444694227424,0.5719059106955451,-0.9152520344014645,0.2965290609695354,-0.5002673461477277
CAN,2010,0.15493220045880185,-0.24504508970287114,0.5297111578006897,-0.9255131646341666,0.24115390523926566,-0.4923725611219424
CAN,2011,0.1521541539016832,-0.28705725862740306,0.6197939436949944,-0.8755133331568827,0.07991254138168014,-0.45059580135288896
CAN,2012,0.1274137703520103,-0.2950994014193566,0.6095410635048312,-0.8647998719192223,0.033939459114366355,-0.42955238891637104
CAN,2013,0.09859278783548864,-0.19559370099439866,0.6137145047241042,-0.8496358297136892,0.17103722243237202,-0.35777648514407207
CAN,2014,0.10689048831992654,-0.07922581358263148,0.6968369965273212,-0.6914778985806015,0.2654048507329669,-0.21713489327162694
CAN,2015,0.0023825686817028346,0.07955809873556186,0.7482335130976765,-0.5109303327350407,0.45423373338120066,-0.08354386289929577
CAN,2016,0.03621859754213974,0.18619341218706031,0.839229595322084,-0.387705461298121,0.5696657769082593,0.02004155529846169
CAN,2017,0.009908875427308006,0.23126801345312398,0.8462378473319757,-0.34146470313180033,0.589615557093037,0.07949470238025902
CAN,2018,0.018456026660007785,0.13496987142289096,0.8060223394472015,-0.3095189380258556,0.41069346234327475,0.04525073062826407
CAN,2019,0.017747198827417487,0.1687855349109303,0.6380291135995884,-0.330718965021001,0.6002353891033436,-0.025304753186821016
CAN,2020,-0.045993203590459,0.18986433072199627,0.686116809349124,-0.3511259545570077,0.6416111380552516,0.0031324468922520055
CAN,2021,-0.0041164255490533375,0.21787150694649016,0.6584724656186164,-0.3384713636028192,0.6783987958262647,0.026105043323274568
CAN,2022,-0.004320235888975454,0.14595960429907684,0.5577411663946588,-0.25639759410272844,0.5405442267122172,-0.01868660573313713
CAN,2023,-0.03718254514004993,0.27892264608907646,0.6603115890650579,-0.14820215262129072,0.6983628280457737,0.10138702631152213
CAN,2024,0.006608838281681129,0.33106695671253383,0.6812604841405753,-0.10895370070712185,0.7650716431920892,0.15336864007223222
DNK,1970,NA,-0.3005646818958969,-1.142095699793507,-0.24403626600051798,0.08582149824960839,-0.3069035699417082
DNK,1971,NA,-0.27901907890620947,-1.1555952666916642,-0.3350179658036274,0.37098678344094127,-0.3955348044477718
DNK,1972,NA,-0.21818190906407686,-1.1863687361483173,-0.3654495042913184,0.7445760866764521,-0.42732327462121256
DNK,1973,NA,-0.15120340311935787,-0.9362346658169711,-0.27786622682319306,0.6466801196821819,-0.32179902588271436
DNK,1974,NA,0.0759070363704244,-0.6461333989893632,-0.03967640754865176,0.7247140137646686,-0.07310823819069423
DNK,1975,0.0863084025939056,-0.13194539365964597,-0.9220848826844623,-0.2543011211222117,0.54346232046196,-0.2885454246926136
DNK,1976,0.13214089345080526,-0.09947705606127788,-0.6700915046306717,-0.22219301560488902,0.5568501818610603,-0.2512429405999792
DNK,1977,0.08922568829548527,-0.08003512326626039,-0.5102419298828726,-0.1942072334123357,0.5390214117032075,-0.21774744463004603
DNK,1978,0.06311573027166939,-0.14494658133876648,-0.7052162073977541,-0.21225539020023887,0.4849430496784364,-0.23650876075198668
DNK,1979,0.08327016620416672,-0.19980256707103727,-0.7391544020249556,-0.2871120808107601,0.47984348324589776,-0.3084863907561928
DNK,1980,0.10444839936378458,-0.2314256188459931,-0.7262873984161233,-0.3637767894485322,0.5964766483194421,-0.3863983224236085
DNK,1981,0.10369698136285566,-0.18756968730995704,-0.7219089175360711,-0.29933061320359644,0.5790910961237703,-0.32149545041852945
DNK,1982,0.10061561484363202,-0.14264116873494959,-1.0903040207202803,-0.13039596925968944,0.3175087712471436,-0.1651827926284135
DNK,1983,0.10543716089730482,-0.15016853894309956,-1.0779947524953766,-0.11278782138393728,0.2598569646706803,-0.1566347423994201
DNK,1984,0.07807222384163137,-0.08751789842639313,-0.5406311635311711,-0.04205615138223062,0.22417222115598356,-0.0774232738101257
DNK,1985,0.06132021097651774,0.14594237217792672,-0.10560006116452936,0.22989400500937873,0.17129686741816386,0.18799764575596445
DNK,1986,-0.017726897612598713,0.049842456101705124,0.5785750970456647,0.1310550431071833,0.032850911559196394,0.12121530559999316
DNK,1987,-1.3341343302286646e-4,0.08154586836623223,0.36024262301398746,0.1989309208229313,0.2574198587429821,0.17398700273325685
DNK,1988,0.0019486515897597645,0.19931604166412087,0.4498532776097508,0.32529146961769095,0.36542892225190515,0.29481068739225036
DNK,1989,0.017420161559716707,0.3502009057429113,0.40599295422633475,0.45142819552536984,0.670322569616947,0.40514288484800476
DNK,1990,0.027502541904676936,0.48737253690144605,0.4153993089450574,0.6092355754186597,0.6190490751226014,0.5639816958754172
DNK,1991,0.015274025367332467,0.4689140448153408,0.5505522879771654,0.5685613370939435,0.6532130580872713,0.5224737014065173
DNK,1992,-0.006244432963747992,0.3828057416666468,0.48753484705745365,0.461185517563946,0.5804342594597856,0.41635849253625046
DNK,1993,-0.005915840646968595,0.36424682771548783,0.3954575911790035,0.49121880604836743,0.45580421665270987,0.42518967089104853
DNK,1994,-0.008882606822720795,0.21919323570642574,0.3496939093515743,0.27428198562379236,0.5100975028450156,0.22730682736234675
DNK,1995,-0.008563957551860457,0.09336410963154196,0.254196882409095,0.10574299400870402,0.44664813953595384,0.07014692964159153
DNK,1996,-0.03571221525989532,0.12920198744854333,0.4519823918365464,0.14791963714300316,0.37869702778469017,0.1367030581691705
DNK,1997,-0.04151727031097652,0.18380425012224694,0.6392421578898326,0.1937657911795443,0.33554481050990304,0.2177612696471889
DNK,1998,-0.08137691079387332,0.24454884043726907,0.6965371840837613,0.2715423727759887,0.32861272412291953,0.29320463765333815
DNK,1999,-0.1333476535964555,0.2229253271784134,0.7749851452465295,0.09374341563587008,0.467531152718101,0.20301706211408113
DNK,2000,-0.10235960934217658,0.3520172112217322,0.89076456959268,0.132785116182214,0.6931595160983691,0.2704866119257321
DNK,2001,-0.13324461281499844,0.2754626472628492,0.7253527894145335,0.07110067955404398,0.624436356357598,0.17521161753134767
DNK,2002,-0.07504114839669773,0.24107902629079286,0.490018991242275,0.13347054797830177,0.5903604746730724,0.1405751829983818
DNK,2003,-0.04023094496658319,0.2140523789539694,0.48779681737541525,0.20306059480546246,0.4284493459155658,0.19520513754301277
DNK,2004,-0.05244241282852258,0.23709344203445637,0.4847667300896925,0.22503372635836807,0.46742256858261233,0.21562629454504217
DNK,2005,NA,0.24847668971806658,0.5973926090890314,0.2183870946668597,0.39427392474463563,0.2501336268394361
DNK,2006,NA,0.22585504563560443,0.7186803932507332,0.16692908550070099,0.29330014986750697,0.25619505525257164
DNK,2007,NA,0.2505196055354135,0.7097213417330275,0.2357733643841763,0.26263987220267104,0.29717150239174606
DNK,2008,NA,0.2591136713286126,0.592457361060885,0.2651444444002138,0.34388690011215717,0.27166138942150525
DNK,2009,NA,0.20802598905278924,0.598135361355677,0.21338080319035682,0.27328563620673574,0.23459096177411637
DNK,2010,NA,0.27904140593696414,0.692005701268528,0.2970199653679636,0.2968460448124333,0.3272804399329845
DNK,2011,NA,0.2896079521869084,0.7613907526289772,0.2619984699047485,0.34833624603844987,0.3152806176699304
DNK,2012,NA,0.32245829782213853,0.8622031884244715,0.3104325346795178,0.32709084294198887,0.37605500566531247
DNK,2013,NA,0.35345443675345445,0.868868560746261,0.3516444721011307,0.3193983600292258,0.4228347700348196
DNK,2014,NA,0.34572623543100156,0.866566135984651,0.3285932601723357,0.3082924531574106,0.41582891517526016
DNK,2015,NA,0.42506317955326256,0.9111144957159538,0.3170010661940531,0.4916084096357135,0.43584330951093797
DNK,2016,NA,0.44504145831664754,0.945717837137371,0.3403289946741832,0.5083977667656968,0.45931733917462536
DNK,2017,NA,0.47796710549561416,0.9645160178712981,0.38338781882572526,0.5026843571497859,0.5064151639870322
DNK,2018,NA,0.35463765068354625,0.9616455729540939,0.17918713786010204,0.4336522140416338,0.37382132214913216
DNK,2019,NA,0.27317896215091386,0.8701694770970964,0.13053043770183947,0.28288521818759205,0.32438850255661594
DNK,2020,NA,0.28284121242883775,0.8448872325247816,0.14748859621441773,0.3107780165184854,0.3297401360197767
DNK,2021,NA,0.29061943063851114,0.8600011078944656,0.09608328915271333,0.32350548295397175,0.33318361350682024
DNK,2022,NA,0.26425142694956605,0.8435231327931287,0.017926098599974568,0.39573998627740975,0.26127436086186595
DNK,2023,NA,0.326498577862374,0.910490667822063,0.07808426680001665,0.42168660993837825,0.3398996502312977
DNK,2024,NA,0.35374416507972584,0.9267880474731514,0.0861272369217059,0.42952369412350344,0.3756926508390673
FIN,1970,NA,-0.1998848859501834,NA,0.08701805840493781,-1.1204630416732044,-0.006591521393286115
FIN,1971,NA,-0.31710015637755307,NA,-0.056008110958932544,-0.8680723199466875,-0.15255595505709052
FIN,1972,NA,-0.19794736175258887,NA,0.046760465612500024,-0.4989522696471731,-0.054215855568206406
FIN,1973,NA,-0.23632781643648015,NA,-0.022020876527202304,-0.6675232203769088,-0.1030735333964834
FIN,1974,NA,-0.25867759063740015,NA,-0.07100992263519812,-0.797798626673798,-0.13627857169562185
FIN,1975,NA,-0.14593858549505145,NA,0.04557088270472498,-0.6643983109977989,-0.019117106464657585
FIN,1976,NA,-0.13353166329234756,NA,0.04211983367945882,-0.6771533248055404,-0.013168582122471184
FIN,1977,NA,-0.20549254788187543,-2.076704695297657,-0.05374272339675401,-0.7307817726052099,-0.0946475364872732
FIN,1978,NA,-0.33765330922887915,-1.718026725106239,-0.18710338919034952,-0.760545355397594,-0.22288903721425513
FIN,1979,NA,-0.478158305179488,-1.9075887112843892,-0.34212876353140254,-0.8117747094663859,-0.3748692239770006
FIN,1980,NA,-0.48682530672350244,-2.005371895655413,-0.33804872210430426,-0.849035829424543,-0.37585393662610267
FIN,1981,NA,-0.47675365905352063,-2.0159688722557103,-0.30324807005408894,-1.2229977664705118,-0.3379217139790971
FIN,1982,0.10691705419594544,-0.35744161728339496,-1.9614134016286133,-0.18298002924508072,-0.968122763389136,-0.223825254391671
FIN,1983,0.10932102305899949,-0.3415725882731635,-2.0854715451868806,-0.1573960785572741,-0.8962132261242113,-0.2097839630021725
FIN,1984,0.1163595139811775,-0.34982232339879427,-1.9467361067933533,-0.21267401297374877,-0.48661734446547156,-0.2636266208513629
FIN,1985,0.09663045028121187,-0.37883770206777645,-2.3025051753328194,-0.26183144220884014,-0.3907333938751405,-0.33087738539630385
FIN,1986,0.10796738946646678,-0.381761997172983,-2.4735063264377493,-0.19001873406740644,-0.5538595940415707,-0.2853668202784776
FIN,1987,0.11374496639735099,-0.4148686524028019,-2.5061021773302805,-0.298044958479452,0.07595420800826558,-0.3847101895676066
FIN,1988,0.11545413122649995,-0.48410310459808936,-2.5109630918489545,-0.3816166130273262,0.0858817363241271,-0.4818782147330274
FIN,1989,0.1143371139179894,-0.5233440735306529,-2.4996032154160903,-0.46000589058167085,0.17153051156481736,-0.5782022236378406
FIN,1990,0.13113737546880455,-0.5160056073404751,-2.71392508104777,-0.5747315289779087,0.3218268026502371,-0.6719426191867179
FIN,1991,0.14054909961134554,-0.38818222741681996,-3.5023917577555563,-0.4087100565523012,0.35219690739951925,-0.5359517101604601
FIN,1992,0.16101890773058114,-0.24741943886786177,-3.4807127594589997,-0.2380840003757969,0.3804134614594328,-0.367017964678644
FIN,1993,0.15611955839939196,-0.15809223430356112,-2.384550341495117,-0.14241651996339288,0.5083547963700104,-0.29486439945445697
FIN,1994,0.15568653872096794,-0.2567755350427382,-2.295647458427729,-0.27142074105283287,0.43742629624281193,-0.4207605941368483
FIN,1995,0.12659081464073585,-0.4240959719718529,-2.110944338209347,-0.46531419545160224,0.28054009154563175,-0.6112080624289609
FIN,1996,0.10082663889699806,-0.3161305294566767,-1.532403853285396,-0.3249641965585144,0.31935661417165795,-0.4659089202406663
FIN,1997,0.06284282149822462,-0.2800057440417077,-0.9829478194996404,-0.32474400213966015,0.35771726343970056,-0.4486029068677895
FIN,1998,-0.023988458476530305,-0.24932711044151035,-0.8499083249351793,-0.35366247031173836,0.4548309287842689,-0.4901981152780144
FIN,2005,NA,0.2299687684404752,0.5400700354933874,0.1629108894651775,0.4641920901770351,0.19414996103397078
FIN,2006,NA,0.26305929190746735,0.6692160276166789,0.22193300753659956,0.37036902249477544,0.2788988153849945
FIN,2007,NA,0.21272812303964206,0.6840184718365182,0.13855243266095293,0.3278148637016026,0.22178877449788661
FIN,2008,NA,0.20222949431813608,0.5133084244303827,0.13794396277032256,0.41817974554439885,0.15357507217459704
FIN,2009,NA,0.29167612666239506,0.7307219658616771,0.2963153346669019,0.3307813287547534,0.3296645452169201
FIN,2010,NA,0.4243686161730682,0.9148283149843974,0.44530117878135167,0.38607818582541487,0.4957040447794824
FIN,2011,NA,0.4775085564322189,0.856152575732679,0.6169542736951598,0.273204460067807,0.6079334936018133
FIN,2012,NA,0.5283865452700989,0.9540429700333711,0.6709528668030866,0.3193901101350361,0.6645282905594685
FIN,2013,NA,0.4546486602804757,0.8868940698040861,0.5894139040944605,0.2343111980933556,0.5928862992618797
FIN,2014,NA,0.39789350182703065,0.8784598146347293,0.5382765319157319,0.08716358589866735,0.5601344015012297
FIN,2015,NA,0.49390563997140957,0.9484022197975487,0.5871373033681465,0.22583469225230807,0.6231571361888045
FIN,2016,NA,0.42332117181156903,0.9465398187525403,0.4446965459139365,0.25341454717701845,0.5247256484463861
FIN,2017,NA,0.3851294081934967,0.926596682629373,0.3234599559469886,0.3007872155298429,0.4557035834836207
FIN,2018,NA,0.40821257621272533,0.8929514970602705,0.5155440871952656,0.15944753181391808,0.5519582456985561
FIN,2019,NA,0.28817544352348057,0.7816897662449479,0.38116607790737933,0.025496615589509164,0.43366516932261717
FIN,2020,NA,0.2320831820486149,0.7208061500794856,0.29643058791354726,0.015123149141968106,0.36125208627013516
FIN,2021,NA,0.22952815368481294,0.7530791005946629,0.2229934716564182,0.04509362751156054,0.345774039686534
FIN,2022,NA,0.3250857243646227,0.8772141321839007,0.3481152806894102,0.11539632271706085,0.456099779857534
FIN,2023,NA,0.3325562421966378,0.8961189621634778,0.34039200714920365,0.08610452351383951,0.46935703460067374
FIN,2024,NA,0.2968954561362954,0.9409695310257438,0.1665332926551616,0.07883209490551135,0.420464852676599
FRA,1970,NA,-0.1799988537362729,0.737761670087667,-0.8746975290814984,0.9995169472119398,-0.6430724164199311
FRA,1971,NA,-0.14760061711337524,0.743167142604511,-0.7392453580580538,0.9022513340346685,-0.5231538697771947
FRA,1972,NA,-0.12914771288204574,0.7325082779654024,-0.6674705780808754,1.0054342594515102,-0.4554687021769197
FRA,1973,NA,-0.14612720217249464,0.5013860270750463,-0.4135729646783175,0.6721078362928186,-0.32709558257575133
FRA,1974,NA,-0.20534377997826625,0.3925304067059914,-0.4156812898266926,0.4470559526776885,-0.35597483932244556
FRA,1975,-0.003439945286920487,-0.1620068267904331,0.5057934886567228,-0.35323672169378284,0.43763828386871273,-0.2848790024830996
FRA,1976,-0.014783050510499884,-0.019699449460994556,0.8954717221306563,-0.15466424890856723,0.4487285223216335,-0.09759310474787908
FRA,1977,-0.050009525619500006,0.16911748547557326,1.0217364549426442,0.14583596038563562,0.3459289365967675,0.16939999331128508
FRA,1978,-0.03191732303764294,0.18265607261881844,0.8214992530808587,0.21211419540219745,0.30103330402931494,0.22294553897853797
FRA,1979,-0.0023265120416939844,0.19214078417024938,0.8239240235089831,0.2361209865073901,0.2309327369292995,0.24505917494213136
FRA,1980,-0.015662580628841627,0.1996250991933628,0.8688574827953248,0.23312431349986262,0.31922316468256007,0.24532003301989436
FRA,1981,-0.0890383986208586,0.23443008763807915,1.0904516246962128,0.23809093383004654,0.4431046536666643,0.25920104442878267
FRA,1982,-0.15765191926477384,0.36761068650828366,1.158441638657238,0.36455847629210414,0.6785010360523018,0.38010156643095105
FRA,1983,-0.14959547673739915,0.33761267313140775,1.072976471382423,0.3074999333327999,0.7705078655363873,0.32558900566618965
FRA,1984,-0.1402943693301857,0.3347006601549455,1.0519874896832535,0.29530998360273664,0.7793210751158988,0.3131958633967673
FRA,1985,-0.0870597834673299,0.3025710423652429,0.8662754252929927,0.24347723509410168,0.7605980042448857,0.25285390844533573
FRA,1986,-0.04208364610328208,0.13218078010800993,0.6782610865726291,0.10719860436776352,0.5289596465200272,0.1088208700582538
FRA,1987,-0.06401685849818883,0.15750145252655745,0.6676469837064607,0.16556017154334968,0.7305126662766859,0.16707445535013044
FRA,1988,-0.04447375677222476,0.1898460485795055,0.685724053074217,0.16496559102998343,0.83003202194802,0.17044249601885597
FRA,1989,-0.013187170496532286,0.312767592923224,0.5175803923414426,0.3245319865597498,0.8857201401289412,0.29964806734263794
FRA,1990,0.004814298009694795,0.30064833514512,0.356488681226399,0.3369370190102887,0.7263613468768657,0.3056370413590187
FRA,1991,0.013556940703954634,0.3168118527059963,0.2782570764168635,0.33203679224613825,0.7945144421498949,0.2830734959865059
FRA,1992,0.02333395942784333,0.35547420976916694,0.1899404451999489,0.3774091844089482,0.788588810394449,0.31630748901951133
FRA,1993,0.043421263758651296,0.38871853818336993,0.05133261324635052,0.4225068710071639,0.8685122701988299,0.3336496258793117
FRA,1994,0.03816630916584729,0.3947642717864089,-0.035529129650880176,0.4628084279152086,0.7928319913041071,0.366211731807469
FRA,1995,0.04166682070942829,0.33689928488894416,-0.21625178139540724,0.381811959627271,0.7831800644610869,0.27805967607735316
FRA,1996,0.033823038637131986,0.31451682926470714,-0.1759588685627813,0.26119707894711264,0.9500079171486508,0.16473634058115805
FRA,1997,0.016219481803946056,0.4879945478616157,5.821554999347889e-4,0.41230419459749595,1.1411136316320984,0.31030576030007645
FRA,1999,0.10351469001489044,0.20075800307876523,-0.013423505593037177,0.38937816641422923,0.27790929605520454,0.2342947682532228
FRA,2000,0.11153855751304587,0.2997560471459934,0.08801261348433842,0.4187159413734348,0.5024429535653134,0.27761473274578946
FRA,2001,0.09445837616696251,0.31871682652186095,0.044011989511259175,0.46716618450662906,0.4293018031240672,0.32636987761971226
FRA,2002,0.06968049863548031,0.34630315308157933,0.08972788675751975,0.49511150863098197,0.3882479156941382,0.37755395432017425
FRA,2003,0.04153350367978448,0.29434540062772135,0.23577044903692634,0.46361757108742424,0.2897897125317165,0.359982684055966
FRA,2004,0.011028561872186593,0.3071186534255525,0.27209337067626405,0.48290483627505276,0.2715031741556684,0.383727408121599
FRA,2005,0.0160839555104636,0.32869145255739307,0.2661036347508732,0.5137207649990888,0.24614150222300457,0.408439359436651
FRA,2006,0.007432294534274186,0.33691687736821274,0.30868175556491195,0.5136641589573502,0.2504866189646494,0.41650731922976586
FRA,2007,0.011899991489856543,0.3349426630475375,0.257004826529585,0.5403122633686172,0.19106759406247187,0.4295594797570812
FRA,2008,0.060541055464885196,0.3304086248839917,0.20075710035203942,0.5229262531548382,0.15218723381878052,0.4363961011137954
FRA,2009,0.03434181382237478,0.3046488263869698,0.20025086824922345,0.5413272778927478,0.10308128792726035,0.4303589442115466
FRA,2010,0.0388491764827259,0.3351114918215383,0.1738408874931836,0.589868696581177,0.14022072992423795,0.4622218927170829
FRA,2011,0.06763751946907126,0.30591396858833475,0.03198348955555863,0.5487657284935166,0.15550191589603313,0.417866525267214
FRA,2012,0.034415431931017704,0.3136859717332965,0.15145437221294356,0.5659716350117053,0.1627093037370651,0.42975517697469856
FRA,2013,0.019181864156453288,0.32885614211846204,0.19182748229103974,0.6248181911654976,0.10450653828296613,0.4683941269420785
FRA,2014,0.037426206360569036,0.31005665847409913,0.10177152810544188,0.6147712021516519,0.10225937886415393,0.44146349087060827
FRA,2015,0.014383530666856825,0.39985953073667446,0.12215639552325541,0.6642357370501745,0.2826787130716443,0.48224206821981475
FRA,2016,0.02623557561129275,0.38498830557049435,0.10480896369336423,0.6597653866555769,0.2693350958649127,0.46852662400364453
FRA,2017,0.03197514967678783,0.37828444860763855,0.10204336407049297,0.6827368331934783,0.23526694063205095,0.46905433953288556
FRA,2018,0.08074177742286914,0.30129003901158136,-0.04479239658071288,0.6215836397587051,0.17061585067211987,0.4064541444703514
FRA,2019,NA,0.19109291988024568,-0.16960569638440515,0.5372398048045385,0.04736555328539771,0.2996087112333376
FRA,2020,NA,0.21333250768041334,-0.19462212466480455,0.5817191408571503,0.06662072389756085,0.32157144430753415
FRA,2021,NA,0.18697256319056355,-0.2002339276894215,0.5718410333160506,0.05580536104696887,0.2870788988445375
FRA,2022,NA,0.2631271781462704,-0.19682187833898657,0.6414637221202898,0.11593276463717761,0.37405143816394304
FRA,2023,NA,0.24690048027800227,-0.2191357404962384,0.6470134639874603,0.06928857128988125,0.3631777445943866
FRA,2024,NA,0.23434408945020035,-0.1736202869105159,0.6416281889864838,0.05124220765942711,0.34779726927818494
DEU,1970,NA,0.11444150571793399,0.1220081899736698,0.2960096531900802,-0.320204495918909,0.26481094779138026
DEU,1971,NA,0.07934383404599288,0.07268263648697992,0.24149864970839774,-0.21810193249354715,0.2129843637007547
DEU,1972,NA,-0.02517309645546173,0.019080882080082517,0.08619926004400913,0.03330894795952277,0.06656449980127821
DEU,1973,NA,-0.059536161565115764,-0.2883304911448956,0.02649761712259524,0.026961729565941006,-0.002608047566520222
DEU,1974,NA,0.20504513675748526,-0.43658467960334146,0.3011506096378902,0.1302970069354057,0.2638562547168626
DEU,1975,0.05447547119696283,0.2251374698178945,-0.09615116905183374,0.323163807594683,0.10901164493311732,0.297341516363971
DEU,1976,0.09789811180969143,0.29135055826566725,0.11545892991984275,0.37979840677690846,0.17176748328984015,0.35595284592067067
DEU,1977,0.06047555981541897,0.2725880547167594,0.32080481884654244,0.3465953149461396,0.15609279741513182,0.3301120865791658
DEU,1978,0.0375479734587002,0.15872068607597312,0.18130536246633255,0.23209877041187998,0.16971066573282378,0.21766962021775904
DEU,1979,0.057106239638996414,0.11671654715507929,0.053623063554856465,0.18900566164276156,0.12956388555840315,0.17388119381030176
DEU,1980,0.0614232385234994,0.046692908346184225,0.06708616383948307,0.11322310505256139,0.1322983120822001,0.09826695518295336
DEU,1981,0.05052267979369318,0.11748814265622887,0.14716301264505915,0.1741450098234194,0.22907102615047448,0.16026884871738045
DEU,1982,0.04024987031428395,0.19904593543653148,0.2719537597107591,0.261185962201093,0.34256591906958356,0.24396408459404495
DEU,1983,0.01730022712366719,0.08404722160528766,0.37981494615024314,0.14482881599132447,0.2258656458207038,0.1324093633355612
DEU,1984,0.010306090898575704,0.08407099758934788,0.320806513499563,0.14663854987660452,0.20201684884103743,0.1319773591737905
DEU,1985,0.02877125243789136,0.2640235894417863,0.3828746763872739,0.33391959672403015,0.28210329990368166,0.30725221353343324
DEU,1986,0.03275266134265076,0.2473801393778361,0.19035253471729385,0.39721340592880194,0.07129543489967638,0.34436121947780507
DEU,1987,0.019018188232370337,0.2503843604769852,0.01672304023509863,0.41041722640604195,0.335043756767885,0.35694525485879924
DEU,1988,-0.019437326407886757,0.2775149203330498,0.3185550551047709,0.45058768782486347,0.2577327475515756,0.4029163693247617
DEU,1989,-0.011404921248457933,0.399399388778632,0.2737646039116015,0.6011583133870957,0.262275231299371,0.5349414384165221
DEU,1990,-6.780361400281487e-4,0.404912841885813,0.22733215757447356,0.5889687379912392,0.22279622047228642,0.5345473121961172
DEU,1991,-0.02063207653924415,0.2643901729315751,0.1461020699612492,0.4618311177650829,0.056529937221008186,0.3944766804815514
DEU,1992,-0.0996276150330635,0.1624983868538159,0.5406590790467383,0.3092284754808008,-0.0632624628744467,0.28330959593358584
DEU,1993,-0.07727768635748511,0.1397025927408745,0.3894911275172248,0.31967273555136755,-0.14388499064132132,0.2703848892034515
DEU,1994,-0.09691884380628224,0.11894936205399487,0.4929826403661144,0.2856340176497679,-0.14505631745363878,0.254176336657844
DEU,1995,-0.08813959257001147,0.05071173874234175,0.34284397801988886,0.2115597919207881,-0.17377384050001643,0.17382911565547543
DEU,1996,-0.08442456837638024,0.019382872837441112,0.3104969329810161,0.16276548755813214,-0.15717695860502712,0.12869872290343287
DEU,1997,-0.08353702134500152,0.1238438606763475,0.4646951056221096,0.22106687454050455,0.08779506964863049,0.20674968344452527
DEU,1998,-0.10485510939877318,0.22028577980314903,0.5829582944621539,0.34621320136694717,0.08365588656185041,0.32527262936224965
DEU,1999,-0.06445265915995768,0.22792432926312972,0.5666467791190497,0.3265263955358944,0.14837831641384058,0.3020331077295999
DEU,2000,-0.0791128407795707,0.31978404406430927,0.7233017298476081,0.3896910669890518,0.2292567572880022,0.3917508665162216
DEU,2001,-0.08357114100983731,0.3092637307208239,0.5717935054750409,0.4161960986055131,0.22568090881147307,0.3818198005401094
DEU,2002,-0.16807900458200153,0.34633215670385153,0.5301117707196397,0.472056456552502,0.25059652941186505,0.4207664211412232
DEU,2003,-0.12237836762227183,0.29169612728578687,0.4396499424300808,0.4781704961485421,0.12626794409307318,0.4053452167062243
DEU,2004,-0.13153698416738757,0.2788164531393104,0.38239526256133916,0.4773401002996239,0.09346521261781926,0.3971829844968017
DEU,2005,-0.16060917849191247,0.25044591449065623,0.3735520706015747,0.43090264413798374,0.057523954950778666,0.3603364223507848
DEU,2006,-0.1796559437321169,0.24820973673870472,0.24531979801555526,0.4544973338458361,0.05522663377037029,0.3565818648048616
DEU,2007,-0.16443776675902277,0.2325918786738569,0.12862004350937473,0.4615143293978254,0.030779319926314663,0.3427037981517307
DEU,2008,-0.08228451358876687,0.25391300514521764,0.15404415077282296,0.4700531463788019,-0.010827320954149289,0.384181628957123
DEU,2009,-0.17456973186185398,0.19597455369955996,0.03722984797356976,0.4674764507345828,-0.08560068909756335,0.34513953145508564
DEU,2010,-0.14494232931466966,0.21662628583786192,0.008979169534375275,0.5138971494220609,-0.08115535135703889,0.37454454549572236
DEU,2011,-0.1552194286127656,0.21184531632520232,-0.034687936881231396,0.5022385738672617,-0.07813187200382476,0.3690486059237537
DEU,2012,-0.14729115889744415,0.24966321841872885,-0.00842869224186149,0.557625710787036,-0.009351672515203857,0.4019050646343211
DEU,2013,-0.13575820889663726,0.21704150283026014,-0.04519680739235277,0.5328860152350349,-7.774291138332723e-4,0.35445934140472213
DEU,2014,-0.15788137011906178,0.17281879617003681,-0.08890976735076483,0.48355138138882625,-0.024862607552354588,0.3009653099683275
DEU,2015,-0.1878138516143154,0.2629845432229654,-0.017891386551078803,0.5288349632320143,0.1437446237832476,0.3460715676001693
DEU,2016,-0.19652494338225468,0.2453104039991839,-0.0033186203068493736,0.5174479152827204,0.120467329391729,0.3319665713694723
DEU,2017,-0.1856881151709806,0.27113527544824223,0.03366310009337958,0.5607096556502903,0.14272494344891323,0.35702512439166967
DEU,2018,-0.18793386273531054,0.19180157980929413,-0.01466841603637814,0.4812083586128913,0.06789172926558024,0.2945658847986811
DEU,2019,-0.21022630513150398,0.07492985476269054,-0.07912056947204238,0.353988654995083,-0.022319302783015305,0.16733817103274068
DEU,2020,-0.28008207155659115,0.1033495017405841,-0.0695987809495503,0.38381520937217545,0.038069458015399904,0.18478099979255358
DEU,2021,-0.2476274433061313,0.12360535044952126,-0.00471212016500322,0.40417894753972555,0.06882516096966523,0.19849829357861115
DEU,2022,-0.27246508677508186,0.15779754938665824,0.08925724745581076,0.3970702589172552,0.10997215172105851,0.23309969805711872
DEU,2023,-0.30418738035651216,0.12407860094880263,0.05640578020357523,0.3666619938375367,0.07439773049534643,0.19688517923339438
DEU,2024,-0.3207713130082649,0.1276736334297215,0.07200457279098849,0.3729307049794677,0.07930547285668005,0.1975057631932307
GRC,1970,NA,NA,NA,-0.23091705192958045,-3.1776087449849193,NA
GRC,1971,NA,NA,NA,-0.21887817890925776,-3.29017430648259,NA
GRC,1972,NA,NA,NA,-0.17172567437939978,-2.9225293940257897,NA
GRC,1973,NA,NA,NA,-0.26432224271292126,-2.788362140157437,NA
GRC,1974,NA,NA,NA,-0.267150635054588,-3.0287361349689994,NA
GRC,1975,NA,NA,NA,-0.2077505017634267,-2.9801694102533713,NA
GRC,1976,NA,-0.45143528624463025,0.3008470274765278,-0.26170981949568195,-2.955554560164349,-0.24651450823810395
GRC,1977,NA,-0.5042800990268022,0.3705209858207459,-0.3222946208105806,-2.91280134710413,-0.3098465639149077
GRC,1978,NA,-0.5530564478717297,0.1815934286539731,-0.3604558729206855,-3.192893299205728,-0.3529915159739663
GRC,1979,NA,-0.7422688482197954,0.0575480999692175,-0.5636658931443497,-2.8081865676581446,-0.5531598077265627
GRC,1980,NA,-0.5924929227665083,0.014133964135586652,-0.4087322552670021,-2.373838753670028,-0.40698063264985773
GRC,1981,NA,-0.7073604759531151,-0.013816927232375598,-0.5431633440306087,-2.05762829593616,-0.5384109150024752
GRC,1982,NA,-0.7027392721672894,-0.07201024243356624,-0.5238671581177397,-2.2028968698557705,-0.5256686440533052
GRC,1983,NA,-0.6262892262709618,-0.29325965295210477,-0.4282753050425965,-2.200710828711233,-0.44491532380478294
GRC,1984,NA,-0.6644838642288566,-0.6241118822441223,-0.4604720682530825,-2.135013386441863,-0.4872024759203435
GRC,1985,NA,-0.738476989569635,-0.817181672380789,-0.5418091255654274,-2.102019796821528,-0.5816792018483301
GRC,1986,NA,-0.8796490413539823,-1.1750053530530904,-0.6081686102548887,-2.5320317422179106,-0.6755054527058049
GRC,1987,NA,-0.87826377225536445,-1.4410840646657572,-0.5925192521494442,-2.4149098863761314,-0.6603484937401396
GRC,1988,NA,-0.8098280307177254,-1.651619670091172,-0.4924613003184253,-2.3057403369282525,-0.5789279592442778
GRC,1989,NA,-0.5526754111695094,-1.9220987576589672,-0.19999357321625233,-2.3765848707850963,-0.3138091650410384
GRC,1990,NA,-0.6167171356069066,-2.0392202897480987,-0.28532699946870865,-2.5120266692977693,-0.378366045026159
GRC,1991,NA,-0.7450194606357249,-1.9496381286735902,-0.38596360012777997,-2.586287513253757,-0.4985116976112187
GRC,1992,NA,-0.8457201218319536,-1.9757384278237544,-0.49737303077530237,-2.5437356427493762,-0.6096594550965082
GRC,1993,NA,-0.9934553854258072,-2.33194015220839,-0.6187520724344204,-2.513908647239895,-0.7629040551570777
GRC,1994,NA,-0.8193811576785478,-2.4163229862998663,-0.41751520812041054,-2.5800291528791517,-0.5664677461262005
GRC,1995,NA,-0.7977255833879306,-2.4848963261374712,-0.3965480804300767,-2.4377054973184147,-0.5507961058157296
GRC,1996,NA,-0.7319586970520993,-2.577288350864181,-0.3305948885174237,-2.2305100641290334,-0.4972010675313765
GRC,1997,NA,-0.7671150515148484,-2.2503982567248295,-0.34549081161634554,-2.1292117220976348,-0.5273399777048886
GRC,1998,NA,-0.8473703729030727,-2.3904218703765863,-0.3754260251682422,-2.080068443067817,-0.6046372851348483
GRC,1999,NA,-0.9389860648402428,-2.788840738279041,-0.43798751819867054,-1.910417811690411,-0.7353327733394023
GRC,2000,NA,-1.0147566704881152,-2.5938580467107673,-0.5641621114895815,-1.576246886473834,-0.8483826671502466
GRC,2001,0.2738417559567533,-0.934182293169867,-1.9836119917082207,-0.5063797220103252,-1.5646320923101622,-0.7451551889339987
GRC,2002,0.2723641396583333,-0.7868502405327005,-1.9590382637577277,-0.39562560677868014,-1.4450742331973485,-0.5962512889409753
GRC,2003,0.27947451644801846,-0.7921532888357808,-1.883372197596762,-0.347139356430745,-1.5374551315558553,-0.5667969016459257
GRC,2004,0.2723404758955589,-0.7856400486345938,-1.894194905056345,-0.3307489319723162,-1.6204056995049863,-0.5531074287389884
GRC,2005,0.27957789293744495,-0.7369469389370225,-1.7357124042937386,-0.26818251652976505,-1.6908423168740794,-0.4999225952984159
GRC,2006,0.25887495186793874,-0.7616321338695184,-1.5624394040193295,-0.33424564492358483,-1.4827809590900516,-0.5547407437900667
GRC,2007,0.23932826686686715,-0.6485269869847876,-1.3306552409583876,-0.22759235154568086,-1.3941259733952456,-0.43574768305281464
GRC,2008,0.23305556777956715,-0.4559195000512242,-1.1050196981063465,-0.0825868831468552,-1.2345317386626782,-0.224302475601631
GRC,2009,0.2623949398534964,-0.439954807711637,-1.5394885525559248,0.02062648364450459,-1.21195104642569,-0.18834006298035877
GRC,2010,0.2146113507105898,-0.5147234237271444,-1.6327661837751242,-0.05879447905700577,-1.121728515375126,-0.2849854784454651
GRC,2011,0.12744521068133652,-0.4072573900594888,-1.4532836063022785,0.02161273328539609,-0.9665680164471617,-0.18263303093512107
GRC,2012,0.26606789695774957,-0.2205899095655347,-1.9860036176357942,0.3060216882312903,-0.9729798491927226,0.046110163102981716
GRC,2013,0.34494294251523216,-0.3301735529774595,-2.125581880421041,0.2529264849773626,-1.169997185123042,-0.052120219103320806
GRC,2014,0.2948452402803665,-0.41392324708603645,-2.0011968144354686,0.17367364026465693,-1.283361387311274,-0.13845919993160574
GRC,2015,0.07388658094944511,-0.2687174423955529,-1.3454337453963794,0.28840034941195436,-1.2100575145414152,-0.010418939289802809
GRC,2016,0.09595568519273145,-0.36781209570853024,-1.5650524471632585,0.22531176682203302,-1.4612818767361615,-0.09120518193190437
GRC,2017,0.17430207856682156,-0.5269797650996637,-1.807091067271653,0.09023159654785332,-1.4873049952427748,-0.2666894228704468
GRC,2018,0.20590159354813098,-0.6482124216775225,-1.9559567699586107,-0.024108266292084818,-1.639505498185158,-0.3575628177188368
GRC,2019,0.220091656795542,-0.6810976338112393,-2.092755464327968,-0.011973479020933629,-1.805338684214924,-0.38206861360294636
GRC,2020,0.1580686877307409,-0.5160574993539364,-2.0874986289608177,0.19417780437484633,-1.958892524552881,-0.20366921726528947
GRC,2021,0.15408581175955316,-0.4900808137745652,-2.0076680233233763,0.25932276492814876,-1.9421553777765008,-0.18300553551948523
GRC,2022,0.17478588281257101,-0.45514386619028496,-1.9914151407212883,0.2645806519379805,-1.872006503758088,-0.12841061135064213
GRC,2023,0.17242338537227586,-0.5131835458710583,-2.0027905878221466,0.20453348719442693,-1.80074516757949,-0.20713547636768684
GRC,2024,0.16204101868171084,-0.5367931725276616,-1.812549968102399,0.18358599106563372,-1.7519262030044522,-0.24896776738092105
IRL,1970,NA,0.8063647942907721,NA,0.913587650393187,1.1239122763438472,0.8199780705949631
IRL,1971,NA,0.9757661341710592,0.17196486871664263,1.1139054502483763,1.0261473489186765,1.0493358066573872
IRL,1972,NA,0.8866368100493934,-0.16503747915736344,1.0001313752160277,1.19447427071995,0.9270260121729026
IRL,1973,NA,1.1560103389788792,0.48227614385738793,1.2654272274770944,1.220454149131017,1.2172105180706003
IRL,1974,NA,1.3940917085229532,0.9964842274403005,1.4629980381642662,1.4187312044470897,1.4342620010310005
IRL,1975,NA,1.196345525547442,0.5211269455710035,1.1893776508947318,1.5704847500296522,1.155119349212376
IRL,1976,NA,1.1828986556983798,0.8581151665509914,1.0855386888821494,1.7644845905457898,1.0628564888855871
IRL,1977,NA,1.2648327170648128,1.1625452958832092,1.2288998551191237,1.6454434396051243,1.2113063523647152
IRL,1978,NA,1.1355500367236213,1.1853128160720434,1.0710734950957161,1.7138208367995247,1.0615409893928274
IRL,1979,NA,1.144136729557378,1.209660521150198,1.060705489855494,1.7745560929079947,1.0531019923678886
IRL,1980,NA,1.1285693057960218,1.2021079267913257,1.0406413689422886,1.808265091532639,1.0321603422993377
IRL,1981,NA,1.0199632887017342,1.4534673845922557,0.9568468485157087,1.5741327178294278,0.9602056850832834
IRL,1982,NA,0.5475861598781282,1.6545793732976906,0.19166338040107012,1.6490074893005975,0.262198319709142
IRL,1983,NA,0.5731788995931992,1.6505982114443798,0.08786586029002708,1.8190268039219826,0.1912186853138571
IRL,1984,NA,0.5586076711004122,1.7265432231228766,0.05999711752776338,1.7751961569537975,0.18011172623948268
IRL,1985,NA,0.09192221087631414,1.6836463661514816,0.036183025034699945,-0.23368457299136436,0.18080578633218058
IRL,1986,NA,0.7031800325376905,1.5941931974205086,-0.07912910549555363,2.014534280450805,0.10248079984899472
IRL,1987,NA,0.7585852217374965,1.6509287641717458,0.09882868809325918,2.2563877068402833,0.2556102035962283
IRL,1988,NA,0.9147133616744397,1.7702968815360953,0.20177302351767934,2.3573407568690974,0.38946897333409447
IRL,1989,NA,0.9959681606922847,1.6534919088122737,0.36744213058594055,2.343165365290059,0.5231380067586816
IRL,1990,NA,0.8405436166400723,1.5336855758941894,0.5401192090565564,1.7907604609622805,0.6211491827682654
IRL,1991,NA,0.9415009366886058,1.7709229508491577,0.5573263014578954,1.8513951493686118,0.6921535735988688
IRL,1992,NA,1.0059219299513875,1.9422735860411622,0.7519425492884493,1.6539632192243021,0.8766130637297778
IRL,1993,NA,1.1547935040543202,1.9334505126057189,0.8773844218615563,1.8637535958229159,0.9960674084973088
IRL,1994,NA,1.2073852875984779,1.8977895606495248,1.0474449538267516,1.7443958765136593,1.1224949451297437
IRL,1995,NA,1.2813102325101577,1.9054211231086455,1.1843513135114743,1.6802807186416933,1.241164899371767
IRL,1996,NA,1.4159740055785346,1.8656724382376306,1.4064139052598998,1.6732256799875407,1.4210665016021782
IRL,2019,NA,2.013517469612882,2.2253861734645697,2.2037457381367087,1.845738426005051,2.1299831125966606
IRL,2020,NA,1.9488463792025734,2.163010055743606,2.1599618201474278,1.731734026917674,2.078058631043916
IRL,2021,NA,1.9540850094105897,2.1437236180516646,2.1597832664805394,1.7790921377690585,2.06755108071124
IRL,2022,NA,1.8708364908101678,2.121501216661091,2.0658923525017303,1.6625495261668037,2.0014176181410406
IRL,2023,NA,1.8992648541866122,2.1945676570128247,2.1095087476268177,1.5820850715344668,2.055343569578446
IRL,2024,NA,1.934606515376018,2.2243088824743533,2.1417361243377027,1.6019109650939878,2.0883547221994343
ITA,1970,NA,0.5399020670148222,-0.9180164587555026,0.7864777218673793,-0.05191880958856432,0.7067098411407535
ITA,1971,NA,0.5238426770678837,-0.8691973557435748,0.7825311195496611,-0.16454885888615411,0.7018363151298523
ITA,1972,NA,0.6384308896180191,-0.8008150752444791,0.9029990305414606,-0.04077908180015877,0.8183807189302175
ITA,1973,NA,0.5829303606933827,-0.7977999020896256,0.8224154905157626,-0.3136114362217657,0.7557126760913269
ITA,1974,NA,0.23221857743862162,-0.7236202369373474,0.4095613017432236,-0.3933743348089611,0.3632157462735053
ITA,1975,0.054952693342455894,0.1564896786673169,-0.8878287220017018,0.3516730802295509,-0.5820196451600466,0.30428598381261573
ITA,1976,NA,-0.04676780142938086,-0.8232684647632835,0.12010212276762022,-0.6642692227227407,0.08088216612729648
ITA,1977,-0.0016433623141008935,-0.12638961062817922,-0.5002501583452803,0.004099253761713939,-0.5814144719483791,-0.023057208223852044
ITA,1978,-0.022664914493886745,-0.17732761962767518,-0.3826751071805381,-0.03724047580419532,-0.6399801090921113,-0.058675564180735273
ITA,1979,0.0345468198152582,-0.18827066137593884,-0.6329382823893299,-0.04618798879289043,-0.674553313381276,-0.06968549626466225
ITA,1980,0.05208890976914404,-0.4408724825168868,-0.21551989920977288,-0.32603929034247625,-0.7431009014792824,-0.3362318470898973
ITA,1981,0.04043130433261499,-0.41454073455529716,-0.10214135755773146,-0.3093414127319223,-0.6947003079203227,-0.31657306864367496
ITA,1982,0.009647081605722585,-0.41661025800274376,-0.05872221388368537,-0.3236708693608743,-0.5297546076947395,-0.3328134046941258
ITA,1983,0.017699572912722394,-0.5144743092535331,-0.4648446009557592,-0.4059379720856251,-0.6132587195059207,-0.42969453796535095
ITA,1984,-9.535066675171455e-4,-0.48512659639522404,-0.18254943628796472,-0.43833647757904437,-0.2995175469465736,-0.44944506896871284
ITA,1985,0.01793992345210471,-0.44498539055322683,-0.12942782616451076,-0.41243447055541793,-0.2842492341274001,-0.4266919520196819
ITA,1986,0.05856280526147006,-0.5718792169595487,-0.2899118058291359,-0.5234530207813097,-0.3454808917087928,-0.550324534965102
ITA,1987,0.04458353453551145,-0.6435633999782041,-0.40291910017897337,-0.5942821591349745,-0.13688487581080322,-0.6172136432774764
ITA,1988,0.05753855746329595,-0.6702997946521051,-0.7086538436214873,-0.6064932316855427,-0.15562171680064774,-0.6523687904383553
ITA,1989,0.016893950171785965,-0.5701446526130196,-0.32037130996531404,-0.4961966442012371,-0.21752748582683124,-0.5227860493330196
ITA,1990,-0.025345144263453467,-0.51288126824206,-0.14156406075505767,-0.46184079103765563,-0.2369295526763664,-0.4681556175065784
ITA,1991,-0.024727358966441848,-0.42782603083569903,-0.19198577311824527,-0.3343783962874467,-0.27649021183472566,-0.36634824748754324
ITA,1992,-0.02105384744431149,-0.4179694002094686,-0.39786684850486287,-0.3096169684868071,-0.30346832013633573,-0.36356525922766836
ITA,1993,-0.04833469408826119,-0.24283838283062464,-0.2754154294718898,-0.12056909126079463,-0.10869679648294506,-0.19199150721272928
ITA,1994,-0.016411114664783844,-0.2061696003746034,-0.24919660634188956,-0.05979194484288808,-0.15291670088694254,-0.13290297697013786
ITA,1995,-0.04196817654358176,-0.18660858266207891,-0.24475462750206045,-0.04440185161749599,-0.1468197059708669,-0.11758105187073464
ITA,1996,-0.06155755814434971,-0.19006798510857942,-0.3519707857702046,-0.003576945992102565,-0.30426984666235946,-0.09254690526799003
ITA,1997,-0.07784881555365297,-0.08260993770147629,-0.12313747770170158,0.0908883922139071,-0.1630938289485444,0.010296094367658437
ITA,1999,-0.024584372123282128,-0.05479627179676688,0.2656236198818136,0.049292080631768154,-0.13178369114571287,0.01871188427991355
ITA,2000,-0.04309631583705509,-0.02118675322648712,0.5808705622907704,0.009775654488862529,-0.24396617412047772,0.08291272129606092
ITA,2001,-0.09158200238790892,-0.14421966702768751,0.3885017686148151,-0.07333870328692138,-0.39036992950337535,-0.028605724572054736
ITA,2002,-0.1260262952749348,-0.17162773393842312,0.47406845316501967,-0.1047473177191402,-0.47736627854674496,-0.044377616232621625
ITA,2003,-0.13268608209882693,-0.2372515337682201,0.3755131331558166,-0.11147022097040671,-0.6344029466646197,-0.06953809110676135
ITA,2004,-0.12682885489364304,-0.2569986960828395,0.35198685977796584,-0.13997688091751515,-0.6548111691739937,-0.09130624328697852
ITA,2005,-0.11538451644571246,-0.2764369081016474,0.23629067180229457,-0.15871297707124393,-0.6639196159582017,-0.12254095610786786
ITA,2006,-0.13138461921266864,-0.27875765046657486,0.2315076459307337,-0.1829217450245335,-0.6227127911150214,-0.13563737655517244
ITA,2007,-0.13876155298817894,-0.3268121215636276,0.12488438273299307,-0.2439751147739767,-0.5441595919299124,-0.21273458216088026
ITA,2008,-0.07535323646759629,-0.4121709005264277,0.03056682566886426,-0.33287947811459834,-0.546616621983859,-0.31954211861554244
ITA,2009,-0.10557764430439232,-0.42818744207656817,-0.02654279100720358,-0.3202998934524939,-0.5744658382748199,-0.32017845070407513
ITA,2010,-0.18706259641478473,-0.45714681310784033,0.07480703263383748,-0.3929887920604506,-0.6123796384319731,-0.34306625250607825
ITA,2011,-0.18303163474141237,-0.453886386640686,0.10833873022120244,-0.40802110051134066,-0.5812949203709654,-0.35023743009304237
ITA,2012,-0.22924297171529706,-0.41599784684840424,0.21001781322210156,-0.37884574491064194,-0.5608633662197227,-0.30213593477180944
ITA,2013,-0.22580559335992323,-0.3970522675350808,0.24771651004795125,-0.4068062160450956,-0.5327821560593045,-0.2879253518593171
ITA,2014,-0.21474219863586286,-0.3981984087356889,0.27310408274727527,-0.41239738617973454,-0.5941415651010545,-0.2706165343452246
ITA,2015,NA,-0.27863597182637573,0.38451951625108605,-0.3497999946596225,-0.4606849142891042,-0.17496296067616143
ITA,2016,NA,-0.3028238771911986,0.3912603619717193,-0.38071924747985075,-0.4974820268253436,-0.1936845188658078
ITA,2017,NA,-0.24793014542043545,0.41980071837085176,-0.32095831218932847,-0.4833037482762118,-0.12839122528928412
ITA,2018,NA,-0.33894023096990544,0.36914318810981717,-0.38434733356756684,-0.5644051716173422,-0.20233779141286856
ITA,2019,NA,-0.42885894837164407,0.23380272613710007,-0.4647924455964417,-0.6703625963175877,-0.28953812738342843
ITA,2020,NA,-0.37866487116253045,0.2626222716837477,-0.41098642110808037,-0.6308370962149026,-0.23969673042573542
ITA,2021,NA,-0.4075438822255555,0.2131722818215699,-0.45908349985946284,-0.6743488797404678,-0.2684239129220334
ITA,2022,NA,-0.3922012944625001,0.2645845716813169,-0.459064423855272,-0.5905179027465957,-0.2647210236508211
ITA,2023,NA,-0.40935492552117897,0.17742097569254678,-0.44268191957689174,-0.6149649722305564,-0.28450845218338855
ITA,2024,NA,-0.4004650466271662,0.08864770090842733,-0.38847577694608654,-0.6040226548648253,-0.28103767443179584
JPN,1970,NA,-0.36173937700072556,-3.8867206240666334,-0.07274891749850543,-1.3403167877645288,-0.16466923442331094
JPN,1971,NA,-0.49288487796324176,-2.9906360008299755,-0.2101275703014842,-1.3419426024386896,-0.30152055542919665
JPN,1972,NA,-0.4674158457968225,-2.239305465829233,-0.19974493957750505,-1.1269953960148076,-0.2890012737432823
JPN,1973,NA,-0.6506276843216572,-1.6135192708779416,-0.48032509709746085,-0.9082432273410888,-0.5381279601753131
JPN,1974,NA,-1.1555524041736438,-1.8417498198778075,-1.1948839793913018,-0.6974873333745744,-1.2295575644064605
JPN,1975,0.11060439148893664,-0.6064740612052517,-1.6518438445332064,-0.5220033571828191,-0.5467057865732721,-0.5674044983287789
JPN,1976,0.15589836123951228,-0.684377034611745,-1.466683220395228,-0.6307476104484924,-0.5534580718440312,-0.6681613034034233
JPN,1977,0.07403490232891663,-0.7931056687657259,-1.4511763170011704,-0.7522516079073043,-0.6620841856847899,-0.782504201846667
JPN,1978,0.060787755466205406,-0.8545314884186923,-1.7209658196970539,-0.7704555107035125,-0.8094782677252117,-0.8012489517187162
JPN,1979,0.10861088760496418,-0.769768331892827,-1.1517522925742618,-0.7058372532245383,-0.6713644098025364,-0.7271081357040787
JPN,1980,0.13480466725377738,-0.7088432210118534,-1.2967434626378198,-0.630936620429287,-0.6131915504731671,-0.6589823751893125
JPN,1981,0.12702332933526972,-0.6069754377327237,-1.3711349283298988,-0.5203076934130175,-0.5903262289326414,-0.5484652048339222
JPN,1982,0.11725010356896548,-0.3791454255587554,-1.1729160393220432,-0.2918437386572619,-0.2854915335478312,-0.3257445145309401
JPN,1983,0.11560953425686638,-0.3744868409814792,-1.1931796445089455,-0.2627804727182419,-0.35640231701007785,-0.3061402328404299
JPN,1984,0.11257012901756758,-0.267618561184499,-1.3127971743392948,-0.14229817636746955,-0.35217990203777116,-0.18839001987767356
JPN,1985,0.10334463146645512,-0.21521397700143385,-1.2427985797624315,-0.07591798254080473,-0.4521830796226407,-0.13646696159003602
JPN,1986,0.1089675014610696,-0.1491944122618306,-0.9510089682232898,0.07571060898487159,-0.7348501923770363,-0.0041169845418023154
JPN,1987,0.1094711686608133,-0.015328193324231965,-0.44827758310395005,0.20974838050444378,-0.42812726935057777,0.1471752822199126
JPN,1988,0.11135023686855716,0.14580855630760337,-0.5521001863398123,0.4032022452598941,-0.3189484815584609,0.3217118713920756
JPN,1989,0.1075052375613591,0.23545801731686888,-0.29094752065165164,0.4893333935323605,-0.15394324634295353,0.40034909386956796
JPN,1990,0.11802404953542545,0.2778305450663795,-0.12183136680909046,0.4837478183656485,0.014342840839395965,0.41835457416969823
JPN,1991,0.11996728850066862,0.18563205684875872,-0.19755362000310894,0.4140992560206994,-0.12608574220324087,0.3307402622597202
JPN,1992,0.1332145769364087,0.1373005519684588,-0.29020708338106527,0.3569082386414104,-0.16771395970050618,0.2701176482497971
JPN,1993,0.13313408192099174,-0.10243318449221328,-0.44919166581088055,0.13589963189031085,-0.41815722242426645,0.032918310237153525
JPN,1994,0.13600256450999826,-0.1674543504441336,-0.5212255337262621,0.09299910434559056,-0.5759633360621321,-0.010807288640075408
JPN,1995,0.1309729895838646,-0.2695897767081402,-0.5428885574898108,0.010258591679757179,-0.8949288315751383,-0.0905778054301919
JPN,1996,0.1247943198264857,-0.26867483789755714,-0.5539430946687864,-0.003687672185470059,-0.7797199457960868,-0.10884863885029383
JPN,1997,0.11056152119610885,-0.21879303881886764,-0.6583137155054879,0.08345951384067751,-0.7708968374693956,-0.04675878390690613
JPN,1998,0.12217974725790326,-0.15500728981400397,-0.5871130302854088,0.21010723484320482,-0.876532674216328,0.04367476135703929
JPN,1999,0.18755086759274897,-0.4096383132382644,-0.7461880477160956,-0.025255885734210226,-1.19500471437084,-0.2233943836776433
JPN,2000,0.20192853138916245,-0.6166521049749782,-0.9845361383249562,-0.22511857353120268,-1.3672563382446479,-0.42480008719001805
JPN,2001,0.19707842826997723,-0.5980712935242112,-0.9972543924997952,-0.21315864738503043,-1.3024992307818288,-0.39833020416746
JPN,2002,0.20450993855367716,-0.5733825148411555,-0.889362890563234,-0.23035548101493314,-1.292109262789774,-0.37429205235616114
JPN,2003,0.2212802633413049,-0.6368953512096043,-0.8806533149879554,-0.2554911139570074,-1.396749853295671,-0.4095976499224864
JPN,2004,0.21104860392233848,-0.641836718144956,-0.7633412241881692,-0.28061062906004347,-1.408031677802462,-0.4177136924153232
JPN,2005,0.23995233143551797,-0.6225044738071291,-0.7741217218660064,-0.261694760949055,-1.3914344418645181,-0.4069801983382757
JPN,2006,0.2087735147961608,-0.6485220221302076,-0.7166031555601173,-0.3130440896337192,-1.3568643626512038,-0.44337002955351706
JPN,2007,0.18551534888182142,-0.5899318989431431,-0.6536994604822404,-0.2560318012316025,-1.28013840849301,-0.384873915815357
JPN,2008,0.27662253094739553,-0.4470741913556365,-0.5407237689203166,-0.1492948240611075,-1.05236642895485,-0.24298541747037145
JPN,2009,0.20680701513777255,-0.6243806074708305,-0.5571791522252945,-0.29487925620166683,-1.2625199856990386,-0.39504551965968293
JPN,2010,0.21507059776826232,-0.5534635580913713,-0.5840753099559723,-0.18244010115059306,-1.2463723195846517,-0.30810535422473373
JPN,2011,0.21973900167837934,-0.4663480238741781,-0.4951053184446752,-0.10698297463302353,-1.1235122354247309,-0.22225139471262245
JPN,2012,0.2152053075397412,-0.5607901587109183,-0.6455819237767191,-0.17728813384679823,-1.1690843471531787,-0.3207223919190965
JPN,2013,0.1558848545038286,-0.4089748887000467,-0.08842049369173677,-0.12611813247354423,-0.928315150653859,-0.19009346372621563
JPN,2014,0.18240935629698518,-0.344640646865295,-0.05920940574296352,-0.09027904802223288,-0.7633638077504207,-0.15413396381003389
JPN,2015,0.15334054727663415,-0.21617411375250373,0.018113106008081692,-0.0035984714011407515,-0.5577311749490198,-0.06719996194112195
JPN,2016,0.14063405394681983,-0.24441957572788847,-0.01902272582522646,-0.011480490292234802,-0.6083555582914869,-0.08851182401949656
JPN,2017,0.1551801435494301,-0.24474492867099618,-0.020165648368675404,-0.024627057788334072,-0.560163671845565,-0.10290949284468612
JPN,2018,0.16768350339591565,-0.23492471473946003,0.04046017804547697,-0.0035181223341425316,-0.5590302489171359,-0.06950334993919546
JPN,2019,0.14199346925890344,-0.3549950134520156,-0.10945844946157524,-0.13897078387546885,-0.6144722047838689,-0.21042722937816638
JPN,2020,0.09528203980538841,-0.3751064437482745,-0.2079885661506341,-0.13832630464434156,-0.6074295119728181,-0.24160784432623017
JPN,2021,0.1034689712209842,-0.2798107605896939,-0.15028714912275398,-0.03169783968341691,-0.48831018835139667,-0.1566310186396404
JPN,2022,0.09903831497699711,-0.1465605355261499,0.03417055761124499,0.050454648049578804,-0.29321645748088604,-0.03581671642714468
JPN,2023,0.0838637221623798,-0.10457623370335212,0.05636158878676811,0.0894145662652294,-0.23730633353065228,-0.0027107525833417467
JPN,2024,0.11941552937702615,-0.025982460195727253,0.11583292092899289,0.1523203582116539,-0.11431095265071867,0.057610486027336705
MEX,1970,NA,-2.120651315307943,NA,-1.768755826179547,NA,-1.862365405977771
MEX,1971,NA,-2.0457306328332483,NA,-1.6843790873637214,NA,-1.7809269314618794
MEX,1972,NA,-1.9483171167737583,NA,-1.5928555211048563,NA,-1.6938318422855627
MEX,1973,NA,-1.9083019258205223,NA,-1.5911115812834136,NA,-1.6721642381526947
MEX,1974,NA,-1.942036448572914,NA,-1.6552101696677002,NA,-1.720478818728124
MEX,1975,0.11620485753912446,-1.9199126414270402,NA,-1.6264678545398756,NA,-1.6911558437092582
MEX,1976,-0.2882235381223278,-1.7493366517767401,-1.2821296698413605,-1.5277542115177016,NA,-1.5312175594550457
MEX,1977,NA,-1.2853174461153294,-0.9759307158074177,-1.0634624341996015,NA,-1.0766017486207244
MEX,1982,-0.016088934603674665,-1.4756266525527408,-1.698197693045973,-1.2886424302444575,-2.5262956412532676,-1.3155298507989726
MEX,1983,0.023382046223443753,-1.0134210680572922,-1.6595705920726544,-0.7901167439241052,-2.568432056889163,-0.8325822219082182
MEX,1984,0.03616582758818854,-1.0650898504369657,-1.8944818109670765,-0.8476583728689016,-2.4020406808200785,-0.8922695885207248
MEX,1985,-0.005978816694736211,-1.2220819913604828,-1.9218805694154728,-1.0551261533303224,-1.7834087931525042,-1.110604915923867
MEX,1986,-0.021407266690712023,-0.7845238575981236,-1.292733054302655,-0.6198977302812732,-0.9398228717488579,-0.6906268883459827
MEX,1987,0.027018672011331013,-0.6827032325760295,-1.2594265474095288,-0.47826070348952077,-0.8466377825853737,-0.5443409649474877
MEX,1988,0.06414365960339075,-1.0240135259579932,-1.5954498719123533,-0.8313001659821884,-0.9866058890527709,-0.907136768251775
MEX,1989,0.07984384416227475,-1.3213581863027422,-1.8459619179945332,-1.133987036297852,-1.2333003503889066,-1.2201334934968149
MEX,1990,0.11476039931301818,-1.3112985192429727,-1.988604674810012,-1.1420438789975438,-1.2774286571540157,-1.2160252247287069
MEX,1991,0.1317647586280608,-1.5128299256743984,-1.9293188147452245,-1.3470523642396255,-1.4623992421690715,-1.429015177689291
MEX,1992,0.15418042534428356,-1.6010230412502344,-1.860090277337401,-1.54798591164292,-1.234829364745976,-1.617185383939143
MEX,1993,0.16109950956809282,-2.018515786929983,-2.4109275106051986,-1.9253351758841435,-1.6874551740975563,-2.022096955492435
MEX,1994,0.15338286168154758,-2.036226660882636,-2.4700818846088652,-2.004138972379195,-1.5515900010620203,-2.098576449953661
MEX,1995,0.14346823223609517,-1.451326821223903,-2.0542790490068605,-1.4281931167888449,-0.9496456817670884,-1.5337034055965744
MEX,1996,0.15037870061547465,-1.5933864820670354,-2.3059225405272907,-1.5255348146757202,-1.1713914570617687,-1.6458108794311048
MEX,1997,0.16593061066707593,-1.75172084494308,-2.495760648785323,-1.6057656633016695,-1.5088509857452523,-1.7461183841986314
MEX,1998,0.16055351101556892,-1.9238391159294652,-2.7358962514954297,-1.7160836474101377,-1.7596015543521124,-1.8999122722567712
MEX,1999,0.22736948978786609,-2.1185644391522307,-3.188046837698053,-1.8372887475891877,-2.017766857162055,-2.0918822803701156
MEX,2000,0.25947636958461195,-2.1830356801117583,-3.603355602651541,-1.80080989245756,-2.417745733552384,-2.0762873978307583
MEX,2001,0.20641554031990095,-2.049496134321687,-2.655242288352696,-1.9585239726853028,-1.7301056686689718,-2.134209318175585
MEX,2002,0.21030751770694045,-2.094724311487854,-2.664763832947029,-2.092112782192936,-1.6870893002268605,-2.2277327425275706
MEX,2003,0.20080044292378219,-2.0468756082474577,-2.4772531073508106,-2.0750788919944796,-1.5808146464977393,-2.2030217986620664
MEX,2004,0.21977987864749393,-2.0161595327801893,-2.4114248069193858,-2.058189930302089,-1.5254302033957523,-2.178335490883759
MEX,2005,0.25521873833111064,-2.0193961715695776,-2.5223402097999985,-2.07183052964455,-1.5112937080861104,-2.208553866741669
MEX,2006,0.26359765583870876,-2.0851628532965045,-2.6353552377054728,-2.2186478488273442,-1.4729769188790829,-2.3509812560653622
MEX,2007,0.27422440311973173,-2.0904851956120156,-2.680172508145009,-2.189759005235922,-1.5267451634656113,-2.3320360847794936
MEX,2008,0.3137804449347561,-2.049937637744117,-2.7020667119876167,-2.0331400682900806,-1.738480169212333,-2.1514121966476267
MEX,2009,0.33971183936455396,-2.0236974277846187,-2.5469205449797423,-2.267706024761668,-1.4279567617664908,-2.3702539064658597
MEX,2010,0.3412804699739669,-1.9532149317012992,-2.3828703604439703,-2.264176851940479,-1.3300523684231216,-2.3455338130664205
MEX,2011,0.3691828885935069,-1.9836453811593375,-2.416703727151655,-2.316679905859001,-1.37412707514587,-2.3899495787906764
MEX,2012,0.3550299554593288,-1.9266890555062146,-2.188953103835571,-2.366822000152569,-1.2735977025537708,-2.3977504721854137
MEX,2013,0.34305223691247766,-1.9371853076917471,-2.1877085969813606,-2.2210969880156544,-1.3751552828256157,-2.28608422478752
MEX,2014,0.35880087464840615,-1.8532890870740086,-2.144823817123898,-2.140674998632981,-1.267033306157574,-2.2131166936331264
MEX,2015,0.3048662648813051,-1.7151852680711936,-2.1664290511680093,-1.9224750169056992,-1.1429256223004605,-2.048425686970286
MEX,2016,0.28479258654795536,-1.5753199708628147,-2.0695392734425493,-1.7492674530027195,-1.0093763765841035,-1.8975315781654785
MEX,2017,0.27326494046062744,-1.6420397718119948,-2.0528358960953974,-1.8508939006137302,-1.061549664795976,-1.9839629280973865
MEX,2018,NA,-1.7442696540753901,-2.238935315963355,-1.8814125610815062,-1.212935644419594,-2.04181754246156
MEX,2019,NA,-1.9310678395125462,-2.5443682353139514,-2.039007060935013,-1.3733901194150078,-2.2402306054549985
MEX,2020,0.22443812375846406,-1.8172255575451681,-2.263464917660306,-1.9363822286663477,-1.2446763155431846,-2.106900219233302
MEX,2021,0.24279124966873322,-1.8419438800672938,-2.1981994330330172,-1.9652812101906458,-1.2736283412029505,-2.1240417916808534
MEX,2022,0.26230955465128336,-1.8978588978253201,-2.253679190578503,-2.0201963754327874,-1.3814834138298795,-2.165914905621424
MEX,2023,0.24183691298482768,-2.0697896014786448,-2.318002472246239,-2.2665057394496584,-1.514685763108263,-2.364286690555958
MEX,2024,NA,-2.0510106927319502,-2.2876449476442042,-2.273295875722647,-1.46144153131932,-2.3605631851694717
NLD,1970,NA,1.4717994667587824,2.2333034150916466,0.82695345212077,2.6543748283313118,1.0054810385028727
NLD,1971,NA,1.4074949415295765,2.1989638532496345,0.8680826736511098,2.4417947547537304,1.0456915125059236
NLD,1972,NA,1.328991888100401,2.208659305223017,0.8061742678634167,2.442643466614778,1.0188502576488148
NLD,1973,NA,1.1654143814111784,2.018546644910209,0.7482274009858116,2.131394828457897,0.8984465318096655
NLD,1974,NA,1.1753120485848292,1.818192676320424,0.7960852734891612,2.084020475638087,0.8834248693430269
NLD,1975,-0.21378062546665866,1.1743442138422802,2.007007433782043,0.8193732822153443,2.0057332568605553,0.9350563643382277
NLD,1976,-0.1585419902926486,1.1407572698678172,2.2097921308554813,0.8657932470801422,1.861976763984613,0.9585251896561129
NLD,1977,-0.16780899094594381,1.0768797300589164,2.248971481543216,0.7991435822090296,1.8403950817318098,0.872661471215104
NLD,1978,-0.18085140866819183,0.9999370192385104,2.042390049164997,0.7608789256777218,1.8451881819383293,0.8199963903974311
NLD,1979,-0.14388595916675295,1.0025420313077276,1.9621944924695045,0.7466369248949202,1.9082382479659146,0.7951200823952604
NLD,1980,-0.15344551256557282,0.9700424761588201,1.8347136507777564,0.7147815275362792,1.9130577040912007,0.7601722679946051
NLD,1981,-0.2154752733466755,1.0112084790991318,1.9080513810271107,0.7624416986736259,1.9409457627755005,0.8033837073123725
NLD,1982,-0.1911319254919318,1.0543582989632685,1.9643755488029817,0.801858827757806,2.0258167037393346,0.8435183621084189
NLD,1983,-0.17113030127593076,1.0356097669655535,1.8146758633686657,0.8198861640902391,1.9533357117144814,0.8566120322800632
NLD,1984,-0.1551028638364681,1.0269269569301107,1.749956602944299,0.8035242849148352,1.943282792286509,0.8364521947717717
NLD,1985,-0.13808838841743132,1.107419993572382,1.7228586307834006,0.9082578324884307,1.9183243779149743,0.9346316650164217
NLD,1986,-0.1635829227569776,0.9994518604936679,1.696249553087509,0.8615051242419938,1.6385046260949796,0.8922853571902902
NLD,1987,-0.18342253165672984,0.9941983752671206,1.6608968523634067,0.8651019215468434,1.8922666491659077,0.8970176510934169
NLD,1988,-0.16261043083112814,0.979842873841585,1.645275458248237,0.8655108826620858,1.7811388724678767,0.9024085971639497
NLD,1989,-0.1370936052888665,1.0440325906739212,1.594432362677876,0.9278603680097139,1.8094484005400218,0.961659478682781
NLD,1990,-0.20230012367640315,1.0603153056098786,1.5322074676075634,0.9859840259243564,1.6731173500747405,1.003469329122363
NLD,1991,-0.14332061791580153,1.0751443293868252,1.562125029877361,1.013123923893567,1.5905623324382347,1.0275213388001565
NLD,1992,-0.12811124896872872,0.998246942442077,1.5472081044607369,0.9097393996644536,1.5000716568148287,0.9331776445173777
NLD,1993,-0.22848830286624444,0.9192759753456095,1.4955262788874586,0.8485443077835284,1.3543029430011024,0.8808061000718236
NLD,1994,-0.19062030644657868,0.6786561407685092,1.4764517290967996,0.4094231727889931,1.3363948632259812,0.5347292453921402
NLD,1995,-0.19460887159813567,0.8340624927791838,1.4947855016903138,0.7110126625877464,1.2664452834283673,0.7808432946579897
NLD,1996,-0.17569758229134513,0.8298545936526507,1.4706213222634021,0.6729087244217783,1.3032191295613744,0.7566701801572951
NLD,1997,-0.14574311291244957,0.9259319791700948,1.4695100340001728,0.8221894806570861,1.2820048828147543,0.8911526344312789
NLD,1998,-0.1588618739423866,1.0122875422470332,1.4561363034696755,1.0066755387277457,1.182271215638358,1.0343399206446793
NLD,1999,-0.16966377083685047,0.9486559515415249,1.4553396056214036,0.8509923340863007,1.1785269105590874,0.9339421963241651
NLD,2000,-0.17331155525858455,0.9854012462057752,1.4576352766968368,0.8899621918207955,1.1913515032891262,0.9619899366245149
NLD,2001,-0.21315030906217858,0.9708415380083798,1.349856565312514,0.9387679616840241,1.1056624663519015,0.9691296733955859
NLD,2002,-0.296899203443343,0.9874554554554165,1.3163441413247878,0.9770461195854103,1.1333836776088917,0.9803845580458477
NLD,2003,-0.3611799477256088,1.6353616957333903,1.426924653774622,1.0781940577721636,2.501708285897896,1.0852769188202034
NLD,2004,-0.41298187334522607,1.6375134335242243,1.4425112026473514,1.1177084904988168,2.499798936980999,1.123563640285372
NLD,2005,-0.5688653313592279,1.5810802988022497,1.333730601965609,1.101264204658923,2.4051628560303993,1.0948016414981063
NLD,2006,-0.5365024313621375,1.6005447707140004,1.217771834450348,1.1080954200434325,2.458022160481868,1.0757768930263674
NLD,2007,-0.36894777940170365,1.6059026086600925,1.1778828689600125,1.1026336855432253,2.456434258790634,1.060979933424961
NLD,2008,-0.5394617442893853,1.6482204516857288,1.3105400525604654,1.115353292383112,2.433788779605442,1.0985799140384611
NLD,2009,-0.5084815146054417,1.6570374554155538,1.2674020858748511,1.084217586400616,2.4361292930322707,1.0606420822935163
NLD,2010,-0.45148850942840035,1.6754748581085854,1.2875667392833567,1.0975700867280247,2.4403462429305662,1.0778744761690038
NLD,2011,-0.475579513878129,1.7371408278335592,1.3658341360899162,1.1262116047918411,2.48705118063889,1.1172826068783572
NLD,2012,-0.49877656828634864,1.7799049726059006,1.4259725939213204,1.164887844415218,2.528038540153377,1.153174230675957
NLD,2013,-0.49478879855414803,1.783014257437196,1.3208833890952987,1.1360578483615782,2.560298351396699,1.108685527407365
NLD,2014,-0.5181989840210726,1.7673366225123934,1.3367604202475256,1.1550682186356003,2.543352575463881,1.1305910387254448
NLD,2018,NA,1.7202405735461164,1.2200845872874355,1.0717404962233672,2.524355191076431,1.035287452475789
NLD,2019,NA,1.5581954770030042,1.1024643437591082,0.9286630576166784,2.3668323517723997,0.9017973048236094
NLD,2020,NA,1.4770970282635272,1.0626944842818362,0.8649759896554141,2.3148064720577826,0.8458764064446365
NLD,2021,NA,1.4177202739263004,0.9842469177893209,0.8490387080801094,2.2491149673963036,0.8093185707320779
NLD,2022,NA,1.4409173374607311,0.9331447844554343,0.8719601917833298,2.235580682287255,0.809221787207824
NLD,2023,NA,1.3539653006089427,0.8911046861172157,0.847477000289246,2.131863274581091,0.7796490698868248
NLD,2024,NA,1.2720249244893984,0.7901475221714538,0.8046114639842462,2.0622866524176593,0.7173052545058598
NOR,1970,NA,-0.05177075417595911,-0.06463537224624005,0.1885708901959311,-1.156514908697483,0.1527542617406359
NOR,1971,NA,-0.1735503876034019,-0.4441868917788785,0.0660990414905629,-1.0300074954613443,0.018375553617936857
NOR,1972,NA,-0.14696050817566375,-0.3711906742932003,0.08954136447074967,-0.9829922714780883,0.04415843888299409
NOR,1973,NA,0.03270302534233305,-0.3176691409411019,0.24740966591702107,-0.8878133715755139,0.2070335620485868
NOR,1974,NA,0.07602656386661888,-0.21017554367743596,0.2676537970154482,-0.9613094342212105,0.2385140404423265
NOR,1975,NA,-0.09953291448895962,-0.49406719898787266,0.09625523179316997,-1.05270288754244,0.06442301758982416
NOR,1976,NA,-0.24528861906748656,-0.21176387752250836,-0.07420577998860511,-1.1557695236734853,-0.09387609843241695
NOR,1977,NA,-0.35036609918239026,-0.1396933272733829,-0.20135002142687508,-1.14823517252947,-0.21528556201572724
NOR,1978,NA,-0.4486250170684092,-0.23824369687361902,-0.3038377228192566,-1.0842032749108514,-0.3148958999845084
NOR,1979,NA,-0.4108436144190313,-0.290240000383891,-0.26119733833330216,-1.1240040037619927,-0.2737496203102463
NOR,1980,NA,-0.41222877862435037,0.3124919364195877,-0.26954737875155454,-1.3032089280733015,-0.2601884916967594
NOR,1981,0.005549168620015865,-0.4274509647089686,0.1897723501550841,-0.27953038693279186,-1.3585435449798102,-0.2773018511344496
NOR,1982,-0.039736314043465115,-0.37107186819927374,0.11556525384660521,-0.21523795382964472,-1.214161769702109,-0.2219430087641816
NOR,1983,0.01795261768277623,-0.44080211534855107,-0.1040306595246907,-0.27701802290443234,-1.236865350523968,-0.29210236099898945
NOR,1984,0.11140689284943706,-0.5166452212214607,-0.3603535387467378,-0.3478092603945444,-1.315774731222724,-0.3696235472562033
NOR,1985,0.05717233438234448,-0.4464517704504827,-0.6260077496641303,-0.28839338773903367,-1.0643985725955725,-0.3303590801147416
NOR,1986,0.022868104996759953,-0.38121710952153254,-0.45363933067704476,-0.17452868884376982,-1.0274448542868506,-0.2307019738446574
NOR,1987,-0.00237743417511016,-0.27113297703581873,-0.19154737296345736,-0.07853401231625234,-0.5639666599209665,-0.11944676252937403
NOR,1988,0.004348397195792941,-0.32714981718033787,-0.22738399361178807,-0.17829372671622368,-0.22365028046737878,-0.220852093084434
NOR,1989,0.009416348112925133,-0.358958627520475,-0.1815435173809261,-0.24207309701827628,-0.15410198752403925,-0.2794200721091442
NOR,1990,0.010874558055195993,-0.1568847475586117,-0.006241017628931811,-0.1651619008438494,0.3769319244128302,-0.18573526001458673
NOR,1991,-0.04571245520359479,-0.1205605506241001,0.09616070406259514,-0.1179819675846856,0.32478068481703914,-0.14293996080772264
NOR,1992,-0.08985950962203848,-0.15644563305235837,0.17614355237330948,-0.15460174995508447,0.20185593960214465,-0.17002827131459397
NOR,1993,-0.049702455370334575,-0.34555622238183803,0.11848456393634121,-0.43687032337314835,0.18410775016231007,-0.4203683144262801
NOR,1994,4.913632087334419e-4,-0.20055387753284604,-0.035976825942764634,-0.2636885393922066,0.3522616169508168,-0.2925867970639634
NOR,1995,0.0025185395009799105,-0.287850461110847,-0.07932821201261042,-0.4114007436350424,0.3220673851829565,-0.4220629681997923
NOR,1996,-0.005401591812158157,-0.25842672097790625,-0.001911931710001813,-0.3611138938114653,0.2872267339328982,-0.3635205818818634
NOR,1997,-0.014322577480798238,-0.10904145658469006,0.1520324907570516,-0.1505982658679117,0.2738928875020574,-0.1543582921820662
NOR,1998,-0.21004966959367244,0.004751347262380856,0.578546113849189,-0.08308432117152598,0.2483984198330329,0.0014526368630332076
NOR,1999,-0.15367967740225674,0.07235978463666297,0.5115975301809466,-0.03396539694942269,0.37810087898867106,0.029748801610997522
NOR,2000,-0.17186677747277068,0.12583143886656684,0.5945732437333577,0.10281423383263577,0.1956038866978409,0.15088502429271805
NOR,2001,-0.13148871623159586,0.16841193118366915,0.5268075257963316,0.18464917617105692,0.22364710378866315,0.19631780751291725
NOR,2002,-0.21695289664527473,0.32057816177329085,0.835623643499444,0.3215934893432748,0.32157164220788736,0.36550131855690016
NOR,2003,-0.18437171213326908,0.2971234632361236,0.8207673072128159,0.36969703694774303,0.16288049788635672,0.40222831547735044
NOR,2004,-0.1692078333695195,0.2901090643067155,0.8520110379881916,0.3613404505474896,0.10006952638340194,0.4096591710222092
NOR,2005,-0.14038097191593135,0.2616330539715581,0.7955577929312634,0.3139871863696936,0.05490426322693409,0.37500651996994033
NOR,2006,-0.15070791122723792,0.3203057329250897,0.7974170418709321,0.4275513364509558,-0.017151946431205434,0.4620590079758818
NOR,2007,-0.18456521461642994,0.3509247490321694,0.9403662944464292,0.4008061872559419,0.06249916698709046,0.48219788657880325
NOR,2008,-0.24225610390498575,0.3028565597236029,1.1925137532016459,0.30596979476042396,1.4554731061078297e-4,0.44296674072120124
NOR,2009,-0.29938651788232296,0.43171562725336055,1.5360582566663925,0.2984293085424755,0.08000575029245627,0.5995555370444081
NOR,2010,-0.2532059645992718,0.4389201783077432,1.5000897649090852,0.32419264231860156,0.032078036762161144,0.6253533373755101
NOR,2011,-0.3073175769775953,0.4234313557226309,1.5166653212097356,0.3220262836541684,0.02637356039478278,0.6101898152366347
NOR,2012,-0.3368444965584393,0.41565091094884055,1.5485317690381486,0.26520780459864934,0.019400953303902013,0.6070467435790778
NOR,2013,-0.3514950099231223,0.47085528439159086,1.5325787782191385,0.34546622014464057,-0.05754322418475466,0.6917393417904498
NOR,2014,-0.3530550162247009,0.5337787057912847,1.57083808192881,0.42292031877746006,-0.09583604807310764,0.7697055484777544
NOR,2015,-0.4059464615583832,0.7394041246665483,1.7126214036918745,0.5972993114246796,0.1200593295158644,0.9486432554379906
NOR,2016,-0.3814545977173356,0.8126856875114661,1.7955255036471685,0.6595243097380266,0.214517795659804,1.0190290527580765
NOR,2017,-0.3808062973957784,0.7777968908428,1.75608157526489,0.5844878798056159,0.10373718578863794,0.9963530525883036
NOR,2018,-0.3440211818549741,0.6371193316947408,1.6947903467645111,0.45364860970752074,-0.012881537503978024,0.875986746604094
NOR,2019,-0.3876217194838203,0.6561097600316607,1.721190929762999,0.4015776686371876,-0.07147998099452124,0.9031134357397146
NOR,2020,NA,0.7260252242000527,1.76973677638445,0.4488645091892685,-0.038490424906298004,0.968525593475343
NOR,2021,NA,0.6079835173112617,1.542830953188818,0.388088365905694,-0.1645123664421551,0.8465359707134704
NOR,2022,NA,0.44419125114835356,1.4302942459568686,0.29078480298151654,-0.3377731002858673,0.7013041733238021
NOR,2023,NA,0.7893074893750697,1.7668949145931176,0.6120335477168739,-0.09855600413513627,1.0527055877713123
NOR,2024,NA,0.8751375542386138,1.8220166183995286,0.6667710040070678,-0.11436607561705159,1.1402910873573882
PRT,1970,NA,NA,0.5413551464669784,NA,NA,NA
PRT,1971,NA,NA,0.22691304801590206,NA,NA,NA
PRT,1972,NA,-0.718318764129495,0.00617745685119786,-0.5138495294176066,-3.466524432937643,-0.47294734939934435
PRT,1973,NA,-0.8294633761699646,-0.06568546387221996,-0.7044357504898997,-1.738081949349331,-0.6558962330954416
PRT,1974,NA,-0.6976979660459774,0.2924385361775892,-0.6446333523717418,-1.3003924990747389,-0.5688987366145422
PRT,1975,NA,-0.7670143828227085,0.01290817969335123,-0.6824565842815833,-1.354252830665732,-0.63308554883612
PRT,1976,NA,-0.5599767305879775,0.8984539754151184,-0.5162826172823987,-1.4012966126294595,-0.4135161482740193
PRT,1977,NA,-0.5240200668642856,1.0958393824177897,-0.46601971850320467,-1.4565127716241677,-0.37936081085081974
PRT,1978,NA,-0.5875940119444056,0.9935594762507183,-0.5250344051394347,-1.4096109345076084,-0.44047230489952693
PRT,1979,NA,-0.48470897927317447,1.0113685744058882,-0.39079248672789624,-1.5719533275112427,-0.32539162941854793
PRT,1980,NA,-0.6121387489673238,0.8211958823939725,-0.5116299579589396,-1.7793631160354924,-0.44625740742236664
PRT,1981,NA,-0.679641481684726,0.7646750762863368,-0.5731348619929206,-1.8930165435805715,-0.5159531377630209
PRT,1982,NA,-0.5063851421488723,0.8530479040656971,-0.3845004170338677,-1.7944126419705322,-0.3363473640633301
PRT,1983,NA,-0.3221081276225415,0.7441331630212291,-0.17496673918299188,-1.7569425233128078,-0.14483079769081275
PRT,1984,NA,-0.22777240985187275,0.6647019305019883,-0.06254090467724205,-1.8261107575047064,-0.04676107366550686
PRT,1985,NA,-0.34860321900506674,0.41105673486860894,-0.19940902584936548,-1.7340205140650093,-0.19102659507625797
PRT,1986,NA,-0.5644926296509779,-0.016347972091359075,-0.3455530529977988,-2.067107673122409,-0.3652230901137232
PRT,1987,NA,-0.8132596071559929,-0.27075855071741906,-0.59502559869776,-1.945891566513951,-0.6083507081110451
PRT,1988,NA,-0.7954533157200446,-0.4561490308853404,-0.544042356779898,-1.937186794605224,-0.5772382457015852
PRT,1989,NA,-0.9707404621879776,-0.7307735199511485,-0.7190320625936113,-1.937879161204871,-0.7625687574471682
PRT,1990,NA,-1.0064281841430083,-1.0498250518182637,-0.7595122522903914,-1.8646122005840593,-0.8102139432233577
PRT,1991,NA,-1.0039601277114656,-1.1933777841822861,-0.7563600997595603,-1.5497346187531016,-0.8308194577961778
PRT,1992,NA,-0.9774584141305401,-1.3937467357790836,-0.7510512194419352,-1.3322172636189054,-0.8376442927962888
PRT,1993,NA,-0.5268496969083629,-1.1962147869262751,-0.21335953408829988,-1.3522309993580857,-0.33610610446297307
PRT,1994,NA,-0.271457960687164,-0.9957615447925554,0.07033629335975211,-1.2801281232844506,-0.05511294588817095
PRT,1995,NA,-0.27407043365378136,-0.6346800682199247,0.04262073062552918,-1.2108177679007848,-0.06598551700897304
PRT,1996,NA,-0.11953006395111404,-0.3523568561564363,0.1896752460392268,-1.0920945670067175,0.08511666314770194
PRT,1997,0.03928811856851111,0.0649909526892763,-0.5183648711650211,0.4158282624325862,-0.826498433247544,0.2727152984575738
PRT,1998,0.09303617356452265,0.1730453703647155,-0.6412526086306545,0.5354195203323326,-0.31249963241658674,0.3413197873618451
PRT,1999,0.10875633070621793,0.048974488935975904,-0.7051698685440733,0.422523657452398,-0.344634560902324,0.18433903546422548
PRT,2000,0.1147181610111504,0.16067943307766974,-0.678067322594591,0.5029110401901014,-0.057242078505203464,0.2636892458321396
PRT,2001,0.07659366227702491,0.18473790751450006,-0.7133710431622613,0.5171708510278046,-0.03395994009746506,0.29368492206831803
PRT,2002,0.02509583365107848,0.24876842837923868,-0.5537941363337118,0.5735615837562035,-0.14492595083528736,0.39438529168691766
PRT,2003,-0.04817123187895844,0.2988854196665983,-0.6644728003927303,0.6567057051814154,-0.010536676954501445,0.44792005906900734
PRT,2004,-0.16263694578265275,0.27330421303825086,-0.49899126320579623,0.5964655145166098,0.05013806622925676,0.4010226610150418
PRT,2005,-0.31243909517929114,0.18108062722736573,-0.29678365899554615,0.47809725969754757,-0.05326393313595368,0.3012429372299535
PRT,2006,-0.19089540559925766,0.15098889349899614,-0.1982201628037421,0.4226589844016586,-0.052061782983053195,0.2618854637764619
PRT,2007,-0.1619679768109089,0.1033979122169566,-0.12790501615797933,0.3637098738793193,-0.12908541341761115,0.22126567527814603
PRT,2008,-0.4636508114793684,0.10623813387222114,-0.07607018299409729,0.3358785879944679,-0.17235035547182365,0.24015069063513803
PRT,2009,-0.25166243634226615,0.0858990588733114,-0.21977125619064442,0.39907434226407373,-0.2725246204965319,0.2554415221991224
PRT,2010,-0.3152931986866121,0.07563430860091902,-0.3260204021210651,0.4143093851067268,-0.275642072295032,0.24802952238778195
PRT,2011,-0.29366742647283495,0.019152874814136522,-0.4387124258186992,0.3246709166195872,-0.24427459552746178,0.16837676003343083
PRT,2012,-0.09934775395905782,0.04631542922410703,-0.5449528656099618,0.37392679450273475,-0.16059770091922654,0.18176315574953958
PRT,2013,-0.06082239959577129,-0.00621075371000146,-0.5994035396308814,0.30474914387679125,-0.09657372681496734,0.08587314171027025
PRT,2014,-0.13079343810978694,-0.08285972557076665,-0.6486005281642631,0.24743092753964427,-0.21164868836198503,0.021874124524513455
PRT,2015,-0.12756490230886486,-0.061168415263036846,-0.580357263012939,0.22151212481010032,-0.12106748749957552,8.093078809181253e-4
PRT,2016,-0.12228942399264331,-0.14469452990126602,-0.6802774285257833,0.13388500874876472,-0.164759233620017,-0.09599704898463904
PRT,2017,-0.08312788119555947,-0.1386943673798492,-0.6726650792636097,0.18280724432859108,-0.20224925309589448,-0.075668219726022
PRT,2018,-0.090205096231748,-0.26931446027169215,-0.7385727665744013,0.08308738705112645,-0.42738143262387085,-0.15465313015751456
PRT,2019,NA,-0.3974323493164453,-0.826303050469393,-0.026309867484274458,-0.5718241340107367,-0.27882511529672216
PRT,2020,NA,-0.38419233925917906,-0.7943834380637637,0.003004973974065822,-0.5818287796783159,-0.26059211089210393
PRT,2021,NA,-0.43757265103302223,-0.7235000649675608,-0.05976988557144473,-0.6154445254786491,-0.3232553391122349
PRT,2022,NA,-0.41984525907641296,-0.707941625751876,-0.07150793639293043,-0.5798148970959796,-0.3046779728255959
PRT,2023,NA,-0.4765113096194989,-0.7943300199404588,-0.127339574357406,-0.6051864767792781,-0.37599059398661483
PRT,2024,NA,-0.47473406361626147,-0.8264126606399786,-0.08455695645979996,-0.6478540388278122,-0.3642540888544026
ESP,1970,NA,-0.987404210588321,-1.6612929010917732,-0.7007938694090323,-2.4741292400638972,-0.7654953780695397
ESP,1971,NA,-0.9012965191891356,-1.7755586874718219,-0.6007149332906634,-2.4625822921902554,-0.6718450417111408
ESP,1972,NA,-0.6870881517062222,-1.9118636314457111,-0.3809052634152641,-2.258783844295195,-0.46246669261476847
ESP,1973,NA,-0.5446816776286516,-2.1503953949216434,-0.2688082553999305,-2.1640818667683455,-0.33879342352279607
ESP,1974,NA,-0.7791965093913975,-2.2549232456122468,-0.5496976587299063,-2.04739775937711,-0.6042426868168063
ESP,1975,0.11254588082969874,-0.9232208837971039,-2.0003132956200966,-0.708045572422221,-1.9215291719955654,-0.7563146402804364
ESP,1976,0.15447724370235216,-0.9502274292989821,-1.5945206857754446,-0.7895696253398017,-1.5279640335394182,-0.8264259613902287
ESP,1977,NA,-0.9404492515159502,-1.4692802001760947,-0.8038561718782851,-1.4275285532588442,-0.8336170551516229
ESP,1978,0.0839030822619824,-0.791644062175124,-1.6338266369141472,-0.6335604207145753,-1.3430193675706579,-0.6649029374387954
ESP,1979,0.10311469424216146,-0.7451788091171117,-1.68765659851217,-0.5821267015579858,-1.410654085148546,-0.6116078799950724
ESP,1980,0.12422754020920002,-0.6454184669181362,-1.6442490491339878,-0.4714922568466011,-1.3446038455107168,-0.5056611972817899
ESP,1981,0.11667751105651747,-0.5852270844045899,-1.5318757720473766,-0.4300477873764541,-1.1402948237909638,-0.4607043348344504
ESP,1982,0.09043753845215607,-0.6446429514464471,-1.1458220583493919,-0.5248777706039129,-0.80129109949422,-0.5553136339133637
ESP,1983,0.08234577463349568,-0.6773010210256221,-1.1517504641385585,-0.5732377888171918,-0.6482582907886578,-0.6106109717780985
ESP,1984,0.07045443782319549,-0.6425350474514975,-0.8461364194573484,-0.5405625644177803,-0.6707654071502063,-0.5712990180364386
ESP,1985,0.04827540031130628,-0.6739396775391597,-0.6711256189384578,-0.5943940661630223,-0.6813957295125324,-0.6266698568863707
ESP,1986,0.07089431092105081,-0.8423708530403723,-0.6194623712935741,-0.7315947632714856,-0.8839063142756713,-0.7667313466847285
ESP,1987,0.0825667851791475,-0.9770482767358258,-0.7494168207178724,-0.9070861930506593,-0.5501400500475015,-0.9322702118454589
ESP,1988,0.08394035990778004,-1.0834756334959148,-0.7910057887310336,-1.0195733925233614,-0.6604264046705537,-1.04183375059394
ESP,1989,0.08881988561196719,-1.071410101071155,-1.0403296104840813,-0.9699526796634499,-0.7436715651554242,-1.018218492351301
ESP,1990,0.10400412403322312,-1.0403945361095785,-1.2422891496555843,-0.9460142948622439,-0.7587906563759454,-0.9970366404026594
ESP,1991,0.11438109343860703,-0.9901162827214723,-1.2535253361659366,-0.8924320673829296,-0.7063188150312554,-0.9625392506664028
ESP,1992,0.12744284859127264,-0.8219396427236566,-1.3410095885549818,-0.6703233082817217,-0.7478396346648513,-0.7581532892624057
ESP,1993,0.11415462539698007,-0.42804373270119167,-1.2060105389485165,-0.19244491569276057,-0.5915208794474083,-0.3164281316637737
ESP,1994,0.11995872589865031,-0.4572981619432629,-1.0930279488577797,-0.24382721806559848,-0.5130359074883843,-0.3600424351211594
ESP,1995,0.12210570902377338,-0.40111542727054794,-1.1386790454049378,-0.16623961574225232,-0.559090930778253,-0.29004122470913085
ESP,1996,0.12981346462746557,-0.5421225644797507,-1.1887662455603416,-0.3361505279345878,-0.5788558652217919,-0.4605361694570924
ESP,1997,0.10842436161528524,-0.4464922396987809,-0.5918204595380567,-0.2934228929823377,-0.4002737733550523,-0.3836138233517128
ESP,1998,0.10878619036887549,-0.2832203743425774,-0.4095604099409562,-0.09318940017416688,-0.2970713539951937,-0.2076374969118886
ESP,1999,0.07055019627868941,-0.1841549189994849,-0.2050138460279678,-0.06097488625927505,-0.037444342853024226,-0.17139782960117256
ESP,2000,0.09731368536078921,-0.07271272391509186,0.0629944127974853,-0.009748397936753861,0.0710213668374069,-0.07286850939271117
ESP,2001,0.14399034116606824,-0.1684907022522082,-0.29665241358638994,-0.056317942008260014,-0.03729487626329986,-0.1687816919661514
ESP,2002,0.178702655748343,-0.1008794718628032,-0.490959710193942,0.07482390616687717,-0.08721764917238728,-0.06010644764889536
ESP,2003,0.19474496903310312,-0.12285648957120036,-0.49608232466441615,0.09554676074723517,-0.1343073262677139,-0.054947499573931996
ESP,2004,0.18931418985755843,-0.1298368915598612,-0.43837469762076675,0.06240385001110765,-0.09188808712059604,-0.07691417686069453
ESP,2005,0.19621737376254178,-0.1686292340102444,-0.49364055573870913,0.027482044243611836,-0.15476395252651165,-0.11896961806564926
ESP,2006,0.1841660925065557,-0.17047113176238782,-0.42620254880941677,-0.03483202574166211,-0.04039060352150914,-0.16327697369461056
ESP,2007,0.21145223301929628,-0.23360911697326375,-0.5254715023042364,-0.14126831628451636,-0.015263376356895786,-0.2680701725722102
ESP,2008,0.3038342666010755,-0.24844305830526414,-0.8283419701292778,-0.20133784397621435,0.0038552911003870705,-0.31628408104852823
ESP,2009,0.30139767495161496,-0.31762186825400973,-0.8582128262597515,-0.2332319861663521,-0.08171204514315089,-0.3774993036396429
ESP,2010,0.28046619765370495,-0.3602114617024167,-0.784982229529998,-0.3329225796964374,-0.05562890179254398,-0.46542345978964983
ESP,2011,0.31142451524848025,-0.35727550464950164,-0.8279834934209469,-0.3560324901721792,-0.042460876222484845,-0.4816846978846504
ESP,2012,0.27772889129537837,-0.329158679724149,-0.7022058029857523,-0.31733981362991726,-0.01942940651807812,-0.44943080942252245
ESP,2013,0.23885557720920847,-0.32811953094054974,-0.568181919882562,-0.3594035356482468,0.020258250619728746,-0.4761273383123875
ESP,2014,0.22533775657561028,-0.34386352829774014,-0.5054615348193645,-0.3681265617501114,-0.014180720096491295,-0.47102700706471257
ESP,2015,0.08871465520388544,-0.21009288791893238,-0.32065484468071626,-0.2847229289134042,0.15008972641883433,-0.36294291674621315
ESP,2016,0.05211301295558746,-0.21967930159995186,-0.3578317327880993,-0.2854580762578157,0.1538168128686206,-0.3786915356026034
ESP,2017,0.012407658370984787,-0.170642340994972,-0.24691396457095993,-0.20278406558359016,0.14652505704708652,-0.2947178349895393
ESP,2018,0.02002278049064654,-0.23602022824897578,-0.2821366760513837,-0.20811647255172722,0.0064688088945538125,-0.3048967896219151
ESP,2019,-0.025428275475575468,-0.32503570844749385,-0.38008662528194825,-0.2697023477955055,-0.09738829383045144,-0.38026709485985966
ESP,2020,-0.13135368028857808,-0.25533928679863993,-0.29572451254685506,-0.15827986477598516,-0.06515112349440438,-0.28051684600124865
ESP,2021,-0.13254618693631448,-0.2519556877026773,-0.2788429827295571,-0.13376850259872983,-0.08587237213743087,-0.26678137809245134
ESP,2022,-0.11258119140708,-0.1964425326890784,-0.32197736067244254,-0.05359073126248272,-0.04786128442415566,-0.20800751944604873
ESP,2023,-0.1388468918933239,-0.21833118514286987,-0.3864416874210468,-0.05381283380956087,-0.07166177996870288,-0.22919785873810988
ESP,2024,-0.12711910987889974,-0.2246377312780624,-0.426906663542435,-0.03531482745325124,-0.075679876465502,-0.23510507493345276
SWE,1970,NA,-0.2623902229686561,-0.2740781066731488,-0.09994749921882118,-0.5431946625137485,-0.13115401778417235
SWE,1971,NA,-0.30970555243442366,-0.3272548009148917,-0.16510594725954686,-0.4928595828144262,-0.19318036004259942
SWE,1972,NA,-0.25950761526133603,-0.3943531740574917,-0.12414938572449374,-0.2566897986789711,-0.15824623759027756
SWE,1973,NA,-0.12594634907553992,-0.5947492154399425,0.014949505986598055,-0.2850334834881365,-0.027167582551056446
SWE,1974,NA,0.07740848865101557,-0.8272185749084571,0.20496648435510956,-0.14782031408283514,0.16061104861649933
SWE,1975,-0.03210211643634353,-0.0693890699906261,-0.7906783586882549,0.059779703759191616,-0.29687205578830556,0.020516523439627843
SWE,1976,0.02635206542143398,-0.0761044788600449,-0.5521140180202408,0.021976769097407534,-0.20388723866035363,-0.010148118989985244
SWE,1977,0.07998953359636618,-0.17623101430643806,-0.412262064609342,-0.1202610709243841,-0.1540291195787722,-0.1432898609897162
SWE,1978,0.06233242711191689,-0.25418350477658236,-0.545021823866489,-0.20786798488184188,-0.05722043815837585,-0.22913247330532394
SWE,1979,0.0833851571641796,-0.28326177414431664,-0.5863698511510327,-0.23116039145957235,-0.1293413456332977,-0.25082505065812444
SWE,1980,0.1081555974419649,-0.3751975085481418,-0.6922162841876496,-0.31121087584327856,-0.22932062622965876,-0.3342113848425763
SWE,1981,0.10900243823551081,-0.3834489722555512,-0.6472371674171997,-0.3696064921030404,-0.03278966578454634,-0.3890996205505086
SWE,1982,0.0989335858057383,-0.22763171844208885,-0.4501580566413823,-0.28530024417619426,0.4272685990692091,-0.30704710571707006
SWE,1983,0.10429055712790414,-0.10303087981518755,-0.4954434104840546,-0.15193773193131732,0.5690985143273974,-0.1839946648003572
SWE,1984,0.09970360524848021,-0.2052776106151064,-0.733304544463838,-0.28304745891982774,0.5287739172406889,-0.317335846777683
SWE,1985,0.08707059481220525,-0.17604487453112516,-0.6154221451440245,-0.3278706502696005,0.6774007055064049,-0.36816075536039206
SWE,1986,0.09990910462269975,-0.26676674562191216,-0.8722387629796655,-0.44335129437214915,0.6376420153642184,-0.5057197718378832
SWE,1987,0.10512710238529255,-0.16777123435297903,-1.086528138173529,-0.37078631974364606,1.0562230625546691,-0.4350555195652499
SWE,1988,0.10245324246672871,-0.17382559080058269,-0.7760105993889193,-0.42184312374028776,1.0408879423882664,-0.4813918236627379
SWE,1989,0.06019398369624507,-0.016980183973085317,0.2745525548262231,-0.32271880475147197,1.1144940398636143,-0.2990879529927417
SWE,1990,0.0325071043796612,0.11396514167141214,0.5815536001549813,-0.18689205257363328,1.119152627594683,-0.14087806833663818
SWE,1991,0.0018224415640647473,0.10426769765138777,0.7178324773095595,-0.2151448434881238,1.0055211658113619,-0.1391976920098661
SWE,1992,0.02178827147093587,0.0323866018137946,0.4362761016809129,-0.20210652534362428,0.8294363687418849,-0.17853633965973636
SWE,1993,0.01197080726340316,0.05282121194626477,0.6349746236280538,-0.2547941006205672,0.8791454357802535,-0.1746229873979258
SWE,1994,-0.007832352401943021,0.13110314051208782,0.6866729711487376,-0.21144692234239693,0.9712904906288531,-0.12602680528833987
SWE,1995,-0.01744339530322747,0.18785631145941,0.8974484097133586,-0.11461168073111083,0.8797092110374709,0.008350540902192671
SWE,1996,-0.005974748457351353,0.13337109151108772,0.8871330606444743,-0.14782219858257828,0.7444323315424084,-0.0036545570961257212
SWE,1997,-0.024573206450542284,0.2552038605071714,1.0289885306003546,-0.2797547213251601,1.03600223815184,-0.007402150537594854
SWE,1998,-0.06592750033041095,0.2531124947057096,1.0508586611528443,-0.20188181039129893,0.8356480352217154,0.09217543592315669
SWE,1999,-0.054783212365183465,0.3895155430278594,1.1251770776530998,-0.1884080233939186,1.0127815985914244,0.19059578941746616
SWE,2000,-0.03307792801539344,0.389786785623566,0.9749645334713272,-0.08588283329576962,0.96665129186304255,0.1738140971245763
SWE,2001,-0.09379169996808301,0.4129992361263015,1.1232968656384241,-0.19153089498001086,0.9684482730700736,0.1812732485925262
SWE,2002,-0.121679990350544,0.372899641589066,1.0625985300075969,-0.22327963750155216,1.013224590039163,0.07418649526312926
SWE,2003,-0.0908606361716362,0.34677858540583273,1.0691257279554076,-0.20380837099152094,0.9193850376142845,0.11335490352146371
SWE,2004,NA,0.37105447648182516,1.0698778730994816,-0.12680273666170022,0.9212842400496276,0.16763640127034357
SWE,2005,NA,0.3549590259597438,1.034978993583069,-0.13709487527694753,0.8392376918469451,0.18195484576346374
SWE,2006,NA,0.3911617607902673,0.9953778003613425,0.017444796864713563,0.8034894549761009,0.26394369560906844
SWE,2007,NA,0.3929655140274718,0.9705834100736073,0.03889888119869733,0.799770838485174,0.2597529434014242
SWE,2008,NA,0.35526928206463804,0.9944669149191678,-0.026775993593561087,0.819189409071557,0.15057326420513162
SWE,2009,NA,0.46201950485531085,1.1890708707531472,0.05691195784318484,0.8340160317547438,0.31451335620961896
SWE,2010,NA,0.43431788270634353,1.1653816165145776,0.052680081196724265,0.7425628725790125,0.3266621568280682
SWE,2011,NA,0.3810552755923936,1.084473961487991,0.06721920324620856,0.6548306312855222,0.2850577030017645
SWE,2012,NA,0.3685357896121181,1.0847497309647,0.07819746258200667,0.6007531424687325,0.3007272052588684
SWE,2013,NA,0.4044675861425783,1.0837656869005032,0.12858571993321935,0.5862829217042383,0.3673151624650156
SWE,2014,NA,0.3774856518544353,1.0298152143137447,0.12070589932573611,0.538078261637067,0.35504700053624005
SWE,2015,NA,0.43619022144716213,1.0735898538997914,0.11802111341147575,0.6188738505679577,0.39096539493228044
SWE,2016,NA,0.39046514751335903,1.0420938433160347,0.07062055750230059,0.572384752452532,0.3480864617238736
SWE,2017,NA,0.450029794675331,1.0470724829352636,0.19450449683328294,0.5625042803768953,0.4395336995266914
SWE,2018,NA,0.3408649448741765,1.0362828551817047,0.0026599248672769527,0.5077439153178175,0.3154787724959685
SWE,2019,NA,0.25395899208006323,0.9648551634937333,-0.1515548407356028,0.4194637069238707,0.23269967083862836
SWE,2020,NA,0.23223746988702065,0.938269441871624,-0.21272854518101797,0.4255091960921177,0.20551762776624138
SWE,2021,NA,0.24804641638882285,0.9266843665254418,-0.27332849884349314,0.4552299840287116,0.21314758048506466
SWE,2022,NA,0.31737413881106524,0.9813327529713943,-0.1860044004287783,0.5830348220231076,0.24051045035701213
SWE,2023,NA,0.38685198920978137,1.0281546028174477,-0.1297397601874932,0.651482672920379,0.3127355294112581
SWE,2024,NA,0.3925935411180247,1.027855306422854,-0.1478601266237295,0.6291286444206561,0.338452228069649
CHE,1970,NA,1.904381365170065,1.974735449112203,1.9859405361171376,2.0294811175233427,1.9653818129332108
CHE,1971,NA,1.8932016809938808,2.278622283669797,1.95626396974678,1.934777132522862,1.9686172529501784
CHE,1972,NA,1.8666811653951698,2.282334099093873,1.9215695702561097,2.0091873340216875,1.94280535951647
CHE,1973,NA,1.7395648262770984,2.2990555851901004,1.7441441276642458,1.8927719706799484,1.7828607310352091
CHE,1974,NA,1.8939566498418967,2.5754595996525453,1.8512411136328215,2.068487973405481,1.901437917332657
CHE,1975,-0.30013832208808433,1.8453622840423176,2.5902003483475178,1.8166635617245848,1.9501775926093294,1.8747610530634446
CHE,1976,-0.24320922323449512,1.9225007983757116,2.913957561328882,1.9115376556696089,1.933712195988435,1.9636444560515276
CHE,1977,-0.19522078232097406,2.01161748186541,3.108480059510577,2.008033027341919,2.015213528147158,2.0480947904831543
CHE,1978,-0.19330164770206415,1.8305932138435717,2.750452282297845,1.8549147163493813,1.8825335923375364,1.8827024236897831
CHE,1979,-0.14603285891174156,1.8399908526305673,2.7318908105866284,1.8755354026712976,1.8438228693659342,1.8986012795233718
CHE,1980,-0.16580381831166735,1.7123209753025885,2.662299475207265,1.7357869519934472,1.784795194045682,1.7661041667578359
CHE,1981,-0.1832602320934691,1.7650817728377688,2.67889298964912,1.8044353397155708,1.7606364706003361,1.8268578397133717
CHE,1982,-0.21231113566907078,1.7899583784053854,2.712903953224185,1.8497204882219513,1.7087730543485362,1.8695141340159727
CHE,1983,-0.26039464407337565,1.5887979150377016,2.6130249161301182,1.6328295359931861,1.5296403282992121,1.6682490906689051
CHE,1984,-0.29693175077804135,1.588975232739505,2.6780733228197118,1.6400560936716961,1.404069435199667,1.681234405400236
CHE,1985,-0.24960769970771868,1.773042336528274,2.7866207283673057,1.7925551040830363,1.6460087605092935,1.8377334726547794
CHE,1986,-0.23399003432014764,1.669931682410005,2.5388340844779127,1.7455761314724962,1.4633614294793127,1.7713052590527774
CHE,1987,-0.24871098356444676,1.6859128442758253,2.3927212297195903,1.7845669645720021,1.7451785044097818,1.7961479909673492
CHE,1988,-0.21059479800222802,1.622649494828349,2.2065040863595344,1.7400240105139066,1.6584048192189458,1.7397804961761758
CHE,1989,-0.21869946518911731,1.6261373860605488,2.1233423406284118,1.7401228736916852,1.663249357152861,1.7359258703560996
CHE,1990,-0.2058826497061651,1.5636860540940476,1.946667559645157,1.6852292689912314,1.512843243023448,1.6734707537718125
CHE,1991,-0.18497829592294956,1.5506563945765341,1.9754615993502889,1.6784173686239785,1.456212967298883,1.6621445378255901
CHE,1992,-0.18526358892790895,1.5226940718218627,2.0611313040058357,1.6401245601710261,1.3485514726625834,1.6350725011595888
CHE,1993,-0.2314212314055526,1.4877288698130482,2.1648609435278123,1.5580092549161304,1.414124620085814,1.5832213504297896
CHE,1994,-0.23093083604947529,1.4653468904807152,2.1213650310173366,1.5394078473139392,1.4076045850217582,1.5630147512787111
CHE,1995,-0.1808759141389017,1.394468127354254,2.0178359853980448,1.4412576499031933,1.4046500887724975,1.470453116947702
CHE,1996,-0.20399017526225127,1.4121747784185599,2.007972803056809,1.473470647528799,1.3367270974870438,1.501910433341302
CHE,1997,-0.14358557375078773,1.5835286182490658,2.1063914872967486,1.6491225466130295,1.5070540262351761,1.6755544956261519
CHE,1998,-0.15342628347070852,1.6079283134020281,2.0177823995894433,1.7402206723640503,1.4003340919928287,1.727995869178111
CHE,1999,-0.15598637184874697,1.5107596267306371,1.906443850525359,1.608786078775788,1.3664219418460046,1.5994654970632611
CHE,2000,-0.10124617756466225,1.568406736253343,1.9130489581245136,1.682844834798427,1.4099523795427387,1.657536267898928
CHE,2001,-0.23801807089726912,1.4585174741537714,1.7971196374215712,1.5604174247196196,1.3249646536345174,1.5452655460119762
CHE,2002,-0.1099283717136389,1.461238108971664,1.7488584847619493,1.5680910987122783,1.3533620669070785,1.539121529264528
CHE,2003,-0.15104859596645026,1.3507896398769565,1.7110671200828071,1.4630285967622827,1.247969538282736,1.4469332781862483
CHE,2004,-0.15101347601588022,1.3173718632031661,1.660506967415759,1.4017842172124901,1.2877169071119885,1.3921457798354921
CHE,2005,-0.12435693814504944,1.3099309173449691,1.5387163228780107,1.4000162621917145,1.2879724616476182,1.371217270800689
CHE,2006,-0.10287392826322772,1.2647841405410016,1.4351454896909237,1.316092057294584,1.3576685949608995,1.2859620614840492
CHE,2007,-0.1397853073887414,1.3354738512002102,1.4643778674970445,1.4272568192114083,1.361707084816303,1.3772791007160399
CHE,2008,-0.06942249899212072,1.248719889239536,1.4427715412405535,1.2479414850040693,1.4012868200863537,1.2311086102648503
CHE,2009,-0.14132425503315516,1.1509996269074083,1.3011022311434388,1.1443774671974332,1.3432109493873525,1.1154318046839224
CHE,2010,-0.08767159508951694,1.151435381461745,1.2503371098019382,1.0854229968239082,1.4347343170054776,1.060134604265802
CHE,2011,-0.09833098106144544,1.0852568301306547,1.2223936685455294,0.9881058638016696,1.3756016354894118,0.9780249140784366
CHE,2012,-0.2037008941548344,1.0750752685997707,1.2196664834951942,0.978833759515807,1.374287580976569,0.9623302280671336
CHE,2013,-0.16761046035472016,1.0744334382946632,1.1719295817074373,1.0371578788547346,1.32240533442463,0.9968772834797452
CHE,2014,-0.14266086743250217,1.049070509051206,1.1193853560043177,0.9844927161722754,1.3418277852579914,0.9473095024767091
CHE,2015,-0.15419545139600244,1.1255872005884915,1.0849049390651413,0.9976710795882687,1.5154546432271818,0.9514616683794631
CHE,2016,-0.1945804321860376,1.2080787870441425,1.1414123192321441,1.048341666546564,1.6493239442583185,0.9980490327154357
CHE,2017,-0.16243440333268333,1.1983635860908595,1.1249883472394366,1.0498585627147334,1.629885473950805,0.9922927461344212
CHE,2018,-0.15324069187567202,1.1228204814686438,1.097266819474954,0.9362366145807728,1.5713411667426844,0.903525361639248
CHE,2019,-0.15100829726218146,1.0024072135562694,0.9751228151063438,0.8000886110746576,1.4751962230447875,0.7736232034755282
CHE,2020,-0.21371166613602077,0.9075355433331906,0.9252351204418112,0.6528880094466822,1.433746857185139,0.6601026315783514
CHE,2021,-0.17266467701994637,0.9153911312876809,0.9435313839524426,0.7085824149989763,1.3982081425883126,0.7063711040091624
CHE,2022,-0.20125823613091964,0.9043318456925248,0.9694924311409615,0.7064345074605759,1.3353186911670754,0.7111619235161282
CHE,2023,-0.22140642638009111,0.8680951634539879,0.9294000651487717,0.6568891331409515,1.3147385838931527,0.6693872712810225
CHE,2024,-0.1931336293602427,0.8091755772702794,0.8709382903580319,0.6047818712777184,1.2565295487179744,0.6215653225493938
TUR,1970,NA,-1.599754872635576,NA,-1.2478593835071798,NA,-1.3414689633054038
TUR,1971,NA,-1.4489139002308105,NA,-1.0875623547612836,NA,-1.1841101988594416
TUR,1972,NA,-1.4841987104674212,NA,-1.1287371147985192,NA,-1.2297134359792257
TUR,1973,NA,-1.4657922767368006,NA,-1.1486019321996919,NA,-1.229654589068973
TUR,1974,NA,-1.558864711283946,NA,-1.2720384323787322,NA,-1.3373070814391559
TUR,1975,NA,-1.3651533357078096,NA,-1.071708548820645,NA,-1.1363965379900276
TUR,1976,NA,-1.167676342673261,-4.383827029852562,-0.8955392586944273,NA,-0.9495572503515666
TUR,1977,NA,-1.451950130107696,-5.708347014145464,-1.198764081401455,NA,-1.243234432613091
TUR,1978,NA,-1.4980703292457953,-4.534263470456899,-1.2469963651433247,NA,-1.2880585287974398
TUR,1979,NA,-1.6185602928260039,-4.7425610281361505,-1.3745132116700185,NA,-1.411933322425263
TUR,1980,NA,-1.273647908339101,-4.986600760305004,-1.0225317585965372,NA,-1.0654713207391415
TUR,1981,NA,-1.3152801252445316,-5.383950703374008,-1.0720788562167916,NA,-1.1111870504237713
TUR,1982,NA,-1.159787862498984,-5.314557428083461,-0.9081872223545517,NA,-0.9534916213094824
TUR,1983,NA,-1.2278705486984023,-3.890163366748615,-0.9638325498447649,NA,-1.019571233234472
TUR,1984,NA,-1.0698498048705942,-3.8561760304739288,-0.8062226891952395,NA,-0.8618970814660298
TUR,1985,NA,-1.3560419314784395,-3.975521516966766,-1.0913326569759525,NA,-1.1638677013359997
TUR,1986,NA,-1.46748515581998,-4.3726007968277,-1.1345090933717865,NA,-1.2336910668444643
TUR,1987,NA,-1.550696196114163,-3.734939404551099,-1.2201848459459603,-5.959814332840605,-1.308586851770305
TUR,1988,NA,-1.437429951253121,-3.6053152891715747,-1.075406388945319,-6.140168684964438,-1.17847010094331
TUR,1989,NA,-1.7530185562364178,-3.348409257402779,-1.3758824174667554,-6.506038907842257,-1.4932640438839064
TUR,1990,NA,-2.0318360415392975,-2.966699435934575,-1.689213883137354,-5.845795347928897,-1.774338186748551
TUR,1991,NA,-1.8628002008132052,-2.6944846839489545,-1.4909957051898528,-5.25403493742062,-1.5955037723602103
TUR,1992,NA,-1.6830523429186477,-2.6453090397983723,-1.3160191768502187,-4.5290558228727855,-1.4251079227158725
TUR,1993,0.1544330372164261,-1.7695042573066142,-2.6847753547173867,-1.3784208959034612,-4.4573858885807685,-1.5125260924391664
TUR,1994,0.13955894411951353,-1.6255532955973875,-2.4046432412075167,-1.2295625474022047,-3.9476664771666696,-1.3589742218963794
TUR,1995,0.13243755400991963,-1.8930917455666576,-2.534732508491817,-1.5105030949808722,-3.832050867943495,-1.6365582303417436
TUR,1996,0.14749420375823863,-1.997926693525947,-2.6974932100830604,-1.6145958034488994,-3.854482640761729,-1.7503547485672337
TUR,1997,0.1730270328839859,-1.9763478531950975,-2.791765909082713,-1.5701380510043301,-3.5028074206373327,-1.7286491053734088
TUR,1998,0.17008801214689018,-2.0105970488701015,-2.948339484081354,-1.5618076745436182,-3.2492309675030153,-1.7674817953842126
TUR,1999,0.2446403075413035,-1.9160704248483322,-2.9514981901250046,-1.4423176437985672,-2.9583942073688982,-1.7066580179789002
TUR,2000,0.2713995303913753,-2.053313243286477,-3.252090263623565,-1.5921193863522922,-2.807296763535949,-1.861053646755554
TUR,2001,0.2771207755971232,-1.7270397345238901,-3.1131955412376406,-1.2730016898485812,-2.421562766822989,-1.5286811387075419
TUR,2002,0.2836187290328933,-1.889609052810488,-3.3294579337221912,-1.5138123308700304,-2.394815404276127,-1.7233202413045052
TUR,2003,0.30239244460682213,-2.1414338455701927,-3.4891946146053647,-1.7044686955188832,-2.761396935783324,-1.9342011826915497
TUR,2004,0.3079634024581367,-2.2136412357188227,-3.686968843571062,-1.764079441172023,-2.89877190461077,-2.0003367146903686
TUR,2005,0.3339034639490991,-2.330796636403985,-3.9555656225585363,-1.872826393483898,-2.986249708992904,-2.1308583319692453
TUR,2006,0.32613883826034906,-2.246900207151308,-4.08790638733313,-1.7433654712433568,-3.179202182607704,-2.0146665469116765
TUR,2007,0.3334478141442203,-2.379900508976874,-4.267594840996745,-1.8913033158969257,-3.1860607756260473,-2.1592167031193443
TUR,2008,0.4082609576743568,-2.1887716320640243,-4.380837530842924,-1.7899094919341423,-2.8395251591385566,-1.9769179919591142
TUR,2009,0.392937250704676,-2.2375773826885212,-4.314058109429334,-1.8191392133925395,-2.650683532597935,-2.0546864902875712
TUR,2010,0.40205197325591724,-2.4644027716021766,-4.466495467319629,-2.0382893270039446,-2.8153137946292888,-2.2921031399641203
TUR,2011,0.4228377233664916,-2.5045085002308674,-4.452644843719135,-2.159616207231265,-2.6602103740453367,-2.3906828839505616
TUR,2012,0.42394259390643196,-2.6152580236269687,-4.547682816644274,-2.2556022230325916,-2.7221976587636734,-2.5155150628306253
TUR,2013,0.42158781198284756,-2.7065721817682173,-4.626092931261694,-2.3282941998282127,-2.755310312246718,-2.631097605083993
TUR,2014,0.45533738920742284,-2.5687269580458048,-4.589355252429545,-2.2267149148655525,-2.500095650259984,-2.5448375228599955
TUR,2015,0.4162457971508696,-2.5204765706419128,-4.606282586767699,-2.1672095314145725,-2.473265911275551,-2.5012632252346845
TUR,2016,0.42020501668486776,-2.4500478618355768,-4.719085120011757,-2.081991839290952,-2.3994202017208424,-2.430252953545008
TUR,2017,0.42413148035366965,-2.4431684509686997,-4.667498841547188,-2.0755629444624786,-2.315082821000664,-2.461129193141896
TUR,2018,0.45740994829783455,-2.290001303199173,-4.66900014591809,-1.8696043080304752,-2.2978064871367128,-2.2321065096311368
TUR,2019,0.4352499881487608,-2.3812196122723694,-4.69238761713272,-1.9506072975734357,-2.3381175049872107,-2.3441913984002087
TUR,2020,0.3923110505561047,-2.4758254617075712,-4.615054634443532,-2.061527293790989,-2.352035734237464,-2.469448899073146
TUR,2021,0.40743353401233906,-2.4188584632444887,-4.598278524026934,-1.9347485143264618,-2.343656494548475,-2.3933597594212253
TUR,2022,0.4239399319810512,-2.440773652040565,-4.722293430893263,-1.9973199620786344,-2.3889856971637236,-2.4064563325035033
TUR,2023,0.40118644539061565,-2.6179039431502265,-4.847022912853318,-2.204237302916895,-2.462442211633906,-2.6331031870895174
TUR,2024,0.4552924337867785,-2.720627220551118,-4.796724674013138,-2.273711273341312,-2.5662494015576627,-2.7336352545064324
GBR,1970,NA,1.2652572129492787,2.2590988277254516,1.0809167182459818,1.7990213709472325,1.2096180623185946
GBR,1971,NA,1.268559367413035,2.1644420043971913,1.1316326856772534,1.6817096036366341,1.2454434321561836
GBR,1972,NA,1.323116836238908,2.220919026734272,1.2213946686607926,1.7218095542771863,1.3405374331657438
GBR,1973,NA,1.4560993013346792,2.068937057890677,1.4202352894536108,1.7370326122433877,1.4699896737544709
GBR,1974,NA,1.5535287192548985,1.7204122279659497,1.5321581267610818,1.8263125910770162,1.5360557069858252
GBR,1975,-0.010127062348920579,1.4849830201162943,1.7964579232859728,1.4777284356726108,1.6826405352883753,1.4926843947258326
GBR,1976,-0.0025327365145634273,1.5227074712875366,2.1533998768063176,1.512775256884911,1.67759431843486,1.5334813153160218
GBR,1977,0.014407773284679126,1.4840064137107,2.2675170700011797,1.4655396088396748,1.6604063359417833,1.4843842678146943
GBR,1978,-0.024887691445869442,1.3531935638945285,2.1606673413083244,1.3373160684517496,1.633681686912578,1.3603873545737901
GBR,1979,-0.3564390512167118,1.3241287482130104,2.1354361608226036,1.320663671708664,1.5546523807219963,1.3413005175320099
GBR,1980,-0.42809781203640707,1.2707595335354518,2.2322402102265633,1.2813170294812335,1.4075438911374638,1.3133914543435616
GBR,1981,-0.03142681538777681,1.354136247530287,2.361224029800246,1.3767439153803098,1.4114469880671507,1.4061217011907257
GBR,1982,-0.06656662117927914,1.5077831211719885,2.6012410522682785,1.5424855444909287,1.507614635078969,1.5758705005205793
GBR,1983,-0.09301473181081332,1.5200733685145709,2.6190299148627956,1.5550095598485116,1.4706848394012497,1.598173633619607
GBR,1984,-0.08318538842072842,1.5232243988606116,2.5498179768649716,1.5634466274380954,1.4571380021703755,1.599888042877672
GBR,1985,-0.09160773894249186,1.4770090903322275,2.4687805012849946,1.4993372864543417,1.349580817931192,1.5417538795855021
GBR,1986,-0.10179025275056763,1.4415839986233436,2.4131914256993934,1.5146526287402053,1.1566962604027333,1.5535668272365348
GBR,1987,-0.051886412235015,1.360838129239852,2.2185082623807357,1.4323483216044521,1.4740673093155472,1.463135250445212
GBR,1988,-0.08870398480459851,1.267829816018075,2.181183246676855,1.3255539654801145,1.3776094279453714,1.3730793827952281
GBR,1989,-0.1165019388447851,1.2360238207677883,2.1129003649628806,1.2934996259033462,1.2347146099346442,1.3519430264392978
GBR,1990,-0.07200530919206227,1.2087406312221298,1.989200168960729,1.2818570417968547,1.1520843470271862,1.3194695171336608
GBR,1991,-0.07308081901464025,1.1383563118476805,1.9746249071997706,1.2150886257727171,0.9791029435904011,1.2607716060354759
GBR,1992,-0.03886376977944561,1.115803632673288,1.8470535361665705,1.2153670530153853,0.8814326998841928,1.23797291978341
GBR,1993,-0.06237867850635237,1.2082360621234265,1.8918217345389812,1.3179812979183925,0.9337318675550959,1.337567115382667
GBR,1994,-0.06699355456558975,1.1182464658460725,1.7684030161804563,1.2391623536426641,0.851431163239301,1.253924822052517
GBR,1995,-0.06786343585026355,1.108891738787889,1.706707528041489,1.2292873259901786,0.8290994131077911,1.2413312722131318
GBR,1996,-0.056639634818289264,1.1097663269148013,1.647679848879109,1.2400140845381828,0.7730498269686605,1.2456935759133494
GBR,1997,-0.04033841790964843,1.1175272824203446,1.4771958463536796,1.3089064631810052,0.6245936957313032,1.2818359181188128
GBR,1998,-0.027514543277835646,1.0217778989978061,1.2009621726006372,1.2425660448925508,0.6675602642186478,1.1692236541755432
GBR,1999,-0.01109462072359868,1.0313162203811654,1.1251225716511217,1.1554704470568549,1.0978903043397308,1.0678522304893403
GBR,2000,-0.012956605971131463,1.0594404256804901,0.9622930015240724,1.2137539501727461,1.124489800086944,1.0860208779466718
GBR,2001,-0.02329859540551016,1.0340091786663288,0.923266112823103,1.2179576151042202,0.9836522682473052,1.0966089622987725
GBR,2002,-0.04184631766930991,1.0009528408102066,0.9681786218384945,1.124177492910365,1.0228024445910897,1.0390061242319186
GBR,2003,-0.04034329363055189,0.9722697563614073,0.916311336362684,1.164316445937483,0.9054770713947977,1.0576813574247965
GBR,2004,-0.0779567239772897,0.9620112799405258,0.9455383336227791,1.1774403420866226,0.7976393012465872,1.0749953928384852
GBR,2005,-0.07425900206490288,0.9696580580741763,0.9806166268114813,1.2023352955582933,0.6856193404259434,1.1014665220664452
GBR,2006,-0.10508239991353052,0.9613102372639998,0.9827818606713365,1.202329085945315,0.6262822322570524,1.102549564720489
GBR,2007,-0.15634480611344026,0.9483516752811599,0.9223021952466756,1.2162339629645318,0.5485410214325284,1.1037264937382318
GBR,2008,-0.1225915212499824,0.9497731807689882,0.9840340263696987,1.1719850506901037,0.6033239870163092,1.1006545944859507
GBR,2009,-0.1168172411409687,0.941936741079689,1.0958891587878665,1.2044673062718394,0.5170162878550584,1.1275945919974542
GBR,2010,-0.16130651843449229,0.9589716444063262,1.0811506130657502,1.2464189974887676,0.5030292465095012,1.157026487493361
GBR,2011,-0.052845226790910416,0.9993632069704945,1.086199627029303,1.3022682450770344,0.5001685300575761,1.2108318911123326
GBR,2012,-0.09306207746103701,0.8815940235245641,1.0898915186823932,1.1732686088982764,0.4191490817519318,1.0895712190020217
GBR,2013,-0.08178184482413686,0.8522298122235027,1.0455203452650377,1.1406602407536892,0.43472806987707346,1.046990058010138
GBR,2014,-0.10031339821443275,0.7587109142716065,0.945130046130511,1.0514408452911348,0.31446286124310624,0.9553577426225959
GBR,2015,NA,0.7440763781021643,0.8637689655500285,1.0073602595935385,0.3607066575156358,0.9034838323926179
GBR,2016,NA,0.782133559569137,0.8891558315632144,1.0589051522766075,0.39881818126025165,0.9427844755435313
GBR,2017,NA,0.8445164841731155,0.9560941235813428,1.1260672894088481,0.47192995849143604,1.000946630474456
GBR,2018,NA,0.7363405357314463,0.8176229567293218,1.0662887555666443,0.3073915794017273,0.9286711045501146
GBR,2019,NA,0.5879390603232256,0.7092584369983828,0.8729780157042044,0.2708881524912816,0.7485218357071981
GBR,2020,NA,0.6191616458854556,0.6839772415402099,0.9043339847861567,0.3595401598113077,0.7601470512034678
GBR,2021,-0.23468967132868246,0.6052739483059478,0.6240117848007264,0.9291582183911127,0.31531199643090313,0.750405128763325
GBR,2022,-0.22798569060494922,0.6149556743807408,0.5633615627649111,0.9541306365785234,0.31960511470863373,0.7709736830729923
GBR,2023,NA,0.5642728766320843,0.5425836449057605,0.8898731347793682,0.28269795195969377,0.710863859660801
GBR,2024,NA,0.5179909327467206,0.4274179287623173,0.8832554848062902,0.20378529089165742,0.6671611094318424
USA,1970,NA,-0.04857503281925557,-0.41476748308820977,-0.6124576771152856,1.2211420134763427,-0.6167830446292912
USA,1971,NA,-0.029843312889690443,-0.4498795727929412,-0.6316828205813381,1.224459436051124,-0.632951408430954
USA,1972,NA,0.06689939556401381,-0.30115835970258065,-0.6129285859490046,1.511912503508631,-0.5972084079321751
USA,1973,NA,-0.05303064020400372,-0.2650535171022419,-0.615104828680066,1.228224263754747,-0.5975187130712756
USA,1974,NA,-0.1547030438357282,-0.2533659391492069,-0.4828287590245859,0.7964593850525912,-0.4761236784105227
USA,1975,0.10043334168295526,-0.001692506757217771,-0.2853118260357368,-0.3759629955085311,1.0225401477696412,-0.37674265814669106
USA,1976,0.1480391460064595,-0.08196791027455474,-0.17371567553055556,-0.4002921496386864,0.8753052911258941,-0.40470887106030506
USA,1977,0.10394856307632505,-0.11589666433751211,0.04690539695801821,-0.47933869721445976,0.8956011473280521,-0.47546379828238616
USA,1978,0.07823316771654998,-0.15908682486545245,-0.09141645792857744,-0.48744008698858554,0.9389768910389842,-0.48657599769771376
USA,1979,0.09754065738563877,-0.12526121122492473,0.1438065982100527,-0.4887508941409069,1.0140672839831386,-0.47770103577571965
USA,1980,0.1237775605366086,-0.03057749332082582,0.15339069529011162,-0.4207786314000501,1.1774628082741452,-0.41182354551918543
USA,1981,0.116630078673996,-0.1880371742354492,-0.08030564185683353,-0.3919401801429876,0.7413551165240508,-0.39568614532663493
USA,1982,0.1088151992488453,0.029085980230139974,-0.09101973498119875,-0.1549717906319581,0.9787637633839958,-0.17066372108754102
USA,1983,0.10520122476190785,0.05590061237690258,-0.09494027853362486,-0.10638484991863706,0.9833136723480931,-0.1277119662781252
USA,1984,0.09936930727825743,-0.10389907061128478,-0.28716654971361066,-0.263250249300631,0.7939952866668039,-0.28546004598848573
USA,1985,0.08755021345900349,-0.19353525570397934,-0.23275277519542747,-0.450742338970187,0.817026472355225,-0.4687271039025587
USA,1986,0.08531345384114808,-0.10790853240307163,-0.03977885273038151,-0.3640164254322651,0.8551858546135027,-0.38407628187789356
USA,1987,0.07931058965311266,-0.11324991459683809,0.1536724282635502,-0.3926838853654244,1.1204911639564348,-0.38708523520888627
USA,1988,0.07098510336343222,-0.015832245286572233,0.2647134785891754,-0.27499079060066456,1.120597513854105,-0.2674509861833563
USA,1989,0.06050167401465023,-0.058837339274321,0.2781192449328702,-0.35039659358281705,1.0461311429494504,-0.3222557078605397
USA,1990,0.07239610182909473,-0.11769506130468221,0.39498781901311286,-0.38370579461124166,0.8311401916532879,-0.33623894664171106
USA,1991,0.07655613222346158,-0.10250207601487094,0.531584559693191,-0.40658395600659847,0.774126541857522,-0.32966288445610514
USA,1992,0.09454230482085713,-0.12865608097387582,0.6298924049407968,-0.4425492427362092,0.6746018137293532,-0.34341162112728885
USA,1993,0.06563917805030739,-0.1270123838102224,0.7484016150029644,-0.5368335178384247,0.7025995928450455,-0.3565742238798125
USA,1994,0.047874235050950564,-0.19087548870574078,0.7628710113230448,-0.5832349730629292,0.5463509246776834,-0.3800515612844676
USA,1995,0.05795758929224559,-0.12022732088960486,0.8241649172656893,-0.541785098986802,0.5996057541056969,-0.3165870478180317
USA,1996,0.05757492493423455,-0.10124653507593578,0.8213590769884407,-0.5474347560076991,0.6184967109953792,-0.2989100659368087
USA,1997,0.07356656101246517,-0.07222056799798082,0.7238739824641305,-0.4929498840066011,0.588646346397933,-0.2545697353492202
USA,1998,0.0901779309084092,-0.11209595975030412,0.5714379171510822,-0.5546176899123363,0.5332072102752881,-0.3122728999981691
USA,1999,0.1198001195940035,-0.11550592886097169,0.4714660011643719,-0.6355803217480533,0.5703748105508375,-0.3554400235820333
USA,2000,0.1636264644692792,-0.28276460155782135,0.24635429658832408,-0.6713072459155313,0.2538047633477316,-0.4720344374885702
USA,2001,0.18048882086650708,-0.4380460570679692,0.0785900056142197,-0.7090885078460072,-0.05157450809897535,-0.559036740262353
USA,2002,0.18037084337340736,-0.5511918926484813,0.024670234921816636,-0.7377585598805407,-0.2515223395312991,-0.6262609746524199
USA,2003,0.1715552185957172,-0.5087893366261678,0.21425575088660942,-0.8233541071150082,-0.1434958117321583,-0.6034590898680493
USA,2004,0.16359971568341802,-0.416165889549296,0.27052389842595437,-0.7355434572500601,-0.02311650747941174,-0.5188182466397002
USA,2005,0.1510825852213068,-0.36343794598832124,0.3274218125519295,-0.6910173960174726,-0.046148545737922264,-0.4391231776363015
USA,2006,0.12476226138941904,-0.37264251465416687,0.3218660529051429,-0.7078740530405694,-0.07311570471673767,-0.43932526191345067
USA,2007,0.0929945488368713,-0.3286538297248356,0.40946951119288166,-0.6686804359272146,-0.0606903450147247,-0.38644976430777145
USA,2008,0.18451940705912628,-0.4763851317835763,0.3379644883250903,-0.597539396831352,-0.4342452808420446,-0.44631455344412807
USA,2009,0.14332912904221895,-0.48598706867836894,0.3418410587991898,-0.6951651705803923,-0.3875702312230812,-0.47453951719505033
USA,2010,0.13472991416682978,-0.3926528051617498,0.43257439769421246,-0.6028443317609586,-0.3376576331437182,-0.3607762805124106
USA,2011,0.1440711072780988,-0.3704205045467531,0.4986120851641531,-0.552669297969589,-0.36125410800991253,-0.32192187826443364
USA,2012,0.14420696686022982,-0.4448304073590487,0.44923160632114545,-0.6956552242128498,-0.38728972033794973,-0.4158394190792206
USA,2013,0.1602149297157337,-0.38788343291836147,0.42280909654423293,-0.7141797491815962,-0.2652962377209852,-0.3922823186389735
USA,2014,0.19971950949889616,-0.36490806930473163,0.39959349705052905,-0.697172578582988,-0.2263203304067014,-0.37566880797810787
USA,2015,0.15297313095526133,-0.43326312378816584,0.2709133236290857,-0.8156481553014405,-0.2498158711682119,-0.47888934909887215
USA,2016,0.16430870924359586,-0.43527317881807837,0.2829500556058191,-0.8367878841246629,-0.2381072855502453,-0.48569380048489597
USA,2017,0.14959611612106782,-0.38731734593539774,0.2930223903924547,-0.8144450270101595,-0.19452175604986233,-0.43814799940889937
USA,2018,0.2033355591318804,-0.5329623882683814,0.20716219982208262,-0.8200453101493625,-0.4610165154776771,-0.5104410221188109
USA,2019,0.1587685395465831,-0.6363676408886053,0.057923776196695864,-0.9702026686720697,-0.5183828518052201,-0.633737209403004
USA,2020,0.12884556857521257,-0.6818532565680677,-0.018471067086345383,-1.039049647223832,-0.5185163539376467,-0.6938967700179408
USA,2021,0.15795398039847797,-0.583526206818193,-0.009649817442374253,-0.9569696581608492,-0.3719105056217708,-0.6206642436805765
USA,2022,0.15367061877907895,-0.739677555656367,-0.06860574367458872,-1.0688300730850917,-0.6227523790578708,-0.7355088637132694
USA,2023,0.14810148394192446,-0.7296345522280759,-0.12065332041150778,-1.091763679962276,-0.5517210008373064,-0.7561599889954342
USA,2024,0.23656076943206372,-0.7225168464236422,-0.19058055589571332,-1.0927965254832428,-0.500267530885026,-0.7691350209533541
