iso,year,EHB_dev,ehb_crude_dev,eq_ehb_crude_dev,debt_ehb_crude_dev,fdi_ehb_crude_dev,eq_debt_ehb_crude_dev
ARG,1970,NA,-1.1333660103501724,NA,-0.9691037361240147,NA,-0.9607202487699249
ARG,1971,NA,-1.2449951899401013,NA,-1.0800139612368134,NA,-1.0762705311442318
ARG,1972,NA,-1.428000433925808,NA,-1.260815177521736,NA,-1.264228746612389
ARG,1973,NA,-1.6198272789663957,NA,-1.4177432798333363,NA,-1.46454659818964
ARG,1974,NA,-1.7445587283506434,NA,-1.561490537023654,NA,-1.5968323958049147
ARG,1975,NA,-0.5753333354239016,NA,-0.3900642693128904,NA,-0.42578365831454024
ARG,1976,NA,-0.6614011324355826,-1.9674840107153475,-0.4675194796719335,NA,-0.5173228924436404
ARG,1977,0.019947774061193635,-0.029061019506877894,-1.8165312295254745,-0.2913602536400228,1.173742225555058,-0.33420647759992717
ARG,1978,0.03498763362962587,-0.20331760597078619,-2.046530845854618,-0.4385167062026136,1.074083098398941,-0.4738774215567565
ARG,1979,0.061335617101597184,-0.6760379530831191,-2.4398580326781074,-0.8685359828508208,0.5887248098080242,-0.9062941033815242
ARG,1980,0.0699899595977087,-0.8068492663409519,-2.9072796522863396,-0.8845659310803278,0.2546412389078183,-0.9211245624858715
ARG,1981,0.01793851831619797,-0.529458696872348,-2.5167327112806692,-0.5524575461563814,0.20392268554762794,-0.5868186436419092
ARG,1982,0.016100418690259466,0.10655887975958422,-1.851687170610993,0.12258902393106141,0.8203094581437749,0.0778035939051942
ARG,1983,0.025719457014501623,0.10614969490828541,-2.112617199953541,0.18338697403840132,0.6408097659994794,0.13620220289039242
ARG,1984,0.006459608567210839,-0.0913863361411753,-2.2292321255936134,-0.0073949238415147445,0.3891907079076393,-0.05409493834408363
ARG,1985,0.011507994610621464,0.1606297965555532,-1.7570014951105009,0.26298519323433345,0.4670180600177889,0.20344718054533062
ARG,1986,-0.08841936595304012,-0.12523725773600858,-1.2480912696165856,-0.034911531894781245,0.36096209184051453,-0.10034170506173434
ARG,1987,-0.1968215878287929,-0.021784373812737234,-0.8243225187842249,0.08593947556110715,0.26151370563771925,0.028522736087459366
ARG,1988,-0.1716349717362724,0.03231570718917309,-0.5774747750770288,0.15308461135453966,0.226589931195603,0.0915089858553626
ARG,1989,-0.20294017550714905,0.8172592750817259,-0.22784068718704908,0.9730797425880974,0.49137078433019843,0.9030000695175456
ARG,1990,-0.15459749982235838,0.43103079313176296,-0.7112988137791456,0.5523872145199973,0.6340014569327375,0.48876700813102025
ARG,1991,0.01884146975348233,0.2420821240934381,-0.8837874639253407,0.38954082172133875,0.3726735252839868,0.310855275288493
ARG,1992,0.01219995030870713,0.04129536786620558,-0.6626762872736265,0.17309084836861865,0.40120539436906233,0.10182850453902836
ARG,1993,-0.006874267166043557,0.10449932383264549,-0.1315046962038613,0.23044753466855816,0.3311253140590904,0.16492070932835423
ARG,1994,-0.0561168462467867,0.04629674522768035,0.11208968846951795,0.16122792369947558,0.2782819964477641,0.10724364160412914
ARG,1995,-0.08967339153603704,0.22425021709547166,0.39610131635634227,0.3529150049080101,0.3424221162160115,0.2978253239168809
ARG,1996,-0.09327409474767434,0.28893752282528595,0.4824351378600813,0.42285987373224443,0.4210837124173059,0.3659030336938627
ARG,1997,-0.07984666396647466,0.24231824571381944,0.5540481248034412,0.353348204549891,0.4454546433075164,0.2967912186223649
ARG,1998,-0.13465292280364283,0.16439619770410396,0.5761698317461184,0.27915491336743936,0.3612685009344232,0.2202714620652504
ARG,1999,-0.06630663213470445,0.16380473703071552,0.45022660838433115,0.3001168840303914,0.339120707384569,0.21199692500191236
ARG,2000,-0.0776947334023732,0.11143800585083552,0.6099562477641478,0.2558253813556479,0.22219205509882567,0.1634916255285006
ARG,2001,-0.1155321466763265,0.08155912637769946,0.4956690105253996,0.2044466531474034,0.19088387522976813,0.13265077498026057
ARG,2002,-0.2066639023482748,1.014248611517614,1.3870308543582515,1.1580411777503734,0.9905882275790252,1.0862658811979553
ARG,2003,-0.11983855885918826,0.8133725130565499,1.1852153301206845,0.9849027864725071,0.7065902710230894,0.9122064029347405
ARG,2004,-0.12290849125521375,0.605277588984404,0.9550015108395051,0.7730533952636682,0.4727896326819403,0.706131638935932
ARG,2005,-0.1197348360014906,0.42521269337544104,0.5623039199263471,0.5989450006718581,0.38978513865625786,0.5223705734176654
ARG,2006,-0.14976270532887737,0.09419090384447554,0.31714276170448175,0.2569268307677176,0.08851778470743232,0.2034324996500272
ARG,2007,-0.1376393853551099,-0.09052783631371092,0.04397763123005616,0.11326591196870706,-0.2482916888443727,0.05248328259923862
ARG,2008,-0.08258392034446926,-0.11415412133745906,-0.10577097776500688,0.1386373073093985,-0.4030111360996864,0.06880584507715581
ARG,2009,-0.11131268905381952,-0.16934380615986122,-0.1961253204801947,0.15589253465590525,-0.5793573959300089,0.0502448373602834
ARG,2010,-0.08817873415357036,-0.3400386273111433,-0.16390412733986226,0.0022627237848400483,-0.8081621315964449,-0.10356490670638052
ARG,2011,-0.1553919064787459,-0.3658597628709045,-0.3163889808097422,0.012398247207703328,-0.955026974596273,-0.08970658645122609
ARG,2012,-0.1948402736294257,-0.495242163428568,-0.5183351932228537,-0.07871906873423828,-1.1393492379736994,-0.20142805248264395
ARG,2013,-0.1513731552451505,-0.5613932162546822,-0.3503405431656619,-0.1435252671463343,-1.1967799263733907,-0.2710256292130684
ARG,2014,-0.14241293833443514,-0.4640386767391288,-0.2766017601681692,-0.0592173624947836,-1.0775472983830376,-0.18342927492878724
ARG,2015,-0.15198899864540238,-0.582839555160469,-0.49705093140155565,-0.16455207461259636,-1.203573645523326,-0.30868723897290495
ARG,2016,-0.14628402644296534,-0.4670788252510084,-0.2677710733842429,-0.05690283247639383,-1.0750418816616285,-0.1893413815465479
ARG,2017,-0.10422683680388889,-0.5796794535686005,-0.3384100527055023,-0.15582770073373986,-1.2517566524281027,-0.29498854914798567
ARG,2018,-0.2600473563396999,-0.2585044914720231,-0.19478289821916972,0.21295983620609749,-1.0248945489774877,0.050392767473587896
ARG,2019,-0.3225669878964773,-0.08889052621565233,-0.057927079778799406,0.42383540855039037,-0.9295125431908668,0.23127405503723064
ARG,2020,-0.37026778063152166,-0.07978616217540706,-0.0810826940976801,0.4443390623160997,-0.9444673252841613,0.23921037835963552
ARG,2021,-0.338737146863906,-0.17486499821645402,-0.1615764451725541,0.35621520321050415,-1.0432776820470546,0.1363307007668032
ARG,2022,-0.27134632027742867,-0.34971707130925456,-0.3479386213733884,0.1601809030720842,-1.2185748525324207,-0.02841816423660315
ARG,2023,NA,-0.3370300370146246,-0.34834995852740747,0.1632585224332398,-1.1677166329494602,-0.03643143515684488
ARG,2024,NA,-0.31523012280758533,-0.2853061352314392,0.15809793241417547,-1.0812358457423816,-0.04371243261850427
AUS,1970,NA,-0.19327352376832074,-1.4738782910235209,-0.9407302121183467,0.7952209277864362,-0.8578830309945338
AUS,1971,NA,-0.1879838779675569,-1.6344801863392506,-1.0687719272395007,1.01161179195419,-0.9854111667224617
AUS,1972,NA,-0.17562404903946183,-1.6439669595048425,-1.155064770602781,1.2316304479233908,-1.0686377493837598
AUS,1973,NA,-0.5314820469614685,-1.6439195716455632,-1.508655445736561,0.7992788238246069,-1.458849459669593
AUS,1974,NA,-0.738934371770386,-1.8008024268776577,-1.3955075551241998,0.3691580198673763,-1.375264647479522
AUS,1975,NA,-0.6023067617884217,-1.720468950419633,-1.4356165474939098,0.7391424573836418,-1.4040399262329544
AUS,1976,NA,-0.6815777745383538,-0.9382784153625101,-1.6590687090278466,0.8852101491844624,-1.6368345517443945
AUS,1977,NA,-0.6488770886211861,-0.7593058775259642,-1.5129322642387262,1.0925633304560622,-1.4968386252486985
AUS,1978,NA,-0.689132931912702,-0.8418217106169843,-1.6000868806237865,1.2101616788877951,-1.573665114017599
AUS,1979,0.06793551215423921,-0.6821721087769257,-0.9282691888063876,-1.482482395782632,1.2420418012428063,-1.4727977099169771
AUS,1980,0.07875148036826862,-0.6946366393918841,-0.9288534422005199,-1.4924165965298979,1.3352749045294598,-1.4738641759157929
AUS,1981,0.05410272983097386,-0.8296646812795159,-0.9843177208869207,-1.7647342589740602,1.1759499037325791,-1.7400337617332124
AUS,1982,0.06190374134815846,-0.8355027784755711,-0.3030082028762413,-1.8216717249192742,1.2715118574378588,-1.7313476623876127
AUS,1983,0.06023721581282471,-0.8983211929817647,-0.034948194460870496,-1.8948144047323887,1.412110523442021,-1.7201431832926608
AUS,1984,0.04587827394527921,-0.8684289493272894,0.09788202056600692,-1.7382740553892826,1.3512224360574066,-1.5675400477621089
AUS,1985,0.029899798393878907,-0.5484654389196371,0.6153243633017933,-1.4732258486943781,1.4516234585133359,-1.1906673767201934
AUS,1986,0.047553102994849494,-0.26432221096812913,1.1313507587663523,-1.3883052694061386,1.7144307373568322,-0.9033652269223162
AUS,1987,0.058691526931512694,-0.09701859507810107,1.0547656706490063,-1.2082368555690999,1.8662168368058127,-0.8259459600333139
AUS,1988,0.024196607647032575,0.06301532973633162,1.228159012611742,-0.978626806443476,1.9472640568969193,-0.5972730693124402
AUS,1989,2.445366939411997e-4,0.028178411742960874,0.9688744721791567,-1.0265183695033537,1.6594025600395046,-0.561858259451232
AUS,1990,-0.02562936282765349,0.0019283975381585439,0.9877478833032063,-0.9528431479084996,1.7967663750674459,-0.5779589599180623
AUS,1991,-0.03088759839427091,0.006083903449641603,1.210920835790636,-0.9001164968036097,1.6799141689658574,-0.46266369914975547
AUS,1992,-0.035278826672528685,0.02669605516135487,1.5366930303274478,-0.9130964181185706,1.8139734852387122,-0.45803985243194
AUS,1993,-0.032028687520732624,0.1433991607539269,1.5636949432455993,-0.8346171370495521,1.8693700128926467,-0.3502113277493022
AUS,1994,-0.03913615385597147,0.11427695082862432,1.580662539635565,-0.8971648661366958,1.8140861537083153,-0.42157044801031285
AUS,1995,-0.045749242274727986,0.19888622129812483,1.736497307749346,-0.7751771897559272,1.7719115483094534,-0.29809261869709847
AUS,1996,-0.03304284184006778,0.2729327551907452,1.710167678484385,-0.6518858458866743,1.8372474087774444,-0.21643576545003929
AUS,1997,-0.0346578180158259,0.2318454405763951,1.6605096771887213,-0.6522939486362498,1.7301563751607691,-0.25182303893582136
AUS,1998,-0.004391991098546488,0.31792687045497403,1.6496239462605793,-0.5732590013759222,1.7488358291575283,-0.16959175923844128
AUS,1999,0.0017137140055644151,0.3188021943865966,1.6274711465551057,-0.5937218830111288,1.6417796183147182,-0.10071828517389436
AUS,2000,-0.019911381056508914,0.28871834936957286,1.9038917862477236,-0.5853954407295954,1.474647840315722,-0.08994460344227262
AUS,2001,-0.02458300142079184,0.451633476473925,1.9129022966059923,-0.5540458963376413,1.6798350879238526,-0.026309806369599897
AUS,2002,-0.027891496245383562,0.372674222002056,2.0168074783332273,-0.5255287008961531,1.4591467866406587,-0.04081713098605855
AUS,2003,-0.02879201353843286,0.4275582399482461,1.8852101342344982,-0.45994930700380343,1.4872725388133687,0.021562684796335052
AUS,2004,-0.01750043118199962,0.38112958053169105,1.7149791397299041,-0.48830557078492554,1.440389368568796,-0.025067175155178978
AUS,2005,-0.05667867655583303,0.384094725453447,1.4971235028022918,-0.34644495321431457,1.3667751678813924,0.07877160345391099
AUS,2006,-0.05664828677248579,0.45264169193853987,1.4684717361612043,-0.19895567796705294,1.3074082871428678,0.21170342040668377
AUS,2007,-0.0663659858563157,0.46792825031461777,1.4284780443002494,-0.1740046925994685,1.1754203752756114,0.2737694639754995
AUS,2008,-0.07525474009566058,0.25708808928733706,1.3994177491028772,-0.19938110819303723,0.7897049174821911,0.1245472390557838
AUS,2009,-0.04510904938130189,0.4630899380680663,1.4285142140882716,0.04641710174879954,0.9213706881131094,0.35525690741919236
AUS,2010,-0.051384953265727895,0.43542873871197296,1.4488507286420496,0.05903610684977645,0.8770455471571882,0.3313052721569728
AUS,2011,-0.08747072544444867,0.3456163233979076,1.371842046579946,0.032589206943912874,0.6556475250231428,0.315594355966617
AUS,2012,-0.06352468314784532,0.3485960886956189,1.3569622598909457,0.04705233426996425,0.6146777830982115,0.3409039982262453
AUS,2013,-0.08801308465496027,0.3286425902018303,1.4633173363564065,0.04602844671539574,0.5456897232365638,0.34942495369686877
AUS,2014,-0.09999864871123487,0.4001220827429431,1.4773277956510507,0.11099730181626377,0.6043858194421752,0.4213959817270041
AUS,2015,-0.1048054362316777,0.5187797264297255,1.5375519577973298,0.31307794755836815,0.655255023128297,0.5626954405017397
AUS,2016,-0.11559479800477235,0.4761064887365568,1.5820226787363878,0.24767097870437038,0.5970906903612783,0.5301733522943374
AUS,2017,-0.12034815070584359,0.4393436004896758,1.5058399859779947,0.16385660821407044,0.587532904832958,0.48100278483145553
AUS,2018,-0.13723928514579087,0.39458588191865407,1.5228053228236103,0.1176533210254429,0.5223071671333162,0.44672403415380973
AUS,2019,-0.14624922417761332,0.42467586122468076,1.5640258856698397,0.07156911492527518,0.6065699784634643,0.4620209952392866
AUS,2020,-0.1356381114143922,0.3601598201952409,1.4386581675731889,0.020965222246372428,0.5467699643059919,0.40450550047356987
AUS,2021,-0.15286038477785868,0.353212679337011,1.4186667706065885,-0.051409131184306234,0.47771278910925385,0.4178257884537099
AUS,2022,-0.15652132904627114,0.32604666889324885,1.3626174440737602,-0.07069886033363582,0.5181544051056606,0.3551606829300299
AUS,2023,-0.17645505083468438,0.36766159204129073,1.378398968316823,-0.06170558913794144,0.5814574404521753,0.38323896795813656
AUS,2024,-0.19511998751941895,0.3910798747525265,1.3862553368425865,-0.0987737695307358,0.6037130859406123,0.3987453915151485
AUT,1970,NA,0.1357171884915842,-0.07213400654054336,0.15478217322189503,-1.4245605800944148,0.26301537569701416
AUT,1971,NA,0.23059328682561508,-0.041325725423335236,0.23907066530328214,-1.0745711949440073,0.34738599648662305
AUT,1972,NA,0.2791962661251697,-0.143099856915736,0.30109680739687317,-0.8778655747216471,0.3914445267057909
AUT,1973,NA,0.4845883805693678,-0.07381352424872212,0.5864686267972476,-0.9636471790294765,0.5979345550663899
AUT,1974,NA,0.5312911391419122,-0.06506502584069729,0.6295571570900809,-0.9211873519925531,0.6361232600007962
AUT,1975,-0.06340166290484017,0.5666264358957525,-0.002750634105753491,0.6597946438376843,-0.7167010508093066,0.6706868097850813
AUT,1976,-0.04129111350702652,0.900706980359552,0.8000676629961081,1.0413911181273041,-0.6315070525842819,1.014250081850863
AUT,1977,-0.02458707711806496,0.8908149662193163,0.7726001110634924,1.0400717806387973,-0.3402516636839579,1.0145118352853304
AUT,1978,0.08976351872432387,0.9074380655097811,0.5948223464638032,1.0514875380213662,-0.18097661463361003,1.03029601352944
AUT,1979,-0.03685662268748491,0.9433990354423709,0.4049127116822202,1.09825573637621,-0.4870764528771172,1.0697149055814499
AUT,1980,-0.04064213547852835,0.925622267703001,0.3832603646060262,1.0764899762223892,-0.5149623558241441,1.0526718835864324
AUT,1981,-0.007352843958195465,1.069522290828154,0.4097446427878433,1.2166047515558256,-0.3031850145717767,1.1913189324913644
AUT,1982,0.0010953342372519437,1.0522541013162034,0.1130691847245533,1.2147312196024993,-0.2132605365006528,1.1762471511029333
AUT,1983,0.0026877681756937166,0.9549250255792692,-0.17438531621417486,1.111152297181015,0.03264708655502613,1.070852357239942
AUT,1984,-0.036918884676476194,0.9934677627838131,0.06460023513975788,1.150882258895423,-0.010311532031419546,1.1131675370707486
AUT,1985,0.029764630820911298,1.212392359462605,0.05270455897485071,1.3843020585896824,0.2822591950339204,1.3314911167285248
AUT,1986,0.010828898613138738,1.0529585468590752,-0.007405958164238058,1.2510450706359404,-0.0823655168707047,1.1848183659037632
AUT,1987,-0.004058644004746537,0.9979925046003844,0.15508084736384653,1.2042777190612428,-0.3666152996622505,1.1437258684769986
AUT,1988,-0.0059703331413890615,0.8745122302760975,0.24575457710359405,1.0846431501249354,-0.4233676316042012,1.0198599961691817
AUT,1989,0.049233329709492124,1.0050569227077255,0.14489885114802936,1.190549768751859,0.10422975577782934,1.1255232609428898
AUT,1990,0.06531181945258258,0.9217841864936657,0.35282777637245033,1.0874303399952572,0.3975843493559559,1.0399176134784736
AUT,1991,0.048798869690379054,0.858346344864039,0.2904777978231996,1.0244030929359305,0.6048562558611992,0.9625234327099302
AUT,1992,0.05195010532790478,0.7368551156331441,0.4172275855937695,0.9104936696758857,0.5717053562714192,0.8501704104919996
AUT,1993,0.0825441119127156,0.7090075307169955,0.2996530797364376,0.8755875907187092,0.6373861862793344,0.8004750329041753
AUT,1994,0.04506650038623372,0.7571349360603313,0.6125996396902011,0.9266501722109586,0.6236116498146091,0.8584544815259988
AUT,1995,0.028212807214751612,0.7619085549892394,0.6616158311826781,0.9417284525049321,0.5875670422102046,0.8685112004993069
AUT,1996,0.0028900755320365734,0.7762809152100826,0.706450571212899,0.9647553964881557,0.6026497091134613,0.8883577213642689
AUT,1997,-0.1465603790746275,0.8443636547459392,1.303080764559633,0.9796380112789378,0.7934559824581462,0.9334409470177946
AUT,1999,-0.33375609337505197,0.9350467303347962,1.5885652319071224,1.07953330219798,0.7066938905024345,1.0393234938642486
AUT,2000,-0.49867092813455594,1.134994629028932,2.289884817275553,1.227169182242331,0.891308161733626,1.2397349101549735
AUT,2001,-0.4573354433882607,1.154873151736086,1.9123429506407457,1.2931916773815437,0.9272920013304011,1.2614021227070498
AUT,2002,-0.33106686830030396,1.2499649261045644,1.9310043182351304,1.3897309820003454,1.0794087307891975,1.3474779190605743
AUT,2003,-0.23903730309277005,1.2891751738262278,1.87110049034869,1.4566577592267838,1.068406955858511,1.4071411967775875
AUT,2004,-0.20059357185666415,1.303648068646862,1.7690384933069687,1.4719666366064736,1.0896538128783617,1.417988574857263
AUT,2005,-0.08461551309120574,1.4339344630355293,1.5782564094463367,1.5046883901878703,1.7744237903964666,1.4416900671243484
AUT,2006,-0.08582702414128862,1.5290865252442964,1.5614126434548623,1.6281358992556698,1.8319195622148405,1.5568310628528756
AUT,2007,-0.06414467274389724,1.5499274681630433,1.3509226145890785,1.6523402773739413,1.8630276941617163,1.55926602559069
AUT,2008,-0.18042642567910894,1.5782823673603292,1.2233554472361003,1.701880741240736,1.7895678910399224,1.6129233352803345
AUT,2009,-0.130713624061227,1.5007975461539313,1.1692287835556257,1.6612023004717504,1.6857699801808461,1.5410680181695438
AUT,2010,-0.10592960837697074,1.4665905214072281,1.4402146488587853,1.624570772173937,1.6269082077153625,1.5165259591163314
AUT,2011,-0.15995336877078564,1.4566526106405475,1.2380520816888556,1.6176160064884058,1.6110664728689932,1.5100898442279742
AUT,2012,-0.1498895279554613,1.4600054311570083,1.2813337461318484,1.6193428741534952,1.6233925600218408,1.5081967286764266
AUT,2013,-0.1639672019491455,1.4138139556183866,1.3803592539739171,1.5782378413293054,1.5979221119655194,1.451923657025051
AUT,2014,-0.16326880390949378,1.27664076682728,1.2439586369050666,1.4143228941404726,1.4829010672319416,1.2968548044175252
AUT,2015,-0.19057779568015376,1.277337378726115,1.3228862619377006,1.3821930034294216,1.4975366828247618,1.2777436973038918
AUT,2016,-0.10682190262543456,1.1192364808783173,1.3654698606340412,1.2241210933605988,1.288847073245889,1.1488763379233637
AUT,2017,-0.1649518211664855,1.1574778024467094,1.4069007334570112,1.236251697668275,1.3753009064264272,1.1630456577054804
AUT,2018,-0.1682829168390796,1.0070672565331702,1.2935496900849213,1.1144107756995916,1.1607068053905432,1.046115115881078
AUT,2019,-0.20185479929491762,0.9631832941037058,1.3488931657023382,1.0916056039223154,1.0852583770308553,1.0297386140682412
AUT,2020,-0.21452030080622908,0.9064112616462776,1.269116669227535,1.0511411765756618,1.0211376015032787,0.9839025565993277
AUT,2021,-0.1843641092715833,0.8913306106823763,1.2552199528045662,1.013302070401109,1.0107457988285615,0.9581943288550585
AUT,2022,-0.19916051023787917,0.9254901903015085,1.2724216321782023,0.9711901082624579,1.134440237641327,0.9457502587118645
AUT,2023,-0.19708346201794685,0.9184774012406157,1.2348202343133554,0.9893456950591166,1.107633173219584,0.9463632822656198
AUT,2024,-0.20587257498315292,0.897118882437776,1.1647897997563454,0.9511849851458627,1.1240663213375448,0.8977858991493897
BGD,1970,NA,NA,NA,NA,NA,NA
BGD,1971,NA,NA,NA,NA,NA,NA
BGD,1972,NA,NA,NA,NA,NA,NA
BGD,1973,NA,-3.982660989419853,NA,-3.7805769902867934,NA,-3.827380308643097
BGD,1974,NA,-2.399779107762159,NA,-2.2167109164351695,NA,-2.25205277521643
BGD,1975,NA,-2.4688768590639976,NA,-2.2836077929529863,NA,-2.319327181954636
BGD,1976,NA,-2.5473136242645866,NA,-2.344296979711526,NA,-2.4032353842726444
BGD,1977,NA,-2.7000210205368407,NA,-2.493553825959317,NA,-2.54335078335394
BGD,1978,NA,-2.653282857579403,NA,-2.4553030857721394,NA,-2.4972846718870065
BGD,1979,NA,-2.552140400019207,NA,-2.3599716299956883,NA,-2.40433737019312
BGD,1980,NA,-2.44003359432598,NA,-2.252850858583306,NA,-2.2940339174711966
BGD,1981,NA,-2.6300061448365817,NA,-2.447184873161281,NA,-2.4857333897519434
BGD,1982,NA,-2.3579891691942585,NA,-2.162206663762024,NA,-2.211539774479158
BGD,1983,NA,-2.479194604050768,NA,-2.2874358225039964,NA,-2.338583243754321
BGD,1984,NA,-2.653360811317752,NA,-2.4597615085253683,NA,-2.5107424209109768
BGD,1985,NA,-2.715312664061071,NA,-2.5002252443617725,NA,-2.566601021843522
BGD,1986,NA,-2.527492931588198,NA,-2.2873764801870746,NA,-2.3709591518557893
BGD,1987,NA,-2.5589650350334487,NA,-2.3099292145886747,NA,-2.3917732081280425
BGD,1988,NA,-2.519192411299828,NA,-2.256912772802771,NA,-2.3501769711506886
BGD,1989,NA,-2.3312286644984805,NA,-2.0670728720831786,NA,-2.1677760846106997
BGD,1990,NA,-2.3552913725540865,NA,-2.1013191919137757,-5.283442241990404,-2.1884990533905073
BGD,1991,NA,-2.7044349020010454,NA,-2.4373437951737102,-4.76492119451035,-2.540018729456097
BGD,1992,NA,-2.905558501154397,NA,-2.6362237806504014,-4.652428084107285,-2.7347832435475183
BGD,1993,0.08150443683123065,-2.9808084776300934,NA,-2.705478806536969,-4.633934446051857,-2.821796719535089
BGD,1994,0.07739522202673654,-2.6474457768810615,NA,-2.3568542044223277,-4.622167387258443,-2.4733874366691975
BGD,1995,0.0774760828269685,-2.8856061465388483,NA,-2.598673847705015,-4.0395426437409085,-2.7210051505225796
BGD,1996,0.07919578458649001,-2.790081402650147,NA,-2.604514435080323,-2.511131496133926,-2.7347979689467845
BGD,1997,0.08879332170879828,-2.862354128881498,NA,-2.671854717533083,-2.6363838134779614,-2.8115127008707232
BGD,1998,0.12155241779232406,-3.01826474907042,NA,-2.8235564963064603,-2.6834610074597345,-2.988181476289639
BGD,1999,0.15091119456056157,-3.069019727175769,NA,-2.808426656193423,-2.914847017917311,-3.017200387839182
BGD,2000,0.15073025863333733,-2.935054935776298,-7.818901635450491,-2.6245866836626597,-3.1820651560837554,-2.8299143871350187
BGD,2001,0.14861746292386735,-3.432399428773814,-7.663390537070823,-3.2180158307410704,-3.2346324591597573,-3.399908617514927
BGD,2002,0.15371180333589773,-3.2985940984434725,-3.9558964320440904,-3.0624782846775283,-3.53517295873754,-3.1909680509017724
BGD,2003,NA,-3.5700857103228008,-4.193243527365608,-3.3332647112845706,-3.6710005845009133,-3.472307511837654
BGD,2004,NA,-3.67082654795057,-4.508272498560636,-3.4146968615735354,-3.852416355936604,-3.561695027012605
BGD,2005,0.12501745142907528,-3.6539560648010334,NA,-3.334451914678022,-3.8094593624486026,-3.535814489486971
BGD,2006,0.12650247979377482,-3.743358697538614,NA,-3.2784571512508895,-4.966503668414604,-3.492212258609518
BGD,2007,0.15005897012751412,-3.876607957515581,NA,-3.4310583801701267,-4.505298685594813,-3.65835663379443
BGD,2008,0.16525864443853666,-3.5170880879408677,NA,-3.0411239275698945,-4.836038280942126,-3.206100519836356
BGD,2009,0.16473985888316267,-3.766981364371285,NA,-3.290403158177373,-4.369034216604953,-3.5127206561239657
BGD,2010,0.16187666489453278,-3.5293228871287763,NA,-2.9480582923598044,-4.877921748547536,-3.1849868497348677
BGD,2011,0.17211452960857465,-3.1124930971176714,NA,-2.499588538193752,-4.900461570021379,-2.717334733252286
BGD,2012,NA,-3.028508401883386,NA,-2.422578905349285,-4.252190710384041,-2.660410989436951
BGD,2013,0.200633606223089,-3.1305015938569896,-6.739570143135131,-2.473462249774287,-4.678853441815042,-2.7401501993863664
BGD,2014,0.2152006778425707,-3.1101678295971826,-5.770387571990518,-2.4856359875448084,-4.297080714970743,-2.753730105965197
BGD,2015,0.21240031319619057,-3.1470535837101585,-6.6874041961996795,-2.542086518734054,-4.115605626571332,-2.820920276924404
BGD,2016,0.21044902186661663,-3.4451408186078405,-8.233410140317872,-2.8427805192776545,-4.320960368999338,-3.1244438292134964
BGD,2017,0.21443485302189735,-3.5647222265442116,-8.571634505829838,-2.9401999314561564,-4.405707822574604,-3.2539938212883994
BGD,2018,0.22762274187321263,-3.4231338041220822,-8.080877515643342,-2.8566169400730566,-3.9860769469662114,-3.1502294764863725
BGD,2019,0.23188353833546982,-3.3088081416276305,-8.459396327850058,-2.64914576283088,-4.23357062553013,-2.977538357995474
BGD,2020,0.23248449868926657,-3.449917005931346,-8.645712327446255,-2.7738477046021104,-4.385317746643001,-3.122149518122752
BGD,2021,0.24942819782129277,-3.3169567895863716,-8.4474947487718115,-2.580875645129605,-4.504751710219871,-2.9712007453447953
BGD,2022,0.23905667411702147,-3.3773456714114607,-5.86636654623084,-2.6511328429485648,-5.095489494513338,-2.982096916752904
BGD,2023,0.23188226973316628,-3.3595274141950244,-6.495507226441179,-2.635856985847742,-4.916410652002502,-2.991728380982708
BGD,2024,0.25407638793217857,-3.415659420547634,-6.523286754171766,-2.6871421499901293,-4.965941068746081,-3.0709847213404524
BEL,1970,NA,1.294476057707786,0.28397389026256725,1.2880066258920169,0.6982167706796929,1.343534966875524
BEL,1971,NA,1.4071129528009236,0.29532050856406755,1.4014434394091237,0.9330392659428175,1.452331723131123
BEL,1972,NA,1.3640835158158333,0.22480621436927706,1.3801119731739366,0.8835866967275305,1.4238432577127014
BEL,1973,NA,1.4882836867569598,0.6708012332295592,1.5485440374662167,0.8283572166284223,1.5488855727393307
BEL,1974,NA,1.6614857400869423,1.125011018482191,1.6992462955918637,1.0095880190711992,1.7110492904400205
BEL,1975,0.007802836552463166,1.5152197283198767,0.9082965481106751,1.5591967099009598,0.9352289918473806,1.5706221745287277
BEL,1976,0.009930819966915028,1.5559733387835157,1.7803105715927408,1.620068477348374,1.0939304624273922,1.6082749264166731
BEL,1977,0.002965710361469087,1.5763870335915537,2.0563705328831547,1.646976183491149,1.3076570400151941,1.644324079725943
BEL,1978,-0.06520324047350756,1.6053918497949726,2.045853555028299,1.6705169635014991,1.4411717367779584,1.6756802310160495
BEL,1979,-0.06837800997203569,1.5845888839797646,2.057184370823603,1.6431456385440613,1.5142248385605757,1.6459247519760472
BEL,1980,-0.12575925023544232,1.6525212915317133,2.0433378744948145,1.7228273869914683,1.489582553731657,1.7287891817329952
BEL,1981,-0.16264147638713777,1.9349928130853067,2.48374690922757,2.0053112040882635,1.6084286264842507,2.0139075411270193
BEL,1982,-0.08295419012103933,1.9725734764756595,2.0656922756214313,2.0790816042830973,1.6281760093000828,2.061622775011201
BEL,1983,-0.10477524672297578,1.9412934436511602,2.1873158514964612,2.0247155447759515,1.9365467854598473,2.0189326954826674
BEL,1984,-0.0721135116381636,2.010258734817603,2.173737098534947,2.103594395737047,1.929063046327633,2.0941854433689615
BEL,1985,-0.09979633675408406,2.1278761509849944,2.2421572040447524,2.2220348872929274,2.0311021335186226,2.2070862956759485
BEL,1986,-0.10038115579188167,2.055943591937967,2.2505475934200145,2.14816217530902,2.091516592585463,2.130619568312783
BEL,1987,-0.09383795746510737,2.047827298877577,2.1463147238158546,2.1560989853239803,1.9902154450115388,2.1333256879912748
BEL,1988,-0.10383068222120839,2.020878117314782,2.4140961006646293,2.093833791258562,2.1379930540049465,2.0886542500199754
BEL,1989,-0.131946638749467,2.1975998003407025,2.31841662488004,2.236207485239327,2.2791939038697993,2.2418409186583697
BEL,1990,-0.17505862823934815,2.1530215966991495,2.474989985812045,2.19140141537482,2.3590127036444146,2.2103932727427433
BEL,1991,-0.18549207980372995,2.143655247694072,2.5258196937296535,2.1782654558402124,2.443190073852657,2.1914112464718625
BEL,1992,-0.20412309057979405,2.0189420413346046,2.773014281519642,2.034029771633072,2.508665486337536,2.06091140705212
BEL,1993,-0.23637088763803193,2.058007042974412,2.9239922393207793,2.031140567087352,2.5372752901921904,2.0826507884482997
BEL,1994,-0.22686455971786001,2.092034671779275,2.9436608265224673,2.103248253237716,2.4634686547801126,2.1326393907490093
BEL,1995,-0.18411027575562233,2.0386567375257467,2.863545325658671,2.071273767574502,2.3342688273409364,2.0861890041823306
BEL,1996,-0.15221414544383316,2.075161248389696,2.8412379666791123,2.109023396909122,2.4300544552639036,2.1176973747039054
BEL,1997,-0.13587447722034396,2.068648562585659,2.852763575642646,2.0904317476976733,2.4489586923947426,2.0922266668899283
BEL,1998,-0.1124146866108564,2.084792689203353,2.977160420958096,2.053306645178874,2.582758793855567,2.0782746171805573
BEL,1999,-0.14736029705310993,2.0401912927397494,2.877301963154876,1.9929104733317518,2.5341829662138666,2.0209765861069116
BEL,2000,-0.11994782345948662,2.058310985166708,3.1733874930918247,1.9538658266305835,2.626752459842665,1.9991916908162892
BEL,2001,-0.1288994375038094,2.06004761483189,2.988326813736082,1.9846469760163117,2.542883080652388,2.0165589033900573
BEL,2002,-0.1730916401163406,2.0914500061611974,2.9879935035330654,2.041573282861359,2.5109661760173294,2.0520798335388433
BEL,2003,-0.1459696858947679,2.141191513103362,2.8728675382780815,2.11127834330575,2.5534432052801868,2.1099178578379627
BEL,2004,-0.06677973767778955,2.1089841078291656,2.701112717160613,2.0961029603303873,2.496606045862825,2.0838877404909537
BEL,2005,-0.052461966378941294,2.108661528549739,2.540480798169999,2.104286094336602,2.5139582153710816,2.0962316609011853
BEL,2006,-0.040313057429226085,2.085630366999016,2.396074107358149,2.1095751756712895,2.449630249130102,2.0929927590733213
BEL,2007,-0.13097315936800646,2.1317568433729446,2.2894608265886904,2.2013303863031206,2.3753015581075956,2.166362528955185
BEL,2008,-0.207176742148094,2.2715773997486877,2.4846025095316975,2.2162707242124413,2.6946918865648333,2.2054587265176
BEL,2009,-0.17941225250780657,2.182734177209803,2.219531883691947,2.137376520667449,2.6181528860540357,2.0898762921386353
BEL,2010,-0.14261530810085055,2.1548886273684826,2.3181924316308273,2.0685849748169076,2.6344033660129083,2.024177183518531
BEL,2011,-0.12602782033936993,2.152191165668705,2.11686619194568,2.0718447061844767,2.613840449417679,2.018052139041143
BEL,2012,-0.1269409668462116,2.1230107764656103,2.165823844305536,2.006715535348725,2.596555528566497,1.9694018818292016
BEL,2013,-0.12652800308443146,2.0136966854447063,2.2905923241813757,1.8435336179478676,2.5241991691326255,1.8311759363313556
BEL,2014,-0.0921648097922792,1.9122403042686926,2.19049435046072,1.72919298357999,2.4113132574001037,1.732948626256463
BEL,2015,-0.09440467991256085,1.9674017010364986,2.270920447650008,1.7460934277836597,2.4760271528642983,1.7631012421940888
BEL,2016,-0.1618843546832408,1.9143922980039392,2.3309273283816365,1.695407902734471,2.3950522223502295,1.733204089853123
BEL,2017,-0.18888030631494207,1.8851223786437783,2.3191239928242804,1.6409045270342695,2.378504008246225,1.7003276959249187
BEL,2018,-0.19707520083574293,1.6780855162304928,2.15873942404837,1.463444086143884,2.1258076982533716,1.5234577091429924
BEL,2019,NA,1.661077605045898,2.1680668724661665,1.4463456517842503,2.127725978896337,1.5142957129188923
BEL,2020,NA,1.5895672100617853,2.0854152721475088,1.4095707497361532,2.039516368522067,1.4756440513224793
BEL,2021,NA,1.5603533614916965,2.015162139375126,1.3655263027561797,2.000655786508897,1.4446800057058353
BEL,2022,NA,1.5543671702127946,1.9976739068570097,1.3275559328325783,2.0061605325203233,1.4163758121172147
BEL,2023,NA,1.5175901752690883,1.9724673864771773,1.3504995110821425,1.914653033081346,1.425198213854673
BEL,2024,NA,1.4615989498893986,1.8873168412997516,1.3453651437071952,1.8080170456159146,1.3975053224373095
BRA,1970,NA,-1.2357017815481663,NA,-1.1662145081872466,-2.0832557286515865,-1.1578310208331568
BRA,1971,NA,-1.1494261149408054,NA,-1.0600734759222852,-2.090412786552192,-1.0563300458297036
BRA,1972,NA,-0.998807473506599,NA,-0.9418478521677396,-1.4243319406803998,-0.9452614212583925
BRA,1973,NA,-0.68521747239462,-2.24752306967029,-0.6240533275228226,-1.1341901115946005,-0.6482143324083229
BRA,1974,NA,-0.6693080518777461,-2.5412167284063383,-0.650538662005236,-0.9137266959578492,-0.6730219455415112
BRA,1975,NA,-0.6417402377432873,-2.483823121010998,-0.709424362267848,-0.3665699991078828,-0.7295698852666166
BRA,1976,NA,-0.6242066557435857,-1.8345611993417243,-0.7457166191238924,0.027641435468799713,-0.7909066416365964
BRA,1977,NA,-0.6585999363930801,-1.8071367194302574,-0.821477739668909,0.3366696743301958,-0.8593824752599981
BRA,1978,NA,-0.6448672377074871,-1.932757298385483,-0.8041605218996577,0.46236886052361337,-0.8354701898945334
BRA,1979,NA,-0.7401421513601751,-1.9884188662761586,-0.9585571935332444,0.5692577135606918,-0.9915944538660053
BRA,1980,NA,-0.39765247857487895,-1.8911447743543688,-0.6096672810446022,1.0058798740189765,-0.6411703774749116
BRA,1981,NA,-0.5167796897228316,-1.8764561008661973,-0.7479461421581819,0.8161967725518782,-0.7768623378970507
BRA,1982,NA,-0.6100558661529849,-1.954597382772433,-0.8795075103661336,0.9238987028950221,-0.9177010533043575
BRA,1983,NA,-0.17290273397887934,-1.723696959149005,-0.3184698906699106,1.3436888285162296,-0.35998759929336854
BRA,1984,NA,-0.18844083785630228,-1.684232845859401,-0.30286890349615403,1.239445666368725,-0.3439568234524508
BRA,1985,NA,-0.6653841790279775,-2.1651430199947397,-0.7646110286869798,0.5932662750165232,-0.818319855899406
BRA,1986,NA,-0.7599696775977225,-2.1934985575852677,-0.8729458328444246,0.567013754655139,-0.9402091074149215
BRA,1987,NA,-0.8454135750167144,-2.180564864248402,-0.9787534700893872,0.4553970639868581,-1.0422915954977603
BRA,1988,NA,-0.8617180805432785,-2.147555814508057,-0.9520635777594182,0.33335343273649043,-1.0253047841131342
BRA,1989,NA,-1.1705083272939305,-2.745980576822099,-1.305340616110813,-0.06593025133082087,-1.381869559570399
BRA,1990,NA,-1.0488916924053222,-2.809425297655638,-1.253241925050579,0.36081563348716905,-1.3227845959611455
BRA,1991,NA,-0.8209407563969291,-2.579446739449917,-1.0655774688753457,0.6708249075122352,-1.149343743124819
BRA,1992,NA,-0.7777373430787893,-2.346613974245182,-0.9837265177091383,0.7514508994131277,-1.0660824726402454
BRA,1993,NA,-0.905551286895425,-2.0307618375704086,-1.0937331418552032,0.5252501003261671,-1.1811561514881213
BRA,1994,NA,-0.8930097625310767,-2.146141697331972,-1.1214297078249102,0.5505386225248174,-1.2139217525193342
BRA,1995,NA,-1.1575469817160107,-2.193298470609636,-1.4675226246285193,0.3091754477133173,-1.5581248671121557
BRA,1996,NA,-1.2318989006332262,-2.219313493780553,-1.5723132868591627,0.2736812049339443,-1.6657504596043256
BRA,1997,NA,-1.374855713008633,-2.1597627035497533,-1.7701812086008784,0.12793031926101284,-1.8629367091448055
BRA,1998,NA,-1.3348784534340945,-2.154795207941167,-1.8679800995232152,0.22413442266653716,-1.9722541079010023
BRA,1999,NA,-1.0206641086263262,-1.9988661326935668,-1.5432933333478327,0.5239025574700418,-1.684429304594155
BRA,2000,0.1353478967248477,-1.107646172433956,-1.612102902912469,-1.6756021570832929,0.35993384674625073,-1.7953608819179958
BRA,2001,0.12963421582860823,-0.9722778469920386,-1.476200538772947,-1.5106257349187655,0.38672075453534793,-1.6065293572389137
BRA,2002,0.13200060249346368,-0.93434244120755106,-1.4755957091415945,-1.5985050579497562,0.41609072948407455,-1.6785416410035794
BRA,2003,0.1298600338618291,-0.9837161712187877,-1.7238720642904313,-1.4766589162116013,0.2469011897228368,-1.5854310615796623
BRA,2004,0.12779028719068364,-1.083345412430385,-2.187360343342515,-1.6835692125366095,0.2268392012980991,-1.804937023422379
BRA,2005,0.11702274563520398,-1.2166335205194891,-2.5851272246749684,-1.7696346011961603,0.11396523431407912,-1.9117890590860307
BRA,2006,0.11930312579039493,-1.315223081173249,-2.793492495269334,-1.9877698080036887,0.010544952648730899,-2.1309572043474727
BRA,2007,0.14356931394692496,-1.3328516079436026,-2.667222421242239,-1.8596725987457328,-0.18855343712093076,-2.0039220277558245
BRA,2008,0.15443361172373515,-1.306065226794031,-2.5810518544204273,-1.9651833718666438,-0.2417355404840431,-2.0635790616074647
BRA,2009,0.15579064198612924,-1.4664890971935534,-2.425955316104707,-2.162718433615166,-0.4531417123514727,-2.2581942652600944
BRA,2010,0.14865631159199288,-1.521693632519853,-2.0751993043795967,-2.053756929541076,-0.6148542229793572,-2.140631735858798
BRA,2011,0.15294645272922203,-1.5720953741408104,-2.0465180309664484,-2.1948229153163714,-0.6888023992858232,-2.232295941155912
BRA,2012,0.1896154525470204,-1.4383181713961692,-2.389150031056485,-2.250176959198173,-0.4788987326137939,-2.335455946412969
BRA,2013,0.17771235509128447,-1.4085790060105605,-2.175501413545253,-2.2656783881436184,-0.42862073313116333,-2.3484717364966006
BRA,2014,0.17793098018568,-1.2742328177331683,-1.9526716513192777,-2.0627039964032554,-0.3257239023478655,-2.133899465631686
BRA,2015,0.15078505702664358,-1.0073105970794036,-1.6883516856621883,-1.7415480317219716,-0.08871285777020188,-1.8268018164502506
BRA,2016,0.16888675201096304,-1.0300642106831135,-1.714341606770585,-1.8489300984020605,-0.09112320829536436,-1.9254372336241343
BRA,2017,0.1679753685715717,-1.1665836211328695,-1.7240136682974305,-2.2013445626546906,-0.16807405293969446,-2.2003901625102373
BRA,2018,0.17985363718014002,-1.0853534945956766,-1.5734600151462828,-2.1017136797398566,-0.11763354799516845,-2.088734342559439
BRA,2019,0.1878315735609396,-1.105409620768722,-1.550292186821535,-2.2163915521179622,-0.08811553337417877,-2.166330235270433
BRA,2020,0.18301243042745374,-0.9770498268439134,-1.6190071974366722,-2.1389345100919486,0.09838945311535263,-2.1231522457706538
BRA,2021,0.1675132924378706,-0.9249857292305126,-1.4440363798556133,-2.011339012347405,0.11708370639287313,-1.9622899882783325
BRA,2022,0.17593289492931308,-1.0340427283319402,-1.7729890704298747,-2.1666146487682605,0.0011552041273577007,-2.1661302799545643
BRA,2023,0.17046155493604354,-1.1414556286381634,-1.8059268877398216,-2.243953336490764,-0.08862333004920098,-2.2305503184038264
BRA,2024,0.161391034313903,-1.1098066043684516,-1.8703404471041778,-2.1103796482162416,-0.04415127895605564,-2.156136629314828
BGR,1970,NA,NA,NA,NA,NA,NA
BGR,1971,NA,NA,NA,NA,NA,NA
BGR,1972,NA,NA,NA,NA,NA,NA
BGR,1973,NA,NA,NA,NA,NA,NA
BGR,1974,NA,NA,NA,NA,NA,NA
BGR,1975,NA,NA,NA,NA,NA,NA
BGR,1976,NA,NA,NA,NA,NA,NA
BGR,1977,NA,NA,NA,NA,NA,NA
BGR,1978,NA,NA,NA,NA,NA,NA
BGR,1979,NA,NA,NA,NA,NA,NA
BGR,1980,NA,NA,NA,NA,NA,NA
BGR,1981,NA,NA,NA,NA,NA,NA
BGR,1982,NA,NA,NA,NA,NA,NA
BGR,1983,NA,NA,NA,NA,NA,NA
BGR,1984,NA,NA,NA,NA,NA,NA
BGR,1985,NA,NA,NA,NA,NA,NA
BGR,1986,NA,NA,NA,NA,NA,NA
BGR,1987,NA,NA,NA,NA,NA,NA
BGR,1988,NA,NA,NA,NA,NA,NA
BGR,1989,NA,NA,NA,NA,NA,NA
BGR,1990,NA,NA,NA,NA,NA,NA
BGR,1991,NA,0.661144704107438,NA,0.9147221924835763,-0.6249991670458481,0.8120472582011896
BGR,1992,NA,0.6106682429850017,NA,0.8680906807842641,-0.5377703378899579,0.7695312178871474
BGR,1993,0.08150443683123065,0.4176093435935745,NA,0.6810872006364256,-0.7068255291716001,0.5647692876383056
BGR,1994,0.07739522202673654,0.4583319270720061,NA,0.7338537259496606,-0.7598963495047095,0.6173204937027906
BGR,1995,0.0774760828269685,-0.1353533332768455,NA,0.1532286987980369,-1.3392570896942289,0.030897395980472142
BGR,1997,NA,0.3978027105441493,-3.100997921297618,0.7173275211566701,-1.3828524590608429,0.5792254958989995
BGR,1998,-0.27829268490517134,-0.016324425097549167,-2.603869750877386,0.3395859407862629,-1.8697545807048996,0.17931752897095676
BGR,1999,-0.6668740464294954,-0.04748065147505354,-2.8928817455532423,0.35496233756922724,-2.5333316598051674,0.1504677981616711
BGR,2000,-0.34477882544915395,0.031085328876855556,-2.3193474327251757,0.41658460727923663,-1.3969205885298965,0.21624099160795485
BGR,2002,0.15421616178751718,-0.27508837274745856,-6.040316120622101,0.08287893380854205,-1.6034389980656516,-0.0740193982811912
BGR,2003,0.14243828666145852,-0.5985165781592544,-5.330795298449496,-0.1958626838840829,-2.146371174372193,-0.37140613749718354
BGR,2004,0.12936644224555105,-0.4981174105448176,-3.745069933122911,-0.12305080855205341,-1.5159331114577808,-0.3002289936830935
BGR,2005,0.12005549880444955,-0.6866927880562247,-3.9865265388491053,-0.2878373284569138,-1.597449055201785,-0.4857926445800589
BGR,2006,0.10950723347499747,-0.5363949611479244,-2.4344798179750176,-0.11315618092171809,-1.3833767551075833,-0.31097680917444714
BGR,2007,0.13059329910766415,-0.7729282027504545,-1.9900307262170953,-0.41726595028929836,-1.0595818194135833,-0.6050676962998387
BGR,2008,0.14590552374767063,-0.7662289823184153,-2.5412883458102646,-0.48174035540655447,-0.8581886399316807,-0.6305956384744176
BGR,2009,0.10654949994600937,-0.7706840196083385,-1.8162010486703934,-0.40360298721525734,-1.032157574022104,-0.5839646198129174
BGR,2010,0.0524347360312295,-0.6626683546128783,-1.1610374155640617,-0.344397907446949,-0.7823318159942441,-0.5107793767581429
BGR,2011,0.09913059876865615,-0.6399265582470891,-1.5714555749145913,-0.29522969119794373,-0.7974788811384041,-0.46653761779631564
BGR,2012,NA,-0.550865730235131,-1.523946201713334,-0.16598957761298205,-0.7639882172112624,-0.3562658934158389
BGR,2013,NA,-0.4655138698961137,-1.3517063284354984,-0.03146593113708396,-0.7496072187687735,-0.2519514598611612
BGR,2014,NA,-0.470604902131593,-1.0051151562592575,-0.0531669057623827,-0.7915143675639664,-0.25331772313467715
BGR,2015,NA,-0.5256992155175783,-0.8165737283489061,-0.14895219168076101,-0.7972909022587773,-0.33047233550219945
BGR,2016,NA,-0.48002771595343974,-0.5757598329251707,-0.10796762050117747,-0.7783267216930823,-0.27250215916963694
BGR,2017,NA,-0.46871064846893984,-0.8026777149604816,-0.05526453461873704,-0.7583206560678188,-0.2664016924519387
BGR,2018,0.088978829069013,-0.529610969642325,-0.7438112000921828,-0.13901117378992534,-0.8098053352253292,-0.32397396362612685
BGR,2019,0.10391185784665069,-0.5245354905036644,-1.0430410186741685,-0.06290867105953757,-0.832215201870425,-0.3068600578336419
BGR,2020,0.05309342157009456,-0.6287857395966218,-0.8168134305769472,-0.21700820448329283,-0.8568075668578512,-0.4317915333439287
BGR,2021,-5.831700371268234e-4,-0.660791608004052,-0.6808317741006826,-0.2602755852811949,-0.9183855737623277,-0.4642086776305524
BGR,2022,-0.00762155601560055,-0.5906730218843409,-0.6831423700330692,-0.2005448318010279,-0.8621772630032922,-0.3854751379901643
BGR,2023,-0.22147531596951198,-0.602713838354886,-0.7196610656292566,-0.21149799416497583,-0.8657991095825384,-0.41067085133142167
BGR,2024,-0.2210945391969925,-0.606857497295397,-0.7516903479809636,-0.19745558117715067,-0.9250723995409593,-0.41749814929929435
CAN,1970,NA,1.0010852603181113,1.0650110676381672,0.6615650803720767,1.2715570852213438,0.8499588019163244
CAN,1971,NA,0.9399595853548053,0.9028580476220114,0.6037308393720318,1.327440553275439,0.7871177119958961
CAN,1972,NA,0.871735967800308,0.7755657709327068,0.571688620249289,1.3414450960675244,0.7404878612615804
CAN,1973,NA,0.9915393302217961,0.7863758076135476,0.8046939019998745,1.3291092117565309,0.8658596119223592
CAN,1974,NA,0.861252855179913,0.4982592805805366,0.6651854519673046,1.2545055516320027,0.6998773767329876
CAN,1975,NA,0.8417868719965869,0.5732440904627651,0.6179777957126544,1.3874678448809221,0.6670633821867236
CAN,1976,NA,0.7129085223149765,1.2178181391431293,0.5317213821263369,1.3506713574528697,0.5512934860414391
CAN,1977,0.050992392708755885,0.6962875850043417,1.2458275311973708,0.5352346621184911,1.5557349971363452,0.5486387879370747
CAN,1978,0.04532807677097306,0.7269755162100928,1.1855814851894309,0.5697417258774449,1.699257198719104,0.5873479605967653
CAN,1979,0.05989665846231418,0.6712906259007132,1.2715175866163362,0.46534556051269993,1.8204024692291987,0.48999437733766005
CAN,1980,0.06929647836500141,0.7968856619381939,1.2656323978593838,0.589646881313564,2.056957132011437,0.6150751330289006
CAN,1981,NA,0.8574333857364731,1.218877029150601,0.6412023873887374,2.064602581826398,0.6545917053301771
CAN,1982,0.05669336211947462,0.7987341821903877,1.1614604925196739,0.6059609476420322,2.0789239842914875,0.6122579040140261
CAN,1983,0.058256526180946344,0.6461930178354465,1.0920532127478317,0.36652466696120434,2.314001787317989,0.39371300273606535
CAN,1984,0.047587126310428274,0.6395488003342658,1.1230032731253328,0.3404102337820345,2.3328747808463013,0.3724378119015861
CAN,1985,0.04637899509357102,0.5395663013416716,1.1431514944472485,0.2125566488572077,2.07137695136895,0.2694297796500613
CAN,1986,0.05169253340177227,0.5982683145230677,1.3869225345635603,0.27848932361384415,2.0442901700626948,0.3660842699091382
CAN,1987,0.05490440311151157,0.5414635086809569,1.4295412696285075,0.11006197769107784,2.0541695760942886,0.23515735871314924
CAN,1988,0.042253897475830526,0.5017341350317024,1.5659807348702715,-0.040978579525042136,2.0525875268566214,0.15349379272337993
CAN,1989,0.03680547474735174,0.5352056050523968,1.2836900195527399,-0.0639363949259859,1.9122876754671767,0.17017951879775373
CAN,1990,0.030930160638259485,0.6133741950718592,1.2762071976416078,-0.038528791704088405,2.2941598462910116,0.14745514791895653
CAN,1991,0.0031953293178202946,0.7006592541208041,1.5538495959294525,-0.08944985779024672,2.4303458531065285,0.17851191011106482
CAN,1992,-0.009182434280189833,0.6783035756264597,1.9636607425661543,-0.09609022066194717,2.4466789884718194,0.2112725583432291
CAN,1993,-0.030946366890440835,0.7556059769480326,2.111509368645364,-0.1185339130919052,2.447565880815672,0.29336727486271585
CAN,1994,-0.04582268608097417,0.8243980278563746,2.2694310820951653,0.03930814515938197,2.3923106733588617,0.41171381707979604
CAN,1995,-0.049994245943759896,1.0017195599270154,2.4557615675692013,0.1752203955384033,2.522408148725142,0.5546437112738736
CAN,1996,-0.049774868752340606,1.1558647165320883,2.6250194439655807,0.25139569095600844,2.6941745209183825,0.6918611990071203
CAN,1997,-0.042544254296076,1.1781859887570785,2.6650136685035557,0.18010404346812803,2.7142372923220295,0.6560307334141935
CAN,1998,-0.015571520642383985,1.2060850027196721,2.585699125180491,0.12369054431033799,2.71017594794238,0.6381001046287333
CAN,1999,-0.0032042828014405833,1.161108645252735,2.5434052312262727,-0.10563302402365315,2.601997352449602,0.6258112752624302
CAN,2000,-0.12963948816161497,1.0603313993076944,2.682739436270195,-0.23369362662665538,2.431595197099934,0.49966111226257337
CAN,2001,-0.16673695601681893,1.0016890527131874,2.5889444584471155,-0.21173350517677392,2.252674901750535,0.49959124858504556
CAN,2002,-0.050795719165053654,0.8496982545152181,2.5700083120402155,-0.2873751653829997,2.0129134250405,0.35894438679359986
CAN,2003,-0.1293898191892845,0.8969340143511776,2.469511182107266,-0.3016583096088781,2.037024306325349,0.4077480208509272
CAN,2004,-0.11578106979414582,0.8801288648843933,2.2975264205204957,-0.34846195306047645,2.055981271127986,0.34918278994619034
CAN,2005,-0.11788034114062695,0.8840994599902485,2.0545085252775603,-0.2663618896548954,2.0497379332808356,0.40946282657587907
CAN,2006,-0.144307946949773,0.7992950485433169,1.922677169647078,-0.2347518685168124,1.8039103792006386,0.4333862309651499
CAN,2007,-0.10723820402932494,0.8276410749990519,1.8144061318477687,-0.1286925755337931,1.7002367520418058,0.5007410818905278
CAN,2008,-0.13949578615735825,0.6305315903284154,1.8159616311235485,-0.0606821020819146,1.3185013918156225,0.38000971063957456
CAN,2009,-0.10192222277909024,0.8034035930614986,1.7801423323117205,0.09339018645858155,1.457983870904154,0.5391738197633105
CAN,2010,-0.09306876942077935,0.7902712723144318,1.9101512781239673,0.08145463748313042,1.4009792743862777,0.5524519664133285
CAN,2011,-0.10935261915057914,0.7310551795444231,1.872953030306962,0.13402216901648623,1.1964795665024195,0.5939617239989126
CAN,2012,-0.09966035714122978,0.7397236790197127,1.8714124426445036,0.15589494211175214,1.1486039464796973,0.6372884820423603
CAN,2013,-0.1383473383087357,0.803535877172683,2.0404447549224907,0.11924129514786719,1.2507994045830113,0.6739143791572476
CAN,2014,-0.1480301703820639,0.8715226079704703,2.060998608735797,0.2247203462719246,1.2716041124858057,0.7710257281901203
CAN,2015,-0.21732122940663667,1.0017027419218636,2.1591160204435895,0.39388741910660396,1.37975198076907,0.9026464763294639
CAN,2016,-0.18953156545736027,1.068821015352583,2.2535584786320855,0.4765001477731444,1.4404489199870396,0.9744455884666274
CAN,2017,-0.21552333406602187,1.1295739042125827,2.257841468972829,0.5213780153324,1.4972231833287541,1.0426876572446038
CAN,2018,-0.23051304586720867,1.046100150651884,2.197510503030814,0.5591550227274342,1.3418469904984422,1.003243287837011
CAN,2019,-0.2045066018465489,1.1625031022900276,2.1269600928845573,0.6245005951457894,1.6237621549871255,1.020096677675484
CAN,2020,-0.22299428021284184,1.1579468644393975,2.1206964834565576,0.585851216956905,1.6239795605506213,1.0319419555437819
CAN,2021,-0.1964537087824637,1.1814387094785224,2.0476160657932865,0.5826522195922299,1.6443524557158102,1.0489405327566814
CAN,2022,-0.1992140069424656,1.1013691567626271,1.9029399712442407,0.6515853511448914,1.5265501693262384,0.9840470992824573
CAN,2023,-0.2190093642538915,1.2239753436482297,1.9960199164800667,0.7370438483483681,1.6847567464197124,1.085753355024628
CAN,2024,-0.2094289562057775,1.2438282297710819,1.9852971598094815,0.7234106385656325,1.7175031105190386,1.095671284429644
CHL,1970,NA,-0.17474891784529145,NA,-0.010486643619133762,NA,-0.0021031562650439817
CHL,1971,NA,-0.3586593921613286,NA,-0.19367816345804068,NA,-0.18993473336545907
CHL,1972,NA,-0.5059781131279375,NA,-0.3387928567238654,NA,-0.3422064258145183
CHL,1973,NA,-0.002998337493067993,NA,0.19908566163999142,NA,0.15228234328368773
CHL,1974,NA,0.1704158228494732,NA,0.3534840141764626,NA,0.31814215539520196
CHL,1975,NA,0.7518599280306175,NA,0.9371289941416288,NA,0.9014096051399789
CHL,1976,NA,0.38868587014466827,0.21888333148725803,0.5629661790501308,NA,0.5327641101366105
CHL,1977,NA,0.01044942571969143,0.09014166992860417,0.18507226234383767,-3.5674430296803834,0.1640116405968124
CHL,1978,NA,-0.012486896205043063,-0.09811179681860338,0.1554479053853397,-3.054454574387523,0.1388793025163455
CHL,1979,NA,-0.22453162497531576,-0.42045792750312394,-0.06280031952586462,-2.5913578939271913,-0.08509782700814617
CHL,1980,NA,-0.3950177376924866,-0.44003404246774025,-0.24379932061792875,-2.746525938129273,-0.2565957626493809
CHL,1981,NA,-0.3909607319793842,-0.2640804563216328,-0.24278929892340262,-3.1128785614086,-0.25247093696411493
CHL,1982,NA,-0.06775872067568778,0.1241252724245605,0.08871788240587786,-2.6677292047173298,0.0728266223139502
CHL,1983,NA,0.21716250333999199,0.23598473190937241,0.3707138120838016,-2.438883981214949,0.3534582986361188
CHL,1984,NA,0.21542413684943607,0.24140772045786907,0.3675136571541473,-1.9355919589293036,0.3508223231790082
CHL,1985,NA,0.27100210119442236,0.33121978702572186,0.4349083771509348,-2.311085192868024,0.41410521433238334
CHL,1986,NA,0.19748671507106508,0.3864753355785062,0.3703532507144738,-2.2618673398684086,0.34751493036375236
CHL,1987,NA,0.053603353764025696,0.3191492139566767,0.22967851171725062,-2.3006742724722566,0.2128727517057254
CHL,1988,NA,0.09045852986812508,0.298373577670457,0.2775272415834442,-2.14677906494475,0.25028934650591017
CHL,1989,NA,0.11288114764676083,-0.12464724015444073,0.3026423507082454,-2.3169085018803965,0.267171594095871
CHL,1990,NA,0.3425477514130155,-0.2585387398820478,0.5570449106840483,-2.1152041586346777,0.5065023357588818
CHL,1991,0.0714496568116052,-0.17510729236371025,-0.30064255199571654,0.014333420234337257,-1.3578450636332962,-0.02695844665132996
CHL,1992,0.08091693000149525,-0.4063080265565544,-0.30817666861164916,-0.26508013781898887,-0.43083588419009544,-0.30429781174780857
CHL,1993,0.0672699207494738,-0.4921674476629856,-0.2002872478436366,-0.42668118886124184,-0.10475252771609922,-0.4533064712056203
CHL,1994,0.061465904243687586,-0.36307893233942345,0.27495487007723707,-0.3940066397656721,0.3385749720335802,-0.38624045680422436
CHL,1995,0.06014024689489972,-0.33221133311579387,0.23678048488608994,-0.3541912265244265,0.34447287110887626,-0.3629369320384659
CHL,1996,0.05720636653930089,-0.25798724641024484,0.252888910777501,-0.3242641577224883,0.5911739413800765,-0.33440080502727265
CHL,1997,0.053162119840685196,-0.4890142643046893,0.6404630088564667,-0.8202926943854982,0.6114220187264454,-0.6933643505858256
CHL,1998,0.007291384822501246,-0.14945318658983364,1.3658747625030454,-0.5688153247429963,0.7346037966363692,-0.2800461774334795
CHL,1999,-0.010899408443199698,0.23863157684420933,1.754614059210782,-0.214568873863481,0.9383722571227286,0.1592697434421506
CHL,2000,0.006896285174283867,0.09445776537998751,1.6932127442848333,-0.3911844434112859,0.9545717660876236,-0.07943743654462687
CHL,2001,-0.006640378684488857,0.17004648549724632,1.7591277760587567,-0.3967923162360858,1.0002277574756946,-0.015208054905446522
CHL,2002,-0.028126606353448658,0.11804188857408826,2.003859555180875,-0.5878785907629767,0.9052603945674684,-0.07946394467427642
CHL,2003,-0.060920855367024185,0.4283729166621984,2.3665106208666646,-0.3226668171586691,0.9919782827016668,0.33938899027925895
CHL,2004,-0.05728718958882406,0.3582822356351488,2.1659405360080677,-0.36105756388325894,0.9184983448502348,0.2688066413815051
CHL,2005,-0.09136014031950435,0.3605781870011414,1.946039782414181,-0.4094735801435352,0.9342057026532409,0.28672979559096035
CHL,2006,-0.09342312711170309,0.2608656770250002,1.705281492860485,-0.34575652942543256,0.6442359531170254,0.261417061020365
CHL,2007,-0.10581129464367289,0.41337775232890894,1.7935034504556218,-0.16936213226038088,0.5857714587206553,0.47149410817976034
CHL,2008,-0.06546256683286511,0.3592807916476223,1.6953135456727138,-0.0920390934363875,0.7530879575785443,0.30907390434691595
CHL,2009,-0.09571428268911508,0.47188157800094227,2.0248969233634226,-0.3164262247584706,0.681370303587379,0.501222291485983
CHL,2010,-0.07820990472092337,0.4697518151401696,2.169883846771488,-0.3147600624151303,0.5781231032722609,0.5416920461910903
CHL,2011,-0.0777797502637898,0.4146283460089954,1.8859178822803613,-0.2710448991925283,0.669722344840979,0.41638188030650525
CHL,2012,-0.05058387329145986,0.425626200320712,1.8213810467802405,-0.31629402850712296,0.7155356547002067,0.4036318277090891
CHL,2013,-0.11269196882608745,0.38820159140670674,1.8730127792469298,-0.3943321923690868,0.6752051847331293,0.36911277224504424
CHL,2014,-0.14344980368993665,0.5048093851379865,1.9203646738236178,-0.25368808847567026,0.7639629768960242,0.4957202970470435
CHL,2015,-0.17943575768327724,0.5082904464742264,1.8841861122836614,-0.27252819729700284,0.7966757665708808,0.4688419953833665
CHL,2016,-0.1537801420366185,0.47557784281497195,1.8245830132161247,-0.2657844180428157,0.79998487056771,0.4139525608010886
CHL,2017,-0.12782443204713945,0.40014255211639405,1.75450477770127,-0.40582975395773535,0.668278760869374,0.37711318724489357
CHL,2018,-0.12616211246445486,0.3007320307402309,1.692883684326344,-0.5379231268817228,0.5956409240891646,0.2584146901894297
CHL,2019,-0.2083049099307719,0.3429763423872073,1.6948187326974131,-0.516991952779453,0.6570952366851448,0.3054213908711749
CHL,2020,-0.2504198562340213,0.3343055068846987,1.6146168152324079,-0.4550939468454521,0.633885973077647,0.31878385559078254
CHL,2021,-0.15406551584706363,0.2604567590873533,1.3945530560758979,-0.5733904293049887,0.6000628881674531,0.212335171705838
CHL,2022,-0.10243090241812913,0.3503233421401175,1.4252492521379163,-0.38397444689213334,0.7378056832413623,0.26067785318189446
CHL,2023,-0.12287708562577926,0.24707083022843912,1.2825463630543825,-0.5390551705357048,0.6726342798785702,0.13479834206455454
CHL,2024,-0.14488705216820008,0.2778451297284096,1.2825588589715915,-0.5657943608074297,0.7069753541697467,0.16116235768253961
CHN,1970,NA,NA,NA,NA,NA,NA
CHN,1971,NA,NA,NA,NA,NA,NA
CHN,1972,NA,NA,NA,NA,NA,NA
CHN,1973,NA,NA,NA,NA,NA,NA
CHN,1974,NA,NA,NA,NA,NA,NA
CHN,1975,NA,NA,NA,NA,NA,NA
CHN,1976,NA,NA,NA,NA,NA,NA
CHN,1977,NA,NA,NA,NA,NA,NA
CHN,1978,NA,NA,NA,NA,NA,NA
CHN,1979,NA,NA,NA,NA,NA,NA
CHN,1980,NA,NA,NA,NA,NA,NA
CHN,1981,NA,-1.09571407299796,-4.6175484727141605,-0.9136293107409803,NA,-0.9514413179133214
CHN,1982,NA,-1.104042658485886,-4.582316025329612,-0.9117121254844278,-4.50936332124362,-0.9602098435003557
CHN,1983,NA,-1.1901850761991095,-4.943908911141859,-1.0066764575364484,-3.2976473364912104,-1.05705491990848
CHN,1984,NA,-1.1149264187437984,-4.239145820063496,-0.9356510347422691,-2.6907083959670253,-0.9851785268310909
CHN,1985,NA,-1.2668111863116234,-4.225429256274444,-1.0988471304889789,-1.7892478488163848,-1.1629565980625787
CHN,1986,NA,-1.2491722876957223,-5.955876928660341,-1.0748450189505645,-1.4310933980802512,-1.1579601120032395
CHN,1987,NA,-1.340991471314338,-5.384324576454454,-1.1960331783156262,-1.175995819454554,-1.276945297615171
CHN,1988,NA,-1.2741515910978283,-4.400725771570956,-1.15445425161548,-0.8519781859701578,-1.2451202192096638
CHN,1989,NA,-1.3335933355214173,-4.419884738410007,-1.1988419416143097,-1.2052581953572252,-1.295428920292438
CHN,1990,NA,-0.6665441772665126,-3.728053555621167,-0.5035114756392052,-0.6621318767472473,-0.5873418494092479
CHN,1991,NA,-0.6264428521121601,-3.255282644970346,-0.4528104701350226,-0.5641503955412572,-0.5502373303845403
CHN,1992,NA,-0.7121541627727777,-2.8488728074898253,-0.5998380788820523,-0.0929754964688998,-0.6916859542744453
CHN,1993,NA,-0.8890873879900678,-3.414606275104542,-0.8408981491768761,0.0030580245322409105,-0.9515265646417053
CHN,1994,NA,-0.7462090738209226,-3.320973643407992,-0.6394592557050398,-0.1253499845949766,-0.7513618503337665
CHN,1995,NA,-0.9587247665941345,-3.2308258070407216,-0.8600072927585432,-0.33562702086799634,-0.9761358389024024
CHN,1996,NA,-1.0396483061969362,-2.829519828563636,-0.929155328355147,-0.43240634992165594,-1.0487784469069246
CHN,1997,NA,-0.8386452137889895,-2.3316172834450066,-0.6614438482060212,-0.6124088078984111,-0.7878466747005701
CHN,1998,NA,-0.7182133382708418,-2.316305679869467,-0.4914535488820355,-0.6430306628406885,-0.6428043219812871
CHN,1999,NA,-0.7098983257908124,-2.3592873006855886,-0.4388697142699898,-0.7281332491718246,-0.6316000277156122
CHN,2000,NA,-0.6232331725609085,-1.6097313823161303,-0.33105498613556583,-0.9080151968708323,-0.5136469406404596
CHN,2001,NA,-0.7028468753388137,-1.400423923199423,-0.4550740007809342,-0.8720996710055919,-0.6044362923886062
CHN,2002,NA,-0.7975583983832019,-1.7353841572588085,-0.5685292978118108,-0.9449616672864622,-0.7037787541419473
CHN,2003,0.13368732428884744,-0.8880465571540851,-2.203678740863816,-0.6441490441752395,-0.9281592752265282,-0.8016513055966363
CHN,2004,0.121934355707906,-1.095949640502939,-2.4172616220846357,-0.8806679669033906,-1.0058881428878874,-1.039296200846334
CHN,2005,0.10213148852986509,-1.0068046509100488,-2.6991036439449463,-0.7493697422898014,-0.934001679544767,-0.9313019612679865
CHN,2006,0.11595055871620397,-0.9294332069433433,-2.8073953140908574,-0.6034567956350216,-1.037619258060102,-0.7993104103490181
CHN,2007,0.14369995501278232,-0.8920876368669828,-2.2480929142276906,-0.537762599799422,-1.1440013358918062,-0.7305540348478801
CHN,2008,0.1510981138351749,-0.8577961304080658,-2.0910875781558094,-0.5612268897545387,-1.0402378578939118,-0.6989752136919827
CHN,2009,0.14073164451510645,-1.146643849096447,-1.3697437938574248,-0.924637907327692,-1.1317367252980792,-1.0401221198635549
CHN,2010,0.1360126606103106,-1.1182207046869705,-1.2399285785536982,-0.872002450530279,-1.1316448669065309,-1.0005354210645772
CHN,2011,0.14348303747055824,-1.0620905540261405,-1.46403037169198,-0.8399186009092285,-0.9933637424940585,-0.970345652185848
CHN,2012,0.16467240347028078,-1.0771566692484795,-1.3588964758022049,-0.8463341727525326,-1.0266269652711089,-0.9767225846668028
CHN,2013,0.15696556056187805,-1.1078517419618492,-1.326907120538893,-0.8908514091733624,-0.972107503406082,-1.045811786559723
CHN,2014,0.18497757359052325,-1.0168595607756017,-1.4403818034615274,-0.8420173099077621,-0.7827401530125682,-1.0117791280102493
CHN,2015,0.19038449377467115,-1.0147209313465797,-1.5241200347884405,-0.9284342890313209,-0.6521418648321533,-1.1028431241774903
CHN,2016,0.17814081110988156,-0.8680952854046363,-1.2841006905714396,-0.7772586704775604,-0.5196481174777434,-0.9460663250764566
CHN,2017,0.1766747928445429,-0.9066977617014117,-1.2449134835124562,-0.9362875564716295,-0.40965604354565643,-1.094689897842509
CHN,2018,0.1795057294816459,-0.9363252749973527,-1.365028831715438,-0.9537508886820787,-0.45868641418990586,-1.1167550253608307
CHN,2019,0.18307355059566632,-1.0008414780172208,-1.2650006046275277,-1.0611187198231278,-0.4588347720738146,-1.213610405746635
CHN,2020,0.17954479467327022,-1.0234474920493133,-1.101691160899493,-1.0990948233771616,-0.476102494585265,-1.2161638784500337
CHN,2021,0.20151409011416532,-1.0230578664814118,-1.27925723395512,-1.0315498254280235,-0.49997231786852225,-1.2037658144184038
CHN,2022,0.1859284535624839,-0.9907830692528391,-1.2256214842623478,-1.0373907098658006,-0.48513125896082077,-1.1737774543891133
CHN,2023,0.17261155634764103,-0.9822414131421758,-1.2607333883987129,-1.0636197752438643,-0.4152822300562433,-1.2094041799617585
CHN,2024,0.17867976133732877,-0.9368403089863692,-1.0758133823570777,-1.0419070171233322,-0.3690791406333984,-1.1601566974568682
COL,1970,NA,-0.9276957270181176,NA,-0.8346097312598548,-2.049959545625881,-0.826226243905765
COL,1971,NA,-0.8245945140777211,NA,-0.7255712531662306,-1.8976196158278436,-0.721827823073649
COL,1972,NA,-0.816711715633538,NA,-0.7073244637531944,-1.8619646067111795,-0.7107380328438473
COL,1973,NA,-0.7663608540190938,NA,-0.6153246199520588,-2.0224649997126294,-0.6621279383083625
COL,1974,NA,-0.7590818791802354,NA,-0.6256971079998928,-2.0679943991120293,-0.6610389667811534
COL,1975,NA,-0.5916026493004347,NA,-0.4507853457602571,-1.8974878439713212,-0.4865047347619069
COL,1976,NA,-0.6370771100205559,-1.538536259596433,-0.4910184785051701,-1.8415369489500595,-0.5356325557781347
COL,1977,NA,-0.8029821542095941,-1.7642784754356065,-0.6476583177422577,-1.8272812251883828,-0.6870152101401978
COL,1978,NA,-0.8151662154830568,-1.8094656602113321,-0.683068148359832,-1.4045542068789354,-0.7143544453579511
COL,1979,NA,-0.7029002439367851,-1.7834329671766485,-0.5781935376003235,-1.1594076255593135,-0.6130444581564167
COL,1980,NA,-0.8174022182553162,-1.939483537266793,-0.689028129822518,-1.3264005562799035,-0.7202277447262255
COL,1981,NA,-0.7584992611411339,-1.9588290729701034,-0.6264659462139268,-1.4943729799958128,-0.6571515507735293
COL,1982,NA,-0.9085206543487798,-1.9417432318530192,-0.7752778686690793,-1.3421756179727566,-0.8144392451509952
COL,1983,NA,-0.8994661887756121,-1.7410461199098304,-0.7998108582447379,-0.7121390738186664,-0.8356863233509029
COL,1984,NA,-0.9625327307766414,-1.7309362376614112,-0.8717768118417868,-0.6726944269736173,-0.9061368429913552
COL,1985,NA,-0.9721973839968794,-1.5643262386094037,-0.867792858553234,-0.8726590668167127,-0.9087219703738192
COL,1986,NA,-0.9338813640217454,-1.3280380530033113,-0.8113313339579515,-0.9028972015013235,-0.8588149259800317
COL,1987,NA,-0.990937015790951,-1.1573987950911526,-0.870815063989816,-1.0240197095067125,-0.9075546812172466
COL,1988,NA,-0.9548358724822821,-1.087953873167292,-0.8277830211949924,-1.0048193037763729,-0.8707977075146291
COL,1989,NA,-0.9067868731295183,-1.1381863939377732,-0.7995487891541069,-1.137113710664968,-0.8291825579171195
COL,1990,NA,-0.9216055701287704,-0.984977924686051,-0.8179323508256171,-0.9840770303881157,-0.8361672461544571
COL,1991,NA,-0.8736916873561336,-0.6952720841197877,-0.7629466454473188,-1.0331866035450705,-0.7768625362093617
COL,1992,NA,-0.9710666053852306,-0.5082117273873097,-0.8515935075751135,-1.0559662094920768,-0.8639917848268532
COL,1993,NA,-1.1666067178068016,-0.7363475279062826,-1.0726560021693439,-1.0893332492588845,-1.08936356579339
COL,1994,NA,-1.2979497540256029,-1.0633391743044776,-1.179353015703287,-1.1808117984210909,-1.222508140816038
COL,1995,NA,-1.3710381194451928,-1.0081691437571392,-1.2863470592376283,-1.0701975559624648,-1.3243569131652713
COL,1996,NA,-1.3017583904872356,-0.9745178285174578,-1.194343248562942,-1.0701039214093062,-1.2390865136749005
COL,1997,NA,-1.1505971200904137,-0.7942549398907239,-1.0756637994164717,-0.7779733190776361,-1.125540425726716
COL,1998,NA,-1.0694170839202615,-0.7822387774441792,-1.0134883890825312,-0.5600478216397988,-1.0787790856133932
COL,1999,NA,-0.9245485562752126,-1.0841371015503265,-0.7795015676530817,-0.574694499305501,-0.9100385281145726
COL,2000,NA,-0.8202243289609464,-1.046196648149882,-0.638184910882633,-0.5997032320689604,-0.7894264480844362
COL,2001,NA,-0.6527848080755652,-1.2539174705252347,-0.42990259054017455,-0.6892470941877797,-0.5750163438785147
COL,2002,NA,-0.8113544077163083,-1.3961171520309765,-0.6530032741152614,-0.656684091548037,-0.7769362905022505
COL,2003,NA,-0.7512429509399033,-1.1280537156208168,-0.6089313307525417,-0.49792503940853505,-0.7333191563016783
COL,2004,NA,-0.9532990833535395,-1.5248235955031952,-0.7837879157164191,-0.7771310882947087,-0.9172232010130323
COL,2005,0.1032157658349625,-0.8856322218593752,-1.7963459499906538,-0.8415113515117638,-0.2384810223399474,-0.9911715259105487
COL,2006,0.09580485600518895,-0.9523100855539617,-1.7239048482897181,-0.8444246030515654,-0.462798687662918,-0.9924684100461745
COL,2007,0.1261889224483841,-1.1273882322942945,-1.794367709212512,-0.9891663505097719,-0.7754949379792633,-1.1332284191594422
COL,2008,0.138570983604835,-1.071262576003725,-1.3947648852273336,-1.0476729783692265,-0.6682300947690547,-1.1264008498941296
COL,2009,0.13119272560982598,-1.034415754066337,-1.0954489029206917,-0.9940455310467964,-0.6973490143627357,-1.0688109512999742
COL,2010,0.13163648754280433,-1.084533584270226,-0.924725279073149,-1.123956527514482,-0.6603209584359166,-1.1770050406010566
COL,2011,0.13378835488541552,-0.9435195734957699,-0.8199685985255956,-1.0446265313062804,-0.4929564732722642,-1.069096119048365
COL,2012,0.17391736709969985,-1.0842435370151229,-1.0654129404668358,-1.0824407466784234,-0.7353549785804427,-1.144113754260644
COL,2013,0.13059263230047857,-0.9591618029847586,-0.5156005892900226,-1.0270969766156388,-0.5997920367740082,-1.0244850786428332
COL,2014,0.09838083991051438,-0.8489372095163037,-0.379952097393927,-0.9326598740286309,-0.5120031375408478,-0.9058383954250478
COL,2015,0.024039810784309057,-0.5804565879091425,-0.13713830043024222,-0.714119720210364,-0.19705158786306165,-0.6833662122121076
COL,2016,0.043737419386676524,-0.4894763162766962,-0.07340573146994167,-0.5772579577401105,-0.13185197873111143,-0.5738642944705449
COL,2017,0.028336819551319725,-0.5775036822038856,-0.07635405343401791,-0.697909396667606,-0.2222858921656592,-0.6558261967627744
COL,2018,0.028253292987623357,-0.5977818706476945,-0.12056010890712576,-0.7413511361156226,-0.21232931429051072,-0.7030138612593634
COL,2019,0.05237579006511994,-0.6498222760284865,-0.15563155007777807,-0.8304181179411906,-0.20696198073323058,-0.7776072545575623
COL,2020,-0.043315910685084114,-0.5103105258960701,0.1187787915377958,-0.691759242816168,-0.1265864608733449,-0.5778630128957793
COL,2021,-0.10803129069837514,-0.49098736754397826,0.1282255588017378,-0.6751014731652414,-0.15730020984656234,-0.535476833421646
COL,2022,-0.1521663155098446,-0.4907307047063463,0.07429279825650914,-0.6513923561517354,-0.158691411682089,-0.542770794171427
COL,2023,-0.1552279624484798,-0.5007521130264762,0.05148822413726828,-0.6262644392592759,-0.2017841575308965,-0.5314677514875953
COL,2024,-0.18984911399209747,-0.5949450625058478,-0.061465355780210285,-0.7632536591455664,-0.26231406469719376,-0.6509366420172602
HRV,1970,NA,NA,NA,NA,NA,NA
HRV,1971,NA,NA,NA,NA,NA,NA
HRV,1972,NA,NA,NA,NA,NA,NA
HRV,1973,NA,NA,NA,NA,NA,NA
HRV,1974,NA,NA,NA,NA,NA,NA
HRV,1975,NA,NA,NA,NA,NA,NA
HRV,1976,NA,NA,NA,NA,NA,NA
HRV,1977,NA,NA,NA,NA,NA,NA
HRV,1978,NA,NA,NA,NA,NA,NA
HRV,1979,NA,NA,NA,NA,NA,NA
HRV,1980,NA,NA,NA,NA,NA,NA
HRV,1981,NA,NA,NA,NA,NA,NA
HRV,1982,NA,NA,NA,NA,NA,NA
HRV,1983,NA,NA,NA,NA,NA,NA
HRV,1984,NA,NA,NA,NA,NA,NA
HRV,1985,NA,NA,NA,NA,NA,NA
HRV,1986,NA,NA,NA,NA,NA,NA
HRV,1987,NA,NA,NA,NA,NA,NA
HRV,1988,NA,NA,NA,NA,NA,NA
HRV,1989,NA,NA,NA,NA,NA,NA
HRV,1990,NA,NA,NA,NA,NA,NA
HRV,1991,NA,NA,NA,NA,NA,NA
HRV,1992,NA,NA,NA,NA,NA,NA
HRV,1993,NA,NA,NA,NA,NA,NA
HRV,1994,NA,NA,NA,NA,NA,NA
HRV,1995,NA,NA,NA,NA,NA,NA
HRV,1996,0.07089628725774477,-0.41634048475390384,-2.6082326435604974,-0.12301145919579115,-1.5245029752611772,-0.24734114801526075
HRV,1997,0.08245016579092934,-0.4227720538325883,-2.5819150635278456,-0.25142009604325155,-0.12381770955414773,-0.38420740177707513
HRV,1998,0.11005108388109541,-0.6194803675678595,-2.7045055536492426,-0.5207869524830633,0.05865976082911839,-0.676121806276134
HRV,1999,0.13895851381108348,-0.5759683627275808,-3.2077513477017296,-0.3439921318917045,-0.2992351007057894,-0.54648913142248845
HRV,2000,0.14038914806520386,-0.47609702447596935,-2.9483385340041015,-0.2494793555187218,-0.23493823999412777,-0.4496176463097481
HRV,2001,0.14126930726703546,-0.26223597346296335,-3.2571238557986297,7.717103727888919e-5,-0.32902499221510517,-0.17946987348278776
HRV,2002,0.14496142166205872,-0.3720320650821095,-1.9197190365968462,-0.24019934666010379,-0.04023355970753917,-0.38413743116168075
HRV,2003,0.11326679934548911,-0.38940409071467175,-1.6657305332875008,-0.1999021687769038,-0.1952422912124021,-0.3555991332155728
HRV,2004,0.11415898035161076,-0.4196794972313578,-1.694222822951939,-0.1998518290919249,-0.35404454985080225,-0.3575753875536576
HRV,2005,0.08269253309479996,-0.6242365579547787,-1.2541002200225435,-0.43232045431250277,-0.4374582153298441,-0.5748352873396401
HRV,2006,0.10377210339384657,-0.6738179616274005,-1.4521200676601542,-0.4263032236331632,-0.5983846768295682,-0.5830426361860321
HRV,2007,0.11573487719064057,-0.5646317895227932,-0.504413481718776,-0.401774798933177,-0.5268354671057147,-0.46760139588269745
HRV,2008,0.13227585479476467,-0.47821995145761964,-1.0570964195913826,-0.3073952918511662,-0.3439991570651588,-0.4138922824073106
HRV,2009,0.1242256081980565,-0.5405431388867014,-1.2091853286290268,-0.36554208788052445,-0.3229565662360423,-0.5148987974633112
HRV,2010,0.09934469627262421,-0.5970953527805097,-0.6422923288367004,-0.3857977933520933,-0.5470423487342775,-0.5022942658380075
HRV,2011,0.10976242868846098,-0.6675228121800701,-0.7688691639336929,-0.4833597015603932,-0.5873016201525527,-0.5806462375430197
HRV,2012,NA,-0.6359691646926526,-0.8027265284887228,-0.4116704446101367,-0.6009884978961602,-0.5289831085361962
HRV,2013,0.10738952924339973,-0.6826697583678836,-0.5103891573269776,-0.47220412258575384,-0.6481636921981941,-0.5757086871718076
HRV,2014,0.10556273253359694,-0.6066561671606887,-0.4900003429911317,-0.4589070761057843,-0.4628846681455989,-0.5547441332037822
HRV,2015,0.10877912467400408,-0.6178034625432,-0.5269444163254677,-0.4046061114162245,-0.6042014241360216,-0.519047648572855
HRV,2016,0.12946730722191113,-0.7150345638977579,-0.7546898138159865,-0.45908435305685535,-0.7257804125227325,-0.6029140270483576
HRV,2017,0.11375495808454461,-0.6757082168407068,-0.6545541001797583,-0.4101479348752177,-0.7001458943652332,-0.5590034444172606
HRV,2018,0.11472636868970387,-0.7651252271301918,-0.6299913549435114,-0.5342463525679675,-0.7720228970827643,-0.6524726425658892
HRV,2019,0.09440094873681715,-0.7984031370940339,-0.5098754521150273,-0.5772268345219754,-0.7960248683442632,-0.6805065202426441
HRV,2020,0.06690367279724341,-0.6711992881274684,-0.4858407225459733,-0.466589491679983,-0.5717827742461565,-0.5870839162055916
HRV,2021,0.030207676294025987,-0.6124182607362522,-0.42883027949969765,-0.3918577559961105,-0.556044030025846,-0.5189691945116146
HRV,2022,0.038868947129048315,-0.5895360262505608,-0.4827139149211188,-0.31454960312849956,-0.660146955708574,-0.44717695804696134
HRV,2023,0.034746072945399886,0.11493614421664218,-0.5027436920310175,0.6838101279435934,-0.6595370612879854,0.40771879488607
HRV,2024,0.0526302679090247,-0.045702003600452984,-0.5900464351456334,0.46646366798565786,-0.5462352072610648,0.1824319919693566
CZE,1970,NA,NA,NA,NA,NA,NA
CZE,1971,NA,NA,NA,NA,NA,NA
CZE,1972,NA,NA,NA,NA,NA,NA
CZE,1973,NA,NA,NA,NA,NA,NA
CZE,1974,NA,NA,NA,NA,NA,NA
CZE,1975,NA,NA,NA,NA,NA,NA
CZE,1976,NA,NA,NA,NA,NA,NA
CZE,1977,NA,NA,NA,NA,NA,NA
CZE,1978,NA,NA,NA,NA,NA,NA
CZE,1979,NA,NA,NA,NA,NA,NA
CZE,1980,NA,NA,NA,NA,NA,NA
CZE,1981,NA,NA,NA,NA,NA,NA
CZE,1982,NA,NA,NA,NA,NA,NA
CZE,1983,NA,NA,NA,NA,NA,NA
CZE,1984,NA,NA,NA,NA,NA,NA
CZE,1985,NA,NA,NA,NA,NA,NA
CZE,1986,NA,NA,NA,NA,NA,NA
CZE,1987,NA,NA,NA,NA,NA,NA
CZE,1988,NA,NA,NA,NA,NA,NA
CZE,1989,NA,NA,NA,NA,NA,NA
CZE,1990,NA,NA,NA,NA,NA,NA
CZE,1991,NA,NA,NA,NA,NA,NA
CZE,1992,NA,NA,NA,NA,NA,NA
CZE,1993,-0.21073082094207118,0.3575457175649627,-0.7338485607294096,0.6174913543433742,-1.5508686907499003,0.5203603356848551
CZE,1994,0.011719366450225754,0.2074564752393917,-0.5491338085633757,0.46556508717902867,-1.2863073647419925,0.3733120647766963
CZE,1995,-0.018231621014292432,-0.02783768907387829,-0.098836553086561807,0.22250517003736414,-1.5589143082372239,0.1473502161123732
CZE,1996,0.0146785162459796,0.02017902985186093,-0.20096865015300747,0.2836736182745605,-1.321109907486211,0.1965933104464732
CZE,1997,0.03798029811030412,0.09092411519359689,-0.7933242896022197,0.381387940013427,-1.3052960090287349,0.26339351359883034
CZE,1998,0.05814162118953303,0.08190336928470354,-1.018325109558719,0.40717563029782,-1.1912807530367742,0.26227668705697593
CZE,1999,-0.039084125561495986,0.00159970627729622,0.029875633299448978,0.3098632754614705,-1.4762774540492511,0.18120246822768382
CZE,2000,-0.11627193889079446,0.006498143547520319,0.5768732044547433,0.29502979470592683,-1.5312548245400945,0.19518787170846574
CZE,2001,-0.14233558095696053,0.0051185031743979925,0.16998989387393948,0.30508199401704905,-1.2854845467051308,0.19609808447323707
CZE,2002,-0.1677964571904198,-0.2555363570761423,0.527935568411964,-0.023992101382910525,-1.3733529714937105,-0.06508413528912138
CZE,2003,-0.011547684966435323,-0.35376835591207756,-0.35033213883318126,-0.05195418392924367,-1.2178367439621947,-0.16397774114570107
CZE,2004,-0.025425185200570688,-0.24559176052215148,-0.100308111325623,-0.041566171290803755,-0.45741910106513917,-0.13159350884139176
CZE,2005,-0.062393935615155716,-0.23227876721042562,0.04125003116000592,-0.06807092721171082,-0.3157009615542541,-0.12637675295476325
CZE,2006,-0.10161433241118145,-0.2688850574154603,0.11364835742205415,-0.13066765493757737,-0.2978534452230637,-0.1546692105701788
CZE,2007,-0.05704202705708705,-0.23545906511387055,0.10305775284109187,-0.13891110083928626,-0.1725178221876913,-0.14519701714593536
CZE,2008,-0.071491650610777,-0.2747233618375956,0.09611195520127547,-0.21174694869649113,-0.12312876927498184,-0.21681517680741513
CZE,2009,NA,-0.28679034564351547,-0.17833652642173758,-0.20838603339825434,-0.06288055230326783,-0.26406283754233417
CZE,2010,NA,-0.22624461149049147,-0.015539548703177086,-0.15372427843319758,0.020450792305500842,-0.2167695324992308
CZE,2011,NA,-0.25035319033546366,-0.1992463243658822,-0.13286265639347694,-0.08383126066131497,-0.20272570094421272
CZE,2012,NA,-0.11147302726687341,-0.1849174713908921,0.02251694660459802,0.06936622923361302,-0.07216837909888185
CZE,2013,NA,-0.09105127527193163,-0.11971479846486455,0.04062433580621927,0.1448807449424201,-0.08060573434840623
CZE,2014,NA,-0.1344551494184102,-0.11826181196783025,-0.0052862694693329715,0.07163046782798865,-0.11414825315300248
CZE,2015,NA,-0.11100486638880563,0.0191155870050701,-0.03763269788671364,0.12990122276240745,-0.12225089769235331
CZE,2016,NA,-0.19078242397674494,0.03550197411760214,-0.12737082453067416,0.04692967970088402,-0.19854982315146152
CZE,2017,NA,-0.14570689344620427,0.052044427052555964,-0.17810646059019364,0.23001107387137232,-0.23824877383070242
CZE,2018,-0.2520581055383516,-0.2493727859562445,-0.12794268799866826,-0.3102896962332835,0.16635729862927695,-0.3779344071924441
CZE,2019,-0.27994328629968945,-0.3559109287058212,-0.2551299158572675,-0.4437070660711352,0.13304512781754974,-0.5212685364284899
CZE,2020,-0.3109052960378593,-0.3761536592226725,-0.29983571697862654,-0.44172582459067933,0.12172556690282632,-0.5271198626163501
CZE,2021,-0.26186793645411854,-0.36440308774435576,-0.24344997443477245,-0.47233822338696907,0.14191772353422394,-0.5311480203422796
CZE,2022,-0.3186594338554666,-0.30017654278355244,-0.2275554515717384,-0.40863487994143477,0.18469093815251725,-0.46527401767996657
CZE,2023,-0.35357334527427065,-0.33593841229899746,-0.1965452574160067,-0.4951060520388547,0.18605665885471745,-0.5233047309024482
CZE,2024,-0.3840576214452933,-0.24054407572361658,-0.14921937856358314,-0.3337397411111077,0.242162874757345,-0.39538212212604334
DNK,1970,NA,0.2562896149971099,-1.3146885215236903,0.12518481599025044,0.35315988936746523,0.16431057920137393
DNK,1971,NA,0.3190423077673219,-1.3138902903565635,0.066673104103665,0.848826138159287,0.10644753965026021
DNK,1972,NA,0.3237910642366393,-1.3581458309105985,-0.011752870255432146,1.1665502367636238,0.023936111504727187
DNK,1973,NA,0.44744986472404613,-0.916182580400557,0.20568069561616165,1.0956738416095546,0.19599723506961775
DNK,1974,NA,0.6375364958723877,-0.5563461285263696,0.4181949643750871,1.1831706150131236,0.4146899240122077
DNK,1975,0.046376004434301676,0.4209815724192274,-0.9062008637390857,0.19045012418050833,1.1105064894988224,0.1851744207778392
DNK,1976,0.10718981006883421,0.4711127856325674,-0.15826645400031225,0.2780059625183924,1.2691931008593587,0.24530604876411388
DNK,1977,0.03569223053395709,0.4799950410056779,-0.08151022463204782,0.31877991247209136,1.4491261587179367,0.29023725933018785
DNK,1978,0.02953231134153833,0.4562043925201471,-0.27232627241317076,0.3346965832145534,1.445580840091095,0.3106285983509678
DNK,1979,0.042678185507605604,0.32286711663803436,-0.4400202373905726,0.18275283757355076,1.435702951863552,0.15535935237822507
DNK,1980,0.04867582256987102,0.31825798703671393,-0.3850609401433962,0.121397562430126,1.6640545227488297,0.10110837271392237
DNK,1981,0.03138756395817388,0.45300682011384685,-0.2585568121552413,0.2805089197462103,1.6379117840770951,0.25926073726915266
DNK,1982,0.05561269547343528,0.3822997325312667,-0.7617536845269663,0.3383788138548296,1.3371948609748534,0.2999112621634019
DNK,1983,0.0647490486331882,0.36177783281162523,-0.7145847344134193,0.3249186529712511,1.5097452686579382,0.2876236741878213
DNK,1984,0.03433427907354236,0.4639106033963005,-0.13646490608510575,0.43760812454957265,1.5298708987163052,0.4086708950147784
DNK,1985,0.0322713866049964,0.7207141794036716,0.32820668727930435,0.7524016377007503,1.3544487067819029,0.7193068650568188
DNK,1986,-0.03615486186691097,0.6221298662516863,1.052284675335903,0.6080756250637571,1.3034504887441054,0.6162424065068679
DNK,1987,-0.01697055913577805,0.6443822464768915,0.814253356888968,0.6740050441297893,1.167709613953463,0.6604738691956036
DNK,1988,-0.015524304497074426,0.7583785206499097,0.9752144268213612,0.7777313048681807,1.3307247167333678,0.7627619649824232
DNK,1989,-0.004125972427062474,1.042341157973064,0.8484974712699329,1.016788339871298,1.6286019917231127,0.99981472172497
DNK,1990,-0.015666156972808154,1.146868107639331,0.8651730724309545,1.1605093592966078,1.7971357303855053,1.1342206780761166
DNK,1991,-0.04569568186861206,1.119069461098717,1.1186562098214763,1.0930573022032946,1.9119909083773254,1.0756357602796396
DNK,1992,-0.08135069301035847,0.9563669268560132,1.2785418071429437,0.9180681792822555,1.8949968961921,0.9070920121778898
DNK,1993,-0.09712384295618992,1.031557334271825,1.3413639548876128,1.0174683779438691,1.8015026817481308,0.9995905377590014
DNK,1994,-0.10335042758375146,0.941629058803485,1.4609866086567944,0.8515101841930819,1.88439160935214,0.8525033470263119
DNK,1995,-0.10678110369547,0.8891223559936677,1.5340443433931377,0.7687307358468167,1.82253528769866,0.7802291105180295
DNK,1996,-0.13689006942899962,1.0104547402876274,1.853926841346778,0.9059640751900748,1.8237129823869347,0.9453989259642427
DNK,1997,-0.14527995844248898,1.0241848160884233,2.172084737483782,0.8769025613846215,1.7404298587344853,0.9674695954739747
DNK,1998,-0.17269322894141925,1.0995771329529542,2.29827403708789,0.9437856175536703,1.7290409648073635,1.0576387810286518
DNK,1999,-0.24450145209330498,1.0655807711163428,2.3352263252224796,0.7457491707390569,1.8143118657306652,0.9693390956782566
DNK,2000,-0.2462178670792008,1.241776449584638,2.748966908875478,0.8217979987787741,2.091230491892361,1.0729657984724965
DNK,2001,-0.2898982199984128,1.2108771182693625,2.5182991930407193,0.7971369703555219,2.0635563294815253,1.0137425968060159
DNK,2002,-0.23437609534418102,1.171361317219852,2.279678391957862,0.8986307695435349,1.9293264849343337,0.9897813130615895
DNK,2003,-0.22197213501756707,1.2065288675910133,2.2140076232863355,1.0175243433883505,1.81067812370113,1.0998889919420913
DNK,2004,-0.24291985206336686,1.2090945641633515,2.1151598717050013,1.0244766247488413,1.8047258642596022,1.1043812120584928
DNK,2005,NA,1.2506183584174893,2.0765516678145755,1.0643650543346659,1.8047756670013522,1.1846227570612713
DNK,2006,NA,1.242280447330066,2.1300990084304146,1.0719960647130684,1.6209141732340324,1.2445138117722432
DNK,2007,NA,1.2873027452318189,1.9814714072428619,1.2002870780123407,1.5173827102757866,1.3265304480267663
DNK,2008,NA,1.2879935933099058,1.8533828892896997,1.2695995175918806,1.5287285814492249,1.3104184351025312
DNK,2009,NA,1.238664029056562,1.8063717829718524,1.2220230240504029,1.4347404461413542,1.2740321276851545
DNK,2010,NA,1.314357767954267,2.072445821591806,1.3039877674852607,1.4566714139594452,1.3721049674682555
DNK,2011,NA,1.3077203903587344,2.014549839240945,1.2715339720781174,1.4649032711591892,1.359838143021732
DNK,2012,NA,1.3572813782612079,2.124074567564144,1.3311273487104922,1.4417553303073198,1.442895876624044
DNK,2013,NA,1.3525840149205361,2.2955988109446475,1.3205215969626871,1.3991605421798652,1.4545256343361392
DNK,2014,NA,1.2964746569841035,2.230727748193127,1.2447915050248617,1.3144917149102495,1.4039895366370074
DNK,2015,NA,1.3472078227395643,2.321997003061867,1.221818818035698,1.4171266570235828,1.4220336487396978
DNK,2016,NA,1.3276690614821702,2.3600467204473725,1.2045346037454487,1.3791809098444772,1.413721372342791
DNK,2017,NA,1.3762729962550728,2.3761196395121513,1.2462305372899256,1.410291983385503,1.469608118851377
DNK,2018,NA,1.2657679299125395,2.3531337365377065,1.0478610986133918,1.3648057421968014,1.3318138793578789
DNK,2019,NA,1.2668965295300114,2.3591004563820652,1.0857499978686298,1.306411984071374,1.369789933418921
DNK,2020,NA,1.250923746146239,2.2794669066322153,1.0844657677283305,1.293146439013855,1.3585496446713066
DNK,2021,NA,1.2541866331705434,2.249144708069136,1.0172068723477625,1.2894591428435171,1.3560191029402269
DNK,2022,NA,1.2196609794131164,2.1887219376427107,0.9259090438475943,1.381745928891431,1.2640080658774604
DNK,2023,NA,1.2715512754215275,2.246198995237072,0.9633302677696755,1.408080528312317,1.3242659789444038
DNK,2024,NA,1.266505438138274,2.2308247231420575,0.9184915761944602,1.3819551614504528,1.317995295196479
EGY,1970,NA,-0.4696280152856116,NA,-0.3053657410594539,NA,-0.29698225370536413
EGY,1971,NA,-0.4964458249778656,NA,-0.3314645962745777,NA,-0.3277211661819961
EGY,1972,NA,-0.44473906705699573,NA,-0.2775538106529236,NA,-0.28096737974357655
EGY,1973,NA,0.11868817205579019,NA,0.3207721711888496,NA,0.2739688528325459
EGY,1974,NA,0.4563918017027284,NA,0.6394599930297178,NA,0.6041181342484572
EGY,1975,NA,0.5406235253469962,NA,0.7258925914580074,NA,0.6901732024563576
EGY,1976,NA,0.447772352579773,NA,0.6507889971328336,NA,0.5918505925717152
EGY,1977,NA,0.39379403377401445,NA,0.5982861243125825,-3.636897736894632,0.5484891669179592
EGY,1978,NA,0.41253762818079287,NA,0.6043103251950726,-2.3375130728656943,0.5623287390802054
EGY,1979,NA,0.22947144573987455,NA,0.4129296775732467,-2.0975537617776636,0.36856393737581494
EGY,1980,NA,0.44522660148710114,NA,0.6248530221408795,-1.9090972324264621,0.5836699632529887
EGY,1981,NA,0.5047275805557065,NA,0.6796919973332238,-1.9117553058310035,0.6411434807425616
EGY,1982,NA,0.6780593544626972,NA,0.8681819221111491,-1.9572370561217474,0.8188488113940151
EGY,1983,NA,0.5428697541782466,NA,0.7284178999201516,-1.7500884145002686,0.6772704786698269
EGY,1984,NA,0.358536036201502,NA,0.5447325618933521,-1.7675992392301385,0.4937516495077434
EGY,1985,NA,0.15127577894028166,NA,0.3534038161829405,-1.5969497039022054,0.2870280387011912
EGY,1986,NA,0.33154256597344234,NA,0.5605451983542475,-1.5945808206990462,0.4769625266855331
EGY,1987,NA,0.26865856956444945,NA,0.5047009312995052,-1.5934019436683786,0.42285693776013766
EGY,1988,NA,0.2634364752542997,NA,0.5119552797387157,-1.5717891359492477,0.41869108139079825
EGY,1989,NA,-0.6716747841617106,NA,-0.4288812716411037,-2.2610013049036155,-0.5295844841686246
EGY,1990,NA,-0.34698006280193594,NA,-0.10153312838027873,-2.2457517442416637,-0.1887129898570108
EGY,1991,NA,0.44196454645600736,NA,0.7091155829536799,-1.6237556569711522,0.6064406486712932
EGY,1992,NA,0.38754628068229,NA,0.6589865120404488,-1.5169404588274222,0.5604270491433321
EGY,1993,NA,0.18408871639326363,NA,0.46427505522442347,-1.8085649113232956,0.3479571422263035
EGY,1994,NA,0.10707582495469659,NA,0.39591252683796285,-1.7431664400738458,0.2793792945910929
EGY,1995,NA,-0.024089295694071033,NA,0.2746617786728558,-1.610277074932089,0.15233047585529103
EGY,1996,NA,-0.1680496046912816,NA,0.14473691519412868,-1.7540164210535285,0.014453381327667492
EGY,1997,NA,-0.4351415335321218,-1.2227377630897864,-0.14875126814201756,-1.7693258535944607,-0.2644772001089146
EGY,1998,NA,-0.723229324399207,-1.0947758153725897,-0.4208928109208445,-1.960279514696606,-0.5441427612913996
EGY,1999,NA,-0.9204459430591571,-1.2529259640820287,-0.5947838613877325,-2.1799264657893955,-0.7479849199785575
EGY,2000,NA,-1.0445321444898417,-1.2915065531620544,-0.7012313918389481,-2.4160340218716962,-0.8613584650430299
EGY,2001,NA,-1.0953428369685958,-1.5137016890046024,-0.7560806571901484,-2.5298926154460477,-0.8986506009366169
EGY,2002,NA,-0.9935331694429458,-1.423446429805237,-0.6654220721239263,-2.38202196219691,-0.7898373546600812
EGY,2003,NA,-0.8417366403620731,-1.5624956188353711,-0.47350664757841554,-2.2550340680301297,-0.6200170016958721
EGY,2004,NA,-0.6309560218339572,-1.1995312536831686,-0.27041137991122977,-2.0541701060661137,-0.41165129141585965
EGY,2005,NA,-0.5828030141684112,-1.4767396551963285,-0.18850252136905388,-2.0435959980218388,-0.3525518049455776
EGY,2006,0.11678102795910872,-0.5670796698758036,-1.9533514206172886,-0.10461793253610896,-2.3320585491592274,-0.29293345380653246
EGY,2007,0.1421140237269446,-0.6121120382425538,-2.1310552523014232,-0.11860892527398925,-2.244859483580678,-0.3202838067007805
EGY,2008,0.15458869019660204,-0.9253043527579697,-1.9534588161338746,-0.5291262380776212,-1.699049226476904,-0.663889472729404
EGY,2009,0.1540563624347201,-1.1460770747591518,-2.4871699991085174,-0.6635774916168629,-1.989486689257974,-0.8578828959845592
EGY,2010,0.150119703976634,-1.178330048480856,-2.5429255286745596,-0.6861070298091589,-1.9116547074530572,-0.8975323951680488
EGY,2011,0.15512885196551895,-1.2723971960829443,-2.7457262131724245,-0.8034033050786129,-1.8572619133963422,-0.9970244897495837
EGY,2012,0.19243855355347494,-1.6295120654822415,-3.189165541924417,-1.152227622248662,-2.1180048222900894,-1.3656600445050442
EGY,2013,0.18880905733119457,-1.7925715495418633,-3.2115877999752973,-1.3181964354393125,-2.1517956097194815,-1.5596912133463077
EGY,2014,0.2042146168413771,-1.9388788778625563,-3.2740407354452183,-1.5007651171531746,-2.1824924473709304,-1.7425173998512409
EGY,2015,0.19779948592857866,-2.1998251449918005,-3.3941168164924145,-1.824719465811003,-2.281158061389442,-2.0647698568237725
EGY,2016,0.1873114278600736,-2.305722096466806,-3.507585424761383,-1.9511961118202126,-2.319341315415305,-2.1924528792301596
EGY,2017,0.1905956296231185,-1.643003806892487,-2.967159029553882,-1.1452153970571295,-1.9998338322517746,-1.42328260485038
EGY,2018,0.2182442781495021,-1.934807196349944,-3.9958377053223813,-1.5108113228049371,-2.030774027443622,-1.78801845833584
EGY,2019,0.22313004691143357,-1.9882688330016522,-4.389261467164877,-1.4671232441105655,-2.2478156785094,-1.7835589325060628
EGY,2020,0.2217568448201247,-2.3003729458960898,-4.64580897716991,-1.7718460813215988,-2.518183886690643,-2.1062105152048636
EGY,2021,0.2378620857105107,-2.536965080839117,-4.544548156626046,-2.0742177848703243,-2.4912369278624937,-2.439255591110829
EGY,2022,0.21896267880057008,-2.500527106223421,-4.108887755044004,-2.063732217390296,-2.5368475795864196,-2.370677156789742
EGY,2023,0.21842808864334629,-2.473854553012074,-4.08030933049802,-2.1120733142931067,-2.3098420125427284,-2.4338662075422373
EGY,2024,0.236197587177142,-2.1363869813552085,-4.139771596075416,-1.6485152666482041,-2.2167647013431315,-2.0128410723001413
FRA,1970,NA,0.3768554431567339,0.5651688483574837,-0.50547644709073,1.2668553383297967,-0.17185826727684894
FRA,1971,NA,0.4504607695601561,0.5848721189396118,-0.3375542881507614,1.3800906887530142,-0.021171525679162695
FRA,1972,NA,0.4128252604186704,0.5607311832031212,-0.31377394404498915,1.4274084095386819,-0.004209316050979961
FRA,1973,NA,0.45252606567090936,0.5214381124914604,0.06997395776103721,1.1211015582201913,0.19070067837658078
FRA,1974,NA,0.35628567952369705,0.482317677168985,0.04219008209704622,0.9055125539261435,0.1318233228804564
FRA,1975,0.006729125060447205,0.39092013928844027,0.5216775076020994,0.09151452360893719,1.0046824529055751,0.18884084298735315
FRA,1976,-0.026705555802695846,0.5508903922328507,1.4072967727610157,0.3455347292147142,1.161071441319932,0.398955884616214
FRA,1977,-0.004857604164319573,0.7291476497475116,1.450468160193469,0.6588231062700627,1.2560336836114967,0.677384697271519
FRA,1978,-0.014032860591998486,0.783807046477732,1.254389188065442,0.7590661688169897,1.2616710944419736,0.7700828980814924
FRA,1979,0.009009357992616374,0.714810467879321,1.123058188143366,0.705985904891701,1.1867922055469537,0.7089049180765492
FRA,1980,0.0038913774524667044,0.7493087050760698,1.210083941068052,0.7182986653785208,1.3868010391119476,0.7328267281574252
FRA,1981,-0.035663099194850334,0.875006595061883,1.5538037300770426,0.8179304667798533,1.5019253416199891,0.8399572321164648
FRA,1982,-0.0995902772111078,0.8925515877744999,1.486991974850552,0.8333332594066232,1.6981871257800116,0.8451956212227665
FRA,1983,-0.08850194035925374,0.8495590448861325,1.4363864894643803,0.7452064076879883,2.020396169523645,0.7698474222534311
FRA,1984,-0.07536984784477774,0.8861291619776391,1.4561537471293189,0.7749742595345399,2.0850197526762204,0.7992900322216714
FRA,1985,-0.04702112314400353,0.8773428495909877,1.3000821737368264,0.7659848677854733,1.9437498436086247,0.7841631277461901
FRA,1986,-0.015481836400515814,0.7044681902579911,1.1519706648628674,0.5842191863243373,1.7995592237049363,0.6038479709651285
FRA,1987,-0.024183361762640132,0.7203378306372167,1.1216577175814413,0.6406342948502077,1.6408024214871668,0.6535613218124772
FRA,1988,-0.00550503437167249,0.7489085275652944,1.2110852022858274,0.6174054262804731,1.7953278164294826,0.6383937736090288
FRA,1989,0.014549863561483467,1.0049078451533764,0.9600849093850408,0.889892130905678,1.8439995622351069,0.8943199042196032
FRA,1990,0.05066463617444128,0.9601439058830049,0.8062624447122961,0.888210802888237,1.9044480021397696,0.8758760235597182
FRA,1991,0.05304398658241005,0.9669672689893727,0.8463609982611744,0.8565327573554893,2.053292292439949,0.8362355548596282
FRA,1992,0.07337173716361878,0.9290353949585333,0.980947405285439,0.8342918461272577,2.1031514471267636,0.8070410086611507
FRA,1993,0.09445493716615094,1.0560290447397072,0.9972389769549599,0.9487564429026655,2.214210735294251,0.9080504927472646
FRA,1994,0.08552164409200991,1.1172000948834682,1.07576356965434,1.0400366264844982,2.1671260978112317,0.9914082514714342
FRA,1995,0.09319094119388893,1.1326575312510698,1.0635956795886354,1.0447997014653838,2.159067212623793,0.9881418569537911
FRA,1996,0.07658361099113797,1.1957695821037913,1.2259855809474502,1.0192415169941844,2.3950238717508956,0.9734322083762302
FRA,1997,0.029360962397894763,1.328375113827792,1.533424735093884,1.0954409648025731,2.5459986798566807,1.0600140861268623
FRA,1999,0.12065984062941526,1.0434134470166947,1.546817674382913,1.041383921517416,1.6246900090677687,1.0006168018173982
FRA,2000,0.12279874958302162,1.1895152855088993,1.9462149527671362,1.107728823969995,1.9005139293593052,1.0800939192925538
FRA,2001,0.08325584060700486,1.254131297528374,1.8369583931374451,1.193202475308107,1.8684217762479947,1.1649008568943806
FRA,2002,0.07169104781162672,1.2765854440106386,1.8793872874731066,1.2602717301962152,1.7272139259553994,1.226760084383382
FRA,2003,0.0719355560903292,1.2868218892647654,1.9619812549478466,1.2780813196703125,1.6720184903172806,1.2646665384550446
FRA,2004,0.04641345783001638,1.2791197755544474,1.9024865122915728,1.2823477346655259,1.6088064698326583,1.2724823256350497
FRA,2005,0.0708921668694854,1.3308331212568159,1.7452626934764175,1.359698724666895,1.6566432444797212,1.342928489658486
FRA,2006,0.04821488630445436,1.3533422790626743,1.7201003707445932,1.4187311381697176,1.578100642331175,1.4048260757494373
FRA,2007,0.03837093756850041,1.3717258027439427,1.5287548920394194,1.5048259769967816,1.4458104321355874,1.4589184253921015
FRA,2008,0.10883479859815981,1.3592885468652849,1.4616826285808542,1.527381326346505,1.3370289151558483,1.4751531467948213
FRA,2009,0.08475445099739509,1.3352868663907427,1.4084872898653988,1.5499694987527939,1.264536097861879,1.4698001101225848
FRA,2010,0.10339531080226783,1.3704278538388412,1.5542810078164613,1.596836498698474,1.30004609907125,1.5070464202523537
FRA,2011,0.13591511455887767,1.324026406760161,1.2851425761675261,1.5583012306668855,1.2720689410167725,1.4624240506190156
FRA,2012,0.09564735333759322,1.3485090521723657,1.4133257513526158,1.5866664490426798,1.2773737911023961,1.49659604793343
FRA,2013,0.08052312704570241,1.3279857202855438,1.6185577324894262,1.5936953160270542,1.1842687204336055,1.5000849912433982
FRA,2014,0.10873117872044186,1.2608050800272008,1.4659331403139175,1.530969447004178,1.108458640616993,1.4296241123323554
FRA,2015,0.09497767824302805,1.3220041739229762,1.5330389028691684,1.5690534888918193,1.2081969604595135,1.4684324074485744
FRA,2016,0.10976704967767847,1.2676159087360168,1.5191378470033656,1.5239709957268424,1.140118238943693,1.4229306571718103
FRA,2017,0.1169559880456646,1.2765903393670972,1.5136469857113464,1.5455795516576787,1.1428745668677682,1.4322472943972304
FRA,2018,0.14300279040096053,1.2124203182405746,1.3466957670028998,1.490257600511995,1.1017693788272873,1.3644467016790982
FRA,2019,NA,1.1848104872593432,1.3193252829005637,1.492459364971329,1.0708923191691797,1.3450101420956426
FRA,2020,NA,1.1814150413978146,1.2399575494426291,1.518696312371063,1.0489891463929304,1.350380952959064
FRA,2021,NA,1.1505397657225958,1.1889096724852488,1.4929646165110997,1.0217590209365144,1.3099143882779443
FRA,2022,NA,1.2185367306098207,1.1483769265105954,1.5494466673679095,1.1019387072511988,1.3767851431795375
FRA,2023,NA,1.1919531778371555,1.1165725869187704,1.532259464957119,1.05568248966382,1.3475440733074926
FRA,2024,NA,1.1471053625087486,1.1304163887583905,1.473992528259238,1.0036736749863766,1.2900999136355966
DEU,1970,NA,0.6712958026109408,-0.05058463175651351,0.6652307351808486,-0.05286610480105214,0.7360250969344624
DEU,1971,NA,0.6774052207195242,-0.0856123871779193,0.6431897196156902,0.25973742222479856,0.7149667077987867
DEU,1972,NA,0.5167998768452544,-0.15269621268219868,0.4398958940798954,0.4552830980466944,0.517823885927218
DEU,1973,NA,0.5391171062782882,-0.2682784057284815,0.51004453956195,0.47595545149331375,0.5151882133858119
DEU,1974,NA,0.7666745962594486,-0.34679740914034785,0.759021981561629,0.5887536081838607,0.7516544169197645
DEU,1975,0.06464454154433052,0.7780644358967679,-0.08026715010645713,0.767915052897403,0.6760558139699797,0.7710613618344238
DEU,1976,0.08597560651749547,0.8619403999595125,0.6272839805502022,0.8799973849001899,0.8841104022881385,0.8525018352847638
DEU,1977,0.1056274812705994,0.8326182189886977,0.7495365240973673,0.8595824608305667,1.066197544429861,0.8380967905393997
DEU,1978,0.05543243590434466,0.7598716599348867,0.614195297450916,0.7790507438266723,1.1303484561454824,0.7648069793207135
DEU,1979,0.06844210967330677,0.6393862308641509,0.3527572281892395,0.6588705800270724,1.0854233541760574,0.6377269369447196
DEU,1980,0.08097719660480773,0.5963765142288913,0.4083126221122102,0.5983974569312196,1.1998761865115877,0.5857736503204842
DEU,1981,0.10389797921970145,0.7580646500800328,0.610515118025889,0.7539845427732261,1.2878917141037993,0.7410250364050626
DEU,1982,0.09831151236795,0.7239868367027478,0.600504095904073,0.7299607453156121,1.3622520087972934,0.7090581393858604
DEU,1983,0.0783937635018126,0.5959935933600125,0.7432249642322004,0.5825352903465129,1.4757539498079617,0.5766677799228026
DEU,1984,0.07523061238398365,0.6354994994120415,0.7249727709456284,0.6263028258084078,1.507715526401359,0.6180715279986946
DEU,1985,0.06880991276121773,0.8387953966675311,0.8166814248311076,0.8564272294154017,1.4652551392674207,0.8385614328342876
DEU,1986,0.05935447104541702,0.8196675495278173,0.6640621130075322,0.8742339878853758,1.3418950120845854,0.8393883203846798
DEU,1987,0.05885168496791904,0.8132207385876444,0.4707337741100792,0.8854913497129,1.245333511978366,0.843432121321146
DEU,1988,0.019531395992665512,0.8365773993188387,0.8439162043163813,0.9030275230753532,1.2230285420330382,0.8708676469149346
DEU,1989,0.01633211280955782,1.0915396410087845,0.7162691209551997,1.1665184577330239,1.2205546534055367,1.1296132752934873
DEU,1990,0.045172302024718336,1.064408412623698,0.6771059210603707,1.1402425218691874,1.4008828757351903,1.1047862943968165
DEU,1991,0.01885496933921127,0.9145455892149514,0.7142059918055601,0.9863270828744339,1.3153077875110624,0.9476387393546737
DEU,1992,-0.04958983729728805,0.7360595720431823,1.3316660391322284,0.7661111371991103,1.2513001738578677,0.7740431155752252
DEU,1993,-0.026244012949985462,0.8070130992972117,1.3353974912258342,0.8459223074468691,1.2018134744540996,0.8447857560714044
DEU,1994,-0.04956350888011962,0.8413851851510541,1.6042753396713345,0.8628622162190575,1.2292377890534856,0.8793728563218092
DEU,1995,-0.036615472085550826,0.8464699851044675,1.6226914390039315,0.8745475337589008,1.2021133076626898,0.8839112965319134
DEU,1996,-0.04166399602237425,0.9006356256765253,1.7124413824912477,0.9208099256052038,1.2878389959972174,0.9373945906985051
DEU,1997,-0.07039554075105281,0.9642244266425238,1.997537685216059,0.9042036447455818,1.4926801178732128,0.9564580092713111
DEU,1998,-0.13577945547748949,1.0753140723188344,2.1846951474662824,1.0184564461446288,1.4840841272462943,1.0897067727375633
DEU,1999,-0.047307508545432864,1.0705797732010591,2.126887959095,0.9785321506390812,1.4951590294264048,1.0683551412937753
DEU,2000,-0.06785264870959495,1.209543282427215,2.581504069130406,1.0787039495856119,1.627327733081994,1.1942300530629861
DEU,2001,-0.09477367656979496,1.2446782017273372,2.364739909101227,1.142232389406991,1.6648008819354005,1.2203507798147777
DEU,2002,-0.16606845540585513,1.2766144476329107,2.3197711714352263,1.2372166781177352,1.5895625396731263,1.2699725512044309
DEU,2003,-0.09197631521172711,1.2841726159228308,2.165860748341001,1.2926342447314303,1.5084967218786374,1.3100290711053029
DEU,2004,-0.09615208820955778,1.2508175752682056,2.012788404176648,1.2767829986900971,1.4307685082948092,1.2859379020102524
DEU,2005,-0.10580096713289067,1.252587583190079,1.852711129327119,1.27688060380579,1.4680256972074952,1.29482555257262
DEU,2006,-0.13887335196193673,1.2646351384331662,1.6567384131952365,1.3595643130582036,1.3828406571368959,1.3449006213245331
DEU,2007,-0.1379668206803789,1.2693750183702621,1.400370109019209,1.4260280430259897,1.2855221579994303,1.372062743786751
DEU,2008,-0.03399077045549226,1.2827929271265108,1.4149696790016377,1.4745082195704688,1.1740143603829185,1.422938674638149
DEU,2009,-0.12415709468683367,1.2266125937033328,1.2454662695897452,1.4761186715946288,1.0758541208370551,1.3845806973661239
DEU,2010,-0.08039619499512773,1.2519426478551647,1.389419289857653,1.520864951539358,1.078670017789973,1.4193690730309934
DEU,2011,-0.0869418335229592,1.2299577544970286,1.2184711497307361,1.5117740760406306,1.0384351531169145,1.4136061312755552
DEU,2012,-0.08605923749086863,1.284486298857798,1.2534426868978108,1.5783205248180106,1.1053128148501272,1.4687459355930526
DEU,2013,-0.07441694600738813,1.2161710809973418,1.3815334428060337,1.5017631400965912,1.078984753036806,1.3861502057060417
DEU,2014,-0.08657639775918896,1.1235672177231386,1.2752518448577108,1.3997496262413522,0.9813366542004843,1.2891259314300747
DEU,2015,-0.10721970403814418,1.185129186409267,1.3929911207948342,1.433652715073659,1.0692628711711167,1.3322619068289292
DEU,2016,-0.11299346931586896,1.1279380071647065,1.411010263003152,1.3816535243539858,0.9912504724705093,1.286370604537638
DEU,2017,-0.10070727680210384,1.1694411662077009,1.445266721734233,1.4235523741144906,1.0503325696846304,1.3202180792560143
DEU,2018,-0.12567284975721915,1.1029318590382873,1.3768197475472346,1.349882319366181,0.9990452574207478,1.252558442007428
DEU,2019,-0.13651027270594235,1.068647422141788,1.4098104098129265,1.3092082151618734,1.0012074631007666,1.2127396018950458
DEU,2020,-0.12543455830056793,1.0714320354579854,1.3649808931578833,1.3207923808860882,1.0204378805107694,1.2135905084440834
DEU,2021,-0.11842551120220324,1.0871725529815535,1.384431480009667,1.3253025307347746,1.0347788208592106,1.221333783012018
DEU,2022,-0.13811929261176714,1.1132071018502085,1.4344560523053929,1.305053204164875,1.0959780943350799,1.2358334030727132
DEU,2023,-0.15011036801325567,1.069131298507956,1.3921141076185841,1.2519079948071954,1.060791648869285,1.1812515079465005
DEU,2024,-0.16683154371152464,1.0404349064882696,1.3760412484598947,1.205295044252222,1.0317369401836294,1.1398084075506425
GRC,1970,NA,NA,NA,0.13830403006118797,-2.9102703538670625,NA
GRC,1971,NA,NA,NA,0.18281289099803466,-2.812334951764244,NA
GRC,1972,NA,NA,NA,0.18197095965648646,-2.500555243938618,NA
GRC,1973,NA,NA,NA,0.21922467972643345,-2.3393684182300643,NA
GRC,1974,NA,NA,NA,0.1907207368691508,-2.5702795337205444,NA
GRC,1975,NA,NA,NA,0.23700074353929335,-2.413125241216509,NA
GRC,1976,NA,0.11915455544921505,0.8126720781068872,0.23848915862759945,-2.2432116411660505,0.25003448112598914
GRC,1977,NA,0.05575006524513615,0.7992526910715707,0.19069252507384649,-2.0026966000894006,0.19813814004532615
GRC,1978,NA,0.04809452598718389,0.6144833636385565,0.1864961004941068,-2.2322555087930693,0.1941458431289882
GRC,1979,NA,-0.2195991645107238,0.35668226460360053,-0.09380097476003879,-1.8523270990404903,-0.08931406459214486
GRC,1980,NA,-0.042809316883801296,0.3553604224083138,0.07644209661165613,-1.3062608792406403,0.08052606248767313
GRC,1981,NA,-0.06678396852931123,0.44953517814845423,0.036676188919197994,-0.998807607982835,0.042345272685206936
GRC,1982,NA,-0.1777983709010731,0.25654009375974773,-0.05509237500322062,-1.1832107801280607,-0.06057458926148973
GRC,1983,NA,-0.11434285451623705,0.07015036512985251,0.009431169312591914,-0.950822524723975,-6.569072175415247e-4
GRC,1984,NA,-0.11305536240616298,-0.2199456247980569,0.019192207678720763,-0.8293147088815411,-0.0011083070954394092
GRC,1985,NA,-0.1637051823438902,-0.38337492393695527,-0.019301492874055803,-0.9188679574577892,-0.05036998254747571
GRC,1986,NA,-0.30736163120400106,-0.7012957747628521,-0.13114802829831484,-1.2614321650330016,-0.18047835179893013
GRC,1987,NA,-0.3154273941447052,-0.9870733307907766,-0.11744512884258618,-1.5046201311656504,-0.17386162727779286
GRC,1988,NA,-0.2507655517319365,-1.1262585208795617,-0.04002146506793558,-1.34044454244679,-0.1109766816541049
GRC,1989,NA,0.13946484106064316,-1.479594240615369,0.36536657112967585,-1.4183054486789306,0.28086267183592684
GRC,1990,NA,0.04277843513097834,-1.5894465262622015,0.2659467844092396,-1.3339400140348654,0.19187293717454046
GRC,1991,NA,-0.09486404435234852,-1.3815342068292793,0.13853236498157107,-1.3275096629637027,0.05465036126190359
GRC,1992,NA,-0.27215893664258717,-1.1847314677382643,-0.04049036905699288,-1.2291730060170618,-0.11892593545486885
GRC,1993,NA,-0.3261448788694701,-1.3860337884997804,-0.09250250053891884,-1.168210182144474,-0.18850318828912482
GRC,1994,NA,-0.09694533458148857,-1.3050302869946462,0.159712990448879,-1.2057350463720273,0.05872877353776462
GRC,1995,NA,-0.0019673370258048717,-1.2050488651534286,0.266439661408036,-1.0618183491557085,0.15928607506070835
GRC,1996,NA,0.14929405578698485,-1.1753439013539495,0.427449549529648,-0.7854941095267889,0.3114948002636957
GRC,1997,NA,0.0732655144513279,-0.7175556771308802,0.3376459585887317,-0.7243266738730525,0.2223683481218972
GRC,1998,NA,0.007657919612612529,-0.7886850173724578,0.2968172196094394,-0.6796402023833732,0.1597968582404654
GRC,1999,NA,-0.09633062090231348,-1.2285995583030909,0.21401823690451627,-0.5636370986778467,0.03098926022477322
GRC,2000,NA,-0.12499743212520953,-0.7356557074279695,0.12485077110697862,-0.17817591067984218,-0.04590348060348215
GRC,2001,0.26263922039679566,0.0012321778366461977,-0.1906655880820347,0.2196565687911527,-0.12551211918623473,0.09337579034066956
GRC,2002,0.2743746888344797,0.14343205039635876,-0.1693788630421409,0.36953461478655303,-0.10610822293608724,0.2529548411222323
GRC,2003,0.3098765688585632,0.20032319980126312,-0.15716139168584187,0.46732439215214316,-0.15522635377029115,0.33788695275315295
GRC,2004,0.30772537185338866,0.1863610734943012,-0.2638017634410361,0.46869396641815697,-0.28310240382799634,0.33564748877446215
GRC,2005,0.33438610429646676,0.2651947297624004,-0.2565533455681943,0.5777954431380412,-0.28034057461736284,0.43456653492341923
GRC,2006,0.2996575436381189,0.254793267824943,-0.1510207888396482,0.5708213342887827,-0.15516693572352613,0.4335780127296047
GRC,2007,0.265799212945511,0.38825615271161773,-0.058905175448553226,0.7369213620824835,-0.13938313532212998,0.5936112625822056
GRC,2008,0.28134931091284177,0.5729604219300688,0.15590583012246828,0.9218681900448117,-0.04969005732561049,0.8144545700793949
GRC,2009,0.3128075770285167,0.5906832322921358,-0.33125213093974937,1.0292687045045508,-0.05049623649107127,0.8511011029306795
GRC,2010,0.2791574850301317,0.5205929382901585,-0.2523260634518465,0.9481733230602912,0.038096853771885986,0.7598390490898058
GRC,2011,0.19572280577114293,0.6108550481123374,-0.20012451969031098,1.031148235458765,0.14999900867357763,0.8619244944166804
GRC,2012,0.3272998183643251,0.8142331708735346,-0.724132238496122,1.3267165022622647,0.14168463817260846,1.1129510340617133
GRC,2013,0.4062842054044813,0.6689560251896223,-0.6988516302226544,1.221803609838919,-0.09023500297240261,0.9795706451979989
GRC,2014,0.36615021264023934,0.5368251744670653,-0.637035202226993,1.089871885117183,-0.2771621255584349,0.8497014215301415
GRC,2015,0.15448072852561634,0.6534272007907489,0.06544876194953364,1.1932181012535992,-0.28453926715354605,0.975771399938957
GRC,2016,0.17948715925911718,0.5148155074569923,-0.15072356385325714,1.0895173758932983,-0.590498733657381,0.8631988512362614
GRC,2017,0.2592829169356983,0.37132612565979495,-0.3954874456307995,0.9530743150120536,-0.5796973690070575,0.6965035319938979
GRC,2018,0.26816260652622237,0.26291785755147074,-0.564468606374998,0.844565694461205,-0.7083519700299905,0.6004297394899101
GRC,2019,0.2938076892211036,0.31261993356785805,-0.603824485042999,0.9432460811458567,-0.781811918331142,0.6633328172593587
GRC,2020,0.3127162009867641,0.4520250343634649,-0.652918954853384,1.1311549758887591,-0.9765241020575113,0.8251402913862405
GRC,2021,0.2832877438634812,0.47348638875746696,-0.6185244231487061,1.180446348123198,-0.9762017178869553,0.8398299539139216
GRC,2022,0.3091316769758857,0.5002656862732654,-0.6462163358717063,1.1725635971856003,-0.8860005611440667,0.8743230936649523
GRC,2023,0.32650039771553235,0.43186915168809503,-0.6670822604071378,1.0897794881640857,-0.8143512492055514,0.7772308523454191
GRC,2024,0.3159807879784511,0.37596810053088664,-0.5085132924334927,1.015950330338388,-0.7994947356775028,0.6933348769764907
HKG,1970,NA,NA,NA,NA,NA,NA
HKG,1971,NA,NA,NA,NA,NA,NA
HKG,1972,NA,NA,NA,NA,NA,NA
HKG,1973,NA,NA,NA,NA,NA,NA
HKG,1974,NA,NA,NA,NA,NA,NA
HKG,1975,NA,NA,NA,NA,NA,NA
HKG,1976,NA,NA,NA,NA,NA,NA
HKG,1977,NA,NA,NA,NA,NA,NA
HKG,1978,NA,NA,NA,NA,NA,NA
HKG,1979,-0.0033022876641845,2.3734946691811762,3.1029435134653403,2.5035076839204886,-0.38061006811794496,2.5156234528266688
HKG,1980,0.0156971644081616,2.451901426028555,3.175031832930935,2.567187662822232,0.329599786765022,2.5883620346794833
HKG,1981,-0.012403452152332406,2.6518255481137993,3.3013783133184016,2.776575825445283,0.34176974547167216,2.7873552808119983
HKG,1982,-0.06863360937551488,2.74300743556425,3.312771636860035,2.8802452845601803,0.5912577494591971,2.880261228817983
HKG,1983,-0.11553081955336897,2.983706811394505,3.353518754243736,3.1010458459070707,2.0697672343494933,3.099424864256167
HKG,1984,-0.040369358538988376,2.9646488228211036,2.7340664898785434,3.0784941842311913,2.7675414214822087,3.0551695697654475
HKG,1985,-0.003190437971937965,3.0173674949677682,2.3116375507177365,3.1484736702726863,2.807413018102214,3.104250069390646
HKG,1986,0.01575548741371835,3.218475726305102,2.3967719911469905,3.373716315877832,2.985091402081971,3.3130681920135046
HKG,1987,-0.0018022051911592563,3.448824547984466,2.436611024645577,3.6202734161104306,3.0761493564141267,3.5570674519214696
HKG,1988,0.02682592245788029,3.4548497604806965,2.196427135093937,3.630349392807811,3.231669203716851,3.5528939604671974
HKG,1989,-0.008241496420497652,3.4887628557907346,2.074782922342382,3.653083890574481,3.1754734014160877,3.5734785420640587
HKG,1990,0.008404518617772472,3.6045389874119946,1.9795217247606645,3.7751951870081566,3.39853527691918,3.701922289220332
HKG,1991,-0.01035171886653763,3.499609051826071,2.247600178882397,3.6732917051409957,3.4011536005173864,3.5912506085182745
HKG,1992,0.01662463894859556,3.3005440639233905,2.425434204694843,3.471738941888885,3.3555788066191505,3.395351182049904
HKG,1993,0.03283683021864736,3.1582323710281144,2.348036401528388,3.2897634704554957,3.51008423021723,3.2022069493550176
HKG,1994,0.009058399900275904,3.1926037701450687,2.3237841265906196,3.330551893578709,3.5299228446934143,3.238489859849304
HKG,1995,-0.007970513676310076,3.249378459782167,2.6542501366886726,3.3556812537326066,3.7176572846823897,3.265848355188351
HKG,1996,0.00829261430691497,3.148637397317964,2.6750213692608344,3.204188075870168,3.851862847195056,3.1152647287142727
HKG,1997,-0.008100342243291259,2.9985123604656314,2.755912515187725,2.997771135542475,3.8093895377944094,2.912283250999466
HKG,1998,0.008634841939263449,2.7807560292538005,2.550060631709549,2.772427434591374,3.6096821030640522,2.6720446062671237
HKG,1999,0.003971888492943609,2.7684313263905564,2.934564294636911,2.61488638480085,3.801672472049445,2.5475523367985966
HKG,2000,-0.0034803216470822296,2.745179669606051,3.150810638126877,2.494285581151979,3.8344298898095275,2.4391257007751106
HKG,2001,-0.04126801187743212,2.6807724336996595,3.170462526208993,2.39814808638587,3.688373972034594,2.38930943245166
HKG,2002,-0.04483694803695304,2.5866525546304,3.3354752002287706,2.3132360951890645,3.4630323388935578,2.3358211451985085
HKG,2003,-0.06003639952304163,2.7251924281461704,3.5925613602644084,2.456854464148611,3.5098225288560023,2.525699188953255
HKG,2004,-0.08135393587065942,2.7504896709383635,3.629923651186738,2.456193885737779,3.5244143640772774,2.555712855239446
HKG,2005,-0.08009034508843216,2.7864495370104954,3.4023877298592176,2.468930898017775,3.644483721623276,2.5681464004207877
HKG,2006,-0.06211104076248286,2.8245199791873157,3.454104499444163,2.445581917966654,3.652683716624594,2.6024794085813316
HKG,2007,-0.039222851055153996,3.0139374578797233,3.5844074929755365,2.6078592172431474,3.7542890900123913,2.7963748423260153
HKG,2008,-0.03396654985829428,2.9373409966097217,3.507521267675691,2.6995199231484084,3.497655170626869,2.78602902327383
HKG,2009,-0.03792978307029182,2.879610760448889,3.683478560896839,2.5844651165310606,3.315933869867678,2.7861711500732875
HKG,2010,-0.04029565067233909,2.9430613599728144,3.86892240573043,2.661528321983498,3.3451195460718868,2.864943903809751
HKG,2011,-0.028195737557302758,2.9713166639850197,3.6506717472037726,2.757120402547605,3.364702468436499,2.887364417516009
HKG,2012,6.025788643055918e-4,2.9321265228762505,3.6629352579748966,2.6829141951204143,3.3080624461276997,2.8536047850472874
HKG,2013,-0.01040162340590367,2.9158363145764814,3.730966785542728,2.7040243299848914,3.267739862351654,2.855542433695075
HKG,2014,0.0023441016783321,2.9632711915055694,3.6491065286173683,2.7207557825908015,3.367119684621608,2.8600223708342654
HKG,2015,-0.012170288550420016,2.9162474696069904,3.6215572433436543,2.623755933946137,3.336251499644195,2.7860244021665768
HKG,2016,-0.02893047466166354,2.874599092998844,3.667232270585316,2.593271624641986,3.2581007997076528,2.7715645534585986
HKG,2017,-0.025462561119372507,2.9237758728786654,3.730181166023687,2.62358844867285,3.290779784346264,2.8373386473441555
HKG,2018,-0.002468335721789394,2.8731122500384236,3.5740949426111874,2.657611566766902,3.229759254234116,2.7889564231153403
HKG,2019,0.02111210452272161,2.7951197737282354,3.534204775170998,2.6033284035467905,3.1293166901265153,2.7447474308132285
HKG,2020,0.023617625670748654,2.788638783004213,3.568566993470637,2.5788542672056076,3.105591705439595,2.7629444170165245
HKG,2021,0.026672539291097475,2.828109670557122,3.401237188037089,2.6747381773346133,3.162108514296773,2.783429805040111
HKG,2022,0.019380198863717335,2.8713001692689186,3.397569130733231,2.720061298857323,3.215248624068802,2.8114738480544306
HKG,2023,0.005773143103954714,2.7967437304581,3.1269025556647505,2.6962354845924645,3.1894004549556896,2.7073406777183755
HKG,2024,0.015874905993516375,2.811390090294126,3.161162039406703,2.6778592239591577,3.2185135525494335,2.7094041721566553
HUN,1970,NA,NA,NA,NA,NA,NA
HUN,1971,NA,NA,NA,NA,NA,NA
HUN,1972,NA,NA,NA,NA,NA,NA
HUN,1973,NA,NA,NA,NA,NA,NA
HUN,1974,NA,NA,NA,NA,NA,NA
HUN,1975,NA,NA,NA,NA,NA,NA
HUN,1976,NA,NA,NA,NA,NA,NA
HUN,1977,NA,NA,NA,NA,NA,NA
HUN,1978,NA,NA,NA,NA,NA,NA
HUN,1979,NA,NA,NA,NA,NA,NA
HUN,1980,NA,NA,NA,NA,NA,NA
HUN,1981,NA,NA,NA,NA,NA,NA
HUN,1982,NA,NA,NA,-0.1424546788063541,NA,NA
HUN,1983,NA,NA,NA,-0.0012131050501875684,NA,NA
HUN,1984,NA,-0.12165644704303458,NA,0.07194285574934889,NA,0.020961943363740243
HUN,1985,NA,-0.14615818348645315,NA,0.06892923621284552,NA,0.0025534587310962475
HUN,1986,NA,-0.3893429003583413,NA,-0.14922644895721748,NA,-0.23280912062593195
HUN,1987,NA,-0.4458347793292625,NA,-0.1967989588844885,NA,-0.27864295242385606
HUN,1988,NA,-0.49222905455780364,NA,-0.22994941606074693,NA,-0.32321361440866436
HUN,1989,NA,-0.42347258722130166,NA,-0.15931679480599992,NA,-0.2600200073335208
HUN,1990,NA,-0.4522090258364231,NA,-0.1935300603862784,NA,-0.28070992186301047
HUN,1991,NA,-0.5103441719718109,NA,-0.23183786652286287,NA,-0.3345128008052496
HUN,1992,NA,-0.5868308632995751,-5.078657268705367,-0.3037714504455018,-7.428547853444128,-0.4017923914784016
HUN,1993,NA,-0.8716377625629506,-5.674975661297505,-0.5872905868291427,-3.3530722878703516,-0.7031467535839768
HUN,1994,NA,-1.0092877286287458,-4.4256639605332735,-0.7511164987753696,-1.7943537893081376,-0.8659318035185259
HUN,1995,NA,-0.7324837375491762,-4.294131646433093,-0.5304406804356305,-0.6743107788059577,-0.6512278663088042
HUN,1996,NA,-0.6554102008656384,-3.4056255244943223,-0.43194728994206755,-0.6833879293414431,-0.5585735084430679
HUN,1997,NA,-0.6151120239328443,-3.0884252031923296,-0.4308208685840662,-0.3814217404517972,-0.5655203166937102
HUN,1998,NA,-0.6005084803844394,-2.3459238506740934,-0.38069780643411355,-0.46913653016859325,-0.5337770648968081
HUN,1999,NA,-0.6863802156568711,-2.907950877687396,-0.46747019237493537,-0.36117778292051206,-0.666675390680207
HUN,2000,NA,-0.7528309002451986,-1.551352988503329,-0.6139205200547504,-0.2657911804393094,-0.7872275995447846
HUN,2001,NA,-0.5716684667603049,-1.5374599205648258,-0.40597991419574897,-0.28118140735170627,-0.5609631321654909
HUN,2002,0.1106996643526631,-0.5394561871072131,-1.3607268184306616,-0.5357727335242288,0.09778183140505714,-0.6622690368209148
HUN,2003,0.09405968924275976,-0.40843749202367474,-1.5515251228570395,-0.4758042043660917,0.3995043783690684,-0.6219256247017109
HUN,2004,0.05361257881136483,-0.31036232044351686,-1.1066064593862364,-0.3654172628351544,0.4525869494623094,-0.4988595084989309
HUN,2005,0.016246745414311925,-0.30994216456627355,-1.0206624210603286,-0.38897945300176895,0.5341654821592017,-0.5196000651172215
HUN,2006,-0.061009995910073944,0.8864837641075614,-0.5600019544985395,-0.1649963460225743,2.344215309681247,-0.2741632003115628
HUN,2007,-0.08555009640134825,1.0980732626177734,-0.285391630167954,-0.08286374379304662,2.4719693960813465,-0.16296644254513737
HUN,2008,-0.2384982365367876,1.2860250153474617,0.12366076813670102,-0.3976837736497445,2.598188708326061,-0.36818722400991044
HUN,2009,-0.24868392212907886,1.265487707656093,0.2847098113729958,-0.24915181545814202,2.4733604894745187,-0.20902502328296446
HUN,2010,-0.2897867822098795,1.1644026217405696,0.47851887098604795,-0.2431336552230967,2.3234962635059953,-0.1871114178147849
HUN,2011,-0.26087924525913375,1.1520592037298196,0.013650087505194808,-0.37521412635135776,2.287520259689775,-0.36880231055539037
HUN,2012,-0.23410775413631457,1.2306996216276878,-0.06625595991316802,-0.39149257151106176,2.356241336973797,-0.39649732575930696
HUN,2013,-0.2537975812414832,1.1199074253245396,-0.1484743372907813,-0.5121074291857761,2.2570551279604603,-0.5427686454529153
HUN,2014,-0.32065690064458885,0.9724557281282559,-0.19118611915308348,-0.6583643045207692,2.102254441650997,-0.6531727815698275
HUN,2015,-0.30723938612631363,1.0882637136420117,-0.1498825982121792,-0.3966031380997017,2.1906528721662735,-0.44441527950549187
HUN,2016,-0.2489579218643393,1.2197669218438394,-0.18599746749257617,-0.23517477014209565,2.314692692593821,-0.327044430256083
HUN,2017,-0.20896596566175762,1.0408386430599281,-0.22325640950533465,-0.19830233668575925,2.1169060756103493,-0.3103586281436854
HUN,2018,-0.19152334340062893,0.6811749153272737,-0.36478747526703437,-0.27948182230582597,1.6702468684633278,-0.3960113454923698
HUN,2019,-0.205863766391009,0.8555830047487741,-0.41470935018717103,-0.38924529421038734,1.944758478380531,-0.5106048085192081
HUN,2020,-0.2957898979083685,1.1821286774824964,-0.41996488643389496,-0.383618296506396,2.36003628054988,-0.5075817856392701
HUN,2021,-0.2857921840808031,1.1636841987827424,-0.37099008533317734,-0.35698580188824436,2.3329467902177794,-0.478719003159491
HUN,2022,-0.2544560668769019,1.222255560675697,-0.40720473964141624,-0.16328165955789364,2.3395814563907353,-0.3097853951434705
HUN,2023,-0.17872361089703026,0.9593945380620812,-0.43072150204633,-0.23097309692819568,2.0721036998366467,-0.37726936722737525
HUN,2024,-0.1966141844908631,0.7354115707347559,-0.37684066795283266,-0.10214561701190605,1.7890648091140597,-0.2727976110372973
IND,1970,NA,-3.1184067400747026,NA,-2.954144465848545,NA,-2.945760978494455
IND,1971,NA,-2.981780951262653,NA,-2.8167997225593653,NA,-2.8130562924667837
IND,1972,NA,-2.8990750116803197,NA,-2.7318897552762476,NA,-2.7353033243669005
IND,1973,NA,-2.818520183990622,NA,-2.616436184857563,NA,-2.6632395032138665
IND,1974,NA,-2.8060212007838228,NA,-2.6229530094568334,NA,-2.658294868238094
IND,1975,NA,-2.5582153293966607,NA,-2.4839752511494857,-2.9815711714906783,-2.5196946401511355
IND,1976,NA,-2.3800535450036113,-3.3789888254373004,-2.285741717381856,-2.8089993284928365,-2.3309917230183377
IND,1977,NA,-2.3986677269023535,-3.5576230616293305,-2.2895899463190363,-2.6708907976100633,-2.330407179214639
IND,1978,NA,-2.1676720905237667,-3.490820383972471,-2.032702470557333,-2.7546610890663947,-2.066996606152608
IND,1979,NA,-2.2142241186338354,-3.8675726970950715,-2.074998013489532,-2.861420044503517,-2.114064184570156
IND,1980,NA,-2.5080140758553497,-3.932262831915171,-2.38564419062464,-2.859819415569171,-2.419393417000852
IND,1981,NA,-2.806451039219798,-3.9127649179328614,-2.7008960523676073,-3.0890133634770924,-2.7305792282355874
IND,1982,NA,-2.9824684473854504,-4.022043499882451,-2.8644064404828975,-3.1703685993974053,-2.9034780814522407
IND,1983,NA,-2.6337938991599676,-4.24588517352805,-2.486289033944306,-3.144579806759836,-2.530670400877401
IND,1984,NA,-2.6883695600317674,-4.122691657886196,-2.5398839063533827,-3.2196991828751305,-2.5827695235026846
IND,1985,NA,-2.9607175339195004,-4.2361852081237386,-2.803162217227801,-3.4742466451863523,-2.8572735191663083
IND,1986,NA,-2.9844009376498404,-4.500411691665186,-2.801716800509235,-3.502713436700687,-2.8740898449169565
IND,1987,NA,-2.9989131619144755,-4.6968778084531655,-2.806223239473139,-3.5898741203915505,-2.8788329341334293
IND,1988,NA,-3.0645883619444345,-5.000558300744103,-2.8617542242406415,-3.596895739667301,-2.9471750155800316
IND,1989,NA,-2.874817478839204,-3.7137356249508953,-2.691055270717542,-3.7550010346845086,-2.755267724786412
IND,1990,NA,-2.576820848189447,-3.5210050450955164,-2.377530930128544,-3.5757661039443485,-2.4381813128041347
IND,1991,NA,-2.3339692295249552,-2.965054206264494,-2.118579149450553,-3.556608091716348,-2.1847230427772
IND,1992,NA,-2.789471195374216,-2.5748009510995553,-2.6156334640517045,-3.398469434211261,-2.6498194919853066
IND,1993,NA,-2.720977271711095,-2.6082368372985973,-2.531548279049895,-3.6289457476001354,-2.5808591961199094
IND,1994,NA,-2.599658346646521,-2.498891218558212,-2.3965694515860987,-3.4446468782156052,-2.453699098423339
IND,1995,NA,-2.4798464167973844,-2.311199801271697,-2.2711650578756664,-3.2452479216391295,-2.331461120932693
IND,1996,NA,-2.2299513275793057,-2.4088203856043693,-1.998071910625096,-2.8809363147094156,-2.0819146581026473
IND,1997,NA,-2.301953433555312,-2.3733180823147357,-2.0722793095682497,-2.9590106334481994,-2.160801764859821
IND,1998,NA,-2.2804074075769254,-2.4432681417704036,-2.0840914708061105,-2.293389275919619,-2.1924620829410824
IND,1999,NA,-2.342526890477972,-2.797616108835144,-2.0961375012702783,-2.4564620337311656,-2.2516337860374205
IND,2000,0.14723717717314844,-2.2511576223558807,-2.5954671685514508,-2.012132457357729,-2.3051043181649122,-2.1719486710639835
IND,2001,0.1436878652885687,-2.325133195304915,-2.7507658666566166,-2.1911335161894345,-1.9929226563807583,-2.3250814099141586
IND,2002,0.15132859782810437,-2.4505682912569253,-2.843385084402364,-2.444309266039946,-1.856044268499907,-2.554953399323521
IND,2003,0.14086312839294668,-2.5183443128629444,-2.975371029791091,-2.5295182996738332,-1.860377837033338,-2.650084462888752
IND,2004,0.13429287758874964,-2.600404384349668,-3.16851256060821,-2.7068545279497256,-1.775577464848706,-2.8257812940016476
IND,2005,0.12300635670211646,-2.521442410779247,-3.50997880180533,-2.7771658733748925,-1.4360942977416862,-2.914377335586569
IND,2006,0.12486431198175085,-2.283641867412352,-3.7811839242543663,-2.485010681699775,-1.273396617439475,-2.6549658010120556
IND,2007,0.149347776310368,-2.5120201498450685,-4.28035088196602,-3.3017109640929743,-1.2371750161018769,-3.458571778717921
IND,2008,0.16415427711811525,-2.0252818749725954,-4.208692667371526,-3.0093048267,-0.8285707910950282,-3.1365886599887296
IND,2009,0.16376910225077668,-2.114786414261252,-4.278765692833579,-3.09484009451456,-0.9786380905907868,-3.2647003348076264
IND,2010,0.16018725818933321,-2.0979712582074423,-3.611939912751976,-2.913665835910045,-1.0384549655874429,-3.071524567029064
IND,2011,0.1699517807553952,-2.02041883011533,-3.6970486584485394,-3.036660686207256,-0.9612017505889592,-3.1700710745513834
IND,2012,0.20176885338426132,-2.0300234004668014,-3.448802316654984,-2.999137858451456,-1.0104347120729715,-3.122934653877917
IND,2013,0.19660144505961785,-1.9933287600728278,-3.255760094393856,-2.622641304687165,-1.0627993272626117,-2.797118263048016
IND,2014,0.21236046131152475,-2.0565089697592627,-3.3589170170862412,-2.8582120817495262,-1.0727634636283072,-3.0177167598454875
IND,2015,0.2097041587270826,-2.0598440595658127,-3.5365923641716144,-2.843012481302203,-1.0883555488222911,-3.026987451090621
IND,2016,0.20690471145585365,-2.186190208735385,-3.4542988083648263,-3.0627450644773595,-1.203110014629799,-3.218497952053076
IND,2017,0.2113403741129798,-2.294696702707887,-3.5494943550841627,-3.0220674732215924,-1.334450311485383,-3.2093031385804567
IND,2018,0.22657803223868478,-2.280560568187177,-3.911589155567205,-3.155541762659416,-1.2921901493729728,-3.355207330030584
IND,2019,0.22739210559192757,-2.310609541963848,-3.556419981113243,-3.0127300407244806,-1.3432115997156266,-3.2129849119078595
IND,2020,0.227736296431294,-2.2935231716056967,-3.5272776271245054,-2.821350683327194,-1.3493554796073797,-3.048864092083198
IND,2021,0.24453307026643722,-2.278194939238754,-3.3721524300210564,-2.786427139923054,-1.3459864280093035,-3.0167067609526637
IND,2022,0.23569730244931364,-2.1780384921588447,-3.389858047281354,-2.6436587982829396,-1.3012028359819057,-2.8628438207844713
IND,2023,0.22815447441388415,-2.1544688720664182,-3.361239838580484,-2.4529360930274913,-1.3269852466362277,-2.702945815682371
IND,2024,0.25008800119067576,-2.0727992086238323,-3.2472270943033164,-2.256156587786142,-1.2875353368740978,-2.5333624392968024
IDN,1970,NA,-1.1153917352395286,NA,-0.9511294610133709,NA,-0.9427459736592811
IDN,1971,NA,-1.0242415945926941,NA,-0.8592603658894062,NA,-0.8555169357968246
IDN,1972,NA,-0.903232026007907,NA,-0.7360467696038349,NA,-0.7394603386944878
IDN,1973,NA,-0.9542530105502287,NA,-0.7521690114171693,NA,-0.798972329773473
IDN,1974,NA,-1.1201847853179667,NA,-0.9371165939909774,NA,-0.972458452772238
IDN,1975,NA,-1.5957589282046785,NA,-1.4104898620936672,NA,-1.446209251095317
IDN,1976,NA,-1.6259296539730945,-1.5145946760125648,-1.4611585884151093,NA,-1.4818514139811523
IDN,1977,NA,-1.7933987970384995,-1.5285165164403534,-1.6215072159707162,NA,-1.636728559855599
IDN,1978,NA,-1.850432892705974,-1.6817914231445057,-1.6851912159376323,NA,-1.6944347070135777
IDN,1979,NA,-1.3692240092360133,-2.056624468910173,-1.1903841977774183,NA,-1.2214209794099262
IDN,1980,NA,-1.0693760564384702,-2.5131164377401802,-0.8890752240429172,NA,-0.9233763795836869
IDN,1981,NA,-1.046377523640026,-2.559925721386497,-0.8690567227693529,NA,-0.9021047685553873
IDN,1982,NA,-1.4164846451441009,-2.558240247453832,-1.2293555521081037,NA,-1.2700352504290002
IDN,1983,NA,-1.2272184397542782,-2.7860144595811205,-1.0423338873790775,NA,-1.0866070794578313
IDN,1984,NA,-1.269140262141987,-3.201191514986369,-1.0802753683444197,NA,-1.1265218717352121
IDN,1985,NA,-1.2191186452003182,-3.108687284962513,-1.0103553572504875,NA,-1.0704070029827688
IDN,1986,NA,-1.292699097785398,-2.9831278407254116,-1.0615628221918585,NA,-1.1361653180529887
IDN,1987,NA,-1.2491725875974056,-2.7256617692725067,-1.0111398053537237,NA,-1.0819807606919991
IDN,1988,NA,-1.3256296285906481,-2.6442568303610443,-1.0772017556089166,NA,-1.1566141884415089
IDN,1989,NA,-1.0381834808935153,-2.81462844738955,-0.7875479852868736,NA,-0.8747309010057345
IDN,1990,NA,-1.167668444108394,-2.907498944515906,-0.9204884688471966,NA,-0.9961693401349814
IDN,1991,NA,-1.3036535890095184,-2.7435990633094614,-1.040826500970484,NA,-1.127822217842957
IDN,1992,NA,-1.2390007844969226,-2.4516271036722967,-0.9697137826521856,NA,-1.0538749933362017
IDN,1993,NA,-1.6846735435193316,-2.651319980590369,-1.421424559874896,-4.1768087725389025,-1.5161046611694728
IDN,1994,NA,-1.8711842779004693,-2.7246206014559267,-1.6108713148831528,-3.36215532796009,-1.7053890212013292
IDN,1995,0.07383521533902193,-1.8050108431808236,-2.6286048843038756,-1.5358108085800795,-3.0969159283526313,-1.6360536212775565
IDN,1996,0.07669766573422898,-1.7934372075395661,-2.894777064108598,-1.5106219421378662,-2.939548410837227,-1.623106004562321
IDN,1997,0.07639111941191501,-1.6640505357646849,-2.6058801841171526,-1.372831426496214,-3.044086108903039,-1.49204101009471
IDN,1998,0.10323189978669223,-0.8810165861122201,-1.9023758820491827,-0.5476923832372744,-2.4725749682853744,-0.6911589411375045
IDN,1999,0.14124160373040684,-1.3830952940085663,-2.1429982316417178,-1.0265410017114736,-2.9960179160988867,-1.1998162585660026
IDN,2000,0.12863274995222718,-1.500205856745052,-2.0506671230197298,-1.1314681682906176,-3.314847858476125,-1.304187217645605
IDN,2001,0.1215994989428778,-1.4764008409572371,-2.046413688637277,-1.1166167471334352,-3.4052245139334203,-1.2654618545723313
IDN,2002,0.13987110902675737,-1.5998531261046995,-2.4565068513359583,-1.2482731756241654,-3.3161469562365107,-1.384397261504304
IDN,2003,0.13432024642183937,-1.7001428554995774,-2.8405088271959618,-1.3061639314318385,-3.555589470128633,-1.4631971569707292
IDN,2004,0.1274387159660738,-1.8430862475700132,-2.753962173974864,-1.4690561626843253,-3.3168066829193674,-1.6216961075099388
IDN,2005,0.11646515783330091,-1.6144575820906573,-3.134361427546035,-1.2304002610952094,-2.5559066271126762,-1.41143162090233
IDN,2006,0.12038809659292427,-1.7200093375387817,-3.50409972623592,-1.4835030692370788,-1.4704959934195903,-1.675792865304569
IDN,2007,0.1445369154675793,-1.791757387679478,-3.5137237269212873,-1.498268206718112,-1.7342324199783135,-1.7000191028161558
IDN,2008,0.15648401680181434,-2.048216495905301,-3.3437842061042833,-1.8765669032923311,-1.8393850974223138,-2.012580252463836
IDN,2009,0.1560924093581021,-1.962036761414046,-3.180000934560356,-1.7803298808987578,-1.694568833174784,-1.9601570648578932
IDN,2010,0.1557870802811382,-2.145812907719151,-3.1836885063355806,-1.9810207385406269,-1.8358696624270603,-2.169457758052637
IDN,2011,0.16617550523215707,-2.184458462275115,-3.214713957423857,-2.0043783639136428,-1.9478725320802377,-2.1726004837470287
IDN,2012,0.1971220127126675,-2.0310980321378524,-3.0673587569996656,-1.8581070306678076,-1.7613343948919729,-2.0409647490201537
IDN,2013,0.1868849337489863,-1.8812268378199595,-2.668586161643349,-1.799934994566284,-1.4562773230530373,-1.9935815919187156
IDN,2014,0.20148350801828385,-1.873344433384708,-2.534510932679574,-1.7701559831315778,-1.499144470226634,-1.9554080434037764
IDN,2015,0.19375994042470313,-1.7026463880794678,-2.43461121694817,-1.539674041549691,-1.4162966075963666,-1.7408412485351632
IDN,2016,0.19355920604401833,-1.2901782202900356,-2.4328642672159164,-1.0854263165291038,-1.0198600138814602,-1.3173210078750586
IDN,2017,0.1937599327676911,-1.3269274635457748,-2.297305245508086,-1.089474090638211,-1.0801178294609095,-1.3375588687665223
IDN,2018,0.20524461280490514,-1.260327465636981,-2.199211145437515,-1.015579736382494,-1.0579940922939497,-1.2473133374401058
IDN,2019,0.20472604828450003,-1.3506715672680585,-2.198774278206443,-1.0899039649880877,-1.111709365445507,-1.343764370510112
IDN,2020,0.20025795141639968,-1.3652131930626763,-2.1706033071814486,-1.1057341957521238,-1.087413567182408,-1.368368080120332
IDN,2021,0.21505882368103835,-1.3213893440330566,-2.120882217526327,-1.0382729424865145,-1.0520516230135728,-1.3285237602163995
IDN,2022,0.21023089363051195,-1.2772071126657676,-2.1595446340893556,-0.9999495062013946,-1.0643339449912539,-1.2590423627073357
IDN,2023,0.2011777362292232,-1.2696942162395222,-2.0175799132143104,-1.0127433150301384,-1.0206254835417992,-1.2725541972871772
IDN,2024,0.204546209174025,-1.1958788055757013,-1.641286562901466,-0.9645123540772632,-0.9536986636420719,-1.202825623054605
IRN,1970,NA,0.31749040348380264,NA,0.48175267770996033,NA,0.4901361650640501
IRN,1971,NA,0.16608696420014013,NA,0.33106819290342804,NA,0.33481162299600964
IRN,1972,NA,-0.02779149930524527,NA,0.13939375709882684,NA,0.1359801880081739
IRN,1973,NA,-0.1948674181445913,NA,0.007216580988468113,NA,-0.03958673736783558
IRN,1974,NA,-0.5180466623584152,NA,-0.33497847103142586,NA,-0.3703203298126865
IRN,1975,0.07627245937952054,-0.47562981776490476,NA,-0.2903607516538935,NA,-0.32608014065554336
IRN,1976,0.13566458306887674,-0.7714350285818727,NA,-0.5684183840288122,NA,-0.6273567885899305
IRN,1977,0.06448041929479631,-0.2826590917273957,NA,-0.07619189714987185,NA,-0.12598885454449515
IRN,1978,0.05963393256501892,-0.0760195317229333,NA,0.12196024008433026,NA,0.07997865396946313
IRN,1979,NA,-0.15984438701128934,NA,0.03232438301222951,NA,-0.012041357185202273
IRN,1980,NA,-0.3661285494161943,NA,-0.17894581367352025,NA,-0.220128872561411
IRN,1981,NA,-0.8515774627216015,NA,-0.6687561910463007,NA,-0.707304707636963
IRN,1982,NA,-0.6294747014700026,NA,-0.433692196037768,NA,-0.48302530675490196
IRN,1983,NA,-1.0589819540335028,NA,-0.8672231724867312,NA,-0.9183705937370559
IRN,1984,NA,-1.4754792875728526,NA,-1.2818799847804692,NA,-1.3328608971660778
IRN,1985,NA,-1.5711960686864639,NA,-1.3561086489871652,NA,-1.4224844264689145
IRN,1986,NA,-2.2115071778373894,NA,-1.9713907264362653,NA,-2.0549733981049796
IRN,1987,NA,-1.6234002333915112,NA,-1.3743644129467372,NA,-1.4562084064861047
IRN,1988,NA,-1.6719732741107558,NA,-1.409693635613699,NA,-1.5029578339616165
IRN,1989,NA,-1.2504171015313337,NA,-0.9862613091160319,NA,-1.0869645216435528
IRN,1990,NA,-1.2767467627558435,NA,-1.0180677973056989,NA,-1.105247658782431
IRN,1991,NA,-1.0020598501603344,NA,-0.73427593383801,-3.1248120597508793,-0.8369508681203968
IRN,1992,NA,-0.7487083801478052,NA,-0.4799673962500328,-2.4553332701624653,-0.5785268591471495
IRN,1993,0.08150443683123065,-1.315604847826353,NA,-1.0235058655048201,NA,-1.1398237785029401
IRN,1994,0.07739522202673654,-1.2474835035140122,NA,-0.9450126348107464,-5.560171278143256,-1.0615458670576163
IRN,1995,0.0774760828269685,-1.4519566825344463,NA,-1.1330587866174202,-5.79644195545214,-1.255390089434985
IRN,1996,0.07919578458649001,-1.5464653164658635,NA,-1.2204475081161028,-4.069568769925413,-1.350731041982564
IRN,1997,0.08879332170879828,-2.004443928243388,NA,-1.6840285781680122,-3.7507123950538612,-1.8236865615056526
IRN,1998,0.12155241779232406,-2.1815372634310055,NA,-1.827906460948319,-3.739838989865582,-1.9925314409314976
IRN,1999,0.15091119456056157,-2.69004290877411,NA,-2.3242955781347687,-3.5983895731630575,-2.5330693097805277
IRN,2000,0.15098934124950825,-2.8691638784539304,NA,-2.4889277613774343,-4.024933103505366,-2.694723155726961
IRN,2001,0.14935646600656016,-3.3021129962513127,NA,-2.97114977347661,-3.907819862268051,-3.154072643331733
IRN,2002,0.15545448155187236,-1.869820756561361,NA,-1.5154357989374174,-3.118640241122797,-1.6724892750204805
IRN,2003,0.14398364837170907,-2.022064628150764,NA,-1.5977158400075728,-4.421343249895241,-1.7737839324907496
IRN,2004,0.13701069026472712,-1.2188124718582034,NA,-0.7866983772253207,-4.206727275812778,-0.9665365997664415
IRN,2005,0.12501745142907528,-1.3300939913389267,NA,-0.8796691895926623,-3.447558458085702,-1.0810317644016114
IRN,2006,0.12650247979377482,-1.6696397743728222,NA,-1.1751183403280863,-3.6704444429141194,-1.3888734476867148
IRN,2007,0.15005897012751412,-1.872463762676301,NA,-1.3435284214437475,-3.7800516744310095,-1.570826675068051
IRN,2008,0.16525864443853666,-2.0133177233067876,NA,-1.5213379829264375,-3.6093419209338036,-1.686314575192899
IRN,2009,0.16473985888316267,-1.8955228490402973,NA,-1.3101627671424716,-3.749221814459899,-1.5324802650890648
IRN,2010,0.16187666489453278,-1.6528523360256657,NA,-1.028338325599595,-3.944019743771224,-1.2652668829746583
IRN,2011,0.17211452960857465,-1.717531636005336,NA,-1.1148654813705265,-3.314649507553569,-1.3326116764290608
IRN,2012,0.20479223788783574,-1.8844234683125225,NA,-1.3090020332488692,-2.8232371152183466,-1.5468341173365356
IRN,2013,0.20088882566229804,-1.417386062024939,NA,-0.7559276671430537,-2.9942691962407877,-1.0252421261550768
IRN,2014,0.21583760872983315,-1.650081104555246,NA,-1.0078495329668242,-2.951077556052443,-1.2835264460372802
IRN,2015,0.212714802228551,-1.5846861299250043,NA,-0.9484384341323562,-2.8189636501017357,-1.2305340270826521
IRN,2016,0.21052076449045798,-1.4785335569663824,NA,-0.8317092276355353,-2.7476409921436664,-1.1142840347887275
IRN,2017,0.21449137378781014,-1.444149763741678,NA,-0.7670276995192602,-2.7639015537810527,-1.081646190327839
IRN,2018,0.2277252346067833,-0.9322738285757921,NA,-0.2530526468547174,-2.393734478334667,-0.5478085351116663
IRN,2019,0.23199520726198086,-0.0410322039476001,NA,0.7039262112393848,-2.1750903038413156,0.3748241003583699
IRN,2020,0.2325747318688539,-0.013379310345296153,NA,0.7426418131907963,-2.125696459395323,0.393602730828871
IRN,2021,0.24953461158501555,-0.29816522482762087,NA,0.4909614421809407,-2.3850716392693054,0.09974835763436801
IRN,2022,0.24029652673619484,-0.4634253512805425,NA,0.2931416752333722,-2.6385837523688656,-0.04882202638907973
IRN,2023,0.23262377062025186,-0.5364095919153823,NA,0.22069332849828738,-2.6978617792322366,-0.14135583232463522
IRN,2024,0.25509727095358214,-0.5240798539819213,NA,0.23772406444630556,-2.6724545489158453,-0.15308781916615993
ISR,1970,NA,1.05531463870346,-1.2549186464500028,1.1813092452797778,-1.02145814384581,1.201153832829801
ISR,1971,NA,1.0394247476614928,-1.264028525915207,1.1670986751850458,-1.0010506570280704,1.183591757819584
ISR,1972,NA,1.0605034197833838,-1.3175645550918054,1.1944839269702083,-0.9859519107522594,1.2034241603214662
ISR,1973,NA,1.0189323222479674,-1.3084154125969594,1.1919837371368698,-1.1813171886756777,1.1546633015104222
ISR,1974,NA,0.7304819320680331,-1.609745844059363,0.8878983199082207,-1.5442433238364144,0.8595849007696168
ISR,1975,NA,0.8070774753031185,-1.5378468159304477,0.9678458355748283,-1.4478059228677385,0.939652209252811
ISR,1976,NA,0.9124357179933813,-0.7721754511653494,1.0931778403685406,-1.2633863400412544,1.040587303060469
ISR,1977,NA,0.9866041505006884,-0.7307717275203824,1.1761309145607735,-1.2291870194251837,1.131084299976722
ISR,1978,NA,1.141555193986779,-0.26778440837872797,1.3196899799207273,-0.8659865594315397,1.2844661986096435
ISR,1979,0.050857747060021,1.0328164481649247,-0.22801367733813294,1.2075622779709403,-1.1710059345769404,1.1707612210215164
ISR,1980,0.06611559994241711,1.023005796788678,-0.17857672538893343,1.1933277443558805,-1.2727334347507906,1.1609914190502566
ISR,1981,0.04658601046619926,1.009895145406945,-0.07055865709511266,1.1679877586917922,-0.6935336665275047,1.1380722085229755
ISR,1982,0.071738651774375,0.9239891687183341,-0.23543000397722125,1.0823697271151627,-0.10094288596645917,1.04178606443265
ISR,1983,0.043092645452820655,0.7647351935574787,-0.043206775615062476,0.9098119830039095,0.08562967058692106,0.8737589603518725
ISR,1984,0.044748454252994674,0.7488360479721586,-0.08538496006105323,0.8957912319858499,0.07181165917312171,0.8595360026981251
ISR,1985,0.05077500739327978,0.6599683979030712,-0.14878274272657244,0.8089516369121417,0.17163661575522404,0.7622300551792859
ISR,1986,0.0697597807791811,0.49693085328587916,-0.2861464963172917,0.6555100894339305,0.1962065784368483,0.5956760168156399
ISR,1987,0.07744445291759539,0.21517621960731526,-0.38685427869942934,0.35167418080395985,0.1796885163122539,0.2987685295650673
ISR,1988,0.027823264411421134,0.10302020232496267,-0.46038683185847606,0.2532554762851993,-0.0069843844027541735,0.19221187116462857
ISR,1989,0.047179521836930305,0.17933777204448376,-0.7579072171067391,0.3269089244296923,-0.0919752124310218,0.260535387795078
ISR,1990,0.053433494870402165,0.07564884050346055,-0.9595029137299314,0.219072660656094,0.05204572276881869,0.1575188321857779
ISR,1991,0.05143938257542757,-0.04563872872053243,-0.8062107066399014,0.09440539780090518,0.05586049421287287,0.02636921514827173
ISR,1992,0.0716406725303037,-0.1032798305125946,-0.35813977691887366,0.019712636525360372,0.2045174975393489,-0.0360316960603595
ISR,1993,0.065941421727711,-0.10421115005080361,-0.4115542365636733,0.0023820794941007417,0.28528904034251346,-0.06565652507998432
ISR,1994,0.054188696300551786,-0.03493233058202372,-0.502744713174045,0.08464800845136322,0.34010470603043164,0.005102337253672484
ISR,1995,0.05218886586922966,-0.05103732410924744,-0.47839485524822134,0.11700871680699376,0.0028624350210786353,0.03074603366951223
ISR,1996,0.049716274731878674,-0.09031727909586929,-0.5680535756770224,0.08091853550465089,0.036194228495142866,-0.01258990469767407
ISR,1997,0.06255928901980568,-0.2561640040963524,-0.6091594575778316,-0.1762343022609607,0.30203123560866363,-0.27093525650654726
ISR,1998,0.08686848764346378,-0.21717543740472323,-0.6960790534572809,-0.06710486809125249,0.12451679062572385,-0.188494870335137
ISR,1999,0.11497611451498313,-0.20126041721924126,-0.8370267577670321,-0.01652508830324284,0.10594840002527128,-0.17786032530181495
ISR,2000,0.08036170615851768,-0.1676587662996557,-0.17738366592995813,-0.03344367016505956,0.1943233758094216,-0.16876688066214274
ISR,2001,0.099406222284531,-0.09429078979593786,-0.4726280732861947,0.06537571255925312,0.1288991892043816,-0.06752772845517296
ISR,2002,0.09060782482663798,0.0205292095650198,-0.304086598862205,0.17317536378860754,0.15723633300899786,0.059114813370189534
ISR,2003,0.0739781059711323,0.08399058492598699,0.026168031171168504,0.2278387495823342,0.2613483849621612,0.12209451587241082
ISR,2004,0.06165977926423183,0.19995342361478463,0.1324133382883983,0.30940688455112275,0.47407485418614437,0.2097536024037222
ISR,2005,0.03330544838337657,0.32735897888720855,0.2845552867292662,0.41836510061441134,0.6819461356028831,0.3308681044955132
ISR,2006,0.02724554068132734,0.4452566693960156,0.41807634678146677,0.4958065366746518,0.8898807242621032,0.4230472731948252
ISR,2007,0.061976282049704845,0.4106145156724259,0.3074839442347095,0.4676754603604085,0.7900780802912404,0.393474509941676
ISR,2008,-0.005023030641995829,0.30700947251760713,0.4373835992917767,0.26386679933465174,0.7316419846010811,0.24004679823462471
ISR,2009,-0.00958676483646892,0.22790340303724202,0.7080266580769004,0.16670921561082097,0.5369769646837441,0.20856198104660995
ISR,2010,-0.016113769877498574,0.24643801519997324,0.9783018936186798,0.12288090132576612,0.5711154150124356,0.21460431791826162
ISR,2011,-0.07876316580169673,0.23199835155090315,0.9039216016080482,0.09775743625620459,0.5401637486622404,0.20310159945866957
ISR,2012,-0.08054748689033842,0.20680636988360124,0.9826878171742024,0.06848917109407093,0.44072073938128997,0.21758430319427846
ISR,2013,-0.10121145795858588,0.1616521114442928,1.1391570361242869,0.02262376460379656,0.3338246882354925,0.2058295729027081
ISR,2014,-0.14104532925366353,0.1701985073038545,1.0701726966657867,0.07079700531668287,0.28731959691053044,0.2347551610133819
ISR,2015,-0.08798530172551078,0.2162909816779045,1.0694085606329857,0.11132975963160319,0.35415717993647955,0.25952787058459115
ISR,2016,-0.11015520023842151,0.1900323598585755,1.0173957085712786,0.07889839093397921,0.3792922347865235,0.20928008363191364
ISR,2017,-0.12840483019370974,0.13826259026773668,0.9513384270305294,0.07323057300586744,0.24556878111676816,0.19942094677148825
ISR,2018,-0.1769367569747291,0.115743043262924,0.9838954689254098,0.038228026825589234,0.21896881950542624,0.17979505211061408
ISR,2019,-0.15456018228457102,0.057991196667410164,0.980251370517613,0.012251215776156399,0.08071401659985411,0.16776571749363856
ISR,2020,-0.2427002115580873,0.009036644789054495,1.0388286813114518,-0.05040432364734693,-0.11705112813708718,0.1760182019416694
ISR,2021,-0.22549040504866835,0.05243316831366607,1.0231997379152749,0.030417339588347803,-0.21825398669839768,0.25246602040075283
ISR,2022,-0.18105840111267002,-0.008843202909552539,0.7822213264484037,0.08269216209973518,-0.22926635625159464,0.18190465335674516
ISR,2023,-0.25130862043129043,0.0813724817146539,0.8396816098235551,0.1833129412016996,-0.1701087634918952,0.27032064307370235
ISR,2024,-0.25268990924497214,0.1415449184820316,0.9210974003940635,0.20422189329137153,-0.14212402865359608,0.32253108516660745
ITA,1970,NA,1.096756363907829,-1.090609280485686,1.1556988038581477,0.21541958152929253,1.1779239902838357
ITA,1971,NA,1.121904063741415,-1.027492379408474,1.1842221894569536,0.3132904958321916,1.2038186592278843
ITA,1972,NA,1.1804038629187352,-0.9725921700067603,1.2566956645773468,0.3811950682870129,1.2696401050561572
ITA,1973,NA,1.1815836285367867,-0.7777478166732115,1.3059624129551173,0.13538228570560706,1.273508937043659
ITA,1974,NA,0.7938480369405849,-0.6338329664743538,0.8674326736669624,0.06508226643949389,0.8510139084764072
ITA,1975,0.06512176368982359,0.7094166447461903,-0.8719447030563252,0.7964243255322709,-0.014975476123184173,0.7780058292830685
ITA,1976,NA,0.5238220402644644,-0.3114434141329241,0.6203011008909016,0.04807369627555769,0.5774311554913896
ITA,1977,0.04350855914107954,0.4336405536437591,-0.07151845309445548,0.517086399646141,0.32869027506635007,0.48492749573638183
ITA,1978,-0.00478045204824229,0.4238233542312384,0.05021482780404529,0.509711497610597,0.3206576813205473,0.4884617949222192
ITA,1979,0.04588268984956856,0.3343990223331328,-0.3338041177549469,0.42367692959142045,0.28130615523637825,0.3941602468697556
ITA,1980,0.07164286785045237,0.10881112336582022,0.12570655906295425,0.15913506153618195,0.32447697295010514,0.15127484804763358
ITA,1981,0.09380660375862326,0.22603577286850673,0.36121074782309837,0.27049812021788444,0.3641203800330022,0.26418311904400715
ITA,1982,0.06770872365938863,0.10833064326347253,0.2698281223096286,0.14510391375364473,0.4899314820329703,0.13228065009768963
ITA,1983,0.0787931092908678,-0.002527937498808308,-0.10143458287380192,0.03176850226956329,0.6366295844813372,0.014563878621890458
ITA,1984,0.0639710148178908,0.06630190542746961,0.22161682115810066,0.041327798352758904,1.006181130613748,0.03664909985619125
ITA,1985,0.05797858377543108,0.129786416672518,0.30437892227932295,0.11007316213595364,0.8989026052363389,0.10461726728117249
ITA,1986,0.08516461496423633,4.0819319043250424e-4,0.1837977724611024,-0.04643243882473591,0.9251186854761162,-0.05529743405822729
ITA,1987,0.08441703127106015,-0.08072702186754488,0.05109163369600722,-0.11920803582811645,0.7734048793996777,-0.13072677681512967
ITA,1988,0.09650727986384822,-0.11123731566631623,-0.18329269440987694,-0.154053396435053,0.8096740776808149,-0.18441751284818242
ITA,1989,0.04463098422980172,0.12199559961713291,0.12213320707828412,0.06916350014469108,0.7407519362793344,0.07188578754394559
ITA,1990,0.020505193901293017,0.14661430249582486,0.3082097027308395,0.0894329928402926,0.9411571025865375,0.10208336469412105
ITA,1991,0.01475968691201357,0.22232938544767733,0.37611814872606564,0.19011756882190434,0.9822876384553285,0.18681381138557906
ITA,1992,0.028983930291463955,0.15559178497989778,0.3931401115806272,0.1472656932315024,1.0110943165959787,0.127168260413971
ITA,1993,0.0026989793192384592,0.4244721237257125,0.6704909342367196,0.40568048063470696,1.2370016686124758,0.3824093596552236
ITA,1994,0.030944220261378774,0.5162662227224558,0.8620960929633306,0.5174362537264015,1.2213774056201818,0.4922935426938273
ITA,1995,0.009555943940878886,0.6091496637000469,1.0350928334819822,0.6185858902206167,1.2290674421918393,0.5925011290057033
ITA,1996,-0.018796985790343723,0.6911847677305047,1.049973663740027,0.7544674920549691,1.140746107939885,0.7161489625270822
ITA,1997,-0.06470733495970427,0.7577706282647001,1.4097051018922477,0.7740251624189843,1.2417912192760379,0.7600044201944443
ITA,1999,-0.00743922150875731,0.7878591721411625,1.8258647998577637,0.701297835734955,1.2149970218668513,0.785033917844089
ITA,2000,-0.03183612376707934,0.8685724851364187,2.439072901573568,0.6987885370854227,1.154104801673514,0.8853919078428254
ITA,2001,-0.10278453794786657,0.7911948039788257,2.181448172241001,0.6526975875145565,1.0487500436205521,0.8099252547026135
ITA,2002,-0.1240157460987884,0.758654556990636,2.2637278538806065,0.660412903846093,0.8615997317145163,0.8048285138305861
ITA,2003,-0.10228402968828221,0.7552249548688238,2.101723939066737,0.7029935276124815,0.7478258311209445,0.8351457632923173
ITA,2004,-0.09144395893581325,0.7150024260460556,1.9823800013932746,0.6594660174729581,0.6824921265029962,0.797448674226472
ITA,2005,-0.06057630508669065,0.7257047605977754,1.715449730527839,0.6872649825965623,0.7465821262985148,0.8119481741139672
ITA,2006,-0.09060202744248846,0.7376677512278866,1.642926261110415,0.722145234187834,0.704901232251504,0.852681379964499
ITA,2007,-0.11229060690953507,0.7099710181327777,1.3966344482428275,0.7205385988541876,0.7105832461432031,0.81662436347414
ITA,2008,-0.02705949333432167,0.6167090214548654,1.291492353897679,0.6715755950770685,0.6382250593532088,0.7192149270654835
ITA,2009,-0.055165007129372,0.6024505979272046,1.1816936306089718,0.6883423274075522,0.5869889716597987,0.719262715206963
ITA,2010,-0.1225164620952428,0.5781695489094626,1.4552471529571152,0.6139790100568464,0.5474457307150389,0.7017582750291926
ITA,2011,-0.11475403965160597,0.5642260515311401,1.36149781683317,0.6015144016620283,0.5352721047497739,0.6943200952587592
ITA,2012,-0.16801105030872154,0.618825233590665,1.4718891923617738,0.6418490691203325,0.5538011211456084,0.764704936186922
ITA,2013,-0.1644643304706741,0.602077310632001,1.6744467602463378,0.5620709088164608,0.5469800260913349,0.7437655124420025
ITA,2014,-0.14343722627599004,0.5525500128174129,1.637265694955751,0.5038008586727916,0.4120576966517844,0.7175440871165226
ITA,2015,NA,0.6435086713599261,1.7954020235969992,0.5550177571820222,0.46483333309876507,0.8112273785525983
ITA,2016,NA,0.5798037259743241,1.8055892452817206,0.48348636159141467,0.37330111625343676,0.760719514302358
ITA,2017,NA,0.6503757453390233,1.831404340011705,0.5418844062748718,0.4243038779595054,0.8348017295750606
ITA,2018,NA,0.5721900482590878,1.76063135169343,0.48432662718572295,0.36674835653782534,0.7556547657958783
ITA,2019,NA,0.5648586190074534,1.722733705422069,0.4904271145703487,0.35316416956619423,0.7558633034788765
ITA,2020,NA,0.5894176625548708,1.6972019457911813,0.5259907504058323,0.3515313262804671,0.7891127782257945
ITA,2021,NA,0.5560233203064766,1.6023158819962402,0.46204008333558627,0.29160478014907776,0.7544115765113734
ITA,2022,NA,0.5632082580010502,1.6097833765308989,0.4489185213923478,0.39548803986742564,0.7380126813647734
ITA,2023,NA,0.5356977720379743,1.5131293031075557,0.44256408139276704,0.3714289461433824,0.6998578765297174
ITA,2024,NA,0.512296226431382,1.3926843765773338,0.4438885623266678,0.3484088124621241,0.6612649699256159
JPN,1970,NA,0.19511491989228125,-4.059313445796817,0.296472164492263,-1.072978396646672,0.3065449147197712
JPN,1971,NA,0.1051765087102896,-3.1489310244948747,0.1915634996058082,-0.8641032477203439,0.20046178866883535
JPN,1972,NA,0.07455712750389365,-2.411082560591514,0.1539516944583812,-0.7050212459276359,0.16225811238265742
JPN,1973,NA,-0.05197441647825318,-1.5934671854615274,0.003221825341893858,-0.459249505413716,-0.020331699222980948
JPN,1974,NA,-0.5939229446716805,-1.7519625494148139,-0.7370126074675629,-0.23903073212611936,-0.7417594022035585
JPN,1975,0.07067199332933272,-0.05354709512637834,-1.6359598255878298,-0.07725211188009906,0.02033838246359032,-0.09368465285832617
JPN,1976,0.13094727785754123,-0.11378719291789974,-0.9548581697648686,-0.13054863232521097,0.1588848471542672,-0.1716123140393302
JPN,1977,0.02050144456738845,-0.23307550449378756,-1.0224446117503456,-0.2392644620228772,0.24802056132993933,-0.27451949788643315
JPN,1978,0.027204336536074347,-0.2533805145597787,-1.2880758847124705,-0.2235035372887202,0.15115952268744692,-0.25411159261576177
JPN,1979,0.06801890690840307,-0.24709864818375538,-0.8526181279398788,-0.2359723348402274,0.28449505881511783,-0.2632623925696609
JPN,1980,0.07903209045986381,-0.15915961512914634,-0.9555170043650927,-0.1457622685506288,0.4543863239562205,-0.1714756800517816
JPN,1981,0.054713911930587944,0.03360106969108023,-0.907782822949069,0.0595318395367892,0.46849445902068343,0.032290982853759864
JPN,1982,0.07224718419876874,0.14579547570746088,-0.8443657031287293,0.17693104445725716,0.7341945561798786,0.13934954026087532
JPN,1983,0.07492142199274976,0.13745953077324558,-0.8297696264269883,0.1749260016369465,0.8934859869771801,0.1381181837468115
JPN,1984,0.06883218424947857,0.28380994063819465,-0.9086309168932294,0.3373660995643337,0.9535187755225505,0.2977041489472305
JPN,1985,0.07429580709493377,0.359557830224311,-0.8089918313185978,0.44658965015056684,0.7309687597410983,0.3948422577108184
JPN,1986,0.09053953720675734,0.4230929978881506,-0.47729938993305154,0.5527311909414454,0.5357493848078727,0.4909101163650724
JPN,1987,0.09263402295805812,0.5475081847864273,0.005733150771030537,0.6848225038113018,0.4821624858599032,0.6336621486822593
JPN,1988,0.09387728078172297,0.7048710352933922,-0.026739037128201915,0.8556420805103838,0.6463473129230017,0.7896631489822484
JPN,1989,0.08595910357457992,0.9275982695470214,0.15155699639194653,1.0546935378782887,0.8043361757632121,0.9950209307465332
JPN,1990,0.07485535065794036,0.9373261158042644,0.3279423966768067,1.0350216022435967,1.1924294961022999,0.9885935563703977
JPN,1991,0.0589975812647241,0.8357874731321351,0.37055030184120197,0.93859522113005045,1.1326921080868133,0.8839023211328425
JPN,1992,0.05810831688979823,0.7108617371578252,0.5007998767044248,0.8137909003597199,1.1468486770318083,0.7608511678914365
JPN,1993,0.04192607961177042,0.5648773220641239,0.4967146978977288,0.6621492037858124,0.9275412426711545,0.6073191771051064
JPN,1994,0.041534743748967595,0.5549814726529256,0.590067165578958,0.6702273029148801,0.7983307704449922,0.6143892310238898
JPN,1995,0.03275584344025506,0.5261684696539856,0.7369589034942319,0.6732463335178699,0.48095831658756794,0.619504375446246
JPN,1996,0.023616465657381402,0.612577914941527,0.8480013548414451,0.7543567658616016,0.6652960088061577,0.6998472289447784
JPN,1997,0.006798833064596388,0.6215875271473087,0.8745288640884614,0.76659628404575475,0.6339882107551866,0.7029495419198797
JPN,1998,0.030863429110357332,0.7000210027016813,1.0146238227187196,0.8823504796208864,0.523895566468116,0.808108904732353
JPN,1999,0.0763970690958995,0.43301713069966496,0.8140531322598545,0.6267498693689766,0.1517759986417242,0.5429276498865322
JPN,2000,0.05807027365213824,0.2731071333879276,0.8736662009578415,0.46389430906535745,0.030814637549343882,0.3776790993567464
JPN,2001,0.04042482108656287,0.337343177482302,0.7956920111263908,0.5128776434164475,0.13662074234209864,0.44020077510720823
JPN,2002,0.04517499160619387,0.3568997760879037,0.9002965101523528,0.5348047405503,0.04685674747148738,0.4749140777070465
JPN,2003,0.039539073290321025,0.35558113742743963,0.8455574909229648,0.5589726346258808,-0.01452107551010684,0.49508620447659224
JPN,2004,0.020571164687494203,0.33016440398393904,0.8670519174271396,0.5188322693304297,-0.07072838212547206,0.4710412250981274
JPN,2005,0.01719652526592086,0.37963719489229364,0.705037336859538,0.5842831987187512,0.019067300392198394,0.5275089318835594
JPN,2006,-0.00723574967879137,0.3679033795642539,0.6948154596195639,0.5920228895786483,-0.02925033928467835,0.5449487269661544
JPN,2007,-0.008290507055475405,0.4468512407532621,0.618050605027594,0.7084819123965618,-0.025395570419894486,0.6444850298196633
JPN,2008,0.019948841018488594,0.5818057306256565,0.7202017593084982,0.8551602491305594,0.1324752523822177,0.7957716282106544
JPN,2009,-0.03063403554880717,0.4062574325329423,0.6510572693908809,0.7137629646583792,-0.10106517576442009,0.6443956462513553
JPN,2010,-0.032930372111318884,0.4818528039259316,0.7963648103673053,0.824527700966704,-0.08654695043763971,0.7367191733105372
JPN,2011,-0.04176777137388299,0.5517644142976481,0.7580537681672923,0.9025525275403454,-0.006945210303991534,0.822306130639179
JPN,2012,-0.011868819953498866,0.4740329217281509,0.6162894553629532,0.8434066801841762,-0.05441985978784758,0.7461184790396349
JPN,2013,-0.08105527164039572,0.590154689467035,1.3383097565066497,0.8427589923880122,0.1514470314967804,0.841597400575104
JPN,2014,-0.07251130240500525,0.6061077746878067,1.3049522064655121,0.8259191968302932,0.24283545400241824,0.8340266576517134
JPN,2015,-0.06636325081170535,0.705970529433798,1.4289956133539947,0.9012192804405039,0.36778707243884945,0.9189903772876378
JPN,2016,-0.08511610905268019,0.638208027437634,1.395306157484775,0.8527251187790306,0.26242758478729344,0.8658922091486692
JPN,2017,-0.07025206594389977,0.6535609620884626,1.391437973272178,0.8382156606758663,0.3474439543901522,0.8602834620196587
JPN,2018,-0.0812855691313008,0.6762055644895332,1.4319483416290897,0.8651558384191472,0.37212327923803157,0.8884892072695514
JPN,2019,-0.08026033141506295,0.6387225539270818,1.3794725298233936,0.8162487762913215,0.409054561099913,0.8349742014841386
JPN,2020,-0.08171903681699444,0.5929760899691268,1.2265911079567995,0.7986508668695712,0.37493891052255157,0.7872016643252997
JPN,2021,-0.08886831201242618,0.6837564419423382,1.2388564510519164,0.8894257435116322,0.4776434715381488,0.8662044707937664
JPN,2022,-0.09585545607649304,0.8088490169374005,1.379369362460827,0.9584375932971986,0.6927894851331352,0.9669169885884498
JPN,2023,-0.09796309695146177,0.8404764638558012,1.392069916201777,0.9746605672348883,0.7490875848432864,0.9816555761297643
JPN,2024,-0.09662226511043248,0.8867788128628209,1.4198695965978994,0.9846846974844082,0.8381205146762307,0.9999131303847484
KAZ,1970,NA,NA,NA,NA,NA,NA
KAZ,1971,NA,NA,NA,NA,NA,NA
KAZ,1972,NA,NA,NA,NA,NA,NA
KAZ,1973,NA,NA,NA,NA,NA,NA
KAZ,1974,NA,NA,NA,NA,NA,NA
KAZ,1975,NA,NA,NA,NA,NA,NA
KAZ,1976,NA,NA,NA,NA,NA,NA
KAZ,1977,NA,NA,NA,NA,NA,NA
KAZ,1978,NA,NA,NA,NA,NA,NA
KAZ,1979,NA,NA,NA,NA,NA,NA
KAZ,1980,NA,NA,NA,NA,NA,NA
KAZ,1981,NA,NA,NA,NA,NA,NA
KAZ,1982,NA,NA,NA,NA,NA,NA
KAZ,1983,NA,NA,NA,NA,NA,NA
KAZ,1984,NA,NA,NA,NA,NA,NA
KAZ,1985,NA,NA,NA,NA,NA,NA
KAZ,1986,NA,NA,NA,NA,NA,NA
KAZ,1987,NA,NA,NA,NA,NA,NA
KAZ,1988,NA,NA,NA,NA,NA,NA
KAZ,1989,NA,NA,NA,NA,NA,NA
KAZ,1990,NA,NA,NA,NA,NA,NA
KAZ,1991,NA,NA,NA,NA,NA,NA
KAZ,1992,NA,NA,NA,NA,NA,NA
KAZ,1993,NA,NA,NA,NA,NA,NA
KAZ,1994,NA,-1.253826593936938,NA,-0.9500948928598696,NA,-1.0666281251067395
KAZ,1995,NA,-1.028984441093768,NA,-0.7087373389541876,NA,-0.8310686417717523
KAZ,1996,NA,-1.440829241460021,NA,-1.107342572344949,-6.131706959944587,-1.2376261062114102
KAZ,1997,NA,-1.496205319431328,NA,-1.1580835089419872,-5.619440309920559,-1.2977414922796275
KAZ,1998,0.12155241779232406,-1.4618397709174547,NA,-1.084340983088814,-5.639548587847737,-1.2489659630719925
KAZ,1999,NA,-0.9455882706108499,NA,-0.5297350640224907,-5.535390395216507,-0.7385087956682497
KAZ,2000,NA,-1.02406645277226,-4.788590777503657,-0.6487623250299388,-2.1035393628970374,-0.853215799145582
KAZ,2001,NA,-0.8860698735616395,-3.5321685175372255,-0.4955290646887631,-2.8557828018896623,-0.6742447844250437
KAZ,2002,-0.05664458746096068,-0.5277876261795279,-0.4910365684908298,-0.2676265840024372,-1.1978899478023295,-0.3695996335246967
KAZ,2003,-0.08145421851286128,-0.3635468564540839,-0.22556334120293053,-0.08376334671715435,-1.0879921557052445,-0.18532645259812863
KAZ,2004,-0.09052019262279165,-0.29531024569653663,-0.22863767811650026,0.004410287845839189,-1.28237429910148,-0.09945225260276414
KAZ,2005,-0.007122493435359867,-0.0835001891880951,-0.4560828400417254,0.2654156922207688,-1.173914303578293,0.12891101208329248
KAZ,2006,0.04474797420257681,-0.046862933250748084,-0.3155900749922216,0.32197074882924215,-1.0597514597563453,0.19118364908944896
KAZ,2007,0.014152611363909662,0.0027741952906469858,-0.36730796451052505,0.3585565510833454,-0.626263321763842,0.22106729968681915
KAZ,2008,0.012365369512976843,0.13674223502652327,-0.362815041797123,0.5007212182075113,-0.5574503860584179,0.3880938119557652
KAZ,2009,0.006693205894581666,0.11345342535653691,-0.42837607478895734,0.4791878602208487,-0.2598569596367557,0.32546472937176496
KAZ,2010,-0.02146186839407338,0.006183100927654062,-0.4248282143302382,0.34769144362127136,-0.20653032179149755,0.1843778196009539
KAZ,2011,-0.03802175335345026,0.05816998162389608,-0.6085413558462935,0.38340520597508587,-0.08446249798027572,0.22690705155170643
KAZ,2012,-0.05457777201544278,0.03373187500331731,-0.5571848328522928,0.4224514646444937,-0.26810304541933627,0.2533060823324478
KAZ,2013,-0.12909668692472664,-0.03130492834121573,-0.2394010289045041,0.3839260883747533,-0.42708540105217097,0.21033902904326096
KAZ,2014,-0.15370431802974582,0.0047674288294669576,-0.22489154161624025,0.39946059869400097,-0.33603523307590444,0.2271173638404096
KAZ,2015,-0.0031685282747170307,0.04372189134355542,-0.32041060321030557,0.3862392899030799,-0.10259675664388279,0.2010500020912831
KAZ,2016,0.006092095639221529,0.355659952087248,0.033889391391340506,0.6736145040759971,0.2835682521496885,0.4913357578284879
KAZ,2017,-0.008457275154294286,0.058819397807326534,-0.13426793177850538,0.39366007576193873,-0.05077018563336666,0.20636448727302975
KAZ,2018,6.007627974400354e-4,-0.09358525429191039,-0.2725032292632834,0.2894982832199796,-0.3633032391374016,0.10907200299079656
KAZ,2019,-0.025684797526729142,-0.18443091755027569,-0.22921510502776243,0.2166618101583485,-0.4751010926071402,0.028752836529844505
KAZ,2020,-0.090754799411082,-0.3291159643870317,-0.22863432245566528,0.007760962424102513,-0.4834097399930981,-0.1534286915913491
KAZ,2021,0.009451989624256085,-0.32144904184130824,-0.30759968390425074,0.022087210538371704,-0.4386633803207227,-0.16573004293070304
KAZ,2022,-0.05979063286379793,-0.33084797259012777,-0.3439045599880992,0.025396827552001455,-0.5439500607541572,-0.1422500584379892
KAZ,2023,-0.10276646939752787,-0.43689343812976444,-0.26108992185835467,-0.1321242686498868,-0.6297954932120755,-0.26428657095692487
KAZ,2024,0.06952611902402062,-0.5581567800854468,-0.27569227817978303,-0.25704555870920875,-0.8645040258960976,-0.3716334791233629
KOR,1970,NA,NA,NA,NA,NA,NA
KOR,1971,NA,-1.6491588823578076,NA,-1.5080938285736365,-3.7157832000915825,-1.504350398481055
KOR,1972,NA,-0.9002047168880614,NA,-0.7457133756462406,-3.438869531200824,-0.7491269447368936
KOR,1973,NA,-0.884576746151962,NA,-0.6966475576265942,-3.4050418678430923,-0.7434508759828979
KOR,1974,NA,-0.5299768825484157,NA,-0.3627642239852209,-2.9642206026454687,-0.3981060827664815
KOR,1975,NA,-0.2799765346869183,NA,-0.1089748750972599,-2.7072703425171545,-0.14469426409890973
KOR,1976,NA,-0.5991506920494425,-2.8458213433471773,-0.41530911022101913,-2.7979007044278035,-0.47063527182678255
KOR,1977,NA,-0.3915511273356387,-2.9213284159219874,-0.2019160660486956,-2.419924929806964,-0.24960230655797933
KOR,1978,NA,-0.6791102462152843,-3.158354093147688,-0.5036578847912616,-2.256255942925729,-0.5433098814139217
KOR,1979,0.07153396955072833,-0.8210766848178666,-2.9640909727439277,-0.6494825055310853,-2.4589690533168085,-0.6907005570440692
KOR,1980,0.0763680994924375,-0.574930728282782,-2.23507102565599,-0.4120679956689517,-2.029934518358024,-0.4476072796176789
KOR,1981,0.04622883314448245,-0.5884892136897235,-1.5535659943789568,-0.43868191911736654,-1.9277235070244885,-0.46746661075910323
KOR,1982,0.05946948521890172,-0.6311488890631813,-1.413145289003083,-0.4887947492511695,-1.316196211986389,-0.5251876355434657
KOR,1983,0.053807507123273424,-0.8298545640141086,-1.4029231139215153,-0.7156354644964771,-0.9161381615958595,-0.7471388566393098
KOR,1984,0.05317150157698847,-0.9246887587315382,-1.4707663491637284,-0.8123011779578144,-0.969500227886452,-0.8430044249961359
KOR,1985,0.057907427791751176,-1.0157626828984998,-1.6603322490380226,-0.951591512924709,-0.5470732165181857,-0.9928255242011097
KOR,1986,0.0853757363422305,-1.0484813693177284,-1.9002768757463517,-1.0768549712169877,-0.007595467673548129,-1.1337478436486743
KOR,1987,0.098317430420794,-1.2075508535291442,-2.25263659882207,-1.2705577736824032,-0.10130100160734701,-1.3296481809309089
KOR,1988,0.10272087484109771,-1.2451278882009307,-3.2571660825147664,-1.261585583553616,-0.2298454476204106,-1.3458040334038213
KOR,1989,0.10072249291618429,-1.30566669245249,-3.4428074643710582,-1.3132220563482162,-0.5141465751427754,-1.4017141967219193
KOR,1990,0.09652396786334172,-1.1904212935177334,-3.471544912244836,-1.192670331192425,-0.25800994341826966,-1.2712494661765266
KOR,1991,0.08576848933579118,-1.1594447973088162,-3.550855596897555,-1.140150616229515,-0.24499840718493981,-1.235070274455932
KOR,1992,0.09270254843256409,-1.0559939410344177,-3.4529457171444005,-1.0088106713401965,-0.1304334099744553,-1.1018448816361954
KOR,1993,0.07968242916796298,-1.0016478572336756,-3.222059726886168,-0.930588176766461,-0.20715980211821128,-1.0393682673795133
KOR,1994,0.0753279548372332,-0.8966611069580819,-2.8531516095065843,-0.8106306589702199,-0.20106822029966764,-0.9184089037426062
KOR,1995,0.07390026595851851,-0.7827224839923006,-2.534583128546222,-0.6833961004096065,-0.1799117220704547,-0.7953199723642173
KOR,1996,0.06932815331276465,-0.5873752714733209,-1.9266126938518475,-0.4817019685258417,0.014469496674783588,-0.5952265112710886
KOR,1997,0.062171754321762696,-0.4611298229030536,-2.1875612032310805,-0.3305015146777557,0.02405629833567735,-0.4591514543547519
KOR,1998,0.11333942270843456,-0.3542101907533506,-2.2264106307422,-0.22150413815132408,0.19951646738156859,-0.37503008218544576
KOR,1999,0.14609761662624132,-0.8455533335896926,-2.4822739300622825,-0.7099658798879123,-0.22397968810211832,-0.9001586812010824
KOR,2000,0.14314052838483238,-1.036775588812227,-2.5448119181108004,-0.9216791531497017,-0.422642409378859,-1.1109770576986955
KOR,2001,0.14234613393407436,-1.1345290862161574,-2.444103434770859,-1.0556280619865155,-0.5385871407533207,-1.216875132436881
KOR,2002,0.14529301961581342,-1.2607885822202443,-2.004255576173069,-1.190966714403171,-0.7914635758910316,-1.3171099592771298
KOR,2003,0.12815251208046818,-1.2122875043240158,-1.7156423048831857,-1.1129742601984929,-0.8063388882500906,-1.2414072618657916
KOR,2004,0.10488362037184817,-1.1448490070498893,-1.050636049482811,-1.0929414426639155,-0.7454412506377399,-1.1738770038232516
KOR,2005,0.09610036152129697,-1.100594319182631,-1.0707550522202576,-1.03902131703983,-0.6891840992556006,-1.1150187851139217
KOR,2006,0.06445149888822332,-1.030116609577457,-0.49833243433636776,-1.0008104235856703,-0.8174850438259131,-0.9751565814722827
KOR,2007,0.034197096282573836,-0.8231234612095819,0.24112326047750932,-1.064890937431771,-0.6940933556432842,-0.7517239178071016
KOR,2008,0.04349480919846338,-0.6941969334541654,0.15199680016551032,-0.9022994058679874,-0.2797336595492186,-0.755543456011381
KOR,2009,0.056506187332291624,-0.6236120146051637,0.22822837190375145,-0.8906127912614661,-0.24428628159064902,-0.6820099203731478
KOR,2010,0.06598543045112604,-0.6735281508933889,0.25691206839159086,-0.9465515038884886,-0.28275160987678727,-0.7445341413085201
KOR,2011,0.08038589397268991,-0.5633980595357518,0.09093236416082728,-0.7628109286098184,-0.17471815659603096,-0.6441027474192162
KOR,2012,0.09615768463141416,-0.5178019595471441,0.22701475839961294,-0.7599864060985375,-0.1553054946188812,-0.5869494751588227
KOR,2013,0.07298492025663172,-0.473861887988514,0.3578617947082048,-0.7012773437255593,-0.11538201535881698,-0.5385824072489007
KOR,2014,0.07103720938653646,-0.42620781388060136,0.32817296307900223,-0.6049507740303721,-0.11909942050267142,-0.46406061505092777
KOR,2015,0.0639731707432859,-0.3472308614171775,0.37917685293309455,-0.5155818840595077,-0.05497771645821281,-0.3890727216028611
KOR,2016,0.041018587162958586,-0.293195638006575,0.476448069800099,-0.41018847324383523,-0.06227428307226157,-0.297052414734604
KOR,2017,0.04188686604893377,-0.2458914345915206,0.5500727390965812,-0.36748419600425675,-0.05282582689515647,-0.2270516768927745
KOR,2018,0.01618888396757623,-0.22404527195978846,0.6152352982962759,-0.37509147121574693,-0.01015220271097994,-0.21750439772167496
KOR,2019,-0.028928650497142105,-0.16202859705453437,0.7498691487329254,-0.36620368803653414,0.0698537668135677,-0.15119841969965608
KOR,2020,-0.005320109277977436,-0.17062289180817444,0.7902803506509082,-0.4495275182579478,0.07152103746165883,-0.15441540066339932
KOR,2021,-0.02476577828210902,-0.040032224935466,0.8679985582448477,-0.38845601718045364,0.21035955709951604,-0.036866573814653636
KOR,2022,-0.06259564201723589,0.09952742671856075,0.9779584275563882,-0.3192877740540936,0.4491313726370255,0.03594934705617203
KOR,2023,-0.07611759616219227,0.12442109676863788,1.034475842399805,-0.3744037337903149,0.48929228029583205,0.05336894291508665
KOR,2024,-0.14768226489608138,0.17631381939840965,1.0812905706641809,-0.35617620837238617,0.5203720112724993,0.11361962107764206
LVA,1970,NA,NA,NA,NA,NA,NA
LVA,1971,NA,NA,NA,NA,NA,NA
LVA,1972,NA,NA,NA,NA,NA,NA
LVA,1973,NA,NA,NA,NA,NA,NA
LVA,1974,NA,NA,NA,NA,NA,NA
LVA,1975,NA,NA,NA,NA,NA,NA
LVA,1976,NA,NA,NA,NA,NA,NA
LVA,1977,NA,NA,NA,NA,NA,NA
LVA,1978,NA,NA,NA,NA,NA,NA
LVA,1979,NA,NA,NA,NA,NA,NA
LVA,1980,NA,NA,NA,NA,NA,NA
LVA,1981,NA,NA,NA,NA,NA,NA
LVA,1982,NA,NA,NA,NA,NA,NA
LVA,1983,NA,NA,NA,NA,NA,NA
LVA,1984,NA,NA,NA,NA,NA,NA
LVA,1985,NA,NA,NA,NA,NA,NA
LVA,1986,NA,NA,NA,NA,NA,NA
LVA,1987,NA,NA,NA,NA,NA,NA
LVA,1988,NA,NA,NA,NA,NA,NA
LVA,1989,NA,NA,NA,NA,NA,NA
LVA,1990,NA,NA,NA,NA,NA,NA
LVA,1991,NA,NA,NA,NA,NA,NA
LVA,1992,NA,0.3638357429668244,NA,0.3551481660356528,1.4957483247975412,0.2565887031385361
LVA,1993,NA,0.125436236165557,NA,0.07681812227565099,1.3266589930335373,-0.03949979072246901
LVA,1994,NA,0.0592794329032027,-1.6080898685413185,0.1078202872205909,0.8897415042310652,0.0034033440982006447
LVA,1995,NA,0.01374647824721853,-1.1620032698647638,0.019891982745074754,0.9102385283078873,-0.08221489960736283
LVA,1996,NA,0.08471310023792977,-2.1849611333947054,0.23155934635829234,0.5445320733991696,0.1076517216438424
LVA,1997,NA,0.278115236094287,0.268818597715359,0.4543185440805362,0.18640612959337188,0.37188307201095716
LVA,1998,NA,-0.02785674750397371,-0.13871189483445745,0.13103092487509538,0.1704877232548747,0.027764846700461865
LVA,1999,NA,-0.14008218498346736,-2.1882785175921944,0.13081279836756687,-0.12040821251600464,-0.06716408669774676
LVA,2000,NA,-0.25162295880899743,-1.2823829622041196,0.12663288725866373,-1.9370750079786854,-0.05876587918321752
LVA,2001,NA,-0.29758156428827176,-1.5343322190102904,0.029101655429254913,-1.076146311574822,-0.13559305799122234
LVA,2002,NA,-0.14492917579878994,-1.3472814107006377,0.1977076172532688,-1.462342166570211,0.055644056674008624
LVA,2003,NA,0.010274795226683509,-1.7840535488049745,0.3814752956699392,-1.081494357278777,0.21557810844251657
LVA,2004,NA,0.10391368808973434,-1.634916454858201,0.4737693098568022,-0.9801365359859076,0.30595605766047285
LVA,2005,NA,-0.010486774484717465,-1.39750905594744,0.371774427227311,-0.9682397317689202,0.19364037995062333
LVA,2006,NA,-0.06489633577835086,-1.3186933901314348,0.35311310887909564,-1.0287230700562433,0.1696473857880617
LVA,2007,NA,0.09730784458534691,-1.3058215924469465,0.5340125229560905,-0.7306087692756895,0.3370925701220965
LVA,2008,NA,0.11567756942001273,-0.921012497337534,0.5225388809814079,-0.7458980688375538,0.38720896688839856
LVA,2009,NA,0.27823953364808407,-0.6659885128165826,0.7765892240612875,-0.8359330946528971,0.595013334037207
LVA,2010,NA,0.37239879766984324,-0.18869797479634354,0.8787888234027781,-0.7392093745627892,0.6971798356144563
LVA,2011,NA,0.34239250555836703,-0.12832613374197432,0.8486516332863114,-0.80449428412588,0.6930490643979728
LVA,2012,NA,0.32035318640888133,-0.10075735297390986,0.8520840331956925,-0.863504100598006,0.684739741240122
LVA,2013,NA,0.2785799489560044,-0.03941892528917457,0.812935822078316,-0.7150771019204085,0.6204858546422503
LVA,2014,NA,0.46851640748231804,-0.16137022318284755,1.0363483934010316,-0.6695288007712656,0.8202197188455047
LVA,2015,NA,0.5339727876403269,-0.08575165565660026,1.0965378971566706,-0.5733784892344014,0.8757638869602878
LVA,2016,NA,0.5168002679187924,0.044056580254440814,1.084372266223038,-0.6360673247129636,0.8700874809641211
LVA,2017,NA,0.554072495375479,0.1977419091619126,1.1208037486796776,-0.522575214958416,0.8937038261189294
LVA,2018,NA,0.3437549236703259,0.21759132581626517,0.8903477913474268,-0.7787543113899873,0.6985301639349535
LVA,2019,NA,0.2544767890890516,0.30200639944734453,0.7998743086712438,-0.8407442359185149,0.6052718149065056
LVA,2020,NA,0.27173434475829894,0.3474317489426153,0.8205945467084426,-0.8822593436423611,0.6226308989645578
LVA,2021,NA,0.2877332359443687,0.4479248254071977,0.7237204023491701,-0.2438442083787955,0.5460421169296796
LVA,2022,NA,0.3685376858023042,0.48097243628938147,0.8212456099994824,-0.2921058271147221,0.6582993361899525
LVA,2023,NA,0.31284230408284674,0.5231631482274479,0.7093555016540526,-0.22054858493673946,0.5657044049043494
LVA,2024,NA,0.27848723121527696,0.6075196598879165,0.6229622816444957,-0.23544261728431581,0.50914863304385
LUX,1970,NA,NA,NA,NA,NA,NA
LUX,1971,NA,NA,NA,NA,NA,NA
LUX,1972,NA,NA,NA,NA,NA,NA
LUX,1973,NA,NA,NA,NA,NA,NA
LUX,1974,NA,NA,NA,NA,NA,NA
LUX,1975,NA,NA,NA,NA,NA,NA
LUX,1976,NA,NA,NA,NA,NA,NA
LUX,1977,NA,NA,NA,NA,NA,NA
LUX,1978,NA,NA,NA,NA,NA,NA
LUX,1979,NA,NA,NA,NA,NA,NA
LUX,1980,NA,NA,NA,NA,NA,NA
LUX,1981,NA,NA,NA,NA,NA,NA
LUX,1982,NA,NA,NA,NA,NA,NA
LUX,1983,NA,NA,NA,NA,NA,NA
LUX,1984,NA,NA,NA,NA,NA,NA
LUX,1985,NA,NA,NA,NA,NA,NA
LUX,1986,NA,NA,NA,NA,NA,NA
LUX,1987,NA,NA,NA,NA,NA,NA
LUX,1988,NA,NA,NA,NA,NA,NA
LUX,1989,NA,NA,NA,NA,NA,NA
MYS,1970,NA,0.010255026921629717,NA,0.1745173011477874,NA,0.1829007885018772
MYS,1971,NA,0.029953294636580363,NA,0.19493452333986827,NA,0.19867795343244987
MYS,1972,NA,-0.2756083755381247,NA,-0.10842311913405256,NA,-0.1118366882247055
MYS,1973,NA,-0.325580408642022,NA,-0.12349640950896257,NA,-0.17029972786526626
MYS,1974,NA,-0.46313222424530753,NA,-0.28006403291831816,NA,-0.3154058916995788
MYS,1975,NA,-0.40460697633245823,NA,-0.219337910221447,NA,-0.25505729922309683
MYS,1976,NA,-0.273020146777355,NA,-0.07000350222429441,NA,-0.12894190678541273
MYS,1977,NA,-0.23436686942773033,NA,-0.027899674850206502,NA,-0.07769663224482981
MYS,1978,NA,-0.28528952823461573,NA,-0.08730975642735217,NA,-0.1292913425422193
MYS,1979,NA,-0.3551116178888001,NA,-0.16294284786528124,NA,-0.20730858806271302
MYS,1980,NA,-0.35647123269365344,-0.017803247704451408,-0.33149226525902487,-0.03837246053051846,-0.32584358465357655
MYS,1981,0.05166063186649272,-0.2079438024380187,0.1573319679778784,-0.25978227306021884,0.47287123754245464,-0.2539287564009336
MYS,1982,0.04325073372175792,-0.15356180628542626,1.3337574902771765,-0.3362909991781229,0.7571049859754204,-0.22488674199991054
MYS,1983,0.06367509777383673,-0.07247594581862726,0.7478590386468662,-0.1689475679839716,0.9844708588772679,-0.12600138253492865
MYS,1984,0.05321376026303848,-0.38228862809708763,0.5854925143627057,-0.5821836856588347,0.9718848349023586,-0.5134215137668534
MYS,1985,0.06539546468764257,-0.3991452852019297,0.17698216433572256,-0.6454511034747892,0.9855599970188709,-0.6005367476748062
MYS,1986,0.07585499639067694,-0.4400141795046624,-0.0037137106460791713,-0.8493176143669832,1.2293379285988872,-0.7987630249993833
MYS,1987,0.08455428603146575,-0.4101484538248079,-0.1512195792533504,-0.7908166741135982,1.1741934475474052,-0.7624717057994228
MYS,1988,0.08702896322728304,-0.2723335697874505,-0.16864439732697267,-0.535131930353155,1.1395470816269602,-0.536330364011449
MYS,1989,0.09192947577301358,-0.21758323105066624,-0.6468613512162085,-0.43393226399799834,0.940833081112868,-0.4544185458894119
MYS,1990,0.08911472386375852,-0.28849415860917293,-0.538055151093503,-0.5038315091498038,1.0259263415861213,-0.5126474789012183
MYS,1991,0.07942848402666114,-0.4562035378609848,-0.6318990848405486,-0.6947937148580643,0.9081994463177665,-0.7091146974318927
MYS,1992,0.08891305658256254,-0.8151861665730016,-0.558981221733676,-1.1342409731408882,0.7489821855284196,-1.125324349869865
MYS,1993,0.07947569013572697,-0.6541754070258066,-0.9999012546275399,-0.8793275409730554,0.779502642639295,-0.931425085595595
MYS,1994,0.07341378041876057,-0.48550782365202516,-0.5002789345254568,-0.9117722905980443,1.1208054205882254,-0.9308965138561967
MYS,1995,0.07272632615861652,-0.4346221329050999,-0.2924804489575532,-0.9847956338993122,1.1863597516723003,-0.9821544525748229
MYS,1996,0.07511854286099373,-0.3611431289218088,-0.2746592937089565,-1.0612201204172182,1.3660355136621933,-1.0453265497514506
MYS,1997,0.07414656300193478,-0.279557898323723,-0.1497418538343549,-0.81208787438934,1.2761095930521846,-0.822923005150884
MYS,1998,0.10684338594389808,-0.03404005889940076,-0.041253375175418494,-0.6557763867295945,1.5297297747617287,-0.6778476402681242
MYS,1999,0.13839789223358423,-0.012726524320891164,-0.31223332687856775,-0.3740575731476017,1.3537156580135778,-0.47182821308711853
MYS,2000,0.13759970712511393,-0.10675383827566842,-0.39750533992154446,-0.3510265040265157,1.0717736156555597,-0.47940805372138007
MYS,2001,0.13697816580120448,-0.08282766217363247,-0.5762036820906222,-0.27860130060321087,0.9586588778415714,-0.39833297993351935
MYS,2002,0.13979919783844785,-0.1533693110589981,-0.23541468150347988,-0.42304859740104006,0.8537215623080034,-0.4981409924065965
MYS,2003,0.1362999099968094,-0.24961249668950736,-1.0608898266876898,-0.5578657168410779,0.8364847051813622,-0.6814364839052385
MYS,2004,0.13022486800095878,-0.2708436827848395,-1.4220822821437973,-0.49401849225553107,0.7423385306261938,-0.6352183970520695
MYS,2005,0.11370838738340572,-0.3890177496030428,-1.2983597606906212,-0.695670569918037,0.7395506343774587,-0.8242840024081592
MYS,2006,0.0982267935285307,-0.15686250648608135,-0.5375871237933136,-0.5618037955080497,0.9406780353795217,-0.6205477849846439
MYS,2007,0.103577759182793,0.09486149744480865,-0.0884732934615502,-0.3057006954321586,1.0510392193929499,-0.31684425882682565
MYS,2008,0.09781075634727388,0.12282252738282029,0.24914176941021093,-0.43995175628572425,1.0379693741798448,-0.3786869744764272
MYS,2009,0.08939116315809259,0.21006597186042325,0.48493845326744234,-0.3401484929745353,1.017565861718613,-0.22488078692409696
MYS,2010,0.093704447966241,0.22673998686896174,0.6004726492222456,-0.2830914874725421,0.9962901322965998,-0.18340480944943238
MYS,2011,0.09733663919686464,0.25696076597952483,0.563060031958095,-0.2296505772393287,0.9689165562665845,-0.12800277611628785
MYS,2012,0.12616934060482365,0.2571376726118663,0.5548825458265179,-0.14696892679638096,0.8971723699344107,-0.061224312675850046
MYS,2013,0.11221231368777596,0.2392515712107545,0.7106727816418337,-0.1636217540738918,0.868643952975872,-0.0619544471085689
MYS,2014,0.10828399743670569,0.2603796536396916,0.7042135997877064,-0.11804757037565894,0.8582330682750784,-0.013563961226718213
MYS,2015,0.08415238135901182,0.3350388800328635,0.8344982014690105,-0.13523044280660002,0.9556738478007366,0.017056857365417177
MYS,2016,0.07047733876308426,0.27865856100870945,0.8574737904469529,-0.17096599522350053,0.8684278379573653,-0.009241940695544293
MYS,2017,0.08201579753041899,0.22965057224879823,0.7678916923348049,-0.14138231419150205,0.7763219790365868,-0.003969954345894866
MYS,2018,0.05815930226401511,0.11348263143987875,0.8981958217518051,-0.31233536429374964,0.5933291937478643,-0.0689090322889877
MYS,2019,0.0352007472573127,0.04566294564360221,0.8980911732312109,-0.3403599320966121,0.47563925823472886,-0.07216520830518691
MYS,2020,0.015359414701342278,0.053631922673791785,0.9471678808623871,-0.38814233929122277,0.48470785844039743,-0.04653832518369244
MYS,2021,0.006988644816886658,0.10787883695488595,0.8759242926523445,-0.2978578736435167,0.5214787459174741,0.011246160998678645
MYS,2022,-0.010390611447469666,0.07973374956619987,0.9158310134997627,-0.39272421096691446,0.4972238074840727,-0.03179371729822045
MYS,2023,-0.034842391366915915,0.11702618194551728,0.9176623008169718,-0.37594056492300554,0.5621540549543536,-0.00946562050511035
MYS,2024,-0.007036418057255744,0.11065509553583651,0.8845746966936703,-0.4045679865079389,0.5566540384906695,-0.017666486580040164
MEX,1970,NA,-1.5637970184149363,NA,-1.3995347441887787,NA,-1.3911512568346889
MEX,1971,NA,-1.447669246159717,NA,-1.282688017456429,NA,-1.2789445873638474
MEX,1972,NA,-1.4063441434730422,NA,-1.23915888706897,NA,-1.242572456159623
MEX,1973,NA,-1.3096486579771183,NA,-1.1075646588440589,NA,-1.1543679772003625
MEX,1974,NA,-1.3804069890709507,NA,-1.1973387977439613,NA,-1.232680656525222
MEX,1975,0.07627245937952054,-1.3669856753481668,NA,-1.1817166092371556,NA,-1.2174359982388054
MEX,1976,-0.31317462150429887,-1.1787468100828948,-0.770304619211001,-1.0275552333944202,NA,-1.0346685700909526
MEX,1977,NA,-0.7252872818433911,-0.5471990105565929,-0.5504752883151744,NA,-0.5686170446604906
MEX,1982,-0.0610918539738714,-0.9506857512865245,-1.369647356852659,-0.8198676471299384,-1.5066095515255578,-0.8504357960071571
MEX,1983,-0.017306066040672863,-0.5014746963025674,-1.2961605739906972,-0.35241026956891686,-1.3185437529019053,-0.38832380532097677
MEX,1984,-0.007572117179900473,-0.513661348614272,-1.490315553521011,-0.3679940969370983,-1.0963420032597568,-0.4061754196958207
MEX,1985,-0.03502764106625755,-0.647310184134738,-1.488073820971639,-0.5326185206389509,-0.6002569537887652,-0.5792956966230125
MEX,1986,-0.03983523094502428,-0.2122364474481424,-0.8190234760124167,-0.14287714832469933,0.3307767054360511,-0.195599787439108
MEX,1987,0.010181526308575828,-0.11986685446537027,-0.8054158135345482,-0.0031865801826627127,0.06365197262510724,-0.057854098485141
MEX,1988,0.046670703516556555,-0.46495104697220424,-1.070088722700743,-0.37886033073169867,-0.02131009457130828,-0.4391854906616022
MEX,1989,0.058297710175495565,-0.6292179340725896,-1.403457400950935,-0.5686268919519237,-0.27502092828274094,-0.6254616566198496
MEX,1990,0.07159170043553309,-0.6518029485050878,-1.5388309113241148,-0.5907700951195956,-0.09934200189111175,-0.6457862425280074
MEX,1991,0.07079505139211628,-0.8626745093910222,-1.3612148929009136,-0.8225563991302745,-0.2036213918790173,-0.8758531188161687
MEX,1992,0.07907416529767308,-1.027461856060868,-1.069083317251911,-1.0911032499246105,0.0797332719863384,-1.1264518642975037
MEX,1993,0.0698915072588715,-1.3512052803736456,-1.4650211468965892,-1.399085603988642,-0.3417567090021354,-1.447696088624482
MEX,1994,0.058915040920516915,-1.3137908377855765,-1.3587891853036451,-1.4269107738099054,-0.17729589455489592,-1.4733799302896957
MEX,1995,0.045251086092485626,-0.6555685748617772,-0.7744315880228179,-0.7652053749507322,0.4262414663956178,-0.8236212247201364
MEX,1996,0.04920084644637035,-0.7121337292279513,-0.9039780910170592,-0.7674903766286485,0.2736244975404758,-0.8371150116360326
MEX,1997,0.06216792253556347,-0.9113402789769036,-0.9629180691913737,-0.9226288930965922,-0.10396593752067007,-0.9964100583718456
MEX,1998,0.06923719286802299,-1.0688108234137799,-1.1341593984913012,-1.0438404026324561,-0.35917331366766847,-1.1354781288814575
MEX,1999,0.11621569129101661,-1.275908995214301,-1.627805657722103,-1.1852829924860009,-0.6709861441494911,-1.32556024680594
MEX,2000,0.11561811184758775,-1.2932764417488523,-1.7451532633687434,-1.111797009861,-1.0196747577583922,-1.273808211283994
MEX,2001,0.04976193313648658,-1.114081663315174,-0.8622958847265099,-1.2324876818838248,-0.2909856955450443,-1.2956783389009168
MEX,2002,0.05097257075945716,-1.1644420205587949,-0.8751044322314421,-1.3269525606277026,-0.34812328996559927,-1.378526612464363
MEX,2003,0.019059252872798305,-1.0543991196104137,-0.7510423014398904,-1.2606151434115915,-0.1985858687121751,-1.2983379442629877
MEX,2004,0.02930243941264965,-1.0441584106512944,-0.7810316653040767,-1.258747031911616,-0.1881269077187624,-1.2895805733703085
MEX,2005,0.032462932161513525,-1.0172545028701547,-1.043181151074454,-1.2258525699767437,-0.10079196582939387,-1.2740647365198339
MEX,2006,0.04758839136375659,-1.068737451602043,-1.2239366225257915,-1.3135808696149767,-0.14536289551255743,-1.3626624995456906
MEX,2007,0.08041854718243491,-1.0537020559156103,-1.4084224426351746,-1.2252452916077576,-0.2720023253924957,-1.3026771391444734
MEX,2008,0.057106755005849164,-1.0210577157628236,-1.441141183758802,-1.0286849950984136,-0.5536384878752654,-1.1126551509666007
MEX,2009,0.10227078867797423,-0.9930593877808461,-1.3386841233635671,-1.2590638039016218,-0.2665019518318721,-1.3308127405548216
MEX,2010,0.09327950009438568,-0.9178985696839962,-1.0024302401206926,-1.257209049823182,-0.17022699927610963,-1.3007092855311493
MEX,2011,0.10767611554124457,-0.9655329429875114,-1.1635446405396874,-1.3071444036856321,-0.2575600500251307,-1.345392053438875
MEX,2012,0.12795582796608873,-0.8918659750671454,-0.9270817246958987,-1.3461271861215944,-0.15893321518843972,-1.3309096012266823
MEX,2013,0.10611211076825333,-0.9380557295246654,-0.760978346782974,-1.2522198631540977,-0.29539310067497637,-1.2543933604862003
MEX,2014,0.10388021594641572,-0.902540665520907,-0.7806622049154224,-1.224476753780455,-0.260834044404735,-1.2249560721713788
MEX,2015,0.08516246679296557,-0.793040624884892,-0.7555465438220961,-1.0176572650640545,-0.2174073749125911,-1.062235347741526
MEX,2016,0.05904242354845535,-0.6926923676972921,-0.6552103901325479,-0.8850618439314542,-0.13859323350532304,-0.9431275449973128
MEX,2017,0.047832730967297565,-0.743733881052536,-0.641232274454544,-0.9880511821495299,-0.15394203856025857,-1.0207699732330417
MEX,2018,NA,-0.8331393748463969,-0.8474471523797424,-1.0127386003282164,-0.2817821162644265,-1.083824985252813
MEX,2019,NA,-0.9373502721334489,-1.0554372560289824,-1.0837875007682225,-0.3498633535312259,-1.1948291745926933
MEX,2020,0.04743704713608121,-0.8491430238277669,-0.8288852435528722,-0.999405057152435,-0.2623078930478149,-1.0780907105817723
MEX,2021,0.05045396643532285,-0.8783766775352616,-0.809055832858347,-1.0441576269955968,-0.30767468131340503,-1.1012063022474468
MEX,2022,0.06741578359779321,-0.9424493453617696,-0.9084803857289212,-1.1122134301851678,-0.3954774712158582,-1.1631812006058297
MEX,2023,0.0600100938709861,-1.1247369039194917,-0.9822941448312301,-1.3812597384799998,-0.5282918447343243,-1.3799203618428524
MEX,2024,NA,-1.1382494196734019,-0.9836082719752977,-1.4409315364498925,-0.5090100639923707,-1.4182605408120599
NLD,1970,NA,2.028653763651789,2.0607105933614633,1.1961745341115384,2.9217132194491686,1.4766951876459549
NLD,1971,NA,2.0055563282031077,2.0406688295847353,1.2697737435584022,2.919634109472076,1.5476738566039554
NLD,1972,NA,1.8709648614011174,2.036882210460736,1.159870901899303,2.8646176167019495,1.4701096437747547
NLD,1973,NA,1.7640676492545824,2.038598730326623,1.2317743234251664,2.58038855038527,1.4162427927619976
NLD,1974,NA,1.7369415080867925,1.9079799467834175,1.2539566454129,2.5424770768865415,1.3712230315459288
NLD,1975,-0.20361155511929097,1.7272711799211535,2.0228914527274195,1.2641245275180644,2.572777425897417,1.4087762098086805
NLD,1976,-0.17046449558484456,1.7113471115616625,2.7216171814858408,1.3659922252034236,2.574319682982911,1.455074179020206
NLD,1977,-0.12265706949076338,1.6369098943308549,2.677703186794041,1.3121307280934567,2.750499828746539,1.3806461751753378
NLD,1978,-0.16296694622254737,1.601087993097424,2.4752799841495805,1.307830899092514,2.8058259723509877,1.3671337495003857
NLD,1979,-0.1325500891324426,1.5252117150167992,2.2613286571038875,1.216501843279231,2.8640977165835686,1.2589658255296783
NLD,1980,-0.13389155448426449,1.5197260820415273,2.1759401090504835,1.1999558794149374,2.9806355785205882,1.2476789631321359
NLD,1981,-0.16209997392066722,1.6517849865229357,2.3714034864079405,1.3422812316234327,2.999766450728825,1.3841398950000547
NLD,1982,-0.13307028343826577,1.5792992002294848,2.2929258849962957,1.270633610872325,3.0455027934670444,1.3086124169002344
NLD,1983,-0.11003676489778536,1.5475561387202783,2.178085881450623,1.2575926384454275,3.203224015701739,1.3008704488673046
NLD,1984,-0.09017834235106015,1.5783554587528044,2.1541228603903644,1.2831885608466385,3.2489814698468304,1.3225463635966759
NLD,1985,-0.09804972809410495,1.682191800798127,2.1566653792272343,1.4307654651798023,3.101476217278713,1.465940884317276
NLD,1986,-0.13698111305421135,1.571739270643649,2.1699591313777473,1.3385257061985676,2.9091042032798886,1.387312458097165
NLD,1987,-0.14358903492118114,1.55703475337778,2.1149075862383873,1.3401760448537015,2.8025564043763884,1.3835045175557636
NLD,1988,-0.12364170843057587,1.538905352827374,2.1706366074598473,1.3179507179125753,2.746434666949339,1.3703598747541226
NLD,1989,-0.10935657123085074,1.7361728429040737,2.036936879721474,1.4932205123556421,2.7677278226461874,1.5563313155597462
NLD,1990,-0.15644978551165667,1.7198108763477635,1.9819812310934606,1.5372578098023046,2.851204005337644,1.5737083113230625
NLD,1991,-0.10383357203734611,1.7252997456702017,2.130228951721672,1.537619889002918,2.849340182728289,1.5806833976732788
NLD,1992,-0.07807347123295327,1.5718081276314435,2.338215064546227,1.366622061382763,2.814634293547143,1.423911164159017
NLD,1993,-0.1774546294587448,1.5865864819019466,2.4414326425960677,1.37479387967903,2.700001408096523,1.4552069669397765
NLD,1994,-0.14326497152041606,1.4010919638655683,2.5877444284020195,0.9866513713582826,2.7106889697331056,1.1599257650561052
NLD,1995,-0.14308475111367502,1.6298207391413095,2.7746329626743567,1.3740004044258591,2.6423324315910737,1.4909254755344277
NLD,1996,-0.13293700993733915,1.711107346491735,2.8725657717736337,1.43095316246885,2.748235084163619,1.5653660479523674
NLD,1997,-0.13260163231850086,1.7663125451362713,3.0023526135941223,1.5053262508621632,2.6868899310393366,1.6408609602580646
NLD,1998,-0.1897862200211029,1.8673158347627186,3.057873156473804,1.6789187835054273,2.582699456322802,1.7987740640199927
NLD,1999,-0.15251862022232565,1.7913113954794544,3.0155807855973538,1.5029980891894876,2.525307623571652,1.7002642298883406
NLD,2000,-0.1620513631886088,1.875160484568681,3.3158376159796346,1.5789750744173556,2.589422479083118,1.7644691231712795
NLD,2001,-0.22435284462213623,1.906256009014893,3.1428029689387,1.664804252485502,2.5447824394758287,1.807660652670254
NLD,2002,-0.29488865426719657,1.9177377463844758,3.1060035420403747,1.7422063411506434,2.4723496878701527,1.8295906881090553
NLD,2003,-0.3307778953150641,2.627838184370434,3.1531354596855423,1.8926578063550519,3.88393706368346,1.9899607732192819
NLD,2004,-0.3775969773873963,2.6095145556531194,3.0729043442626605,1.91715138888929,3.837102232657989,2.0123185577988227
NLD,2005,-0.5140571200002061,2.5832219675016725,2.812889660691153,1.9472421643267293,3.815664598287116,2.0292907717199418
NLD,2006,-0.4957198395919573,2.616970172408462,2.6291904496300296,2.0131623992558003,3.7856361838483936,2.0640956495460387
NLD,2007,-0.3424768333230598,2.642685748356498,2.449632934469847,2.0671473991713896,3.711177096863749,2.0903388790599813
NLD,2008,-0.4911680011561107,2.677100373667022,2.57146558078928,2.119808365574779,3.6186304609425095,2.137336959719487
NLD,2009,-0.45806887743042135,2.6876754954193265,2.4756385074910265,2.092859807260662,3.5975841029668896,2.1000832482045544
NLD,2010,-0.3869423751088584,2.7107912201258886,2.6680068596066344,2.1045378888453214,3.6001716120775784,2.1226990037042746
NLD,2011,-0.4073019187883226,2.7552532660053854,2.6189932227018837,2.1357471069652103,3.6036182057596298,2.161840132230159
NLD,2012,-0.4375446468797731,2.81472805304497,2.6878439730609927,2.1855826584461924,3.6427030275187082,2.2200151016346883
NLD,2013,-0.4334475356648989,2.782143835604278,2.747613639293685,2.1049349732231346,3.6400605335473384,2.140376391708685
NLD,2014,-0.44689401166119974,2.718085044065495,2.7009220324560013,2.071266463488126,3.54955183721672,2.118751660187192
NLD,2018,NA,2.6313708527751096,2.6115727508710482,1.940414456976657,3.4555087192315987,1.9932800096845358
NLD,2019,NA,2.5519130443821014,2.591395323044077,1.8838826177834689,3.390359117656182,1.9471987356859144
NLD,2020,NA,2.4451795619809285,2.4972741583892697,1.801953161169327,3.297174894553152,1.8746859150961663
NLD,2021,NA,2.3812874764583323,2.3733905179639914,1.7701622912751587,3.2150686272858486,1.8321540601654847
NLD,2022,NA,2.3963268899242816,2.2783435893050163,1.7799431370309495,3.221586624901276,1.8119554922234185
NLD,2023,NA,2.2990179981680963,2.2268130135322246,1.7327230012589048,3.1182571929550296,1.764015398599931
NLD,2024,NA,2.184786197547947,2.0941841978403604,1.6369758032570005,3.0147181197446087,1.6596078988632714
NGA,1970,NA,-2.753741828131455,NA,-2.5894795539052975,NA,-2.5810960665512077
NGA,1971,NA,-2.017989012730693,NA,-1.853007784027405,NA,-1.8492643539348235
NGA,1972,NA,-2.344528584118266,NA,-2.177343327714194,NA,-2.180756896804847
NGA,1973,NA,-1.9318747580072184,NA,-1.729790758874159,NA,-1.7765940772304627
NGA,1974,NA,-2.031605840430717,NA,-1.8485376491037275,NA,-1.8838795078849881
NGA,1975,NA,-1.8002438101260765,NA,-1.6149747440150652,NA,-1.650694133016715
NGA,1976,NA,-1.851132530050723,NA,-1.6481158854976625,NA,-1.7070542900587808
NGA,1977,NA,-1.6559695202936942,NA,-1.4495023257161703,NA,-1.4992992831107936
NGA,1978,NA,-1.7546667048566134,NA,-1.5566869330493498,NA,-1.598668519164217
NGA,1979,NA,-1.800562073010831,NA,-1.608393302987312,NA,-1.6527590431847439
NGA,1980,NA,-1.9248467431258482,NA,-1.7376640073831742,NA,-1.778847066271065
NGA,1981,NA,-2.7302631215669537,NA,-2.547441849891653,NA,-2.5859903664823154
NGA,1982,NA,-2.607789885715049,NA,-2.4120073802828146,NA,-2.4613404909999486
NGA,1983,NA,-2.2788798810071107,NA,-2.0871532508002804,-9.832314840666223,-2.138300672050605
NGA,1984,NA,-2.1027476260205207,NA,-1.9092423448632836,-8.591316382454258,-1.9602232572488922
NGA,1985,NA,-2.1319409580775064,NA,-1.9170040732587594,-8.329149510931348,-1.9833798507405087
NGA,1986,NA,-1.6257651189677513,NA,-1.386161389204449,-6.6228045807315254,-1.4697440608731636
NGA,1987,NA,-1.336523161318644,NA,-1.0877066900893735,-7.273739934858137,-1.169550683628741
NGA,1988,NA,-1.24199931865373,NA,-0.9800383748516934,-6.835859891410209,-1.0733025731996109
NGA,1989,NA,-0.8154078260388213,NA,-0.563552155459307,-2.9522335556316213,-0.6642553679868279
NGA,1990,NA,-0.9100759117583532,NA,-0.6677353831849475,-2.599517029484065,-0.7549152446616796
NGA,1991,NA,-0.778944301634054,NA,-0.5205023402846385,-2.2797451877860304,-0.6231772745670252
NGA,1992,NA,-0.85679652946184,NA,-0.5976665866039383,-2.071610908589025,-0.696226049501055
NGA,1993,0.08150443683123065,-0.35959132923060433,NA,-0.09817239572950398,-1.415583099975862,-0.21449030872762398
NGA,1994,0.07739522202673654,-0.6303362649590671,NA,-0.36373134548313546,-1.5783331796081481,-0.4802645777300054
NGA,1995,0.0774760828269685,-0.5684966449827809,NA,-0.27709879327826714,-1.8641297628576528,-0.3994300960958319
NGA,1996,0.07919578458649001,-0.8688503241906862,NA,-0.5747361580862427,-1.8424442026963663,-0.7050196919527039
NGA,1997,0.08879332170879828,-0.9538313129309388,NA,-0.6520213311295509,-2.0394378436930203,-0.7916793144671912
NGA,1998,0.12155241779232406,-0.885551194937551,NA,-0.5392430799578132,-2.1969594683261935,-0.7038680599409917
NGA,1999,0.15091119456056157,-1.8768240428790328,NA,-1.5149939940763826,-2.7136203100026064,-1.7237677257221415
NGA,2000,NA,-1.932875733148212,NA,-1.5567644243111387,-3.0014887818722684,-1.7625598186606657
NGA,2001,NA,-1.8228428549664595,NA,-1.4474788305070616,-3.1482731160872652,-1.6304017003621847
NGA,2002,-0.24723345340133207,-2.0004098859226134,-1.2642477615181038,-1.7428505459159005,-3.5149586732971883,-1.791713796085819
NGA,2003,NA,-1.9296504634139922,-1.3215966480997223,-1.6355123555833364,-3.655798744766622,-1.6964628034267364
NGA,2004,0.058539537359933114,-2.2266022198396973,-1.616184617825827,-1.9479232989209931,-3.906785522731059,-1.9977383835278681
NGA,2005,0.0038574322851897547,-2.15170839175875,-1.3560400008743247,-1.9215993516110794,-4.129106525601655,-1.905668732214407
NGA,2006,0.0016229471875612855,-2.2825342231269765,-1.487899954441875,-2.051068687344533,-3.9344113998664874,-2.0121811484420533
NGA,2007,0.08265024159951007,-2.244402981262555,-1.5007423023706687,-2.0357796319461845,-3.4186911408846012,-1.9767220116653128
NGA,2008,-0.021745082291553808,-1.830090525628012,-0.603916870843046,-1.6749439220917761,-3.0828362691885083,-1.523679556226584
NGA,2009,-0.12323442268828344,-1.9312728902210967,-0.8679490757244412,-1.783021639580401,-2.7907359270360805,-1.6411341506322354
NGA,2010,0.15344876204195756,-1.9651857673442246,-4.243771062915071,-1.6500389894215184,-1.9038067561880665,-1.8746808257127903
NGA,2011,0.16100869147229901,-1.8539039568122542,-4.301777749822486,-1.4747932535508785,-2.0050261786085404,-1.6825087055640089
NGA,2012,0.1968895842682885,-1.9611964793085446,-4.5613512485090215,-1.5350782374991787,-2.183872352288321,-1.7637682746651975
NGA,2013,0.19555314258158107,-2.032945427835859,-4.694153352928284,-1.5616406979610744,-2.3043966452473845,-1.8228175758940939
NGA,2014,0.20911904867877407,-2.1104566080794895,-4.894606126220101,-1.6192745272807918,-2.4544866326563746,-1.887297152360309
NGA,2015,0.20417873468777803,-2.3109900384652926,-4.757127658704934,-1.8810760353038272,-2.4635794156169877,-2.1516133426005393
NGA,2016,0.19652939487620258,-2.3881581572708654,-4.68851078555798,-1.897784668022712,-2.7335075357214134,-2.1681576513606773
NGA,2017,0.20181001000045007,-2.3754404106237037,-4.6797971895119606,-1.82743064271468,-2.848457304803916,-2.128851748153821
NGA,2018,0.19660782924482367,-2.342981527058176,-4.030574345047231,-1.795903245222193,-2.9155405040978413,-2.068173835929112
NGA,2019,0.20152701806643003,-2.4241454875866513,-3.925050076704027,-1.9514780191033134,-2.5864785770590606,-2.2481973891178084
NGA,2020,0.19990242539657177,-2.4493957674202465,-3.728254718185401,-1.9709420850287565,-2.5967678058871595,-2.2758152350562035
NGA,2021,0.21847901516500423,-2.1712091312649107,-3.8754445524192778,-1.6571697737735462,-2.2905034822219146,-2.0148286215030664
NGA,2022,0.21563029366322972,-2.056387758372576,-3.856371578313877,-1.5905447784920173,-2.1547365436332173,-1.9043274352637856
NGA,2023,0.19333803135683492,-1.8440601123222211,-3.493477217566712,-1.368126327749137,-1.9575653468986574,-1.6956725186851247
NGA,2024,0.23535132539150105,-1.1107988142830512,-3.4994460085959855,-0.5977524970213114,-1.2437850766347804,-0.9709164701695516
NOR,1970,NA,0.5050835427170477,-0.23722819397642336,0.5577919721866995,-0.8891765175796262,0.623968410883718
NOR,1971,NA,0.42451099907012946,-0.6024819154437777,0.4677901113978553,-0.5521681407429986,0.5203578977159689
NOR,1972,NA,0.3950124651250524,-0.5429677690554815,0.4432379985066359,-0.5610181213909167,0.49541782500893383
NOR,1973,NA,0.631356293185737,-0.29761705552468776,0.7309565883563758,-0.43881964964814113,0.7248298230009189
NOR,1974,NA,0.6376560233685822,-0.12038827321444234,0.7255251689391871,-0.5028528329727555,0.7263122026452284
NOR,1975,NA,0.45339405158991375,-0.47818318004249605,0.54100647709589,-0.4856587185055776,0.5381428630602769
NOR,1976,NA,0.32530122262635874,0.3000611731078511,0.4259931981346763,-0.4434266046751869,0.40267289093167613
NOR,1977,NA,0.20966406508954805,0.2890383779774419,0.311637124457552,-0.23813042551474073,0.29269914194450664
NOR,1978,NA,0.1525259567905044,0.19464623811096438,0.2431142505955357,-0.12356548449819282,0.23224145911844607
NOR,1979,NA,0.11182606929004035,0.008894164250492054,0.20866758005100872,-0.16814453514433847,0.19009612282417154
NOR,1980,NA,0.13745482725835667,0.6537183946923149,0.21562697312710366,-0.2356310536439139,0.22731820344077147
NOR,1981,-0.06676024878466591,0.2131255427148353,0.6531244555359139,0.30030914601701486,-0.2997228570264854,0.3034543365532325
NOR,1982,-0.08473923341366185,0.15386903306694255,0.4441155900399192,0.2535368292848743,-0.19447567997439918,0.24315104602763382
NOR,1983,-0.022735494581340387,0.07114425640617372,0.25937935855726657,0.16068845145075605,0.013022953463289966,0.15215605558825196
NOR,1984,0.06766894808134805,0.034783280601232924,0.04381271869932757,0.13185501553725887,-0.010076053662402273,0.1164706215687008
NOR,1985,0.02812351001082314,0.12832003677526216,-0.1922010012202966,0.2341142449523379,0.11875326676816655,0.20095013918611282
NOR,1986,0.004440140742447696,0.19107030062844865,0.020070247613193537,0.302491893112804,0.2431547228980584,0.26432512706221734
NOR,1987,-0.019214579877865345,0.2917034010748405,0.2624633609115232,0.3965401109906057,0.34632309528951444,0.3670401039329727
NOR,1988,-0.01312455889104125,0.231912661805451,0.2979771555998223,0.274146108534266,0.7416455140140839,0.24709918450573887
NOR,1989,-0.012129785873854049,0.3331816247096775,0.26096099966267206,0.3232870473276519,0.8041774345821264,0.315251764767821
NOR,1990,-0.0322941408222891,0.5026108231792732,0.44353274585696534,0.3861118830340988,1.555018579675734,0.38450372218611273
NOR,1991,-0.10668216243953932,0.5295948656592763,0.664264625906906,0.40651399752466544,1.5835585351070933,0.41022209806539967
NOR,1992,-0.16496576966864895,0.417115552137008,0.9671505124587996,0.302280911763225,1.516418576334459,0.3207052483270454
NOR,1993,-0.1409104576795559,0.32175428417449914,1.0643909276449506,0.08937924852235324,1.529806215257731,0.1540325524416728
NOR,1994,-0.09397645755229722,0.5218819455642132,1.0753158733624555,0.31353965917708293,1.7265557234579412,0.33260972260000177
NOR,1995,-0.09569860664262964,0.5079077852512788,1.2005192489714323,0.2515869982030703,1.6979545333456627,0.28801921267664565
NOR,1996,-0.10657944598126246,0.6228260318611779,1.4000325178002297,0.39693054423560636,1.7322426885351427,0.44517528591320876
NOR,1997,-0.1180852656123107,0.7313391093814863,1.684875070351001,0.5325385043371655,1.6787779357266397,0.5953500336447196
NOR,1998,-0.30136598774121837,0.8597796397780662,2.1802829668533175,0.5891589236061556,1.6488266605174768,0.7658867802383469
NOR,1999,-0.2648334758991062,0.9150152285745924,2.0718387101568965,0.6180403581537641,1.7248815920012353,0.7960708351751731
NOR,2000,-0.3157250352097949,1.0155906772294727,2.4527755830161553,0.7918271164291959,1.5936748624918327,0.9533642108394824
NOR,2001,-0.2881423234150102,1.1038264021901825,2.3197539294225176,0.9106854669725348,1.6627670769125906,1.0348487867875855
NOR,2002,-0.376287843592758,1.2508604527023501,2.625283044215031,1.086753710908508,1.6605376524691486,1.214707448620108
NOR,2003,-0.36611290218425296,1.2895999518731676,2.5469781131237363,1.184160785530631,1.545109275671921,1.306912169876429
NOR,2004,-0.3596852726043638,1.2621101864356106,2.4824041796035003,1.1607833489379626,1.4373728220603919,1.2984140885356599
NOR,2005,-0.36313677808552847,1.263774722670981,2.274716851656808,1.1599651460374998,1.4654060054836506,1.3094956501917754
NOR,2006,-0.3667171757021901,1.3367311346195512,2.2088356570506136,1.3326183156633233,1.3104620769353201,1.4503777644955531
NOR,2007,-0.37837107055372676,1.3877078887285748,2.2121163599562634,1.3653199008841062,1.3172420050602058,1.5115568322138235
NOR,2008,-0.4989297938338927,1.331736481704896,2.4534392814304606,1.310424867952091,1.1849872286476786,1.481723786402227
NOR,2009,-0.5368275685689027,1.4623536672571333,2.744294678282568,1.3070715294025217,1.241460560227075,1.6389967029554464
NOR,2010,-0.501206934478853,1.4742365403250461,2.8805298852323626,1.3311604444358986,1.191903405909173,1.670177864910781
NOR,2011,-0.5688243500298577,1.441543793894457,2.7698244078217034,1.3315617858275375,1.1429405855155221,1.654747340588436
NOR,2012,-0.5639186240516794,1.4504739913879099,2.8104031481778207,1.2859026186296239,1.1340654406692332,1.6738876145378092
NOR,2013,-0.5884351360673467,1.4699848625586727,2.959309028417525,1.314343345006197,1.0222189579658847,1.7234302060917694
NOR,2014,-0.6079756749266914,1.4845271273443865,2.934999694137286,1.339118563629986,0.9103632136797313,1.7578661699395017
NOR,2015,-0.6256502596467227,1.66154876785285,3.123503911037788,1.5021170632663243,1.0455775769037337,1.9348335946667503
NOR,2016,-0.6072047607168356,1.6953132906769888,3.20985438695717,1.523729918809292,1.0853009387385844,1.9734330859262421
NOR,2017,-0.6062385068891083,1.6761027816022587,3.1676851969057434,1.4473305982698161,1.0113448120243551,1.9595460074526483
NOR,2018,-0.5929902543821906,1.548249610923734,3.086278510348124,1.3223225704608106,0.9182719906511895,1.833979303812841
NOR,2019,-0.6098755201577867,1.6498273274107582,3.2101219090479676,1.356797228803978,0.9520467848892606,1.9485148666020196
NOR,2020,NA,1.694107757917454,3.2043164504918833,1.3858416807031813,0.9438779975890716,1.9973351021268728
NOR,2021,NA,1.5715507198432939,2.9319745533634887,1.3092119491007432,0.8014412934473903,1.8693714601468772
NOR,2022,NA,1.3996008036119039,2.7754930508064506,1.1987677482291363,0.6482328423281539,1.7040378783393966
NOR,2023,NA,1.734360186934223,3.1026032420081266,1.4972795486865327,0.8878379142388024,2.037071916484418
NOR,2024,NA,1.787898827297162,3.126053294068435,1.4991353432798222,0.8380653917098978,2.0825937317148
PAK,1970,NA,-1.6722212497642794,NA,-1.5079589755381217,NA,-1.499575488184032
PAK,1971,NA,-1.8042580639559684,NA,-1.6392768352526805,NA,-1.635533405160099
PAK,1972,NA,-1.2667870952625981,NA,-1.099601838858526,NA,-1.103015407949179
PAK,1973,NA,-0.8677958262881527,NA,-0.7883927176893164,-1.2823732468357685,-0.8351960360456201
PAK,1974,NA,-0.8371153078963589,NA,-0.7392526541300195,-1.6241941073811876,-0.7745945129112801
PAK,1975,NA,-0.9965418149590595,NA,-0.8895099089711258,-1.7538068937959723,-0.9252292979727756
PAK,1976,NA,-1.1855278666481377,NA,-1.0586129468433225,-1.827129916101769,-1.1175513514044408
PAK,1977,NA,-1.3579883896975322,NA,-1.2246703537724506,-1.8121648593745299,-1.274467311167074
PAK,1978,NA,-1.6120527634697197,NA,-1.490365352033903,-1.8880221326022326,-1.5323469381487702
PAK,1979,NA,-1.7330102765102766,NA,-1.6070217846820896,-2.0607421019672216,-1.6513875248795213
PAK,1980,NA,-2.119500350381897,NA,-1.9966904291330896,-2.3597543986971043,-2.0378734880209803
PAK,1981,NA,-2.2979900239249718,NA,-2.1998627625175793,-2.374936703809712,-2.2384112791082416
PAK,1982,NA,-2.429937488342432,NA,-2.335554146160208,-2.2270245359575123,-2.384887256877342
PAK,1983,NA,-2.4305418178986837,NA,-2.3579437100391645,-1.8251755398615401,-2.409091131289489
PAK,1984,NA,-2.3775755572045894,NA,-2.321577657085426,-1.645517724864006,-2.3725585694710345
PAK,1985,NA,-2.396519997839542,NA,-2.3287569020279606,-1.7802143586665018,-2.39513267950971
PAK,1986,NA,-2.2566371035577735,NA,-2.1569051356924076,-1.7103842668042653,-2.240487807361122
PAK,1987,NA,-2.1781441627773273,NA,-2.0854821215703505,-1.6230801059581572,-2.1673261151097183
PAK,1988,NA,-2.1467151010088763,NA,-2.0408802762959057,-1.6213941310367095,-2.134144474643823
PAK,1989,NA,-2.060813098876879,NA,-1.931616449791427,-1.862852919854789,-2.032319662318948
PAK,1990,NA,-1.8873322303792466,NA,-1.7489290740207217,-1.631883376163651,-1.8361089354974538
PAK,1991,NA,-1.935064062725883,NA,-1.7563045941275697,-1.871617413901907,-1.8589795284099564
PAK,1992,NA,-1.8425485091146225,NA,-1.6441434602759923,-1.8424332534015253,-1.742702923173109
PAK,1993,0.08150443683123065,-1.8858183241414197,NA,-1.668914072301572,-2.0674024849133943,-1.785231985299692
PAK,1994,0.07739522202673654,-1.8162953586033614,NA,-1.588909065775019,-2.0627868679216923,-1.7054422980218888
PAK,1995,0.0755694591858097,-1.9049111745886882,-4.341622071115048,-1.6610090932515855,-2.31016084797678,-1.7787863119922482
PAK,1996,0.07513423413738995,-1.9076608122696335,-3.461134406388368,-1.6526241100753623,-2.3764701179338457,-1.7712276106946774
PAK,1997,0.08058069386242384,-1.9797819865143078,-2.85691160129646,-1.7324786299111978,-2.475216162658285,-1.8493686043573727
PAK,1998,0.09085682737836387,-2.0663913943481105,-2.447253786626073,-1.8119421455821616,-2.4938867520973522,-1.9335994966401793
PAK,1999,0.11190608852011663,-1.9921429550060439,-2.258262561748487,-1.7258877183120993,-2.3795203658613886,-1.8718703077942687
PAK,2000,0.11599350803974451,-1.9986182464249032,-2.2431430824246754,-1.7180278369153827,-2.412684645387449,-1.87515373860879
PAK,2001,0.11008152298171858,-1.9853122678728137,-2.4681711313209775,-1.7240691114678457,-2.312504586233717,-1.8661008982282294
PAK,2002,NA,-2.0469979930331794,-2.57669006229811,-1.804887310451072,-2.351464507032355,-1.9297420977942978
PAK,2003,NA,-2.1381211261702657,-2.6676153118037953,-1.8422964077470518,-2.6608835804989126,-1.9800581153509762
PAK,2004,0.13213821777051893,-2.308419578573549,-2.93133581126699,-2.022999116307478,-2.742072606863742,-2.1634441983851587
PAK,2005,0.11501581669758398,-2.3588402068462972,-2.6081029709429835,-2.1089472772037507,-2.583140621268297,-2.2299359446010962
PAK,2006,0.11940383908356522,-2.565756259252617,-3.373951524956332,-2.252769768794212,-2.791869764856278,-2.414562938088369
PAK,2007,0.14526940717733539,-2.7398855111286378,-3.669158121629051,-2.4246142328340214,-2.894729939549785,-2.5974828848267086
PAK,2008,0.16028969156414408,-2.596579760971991,-4.358337453404332,-2.2532052464390167,-2.9381434006769718,-2.4027734034012798
PAK,2009,0.16083692241344638,-2.646516141150519,-4.514174025701418,-2.3008988915216175,-2.7431113946454824,-2.504159119057925
PAK,2010,0.1584527863738956,-2.6867733915748357,-4.45770769880857,-2.242993905445862,-3.0967128989260893,-2.4620238295144734
PAK,2011,0.16824765903983063,-2.6773646048506703,-4.595161623958861,-2.2113358485239556,-3.2012054333760904,-2.4135013508104857
PAK,2012,NA,-2.7325113588574954,-4.5423786427599,-2.229815274841206,-3.3194153453945052,-2.4490714388297588
PAK,2013,NA,-2.858682688947525,-4.327984647742953,-2.3490620312159836,-3.3650132512031052,-2.592808446016123
PAK,2014,NA,-2.9385637862125353,-4.442462536289639,-2.449321644978275,-3.356713952815909,-2.6976792002233614
PAK,2015,NA,-3.038183769874801,-5.040747921604833,-2.5407733003032282,-3.454587099932333,-2.8060776603441924
PAK,2016,NA,-3.094780109479688,-5.1660700737167975,-2.5883933913977146,-3.5171149519730083,-2.8558908452641387
PAK,2017,NA,-3.2686261365705547,-5.26842477920148,-2.7658905122584034,-3.575000712646391,-3.061835497962097
PAK,2018,0.22481191455474303,-3.3407958142799576,-5.209094010699925,-2.8542373390730456,-3.6429942011353167,-3.1290290190303187
PAK,2019,0.22862391513366065,-3.2649463675888724,-5.240840311197361,-2.708188273703483,-3.69045130568444,-3.0186478656752715
PAK,2020,0.22948444155781333,-3.1998434278158028,-5.50693612269578,-2.601803887169472,-3.7135899178909497,-2.9366154769731088
PAK,2021,0.24441676205330343,-3.3662732501356065,-5.354023484814531,-2.7577820958882993,-3.8084658838698773,-3.125881116375827
PAK,2022,0.2341614952005847,-3.236733727595794,-5.480923641285778,-2.739023396317055,-3.399810656244055,-3.0633873082958925
PAK,2023,0.22746846274581023,-3.3124622067085983,-5.529208277885683,-2.842523824259012,-3.364216982488734,-3.184745231164658
PAK,2024,0.25116284694761304,-3.4217292837511746,-5.527290323409721,-2.9619943266397306,-3.414122602297855,-3.328187244791036
PHL,1970,NA,NA,NA,-1.041945133878912,NA,NA
PHL,1971,NA,NA,NA,-0.9926386636633153,NA,NA
PHL,1972,NA,NA,NA,-0.6125971007881064,NA,NA
PHL,1973,NA,NA,NA,-0.14189145612655585,NA,NA
PHL,1974,NA,NA,NA,-0.1411628588999938,NA,NA
PHL,1975,NA,NA,NA,-0.10077370734450808,NA,NA
PHL,1976,NA,NA,NA,-0.6154597109055713,NA,NA
PHL,1977,NA,NA,NA,-0.5279152208798639,NA,NA
PHL,1978,NA,NA,NA,-0.25604154272711144,NA,NA
PHL,1979,NA,NA,NA,-0.34018112701179204,NA,NA
PHL,1980,NA,-0.3131973273073665,-0.7087019202656357,-0.16121143510314173,-1.976705106748959,-0.18233222251454473
PHL,1981,NA,-0.3335185407045176,-0.642562769775032,-0.19115910198340336,-1.7459467086284688,-0.21083710786485899
PHL,1982,NA,-0.3186296141311362,-0.719709514101706,-0.16912816232136052,-1.382931980671036,-0.19971120786057917
PHL,1983,NA,-0.46757805038451905,-0.5645160854056446,-0.3438478361213666,-0.9942856172901902,-0.36385135246932787
PHL,1984,NA,-0.36201243002771566,-0.9272948418326283,-0.22388349056641443,-0.9186778058766851,-0.25546937679177106
PHL,1985,NA,-0.4815381587752505,-1.0247746182286361,-0.337834627569904,-0.9858814862854146,-0.37852156888038846
PHL,1986,NA,-0.4854992084941341,-1.0589375774725331,-0.32071024235062984,-1.0022142189533358,-0.37526375237970355
PHL,1987,NA,-0.482782733352078,-0.9798312304406078,-0.31122454980327063,-1.0870195210404803,-0.3620665275744066
PHL,1988,NA,-0.5761128076824695,-0.8443347887746189,-0.4037535211080321,-1.1832022938810165,-0.4548909639292411
PHL,1989,NA,-0.5382445266143359,-1.1973939907859643,-0.36013867018662027,-1.4551610501010899,-0.4170773874455769
PHL,1990,NA,-0.4803802501252581,-1.1900705015096236,-0.29542643381423184,-1.2905051162285583,-0.34870737066947455
PHL,1991,NA,-0.351286445036312,-1.062324189228658,-0.14129119055939032,-1.315532598867252,-0.21001566951512962
PHL,1992,NA,-0.4887620664308516,-0.8858885287547542,-0.2791661468517883,-1.2261298401298841,-0.3435211999836556
PHL,1993,NA,-0.5600499875975455,-0.81203781715441,-0.3819379924645909,-0.8607458868166544,-0.45073258373991676
PHL,1994,NA,-0.563958135237302,-0.8091268729163446,-0.38039340879308137,-0.8027924577685357,-0.453715077804679
PHL,1995,NA,-0.6394717987577652,-0.6392772003905094,-0.4729459847981974,-0.738230169778503,-0.5404042493438537
PHL,1996,0.07074952215222952,-0.6338989848129248,-0.7408055692430953,-0.44491053421559434,-0.7928933424286853,-0.5232454540904248
PHL,1997,0.06106203242561847,-0.6684521375444308,-0.5984994494810119,-0.466425887099319,-1.0621781828234975,-0.5458138336740346
PHL,1998,0.08570124501660636,-0.4552825421183584,-0.21277614398274336,-0.2453018764415107,-0.8228110832694897,-0.32778142204896943
PHL,1999,0.11229457387286823,-0.6137349879490547,-0.47163882446258487,-0.4018801961217917,-0.8130996202005987,-0.5126891652334733
PHL,2000,0.09826367371905675,-0.8290904849017305,-0.3677589076459973,-0.5927441268015918,-1.321183379639769,-0.6981582301845313
PHL,2001,0.09723647205516739,-0.7682288806214022,-0.5885689158252503,-0.5360906846167914,-1.1832170283860082,-0.638955276721592
PHL,2002,0.10796540360093376,-0.8158304684854455,-0.7401363632757532,-0.5873991802663474,-1.2221002014283329,-0.6854554430870943
PHL,2003,0.08918173146535313,-0.8433796297215946,-0.6870693572510196,-0.6116393032739915,-1.1807412135548643,-0.7082876441946888
PHL,2004,0.08575598222301173,-0.8709271194618693,-0.8179240143215067,-0.6512210469530613,-1.1271993271761485,-0.7500776186890963
PHL,2005,0.08456652133022469,-0.7826283580427466,-1.1867762683994911,-0.4913588406926912,-1.212257217428082,-0.6262054736266347
PHL,2006,0.096395802948684,-0.8629277852152923,-1.4651224193115948,-0.5552766554428259,-1.1290374255802202,-0.7052244589527696
PHL,2007,0.12649793586497315,-0.9336325486432973,-1.7204172110473577,-0.6546181857531967,-0.9727861114204019,-0.8171722154484788
PHL,2008,0.1418591066647985,-1.023993247833276,-1.9423187975829377,-0.8774476101512025,-0.7883505169371414,-0.9994194427809409
PHL,2009,0.14716599253198492,-1.0895572760667975,-2.105351017106522,-0.9173421234423571,-0.8226296569484568,-1.087410637262641
PHL,2010,0.1514371693582316,-1.138020309121027,-2.0744400445440094,-1.1086235763530494,-0.637156589167166,-1.2844896447464826
PHL,2011,0.16301244183305608,-1.1638205197799745,-2.216345951453349,-1.1489496373411,-0.6872246193749711,-1.3097746891147626
PHL,2012,0.19712105252995127,-1.2584990188777851,-2.354554086205438,-1.3785464601245547,-0.6443553926181618,-1.547450559645974
PHL,2013,0.19052572257387612,-1.2418437647989908,-2.2287252342744877,-1.359704250094325,-0.6033531101011622,-1.553377793585324
PHL,2014,0.20587127850817566,-1.0501560015961202,-2.2248934127152302,-1.1165050559217118,-0.4493302896726823,-1.3272464102711052
PHL,2015,0.19979675224389182,-1.0209398301938664,-2.1138126280345793,-1.1530977575013726,-0.38276906631572993,-1.3592262748935067
PHL,2016,0.1966380742168421,-1.0316756975280268,-2.103419493143904,-1.137647859475948,-0.4175217370685469,-1.3468369167437841
PHL,2017,0.1970520959717691,-1.0234562582015974,-1.9117884643124001,-1.1283068632597677,-0.39490316243832146,-1.3429326994586952
PHL,2018,0.2094610423316967,-0.9959291213042953,-1.9747824321817533,-1.0805372338094303,-0.40217726291317213,-1.2919800440180547
PHL,2019,0.20846065406737324,-1.0786571013239876,-1.8802490152222608,-1.153268340398398,-0.4556984044884005,-1.373977191280182
PHL,2020,0.2009830214652727,-1.063321999662643,-1.7794235302658672,-1.0853794717162155,-0.45666919293328645,-1.3115259254847738
PHL,2021,0.20713869731707735,-0.9730655879141837,-1.5701274763443904,-0.9473142033523174,-0.4164682312098975,-1.1830207156563406
PHL,2022,0.20228127370781968,-0.9439883338460041,-1.7126031917765858,-0.9561396168291048,-0.3847608129161091,-1.1765052167175563
PHL,2023,0.1786344141177839,-1.0069654819173306,-1.529298235715562,-1.077576431542679,-0.40451262561232704,-1.2680598460294976
PHL,2024,0.18638357587109577,-1.018527862227916,-1.3684836007775156,-1.118889445853184,-0.4038128605289135,-1.284531060576358
POL,1970,NA,NA,NA,NA,NA,NA
POL,1971,NA,NA,NA,NA,NA,NA
POL,1972,NA,NA,NA,NA,NA,NA
POL,1973,NA,NA,NA,NA,NA,NA
POL,1974,NA,NA,NA,NA,NA,NA
POL,1975,NA,-2.213536978304753,NA,-2.028267912193742,NA,-2.0639873011953918
POL,1976,NA,-1.797435329953836,NA,-1.624752221473349,-3.33617327390525,-1.6836906260344673
POL,1977,NA,-1.553025952476132,NA,-1.3948926572026523,-2.409287856468093,-1.4446896145972756
POL,1978,NA,-1.7529773314847623,NA,-1.6184697979142602,-2.206581481628021,-1.6604513840291273
POL,1979,NA,-1.5994880494605366,NA,-1.4758747802737084,-1.8931330104693203,-1.5202405204711402
POL,1980,NA,-1.580505575173927,NA,-1.4915278233547564,-1.4150809948216843,-1.5327108822426472
POL,1981,NA,-1.239787425571946,NA,-1.1318359901501265,-1.4351811204224862,-1.1703845067407888
POL,1982,NA,-1.079410605973595,NA,-0.9337466042968843,-1.5558555990537428,-0.9830797150140183
POL,1983,NA,-1.2333008323892647,NA,-1.0875577019036307,-1.5433565864070928,-1.1387051231539553
POL,1984,NA,-1.0811682155083133,NA,-0.9307193829733409,-1.4622639382981815,-0.9817002953589495
POL,1985,NA,-1.1401561380638998,NA,-0.9682650187387551,-1.6994945198579607,-1.0346407962205044
POL,1986,NA,-1.0042700092544188,NA,-0.8060668769287584,-1.6183107333073536,-0.8896495485974729
POL,1987,NA,-0.6843608347774355,NA,-0.47095678370113303,-1.5489030542656104,-0.5528007772405006
POL,1988,NA,-0.572935875400479,NA,-0.34604623654152467,-1.474328932389669,-0.4393104348894421
POL,1989,NA,-0.5210983043663493,NA,-0.28888167432932366,-1.7134836039568127,-0.38958488685684456
POL,1990,NA,-0.034202407674911006,NA,0.19481956255121702,-1.1340996783653936,0.10763970107448495
POL,1991,NA,-0.23759059128464677,NA,0.01640724784263692,-1.5405309773840186,-0.0862676864397498
POL,1992,NA,-0.32466455260403193,NA,-0.06394916463538336,-1.6054343347970539,-0.16250862753250006
POL,1993,NA,-0.4715541627285764,NA,-0.20514708938031156,-1.7025000310806355,-0.32146500237843156
POL,1994,NA,-0.45314904833724623,-2.2529569850215063,-0.1846854672278968,-1.724351835123239,-0.2926853330732291
POL,1995,0.06945392574824505,-0.7635886843630355,-4.024142055429638,-0.47747321052151914,-1.9505900944114156,-0.5978865050246749
POL,1996,0.07060312881449904,-1.3694351347726952,-3.6944721947122874,-1.1129638107797903,-1.771659429082733,-1.2378385685886861
POL,1997,0.08858199243027409,-1.4795868894071125,-7.0600457220495345,-1.2070677379848407,-2.0124100631846393,-1.3465221796975162
POL,1998,0.12097173027188068,-1.7168784278203422,-5.874702619820088,-1.4629542683409533,-1.7474873441795404,-1.6265741669954545
POL,1999,0.14977392093972608,-1.5870337761612023,-5.101708878098834,-1.2676740731601148,-1.8983392945474744,-1.4740644192717776
POL,2000,0.14917971164669197,-1.3663951210966392,-4.390773332373165,-1.0149093714363981,-2.0742576945502202,-1.217826184713845
POL,2001,0.14440693416925787,-1.2145914063093488,-3.7272144892996617,-0.8625593652897083,-2.1747401515612848,-1.040487543172282
POL,2002,0.14763343300184717,-1.3657400102671953,-3.0747475042207073,-1.0477775832331557,-2.178474606611537,-1.1955474010195635
POL,2003,0.13648496786930508,-1.2742235180437143,-3.2141689507126405,-1.0661987999987734,-1.1136432696876621,-1.2319167514995353
POL,2004,0.12408145451723696,-0.93746479402526806,-2.379074293194799,-0.7012464942927255,-0.9318159642726647,-0.8626427902432958
POL,2005,0.1031702253039054,-0.9868881040623575,-2.0327056213837196,-0.7876980174236046,-0.7501981047294701,-0.9501305741149766
POL,2006,0.08677735039132417,-0.9283755038877792,-1.301040890234781,-0.8360561761577547,-0.48021810512567287,-0.9519573314909888
POL,2007,0.08691213648009288,-0.9455106894810212,-0.8793082459257588,-0.9452091290495361,-0.5166671181885998,-0.984030903281716
POL,2008,0.1117658165256552,-1.1813042032049212,-1.5619419120805018,-1.2432666340668468,-0.6400352848306738,-1.3196154770618387
POL,2009,0.10074548465953781,-1.131645002910362,-1.0812650474342504,-1.3174573112016843,-0.5411378091086256,-1.3385977266082925
POL,2010,0.09676944551999955,-0.9334512906477549,-0.8406428939823836,-1.2904830355509458,-0.20203044590842034,-1.2968030153038916
POL,2011,0.11224402970544589,-0.9533216512770529,-1.3017678381657398,-1.281845429572861,-0.23603367471218717,-1.3451921130678488
POL,2012,0.14260023234914376,-0.868374417506723,-1.1527306999425297,-1.1531415526151443,-0.20274443204721737,-1.2174798268700489
POL,2013,0.13493979473251727,-0.9387973517794777,-1.0037209161398013,-1.180743502292056,-0.30215534262511357,-1.2482165796862166
POL,2014,0.1278293187534305,-1.0329442309295318,-1.04341167917373,-1.259161486529095,-0.4322024253135417,-1.3099455428577422
POL,2015,0.02728650240048247,-0.8663242086799992,-0.3641596155575084,-1.1023835961817023,-0.4097119667053102,-1.0256974532602676
POL,2016,0.06961425825694734,-0.8995891735180764,-0.6623074529613868,-1.045376722512989,-0.4305461398262864,-1.0706882188071987
POL,2017,0.07871769959668518,-0.8997161529082783,-0.6831299774188517,-0.9887155207218563,-0.47102761473649957,-1.0314068905911267
POL,2018,0.06607382923546468,-1.034179852122984,-0.7819910571688018,-1.0628130243295424,-0.6898314455596237,-1.1096505333573186
POL,2019,0.0531603248482031,-1.1259839416842086,-0.9098962398826855,-1.1326589610615496,-0.7527706955416287,-1.2025159331179542
POL,2020,0.11970307726993568,-1.1653151859920499,-1.4507353110608818,-1.0456600989441416,-0.7801950689938124,-1.2337926610193952
POL,2021,0.12111510428841443,-1.150190847185731,-1.3806389293803698,-1.0282881834914708,-0.7760157223674224,-1.2202382169674613
POL,2022,0.11415812028049144,-1.0117364551306478,-1.5402910214064387,-0.8449317557335838,-0.6885153574069058,-1.0581088969906285
POL,2023,0.11303298419498253,-0.9256582769132814,-1.4796702319616077,-0.7100607889837328,-0.6476213984708574,-0.9444249587101426
POL,2024,0.09924594692295141,-0.9982516823448905,-1.4821761629866148,-0.7840322554322542,-0.7173881941437201,-1.02534046674433
PRT,1970,NA,NA,0.36876232473679504,NA,NA,NA
PRT,1971,NA,NA,0.06861802435100284,NA,NA,NA
PRT,1972,NA,-0.17634579082877888,-0.16559963791108334,-0.1601528953817204,-3.044550282850471,-0.02168796327340461
PRT,1973,NA,-0.23081010832656057,-0.04563337845580584,-0.220888828050545,-1.2890882274219582,-0.13809997214310954
PRT,1974,NA,-0.13606850654401415,0.3822258066405828,-0.18676198044800296,-0.8419358978262839,-0.0811005744116402
PRT,1975,NA,-0.21408741674383513,0.02879219863872784,-0.23770533897886326,-0.7872086616288696,-0.15936570336566724
PRT,1976,NA,0.010613111105867823,1.4102790260454778,-0.016083639159117258,-0.6889536936311611,0.0830328410900738
PRT,1977,NA,0.03601009740765271,1.5245710876686145,0.04696742738122239,-0.5464080246094385,0.12862389310941413
PRT,1978,NA,0.013556961914507948,1.4264494112353017,0.021917568275357624,-0.4489731440949498,0.10666505420342753
PRT,1979,NA,0.037960704435897163,1.3105027390402713,0.07907243165641464,-0.6160938588935885,0.1384541137158699
PRT,1980,NA,-0.06245514308461675,1.1624223406666996,-0.026455606080281413,-0.7117852416061048,0.04124928771516423
PRT,1981,NA,-0.03906497426092215,1.2280271816671666,0.006704670956886094,-0.8341958556272466,0.06480304992466124
PRT,1982,NA,0.018555759117343973,1.181598240259011,0.08427436608065131,-0.7747265522428224,0.12874669072848532
PRT,1983,NA,0.1898382441321833,1.1075431811031864,0.2627397351721965,-0.5070542193255498,0.29942761889642866
PRT,1984,NA,0.3236560919708209,1.0688681879480537,0.4171233712545612,-0.5204120799443848,0.4393330951593972
PRT,1985,NA,0.2261685882206781,0.8448634833124427,0.3230986068420061,-0.5508686747012703,0.34028262422459643
PRT,1986,NA,0.007794780499003284,0.4573616061988792,0.131467528958775,-0.7965080959374999,0.12980401079315151
PRT,1987,NA,-0.25042322904533365,0.18325218315756153,-0.1199514753909019,-1.03560181130347,-0.12186384164869835
PRT,1988,NA,-0.23639083673425576,0.06921211832626994,-0.09160252152940829,-0.9718910001237613,-0.10928696811141236
PRT,1989,NA,-0.2786002099578251,-0.2882690029075503,-0.15367191824768311,-0.9795997390987052,-0.167896920570203
PRT,1990,NA,-0.3469326134051234,-0.6000512883323665,-0.2082384684124432,-0.6865255453211554,-0.23997496102265825
PRT,1991,NA,-0.35380471142808934,-0.6252738623379752,-0.23186413465020927,-0.2909567684630474,-0.2776573989230555
PRT,1992,NA,-0.40389722894117375,-0.6027397756935935,-0.2941685577236257,-0.01765462688659092,-0.34691077315464947
PRT,1993,NA,0.14046080964797425,-0.2503084232176658,0.3128900378072017,-0.0065325342626647576,0.23829476240497982
PRT,1994,NA,0.45097786240989524,0.11553115451266471,0.6475644919290416,0.09416598322267378,0.5700835737757942
PRT,1995,NA,0.5216878127083444,0.6451673927641179,0.7056084724636419,0.16506938026192142,0.6440966638674649
PRT,1996,NA,0.7617226888879701,1.0495875933537953,0.9477196840862985,0.35292138759552705,0.8938125309427741
PRT,1997,0.05242959916245982,0.9053715186554526,1.0144777084289283,1.0989650326376634,0.5783866149770382,1.0224236242843596
PRT,1998,0.06211182748580635,1.0280736628804008,0.960484244373474,1.2076627651100142,1.0879286082678572,1.1057539307371589
PRT,1999,0.12590148132074275,0.8916299328739052,0.8550713114318769,1.0745294125555849,1.0021461521102402,0.950661069028401
PRT,2000,0.12597835308112615,1.0504386714405756,1.1801350166882068,1.1919239227866616,1.3408288972887883,1.066168432378904
PRT,2001,0.06539112671706726,1.1201523785210132,1.0795753604639247,1.2432071418292825,1.4051600330264624,1.1322159013429862
PRT,2002,0.027106382827224884,1.179050719308298,1.235865264381875,1.3387218053214367,1.194040059425974,1.2435914217501254
PRT,2003,-0.01776917946841372,1.2913619083036423,1.06173800551819,1.4711694537643036,1.3716921008310627,1.3526039134680858
PRT,2004,-0.12725204982482297,1.245305335167146,1.1314018784095126,1.395908412907083,1.3874413619062467,1.2897775785284924
PRT,2005,-0.25763088382026933,1.1832222959267886,1.1823753997299982,1.3240752193653538,1.3572378091207629,1.2357320674517887
PRT,2006,-0.15011281382907748,1.1674142951934576,1.2131984523759392,1.3277259636140262,1.2755522403834723,1.2502042202961334
PRT,2007,-0.13549703073226504,1.140181051913362,1.143845049351855,1.3282235875074835,1.1256574246555044,1.2506246209131664
PRT,2008,-0.41535706834609376,1.135118055853514,1.1848553452347175,1.3403336611861347,1.0124913258652442,1.2789077363161638
PRT,2009,-0.20124979916724584,1.1165370988770842,0.988465165425531,1.4077165631241197,0.8889301894380867,1.2948826881101607
PRT,2010,-0.25074706436707017,1.110950670618222,1.0544197182022126,1.4212771872240237,0.8841832968519799,1.292854049923053
PRT,2011,-0.22538983138302854,1.0372653129859626,0.8144466607932683,1.334206418792956,0.8722924295932776,1.2129342853852323
PRT,2012,-0.0381158325524823,1.0811385096631763,0.7169185135297105,1.394621608533709,0.9540667864461045,1.248604026708271
PRT,2013,5.188632934778337e-4,0.9929188244570804,0.8273267105675051,1.2736262687383477,0.983188455335672,1.11756400601159
PRT,2014,-0.05948846574991412,0.8678886959823351,0.7155610840442126,1.1636291723921703,0.7945505733908539,1.0100347459862606
PRT,2015,-0.04697075473269363,0.8609762279232649,0.830525244332974,1.126329876651745,0.8044507598882937,0.9869996471096779
PRT,2016,-0.038757949926257584,0.7379330732642566,0.7340514547842181,0.9980906178200302,0.7060239094587634,0.8584069841835267
PRT,2017,0.0018529571733172934,0.7596115233796096,0.7389385423772437,1.0456499627927913,0.7053583731398227,0.8875247351383228
PRT,2018,-0.027944083253656604,0.6418158189573011,0.6529153970092114,0.9517613478044162,0.5037720955312966,0.8033394270512323
PRT,2019,NA,0.5962852180626521,0.6626279288155759,0.9289096926825159,0.45170263187304516,0.7665763155655828
PRT,2020,NA,0.5838901944582222,0.6401962360436699,0.9399821454879785,0.4005396428170537,0.768217397759426
PRT,2021,NA,0.5259945514990099,0.6656435352071095,0.8613536976236044,0.3505091344108964,0.6995801503211718
PRT,2022,NA,0.5355642933871374,0.637257179097706,0.8364750088546894,0.40619104551804175,0.6980557321899986
PRT,2023,NA,0.46854138793965444,0.54137830747455,0.7579064266122528,0.3812074415946607,0.6083757347264911
PRT,2024,NA,0.4380272094422867,0.4776240150289277,0.7478073828129543,0.30457742849913716,0.5780485555030092
ROU,1970,NA,NA,NA,NA,NA,NA
ROU,1971,NA,NA,NA,NA,NA,NA
ROU,1972,NA,NA,NA,NA,NA,NA
ROU,1973,NA,NA,NA,NA,NA,NA
ROU,1974,NA,NA,NA,NA,NA,NA
ROU,1975,NA,NA,NA,NA,NA,NA
ROU,1976,NA,NA,NA,NA,NA,NA
ROU,1977,NA,NA,NA,NA,NA,NA
ROU,1978,NA,NA,NA,NA,NA,NA
ROU,1979,NA,NA,NA,NA,NA,NA
ROU,1980,NA,NA,NA,NA,NA,NA
ROU,1981,NA,NA,NA,NA,NA,NA
ROU,1982,NA,NA,NA,NA,NA,NA
ROU,1983,NA,NA,NA,NA,NA,NA
ROU,1984,NA,NA,NA,NA,NA,NA
ROU,1985,NA,NA,NA,NA,NA,NA
ROU,1986,NA,NA,NA,NA,NA,NA
ROU,1987,NA,NA,NA,NA,NA,NA
ROU,1988,NA,NA,NA,NA,NA,NA
ROU,1989,NA,NA,NA,NA,NA,NA
ROU,1990,NA,-0.4484099004716873,0.38687718186988906,-0.36699583960782944,-2.414230987506992,-0.2892793875398514
ROU,1991,NA,-0.22270175901820233,0.6217777373308668,-0.12946599731141029,-1.9181539490053794,-0.06335635048671096
ROU,1992,NA,0.2883651687513491,1.5758672509972924,0.36556108907379503,-1.5980080084698933,0.46102071392016764
ROU,1993,NA,-0.06175658475249568,1.0637665036803985,0.02202745149107832,-1.7623593170892367,0.09803897099986503
ROU,1994,NA,-0.10028654455508956,1.0756041847691513,0.008755914132171139,-1.9540078929091433,0.07206904181216367
ROU,1995,NA,-0.27399093840529476,0.98442873524449,-0.16098525306607891,-2.086622334205842,-0.09317781498071853
ROU,1996,NA,-0.40204407965588485,NA,-0.08684569634588901,-2.1048550671110333,-0.2171292302123502
ROU,1997,NA,-0.5354716735131893,NA,-0.2164427619478062,-2.213748238883389,-0.35610074528544655
ROU,2001,0.14935646600656016,-0.893540790595474,NA,-0.49536220030957234,-3.0399156681637094,-0.6782850701646954
ROU,2002,0.14618995544924185,-1.1563808839563468,-3.9340567780296114,-0.8010085573155024,-2.4921037840052898,-0.9549809482234928
ROU,2003,0.1403333484274223,-1.4234864803946499,-5.024868041067164,-1.0214566643661724,-2.984204221801806,-1.1958990779713596
ROU,2004,0.13409698032387185,-1.5338382901254184,-4.378932936475868,-1.1389173302705178,-2.9493714607542043,-1.3148604276070377
ROU,2005,0.11344828247876526,-1.6371269417202332,-3.1635168748747695,-1.259166491738711,-2.493013940270005,-1.4402056833998074
ROU,2006,0.10206245142635073,-1.7059358327583694,-2.43217650689207,-1.3643105939355198,-2.144663868596152,-1.5233346897572162
ROU,2007,0.11865563794717282,-1.944783100917042,-2.554508355862591,-1.615060461124311,-2.2758238258168286,-1.7692064353582682
ROU,2008,0.10895808553074005,-1.91335206146224,-2.3402335699789267,-1.5962510406773136,-2.3455459233619766,-1.7024223229175024
ROU,2009,0.11477816888853332,-1.7119277079266046,-2.8653322925953475,-1.2555458092176794,-2.4082688618729042,-1.443287868447822
ROU,2010,0.10254965956582285,-1.6158954314216385,-2.4513582883654905,-1.138932973551047,-2.369022145054453,-1.3323025051641686
ROU,2011,0.10110994173588517,-1.657582657059836,-2.329758661520518,-1.1802682329410419,-2.472886078786644,-1.3454637545099124
ROU,2012,NA,-1.6392263292963776,-2.178720542516491,-1.1171925038220334,-2.6624599198306242,-1.2915709693974566
ROU,2013,0.14798080504060807,-1.4993304178499218,-2.264798324191095,-1.0380292843872714,-1.9116214962575264,-1.2538563891046568
ROU,2014,0.1650035915484398,-1.5040472435620609,-2.5705827868588123,-1.0709015105562285,-1.767156663194535,-1.3022120982809016
ROU,2015,0.14131818339968372,-1.5396740092286698,-2.3631274551610826,-1.1579687265879341,-1.6929056644435936,-1.3800884476811794
ROU,2016,0.12965376302699172,-1.5200338125774513,-2.2886496434408317,-1.1063635818447977,-1.758733878572585,-1.3294234385192634
ROU,2017,0.13158948080431654,-1.5063354779762717,-2.287160195994377,-1.0651680221427686,-1.759314236766831,-1.314158311770068
ROU,2018,0.14135609472312827,-1.5128001618778895,-2.4589420153747104,-1.1117388988145571,-1.646581425522156,-1.3527314771784051
ROU,2019,0.150627360268896,-1.508601649996106,-2.4893701178855814,-1.1150156709386736,-1.5184838065997082,-1.3859205080609192
ROU,2020,0.1270008077237157,-1.437714937884913,-2.4414035719538822,-0.989946208821686,-1.5364809672321345,-1.2794795478143917
ROU,2021,0.13308134786583692,-1.4268750421735295,-2.2640492628766604,-1.0015187356699427,-1.4372952337449294,-1.3077090707837744
ROU,2022,0.13565766577447413,-1.368087338808318,-2.347163752502759,-0.988744063785024,-1.3427311589981443,-1.2622804851520695
ROU,2023,0.1562799785994219,-1.3854913987956987,-2.4276070781520143,-1.0022107946393706,-1.3352212101384817,-1.2959568546032472
ROU,2024,0.1495699476323339,-1.4342205916912292,-2.2720303178687815,-1.0735749072483585,-1.347014002396046,-1.3710992935751667
RUS,1970,NA,NA,NA,NA,NA,NA
RUS,1971,NA,NA,NA,NA,NA,NA
RUS,1972,NA,NA,NA,NA,NA,NA
RUS,1973,NA,NA,NA,NA,NA,NA
RUS,1974,NA,NA,NA,NA,NA,NA
RUS,1975,NA,NA,NA,NA,NA,NA
RUS,1976,NA,NA,NA,NA,NA,NA
RUS,1977,NA,NA,NA,NA,NA,NA
RUS,1978,NA,NA,NA,NA,NA,NA
RUS,1979,NA,NA,NA,NA,NA,NA
RUS,1980,NA,NA,NA,NA,NA,NA
RUS,1981,NA,NA,NA,NA,NA,NA
RUS,1982,NA,NA,NA,NA,NA,NA
RUS,1983,NA,NA,NA,NA,NA,NA
RUS,1984,NA,NA,NA,NA,NA,NA
RUS,1985,NA,NA,NA,NA,NA,NA
RUS,1986,NA,NA,NA,NA,NA,NA
RUS,1987,NA,NA,NA,NA,NA,NA
RUS,1988,NA,NA,NA,NA,NA,NA
RUS,1989,NA,NA,NA,NA,NA,NA
RUS,1990,NA,NA,NA,NA,NA,NA
RUS,1991,NA,NA,NA,NA,NA,NA
RUS,1992,NA,NA,-5.55833413538187,NA,0.11517681636039079,NA
RUS,1993,NA,0.5814211474016676,-6.1379257574550055,0.8322291538590963,-0.18448190440318557,0.7159815387225135
RUS,1994,NA,0.37351817194475934,-4.264296917452797,0.6370765790088146,-0.5095039905323406,0.5210473864066931
RUS,1995,NA,0.29335202564060947,-3.7324517291332873,0.5554797016319959,-0.3317997726279409,0.4340628114408456
RUS,1996,NA,0.3050676100174732,-3.2621453858159235,0.5823899711918565,-0.3552248962428095,0.4536389905053524
RUS,1997,NA,0.3085180337544763,-3.4001462281332566,0.5722726148781716,-0.12046530900850261,0.43394853441657955
RUS,1998,NA,0.6998129976403322,-2.9949083950424575,1.0012063001016247,0.20555612469105666,0.838103956488783
RUS,1999,NA,0.9577238958029869,-2.8560557450957056,1.2888602622173608,0.5276905643229464,1.0818336336256922
RUS,2000,NA,0.7105447325286132,-2.986281626868912,1.040579478644138,0.27338511771170193,0.836286371488961
RUS,2001,NA,0.540778002424358,-3.2352085927182315,0.7398957059697722,0.8020423787414925,0.55862089936202175
RUS,2002,NA,0.4293762258440075,-3.749596187049966,0.5389089632435757,0.8703947866685915,0.3828267872404302
RUS,2003,NA,0.23521384161429615,-3.7584988622160256,0.2548163356875158,0.9392073268138013,0.0803579140020314
RUS,2004,NA,-0.07392255898334954,-4.063778730672457,-0.10177740204675123,0.7188180350963038,-0.27972152968773667
RUS,2005,NA,-0.17088956589298754,-3.513560920550751,-0.2524430169188787,0.7749435535224007,-0.4485328737970362
RUS,2006,NA,-0.28925294306337246,-3.977461884651245,-0.5082827276785431,0.7761223157376689,-0.7169540068052394
RUS,2007,NA,-0.32332555416384384,-3.1269714456046556,-0.6884175956153742,0.7611946416393673,-0.8989084209887586
RUS,2008,NA,-0.45036720645359074,-3.1542198151284087,-0.3411376841165543,-0.06049156781167442,-0.49849358933619237
RUS,2009,0.1604127247477528,-0.23108623583470633,-3.409562783385139,-0.23216828707030213,0.37017435911339125,-0.44717598470287934
RUS,2010,0.15635781234159107,-0.37684581811326545,-3.080591282307317,-0.47864473078425007,0.3221771056591545,-0.7033864726772879
RUS,2011,0.16471477680722757,-0.45219420840895796,-3.121127215396745,-0.4743348034781778,0.11806848405340387,-0.6800815510430438
RUS,2012,0.1964880228456577,-0.49146384149755135,-3.2024244076041026,-0.48210341115569255,0.0518129307559545,-0.707541557473379
RUS,2013,0.19530133193086663,-0.4577439323135996,-3.75444451171096,-0.4360820517236359,0.11475689303661119,-0.6986344224090735
RUS,2014,0.19994496266089556,-0.44665018658959643,-3.416436245761242,-0.37562145644666445,0.07016031746756202,-0.6416308212334426
RUS,2015,0.2031014933415003,-0.15389539712724654,-3.5000312168975896,-0.07180993238125977,0.3424996365459554,-0.3472351205552582
RUS,2016,0.20360747921443179,-0.0784097604335775,-3.3359981325827555,-0.04358906509376137,0.46562703830475916,-0.31875777019057006
RUS,2017,0.20456674406179787,-0.30393280510134735,-3.3558289332533655,-0.3028857994674585,0.3097267600817941,-0.6066924989454466
RUS,2018,0.21425296115955983,-0.3816436956109202,-3.096937694168336,-0.34248160562017715,0.16132030826412502,-0.6238058015132281
RUS,2019,0.21760366535855558,-0.42599452543328875,-2.933068276076968,-0.41038735950672944,0.1963739693500257,-0.7206618825521351
RUS,2020,0.1919519950888583,-0.4451492172685351,-2.0881090393427892,-0.3714501861941307,0.14214265161110173,-0.6745323101376035
RUS,2021,0.19867203367178088,-0.5083880361589778,-1.915256383592474,-0.3984039048960939,0.05342903341908034,-0.7230672216526368
RUS,2022,0.1914720048888663,-0.6697475762200097,-2.433576015319508,-0.3843021901140542,-0.38655949427033187,-0.69138856948712
RUS,2023,0.1798364443760837,-0.6629510588143357,-2.1179035551554883,-0.32240219031729944,-0.47030130495912914,-0.6367830240015374
RUS,2024,NA,-0.7539594785049841,-2.4344960260069457,-0.34321532835588175,-0.6570829790736739,-0.694768493036076
SAU,1970,NA,2.3507346973267826,2.5662675326230033,2.3657039140666223,NA,2.52338045890703
SAU,1971,NA,2.2242071004863084,2.4196812111015715,2.226162000733837,NA,2.392931759282178
SAU,1972,NA,2.050264931921145,2.246948553138215,2.0456439082093603,NA,2.214036619234564
SAU,1973,NA,1.763814367559681,2.0200444561733533,1.8351267885006206,NA,1.9190950483364366
SAU,1974,NA,1.9688032095137245,1.9583678872175914,2.0786103914784757,NA,2.116529542059453
SAU,1975,NA,1.9974584549757943,2.2756959969573285,2.0756198719851406,NA,2.1470081320851557
SAU,1976,NA,1.8106437725190672,2.9649975348113515,1.9010705506846453,NA,1.9547220125110094
SAU,1977,NA,1.7213696643277616,3.0586183461851233,1.8232393249437926,NA,1.8780399015106621
SAU,1978,NA,1.7224351751823572,2.963380409467023,1.8215718971443986,NA,1.8784333608747537
SAU,1979,NA,1.4407685675616624,2.6343361422364167,1.5420758020153067,NA,1.5885715973877494
SAU,1980,NA,1.5042518549517152,2.6349750428493337,1.5925328773634144,-1.4435619447802104,1.6460845137297193
SAU,1981,NA,1.682134677595108,2.8999637780149063,1.773253971551334,-1.567889149175997,1.823001147697376
SAU,1982,NA,1.9425976955503503,3.0796274963979156,2.0437002081004305,-0.5984740337151315,2.0828261703351565
SAU,1983,NA,1.9593191586848133,3.079720882659384,2.039123998869758,-0.35224830098011406,2.09383473967676
SAU,1984,NA,1.9235028868688349,3.0423476666048264,2.003407820793742,-0.166410508208922,2.05844439142931
SAU,1985,NA,1.8922282755947821,3.0679262732219783,1.9521093278172694,-0.25971329011646027,2.0323038601922145
SAU,1986,NA,2.0505246947438946,3.359511599790661,2.0809511819646103,-0.005583060179620958,2.1973059569907805
SAU,1987,NA,1.9703515499751276,3.4526470745787368,1.969299187931142,-0.11249038646169174,2.1271374724673113
SAU,1988,NA,1.9861217901423638,3.5574127636785,1.9193512355011562,1.02918719265876,2.121691600285906
SAU,1989,NA,2.0222276468763143,3.2034130863906314,1.933296444428013,1.0439299734352052,2.145962945849682
SAU,1990,NA,1.7634757678447157,2.9751246401648213,1.7341559958582011,0.7378094638575585,1.9029957225727134
SAU,1991,NA,1.5945315697441773,2.9554156016401785,1.5363705463549988,0.4997452245061118,1.7400965316215302
SAU,1992,NA,1.5030124510368106,3.1270544659068307,1.4631739188302633,0.5822260527160719,1.6550491883351452
SAU,1993,NA,1.4599141269159586,3.1129295211997876,1.359038961727483,0.49655726449505266,1.601986574676245
SAU,1994,NA,1.4015452258317416,3.228773487958672,1.2756498590369403,0.49995134778301376,1.5498187615355457
SAU,1995,NA,1.3769019232227253,3.3627429716239288,1.2008142587050266,0.3954160215963243,1.535106607216343
SAU,1996,NA,1.3391963316489182,3.3031480337141748,1.1526910379196162,0.3866613439331812,1.502150647320994
SAU,1997,NA,1.2920209803313822,3.3025646541188087,1.0923559217267902,0.27807544454855915,1.4512832264078421
SAU,1998,NA,1.3764402325749872,3.3679577691219746,1.1503861163956253,0.23813277934028187,1.5517543330466506
SAU,1999,NA,1.2141624229945598,3.0933993133547144,0.9113000076461809,0.0038720258083029258,1.3847798120816257
SAU,2000,NA,0.9812559408341017,2.99514635668146,0.7833983472796178,-0.028486514105154015,1.1485644811700628
SAU,2001,NA,0.9657497157246656,2.7758512460969023,0.8630497166028726,-0.11901526823401865,1.146914557218725
SAU,2002,NA,0.85707621119467,2.6398910442440124,0.8181855228422543,0.08307936437274943,1.0241896917966733
SAU,2003,NA,0.8910200924776869,2.5747380486580433,0.8537585995943473,0.011364940703454174,1.081997351559313
SAU,2004,NA,0.8566442572892153,2.369227375613865,0.8659844003651722,-0.18993526449169673,1.0563725931106598
SAU,2005,NA,0.4676870029650333,1.9272716409320891,0.37111631399815004,-0.5032862726749499,0.6726931210059884
SAU,2006,NA,0.36610516982737284,1.692426490470219,0.33958862509162535,-0.8402965111996306,0.6163120908112254
SAU,2007,NA,0.30099427788207356,1.4894403103138538,0.3255636423735683,-1.0953023653251117,0.5818206088333598
SAU,2008,NA,0.11375416634158975,1.3453034821494056,0.2632639345646678,-1.102844410458995,0.41752596943581977
SAU,2009,-0.092005999003277,0.27652883277311896,1.457250153904818,0.4391597611893856,-1.0947155361737984,0.6136336677281957
SAU,2010,-0.1247807563110751,0.18703521763693848,1.5984846421237227,0.29106139894211025,-1.160080517116863,0.5312637736895824
SAU,2011,-0.1191725081897359,0.04416118273919234,1.3793743182086593,0.17918950427861824,-1.272210218617457,0.4096967100941079
SAU,2012,-0.09847363690374178,-0.05244528164471546,1.2698342080123688,0.07450617948618055,-1.3567064738208965,0.32268527068284325
SAU,2013,-0.10507983566856138,0.06526097899157068,1.455767596066716,0.21048380836491964,-1.2971464660015117,0.44249189194972854
SAU,2014,-0.10501803746910765,0.18565151103631045,1.4491765408848443,0.32852504620924106,-0.9521315441681388,0.5373287333280434
SAU,2015,-0.14510645183497517,0.35391861523151225,1.5225221498151955,0.5406722982117659,-0.7682880439591555,0.6972471169706426
SAU,2016,-0.16627277078514413,0.42855572759731586,1.666280198874162,0.5840290372918489,-0.573783962312753,0.7653913642428765
SAU,2017,-0.22612547485304535,0.4432808012269779,1.6724717435565355,0.5610534690611539,-0.5779701878818131,0.776787058849752
SAU,2018,-0.18052528946317437,0.3396001621479956,1.53820668769048,0.5030178149524159,-0.6320760814017614,0.6771624536991473
SAU,2019,0.07551850819589512,0.4063765664232401,1.6473596765646246,0.5222940152195175,-0.54612964793549,0.7410828885762035
SAU,2020,0.03935330658994418,0.499767010986239,1.8063596564852358,0.5109073890595673,-0.4812207107592634,0.8328309542137234
SAU,2021,0.03081592189055027,0.4822009416491781,1.7417708926778572,0.41474803803257654,-0.47230870961981775,0.8039510683774846
SAU,2022,0.04199911781234411,0.328602162694294,1.5354385064323401,0.33477899015678536,-0.48809053690351667,0.6426932040685779
SAU,2023,0.012521078487870763,0.45104785682450893,1.7130199705550957,0.3460252843011261,-0.3759103276829836,0.7511433925035714
SAU,2024,-0.01640717694501037,0.52486877475395,1.7561280576206117,0.3415730299166533,-0.254299532768002,0.7982107348371124
SGP,1970,NA,1.0667656332546755,1.176292938491816,1.0562706527788313,-0.7128042431169384,1.2031574320780865
SGP,1971,NA,1.2795699971707966,1.2877260616694604,1.2697939711720823,-0.3771985951661607,1.4120406932098295
SGP,1972,NA,1.2239762327088828,1.1851534969487272,1.216404234410953,-0.27699462020559196,1.3514939572654654
SGP,1973,NA,1.1187354271186927,1.024018217792217,1.1517893609593566,0.19252155175276142,1.2022877228002466
SGP,1974,NA,1.013352898028972,0.7689068967512496,1.0311940430235402,0.3919745399780439,1.0597149630755827
SGP,1975,NA,1.1290225427451859,0.9947721937681684,1.122975999830031,0.7226573662688125,1.165528990789831
SGP,1976,NA,1.2677022855949849,1.9191652289434193,1.2703205280704324,1.095691943868581,1.2871277448252543
SGP,1977,NA,1.286818672093195,2.099114298253841,1.2557157607242417,1.605010760653749,1.277780824174606
SGP,1978,NA,1.31284639869301,2.110100843512747,1.249778408107326,1.8722675945026177,1.283279049550734
SGP,1979,0.05121164006499368,1.3623252465796507,2.167536542265545,1.2995940938285293,1.9877257361973912,1.328483072131116
SGP,1980,0.06739927449101746,1.3259756614879643,2.104630296629761,1.2536952854943064,2.060421667818408,1.2913685244076696
SGP,1981,0.043862230596855234,1.4291737406468144,2.3641601635716207,1.4189993705302502,1.6740963881247293,1.4546166374909415
SGP,1982,0.016633894087538126,1.2433147835042928,2.4069324981503164,1.1485060012881732,1.988079886746656,1.2085092012706549
SGP,1983,0.012417729339061712,1.158809663252767,2.3970393885315837,1.0544176855684637,2.012523666122044,1.1439330192962218
SGP,1984,-0.01714411757474965,1.2793375845222519,2.3497372611041643,1.234384261499608,1.9183440525567224,1.2973768795229337
SGP,1985,-0.0730657982163615,1.4335038310770207,2.5106841368527335,1.3632410841175446,1.9643649376082526,1.4478067008728546
SGP,1986,-0.05072960133966242,1.6233518385835162,2.675934686068318,1.5627337459944393,2.0891815676459484,1.6510802985684723
SGP,1987,-0.05775129090215314,1.6336481010011261,2.662275802239539,1.5838219406024023,2.036688455304865,1.6680572147551687
SGP,1988,-0.052985811807731986,1.6273506990122735,2.6695363676352555,1.5956164373464858,1.8678159657203892,1.6810412657659108
SGP,1989,-0.035171240592866804,1.8159591123489875,2.2947322314688705,1.8099849471007459,1.8637019741633019,1.86440548958887
SGP,1990,-0.03510234942190893,1.6431083609138128,2.1514371095317646,1.5641823233837846,2.351480334709193,1.6182909235557312
SGP,1991,-0.03561067947426999,1.5196975353157889,2.1886719120837865,1.4067324732791449,2.3068558134003356,1.4776716854073408
SGP,1992,-0.01886756183810756,1.4782220930892258,2.212597511324736,1.411336897525263,2.350491118445743,1.4457652883438932
SGP,1993,-0.0291289003405385,1.44870167460241,2.8226955616354754,1.1998547130314416,2.2678244549013216,1.4050275646002965
SGP,1994,-0.08269838355076997,1.649892001232907,3.1458353352344313,1.292268548803992,2.6686627414531863,1.535310381831121
SGP,1995,-0.13403420878274808,1.9718427831144691,3.4406719296387904,1.7409043584550332,2.6928636286451266,1.9294028806839396
SGP,1996,-0.19265930392334096,2.118597685594289,3.633632009449877,1.9041011903184941,2.7097953359514753,2.113244481908265
SGP,1997,-0.35091397508520805,2.5177527546646026,3.8346643311296478,2.481476346999598,2.64068147153651,2.5842499426043437
SGP,1998,-0.42592718514511707,3.0937519986849455,4.015605680727371,3.229034319306853,2.60506242324088,3.2315994088434694
SGP,1999,-0.3168737310169536,2.9982464253757333,3.9695512974553857,3.089409710153654,2.6316810681806553,3.116581095137356
SGP,2000,-0.3584320207774,2.8632955657821486,3.9809573911286784,2.9955620570063375,2.3799260632300667,2.993424240694572
SGP,2001,-0.41043608892976013,2.9405922744417583,3.8687889434489136,3.0303683977190197,2.816137913822662,3.0323895192887633
SGP,2002,-0.40357773140717434,2.9256554913881203,3.8100993986588714,3.0130665121395115,2.8791508184683177,3.0019328116657267
SGP,2003,-0.40378259387059334,2.9780447069312617,3.8685898650142407,3.0562109700722893,2.9444630249979533,3.063167559545282
SGP,2004,-0.3552645719925449,2.8879821976745594,3.745801269442315,2.940360984777489,2.898422156914562,2.961821986006375
SGP,2005,-0.3616450241894237,2.8839506831527655,3.4880748555963996,2.9529965031945995,2.939742426217887,2.963046557843937
SGP,2006,-0.31832520262162467,2.775060362744858,3.272811785250668,2.84735586904034,2.8862001079305255,2.8571009096609936
SGP,2007,-0.2590545691749613,2.7342091265836377,3.053226281749119,2.8510330592350948,2.7500155652958505,2.8369846557292093
SGP,2008,-0.3171201328990614,2.7571614247859255,3.2061462307976702,2.9082906668861614,2.6314642741206904,2.90175045039921
SGP,2009,-0.19008714173108177,2.618780296928792,2.9094251848057753,2.8042370549253164,2.52442815428334,2.760466948948445
SGP,2010,-0.2082662525678075,2.6053753029154363,3.145765280577039,2.776144241866617,2.497104682262208,2.7538210690695455
SGP,2011,-0.21567932654276945,2.569664181336609,3.088978759899321,2.7356438167981203,2.4376907964467778,2.7350215343615
SGP,2012,-0.20245557545333392,2.5653094291354432,3.195013469748319,2.7194018295137785,2.3926035733286266,2.7475465608255627
SGP,2013,-0.24642495758255745,2.534696540513965,3.227954967648096,2.703704766896073,2.382979928012389,2.709368001926247
SGP,2014,-0.238762347158176,2.5491683247301093,3.1448571632755256,2.705313743729435,2.4398582308057564,2.703808551032656
SGP,2015,-0.28491573673948156,2.5605977937509374,3.1415554008819377,2.6868534768852763,2.505212472169103,2.6861987058736796
SGP,2016,-0.3114308359822515,2.5226828326280217,3.1589270461904024,2.622127458279927,2.514393757411533,2.6338175586185546
SGP,2017,-0.3269877974838933,2.5581532441687322,3.1343790858529084,2.6306568832939585,2.6219484184106108,2.6388225567946315
SGP,2018,-0.3465872248512579,2.465745256583511,3.0968869776986274,2.573781529736399,2.441453972557304,2.5853997338596377
SGP,2019,-0.4059220722903676,2.4952104924711707,3.1363817840380586,2.567016085982329,2.5597301864034154,2.587549804167475
SGP,2020,-0.4712473634368004,2.5283983060747746,3.0807042962073132,2.5741829154622953,2.6874038755387604,2.585886302201141
SGP,2021,-0.4937040018378963,2.4445420859512628,2.925566676345953,2.4553166345084225,2.6502079938615517,2.4708716492084974
SGP,2022,-0.5291829330908602,2.402335616238688,2.9027728493295957,2.391852930757243,2.601460634083244,2.4277882910580457
SGP,2023,-0.5698407861632103,2.424790851771628,2.9122104153058297,2.394600820736221,2.651750888902808,2.43360268887646
SGP,2024,-0.5636635196384726,2.3605955049548446,2.7476377026560836,2.3456019440882385,2.610169444675588,2.349889669022169
SVK,1970,NA,NA,NA,NA,NA,NA
SVK,1971,NA,NA,NA,NA,NA,NA
SVK,1972,NA,NA,NA,NA,NA,NA
SVK,1973,NA,NA,NA,NA,NA,NA
SVK,1974,NA,NA,NA,NA,NA,NA
SVK,1975,NA,NA,NA,NA,NA,NA
SVK,1976,NA,NA,NA,NA,NA,NA
SVK,1977,NA,NA,NA,NA,NA,NA
SVK,1978,NA,NA,NA,NA,NA,NA
SVK,1979,NA,NA,NA,NA,NA,NA
SVK,1980,NA,NA,NA,NA,NA,NA
SVK,1981,NA,NA,NA,NA,NA,NA
SVK,1982,NA,NA,NA,NA,NA,NA
SVK,1983,NA,NA,NA,NA,NA,NA
SVK,1984,NA,NA,NA,NA,NA,NA
SVK,1985,NA,NA,NA,NA,NA,NA
SVK,1986,NA,NA,NA,NA,NA,NA
SVK,1987,NA,NA,NA,NA,NA,NA
SVK,1988,NA,NA,NA,NA,NA,NA
SVK,1989,NA,NA,NA,NA,NA,NA
SVK,1990,NA,NA,NA,NA,NA,NA
SVK,1991,NA,NA,NA,NA,NA,NA
SVK,1992,NA,NA,NA,NA,NA,NA
SVK,1993,0.09518320284417792,0.4372227753618414,0.6482398025558949,0.6312130041745707,-0.8304284251716361,0.5882494259056122
SVK,1994,0.09084661455396015,0.38613193535547385,0.6944155005900807,0.5902345288476156,-0.8722806159373939,0.5462468083444013
SVK,1995,0.05922097709709451,0.17220605397537714,-0.09089604374347626,0.43144488707188344,-1.379526275910548,0.34786381469487426
SVK,1996,0.09356441368924406,0.11988371000080345,-0.5464507974757984,0.3866091994225265,-0.8638967234237538,0.2841313854077008
SVK,1997,0.15002281394461636,0.09709474552695263,-1.5217449053724987,0.3829484312019702,-0.857371687898516,0.2537891090940767
SVK,1998,0.12189723115889606,-0.03790680373823352,-2.4947684985025096,0.2592519817787424,-0.5259610321776207,0.09988981837024768
SVK,1999,0.08681198614670782,-0.44207857940531026,-3.0033984130928806,-0.12929615307270015,-0.7263267009552274,-0.3318575383397162
SVK,2000,0.22929652195799244,-0.33105501255624203,-3.440574030590725,-0.015835685057975946,-0.638502979924652,-0.21888961647191252
SVK,2001,0.1769870662534082,-0.2616541054863042,-3.2696704054760457,-0.018016730296053884,-0.22033501790570043,-0.19754502772463578
SVK,2002,0.22607094439822872,-0.5018955302168732,-2.50214522815721,-0.371727383604034,-0.1485684504012461,-0.5204057622870297
SVK,2003,-0.002049890479410954,-0.49160517772336354,-0.6800633000766454,-0.46399790600116786,0.04825537224397802,-0.5707131240992289
SVK,2004,0.08211641479494769,0.2540350326807953,-0.6423120110807097,0.5007218277695028,0.13711632358039516,0.3521634851948555
SVK,2005,0.17905674782220005,0.1490235909944182,-1.3807460968031142,0.43073976223457366,0.0838653151683908,0.2516564257295485
SVK,2006,0.21736117895138474,-0.18352115454490914,-1.1491800436280957,0.06848073032493018,-0.08650024083281815,-0.09798027041155677
SVK,2007,0.17809210696582678,-0.1733433539635924,-1.2709842150944057,0.12866104561721448,-0.23370413185727745,-0.051847697306477425
SVK,2008,0.321046485590213,-0.2360927716015926,-1.5218241677700695,0.044923416758673174,-0.3530084649422527,-0.09379814518269258
SVK,2009,0.19105332141396614,-0.010163481342402858,-1.5223158840587248,0.3901032382215034,-0.3446037512374802,0.1934472011333882
SVK,2010,0.2069699660369485,-0.017408759429886955,-1.2422101695651717,0.4116001294436059,-0.42012202485182626,0.2058265054718207
SVK,2011,0.2979811639734015,-0.023009084556705472,-1.379700715287591,0.3591168157327007,-0.24993165671743456,0.17086087500953717
SVK,2012,0.16617299844622102,-0.03616430500425788,-0.8430921985856825,0.3736077978294926,-0.3645530621098001,0.19035306838725974
SVK,2013,0.1050072113493904,0.036177691127501466,-0.5503507096338041,0.4799555764336271,-0.3492145462873708,0.2753715274130878
SVK,2014,0.0969241423726494,-0.05629646328246868,-0.5129565449462605,0.4100533376372477,-0.6043983022295418,0.21203610382938298
SVK,2015,NA,-0.11198821938284009,-0.27552949385073466,0.2754504908510398,-0.4686048071869373,0.1056984176650202
SVK,2016,NA,-0.05704383912047839,-0.08096497271967351,0.24833107589897085,-0.1902148894623672,0.10020024899795743
SVK,2017,NA,0.16837308957660355,0.06324183358436741,0.5764665404734799,-0.20000304740645913,0.3909401617119145
SVK,2018,NA,0.11990391911191503,0.015135761786923663,0.5408280806453952,-0.3113593473053613,0.36438863068396055
SVK,2019,NA,0.04503660594233949,0.038333518833135294,0.47213324791990785,-0.35639987494974057,0.28582294237965344
SVK,2020,NA,0.03781092636858982,0.011309807761755941,0.46321467177729636,-0.32199842875467266,0.2682591300119328
SVK,2021,NA,0.1720355050860862,0.09347991094817831,0.6576792488945448,-0.3610416977564488,0.43062895688849184
SVK,2022,NA,-0.032941632278176286,0.17839043594411486,0.27410098154094187,-0.24574017656017366,0.15556670104809034
SVK,2023,NA,-0.12708541867421874,0.26412388214760707,0.14479576726719678,-0.40521456856926186,0.06890281007739607
SVK,2024,NA,-0.154692107962816,0.36434079862448465,0.06480304031264517,-0.4818526062183013,0.036777631701891744
SVN,1970,NA,NA,NA,NA,NA,NA
SVN,1971,NA,NA,NA,NA,NA,NA
SVN,1972,NA,NA,NA,NA,NA,NA
SVN,1973,NA,NA,NA,NA,NA,NA
SVN,1974,NA,NA,NA,NA,NA,NA
SVN,1975,NA,NA,NA,NA,NA,NA
SVN,1976,NA,NA,NA,NA,NA,NA
SVN,1977,NA,NA,NA,NA,NA,NA
SVN,1978,NA,NA,NA,NA,NA,NA
SVN,1979,NA,NA,NA,NA,NA,NA
SVN,1980,NA,NA,NA,NA,NA,NA
SVN,1981,NA,NA,NA,NA,NA,NA
SVN,1982,NA,NA,NA,NA,NA,NA
SVN,1983,NA,NA,NA,NA,NA,NA
SVN,1984,NA,NA,NA,NA,NA,NA
SVN,1985,NA,NA,NA,NA,NA,NA
SVN,1986,NA,NA,NA,NA,NA,NA
SVN,1987,NA,NA,NA,NA,NA,NA
SVN,1988,NA,NA,NA,NA,NA,NA
SVN,1989,NA,NA,NA,NA,NA,NA
SVN,1990,NA,NA,NA,NA,NA,NA
SVN,1991,NA,NA,NA,NA,NA,NA
SVN,1992,NA,-0.11889276355046308,NA,-0.005181551019197261,0.5294794335604531,-0.10374101391631396
SVN,1993,NA,0.03065408042881468,NA,0.16320292230567812,0.5599941620450308,0.04688500930755812
SVN,1994,NA,0.07561618088200084,-2.696992726542071,0.21202461982102028,0.5487123950818087,0.0991815194399619
SVN,1995,NA,-0.036288284731347265,-2.759699593690269,0.10723231780249032,0.3881321683080947,-0.011317593337230925
SVN,1996,NA,-0.07069733914342069,-2.9091396955923052,0.08075215832659621,0.37988055548087285,-0.045932774653713704
SVN,1997,0.19676014661002406,-0.23254001979354433,-2.983301617887382,-0.10749815399448015,0.30819570393911055,-0.24316771133090187
SVN,1998,0.1761094591745873,-0.34658697745742995,-3.1983095935080175,-0.17119639096726535,0.06046564387253772,-0.3318137342885934
SVN,1999,0.26731308571459733,-0.5381953776363545,-2.948842137059146,-0.3297088292913726,-0.1572035143906878,-0.5304732233840617
SVN,2000,0.2937113852064208,-0.4045191373252791,-2.4957983008845637,-0.2081498070691985,-0.043368952815554085,-0.4054228831001472
SVN,2001,0.2870848804514812,-0.21715556488830923,-2.9421676908908467,-0.020445796282202,0.04134265613650667,-0.19865037218578263
SVN,2002,0.3091750953924347,-0.16620575841734608,-2.4289028216520823,-0.03991178150958352,0.20603285363602009,-0.19049224431537892
SVN,2003,0.322905152757896,-0.15404108567087338,-1.1822009485088452,-0.051290134425132194,0.297045310525307,-0.1989969462852874
SVN,2004,0.2988640535983026,-0.09034083133968562,-0.5113551655830868,0.023840159769060953,0.24683196296830934,-0.09928504477365974
SVN,2005,0.23978215140048786,0.09886663654100636,-0.026092297322679592,0.21100051248014562,0.4180765784242544,0.11288658340012059
SVN,2006,0.21126582122528026,0.17758133644353435,0.3127257502666758,0.32477308406808136,0.28358664239380005,0.2609019549887024
SVN,2007,0.20316368717936395,0.5587437746795916,0.5116834175066041,0.7718420800631782,0.4819799195825296,0.6840446473769572
SVN,2008,0.291819896283657,0.4926853496286052,0.13395087417208007,0.7282660441362802,0.3897557902378277,0.6312727487287146
SVN,2009,0.20834099341639323,0.46999200354827597,0.2176044908095034,0.7426787877918609,0.34948012341712587,0.6193768520063112
SVN,2010,0.15461191920152495,0.4353497280418539,0.45262418040382446,0.7021515564736259,0.31831738594188463,0.5864480424900741
SVN,2011,0.11104761781436318,0.42278636620110543,0.3108538224163815,0.7202555266099838,0.22027876509690447,0.6096566878339043
SVN,2012,0.0784802791834257,0.45594500304969576,0.354963535569512,0.8007376058094502,0.147153193517511,0.6773608196524876
SVN,2013,0.07029376998502823,0.41649998890231965,0.44435140004893237,0.7968663070629396,0.049503873806399756,0.6512769249918758
SVN,2014,0.1233814524792522,0.4031337569121733,0.3243068376875353,0.8212360581761513,-0.0985148516021106,0.6621461901672764
SVN,2015,0.020405724814851478,0.46893522105983315,0.4840402268566062,0.8772069941135215,-0.059930705209977786,0.7254572599739356
SVN,2016,-0.0044410194079669285,0.3607697671669921,0.4168362654597475,0.7638550899382167,-0.12307811928356482,0.6135119654955712
SVN,2017,-0.020940954611010476,0.3722313553666931,0.3932385164217811,0.7812994957040029,-0.06875451448964975,0.6117918094288226
SVN,2018,0.025525860289777658,0.2875973193544783,0.2903673769460089,0.7026880000878403,-0.17629698865878374,0.5395552122910416
SVN,2019,-0.0037303741702297555,0.27687475293561464,0.24124408757002636,0.7092275032772748,-0.12789985415408678,0.518435368151594
SVN,2020,0.00394482515258765,0.3210129225151348,0.19609503266356842,0.7830243013963762,-0.12167695286009783,0.5698677605545144
SVN,2021,0.022846131442691875,0.2798990393841227,0.17728010576928077,0.7393115355561494,-0.12665016718629807,0.5125897585260996
SVN,2022,0.006383523117525991,0.35138695741224835,0.15646251802793998,0.7962702435804836,-0.05253711417063345,0.5899721003791852
SVN,2023,0.005463311865737619,0.34147607763444965,0.1089271104816758,0.7999433342246401,-0.09749327711805478,0.5753324718553982
SVN,2024,0.029902671298385863,0.30869012167035603,0.15269387930153822,0.7386420423591056,-0.07827265295545227,0.5136870474522773
ZAF,1970,NA,0.143644402181764,-2.3478365503670773e-4,-0.6580013806408296,1.050317975511398,-0.4230048541837803
ZAF,1971,NA,0.15720603455042736,-0.06594830041568223,-0.5429962169200402,1.1018506253298894,-0.32809137241109365
ZAF,1972,NA,0.18183282587262495,0.07450536798651264,-0.5253028414758241,1.2533842604621332,-0.2824650517337943
ZAF,1973,NA,0.3167410748587023,0.0785693700564929,-0.4682549269087568,1.4678700354096303,-0.33221273281949504
ZAF,1974,NA,0.27246170623045973,0.15635711362081928,-0.5085135298164092,1.4017546314216194,-0.38970470877041175
ZAF,1975,0.060036320710186386,0.1897281138269835,0.22750602997267233,-0.5896258672909851,1.4013183170988115,-0.43510387023755115
ZAF,1976,0.11192901439755876,0.24232346145875594,1.1676611667179744,-0.43863345217263783,1.5254075366904076,-0.31110378397795335
ZAF,1977,0.0458505580784635,0.1566677732275188,1.210215120079143,-0.6029851053038988,1.7465066420799658,-0.4733759598646916
ZAF,1978,0.04402013737854582,0.11635005007490618,1.0632091255913734,-0.6804023362985476,1.8717229109577445,-0.548727248505184
ZAF,1979,0.05654124568677954,-0.018948428115839633,1.257278473329654,-0.7892765263384698,1.7548050931998822,-0.6128980701158748
ZAF,1980,0.06611583049845937,-0.1607978749105825,0.934380557478204,-0.9166095245358279,1.7271385821066847,-0.7564496732457107
ZAF,1981,0.04766849184833,-0.2364338547086009,0.9467389105449611,-1.1570870558667092,1.6645279715114767,-0.9762988553409473
ZAF,1982,0.06588584584047452,-0.13653229296923497,0.9153426836932246,-1.2084968513304686,1.96103519885793,-1.015263840406567
ZAF,1983,0.06896821876681014,-0.33077096855864485,0.6130217672773828,-1.427771705973417,2.015693124511491,-1.2137937443963476
ZAF,1984,0.055153123198109055,-0.22209835880418471,0.7162737434491175,-1.6249739150565587,2.2245656713245077,-1.3314243354297626
ZAF,1985,0.0555401838788292,-0.023683419860583754,0.9210248017462566,-1.4819987489993003,2.2310938310024033,-1.0961157110000543
ZAF,1986,0.07991847082550863,0.05645206245154211,0.922406484674291,-1.224783829743986,2.2295142001297856,-0.8846928631536126
ZAF,1987,0.08763081751084922,-0.07722134924354984,0.7527289135230109,-1.3752326816612297,2.020838459182535,-1.0409827381472934
ZAF,1988,0.0826046802771927,-0.20759715262772227,0.8275955582469798,-1.5684079331627567,1.831302953783105,-1.1112852268696138
ZAF,1989,0.07909311985489931,-0.12642180599201414,0.5795531936106291,-1.4933999789996804,1.7002728166482184,-0.9945053218077793
ZAF,1990,0.07572668658438919,-0.24649218522933292,0.5089132704865458,-1.7940225756065742,1.8256365100098302,-1.2693531613868758
ZAF,1991,0.06673787377093976,-0.28693367200083264,0.6136624307957961,-1.9200759282975335,1.7608622471998125,-1.2841443828060988
ZAF,1992,0.07207879653175964,-0.33791835493386047,0.7291543402397576,-1.8912903398370113,1.8110966967766604,-1.360097668616195
ZAF,1993,0.06127227212379438,-0.3701827277048233,0.7063111288550026,-1.9190920181318398,1.683762484460667,-1.3257160651454725
ZAF,1994,0.059680495455853855,-0.3697414504123988,0.7974212244151362,-1.919406293961233,1.6122340031646711,-1.329911738206224
ZAF,1995,0.05643133166353642,-0.2755449972499959,0.9631575195103874,-1.8635706547906152,1.6102073966262864,-1.2320744738195333
ZAF,1996,0.044928957701445005,-0.25563237838879016,1.2993515626725416,-2.0044413172314863,1.5434418235029739,-1.0526254733109923
ZAF,1997,0.031610573532334096,-0.24970732189176137,1.6621515356008842,-1.7582080785004317,1.2600784253369293,-0.7447695171010036
ZAF,1998,0.021149207308762685,-0.06585735868309972,1.7824214005482202,-1.5582090019945811,1.3278156167512813,-0.5168326351838857
ZAF,1999,0.00579566773168827,0.329151065919809,2.2589373339501773,-1.1954783129756206,1.3812858990055321,0.09799502324597609
ZAF,2000,-0.04016782934803431,0.29948237835500313,2.550832771445058,-1.2273843338221446,1.1876613728877694,0.11180949430365406
ZAF,2001,-0.03444495037794981,-0.003169233116077308,2.2261249260306144,-1.2155729737491687,0.5730363107498317,-0.07830085508473017
ZAF,2002,5.42215936103041e-4,0.15996554719109157,2.394097662424188,-0.7923824082184867,0.7704178949959648,0.04883989982107262
ZAF,2003,-0.006670793506681316,0.02489919762973558,2.0617905553703206,-0.7593179220602368,0.4765809399322123,-0.020272070911121265
ZAF,2004,0.03185419712844495,-0.09859781384640753,1.7534869639028139,-0.9089694314407364,0.4933080743657472,-0.20167162734097954
ZAF,2005,0.0070435792740453085,-0.0720464568311786,1.6735044206797267,-0.9173177698813575,0.30393802102114664,-0.07513366268528343
ZAF,2006,0.025014070391182308,-0.13050147123909606,1.4335366221084347,-0.9443590779760311,0.2838315021032427,-0.1412162475917853
ZAF,2007,0.05391667950948975,-0.13182329639533347,1.2222435843334163,-0.9246356405499987,0.30274803262682126,-0.17292327067391944
ZAF,2008,0.03414524961478127,-0.06258541339902013,1.6679897662207248,-0.8971404453417287,0.27633646615514573,-0.08483978195854003
ZAF,2009,0.044141788975772145,-0.001844504873823205,1.596527253218913,-1.021387524217346,0.2981240635865081,-0.016427035117629774
ZAF,2010,0.020044536161313187,0.012968651096228856,1.7663804541635153,-1.037890688955137,0.21919618275785901,0.0420391975117308
ZAF,2011,0.016896947006163288,0.036989529818219125,1.6872144289431046,-1.0003101135203787,0.29787871182072423,0.03551912990692263
ZAF,2012,0.044830677106523,0.1304975165140559,1.7407706602815216,-0.9800210743358828,0.3716093165449641,0.13722349034456272
ZAF,2013,0.03926610320344892,0.22761731628827073,1.8584521010031776,-0.9556092691537437,0.5413207591765137,0.19210364320712225
ZAF,2014,0.05729425133359001,0.2920558148026655,1.7584631971504914,-0.9250092863659796,0.7087795677436163,0.17926397787158332
ZAF,2015,0.030474333873864112,0.3496440377652386,1.759424983617392,-0.9533561729928346,0.8213228030711532,0.1777004065715212
ZAF,2016,0.05707571811793444,0.4544712850150678,1.8748641085696376,-0.8916573368694429,0.9541187954411406,0.2563101068935585
ZAF,2017,0.06924504602102532,0.5127655833582792,1.6828947613573857,-0.9981082348096331,1.1696475801318655,0.15997496915964948
ZAF,2018,0.06566117073826805,0.32843214624770156,1.4786672160023124,-1.0971430239496864,0.9973427833538784,-0.05893667250262413
ZAF,2019,0.07294389745578411,0.2577254881763952,1.5375450925782046,-1.1359375902042803,0.8217401695956116,0.023824362158587298
ZAF,2020,0.07573673114554602,0.3413444918406869,1.4208351555254717,-0.9146924792360641,0.9933987840083159,0.04602547270304935
ZAF,2021,0.07874255294034727,0.22886105031964,1.35646481902333,-1.0795303746778229,0.7475626181604972,0.05184600808906892
ZAF,2022,0.08629669215710256,0.2507737226501379,1.4640388675967855,-1.0738960078290563,0.736298374368656,0.08512087822561099
ZAF,2023,0.05501834390726379,0.1568723253961864,1.4593377807357453,-1.069526312505456,0.4777607007170076,0.11321179856058156
ZAF,2024,0.058095565946911454,0.15221030275801045,1.3784275801508479,-1.0102337478991266,0.4602034784595922,0.11026547829145078
ESP,1970,NA,-0.43054991369531415,-1.8338857228219565,-0.3315727874182639,-2.2067908489460404,-0.2942812289264576
ESP,1971,NA,-0.3032351325156042,-1.933853711136721,-0.19902386338337097,-1.9847429374719097,-0.1698626976131088
ESP,1972,NA,-0.14511517840550603,-2.0836407262079923,-0.027208629379377847,-1.8368096942080232,-0.011207306488828728
ESP,1973,NA,0.053971590214752396,-2.1303433095052293,0.21473866703942424,-1.7150881448409727,0.17900283742953604
ESP,1974,NA,-0.2175670498894342,-2.165135975149253,-0.09182628680616745,-1.5889411581286552,-0.11644452461390431
ESP,1975,0.12271495117706643,-0.3702939177182305,-1.98442927667472,-0.26329432711950096,-1.354485002958703,-0.2825947948099836
ESP,1976,0.1425547384101562,-0.3796375876051368,-1.0826956351450852,-0.2893706472165203,-0.8156211145411199,-0.32987697202613564
ESP,1977,NA,-0.38041908724401186,-1.04054849492527,-0.290869025993858,-0.517423806244115,-0.325632351191389
ESP,1978,0.10178754470762685,-0.19049308831621037,-1.2009367019295638,-0.08660844729978301,-0.38238157715799925,-0.11776557833584089
ESP,1979,0.11445056427647182,-0.22250912540804002,-1.388522433877787,-0.11226178317367497,-0.4547946165308918,-0.14776213686065454
ESP,1980,0.14378149829050835,-0.09573486103542916,-1.3030225908612607,0.013682095032057084,-0.2770259710813292,-0.018154502144259066
ESP,1981,0.17005281048252574,0.05534942301921397,-1.0685236666665467,0.14979174557335262,-0.08147413583763896,0.12005185285323172
ESP,1982,0.14849918050582211,-0.11970205018023083,-0.8172717221560779,-0.05610298748939391,0.21839499023348985,-0.09021957912154832
ESP,1983,0.1434393110116411,-0.16535464927089727,-0.7883404460566013,-0.1355313144620034,0.6016300131986001,-0.16635255519085712
ESP,1984,0.13537895930860344,-0.09110654562880383,-0.44197016201128303,-0.060898288485977004,0.6349332704101154,-0.08520484921153448
ESP,1985,0.08831406063463265,-0.0991678703134149,-0.23731887049462408,-0.07188643347165069,0.5017561098512067,-0.09536063758551627
ESP,1986,0.09749612062381707,-0.2700834428903911,-0.14575279300333577,-0.25457418131491183,0.38669326290923767,-0.2717042457778538
ESP,1987,0.12240028191469621,-0.4142118986251666,-0.2954060868428918,-0.43201206974380124,0.3601497051629794,-0.44578334538311215
ESP,1988,0.12290908230833231,-0.524413154510126,-0.2656446395194232,-0.5671335572728717,0.30486938981090894,-0.573882473003767
ESP,1989,0.11655691966998294,-0.37926984884100245,-0.5978250934404832,-0.4045925353175217,0.21460785695074147,-0.4235466554743357
ESP,1990,0.1498544621979696,-0.38089896537169365,-0.7925153861696872,-0.39474051098429563,0.41929599888695845,-0.4267976582019599
ESP,1991,0.15386813931706245,-0.339960866438096,-0.6854214143216257,-0.36793610227357854,0.5524590352587988,-0.40937719179328047
ESP,1992,0.17748062632704809,-0.24837845753429022,-0.5500026284694917,-0.21344064656341222,0.5667230020674632,-0.2674197696207663
ESP,1993,0.16518829880447972,0.2392667738551455,-0.26010417523990714,0.333804656202741,0.7541775856480126,0.2579727352041792
ESP,1994,0.16731406082481293,0.26513766115379633,0.01826475044744047,0.33340098050369105,0.86125819901874,0.26515408454280576
ESP,1995,0.17362982950823402,0.39464281909157783,0.14116841557910487,0.4967481260958604,0.8167962173844532,0.4200409561673071
ESP,1996,0.17257403698147156,0.3391301883593335,0.21317820394988996,0.4218939101124839,0.8661600893804526,0.3481596983379798
ESP,1997,0.12156584220923394,0.39388832626739545,0.9410221200558926,0.38971387722273954,1.00461127486953,0.366094502475073
ESP,1998,0.07786184429015919,0.5718079181731078,1.1921764430631723,0.5790538446035147,1.1033568866892502,0.5567966464634251
ESP,1999,0.08769534689321423,0.6585005249384445,1.3552273339479823,0.5910308688439118,1.30933637015954,0.5949242039630029
ESP,2000,0.10857387743076496,0.817046514447814,1.921196752080283,0.6792644846598063,1.4690923426313987,0.7296106771540533
ESP,2001,0.1327878056061106,0.766923768754305,1.496293990039796,0.6697183487932179,1.4018250968606276,0.6697492873085169
ESP,2002,0.1807132049244894,0.829402819066256,1.2986996905216448,0.8399841277321103,1.251748361088874,0.7890996824143124
ESP,2003,0.22514702144364784,0.8696199990658436,1.230128481246504,0.9100105093301234,1.2479214515178503,0.8497363548251466
ESP,2004,0.22469908581538822,0.8421642305690339,1.192018443994542,0.8618467484015808,1.2454152085563939,0.811840740652756
ESP,2005,0.2510255851215636,0.8335124346891783,0.9855185029868352,0.8734600039114181,1.255737789730205,0.8155195121561858
ESP,2006,0.22494868427673587,0.8459542699320737,0.9852160663702645,0.8702349534707055,1.2872234198450163,0.8250417828250609
ESP,2007,0.23792317909794014,0.8031740227231415,0.7462785632055979,0.823245397343648,1.2394794617162197,0.7612887730628101
ESP,2008,0.3521280097343501,0.7804368636760289,0.43258355809953697,0.8031172292154525,1.1886969724374548,0.7224729646324977
ESP,2009,0.35181031212663527,0.7130161717497631,0.3500235953564239,0.775410234693694,1.0797427647914677,0.6619418622713953
ESP,2010,0.3450123319732469,0.6751049003148862,0.5954578907932797,0.6740452224208596,1.104196467354468,0.5794010677456212
ESP,2011,0.37970211033828666,0.6608369335223245,0.4251755931910206,0.6535030120011898,1.0741061488982546,0.5628728274671511
ESP,2012,0.3389608127019539,0.7056644007149203,0.55966557615392,0.7033550004010571,1.095235080847253,0.617410061536209
ESP,2013,0.3001968400984576,0.671010047226532,0.8585483303158246,0.6094735892133096,1.1000204327703682,0.5555635259889322
ESP,2014,0.2966427289354831,0.6068848932553617,0.8587000773891111,0.5480716831024147,0.9920185416563476,0.5171336143970346
ESP,2015,0.16930880278005667,0.7120517552673693,1.0902276626651968,0.6200948229282406,1.0756079738067035,0.6232474224825466
ESP,2016,0.13564448702197318,0.6629483015655707,1.056497150521902,0.5787475328134497,1.024599955947401,0.5757124975655623
ESP,2017,0.09738849673986155,0.7276635497644868,1.1646896570698935,0.6600586528806102,1.0541326832828037,0.6684751198748055
ESP,2018,0.08228379346873793,0.6751100509800174,1.109351487532229,0.6605574882015626,0.9376223370497213,0.6530957675868317
ESP,2019,0.04828775694998616,0.6686818589316036,1.1088443540030206,0.6855172123712849,0.9261384720533304,0.6651343360024454
ESP,2020,0.02329383296744514,0.7127432469187613,1.1388551615605786,0.7786973067379276,0.9172172990009653,0.7482926626502813
ESP,2021,-0.0033442548323864285,0.7116115148293548,1.1103006174451133,0.7873550805963193,0.8800812877521146,0.7560541113409553
ESP,2022,0.021764602756234708,0.758967019774472,1.0232214441771394,0.8543922139851371,0.9381446581898656,0.7947261855695458
ESP,2023,0.015230120449932605,0.7267215124162835,0.949266639993962,0.831433167160098,0.9147321384052358,0.7551684699749961
ESP,2024,0.02682065941784051,0.6881235417804857,0.8771300121264713,0.7970495118195031,0.8767515908614474,0.707197569423959
CHE,1970,NA,2.4612356620630718,1.8021426273820196,2.355161618107906,2.2968195086411995,2.436595962076293
CHE,1971,NA,2.491263067667412,2.1203272600048977,2.3579550396540725,2.4126164872412077,2.4705995970482104
CHE,1972,NA,2.408654138695886,2.110557004331592,2.275266204291996,2.431161484108859,2.39406474564241
CHE,1973,NA,2.3382180941205024,2.3191076706065146,2.2276910501036005,2.3417656926073214,2.3006569919875415
CHE,1974,NA,2.45558610934386,2.665246870115539,2.30911248555656,2.5269445746539354,2.389236079535559
CHE,1975,-0.34007072024768825,2.398289250121191,2.6060843672928944,2.261414807027305,2.5172217616461916,2.3484808985338974
CHE,1976,-0.26816030661646617,2.493090640069557,3.4257826119592414,2.4117366337928905,2.6460551149867335,2.4601934454156207
CHE,1977,-0.24875424008250224,2.5716476461373485,3.537211764761402,2.521020173226346,2.925318275161888,2.5560794944433884
CHE,1978,-0.2268850666321952,2.4317441877024852,3.1833422172824286,2.4018666897641734,2.843171382750195,2.4298397827927376
CHE,1979,-0.18662483960830267,2.362660536339639,3.0310249752210114,2.3454003210556085,2.7996823379835885,2.3624470226577894
CHE,1980,-0.22157639510558091,2.2620045811852956,3.003525933479992,2.2209613038721057,2.8523730684750697,2.2536108618953667
CHE,1981,-0.25556964949815086,2.4056582802615725,3.1422450950299496,2.3842748726653777,2.8194571585536607,2.4076140274010536
CHE,1982,-0.2573140550392675,2.3148992796716015,3.041454289417499,2.3184952713364706,2.728459144076246,2.334608188807788
CHE,1983,-0.30108275633749226,2.1007442867924264,2.9764349342120755,2.0705360103483743,2.7795286322864703,2.1125075072561463
CHE,1984,-0.34066969554613036,2.1404037345621987,3.082239580265777,2.1197203696034994,2.7097681127599884,2.1673285742251402
CHE,1985,-0.27865652407924,2.347814143754019,3.2204274768111394,2.315062736774408,2.8291605998730325,2.369042691955634
CHE,1986,-0.2524179985744599,2.2422190925599863,3.012543662768151,2.22259671342907,2.733961006664222,2.266332359959652
CHE,1987,-0.26554812926720195,2.2487492223864844,2.846731963594571,2.2596410878788604,2.655468259620263,2.282634857429696
CHE,1988,-0.2280677540890622,2.1817119738141377,2.731865235571145,2.1924638457643963,2.623700613700408,2.2077317737663487
CHE,1989,-0.2402455991758965,2.3182776382907013,2.56584685767201,2.3054830180376134,2.6215287792590267,2.330597707233065
CHE,1990,-0.2490513485836502,2.2231816248319323,2.396441323131054,2.2365030528691796,2.6909298982863517,2.2437097359725118
CHE,1991,-0.2459480031588941,2.2008118108599106,2.5435655211945996,2.2029133337333295,2.7149908175889372,2.2153065966987127
CHE,1992,-0.2603698489745194,2.0962552570112294,2.8521382640913258,2.0970072218893354,2.663114109394898,2.125806020801228
CHE,1993,-0.3226292337147739,2.1550393763693854,3.1107673072364213,2.0842588268116318,2.759823085181235,2.1576222172977424
CHE,1994,-0.32539865681050595,2.187782713577774,3.2326577303225568,2.116636045883229,2.7818986915288826,2.188211270942676
CHE,1995,-0.27909306028251124,2.1902263737163796,3.297683446382088,2.104245391741306,2.7805372369352037,2.18053529782414
CHE,1996,-0.30516802943135557,2.293427531257644,3.4099172525670407,2.2315150855758707,2.781743052089288,2.3106063011363744
CHE,1997,-0.2473482618823002,2.4239091842152423,3.639234066890698,2.3322593168181065,2.9119390744597586,2.4252628214529377
CHE,1998,-0.24474260161825445,2.4629566059177135,3.6195192525935718,2.412463917141732,2.8007623326772726,2.4924300125534247
CHE,1999,-0.26714017034559645,2.3534150706685666,3.466685030501309,2.2607918338789745,2.7132026548585686,2.3657875306274367
CHE,2000,-0.24510443530168646,2.4581659746162488,3.7712512974073116,2.3718577173949873,2.80802335533673,2.4600154544456925
CHE,2001,-0.3946716780806835,2.3939319451602845,3.5900660410477574,2.2864537155210973,2.764084626758445,2.3837965252866447
CHE,2002,-0.2692633186611222,2.391520399900723,3.5385178854775363,2.3332513202775114,2.6923280771683396,2.388327659327736
CHE,2003,-0.33278978601743414,2.3432661285140006,3.4372779259937274,2.2774923453451708,2.6301983160683,2.351617132585327
CHE,2004,-0.3414909152507245,2.2893729853320615,3.290900109031068,2.201227115602963,2.625020202788978,2.280900697348943
CHE,2005,-0.34711274431464656,2.312072586044392,3.017875381603555,2.2459942218595206,2.698474203904335,2.3057064010225243
CHE,2006,-0.3188831927381799,2.2812095422354632,2.846564104870605,2.2211590365069513,2.685282618327425,2.274280818003721
CHE,2007,-0.3335911633260382,2.3722569908966156,2.736127933006879,2.3917705328395726,2.6164499228894185,2.40663804635106
CHE,2008,-0.32609618892102765,2.277599811220829,2.703697069469368,2.252396558195736,2.5861285014234214,2.269865655945876
CHE,2009,-0.3787653057197349,2.181637666911181,2.509338652759614,2.153019688057479,2.504665759321971,2.154872970594961
CHE,2010,-0.33567256496909814,2.186751743479048,2.630777230125216,2.092390798941205,2.5945596861524893,2.1049591318010727
CHE,2011,-0.3598377541137078,2.103369268302481,2.475552755157497,1.9976413659750385,2.492168660610151,2.022582439430238
CHE,2012,-0.43077502164807446,2.10989834903884,2.4815378626348665,1.9995285735467814,2.4889520683419,2.029171099025865
CHE,2013,-0.4045505864989445,2.073563016461745,2.598659831905824,2.006035003716291,2.402167516575269,2.0285681477810646
CHE,2014,-0.3975815261344926,1.999818930604308,2.483546968212793,1.9006909610248015,2.3480270470108304,1.9354701239384564
CHE,2015,-0.37389924948434194,2.047731843774793,2.4957874464110543,1.9024888314299133,2.4409728906150514,1.9376520076082229
CHE,2016,-0.4203305951855376,2.090706390209665,2.5557412025421455,1.9125472756178294,2.5201070873370988,1.9524530658836015
CHE,2017,-0.3878666128260132,2.0966694768503182,2.5365919688802903,1.9127012811789337,2.5374931001865226,1.955485700998766
CHE,2018,-0.40220976440288847,2.033950760697637,2.4887549830585667,1.8049105753340626,2.5024946948978517,1.8615179188479947
CHE,2019,-0.37326209793614784,1.9961247809353666,2.4640537943913126,1.755308171241448,2.498722988928569,1.8190246343378331
CHE,2020,-0.3907127427584036,1.875618077050592,2.3598147945492447,1.589865180960595,2.4161152796805085,1.6889121402298812
CHE,2021,-0.36500196025335674,1.8789583338197131,2.332674984127113,1.6297059981940256,2.364161802477858,1.729206593442569
CHE,2022,-0.3961520071844098,1.859741398156075,2.3146912359905434,1.6144174527081958,2.3213246337810967,1.7138956285317226
CHE,2023,-0.4032332454939327,1.813147861013141,2.2651083925637803,1.5421351341106102,2.3011325022670914,1.6537535999941286
CHE,2024,-0.40917142384770133,1.7219368503288277,2.174974966026938,1.4371462105504729,2.208961016044924,1.5638679669068054
THA,1970,NA,-1.4657361584239759,NA,-1.3014738841978182,NA,-1.2930903968437284
THA,1971,NA,-1.162981745799056,NA,-0.9980005170957682,NA,-0.9942570870031866
THA,1972,NA,-1.031444984612059,NA,-0.8642597282079869,NA,-0.8676732972986398
THA,1973,NA,-0.9545803140764031,NA,-0.7524963149433437,NA,-0.7992996332996474
THA,1974,NA,-1.2265494394029592,NA,-1.0434812480759699,NA,-1.0788231068572305
THA,1975,NA,-1.3432353317383807,NA,-1.1579662656273695,NA,-1.1936856546290193
THA,1976,NA,-1.305418527765433,-1.8372203097901876,-1.122322860706927,NA,-1.1613402877734909
THA,1977,NA,-1.3819273318394556,-1.8042271523327802,-1.192701943696438,NA,-1.225257094656555
THA,1978,NA,-1.4138033344280512,-1.9862382046432234,-1.2391281476347626,-3.947200798368499,-1.265519603334964
THA,1979,NA,-1.3767797877557242,-2.3318954185745957,-1.2041525463465623,-3.6424847872418686,-1.2382407037857535
THA,1980,NA,-1.3813437170178793,-2.379735012025252,-1.215427869816999,-3.4186103779459787,-1.245734162785265
THA,1981,NA,-1.4429509968291974,-2.416082289663194,-1.2809531681014912,-3.501760144080821,-1.3099326081195173
THA,1982,NA,-1.5172460562192507,-2.4255023872288826,-1.3438809440666466,-3.4595832253929926,-1.3821466089474317
THA,1983,NA,-1.77244993781942,-2.3712816210246395,-1.6116968133199912,-3.3518028690224577,-1.6445578414982238
THA,1984,NA,-1.7968291328281891,-2.4542063725039416,-1.6320731404035445,-3.4758360399703836,-1.6658116031914745
THA,1985,NA,-1.7524676022298722,-2.82192489377079,-1.563913555011724,-3.582091119245808,-1.6156961914060208
THA,1986,NA,-1.6734257271910262,-3.334489408705015,-1.4535637922986773,-3.6185394997097866,-1.5277955581845128
THA,1987,NA,-1.8346630451479644,-3.7924026814189125,-1.6950755545481733,-1.6809095062968011,-1.7694029610188349
THA,1988,NA,-1.872391719885003,-4.956279448987228,-1.7108272614628566,-1.7850891346192506,-1.8014911021365552
THA,1989,0.10171536722862295,-1.616112861593535,NA,-1.4288449516572082,-1.9522533433674338,-1.529548164184729
THA,1990,0.09770686003720852,-1.941826794960567,NA,-1.8275278851043149,-1.5155027535686991,-1.914707746581047
THA,1991,0.08698662721662476,-1.8565741144599388,-5.028639819335024,-1.7388260455411035,-1.364411562083232,-1.8382740510338
THA,1992,0.09229004397270268,-1.9422916230642249,-2.822318130968025,-1.8598702795134108,-1.2559186511425429,-1.9343417878379268
THA,1993,0.08048471222751696,-1.4850129301563657,-2.8958649406745476,-1.3292377722125106,-1.214780582578057,-1.4300564702430218
THA,1994,0.07718295694951915,-1.4937309281916815,-4.473111434161601,-1.3655591437707844,-0.971997065246804,-1.4790657176202793
THA,1995,0.07718882716892217,-1.272692881352787,-4.163529431356301,-1.152967718289036,-0.7285724844016777,-1.2720227202348204
THA,1996,0.07873779307957829,-1.5061191555683255,-4.204487045967352,-1.5048379708902873,-0.5223814676050131,-1.6303139767743013
THA,1997,0.08576610547716901,-1.2531144907522973,-3.973701160535689,-1.1960549080988305,-0.46683926330690584,-1.3313140178223017
THA,1998,0.11944424652275465,-0.7545797855709011,-3.7418009420451503,-0.5947085759032769,-0.27838874851152706,-0.7557782225051155
THA,1999,0.14935897525632968,-0.8347052116358252,-4.013886356194691,-0.6246031905945615,-0.44174687278970826,-0.8296610737812276
THA,2000,0.14847918309895347,-0.8388649888333722,-3.961647568143577,-0.5870006249922011,-0.7111667755497306,-0.7899139378992437
THA,2001,0.14617566921367742,-0.7662677527417918,-3.538209153322273,-0.5555821677398682,-0.567203512352628,-0.7340649176731353
THA,2002,0.1529332906395101,-1.0180763302665028,-3.4889743554589847,-0.8521452658130715,-0.780502186297904,-1.0041430585425706
THA,2003,0.13941890257327294,-1.0723144834071143,-2.2135060898654975,-0.9286723651281386,-0.7309472601384903,-1.0803763917867084
THA,2004,0.1292498617786052,-0.9288603718690738,-2.0543809131656157,-0.7007099935290961,-0.9178660285429121,-0.8551346027461069
THA,2005,0.11394897935690029,-0.8033581488144447,-2.0513768643694466,-0.5375043172027834,-0.8240873139607383,-0.7089791700510719
THA,2006,0.1093349160809326,-0.8209877037158413,-1.9340629389179793,-0.5125024973900638,-0.9468284526025039,-0.6875206034110335
THA,2007,0.12704986698936216,-0.7658988459231377,-1.6822322367515241,-0.4018862555853413,-1.1819171175338354,-0.5766197050710773
THA,2008,0.13776809579380977,-0.8532170001115559,-1.6131894562153555,-0.582199925377503,-1.0019743322284023,-0.7027221868650197
THA,2009,0.140280549547677,-0.833926595687425,-1.60978331798772,-0.5368247913803812,-0.9005028007235321,-0.7007053449990823
THA,2010,0.13946007466775245,-0.8783053820980159,-1.3384492462048172,-0.6366128997661078,-0.798993140928187,-0.7947420057436024
THA,2011,0.14355828274188243,-0.7244559673397694,-1.1586426187786913,-0.69629340255611,-0.3257000489388264,-0.812145897331829
THA,2012,0.17981849921678628,-0.6431944635450983,-1.166019321207735,-0.6297412056936582,-0.21213462415377093,-0.7625200472077927
THA,2013,0.17408264637457393,-0.6136812015528363,-1.2280908385100622,-0.5645333514453146,-0.16841819680487347,-0.7417265738562082
THA,2014,0.18019315718693563,-0.4729721424375135,-0.7925089329797852,-0.3970376664170905,-0.11417474939834804,-0.5444448133944507
THA,2015,0.16165181245584026,-0.429446799029786,-0.6294179490654783,-0.4114106712815844,-0.03551497504736889,-0.5400347966893093
THA,2016,0.16308981162676206,-0.3680894050774557,-0.5423480594394783,-0.4190780230371851,0.10054146023519528,-0.5388344860122866
THA,2017,0.15507714683645368,-0.3075064884383957,-0.37051285919702526,-0.35002006607431535,0.148985579790607,-0.46125682648391464
THA,2018,0.1658206087932964,-0.3305960130194588,-0.41741047100794093,-0.40284964543858615,0.14303282437118425,-0.5074830098323809
THA,2019,0.15464521432991496,-0.3905898617649104,-0.2951142768275665,-0.4746877904355774,0.09635891956984599,-0.5542446549373898
THA,2020,0.12789134667866908,-0.37381789220375905,-0.11988353331347046,-0.6207857405325349,0.22136032139216666,-0.610780741908513
THA,2021,0.13023208023544375,-0.26592387562765074,0.04339924429427766,-0.5868449660534185,0.3323149709927711,-0.51492351792833
THA,2022,0.13889344516664492,-0.16281376714513854,0.04283821449390235,-0.433005310085145,0.40924292216106983,-0.40797640988076755
THA,2023,0.10790355914036343,-0.19650697091236963,-0.013867677992290162,-0.5319616892572899,0.4402934211790458,-0.49279975158011136
THA,2024,0.10839518451317787,-0.17912613666824634,0.061453989000733955,-0.5516935634661188,0.46457332496878767,-0.473488856004562
TUR,1970,NA,-1.0429005757425691,NA,-0.8786383015164114,NA,-0.8702548141623216
TUR,1971,NA,-0.8508525135572791,NA,-0.6858712848539912,NA,-0.6821278547614096
TUR,1972,NA,-0.9422257371667051,NA,-0.775040480762633,NA,-0.7784540498532859
TUR,1973,NA,-0.8671390088933966,NA,-0.6650550097603372,NA,-0.7118583281166408
TUR,1974,NA,-0.9972352517819827,NA,-0.8141670604549933,NA,-0.8495089192362539
TUR,1975,NA,-0.8122263696289362,NA,-0.626957303517925,NA,-0.6626766925195748
TUR,1976,NA,-0.5970865009794157,-3.872001979222203,-0.3953402805711459,NA,-0.4530082609874735
TUR,1977,NA,-0.8919199658357577,-5.279615308894639,-0.685776935517028,NA,-0.7352497286528572
TUR,1978,NA,-0.8969193553868817,-4.101373535472316,-0.7000443917285324,NA,-0.7409211696944853
TUR,1979,NA,-1.0958906091169323,-4.4434268635017675,-0.9046482932857076,NA,-0.9480875792908452
TUR,1980,NA,-0.723964302456394,-4.645374302032277,-0.537357406717879,NA,-0.5779646256016107
TUR,1981,NA,-0.6747036178207277,-4.920598597993179,-0.49223932326698483,NA,-0.5304308627360892
TUR,1982,NA,-0.6348469612327676,-4.986007091890147,-0.4394124392400327,NA,-0.48839756651766697
TUR,1983,NA,-0.7159241769436775,-3.5267533486666576,-0.5261260754895765,NA,-0.5753128166472306
TUR,1984,NA,-0.5184213030479006,-3.4520097730278634,-0.32655841326343626,NA,-0.37580291264112575
TUR,1985,NA,-0.7812701242526947,-3.541714768522932,-0.5688250242845809,NA,-0.6325584820351453
TUR,1986,NA,-0.8951977456699989,-3.898891218537462,-0.6574885114152127,NA,-0.7386639659375895
TUR,1987,NA,-0.9878598180035039,-3.2809286706761185,-0.7451107226391023,-5.049524577630123,-0.8220999853079582
TUR,1988,NA,-0.87836747226733225,-3.0799541399599644,-0.6229665536948292,-5.174872890482975,-0.7105188233531372
TUR,1989,NA,-1.0608783040062653,-2.9059047403591807,-0.8105222731208273,-5.547759485736091,-0.8985922070069412
TUR,1990,NA,-1.3723404708014129,-2.5169256724486777,-1.1379400992594058,-4.667708692665993,-1.2040992045478516
TUR,1991,NA,-1.212644784529829,-2.1263807621046436,-0.9664997400805018,-3.9952570871305655,-1.042341713487088
TUR,1992,NA,-1.1094911577292812,-1.8543020797128822,-0.8591365151319093,-3.214493186140471,-0.9343744030742331
TUR,1993,0.06322503490720477,-1.102193750750277,-1.7388689910087773,-0.8521713240079596,-3.111687423485348,-0.9381252255712136
TUR,1994,0.045091123358482865,-0.9031174725003281,-1.2933505419022966,-0.6523343488329152,-2.5733723706595453,-0.7337777022324141
TUR,1995,0.03422040786631009,-1.0973334992045318,-1.2548850475077744,-0.8475153531427595,-2.456163719780789,-0.9264760494653057
TUR,1996,0.04631634958913433,-1.1166739406868629,-1.2955487605728289,-0.8565513654018277,-2.4094666861594844,-0.9416588807721615
TUR,1997,0.06926434475247345,-1.1359672872289213,-1.2589233294887636,-0.8870012807992529,-2.0979223724127505,-0.978940779546623
TUR,1998,0.07877169399934425,-1.1555687563544161,-1.3466026310772254,-0.8895644297659366,-1.8488027268185716,-1.003047652008899
TUR,1999,0.13348650904445403,-1.0734149809104028,-1.3912570101490545,-0.7903118886953804,-1.6116134943563338,-0.9403359844147245
TUR,2000,0.1275412726543511,-1.1635540049235709,-1.3938879243407674,-0.9031065037557322,-1.4092257877419572,-1.0585744602087896
TUR,2001,0.12046716841370886,-0.7916252635173768,-1.3202491376114547,-0.5469653990471033,-0.9824427936990614,-0.6901501594328736
TUR,2002,0.12428378208541002,-0.9593267618814288,-1.5397985330066044,-0.7486521093047973,-1.0558493940148659,-0.8741141112412976
TUR,2003,0.12065125455583825,-1.1489573569331486,-1.7629838086944445,-0.8900049469359952,-1.3791681579977597,-1.029517328292471
TUR,2004,0.11748596322329241,-1.2416401135899278,-2.056575701955753,-0.96463654278155,-1.56146860893378,-1.111581797176918
TUR,2005,0.11114765777950197,-1.328654967704562,-2.4764065638329917,-1.0268484338160917,-1.5757479667361873,-1.1963692017474103
TUR,2006,0.1101295737853969,-1.2304748054568464,-2.676487772153449,-0.8382984920309893,-1.851588159241179,-1.0263477903920049
TUR,2007,0.1396419582069235,-1.3431173692804688,-2.995844775486911,-0.9267896022687614,-1.9313179375529317,-1.129857757484324
TUR,2008,0.15158726774544984,-1.1598917100827313,-3.119912002614109,-0.7854544187424755,-1.654683477801489,-0.9381609462780884
TUR,2009,0.15549620001809628,-1.2069393426847483,-3.105821687813159,-0.8104969925324934,-1.4892287226633163,-1.015245324376533
TUR,2010,0.15405100337633604,-1.4290864095848739,-3.0860553469963516,-1.0313215248866476,-1.6554884254822768,-1.247278612428849
TUR,2011,0.16133095031422928,-1.486396062059041,-3.1994857571071678,-1.1500807050578956,-1.5436433489245973,-1.3461253585987603
TUR,2012,0.1968684664131919,-1.5804349431878992,-3.2858114375046017,-1.234907409001617,-1.607533171398342,-1.448674191871894
TUR,2013,0.18464768583862323,-1.7074426036011356,-3.199362681063308,-1.359417074966656,-1.6755481300960788,-1.5994067407826735
TUR,2014,0.2004167305054324,-1.617978536492703,-3.2251936402210695,-1.3105166700130266,-1.4938963885071452,-1.556676901398248
TUR,2015,0.19654199906253011,-1.5983319274556111,-3.195400079421786,-1.2623917795729276,-1.547747663887682,-1.5150728860059246
TUR,2016,0.19445485368536775,-1.5674202586700545,-3.3047562367017553,-1.2177862302196867,-1.528637058642062,-1.4758489203768423
TUR,2017,0.19869927086033978,-1.5448625602092412,-3.2558952199063342,-1.2127202259982781,-1.4074751947649469,-1.4979362382775512
TUR,2018,0.2084408757706181,-1.3788710239701798,-3.277511982334477,-1.0009303472771853,-1.3666529589815455,-1.2741139524223897
TUR,2019,0.21299618747479443,-1.3875020448932718,-3.2034566378477516,-0.9953877374066452,-1.314590739103429,-1.2987899675379038
TUR,2020,0.21530997393372187,-1.50774292799017,-3.1804749603360984,-1.1245501222770762,-1.3696673117420946,-1.4406393904216162
TUR,2021,0.2150962507789287,-1.4552912607124564,-3.209134923852264,-1.0136249311314127,-1.3777028346589293,-1.3705242699878186
TUR,2022,0.22904616092756103,-1.485364099577015,-3.3770946260436805,-1.0893370168310146,-1.4029797545497023,-1.4037226274879089
TUR,2023,0.21935962627677408,-1.6728512455910733,-3.5113145854383094,-1.3189913019472366,-1.4760482932599677,-1.6487368583764113
TUR,2024,0.2392546392993199,-1.8078659474925698,-3.492687998344232,-1.4413469340685574,-1.613817934230713,-1.7913326101490208
ARE,1970,NA,NA,NA,3.2850381580350843,NA,NA
ARE,1971,NA,NA,NA,3.074170154403944,NA,NA
ARE,1972,NA,NA,NA,2.7340925992573175,NA,NA
ARE,1973,NA,1.6701795865889748,NA,1.8722635857220342,NA,1.8254602673657305
ARE,1974,NA,1.596945075262589,NA,1.7800132665895785,NA,1.7446714078083179
ARE,1975,NA,1.5578610434588547,NA,1.743130109569866,NA,1.707410720568216
ARE,1976,NA,1.321593904340114,NA,1.5246105488931745,NA,1.4656721443320562
ARE,1977,NA,0.9270512514516227,NA,1.1335184460291465,NA,1.0837214886345232
ARE,1978,NA,0.9384164837273681,1.4654091733623398,1.089211743325817,NA,1.0944146694197645
ARE,1979,NA,0.8798077720586084,2.249557352294874,0.9626201814353812,NA,1.0276108018846954
ARE,1980,NA,0.8339477696852005,2.6566349752218064,0.8229149447468649,NA,0.9799474465399838
ARE,1981,NA,1.054828434011414,3.1694574790210583,1.0063579739361337,NA,1.1991011890960523
ARE,1982,NA,1.3021598840914799,3.5324092017647235,1.2088650508963537,NA,1.4486092788065805
ARE,1983,NA,1.746436482691482,3.6728447681781784,1.6851971161149901,NA,1.887047842987929
ARE,1984,NA,1.850782086067488,3.8431010101450385,1.7708350661132701,-3.7521916485379716,1.9931725126597586
ARE,1985,NA,1.888509708392732,3.9165031181810055,1.7217515970818245,-3.23629714521733,2.036781365344666
ARE,1986,NA,2.2142223890365758,4.299474433373159,1.959970874282709,-6.151199186734862,2.370738512278548
ARE,1987,NA,2.1785986361544785,4.340777177038033,1.8893115958251856,NA,2.3457904630598847
ARE,1988,NA,2.3765761091474076,4.497452867843054,2.0773005145996124,-2.2070097753366045,2.5447160567528275
ARE,1989,NA,2.4724085632869186,4.098247722913328,2.2190039339200944,-2.5103818750974467,2.635150897392183
ARE,1990,NA,2.285105341528175,3.9337104617690333,2.1300267208931203,-3.828035258376502,2.4564101237530664
ARE,1991,NA,2.302149267652699,4.068275445604976,2.0957495894115685,-3.4985728629550827,2.477711050044303
ARE,1992,NA,2.1511681107544183,4.214841212861708,1.958584543253663,-3.15959483931635,2.3358901970034576
ARE,1993,NA,2.079485102626535,4.170907322726077,1.7682081216339012,-2.787576023464063,2.2545974742989388
ARE,1994,NA,2.0156030736701736,4.2108895344634645,1.7119613734088568,-0.7798571907129035,2.1970397490408238
ARE,1995,NA,1.9876296988319262,4.3208364759451445,1.6054268932629265,-0.8648577018387194,2.179532974697692
ARE,1996,NA,2.019402339809578,4.251677291777399,1.692341307052857,-0.8888558862190821,2.217839012964483
ARE,1997,NA,1.9942292223992637,4.296455564829593,1.6202905235564873,-0.9585313247895102,2.188691656653009
ARE,1998,NA,2.067237319428094,4.348429314738159,1.623681618181757,-0.9781676939684312,2.276206837183519
ARE,1999,NA,1.921094161083761,4.107446376301439,1.2776289197002204,-1.0551858307901831,2.123084113069423
ARE,2000,NA,1.6001195181553716,4.031594614608872,1.0145831589768515,-1.200890126615083,1.81038929741303
ARE,2001,NA,1.6068293876869901,3.8193446702762324,1.2488511133434526,-1.1979044802609153,1.830597026823074
ARE,2002,NA,1.336126919120468,3.7093463219638956,1.0007918634791728,-1.1533509660801338,1.5676807080209862
ARE,2003,NA,1.3498413186226,3.6568897527528286,0.8895027628325095,-0.9615849708917525,1.5966886772051603
ARE,2004,NA,1.269469130127599,3.478095869859007,0.7754029129965965,-0.7044046682232499,1.5065621173464387
ARE,2005,NA,1.2373557558446506,3.150209753505435,0.7543047727998511,-0.42041054107573617,1.4746342021395977
ARE,2006,NA,1.1850913257410722,2.929014788433945,0.7683520652918515,-0.07749407199646718,1.438386377578142
ARE,2007,-0.5416800596432166,1.1718491467364693,2.721777239785793,0.8263627628544764,0.1485997628714073,1.4286347922915814
ARE,2008,-0.44329967658833813,0.8755529670323706,2.59247557682646,0.6263002369967977,0.30947319884941393,1.1086614034647004
ARE,2009,-0.4551633471227934,1.0207719538583437,2.6752458594728608,0.6816075911837607,0.3294027565987514,1.2886918726903782
ARE,2010,-0.5009414185397476,0.9239304309628169,2.7121441921633824,0.5503467363378498,0.1948661973058805,1.2041183722311528
ARE,2011,-0.5513086895114877,0.8000170064644416,2.541144585634524,0.4631917252298219,0.03911876883848375,1.1043213218778625
ARE,2012,-0.546283841489579,0.9038175504311966,2.5279339483677665,0.6917688846745476,7.058416171576987e-4,1.2368543156314469
ARE,2013,-0.4950474964529894,0.9710632597139344,2.7698147374350515,0.6154978712231809,0.02202455256373881,1.3076351486386044
ARE,2014,-0.4814222680587438,1.0540334153282074,2.716517225675201,0.8009567986367783,0.04039882683761831,1.3924666813159254
ARE,2015,-0.48393927705985795,1.1754056368862265,2.7535241093568024,0.976506136044507,0.28399382590123046,1.491725807744535
ARE,2016,-0.4817613298876162,1.1797628558017836,2.8097188156641875,0.9625988017208907,0.31372035512226737,1.4991139062354475
ARE,2017,-0.5018284277325237,1.2287177919182939,2.7554858460938587,1.0221486625465708,0.37153051154968075,1.5416883850704846
ARE,2018,-0.4657133101898253,1.1233901804052233,2.6399140314735337,0.9800042131759286,0.3368457221817136,1.43540898632623
ARE,2019,-0.4957217816547259,1.1697889278144147,2.6803993687053964,0.9641776862556299,0.4268152249175683,1.475657327869814
ARE,2020,-0.4837296844904716,1.3183297956339661,2.781114826167066,1.0595547318247935,0.6286602247982608,1.6123391299780707
ARE,2021,-0.35891131349642325,1.355157372569604,2.713923314288586,1.0652340672402745,0.6621339826018959,1.6413865916404389
ARE,2022,-0.20011892146338484,1.1854804577596663,2.473891428399611,1.0238617429855823,0.6166573185120129,1.4587140122642925
ARE,2023,-0.23474617822524213,1.2901362439857555,2.578284054568709,1.0767470905809369,0.6844079467536744,1.5561782537466473
ARE,2024,-0.2468623906699191,1.3684087772092597,2.58946052423454,1.0718222622879683,0.9083071070155827,1.5886655609135116
GBR,1970,NA,1.8221115098422858,2.0865060059952683,1.4501378002367502,2.0663597620650895,1.6808322114616767
GBR,1971,NA,1.8666207540865665,2.006146980732292,1.5333237555845458,2.15954895835498,1.7474257762542154
GBR,1972,NA,1.8650898095396242,2.049141931971991,1.5750913026966789,2.143783704364358,1.7917968192916836
GBR,1973,NA,2.054752569178083,2.0889891433070913,1.9037822118929655,2.1860263341707604,1.9877859347068032
GBR,1974,NA,2.115158178756862,1.8101994984289433,1.9900294986848206,2.284769192325471,2.023853869188727
GBR,1975,-0.0500594605085245,2.0379099861951677,1.8123419422313494,1.9224796809753308,2.2496847043252375,1.9664042401962853
GBR,1976,-0.027483819896534478,2.093297312981382,2.665224927436677,2.0129742350081927,2.3899372374331582,2.030030304680115
GBR,1977,-0.039125684476849054,2.0440365779826384,2.6962487752520046,1.9785267547241019,2.5705110829565125,1.992368971774928
GBR,1978,-0.0584711103760005,1.954344537753442,2.5935572762929078,1.8842680418665418,2.5943194773252367,1.9075247136767446
GBR,1979,-0.39703103191327294,1.846798431922082,2.4345703254569866,1.7905285900929746,2.5105118493396503,1.8051462606664277
GBR,1980,-0.48387038883032063,1.8204431394181588,2.5734666684992904,1.7664913813598917,2.4751217655668514,1.8008981494810925
GBR,1981,-0.10373623279245858,1.9947127549540908,2.8245761351810756,1.9565834483301165,2.470267676020476,1.9868778888784078
GBR,1982,-0.11156954054947588,2.0327240224382046,2.9297913884615925,2.0112603276054477,2.527300724806679,2.0409645553123945
GBR,1983,-0.13370284407492994,2.0320197402692957,2.982439932944753,1.9927160342037,2.7205731433885076,2.0424320502068487
GBR,1984,-0.12692333318881743,2.074652900683305,2.953984234311037,2.043110903369899,2.762836679730697,2.0859822117025764
GBR,1985,-0.1206565633140132,2.0517808975579723,2.9025872497288283,2.0218449191457135,2.5327326572949307,2.0730630988863568
GBR,1986,-0.12021821700487989,2.013871408773325,2.8869010039896317,1.9916732106967792,2.4272958375876423,2.0485939281434096
GBR,1987,-0.06872355793777019,1.9236745073505113,2.6725189962557163,1.9074224449113102,2.384357064526028,1.9496221169075587
GBR,1988,-0.1061769408914327,1.826892295003864,2.706544395888465,1.7779938007306042,2.3429052224268343,1.841030660385401
GBR,1989,-0.13804807283156428,1.9281640729979408,2.5554048820064788,1.8588597702492744,2.1929940320408097,1.9466148633162628
GBR,1990,-0.11517400806954736,1.8682362019600147,2.4389739324466264,1.833130825674803,2.33017100229009,1.8897084993343602
GBR,1991,-0.13405052625058478,1.788511728131057,2.5427288290440817,1.7395845908820682,2.2378807938804552,1.8139336649085982
GBR,1992,-0.11397002982605609,1.6893648178626546,2.6380604962520606,1.6722497147336948,2.195995336616507,1.7287064394250493
GBR,1993,-0.1535866808155737,1.8755465686797637,2.8377280982475908,1.844230869813894,2.2794303326505165,1.9119679822506197
GBR,1994,-0.16146137532662042,1.8406822889431318,2.8796957154856764,1.8163905522119537,2.2257252697464254,1.8791213417164823
GBR,1995,-0.1660805819938731,1.9046499851500145,2.9865549890255316,1.8922750678282914,2.2049865612704975,1.9514134530895697
GBR,1996,-0.15781748898739356,1.9910190797538854,3.0496242983893405,1.9980585225852545,2.218065781570905,2.0543894437084216
GBR,1997,-0.1441011060411609,1.9579078483865209,3.010038425947629,1.9920432333860825,2.0294787439558855,2.0315442439455986
GBR,1998,-0.11883086142538157,1.8768061915134913,2.802699025604766,1.9148092896702325,2.0679885049030915,1.933657797550857
GBR,1999,-0.12224841922044816,1.873971664319095,2.685363751627072,1.8074762021600417,2.4446710173522948,1.8341742640535157
GBR,2000,-0.15681486370815567,1.949199664043396,2.82049534080687,1.9027668327693061,2.522560775880936,1.8885000644934362
GBR,2001,-0.17995220258892453,1.9694236496728421,2.716212516449289,1.9439939059056983,2.4227722413712325,1.935139941573441
GBR,2002,-0.2011812646167932,1.9312351317392658,2.7578380225540813,1.889337714475598,2.361768454852351,1.8882122542951265
GBR,2003,-0.22208448368153577,1.9647462449984512,2.642522142273604,1.9787801945203713,2.287705849180362,1.962365211823875
GBR,2004,-0.268434163212134,1.934012402069421,2.5759314752380877,1.9768832404770957,2.1349425969235774,1.9637503103519358
GBR,2005,-0.2970148082345,1.971799726773599,2.459775685537026,2.0483132552260996,2.09612108268266,2.0359556522882807
GBR,2006,-0.3210916643884827,1.9777356389584613,2.394200475851018,2.1073960651576824,1.9538962556235777,2.09086832124016
GBR,2007,-0.3501506620507371,1.9851348149775652,2.19405226075651,2.180747676592696,1.8032838595056437,2.133085439373252
GBR,2008,-0.37926521117888934,1.9786531027502812,2.2449595545985135,2.1764401238817705,1.7881656683533769,2.1394116401669763
GBR,2009,-0.3542582918275484,1.9725747810834617,2.3041255804040417,2.2131095271318855,1.678471097789677,2.1670357579084927
GBR,2010,-0.4093074883140735,1.9942880064236292,2.461590733389028,2.253386799606065,1.6628546156565132,2.2018510150286317
GBR,2011,-0.31435199984317275,2.0174756451423206,2.3393587136412703,2.311803747250403,1.6167355551783156,2.2553894164641344
GBR,2012,-0.3201362049542771,1.9164171039636333,2.3517628978220655,2.193963422929251,1.5338135691172627,2.156412089960753
GBR,2013,-0.3187219709683612,1.8513593903905845,2.472250595463424,2.1095373656152456,1.5144902520277128,2.0786809223114577
GBR,2014,-0.3552340569164232,1.7094593358247083,2.3092916583389864,1.967639090143661,1.3206621229959452,1.9435183640843432
GBR,2015,NA,1.666221021288466,2.2746514728959415,1.9121780114351834,1.286224904903505,1.8896741716213776
GBR,2016,NA,1.6647611627346595,2.303484714873216,1.923110761347873,1.269601324339032,1.897188508711697
GBR,2017,NA,1.7428223749325742,2.367697745222196,1.9889100078730484,1.3795375847271532,1.9641395853388008
GBR,2018,NA,1.6474708149604396,2.2091111203129348,1.934962716319934,1.2385451075568947,1.8866636617588615
GBR,2019,NA,1.5816566277023232,2.1981894162833515,1.8281975758709947,1.2944149183750635,1.793923266569503
GBR,2020,NA,1.587244179602857,2.1185569156476434,1.8413111563000695,1.3419085823066774,1.7889565598549977
GBR,2021,-0.42702695456209283,1.56884115083798,2.0131553849753967,1.8502818015861617,1.2812656563204485,1.7732406181967317
GBR,2022,-0.42287946165843937,1.5703652268442911,1.908560367614493,1.8621135818261432,1.305611057322655,1.7737073880885867
GBR,2023,NA,1.5093255741912377,1.8782919723207692,1.775119135749027,1.2690918703336325,1.6952301883739072
GBR,2024,NA,1.4307522058052689,1.7314546044312236,1.7156198240790446,1.1562167582186067,1.609463753789254
USA,1970,NA,0.5082792640737512,-0.5873603048183931,-0.24323659512451723,1.4884804045941995,-0.1455688954862091
USA,1971,NA,0.5682180737838409,-0.6081745964578404,-0.22999175067404565,1.7022987907694698,-0.130969064332922
USA,1972,NA,0.60887236886473,-0.47293545446486185,-0.2592319519131183,1.9338866535958026,-0.14594902180623537
USA,1973,NA,0.5456226276394003,-0.24500143168582778,-0.1315579062407113,1.6772179856821197,-0.07972245211894347
USA,1974,NA,0.4069264156662351,-0.1635786686862133,-0.02495738710084705,1.2549159863010462,0.011674483792379231
USA,1975,0.060500943523351336,0.5512344593216556,-0.2694278070903602,0.06878824979418896,1.5895843168065036,0.0969771873237617
USA,1976,0.12308806262448846,0.48862193141929056,0.3381093750998039,0.09990682848459498,1.5876482101241924,0.09184011830378802
USA,1977,0.05041510531479687,0.4441334999344262,0.47563710220884303,0.0336484486699673,1.8057058943427813,0.03252090567784771
USA,1978,0.04464974878641892,0.44206414899346114,0.34147347705600595,0.05951188642620675,1.8996146814516428,0.06056136140524071
USA,1979,0.05694867668907766,0.3974084724841469,0.44294076284443573,-0.018885975756596007,1.9699267526007929,-0.013855292641301808
USA,1980,0.06800498374269504,0.5191061125618812,0.49461715356283875,0.06439572047860809,2.2450406827035327,0.07568314961834544
USA,1981,0.04432066126931422,0.4525393331883547,0.3830464635239963,0.18789935280681913,1.8001758044773757,0.18507004236104718
USA,1982,0.06381227987864857,0.5540268814963563,0.23753060121211522,0.31380299248256094,1.9984498531117056,0.2944303337042744
USA,1983,0.06451311249779124,0.5678469841316274,0.2684697395483324,0.33132162443655133,2.233201976335351,0.3165464503091162
USA,1984,0.055631362510168425,0.44752943121140887,0.11699970773245472,0.21641402663117226,2.0996939642271255,0.20063412283641835
USA,1985,0.05850138908748215,0.3812365515217655,0.20105397324840624,0.07176529372118456,2.000178311718964,0.06258211539829572
USA,1986,0.06688548958683582,0.46437887774690956,0.4339307255598568,0.11300415652430873,2.1257854317984117,0.11095081902898118
USA,1987,0.06247344395035748,0.44958646351382114,0.6076831621385308,0.08239023794143363,2.030780919166916,0.09940163125346047
USA,1988,0.05351214727659803,0.5432302336992166,0.7900746278007857,0.17744904464982514,2.0858933083355677,0.20050029140681658
USA,1989,0.03895554002787105,0.6333029129558315,0.7206237619764684,0.21496355076311113,2.004410565055616,0.27241612901642553
USA,1990,0.029227402951609638,0.5418005094332027,0.84476158249901,0.16756798926670657,2.009226846916192,0.2340000355589884
USA,1991,0.015586424987517056,0.5476533402685054,1.0996884815375019,0.11791200910275257,2.032904392147576,0.22349917441701717
USA,1992,0.019436044774246652,0.44490510421549057,1.4208993650262869,0.014333418982100277,1.9891644504616677,0.1473218985143505
USA,1993,-0.025568824258913936,0.5402981227461148,1.6943079787115738,-0.010583945942923112,2.0482980579404666,0.21782664298814036
USA,1994,-0.0465935857100801,0.5315603343913184,1.874163710628265,-0.006006774493639622,1.9206450311848078,0.24514495837949757
USA,1995,-0.040259556851363953,0.6755309254725209,2.104012378249732,0.12120264285131066,1.9754929022684031,0.3934951330584062
USA,1996,-0.04360292923486975,0.7800062177631484,2.2233035264986722,0.21060968203937258,2.0635126655976235,0.5097858018582635
USA,1997,-0.03019612711904729,0.7681599979681955,2.25671656205808,0.19018688619847612,1.9935313946225153,0.4951385904775656
USA,1998,-0.001138387239136729,0.7429323327653812,2.1731747701552107,0.11762555486534532,1.933635450959732,0.4521612433771446
USA,1999,0.00864632109715402,0.7271495150769577,2.0317071811403222,0.016425433355133467,1.9171555235634017,0.4108820099821422
USA,2000,0.01976820673225499,0.6069946368050845,2.1045566358711216,0.01770563668102887,1.6518757391417234,0.3304447490581942
USA,2001,0.023835213683092715,0.49736841393854403,1.8715364092404057,0.016947782955470725,1.3875454650249521,0.2794942390123153
USA,2002,0.021035896425924072,0.3790903982805778,1.8143296356374035,0.02740166168469238,1.0874436707299622,0.22294515541078774
USA,2003,-0.010185971455266674,0.4836871520108762,1.9404665567975297,-0.008890358532120057,1.2387329660534059,0.3012247645310293
USA,2004,-0.026877723551426258,0.555835232579599,1.9009170400412632,0.06389944114041302,1.3141867881975782,0.3699366708737504
USA,2005,-0.07167322094829032,0.6387037227111015,1.8065808712774738,0.15496056365033373,1.3643531965187943,0.4953659525855336
USA,2006,-0.09124700308553313,0.6437828870402946,1.7332846680848242,0.19719292617179807,1.2544983186497878,0.5489934946062207
USA,2007,-0.10081130710042552,0.7081293099715698,1.681219576702716,0.2958332777009497,1.1940524930583907,0.6429091813272488
USA,2008,-0.07215428286978065,0.5524947901977169,1.598890016553905,0.4069156763603148,0.7505964004950232,0.5924424922368978
USA,2009,-0.09411192164436077,0.5446509713254039,1.5500774804153652,0.3134770502796538,0.7738845787115374,0.5649016487159879
USA,2010,-0.11327105571275142,0.6426635568555532,1.8130145180174901,0.40412347035633844,0.8221677360032937,0.6840482470228603
USA,2011,-0.11743566577416353,0.647691933625073,1.7517711717761206,0.45686620420378,0.7553129171108268,0.7226356470873678
USA,2012,-0.08286716063301025,0.5899926730800206,1.7111029854608177,0.32503958981812464,0.7273747670273814,0.6510014518795109
USA,2013,-0.07672519642849063,0.6112461452487203,1.8495393467426195,0.2546973756799602,0.8144659444296541,0.6394085456623462
USA,2014,-0.05520114920309427,0.5858403522483702,1.7637551092590047,0.21902566626953812,0.7798789313461375,0.6124918134836395
USA,2015,-0.06673066713307818,0.4888815193981359,1.6817958309749987,0.08916959654020418,0.6757023762196573,0.5073009901298876
USA,2016,-0.06144145375590415,0.4473544243474442,1.6972789389158205,0.02741772494660255,0.6326758575285351,0.4687102326832698
USA,2017,-0.07583609337226205,0.510988544824061,1.704626012033308,0.048397691454040825,0.7130858701858549,0.5250449554554454
USA,2018,-0.045633513395336056,0.3781678909606118,1.5986503634056954,0.04862865060392729,0.4701370126774904,0.4475515350899359
USA,2019,-0.06348526112738329,0.35734992649049213,1.5468547554816647,-0.014983108505279286,0.5051439140785617,0.4116642214593009
USA,2020,-0.04815550804717028,0.2862292771493336,1.4161086070210882,-0.10207247570991917,0.4638520685577229,0.3349127386335891
USA,2021,-0.034383302834932405,0.3800409957138391,1.379493782732296,-0.03584607496580006,0.5940431542677747,0.40217124575283025
USA,2022,-0.0412231522744112,0.21573199680718347,1.2765930611749932,-0.1608471278374719,0.36325356355615046,0.267224841302325
USA,2023,-0.033725335171917115,0.2154181453310774,1.2150550070035009,-0.2065176789926172,0.4346729175366324,0.2282063397176718
USA,2024,0.020522974944605088,0.19024442663490598,1.113456119773193,-0.26043218621048847,0.45216393644192343,0.17316762340405772
VNM,1970,NA,NA,NA,NA,NA,NA
VNM,1971,NA,NA,NA,NA,NA,NA
VNM,1972,NA,NA,NA,NA,NA,NA
VNM,1973,NA,NA,NA,NA,NA,NA
VNM,1974,NA,NA,NA,NA,NA,NA
VNM,1975,NA,NA,NA,NA,NA,NA
VNM,1976,NA,NA,NA,NA,NA,NA
VNM,1977,NA,NA,NA,NA,NA,NA
VNM,1978,NA,NA,NA,NA,NA,NA
VNM,1979,NA,NA,NA,NA,NA,NA
VNM,1980,NA,NA,NA,NA,NA,NA
VNM,1981,NA,NA,NA,NA,NA,NA
VNM,1982,NA,NA,NA,NA,NA,NA
VNM,1983,NA,NA,NA,NA,NA,NA
VNM,1984,NA,NA,NA,NA,NA,NA
VNM,1985,NA,NA,NA,NA,NA,NA
VNM,1986,NA,NA,NA,NA,NA,NA
VNM,1987,NA,NA,NA,NA,NA,NA
VNM,1988,NA,NA,NA,NA,NA,NA
VNM,1989,NA,-4.4018262821847705,NA,-4.1376704897694685,NA,-4.23837370229699
VNM,1990,NA,-3.9969754470227463,NA,-3.7382964815726014,NA,-3.825476343049334
VNM,1991,NA,-4.275518960709795,NA,-3.997012655260847,NA,-4.099687589543234
VNM,1992,NA,-1.2082607482099814,NA,-0.9245754941521438,NA,-1.0231349570492605
VNM,1993,NA,-2.0330725545615094,NA,-1.7409735722399768,NA,-1.8572914852380968
VNM,1994,NA,-1.8441857685223546,NA,-1.5404540674452862,NA,-1.6569872996921562
VNM,1995,NA,-1.969586616743931,NA,-1.6493395146043506,NA,-1.7716708174219153
VNM,1996,NA,-2.0301709455870203,NA,-1.695723216431898,NA,-1.8260067502983592
VNM,1997,NA,-2.204838215542842,NA,-1.8649220369870356,NA,-2.004580020324676
VNM,1998,NA,-1.9240780845501457,NA,-1.544727918213023,NA,-1.7093528981962014
VNM,1999,NA,-1.8137865640680308,NA,-1.3966714652367958,NA,-1.6054451968825547
VNM,2000,NA,-1.2905534264349656,NA,-0.8661081978979299,NA,-1.071903592247457
VNM,2001,NA,-1.130056540505048,NA,-0.7143092574801493,NA,-0.8972321273352724
VNM,2002,NA,-1.3939873181360838,NA,-0.9917849849915175,NA,-1.1488384610745805
VNM,2003,NA,-1.8727219286573837,NA,-1.4328955965551184,NA,-1.6089636890382952
VNM,2004,NA,-2.032606756815084,NA,-1.5919517661791667,NA,-1.7717899887202875
VNM,2005,NA,-1.9801880359785988,NA,-1.5232400350948128,-4.492226915601272,-1.724602609903762
VNM,2006,NA,-1.9446918053176374,NA,-1.4483655970719769,-4.021093502554021,-1.6621207044306054
VNM,2007,NA,-2.283363859013259,NA,-1.7823745606397465,-3.5527324022276763,-2.00967281426405
VNM,2008,0.16525864443853666,-2.25583424784126,NA,-1.8198145977761815,-3.1129669181933313,-1.984791190042643
VNM,2009,0.16473985888316267,-2.1492762705510335,NA,-1.6723732133044356,-2.753349716360532,-1.8946907112510287
VNM,2010,0.16140438351573372,-1.9657608017446053,-6.2726854327634864,-1.5162796395680433,-2.3256047649752247,-1.7517873054401139
VNM,2011,0.17211452960857465,-1.9089988217225584,NA,-1.4971636539497797,-2.136697817017577,-1.714909849008314
VNM,2012,0.20479223788783574,-2.0290558546713164,NA,-1.655763172623119,-2.06590301214934,-1.8935952567107854
VNM,2013,0.20088882566229804,-1.8396634017355389,NA,-1.4435805151309973,-1.8548933272572228,-1.7128949741430204
VNM,2014,0.21583760872983315,-1.6342218054603128,NA,-1.157770116731741,-1.893516260161021,-1.4334470298021968
VNM,2015,0.212714802228551,-1.2662715354293852,NA,-0.7265174802277732,-1.8007645531111969,-1.0086130731780691
VNM,2016,0.21052076449045798,-1.2535481688725985,NA,-0.7108482070398969,-1.772167202310052,-0.9934230141930892
VNM,2017,0.21449137378781014,-1.2384354149650119,NA,-0.6577153759825343,-1.807498531428742,-0.9723338667911129
VNM,2018,0.2277252346067833,-1.1453328737549846,NA,-0.5510652483563196,-1.8538147952088555,-0.8458211366132685
VNM,2019,0.23199520726198086,-1.2392225658886553,NA,-0.60544371779357,-1.9745308802008115,-0.9345458286745849
VNM,2020,0.2325747318688539,-1.3431048373086312,NA,-0.6886397130161362,-2.1084243691467703,-1.0376787953780615
VNM,2021,0.24953461158501555,-1.312521799505116,NA,-0.6265313930118275,-2.0617214679545324,-1.0177444775584001
VNM,2022,0.24029652673619484,-1.1854113305932197,NA,-0.5398004876414202,-1.9316451294337418,-0.8817641892638721
VNM,2023,0.23262377062025186,-1.1632983780287653,NA,-0.48735472779114974,-2.098688988473473,-0.8494038886140723
VNM,2024,0.25509727095358214,-1.1405973293255713,NA,-0.45410672991899903,-2.099138735062154,-0.8449186135314646
