REF_AREA,TIME_PERIOD,measure,OBS_VALUE,Population,OBS_VALUE_per_capita
AUS,1992,GDP,628301.926,17478635,0.03594685317245883
AUS,1993,GDP,653301.082,17634808,0.0370461125519484
AUS,1994,GDP,678715.617,17805468,0.038118381218623404
AUS,1995,GDP,704952.555,18004882,0.039153411558042986
AUS,1996,GDP,732572.301,18224767,0.04019652492676587
AUS,1997,GDP,766833.343,18423037,0.04162361194845345
AUS,1998,GDP,805391.414,18607584,0.04328296537583815
AUS,1999,GDP,836931.004,18812264,0.04448858489334404
AUS,2000,GDP,853932.913,19028802,0.04487581052133497
AUS,2001,GDP,887661.601,19274701,0.046053196934157374
AUS,2002,GDP,915101.707,19495210,0.04693982301293498
AUS,2003,GDP,953709.313,19720737,0.048360733830586554
AUS,2004,GDP,983803.431,19932722,0.04935620087412045
AUS,2005,GDP,1011063.898,20176844,0.05011011127409223
AUS,2006,GDP,1049377.873,20450966,0.05131189758958085
AUS,2007,GDP,1087407.17,20827622,0.0522098571790865
AUS,2008,GDP,1108664.33,21249199,0.052174405727011174
AUS,2009,GDP,1133166.344,21691653,0.05223974143418208
AUS,2010,GDP,1160302.674,22031750,0.05266502542921012
AUS,2011,GDP,1206163.305,22340024,0.053991137386423575
AUS,2012,GDP,1238180.343,22733465,0.054465095532071336
AUS,2013,GDP,1270387.764,23128129,0.05492825485364596
AUS,2014,GDP,1297883.374,23475686,0.055286281048400464
AUS,2015,GDP,1333648.376,23815995,0.05599801209229343
AUS,2016,GDP,1364233.071,24190907,0.056394457264458915
AUS,2017,GDP,1403443.454,24592588,0.05706774146746979
AUS,2018,GDP,1434235.243,24963258,0.0574538484920518
AUS,2019,GDP,1432320.081,25334826,0.056535619427581625
AUS,2020,GDP,1461066.007,25649248,0.05696330773518194
AUS,2021,GDP,1523205.81,25685412,0.059302370154701044
AUS,2022,GDP,1577794.78,26014399,0.0606508257215552
AUS,2023,GDP,1599464.335,26652777,0.06001117013060215
AUS,2024,GDP,1621063.467,27204809,0.05958738644333066
AUS,1992,GNI,529772.747,17478635,0.030309732253119306
AUS,1993,GNI,550607.461,17634808,0.03122276471623621
AUS,1994,GNI,568504.537,17805468,0.031928648940875916
AUS,1995,GNI,593555.459,18004882,0.03296636206779917
AUS,1996,GNI,621488.359,18224767,0.0341013061511294
AUS,1997,GNI,651102.337,18423037,0.035341748323037075
AUS,1998,GNI,677625.13,18607584,0.03641661002309596
AUS,1999,GNI,711785.74,18812264,0.03783626149409768
AUS,2000,GNI,729409.322,19028802,0.03833185725512305
AUS,2001,GNI,761259.566,19274701,0.03949527237802548
AUS,2002,GNI,787509.004,19495210,0.04039499979738612
AUS,2003,GNI,834923.913,19720737,0.042337358537868026
AUS,2004,GNI,867943.626,19932722,0.04354365781050877
AUS,2005,GNI,907619.821,20176844,0.044983240243122266
AUS,2006,GNI,950392.978,20450966,0.04647178905876622
AUS,2007,GNI,1001150.971,20827622,0.0480684242781053
AUS,2008,GNI,1042006.48,21249199,0.04903744748213803
AUS,2009,GNI,1053526.203,21691653,0.04856827660851849
AUS,2010,GNI,1119355.939,22031750,0.050806492403009294
AUS,2011,GNI,1176629.456,22340024,0.05266912228921509
AUS,2012,GNI,1189623.987,22733465,0.05232919781476339
AUS,2013,GNI,1209408.801,23128129,0.05229168347340159
AUS,2014,GNI,1214676.136,23475686,0.05174188034377355
AUS,2015,GNI,1217855.391,23815995,0.05113602816090615
AUS,2016,GNI,1275988.57,24190907,0.05274661962860674
AUS,2017,GNI,1312062.46,24592588,0.053351947342833536
AUS,2018,GNI,1355913.553,24963258,0.05431636980237115
AUS,2019,GNI,1371584.827,25334826,0.05413831644235489
AUS,2020,GNI,1441763.518,25649248,0.05621075198773858
AUS,2021,GNI,1508847.43,25685412,0.0587433610175301
AUS,2022,GNI,1555419.389,26014399,0.059790710098664976
AUS,2023,GNI,1562589.333,26652777,0.05862763692503787
AUS,2024,GNI,1579262.117,27204809,0.05805084376809998
AUS,1992,NNI,436076.896,17478635,0.024949139106114408
AUS,1993,NNI,453159.099,17634808,0.02569685470916383
AUS,1994,NNI,468696.764,17805468,0.026323192628242068
AUS,1995,NNI,491918.001,18004882,0.02732136767127938
AUS,1996,NNI,518062.478,18224767,0.02842628813855343
AUS,1997,NNI,541189.547,18423037,0.029375696688879255
AUS,1998,NNI,562710.024,18607584,0.030240896615057602
AUS,1999,NNI,592023.766,18812264,0.03147009663483353
AUS,2000,NNI,604174.679,19028802,0.031750536844095595
AUS,2001,NNI,631757.602,19274701,0.03277651891980062
AUS,2002,NNI,654465.493,19495210,0.033570579285886123
AUS,2003,NNI,696029.074,19720737,0.035294272927020934
AUS,2004,NNI,720972.258,19932722,0.03617028612549756
AUS,2005,NNI,753134.431,20176844,0.03732667165390187
AUS,2006,NNI,787792.941,20450966,0.03852106257474586
AUS,2007,NNI,831928.554,20827622,0.039943520868585
AUS,2008,NNI,865758.997,21249199,0.04074313563537148
AUS,2009,NNI,872254.525,21691653,0.04021152860042524
AUS,2010,NNI,933234.346,22031750,0.04235861182157568
AUS,2011,NNI,985518.252,22340024,0.04411446702116345
AUS,2012,NNI,991634.913,22733465,0.043620051452781174
AUS,2013,NNI,1002029.231,23128129,0.043325131531391926
AUS,2014,NNI,996534.485,23475686,0.04244964279212118
AUS,2015,NNI,991130.813,23815995,0.04161618328354536
AUS,2016,NNI,1045039.202,24190907,0.04319967010744988
AUS,2017,NNI,1074800.662,24592588,0.04370425194778199
AUS,2018,NNI,1113681.62,24963258,0.04461283138603143
AUS,2019,NNI,1123395.541,25334826,0.04434194815468636
AUS,2020,NNI,1187951.684,25649248,0.04631526366776913
AUS,2021,NNI,1239014.304,25685412,0.04823805450346679
AUS,2022,NNI,1273950.929,26014399,0.048970992141698144
AUS,2023,NNI,1274773.961,26652777,0.04782893583659218
AUS,2024,NNI,1285490.46,27204809,0.04725232439602866
AUS,1992,consumption,442755.377,17478635,0.025331233073978603
AUS,1993,consumption,451126.43,17634808,0.025581590114278532
AUS,1994,consumption,470921.659,17805468,0.02644814834409295
AUS,1995,consumption,487820.696,18004882,0.02709380133677077
AUS,1996,consumption,500914.32,18224767,0.02748536208995155
AUS,1997,consumption,525278.854,18423037,0.028512066387317143
AUS,1998,consumption,553627.714,18607584,0.029752799396203185
AUS,1999,consumption,575539.979,18812264,0.030593871051352462
AUS,2000,consumption,592649.07,19028802,0.03114484401067392
AUS,2001,consumption,610559.912,19274701,0.0316767514058973
AUS,2002,consumption,634468.309,19495210,0.03254483070456794
AUS,2003,consumption,666862.557,19720737,0.03381529589893116
AUS,2004,consumption,694735.74,19932722,0.034854032479859
AUS,2005,consumption,717464.41,20176844,0.035558802456915464
AUS,2006,consumption,751606.266,20450966,0.03675162659798075
AUS,2007,consumption,784915.229,20827622,0.037686262454734394
AUS,2008,consumption,795341.645,21249199,0.03742925298031234
AUS,2009,consumption,819349.574,21691653,0.037772574270849714
AUS,2010,consumption,850427.315,22031750,0.03860008011165704
AUS,2011,consumption,877390.056,22340024,0.03927435601680643
AUS,2012,consumption,891813.621,22733465,0.03922911096042772
AUS,2013,consumption,910841.906,23128129,0.039382429335291236
AUS,2014,consumption,933596.222,23475686,0.0397686449716528
AUS,2015,consumption,963562.627,23815995,0.040458634081842894
AUS,2016,consumption,993431.331,24190907,0.04106631185841854
AUS,2017,consumption,1023340.336,24592588,0.04161173830098727
AUS,2018,consumption,1049688.789,24963258,0.0420493506496628
AUS,2019,consumption,1045739.88,25334826,0.04127677371851696
AUS,2020,consumption,1071229.795,25649248,0.04176456927704079
AUS,2021,consumption,1125729.265,25685412,0.04382757282616295
AUS,2022,consumption,1183006.467,26014399,0.04547506429035704
AUS,2023,consumption,1204108.433,26652777,0.04517759755390592
AUS,2024,consumption,1230872.721,27204809,0.04524467424123433
AUT,1992,GDP,340549.754,7840709,0.04343354076780557
AUT,1993,GDP,342343.802,7905632,0.04330378671812703
AUT,1994,GDP,350567.307,7936118,0.044173651021822004
AUT,1995,GDP,359920.386,7948278,0.04528281295646679
AUT,1996,GDP,367895.383,7959016,0.04622372702856735
AUT,1997,GDP,375789.811,7968041,0.04716213320187484
AUT,1998,GDP,388915.699,7976789,0.04875592158699447
AUT,1999,GDP,403546.413,7992323,0.05049175477517613
AUT,2000,GDP,416417.618,8011566,0.051977056420679804
AUT,2001,GDP,421901.787,8042293,0.05246038499219066
AUT,2002,GDP,428164.365,8080292,0.05298872429362701
AUT,2003,GDP,433052.14,8114402,0.053368336939678365
AUT,2004,GDP,444161.033,8166432,0.05438862810588516
AUT,2005,GDP,454467.191,8222090,0.05527392560772261
AUT,2006,GDP,469325.251,8265675,0.05678002716051623
AUT,2007,GDP,487043.332,8293654,0.0587248192413139
AUT,2008,GDP,494121.561,8319388,0.059393979581190345
AUT,2009,GDP,476401.054,8338752,0.057130977633103854
AUT,2010,GDP,485019.065,8357367,0.05803491279011679
AUT,2011,GDP,499217.843,8384901,0.059537714637298636
AUT,2012,GDP,502354.16,8420328,0.05965969021634311
AUT,2013,GDP,501094.626,8472176,0.05914591788461429
AUT,2014,GDP,504881.893,8538350,0.05913108422587502
AUT,2015,GDP,511463.146,8618709,0.059343359428888943
AUT,2016,GDP,522291.944,8737663,0.05977478691956877
AUT,2017,GDP,534159.723,8790624,0.06076471055979644
AUT,2018,GDP,547429.431,8833192,0.06197413471823096
AUT,2019,GDP,557036.688,8872344,0.06278348630305587
AUT,2020,GDP,521841.689,8912293,0.05855302210104628
AUT,2021,GDP,547532.434,8945279,0.0612090952110046
AUT,2022,GDP,576721.19,9058407,0.06366695490719283
AUT,2023,GDP,572186.753,9125730,0.06270038155851641
AUT,2024,GDP,568415.529,9174908,0.06195326743330832
AUT,1992,GNI,NA,7840709,NA
AUT,1993,GNI,NA,7905632,NA
AUT,1994,GNI,NA,7936118,NA
AUT,1995,GNI,372320.086,7948278,0.04684286156070535
AUT,1996,GNI,380255.344,7959016,0.047776677920989226
AUT,1997,GNI,386592.247,7968041,0.048517853635542285
AUT,1998,GNI,399169.907,7976789,0.05004142732119403
AUT,1999,GNI,408911.088,7992323,0.051162983277827985
AUT,2000,GNI,423371.053,8011566,0.05284498099372832
AUT,2001,GNI,426401.08,8042293,0.05301983899368004
AUT,2002,GNI,437422.036,8080292,0.05413443425064342
AUT,2003,GNI,443361.86,8114402,0.05463888281601035
AUT,2004,GNI,455095.484,8166432,0.05572757894757466
AUT,2005,GNI,463755.547,8222090,0.056403608693166823
AUT,2006,GNI,481143.693,8265675,0.05820984892340916
AUT,2007,GNI,496644.54,8293654,0.059882476409071315
AUT,2008,GNI,505634.077,8319388,0.060777797237008296
AUT,2009,GNI,486194.665,8338752,0.05830544726596977
AUT,2010,GNI,494605.199,8357367,0.05918194079546824
AUT,2011,GNI,501723.169,8384901,0.05983650480786833
AUT,2012,GNI,501718.424,8420328,0.05958419006955549
AUT,2013,GNI,501306.378,8472176,0.05917091169966252
AUT,2014,GNI,505754.962,8538350,0.05923333688593229
AUT,2015,GNI,509980.469,8618709,0.05917132937195118
AUT,2016,GNI,527953.533,8737663,0.0604227392381693
AUT,2017,GNI,531317.604,8790624,0.060441398016796086
AUT,2018,GNI,542371.965,8833192,0.06140158223663654
AUT,2019,GNI,553289.287,8872344,0.06236111753556896
AUT,2020,GNI,527584.588,8912293,0.05919740161145959
AUT,2021,GNI,553649.145,8945279,0.061892887298428595
AUT,2022,GNI,559295.734,9058407,0.061743277156789275
AUT,2023,GNI,558505.116,9125730,0.0612011440180676
AUT,2024,GNI,552998.205,9174908,0.0602728882949017
AUT,1992,NNI,294373,7840709,0.03754418127238238
AUT,1993,NNI,294116.619,7905632,0.03720342902376433
AUT,1994,NNI,301315.606,7936118,0.037967631781684705
AUT,1995,NNI,307823.32,7948278,0.03872830316201824
AUT,1996,NNI,314248.771,7959016,0.039483369677859675
AUT,1997,NNI,318856.717,7968041,0.04001695234750926
AUT,1998,NNI,329161.28,7976789,0.041264884905442535
AUT,1999,NNI,336460.559,7992323,0.042097968137674115
AUT,2000,NNI,348487.322,8011566,0.04349802797605362
AUT,2001,NNI,349636.264,8042293,0.043474698571663584
AUT,2002,NNI,358677.336,8080292,0.04438915524339962
AUT,2003,NNI,362926.604,8114402,0.04472622924030631
AUT,2004,NNI,373144.202,8166432,0.04569243973377847
AUT,2005,NNI,381004.527,8222090,0.0463391336022836
AUT,2006,NNI,396757.228,8265675,0.04800058410232679
AUT,2007,NNI,410265.082,8293654,0.04946734961453661
AUT,2008,NNI,416788.886,8319388,0.05009850315912661
AUT,2009,NNI,395473.39,8338752,0.04742596853821771
AUT,2010,NNI,403010.618,8357367,0.0482221994080193
AUT,2011,NNI,409179.153,8384901,0.0487995210676906
AUT,2012,NNI,407380.597,8420328,0.04838060904515834
AUT,2013,NNI,405411.019,8472176,0.04785205347480977
AUT,2014,NNI,408427.166,8538350,0.047834437098502644
AUT,2015,NNI,411600.57,8618709,0.04775663849423388
AUT,2016,NNI,427433.01,8737663,0.048918459089117995
AUT,2017,NNI,428918.62,8790624,0.04879273871797952
AUT,2018,NNI,437922.327,8833192,0.04957690572105757
AUT,2019,NNI,445684.324,8872344,0.050232985105176264
AUT,2020,NNI,418119.204,8912293,0.046914885316270465
AUT,2021,NNI,441354.737,8945279,0.049339404282415344
AUT,2022,NNI,445179.197,9058407,0.04914541784223208
AUT,2023,NNI,443415.745,9125730,0.04858961913183932
AUT,2024,NNI,436960.245,9174908,0.04762557237631156
AUT,1992,consumption,267587.661,7840709,0.03412799288941855
AUT,1993,consumption,270395.242,7905632,0.03420286221266055
AUT,1994,consumption,276564.814,7936118,0.0348488787591112
AUT,1995,consumption,280215.784,7948278,0.035254904773084184
AUT,1996,consumption,287381.448,7959016,0.03610766054497189
AUT,1997,consumption,290285.378,7968041,0.03643121038157309
AUT,1998,consumption,298825.283,7976789,0.03746185125368115
AUT,1999,consumption,306860.113,7992323,0.038394358311094286
AUT,2000,consumption,314079.385,8011566,0.03920324503349283
AUT,2001,consumption,317312.785,8042293,0.03945551163082469
AUT,2002,consumption,318887.551,8080292,0.03946485485920558
AUT,2003,consumption,325049.439,8114402,0.040058335660471345
AUT,2004,consumption,331280.411,8166432,0.04056611394058017
AUT,2005,consumption,338401.859,8222090,0.04115764471077305
AUT,2006,consumption,346326.858,8265675,0.04189940422288561
AUT,2007,consumption,350658.863,8293654,0.04228038244662727
AUT,2008,consumption,356739.248,8319388,0.04288046764978386
AUT,2009,consumption,360859.963,8338752,0.0432750563873347
AUT,2010,consumption,364188.04,8357367,0.04357688731391118
AUT,2011,consumption,367122.582,8384901,0.04378377061339186
AUT,2012,consumption,368810.227,8420328,0.04379998344482543
AUT,2013,consumption,368699.74,8472176,0.04351889526374334
AUT,2014,consumption,369474.713,8538350,0.04327237850404352
AUT,2015,consumption,373445.667,8618709,0.043329652619667286
AUT,2016,consumption,379816.051,8737663,0.0434688372623206
AUT,2017,consumption,385615.146,8790624,0.04386664086645044
AUT,2018,consumption,389025.644,8833192,0.0440413436048939
AUT,2019,consumption,392316.055,8872344,0.044217858888248696
AUT,2020,consumption,369983.887,8912293,0.04151388279088221
AUT,2021,consumption,391305.809,8945279,0.04374439399821962
AUT,2022,consumption,405900.381,9058407,0.04480924526795937
AUT,2023,consumption,405995.049,9125730,0.04448904898567019
AUT,2024,consumption,413255.531,9174908,0.04504192641495697
BEL,1992,GDP,420037.315,10045165,0.04181487461878426
BEL,1993,GDP,415997.09,10084479,0.04125122279495054
BEL,1994,GDP,429421.197,10115601,0.04245137753060841
BEL,1995,GDP,439661.85,10136814,0.04337278458497906
BEL,1996,GDP,445471.683,10156641,0.04386013870136791
BEL,1997,GDP,462371.416,10181246,0.045414030463461943
BEL,1998,GDP,471442.368,10203012,0.046206195582245715
BEL,1999,GDP,488144.242,10226419,0.04773364381021353
BEL,2000,GDP,506287.124,10251251,0.049387838030694985
BEL,2001,GDP,511854.275,10286571,0.04975946552062879
BEL,2002,GDP,520591.087,10332786,0.050382451257579515
BEL,2003,GDP,525994.589,10376131,0.05069274751831873
BEL,2004,GDP,544778.943,10421136,0.05227634904678338
BEL,2005,GDP,557427.282,10478620,0.053196631044927674
BEL,2006,GDP,571654.727,10547956,0.054195782291848765
BEL,2007,GDP,592674.04,10624835,0.055781952378554586
BEL,2008,GDP,595322.731,10709108,0.05559031910033964
BEL,2009,GDP,583973.254,10796498,0.05408913649592673
BEL,2010,GDP,599800.748,10895591,0.05504985897506615
BEL,2011,GDP,611383.83,10993609,0.05561265913677665
BEL,2012,GDP,612703.219,11067748,0.05535933949706842
BEL,2013,GDP,614574.994,11125033,0.05524253222439879
BEL,2014,GDP,625425.563,11179778,0.0559425744411025
BEL,2015,GDP,634645.364,11238474,0.05647077743828922
BEL,2016,GDP,642219.874,11295003,0.05685876081661952
BEL,2017,GDP,651689.198,11349081,0.05742219991204574
BEL,2018,GDP,663927.716,11403740,0.058220173030953004
BEL,2019,GDP,680146.74,11462023,0.05933915330653236
BEL,2020,GDP,647547.416,11506938,0.05627452029375669
BEL,2021,GDP,688047.99,11552615,0.05955777025374774
BEL,2022,GDP,715739.228,11640788,0.061485461980752505
BEL,2023,GDP,726913.745,11730606,0.061967279866018854
BEL,2024,GDP,734893.469,11794601,0.06230761591680804
BEL,1992,GNI,NA,10045165,NA
BEL,1993,GNI,NA,10084479,NA
BEL,1994,GNI,NA,10115601,NA
BEL,1995,GNI,468808.858,10136814,0.04624814640971019
BEL,1996,GNI,473174.438,10156641,0.0465876895717787
BEL,1997,GNI,490710.171,10181246,0.04819745746247561
BEL,1998,GNI,501467.764,10203012,0.04914899286602819
BEL,1999,GNI,515531.59,10226419,0.050411741392563714
BEL,2000,GNI,530131.616,10251251,0.051713846046692255
BEL,2001,GNI,532379.463,10286571,0.05175480371447395
BEL,2002,GNI,542251.681,10332786,0.05247874880985631
BEL,2003,GNI,546810.512,10376131,0.05269888284949371
BEL,2004,GNI,560307.952,10421136,0.05376649455491225
BEL,2005,GNI,570027.04,10478620,0.05439905636429225
BEL,2006,GNI,582610.484,10547956,0.05523444390553014
BEL,2007,GNI,604535.541,10624835,0.05689834628020105
BEL,2008,GNI,600852.153,10709108,0.05610664800467042
BEL,2009,GNI,598748.769,10796498,0.055457683500705506
BEL,2010,GNI,604659.761,10895591,0.05549582037358047
BEL,2011,GNI,601331.048,10993609,0.0546982385857092
BEL,2012,GNI,615080.762,11067748,0.05557415672998699
BEL,2013,GNI,618932.521,11125033,0.055634218882766456
BEL,2014,GNI,628471.526,11179778,0.05621502734669686
BEL,2015,GNI,639435.88,11238474,0.056897037800683614
BEL,2016,GNI,648326.12,11295003,0.057399375635402664
BEL,2017,GNI,655746.261,11349081,0.05777967934143743
BEL,2018,GNI,664575.665,11403740,0.05827699202191562
BEL,2019,GNI,683689.395,11462023,0.05964823094492133
BEL,2020,GNI,653343.705,11506938,0.05677824152698137
BEL,2021,GNI,689667.933,11552615,0.059697993311471034
BEL,2022,GNI,690582.532,11640788,0.05932438010210305
BEL,2023,GNI,714640.78,11730606,0.06092104534070959
BEL,2024,GNI,723381.232,11794601,0.061331556022963384
BEL,1992,NNI,376517.034,10045165,0.037482414076822033
BEL,1993,NNI,378825.528,10084479,0.0375652056987773
BEL,1994,NNI,393270.602,10115601,0.03887763089904396
BEL,1995,NNI,397313.923,10136814,0.0391951478048231
BEL,1996,NNI,399018.434,10156641,0.039286456418022454
BEL,1997,NNI,413686.391,10181246,0.04063219678613011
BEL,1998,NNI,421906.062,10203012,0.041351128666711354
BEL,1999,NNI,432126.791,10226419,0.04225592467901032
BEL,2000,NNI,444228.844,10251251,0.0433341105392893
BEL,2001,NNI,443806.564,10286571,0.043144266830997424
BEL,2002,NNI,451623.981,10332786,0.0437078616551238
BEL,2003,NNI,453016.804,10376131,0.04365951085235913
BEL,2004,NNI,464476.944,10421136,0.04457066331348137
BEL,2005,NNI,471310.465,10478620,0.04497829532896508
BEL,2006,NNI,479827.73,10547956,0.04549011486206427
BEL,2007,NNI,497517.949,10624835,0.04682594590880706
BEL,2008,NNI,490826.847,10709108,0.04583265450306412
BEL,2009,NNI,490541.091,10796498,0.04543520417453882
BEL,2010,NNI,495456.582,10895591,0.045473125964438275
BEL,2011,NNI,490879.968,10993609,0.044651394096333605
BEL,2012,NNI,502914.097,11067748,0.04543960496751462
BEL,2013,NNI,505405.155,11125033,0.04542954209663918
BEL,2014,NNI,514224.69,11179778,0.04599596610952382
BEL,2015,NNI,522506.743,11238474,0.04649267711968725
BEL,2016,NNI,529983.238,11295003,0.04692192095920648
BEL,2017,NNI,534699.187,11349081,0.04711387529968286
BEL,2018,NNI,541606.46,11403740,0.047493757311197905
BEL,2019,NNI,557088.942,11462023,0.04860302077565191
BEL,2020,NNI,523989.465,11506938,0.04553682873758423
BEL,2021,NNI,557902.011,11552615,0.04829227071100353
BEL,2022,NNI,559622.503,11640788,0.04807428010887236
BEL,2023,NNI,579863.055,11730606,0.04943163677989015
BEL,2024,NNI,586187.421,11794601,0.04969963977586016
BEL,1992,consumption,338369.129,10045165,0.03368477561095313
BEL,1993,consumption,337119.877,10084479,0.03342957796828175
BEL,1994,consumption,344219.234,10115601,0.03402854995961189
BEL,1995,consumption,349576.764,10136814,0.034485861534008615
BEL,1996,consumption,355994.418,10156641,0.03505040869318902
BEL,1997,consumption,361126.474,10181246,0.03546977197093558
BEL,1998,consumption,371004.503,10203012,0.03636225293080122
BEL,1999,consumption,379129.584,10226419,0.03707354294792732
BEL,2000,consumption,389310.615,10251251,0.03797688838172043
BEL,2001,consumption,394301.922,10286571,0.038331716370790615
BEL,2002,consumption,399768.818,10332786,0.03868935425547379
BEL,2003,consumption,404018.675,10376131,0.03893731439975073
BEL,2004,consumption,409970.096,10421136,0.03934025004567641
BEL,2005,consumption,414534.127,10478620,0.03955999234632041
BEL,2006,consumption,420585.943,10547956,0.03987369145263784
BEL,2007,consumption,429171.812,10624835,0.04039326841310947
BEL,2008,consumption,437318.256,10709108,0.04083610474373776
BEL,2009,consumption,444230.489,10796498,0.04114579459006059
BEL,2010,consumption,456089.764,10895591,0.041860029804716425
BEL,2011,consumption,458624.096,10993609,0.0417173374093985
BEL,2012,consumption,464625.365,11067748,0.041980117816198925
BEL,2013,consumption,469187.023,11125033,0.042173989326593456
BEL,2014,consumption,474345.469,11179778,0.04242888087759882
BEL,2015,consumption,480108.107,11238474,0.04272004428715144
BEL,2016,consumption,485274.233,11295003,0.04296362143507178
BEL,2017,consumption,492239.945,11349081,0.043372669998566406
BEL,2018,consumption,499891.253,11403740,0.04383572871707002
BEL,2019,consumption,508016.334,11462023,0.04432169905783647
BEL,2020,consumption,482343.904,11506938,0.04191765906794666
BEL,2021,consumption,507032.901,11552615,0.04388901569038698
BEL,2022,consumption,524643.225,11640788,0.04506939092095827
BEL,2023,consumption,532837.982,11730606,0.045422886251571315
BEL,2024,consumption,542824.506,11794601,0.046023134313742366
CAN,1992,GDP,994522.406,28371264,0.03505386316238853
CAN,1993,GDP,1020953.897,28684764,0.03559220138607381
CAN,1994,GDP,1066836.068,29000663,0.03678660960268391
CAN,1995,GDP,1095452.114,29302311,0.03738449550958626
CAN,1996,GDP,1113953.875,29610218,0.037620590128718406
CAN,1997,GDP,1161632.959,29905948,0.0388428736316936
CAN,1998,GDP,1206854.012,30155173,0.0400214587394342
CAN,1999,GDP,1268898.42,30401286,0.041738313964744776
CAN,2000,GDP,1334101.262,30685730,0.043476275845482575
CAN,2001,GDP,1359116.97,31020855,0.04381300805538725
CAN,2002,GDP,1399880.358,31359199,0.04464018223169539
CAN,2003,GDP,1425167.589,31642461,0.045039720172207844
CAN,2004,GDP,1469238.956,31938807,0.04600168553571835
CAN,2005,GDP,1516408.202,32242732,0.047031008476576985
CAN,2006,GDP,1556410.198,32571193,0.047784869224777864
CAN,2007,GDP,1588315.122,32888886,0.0482933694379311
CAN,2008,GDP,1604125.312,33247298,0.04824829109421162
CAN,2009,GDP,1557363.675,33630069,0.04630866725251144
CAN,2010,GDP,1605498.771,34005902,0.04721235657857274
CAN,2011,GDP,1655866.388,34339221,0.04822084892374233
CAN,2012,GDP,1684937.794,34713395,0.04853854813106007
CAN,2013,GDP,1724126.306,35080992,0.04914702258134548
CAN,2014,GDP,1773668.502,35434066,0.05005546080994487
CAN,2015,GDP,1785196.833,35704498,0.04999921390856693
CAN,2016,GDP,1803737.011,36110803,0.049950066493951964
CAN,2017,GDP,1858459.415,36545075,0.050853895223911844
CAN,2018,GDP,1909436.277,37072620,0.05150529628065133
CAN,2019,GDP,1945876.568,37618495,0.051726592677351926
CAN,2020,GDP,1847838.765,38028638,0.048590716422712794
CAN,2021,GDP,1957794.929,38239864,0.051197748218979024
CAN,2022,GDP,2049721.621,38935934,0.052643442969674235
CAN,2023,GDP,2089754.436,40083484,0.05213504983748419
CAN,2024,GDP,2132516.373,41288599,0.051649036892726735
CAN,1992,GNI,932010.282,28371264,0.03285050260714503
CAN,1993,GNI,954407.81,28684764,0.033272290823100376
CAN,1994,GNI,993880.008,29000663,0.034270940909178524
CAN,1995,GNI,1031955.605,29302311,0.03521755007651103
CAN,1996,GNI,1055960.26,29610218,0.03566202248156363
CAN,1997,GNI,1099699.957,29905948,0.036771947740964435
CAN,1998,GNI,1121996.752,30155173,0.03720743873696231
CAN,1999,GNI,1186373.39,30401286,0.03902378965152987
CAN,2000,GNI,1280059.671,30685730,0.041715144824646506
CAN,2001,GNI,1294935.01,31020855,0.04174401414790147
CAN,2002,GNI,1323703.539,31359199,0.042211012436892924
CAN,2003,GNI,1372490.45,31642461,0.04337495904632702
CAN,2004,GNI,1439868.343,31938807,0.04508209536442611
CAN,2005,GNI,1505180.189,32242732,0.046682774555208285
CAN,2006,GNI,1556349.923,32571193,0.04778301866314814
CAN,2007,GNI,1604860.214,32888886,0.048796429711848555
CAN,2008,GNI,1644305.785,33247298,0.04945682458165472
CAN,2009,GNI,1543233.512,33630069,0.04588850269679792
CAN,2010,GNI,1611842.02,34005902,0.04739889034556413
CAN,2011,GNI,1680351.217,34339221,0.04893387700903291
CAN,2012,GNI,1704164.873,34713395,0.04909242881602332
CAN,2013,GNI,1751875.828,35080992,0.04993803561769291
CAN,2014,GNI,1791900.809,35434066,0.050570002578874236
CAN,2015,GNI,1763399.028,35704498,0.04938870805577493
CAN,2016,GNI,1780484.11,36110803,0.049306134510495384
CAN,2017,GNI,1855397.163,36545075,0.050770101388490786
CAN,2018,GNI,1901862.079,37072620,0.05130098922061618
CAN,2019,GNI,1942042.888,37618495,0.05162468323094797
CAN,2020,GNI,1834449.274,38028638,0.04823862674229879
CAN,2021,GNI,2014374.936,38239864,0.052677356174697695
CAN,2022,GNI,2124499.08,38935934,0.05456396859517997
CAN,2023,GNI,2120295.041,40083484,0.05289697474900137
CAN,2024,GNI,2155548.212,41288599,0.05220686252880607
CAN,1992,NNI,782286.01,28371264,0.02757318144161642
CAN,1993,NNI,803405.15,28684764,0.028008079480800332
CAN,1994,NNI,837313.9,29000663,0.028872233024465684
CAN,1995,NNI,870740.213,29302311,0.029715752214902094
CAN,1996,NNI,889677.508,29610218,0.03004630050342757
CAN,1997,NNI,926488.326,29905948,0.03098006878096625
CAN,1998,NNI,939358.405,30155173,0.031150821286948016
CAN,1999,NNI,997668.544,30401286,0.032816655979618754
CAN,2000,NNI,1083803.663,30685730,0.03531946813714387
CAN,2001,NNI,1090523.792,31020855,0.03515453690750948
CAN,2002,NNI,1114951.364,31359199,0.03555420417466658
CAN,2003,NNI,1163650.102,31642461,0.03677495571535981
CAN,2004,NNI,1226794.565,31938807,0.038410782375183895
CAN,2005,NNI,1284359.581,32242732,0.03983408046811914
CAN,2006,NNI,1324588.425,32571193,0.04066748261262644
CAN,2007,NNI,1361674.703,32888886,0.04140227501168632
CAN,2008,NNI,1385836.681,33247298,0.04168268594338102
CAN,2009,NNI,1275125.972,33630069,0.03791624608322986
CAN,2010,NNI,1346251.094,34005902,0.03958874827081487
CAN,2011,NNI,1409978.013,34339221,0.041060279527016644
CAN,2012,NNI,1424905.687,34713395,0.04104771910094072
CAN,2013,NNI,1462923.28,35080992,0.041701308788531406
CAN,2014,NNI,1496813.635,35434066,0.04224222066414845
CAN,2015,NNI,1455405.276,35704498,0.04076251894089087
CAN,2016,NNI,1466275.012,36110803,0.0406048852472209
CAN,2017,NNI,1543477.303,36545075,0.04223489219819634
CAN,2018,NNI,1582272.561,37072620,0.042680354423291364
CAN,2019,NNI,1615796.524,37618495,0.04295218413176816
CAN,2020,NNI,1506742.112,38028638,0.0396212483865449
CAN,2021,NNI,1681292.454,38239864,0.04396700924459355
CAN,2022,NNI,1779135.34,38935934,0.0456939170895451
CAN,2023,NNI,1767952.439,40083484,0.04410675576504278
CAN,2024,NNI,1797370.104,41288599,0.04353187435592087
CAN,1992,consumption,785783.211,28371264,0.027696447045855978
CAN,1993,consumption,795576.854,28684764,0.027735171675109478
CAN,1994,consumption,809188.602,29000663,0.027902417334389907
CAN,1995,consumption,819859.548,29302311,0.02797934770400874
CAN,1996,consumption,833039.198,29610218,0.028133504386897792
CAN,1997,consumption,861485.152,29905948,0.028806481974756326
CAN,1998,consumption,883241.011,30155173,0.02928986714816725
CAN,1999,consumption,913961.707,30401286,0.03006325808059567
CAN,2000,consumption,949626.846,30685730,0.030946855297234253
CAN,2001,consumption,974898.254,31020855,0.0314271883866515
CAN,2002,consumption,1009409.748,31359199,0.03218863300685709
CAN,2003,consumption,1037464.236,31642461,0.03278709061219986
CAN,2004,consumption,1065976.817,31938807,0.033375599063546736
CAN,2005,consumption,1099805.867,32242732,0.034110194725434556
CAN,2006,consumption,1141804.805,32571193,0.03505566421837849
CAN,2007,consumption,1186065.378,32888886,0.03606280182308395
CAN,2008,consumption,1224014.652,33247298,0.03681546247758239
CAN,2009,consumption,1233567.123,33630069,0.036680481476264584
CAN,2010,consumption,1273256.805,34005902,0.03744223002818746
CAN,2011,consumption,1298878.392,34339221,0.037824923052273085
CAN,2012,consumption,1319229.386,34713395,0.0380034677103752
CAN,2013,consumption,1341475.452,35080992,0.03823938194222102
CAN,2014,consumption,1368720.793,35434066,0.03862725753798619
CAN,2015,consumption,1397000.724,35704498,0.03912674319073188
CAN,2016,consumption,1425185.627,36110803,0.03946701564625966
CAN,2017,consumption,1471708.708,36545075,0.04027105452649913
CAN,2018,consumption,1512531.5,37072620,0.040799153121629926
CAN,2019,consumption,1534471.514,37618495,0.04079034831138247
CAN,2020,consumption,1469491.201,38028638,0.038641699473959595
CAN,2021,consumption,1553470.727,38239864,0.04062437897268672
CAN,2022,consumption,1641202.823,38935934,0.04215136647293475
CAN,2023,consumption,1678986.292,40083484,0.041887234452973196
CAN,2024,consumption,1722908.482,41288599,0.041728431667056566
CHE,1992,GDP,410653.057,6875364,0.0597281914092112
CHE,1993,GDP,410135.701,6938265,0.0591121412918071
CHE,1994,GDP,415343.431,6993795,0.05938741856173937
CHE,1995,GDP,417340.678,7040687,0.05927556188763966
CHE,1996,GDP,419678.482,7071851,0.05934492709193109
CHE,1997,GDP,428481.729,7088906,0.060443985150882236
CHE,1998,GDP,440376.869,7110002,0.06193765754214978
CHE,1999,GDP,447775.533,7143991,0.0626786250150651
CHE,2000,GDP,464044.19,7184250,0.06459187667467028
CHE,2001,GDP,471432.691,7226647,0.0652353285002021
CHE,2002,GDP,473226.069,7284754,0.06496115984149911
CHE,2003,GDP,471881.054,7339002,0.06429771432137503
CHE,2004,GDP,484088.282,7389626,0.06550917218273293
CHE,2005,GDP,498378.979,7437116,0.06701239821995515
CHE,2006,GDP,518983.573,7483935,0.06934634961420696
CHE,2007,GDP,539655.694,7551117,0.07146700203426858
CHE,2008,GDP,553317.598,7647676,0.0723510773730477
CHE,2009,GDP,542611.403,7743832,0.07007014137186861
CHE,2010,GDP,560303.958,7824910,0.07160516325427385
CHE,2011,GDP,568191.136,7912396,0.07181025014420411
CHE,2012,GDP,574578.376,7996861,0.07185048933575312
CHE,2013,GDP,585128.347,8089346,0.0723332080244806
CHE,2014,GDP,600010.639,8188646,0.07327348611724087
CHE,2015,GDP,608737.813,8282398,0.07349777359165786
CHE,2016,GDP,620374.391,8373334,0.07408929238938754
CHE,2017,GDP,629185.855,8451834,0.07444370712912723
CHE,2018,GDP,650121.589,8514327,0.07635619221577936
CHE,2019,GDP,657372.538,8575280,0.0766590173148865
CHE,2020,GDP,642547.091,8638169,0.07438463996247353
CHE,2021,GDP,682232.267,8704542,0.078376583971908
CHE,2022,GDP,706344.422,8777085,0.08047596918566928
CHE,2023,GDP,712175.725,8888818,0.08012040802275398
CHE,2024,GDP,722077.344,9005581,0.08018109481220591
CHE,1992,GNI,NA,6875364,NA
CHE,1993,GNI,NA,6938265,NA
CHE,1994,GNI,NA,6993795,NA
CHE,1995,GNI,NA,7040687,NA
CHE,1996,GNI,NA,7071851,NA
CHE,1997,GNI,NA,7088906,NA
CHE,1998,GNI,NA,7110002,NA
CHE,1999,GNI,NA,7143991,NA
CHE,2000,GNI,NA,7184250,NA
CHE,2001,GNI,NA,7226647,NA
CHE,2002,GNI,NA,7284754,NA
CHE,2003,GNI,NA,7339002,NA
CHE,2004,GNI,NA,7389626,NA
CHE,2005,GNI,NA,7437116,NA
CHE,2006,GNI,NA,7483935,NA
CHE,2007,GNI,NA,7551117,NA
CHE,2008,GNI,NA,7647676,NA
CHE,2009,GNI,NA,7743832,NA
CHE,2010,GNI,NA,7824910,NA
CHE,2011,GNI,NA,7912396,NA
CHE,2012,GNI,NA,7996861,NA
CHE,2013,GNI,NA,8089346,NA
CHE,2014,GNI,NA,8188646,NA
CHE,2015,GNI,NA,8282398,NA
CHE,2016,GNI,NA,8373334,NA
CHE,2017,GNI,NA,8451834,NA
CHE,2018,GNI,NA,8514327,NA
CHE,2019,GNI,NA,8575280,NA
CHE,2020,GNI,NA,8638169,NA
CHE,2021,GNI,NA,8704542,NA
CHE,2022,GNI,NA,8777085,NA
CHE,2023,GNI,NA,8888818,NA
CHE,2024,GNI,NA,9005581,NA
CHE,1992,NNI,NA,6875364,NA
CHE,1993,NNI,NA,6938265,NA
CHE,1994,NNI,NA,6993795,NA
CHE,1995,NNI,NA,7040687,NA
CHE,1996,NNI,NA,7071851,NA
CHE,1997,NNI,NA,7088906,NA
CHE,1998,NNI,NA,7110002,NA
CHE,1999,NNI,NA,7143991,NA
CHE,2000,NNI,NA,7184250,NA
CHE,2001,NNI,NA,7226647,NA
CHE,2002,NNI,NA,7284754,NA
CHE,2003,NNI,NA,7339002,NA
CHE,2004,NNI,NA,7389626,NA
CHE,2005,NNI,NA,7437116,NA
CHE,2006,NNI,NA,7483935,NA
CHE,2007,NNI,NA,7551117,NA
CHE,2008,NNI,NA,7647676,NA
CHE,2009,NNI,NA,7743832,NA
CHE,2010,NNI,NA,7824910,NA
CHE,2011,NNI,NA,7912396,NA
CHE,2012,NNI,NA,7996861,NA
CHE,2013,NNI,NA,8089346,NA
CHE,2014,NNI,NA,8188646,NA
CHE,2015,NNI,NA,8282398,NA
CHE,2016,NNI,NA,8373334,NA
CHE,2017,NNI,NA,8451834,NA
CHE,2018,NNI,NA,8514327,NA
CHE,2019,NNI,NA,8575280,NA
CHE,2020,NNI,NA,8638169,NA
CHE,2021,NNI,NA,8704542,NA
CHE,2022,NNI,NA,8777085,NA
CHE,2023,NNI,NA,8888818,NA
CHE,2024,NNI,NA,9005581,NA
CHE,1992,consumption,280773.316,6875364,0.04083759288962737
CHE,1993,consumption,280145.899,6938265,0.04037693847092897
CHE,1994,consumption,284162.539,6993795,0.04063066461055836
CHE,1995,consumption,286696.186,7040687,0.04071991639452229
CHE,1996,consumption,290832.916,7071851,0.04112543038590604
CHE,1997,consumption,295814.701,7088906,0.04172924581028441
CHE,1998,consumption,301859.949,7110002,0.04245567708701067
CHE,1999,consumption,308739.622,7143991,0.043216686863127345
CHE,2000,consumption,316253.499,7184250,0.04402039169015555
CHE,2001,consumption,322443.089,7226647,0.04461863005069986
CHE,2002,consumption,323907.046,7284754,0.044463690331890404
CHE,2003,consumption,326087.539,7339002,0.04443213654935644
CHE,2004,consumption,332015.684,7389626,0.04492997128677419
CHE,2005,consumption,337608.077,7437116,0.04539502637850479
CHE,2006,consumption,342074.969,7483935,0.045707902193164424
CHE,2007,consumption,348229.328,7551117,0.04611626703704895
CHE,2008,consumption,353020.176,7647676,0.04616045135803347
CHE,2009,consumption,358608.828,7743832,0.04630896279774664
CHE,2010,consumption,364487.471,7824910,0.046580404247460995
CHE,2011,consumption,369460.091,7912396,0.04669383218433456
CHE,2012,consumption,376651.454,7996861,0.04709991257819787
CHE,2013,consumption,385172.465,8089346,0.04761478431012841
CHE,2014,consumption,389493.13,8188646,0.0475650223492382
CHE,2015,consumption,397763.289,8282398,0.048025135836263846
CHE,2016,consumption,402579.457,8373334,0.04807875297939865
CHE,2017,consumption,408399.379,8451834,0.04832079984060265
CHE,2018,consumption,409270.736,8514327,0.04806847752030195
CHE,2019,consumption,414830.582,8575280,0.0483751646593464
CHE,2020,consumption,404888.205,8638169,0.04687199393760414
CHE,2021,consumption,414279.62,8704542,0.047593500037107064
CHE,2022,consumption,429941.908,8777085,0.04898458975844486
CHE,2023,consumption,435996.403,8888818,0.049049986511142424
CHE,2024,consumption,445482.05,9005581,0.049467330314390594
DEU,1992,GDP,3512056.358,80624601,0.04356060451077457
DEU,1993,GDP,3477882.888,81156368,0.042854097265663735
DEU,1994,GDP,3568198.488,81438346,0.04381472197384755
DEU,1995,GDP,3621899.656,81678046,0.04434361292139628
DEU,1996,GDP,3659490.467,81914834,0.04467433172116299
DEU,1997,GDP,3727349.218,82034775,0.04543620943679068
DEU,1998,GDP,3805460.007,82047197,0.04638135300344264
DEU,1999,GDP,3886499.948,82100243,0.0473384707034302
DEU,2000,GDP,3998296.018,82211501,0.04863426612293577
DEU,2001,GDP,4063713.807,82349926,0.04934690295896562
DEU,2002,GDP,4054438.147,82488493,0.049151560412189856
DEU,2003,GDP,4032957.678,82534175,0.048864093910189324
DEU,2004,GDP,4079824.148,82516268,0.04944266442103271
DEU,2005,GDP,4115950.391,82469421,0.04990880669575696
DEU,2006,GDP,4275101.121,82376447,0.05189712929716428
DEU,2007,GDP,4398613.812,82266373,0.053467943846266325
DEU,2008,GDP,4437669.207,82110097,0.054045353362571234
DEU,2009,GDP,4191620.218,81902308,0.05117829180100761
DEU,2010,GDP,4364928.531,81776936,0.053376034179123566
DEU,2011,GDP,4528961.186,80274981,0.056418091036359135
DEU,2012,GDP,4549953.466,80425826,0.05657328861005419
DEU,2013,GDP,4568016.58,80645605,0.056643093941697135
DEU,2014,GDP,4667607.839,80982495,0.0576372441846846
DEU,2015,GDP,4745230.439,81686608,0.05809067796033348
DEU,2016,GDP,4850680.001,82348669,0.05890417003582657
DEU,2017,GDP,4986397.503,82657000,0.060326378927374566
DEU,2018,GDP,5043027.822,82905788,0.06082841673249641
DEU,2019,GDP,5092335.255,83092956,0.06128480078383539
DEU,2020,GDP,4881924.32,83160871,0.05870458379398167
DEU,2021,GDP,5072807.558,83196077.5,0.06097411933873926
DEU,2022,GDP,5164587.741,83177812.5,0.062090930090280994
DEU,2023,GDP,5119674.028,83287273,0.0614700643158289
DEU,2024,GDP,5094288.028,83516592.5,0.06099731652725175
DEU,1992,GNI,NA,80624601,NA
DEU,1993,GNI,NA,81156368,NA
DEU,1994,GNI,NA,81438346,NA
DEU,1995,GNI,3622931.356,81678046,0.044356244222590734
DEU,1996,GNI,3662233.853,81914834,0.04470782243177103
DEU,1997,GNI,3710578.462,82034775,0.045231774719928224
DEU,1998,GNI,3793678.617,82047197,0.046237760163823756
DEU,1999,GNI,3877125.118,82100243,0.047224283099868536
DEU,2000,GNI,3947431.885,82211501,0.048015567615046946
DEU,2001,GNI,4006945.65,82349926,0.048657550099073556
DEU,2002,GNI,3999207.101,82488493,0.048481999798444614
DEU,2003,GNI,3994455.1,82534175,0.04839758924106287
DEU,2004,GNI,4100159.323,82516268,0.04968910279606925
DEU,2005,GNI,4125514.342,82469421,0.050024776359227745
DEU,2006,GNI,4296331.942,82376447,0.05215485856048149
DEU,2007,GNI,4413517.72,82266373,0.05364911031145131
DEU,2008,GNI,4403037.181,82110097,0.053623577877395516
DEU,2009,GNI,4264211.396,81902308,0.05206460599376515
DEU,2010,GNI,4402413.164,81776936,0.05383441076833693
DEU,2011,GNI,4551692.232,80274981,0.05670125579973666
DEU,2012,GNI,4565111.685,80425826,0.05676176313066402
DEU,2013,GNI,4590154.584,80645605,0.05691760368094455
DEU,2014,GNI,4695405.617,80982495,0.057980500810699886
DEU,2015,GNI,4810173.757,81686608,0.05888570813223142
DEU,2016,GNI,4985265.061,82348669,0.06053850197627359
DEU,2017,GNI,5092444.064,82657000,0.06160935025466688
DEU,2018,GNI,5202148.679,82905788,0.06274771405586302
DEU,2019,GNI,5251474.315,83092956,0.06319999393209697
DEU,2020,GNI,5005950.256,83160871,0.06019598154521494
DEU,2021,GNI,5199182.759,83196077.5,0.06249312365718203
DEU,2022,GNI,5198958.057,83177812.5,0.06250414504468965
DEU,2023,GNI,5247948.803,83287273,0.06301021289291102
DEU,2024,GNI,5257245.909,83516592.5,0.06294852018776988
DEU,1992,NNI,2939520.338,80624601,0.036459347414320845
DEU,1993,NNI,2903185.766,81156368,0.035772741407057544
DEU,1994,NNI,2975763.778,81438346,0.036540081229056394
DEU,1995,NNI,3029315.199,81678046,0.037088487633506806
DEU,1996,NNI,3057285.876,81914834,0.03732273785722376
DEU,1997,NNI,3093081.084,82034775,0.03770451109300903
DEU,1998,NNI,3162267.069,82047197,0.03854204877955794
DEU,1999,NNI,3231318.327,82100243,0.03935820661334705
DEU,2000,NNI,3279497.896,82211501,0.0398909867367584
DEU,2001,NNI,3327275.633,82349926,0.04040411199640908
DEU,2002,NNI,3313419.064,82488493,0.04016825794114095
DEU,2003,NNI,3308531.09,82534175,0.04008680149768262
DEU,2004,NNI,3410383.676,82516268,0.04132983420917679
DEU,2005,NNI,3430344.902,82469421,0.0415953557137257
DEU,2006,NNI,3589950.511,82376447,0.043579817311130205
DEU,2007,NNI,3684012.668,82266373,0.04478151319494783
DEU,2008,NNI,3655098.039,82110097,0.04451459896582512
DEU,2009,NNI,3503685.261,81902308,0.04277883427900469
DEU,2010,NNI,3635650.214,81776936,0.044458136876148066
DEU,2011,NNI,3775015.936,80274981,0.04702605829330561
DEU,2012,NNI,3772070.373,80425826,0.0469012326090378
DEU,2013,NNI,3787662.358,80645605,0.04696675482811494
DEU,2014,NNI,3880968.164,80982495,0.047923544020223134
DEU,2015,NNI,3977105.956,81686608,0.048687368142401016
DEU,2016,NNI,4133438.429,82348669,0.05019435625607986
DEU,2017,NNI,4220864.853,82657000,0.05106482031769844
DEU,2018,NNI,4306320.259,82905788,0.05194233554598142
DEU,2019,NNI,4329059.534,83092956,0.052098995419058144
DEU,2020,NNI,4063045.575,83160871,0.0488576601728955
DEU,2021,NNI,4230702.663,83196077.5,0.05085218907105326
DEU,2022,NNI,4189585.572,83177812.5,0.05036902806262187
DEU,2023,NNI,4214439.311,83287273,0.050601240251917
DEU,2024,NNI,4214311.911,83516592.5,0.05046077413898323
DEU,1992,consumption,2601394.785,80624601,0.032265521351231244
DEU,1993,consumption,2613149.69,81156368,0.03219894820822933
DEU,1994,consumption,2666937.257,81438346,0.032747930035317764
DEU,1995,consumption,2708613.726,81678046,0.0331620779223832
DEU,1996,consumption,2761332.657,81914834,0.033709799826976396
DEU,1997,consumption,2789116.965,82034775,0.03399920295996423
DEU,1998,consumption,2840054.861,82047197,0.034614891974920244
DEU,1999,consumption,2927682.298,82100243,0.03565984936244342
DEU,2000,consumption,2991443.72,82211501,0.03638716826250381
DEU,2001,consumption,3016022.136,82349926,0.036624466863516066
DEU,2002,consumption,3013884.894,82488493,0.03653703425034083
DEU,2003,consumption,3035613.639,82534175,0.03678008096646026
DEU,2004,consumption,3045587.494,82516268,0.036908934054070405
DEU,2005,consumption,3070878.338,82469421,0.03723656963712647
DEU,2006,consumption,3112911,82376447,0.037788847581639445
DEU,2007,consumption,3123953.49,82266373,0.03797363826894374
DEU,2008,consumption,3154587.469,82110097,0.038418995766135805
DEU,2009,consumption,3187002.498,81902308,0.038912242839359304
DEU,2010,consumption,3213718.171,81776936,0.03929858867541822
DEU,2011,consumption,3250051.491,80274981,0.04048648097468874
DEU,2012,consumption,3287809.654,80425826,0.04088002346410468
DEU,2013,consumption,3303482.851,80645605,0.04096296197418321
DEU,2014,consumption,3343378.27,80982495,0.0412851971280954
DEU,2015,consumption,3425306.352,81686608,0.04193228775027603
DEU,2016,consumption,3518276.924,82348669,0.042724150453482136
DEU,2017,consumption,3572064.491,82657000,0.043215510979106427
DEU,2018,consumption,3618727.873,82905788,0.04364867592839236
DEU,2019,consumption,3691750.736,83092956,0.04442916600535911
DEU,2020,consumption,3562090.636,83160871,0.04283373410074072
DEU,2021,consumption,3644731.132,83196077.5,0.043808929958266365
DEU,2022,consumption,3816423.908,83177812.5,0.04588271551382768
DEU,2023,consumption,3796476.198,83287273,0.04558290914387364
DEU,2024,consumption,3838865.081,83516592.5,0.04596529822502037
DNK,1992,GDP,234400.806,5171370,0.04532663607515997
DNK,1993,GDP,234215.862,5189377,0.04513371489487081
DNK,1994,GDP,246616.881,5204994,0.047380819459157876
DNK,1995,GDP,254109.155,5227861,0.04860671601635927
DNK,1996,GDP,261467.522,5261503,0.049694454607362194
DNK,1997,GDP,269752.072,5284220,0.05104860736305453
DNK,1998,GDP,276027.322,5301304,0.05206781614485794
DNK,1999,GDP,284217.895,5319111,0.05343334534661902
DNK,2000,GDP,294802.195,5337344,0.05523387568798264
DNK,2001,GDP,297602.911,5355082,0.055573922304084235
DNK,2002,GDP,298961.558,5374255,0.05562846534077747
DNK,2003,GDP,300280.25,5387174,0.05573984616052869
DNK,2004,GDP,308617.087,5401177,0.05713885825256236
DNK,2005,GDP,315899.243,5415978,0.05832727588627576
DNK,2006,GDP,327955.498,5434567,0.060346205686672004
DNK,2007,GDP,331192.989,5457415,0.060686788342099694
DNK,2008,GDP,329811.323,5489022,0.060085626000405894
DNK,2009,GDP,313404.928,5519441,0.056782005279157804
DNK,2010,GDP,318365.806,5543819,0.057427164559304696
DNK,2011,GDP,322538.957,5566856,0.05793915937469911
DNK,2012,GDP,322521.435,5587085,0.05772624454433752
DNK,2013,GDP,327013.106,5608784,0.05830374391311914
DNK,2014,GDP,331192.332,5639719,0.058724970517148103
DNK,2015,GDP,338161.992,5678348,0.05955288263417459
DNK,2016,GDP,348553.864,5724456,0.06088855674670222
DNK,2017,GDP,359207.334,5760694,0.06235487147902665
DNK,2018,GDP,365888.617,5789957,0.06319366741411034
DNK,2019,GDP,372150.438,5814461,0.06400428827366803
DNK,2020,GDP,365525.766,5825337,0.0627475742605106
DNK,2021,GDP,389285.871,5850189,0.06654244350054331
DNK,2022,GDP,391013.648,5910577,0.06615490298155324
DNK,2023,GDP,393377.669,5944145,0.06617901632614952
DNK,2024,GDP,407058.699,5972420,0.06815640879241582
DNK,1992,GNI,NA,5171370,NA
DNK,1993,GNI,NA,5189377,NA
DNK,1994,GNI,NA,5204994,NA
DNK,1995,GNI,235953.882,5227861,0.0451339241804631
DNK,1996,GNI,243429.927,5261503,0.04626623362183772
DNK,1997,GNI,251692.838,5284220,0.047631029366680414
DNK,1998,GNI,257962.114,5301304,0.048660124754211415
DNK,1999,GNI,266001.581,5319111,0.05000865388971954
DNK,2000,GNI,274105.03,5337344,0.05135607335783492
DNK,2001,GNI,278681.682,5355082,0.05204060031200269
DNK,2002,GNI,281226.795,5374255,0.0523285171619136
DNK,2003,GNI,283830.146,5387174,0.05268627781467612
DNK,2004,GNI,295699.954,5401177,0.054747317853127205
DNK,2005,GNI,307613.12,5415978,0.056797335587404525
DNK,2006,GNI,319675.519,5434567,0.05882262910734194
DNK,2007,GNI,319591.156,5457415,0.05856090401774467
DNK,2008,GNI,323305.991,5489022,0.05890047279825076
DNK,2009,GNI,305845.929,5519441,0.055412482713376225
DNK,2010,GNI,317394.386,5543819,0.057251938780829605
DNK,2011,GNI,320346.199,5566856,0.057545264149099606
DNK,2012,GNI,321934.532,5587085,0.05762119817400308
DNK,2013,GNI,330904.945,5608784,0.05899762675831339
DNK,2014,GNI,338921.145,5639719,0.060095395710318196
DNK,2015,GNI,345569.46,5678348,0.060857393734938404
DNK,2016,GNI,353447.62,5724456,0.06174344252100112
DNK,2017,GNI,363584.131,5760694,0.06311464052768642
DNK,2018,GNI,371276.469,5789957,0.06412421871181427
DNK,2019,GNI,378130.35,5814461,0.06503274336176645
DNK,2020,GNI,377351.069,5825337,0.06477755175365821
DNK,2021,GNI,410038.313,5850189,0.0700897548780048
DNK,2022,GNI,419169.197,5910577,0.07091849019139755
DNK,2023,GNI,403205.284,5944145,0.06783234325542192
DNK,2024,GNI,413359.907,5972420,0.06921145984374844
DNK,1992,NNI,179422.178,5171370,0.034695289256038535
DNK,1993,NNI,179360.158,5189377,0.03456294618795281
DNK,1994,NNI,189409.283,5204994,0.036389913802013986
DNK,1995,NNI,196327.364,5227861,0.037554052030075016
DNK,1996,NNI,203051.76,5261503,0.03859196887277267
DNK,1997,NNI,209408.013,5284220,0.039628935396330965
DNK,1998,NNI,214639.595,5301304,0.0404880751981022
DNK,1999,NNI,221409.869,5319111,0.041625352244012204
DNK,2000,NNI,228614.626,5337344,0.04283303193498489
DNK,2001,NNI,231525.516,5355082,0.04323472843179619
DNK,2002,NNI,232820.305,5374255,0.043321410130334345
DNK,2003,NNI,234070.822,5387174,0.04344964948227029
DNK,2004,NNI,244809.298,5401177,0.04532517597553274
DNK,2005,NNI,256180.691,5415978,0.0473009105649986
DNK,2006,NNI,267313.588,5434567,0.049187651564512866
DNK,2007,NNI,265321.414,5457415,0.04861668280678673
DNK,2008,NNI,265482.838,5489022,0.04836614573597992
DNK,2009,NNI,250969.574,5519441,0.04547010720832055
DNK,2010,NNI,262150.012,5543819,0.04728689951818412
DNK,2011,NNI,265315.877,5566856,0.047659913782573136
DNK,2012,NNI,266659.344,5587085,0.04772781226704086
DNK,2013,NNI,275654.186,5608784,0.04914687140742093
DNK,2014,NNI,283769.324,5639719,0.05031621681860391
DNK,2015,NNI,289740.409,5678348,0.0510254758954541
DNK,2016,NNI,296210.24,5724456,0.05174469678865555
DNK,2017,NNI,305331.256,5760694,0.053002512544495506
DNK,2018,NNI,311380.455,5789957,0.05377940717003598
DNK,2019,NNI,315362.401,5814461,0.05423759846355492
DNK,2020,NNI,313708.432,5825337,0.05385240922542335
DNK,2021,NNI,344184.76,5850189,0.05883310094767879
DNK,2022,NNI,353892.535,5910577,0.059874447959987656
DNK,2023,NNI,334235.38,5944145,0.05622934501093092
DNK,2024,NNI,341804.805,5972420,0.05723053720267496
DNK,1992,consumption,169207.117,5171370,0.032719978845064265
DNK,1993,consumption,170422.402,5189377,0.03284062846079597
DNK,1994,consumption,179037.686,5204994,0.03439728960302355
DNK,1995,consumption,182398.474,5227861,0.03488969465714563
DNK,1996,consumption,187211.329,5261503,0.035581340350846515
DNK,1997,consumption,191077.837,5284220,0.036160083607419825
DNK,1998,consumption,196270.079,5301304,0.037022981326858447
DNK,1999,consumption,198209.51,5319111,0.037263653644377795
DNK,2000,consumption,200630.074,5337344,0.037589871291788576
DNK,2001,consumption,202583.251,5355082,0.037830093171309045
DNK,2002,consumption,206017.148,5374255,0.03833408500340977
DNK,2003,consumption,207966.969,5387174,0.038604093537724975
DNK,2004,consumption,215646.061,5401177,0.039925753405230004
DNK,2005,consumption,222149.132,5415978,0.041017362330496916
DNK,2006,consumption,228179.987,5434567,0.04198678330766738
DNK,2007,consumption,231977.669,5457415,0.0425068771570423
DNK,2008,consumption,234848.659,5489022,0.042785155351900576
DNK,2009,consumption,231700.071,5519441,0.04197890166775947
DNK,2010,consumption,234995.022,5543819,0.04238865338136039
DNK,2011,consumption,234858.433,5566856,0.04218870274352345
DNK,2012,consumption,236108.694,5587085,0.04225972828406942
DNK,2013,consumption,238400.496,5608784,0.04250484525701115
DNK,2014,consumption,239712.805,5639719,0.04250438807323556
DNK,2015,consumption,244499.746,5678348,0.04305825321026468
DNK,2016,consumption,249755.533,5724456,0.04362956637276974
DNK,2017,consumption,255018.329,5760694,0.04426868169008803
DNK,2018,consumption,261682.773,5789957,0.04519597865752716
DNK,2019,consumption,265623.139,5814461,0.04568319213079252
DNK,2020,consumption,261705.189,5825337,0.044925330328528634
DNK,2021,consumption,275757.556,5850189,0.04713652088847044
DNK,2022,consumption,269557.808,5910577,0.04560600564039687
DNK,2023,consumption,265215.088,5944145,0.044617869853444014
DNK,2024,consumption,267797.013,5972420,0.044838945184699
ESP,1992,GDP,1209692.28,39147940,0.030900534740780743
ESP,1993,GDP,1197214.404,39356082,0.03042006071640973
ESP,1994,GDP,1225746.362,39547353,0.03099439707127807
ESP,1995,GDP,1259546.244,39718895,0.03171151271957591
ESP,1996,GDP,1292387.794,39884246,0.03240346561898149
ESP,1997,GDP,1338749.618,40049974,0.03342697845446791
ESP,1998,GDP,1396342.324,40214066,0.034722734179627596
ESP,1999,GDP,1457905.179,40369667,0.03611387676296661
ESP,2000,GDP,1533725.597,40554387,0.03781898113760171
ESP,2001,GDP,1593833.665,40766049,0.03909708456171458
ESP,2002,GDP,1637751.052,41423520,0.03953674270076517
ESP,2003,GDP,1685889.298,42196231,0.03995355172835223
ESP,2004,GDP,1738396.851,42859172,0.040560672777346235
ESP,2005,GDP,1800131.245,43662613,0.041228206955914434
ESP,2006,GDP,1872918.385,44360521,0.042220387470201265
ESP,2007,GDP,1939097.958,45236004,0.042866252244561656
ESP,2008,GDP,1953974.054,45983169,0.042493244734828954
ESP,2009,GDP,1880345.711,46367550,0.040553052964842864
ESP,2010,GDP,1882115.536,46562483,0.040421288014215226
ESP,2011,GDP,1870071.49,46736257,0.040013291821807635
ESP,2012,GDP,1816491.816,46749303,0.038856019222361454
ESP,2013,GDP,1790564.624,46581124,0.038439704117058236
ESP,2014,GDP,1817789.908,46433050,0.03914862168218543
ESP,2015,GDP,1891607.933,46384379,0.04078114170721139
ESP,2016,GDP,1946751.255,46427100,0.04193135593220339
ESP,2017,GDP,2003129.991,46510461,0.0430683753274344
ESP,2018,GDP,2051113.192,46715383,0.043906590512165986
ESP,2019,GDP,2091339.183,47087778,0.04441363070901328
ESP,2020,GDP,1862545.199,47344852,0.03933997299220621
ESP,2021,GDP,1987021.78,47346836,0.041967361451565634
ESP,2022,GDP,2113601.369,47781354,0.04423485715787794
ESP,2023,GDP,2165614.097,48320520,0.04481769022767139
ESP,2024,GDP,2240441.566,48807137,0.04590397437161701
ESP,1992,GNI,1175003.218,39147940,0.030014432892254358
ESP,1993,GNI,1164500.238,39356082,0.029588825381550936
ESP,1994,GNI,1173524.184,39547353,0.02967389964127308
ESP,1995,GNI,1225309.084,39718895,0.030849526000156852
ESP,1996,GNI,1254847.026,39884246,0.03146222260287934
ESP,1997,GNI,1303371.841,40049974,0.032543637631325305
ESP,1998,GNI,1369331.294,40214066,0.034051053032041076
ESP,1999,GNI,1434643.153,40369667,0.03553765140049334
ESP,2000,GNI,1495365.62,40554387,0.036873091436445585
ESP,2001,GNI,1552494.869,40766049,0.03808303495391471
ESP,2002,GNI,1613692.811,41423520,0.03895595572273916
ESP,2003,GNI,1674225.374,42196231,0.039677130737103036
ESP,2004,GNI,1724086.261,42859172,0.040226774819634874
ESP,2005,GNI,1781696.876,43662613,0.040806006640051525
ESP,2006,GNI,1847310.158,44360521,0.04164311230699928
ESP,2007,GNI,1906841.845,45236004,0.04215318941522775
ESP,2008,GNI,1906011.66,45983169,0.04145020235556188
ESP,2009,GNI,1871632.597,46367550,0.04036513891719532
ESP,2010,GNI,1868046.923,46562483,0.040119143195177114
ESP,2011,GNI,1832259.933,46736257,0.03920425063136742
ESP,2012,GNI,1791914.15,46749303,0.03833028590821985
ESP,2013,GNI,1775281.703,46581124,0.03811161154033123
ESP,2014,GNI,1802624.103,46433050,0.03882200508043301
ESP,2015,GNI,1884562.846,46384379,0.040629256802166086
ESP,2016,GNI,1945549.083,46427100,0.0419054621761859
ESP,2017,GNI,1995273.27,46510461,0.042899451587891164
ESP,2018,GNI,2040736.279,46715383,0.04368445997756242
ESP,2019,GNI,2080683.388,47087778,0.044187334301482646
ESP,2020,GNI,1865941.349,47344852,0.03941170518391313
ESP,2021,GNI,1996468.981,47346836,0.042166893285118356
ESP,2022,GNI,2073357.221,47781354,0.04339260082499964
ESP,2023,GNI,2153514.429,48320520,0.04456728588599626
ESP,2024,GNI,2235854.764,48807137,0.045809996271651825
ESP,1992,NNI,1040842.764,39147940,0.026587421049485617
ESP,1993,NNI,1025350.275,39356082,0.0260531593312566
ESP,1994,NNI,1031147.61,39547353,0.02607374531488871
ESP,1995,NNI,1079925.596,39718895,0.02718921551065305
ESP,1996,NNI,1104327.028,39884246,0.027688301491270512
ESP,1997,NNI,1145477.728,40049974,0.028601210277939253
ESP,1998,NNI,1207149.439,40214066,0.03001808966544194
ESP,1999,NNI,1260850.878,40369667,0.03123263013291638
ESP,2000,NNI,1311410.648,40554387,0.03233708471539713
ESP,2001,NNI,1360034.34,40766049,0.03336193654675733
ESP,2002,NNI,1411664.459,41423520,0.03407881462029301
ESP,2003,NNI,1462723.509,42196231,0.034664790535439055
ESP,2004,NNI,1501338.012,42859172,0.035029561747016484
ESP,2005,NNI,1547144.184,43662613,0.03543407225765439
ESP,2006,NNI,1602364.206,44360521,0.036121401865410914
ESP,2007,NNI,1651428.65,45236004,0.03650695251508068
ESP,2008,NNI,1642600.904,45983169,0.035721785595072844
ESP,2009,NNI,1599585.748,46367550,0.034497957041077214
ESP,2010,NNI,1590890.459,46562483,0.034166787432706285
ESP,2011,NNI,1552161.784,46736257,0.03321108457615679
ESP,2012,NNI,1511465.166,46749303,0.032331287719947394
ESP,2013,NNI,1498055.896,46581124,0.03216014916256636
ESP,2014,NNI,1522790.628,46433050,0.032795403877195234
ESP,2015,NNI,1598481.993,46384379,0.03446164479209693
ESP,2016,NNI,1652493.03,46427100,0.03559328560258987
ESP,2017,NNI,1695887.594,46510461,0.03646249806038259
ESP,2018,NNI,1736367.185,46715383,0.03716906666482859
ESP,2019,NNI,1770922.429,47087778,0.03760896148040793
ESP,2020,NNI,1550084.518,47344852,0.03274029704433335
ESP,2021,NNI,1671825.784,47346836,0.035310190188843876
ESP,2022,NNI,1738317.986,47781354,0.03638067657103229
ESP,2023,NNI,1815011.665,48320520,0.03756192327814353
ESP,2024,NNI,1890126.189,48807137,0.03872643029645439
ESP,1992,consumption,970431.336,39147940,0.02478882250253781
ESP,1993,consumption,961871.831,39356082,0.024440233430756648
ESP,1994,consumption,971078.596,39547353,0.02455483167229928
ESP,1995,consumption,989335.39,39718895,0.024908431868509936
ESP,1996,consumption,1009674.356,39884246,0.025315117051479423
ESP,1997,consumption,1036272.86,40049974,0.0258744951994226
ESP,1998,consumption,1078829.478,40214066,0.02682716733990539
ESP,1999,consumption,1127182.149,40369667,0.027921512183887966
ESP,2000,consumption,1176285.304,40554387,0.02900513091222412
ESP,2001,consumption,1221512.329,40766049,0.029963961653482776
ESP,2002,consumption,1261233.598,41423520,0.030447282075497205
ESP,2003,consumption,1297199.144,42196231,0.03074206186803746
ESP,2004,consumption,1356277.976,42859172,0.03164498782197659
ESP,2005,consumption,1415028.574,43662613,0.03240824304308128
ESP,2006,consumption,1472693.855,44360521,0.03319829933918044
ESP,2007,consumption,1529385.98,45236004,0.03380904246095654
ESP,2008,consumption,1539623.913,45983169,0.033482335960794696
ESP,2009,consumption,1512933.041,46367550,0.03262913483675545
ESP,2010,consumption,1521006.939,46562483,0.032665932763937866
ESP,2011,consumption,1496043.007,46736257,0.03201032994576352
ESP,2012,consumption,1444424.49,46749303,0.03089724118453702
ESP,2013,consumption,1405120.524,46581124,0.03016501971914632
ESP,2014,consumption,1421500.888,46433050,0.030613989130586942
ESP,2015,consumption,1460333.121,46384379,0.03148329572332961
ESP,2016,consumption,1492697.989,46427100,0.03215143717785517
ESP,2017,consumption,1530855.611,46510461,0.03291422140494372
ESP,2018,consumption,1558752.207,46715383,0.03336700048033428
ESP,2019,consumption,1580476.683,47087778,0.033564477877890096
ESP,2020,consumption,1450129.825,47344852,0.03062909194435754
ESP,2021,consumption,1539077.956,47346836,0.032506458425226134
ESP,2022,consumption,1597261.154,47781354,0.033428545243820426
ESP,2023,consumption,1637087.986,48320520,0.03387976756044844
ESP,2024,consumption,1686831.116,48807137,0.034561156824257075
FIN,1992,GDP,169336.453,5041990,0.033585241739868585
FIN,1993,GDP,168015.941,5066452,0.03316244602731853
FIN,1994,GDP,174676.719,5088324,0.034328930115299264
FIN,1995,GDP,182073.173,5107787,0.035646195309240576
FIN,1996,GDP,188741.89,5124573,0.036830754484324844
FIN,1997,GDP,200817.031,5139839,0.03907068509344359
FIN,1998,GDP,211770.134,5153499,0.041092495409429594
FIN,1999,GDP,221065.32,5165470,0.0427967484081797
FIN,2000,GDP,233784.839,5176203,0.04516531500020382
FIN,2001,GDP,239957.371,5188005,0.04625233996497691
FIN,2002,GDP,244006.235,5200598,0.046918880290305075
FIN,2003,GDP,248915.152,5213010,0.047748834550480436
FIN,2004,GDP,258885.148,5228173,0.04951732622466777
FIN,2005,GDP,266075.19,5246100,0.05071866529421856
FIN,2006,GDP,276770.277,5266266,0.052555316613327165
FIN,2007,GDP,291474.533,5288719,0.05511250134484362
FIN,2008,GDP,293760.95,5313398,0.05528683339738525
FIN,2009,GDP,270036.725,5338867,0.05057940664189611
FIN,2010,GDP,278592.265,5363341,0.051943791192840434
FIN,2011,GDP,285251.72,5388272,0.05293936905931994
FIN,2012,GDP,280907.792,5413967,0.05188575992428473
FIN,2013,GDP,278155.623,5438975,0.05114118432241369
FIN,2014,GDP,276825.849,5461507,0.05068671504037255
FIN,2015,GDP,278117.252,5479528,0.050755695016067075
FIN,2016,GDP,285270.244,5495297,0.051911706319057914
FIN,2017,GDP,294693.777,5508209,0.05350083430022354
FIN,2018,GDP,298209.408,5515525,0.054067275191391574
FIN,2019,GDP,302234.455,5521605,0.054736703367951896
FIN,2020,GDP,294705.685,5529545,0.05329655242881647
FIN,2021,GDP,302593.031,5541020,0.054609626206005395
FIN,2022,GDP,304901.941,5556108,0.05487689242181757
FIN,2023,GDP,300969.516,5583901,0.05389950788883972
FIN,2024,GDP,302096.846,5619914,0.053754709769580106
FIN,1992,GNI,NA,5041990,NA
FIN,1993,GNI,NA,5066452,NA
FIN,1994,GNI,NA,5088324,NA
FIN,1995,GNI,190431.26,5107787,0.037282537427657025
FIN,1996,GNI,196293.451,5124573,0.03830435257727815
FIN,1997,GNI,211154.729,5139839,0.041081973384769446
FIN,1998,GNI,224155.998,5153499,0.043495884640707215
FIN,1999,GNI,234387.698,5165470,0.04537587054033805
FIN,2000,GNI,245039.024,5176203,0.047339531312817526
FIN,2001,GNI,253239.894,5188005,0.04881257708888099
FIN,2002,GNI,256631.941,5200598,0.049346621484683106
FIN,2003,GNI,256493.842,5213010,0.04920263763161782
FIN,2004,GNI,268049.961,5228173,0.05127029289199114
FIN,2005,GNI,271757.673,5246100,0.05180184765826042
FIN,2006,GNI,280699.363,5266266,0.05330140235985042
FIN,2007,GNI,293050.136,5288719,0.055410419044763015
FIN,2008,GNI,291831.304,5313398,0.0549236673029199
FIN,2009,GNI,271642.45,5338867,0.05088016802066806
FIN,2010,GNI,279070.589,5363341,0.05203297515485217
FIN,2011,GNI,281158.246,5388272,0.052179668361211164
FIN,2012,GNI,275796.785,5413967,0.05094171889115689
FIN,2013,GNI,274343.798,5438975,0.05044034914666826
FIN,2014,GNI,275733.23,5461507,0.050486656887924884
FIN,2015,GNI,279677.725,5479528,0.051040477391483347
FIN,2016,GNI,285408.973,5495297,0.051936951360408726
FIN,2017,GNI,293154.69,5508209,0.05322141734273336
FIN,2018,GNI,298551.847,5515525,0.05412936157482742
FIN,2019,GNI,301695.899,5521605,0.054639167234889124
FIN,2020,GNI,299192.589,5529545,0.05410799423822394
FIN,2021,GNI,307970.939,5541020,0.05558018902656912
FIN,2022,GNI,307676.636,5556108,0.055376287861935006
FIN,2023,GNI,299637.996,5583901,0.053661050939119444
FIN,2024,GNI,299518.823,5619914,0.053295979796132105
FIN,1992,NNI,132036.106,5041990,0.026187300252479676
FIN,1993,NNI,129722.135,5066452,0.025604137767415935
FIN,1994,NNI,138992.34,5088324,0.027315937428512807
FIN,1995,NNI,154972.347,5107787,0.03034040906560904
FIN,1996,NNI,160228.66,5124573,0.0312667338332384
FIN,1997,NNI,174051.166,5139839,0.033863155246691576
FIN,1998,NNI,185747.15,5153499,0.03604291957755303
FIN,1999,NNI,194493.388,5165470,0.03765260237693763
FIN,2000,NNI,203266.899,5176203,0.03926949909035639
FIN,2001,NNI,210054.574,5188005,0.04048850646828598
FIN,2002,NNI,212836.112,5200598,0.040925315127221903
FIN,2003,NNI,212021.531,5213010,0.040671614096270674
FIN,2004,NNI,222045.265,5228173,0.04247091001005514
FIN,2005,NNI,224089.596,5246100,0.042715464059015266
FIN,2006,NNI,231731.377,5266266,0.04400297611248653
FIN,2007,NNI,242339.713,5288719,0.04582200585812935
FIN,2008,NNI,239594.462,5313398,0.04509251179753521
FIN,2009,NNI,219239.752,5338867,0.04106484615556072
FIN,2010,NNI,227377.077,5363341,0.04239467097094889
FIN,2011,NNI,229361.651,5388272,0.042566828660468514
FIN,2012,NNI,223336.818,5413967,0.04125197253695857
FIN,2013,NNI,221976.507,5438975,0.040812194760961394
FIN,2014,NNI,223522.361,5461507,0.04092686524067442
FIN,2015,NNI,227186.713,5479528,0.041461000473033444
FIN,2016,NNI,232240.269,5495297,0.042261640999567446
FIN,2017,NNI,239061.695,5508209,0.043400984784709516
FIN,2018,NNI,243216.409,5515525,0.044096692336631604
FIN,2019,NNI,244571.458,5521605,0.04429354472114539
FIN,2020,NNI,241185.735,5529545,0.04361764575566344
FIN,2021,NNI,249206.368,5541020,0.044974818354743346
FIN,2022,NNI,247937.839,5556108,0.04462437357229197
FIN,2023,NNI,238711.235,5583901,0.04274990459178986
FIN,2024,NNI,238165.339,5619914,0.0423788227008456
FIN,1992,consumption,139154.506,5041990,0.02759912375867465
FIN,1993,consumption,134900.903,5066452,0.026626306338242225
FIN,1994,consumption,137411.674,5088324,0.027005291722775514
FIN,1995,consumption,143382.077,5107787,0.028071271766030963
FIN,1996,consumption,148045.681,5124573,0.028889369124022627
FIN,1997,consumption,153128.398,5139839,0.02979245030826841
FIN,1998,consumption,159222.452,5153499,0.030895989695544714
FIN,1999,consumption,163741.58,5165470,0.031699260667470724
FIN,2000,consumption,166783.4,5176203,0.03222118607017538
FIN,2001,consumption,171104.686,5188005,0.03298082519195721
FIN,2002,consumption,175297.114,5200598,0.033707107144216875
FIN,2003,consumption,181050.151,5213010,0.034730443831874486
FIN,2004,consumption,186632.679,5228173,0.03569749489926979
FIN,2005,consumption,191888.507,5246100,0.03657736356531519
FIN,2006,consumption,197791.227,5266266,0.03755815353800967
FIN,2007,consumption,203427.121,5288719,0.03846434665937064
FIN,2008,consumption,207314.976,5313398,0.039017400164640406
FIN,2009,consumption,204001.123,5338867,0.0382105647134495
FIN,2010,consumption,206944.022,5363341,0.03858490854860804
FIN,2011,consumption,211024.513,5388272,0.03916367121036206
FIN,2012,consumption,211975.977,5413967,0.039153540647735754
FIN,2013,consumption,212050.168,5438975,0.03898715621969213
FIN,2014,consumption,212682.742,5461507,0.03894213483567814
FIN,2015,consumption,215468.149,5479528,0.03932239218414433
FIN,2016,consumption,218759.875,5495297,0.03980856266731352
FIN,2017,consumption,219546.037,5508209,0.039857971438629146
FIN,2018,consumption,222608.683,5515525,0.040360379655608486
FIN,2019,consumption,225012.723,5521605,0.04075132556566433
FIN,2020,consumption,220032.832,5529545,0.039792212921678005
FIN,2021,consumption,227846.289,5541020,0.04111991817391022
FIN,2022,consumption,228694.927,5556108,0.041160993810775454
FIN,2023,consumption,231381.413,5583901,0.04143723411285408
FIN,2024,consumption,232606.211,5619914,0.04138963888059497
FRA,1992,GDP,2322550.828,58711615,0.03955862614237405
FRA,1993,GDP,2314212.922,58961049,0.039249860055915894
FRA,1994,GDP,2369375.909,59175335,0.040039923880447824
FRA,1995,GDP,2423985.114,59383991,0.04081883135810121
FRA,1996,GDP,2457850.122,59589289,0.04124650861331807
FRA,1997,GDP,2519961.51,59795263,0.04214316291242
FRA,1998,GDP,2606965.558,60011008,0.043441455907556166
FRA,1999,GDP,2695584.349,60315406,0.04469147317022122
FRA,2000,GDP,2807208.496,60724780,0.04622838478789054
FRA,2001,GDP,2860530.496,61163237,0.04676878851261584
FRA,2002,GDP,2891073.818,61604550,0.04692955013874787
FRA,2003,GDP,2919054.416,62037544,0.04705302995231404
FRA,2004,GDP,3002780.21,62490800,0.04805155654912403
FRA,2005,GDP,3059489.691,62958328,0.04859547240517569
FRA,2006,GDP,3142526.214,63393406,0.04957181530836188
FRA,2007,GDP,3222047.271,63781275,0.050517134864425335
FRA,2008,GDP,3234296.574,64133174,0.050430945051932095
FRA,2009,GDP,3142942.201,64458715,0.04875899559896594
FRA,2010,GDP,3205811.252,64773169,0.04949288882253082
FRA,2011,GDP,3283955.355,65087317,0.05045461245544965
FRA,2012,GDP,3289992.423,65402998,0.05030338858472512
FRA,2013,GDP,3315712.15,65735961,0.05043985209252513
FRA,2014,GDP,3348797.419,66276671,0.05052754413389291
FRA,2015,GDP,3384520.874,66512558,0.05088544142295655
FRA,2016,GDP,3413628.805,66688563,0.05118761975722884
FRA,2017,GDP,3484755.683,66883314,0.05210201879350656
FRA,2018,GDP,3542111.58,67125071,0.05276883178268817
FRA,2019,GDP,3613925.996,67349922,0.05365894849885646
FRA,2020,GDP,3345026.56,67569466,0.049505002155855425
FRA,2021,GDP,3575242.588,67878650,0.05267109154351184
FRA,2022,GDP,3672373.443,68153150,0.05388413364606038
FRA,2023,GDP,3725226.791,68341348,0.05450912075951443
FRA,2024,GDP,3769574.423,68521113,0.05501332739589329
FRA,1992,GNI,2328890.713,58711615,0.03966660963082007
FRA,1993,GNI,2327248.662,58961049,0.03947095076276543
FRA,1994,GNI,2375719.289,59175335,0.040147120231765476
FRA,1995,GNI,2424701.647,59383991,0.04083089745517441
FRA,1996,GNI,2465564.131,59589289,0.041375961559131876
FRA,1997,GNI,2537622.049,59795263,0.04243851304742986
FRA,1998,GNI,2634289.137,60011008,0.043896765356782545
FRA,1999,GNI,2742982.271,60315406,0.045477307588711255
FRA,2000,GNI,2823921.512,60724780,0.046503610420655296
FRA,2001,GNI,2885633.673,61163237,0.047179217689214195
FRA,2002,GNI,2906855.299,61604550,0.0471857240901849
FRA,2003,GNI,2941358.33,62037544,0.0474125527922253
FRA,2004,GNI,3020288.566,62490800,0.04833173148687487
FRA,2005,GNI,3076841.686,62958328,0.04887108320284491
FRA,2006,GNI,3156078.711,63393406,0.04978559932558285
FRA,2007,GNI,3246066.439,63781275,0.05089372137825717
FRA,2008,GNI,3259574.745,64133174,0.0508250963066322
FRA,2009,GNI,3194879.41,64458715,0.04956473938396073
FRA,2010,GNI,3245564.427,64773169,0.05010661786518427
FRA,2011,GNI,3311463.579,65087317,0.05087724815880796
FRA,2012,GNI,3299523.787,65402998,0.05044912141489294
FRA,2013,GNI,3339675.926,65735961,0.05080439800674702
FRA,2014,GNI,3382196.93,66276671,0.05103148481914549
FRA,2015,GNI,3445374.368,66512558,0.05180035878337441
FRA,2016,GNI,3485382.493,66688563,0.052263571686197524
FRA,2017,GNI,3544106.953,66883314,0.05298940409860672
FRA,2018,GNI,3597208.998,67125071,0.05358964905973805
FRA,2019,GNI,3706104.343,67349922,0.05502759666150764
FRA,2020,GNI,3412350.979,67569466,0.050501375562151105
FRA,2021,GNI,3676726.779,67878650,0.054166174179952016
FRA,2022,GNI,3722355.05,68153150,0.054617505573843615
FRA,2023,GNI,3746333.593,68341348,0.054817964565170706
FRA,2024,GNI,3779018.512,68521113,0.055151154827272
FRA,1992,NNI,1970880.189,58711615,0.03356882942157186
FRA,1993,NNI,1967482.521,58961049,0.03336919126048792
FRA,1994,NNI,2012887.617,59175335,0.03401565224768056
FRA,1995,NNI,2061028.966,59383991,0.03470681123469792
FRA,1996,NNI,2098728.845,59589289,0.03521990076102435
FRA,1997,NNI,2165931.685,59795263,0.03622246272250697
FRA,1998,NNI,2255018.295,60011008,0.037576744170002944
FRA,1999,NNI,2350102.959,60315406,0.03896356030497415
FRA,2000,NNI,2414200.078,60724780,0.03975642362146063
FRA,2001,NNI,2462238.644,61163237,0.04025683997071639
FRA,2002,NNI,2471835.34,61604550,0.040124233356140085
FRA,2003,NNI,2497917.191,62037544,0.04026460478512818
FRA,2004,NNI,2563467.883,62490800,0.04102152449640587
FRA,2005,NNI,2606117.039,62958328,0.04139431782559409
FRA,2006,NNI,2668526.984,63393406,0.04209470909324544
FRA,2007,NNI,2741840.502,63781275,0.04298817328440047
FRA,2008,NNI,2739404.332,64133174,0.042714310880668405
FRA,2009,NNI,2665114.25,64458715,0.041346065462210965
FRA,2010,NNI,2710299.792,64773169,0.04184293950478168
FRA,2011,NNI,2766845.257,65087317,0.04250974513206621
FRA,2012,NNI,2748512.105,65402998,0.04202425254267396
FRA,2013,NNI,2784037.397,65735961,0.04235181709749402
FRA,2014,NNI,2819358.671,66276671,0.04253923180601512
FRA,2015,NNI,2877796.154,66512558,0.04326695951161584
FRA,2016,NNI,2908012.653,66688563,0.04360586766579451
FRA,2017,NNI,2953288.567,66883314,0.04415583484693955
FRA,2018,NNI,2992692.273,67125071,0.04458382283126375
FRA,2019,NNI,3080829.459,67349922,0.04574362326655701
FRA,2020,NNI,2782730.379,67569466,0.041183252491591396
FRA,2021,NNI,3021734.521,67878650,0.04451671506430962
FRA,2022,NNI,3045158.685,68153150,0.04468111429919233
FRA,2023,NNI,3069969.321,68341348,0.044921111608743805
FRA,2024,NNI,3099254.006,68521113,0.04523064308660602
FRA,1992,consumption,1798402.309,58711615,0.030631116330218474
FRA,1993,consumption,1822865.42,58961049,0.030916434678765637
FRA,1994,consumption,1847062.029,59175335,0.031213376806400843
FRA,1995,consumption,1872086.715,59383991,0.03152510775168345
FRA,1996,consumption,1912819.754,59589289,0.032100060029244516
FRA,1997,consumption,1931463.242,59795263,0.032301275136125754
FRA,1998,consumption,1981474.809,60011008,0.03301852235176586
FRA,1999,consumption,2039708.275,60315406,0.03381736790431287
FRA,2000,consumption,2106915.243,60724780,0.03469613628900755
FRA,2001,consumption,2150273.194,61163237,0.035156301390653996
FRA,2002,consumption,2193508.788,61604550,0.03560627888686794
FRA,2003,consumption,2233099.776,62037544,0.03599594103854273
FRA,2004,consumption,2277306.293,62490800,0.03644226498940644
FRA,2005,consumption,2328484.585,62958328,0.036984536581085824
FRA,2006,consumption,2382769.283,63393406,0.037587021006569674
FRA,2007,consumption,2441769.359,63781275,0.03828348302852209
FRA,2008,consumption,2459006.458,64133174,0.03834219179608981
FRA,2009,consumption,2483970.253,64458715,0.03853583263333748
FRA,2010,consumption,2527732.359,64773169,0.03902437379588453
FRA,2011,consumption,2552900.469,65087317,0.039222702465981196
FRA,2012,consumption,2559121.65,65402998,0.03912850676967438
FRA,2013,consumption,2582768.516,65735961,0.039290039678586276
FRA,2014,consumption,2611415.01,66276671,0.03940172266648697
FRA,2015,consumption,2649236.433,66512558,0.03983062015146072
FRA,2016,consumption,2693299.238,66688563,0.040386223916685685
FRA,2017,consumption,2734326.772,66883314,0.04088204678374639
FRA,2018,consumption,2761376.415,67125071,0.04113778017456399
FRA,2019,consumption,2802226.472,67349922,0.04160697427385291
FRA,2020,consumption,2639895.86,67569466,0.03906936100397774
FRA,2021,consumption,2790262.141,67878650,0.04110662396791922
FRA,2022,consumption,2877113.387,68153150,0.042215413183396513
FRA,2023,consumption,2903079.705,68341348,0.04247911096222451
FRA,2024,consumption,2937298.799,68521113,0.042867061995913586
GBR,1992,GDP,1950895.942,57584530,0.03387882026648477
GBR,1993,GDP,2018991.721,57713889,0.03498277028255711
GBR,1994,GDP,2119000.677,57862145,0.03662153687873134
GBR,1995,GDP,2193873.256,58024799,0.03780923491005975
GBR,1996,GDP,2251241.199,58164374,0.038704812657314944
GBR,1997,GDP,2361101.44,58314249,0.04048927115566557
GBR,1998,GDP,2437750.226,58474943,0.04168880038070323
GBR,1999,GDP,2509528.774,58684427,0.04276311284423038
GBR,2000,GDP,2623069.411,58886065,0.044544824161709566
GBR,2001,GDP,2685787.586,59113016,0.045434791992342266
GBR,2002,GDP,2731688.431,59365677,0.046014609266563235
GBR,2003,GDP,2819608.262,59636662,0.04727978004536874
GBR,2004,GDP,2885192.874,59950364,0.048126361234437205
GBR,2005,GDP,2965708.645,60413276,0.049090346383467105
GBR,2006,GDP,3030652.364,60827067,0.04982407525912765
GBR,2007,GDP,3119478.098,61319075,0.0508728825084201
GBR,2008,GDP,3117936.712,61823772,0.050432650922690385
GBR,2009,GDP,2974904.228,62260486,0.0477815773554996
GBR,2010,GDP,3042153.265,62759456,0.04847322553273885
GBR,2011,GDP,3068055.306,63285145,0.04847986531436405
GBR,2012,GDP,3114943.179,63710843,0.04889188452584123
GBR,2013,GDP,3168472.531,64138721,0.04940030735879501
GBR,2014,GDP,3268601.76,64619493,0.05058228729835438
GBR,2015,GDP,3338563.096,65088058,0.051293020541494726
GBR,2016,GDP,3412229.165,65607141,0.05201002685058323
GBR,2017,GDP,3515388.434,65965992,0.053290920479146284
GBR,2018,GDP,3569923.743,66288927,0.053853998013876435
GBR,2019,GDP,3614772.66,66630707,0.054250852538605066
GBR,2020,GDP,3251564.039,66744067,0.048716900020491706
GBR,2021,GDP,3529348.792,66983488,0.05268983293315511
GBR,2022,GDP,3711099.804,67603461,0.05489511556220472
GBR,2023,GDP,3721181.008,68265209,0.05451065136268754
GBR,2024,GDP,3761380.078,69517207,0.05410718065816425
GBR,1992,GNI,NA,57584530,NA
GBR,1993,GNI,NA,57713889,NA
GBR,1994,GNI,NA,57862145,NA
GBR,1995,GNI,NA,58024799,NA
GBR,1996,GNI,NA,58164374,NA
GBR,1997,GNI,NA,58314249,NA
GBR,1998,GNI,NA,58474943,NA
GBR,1999,GNI,2402260.333,58684427,0.04093522687032456
GBR,2000,GNI,2519344.871,58886065,0.04278337958224921
GBR,2001,GNI,2598402.255,59113016,0.043956516361811075
GBR,2002,GNI,2667584.715,59365677,0.04493479818313198
GBR,2003,GNI,2759013.347,59636662,0.046263711858990364
GBR,2004,GNI,2826195.517,59950364,0.047142257835165104
GBR,2005,GNI,2918375.181,60413276,0.04830685197405948
GBR,2006,GNI,2940188.826,60827067,0.04833685020518908
GBR,2007,GNI,3010679.338,61319075,0.049098577204564814
GBR,2008,GNI,2974510.332,61823772,0.048112728094300033
GBR,2009,GNI,2868390.563,62260486,0.04607080264359003
GBR,2010,GNI,2971181.43,62759456,0.04734237068594094
GBR,2011,GNI,2996826.394,63285145,0.047354341907567724
GBR,2012,GNI,3012663.634,63710843,0.04728651344324545
GBR,2013,GNI,3053666.786,64138721,0.04761034735943674
GBR,2014,GNI,3170263.527,64619493,0.0490604828329433
GBR,2015,GNI,3250501.373,65088058,0.04994005771381288
GBR,2016,GNI,3312731.749,65607141,0.05049346303628747
GBR,2017,GNI,3440720.501,65965992,0.05215900491574507
GBR,2018,GNI,3482054.525,66288927,0.05252844905756281
GBR,2019,GNI,3584313.553,66630707,0.05379371935825324
GBR,2020,GNI,3182739.634,66744067,0.047685731137720455
GBR,2021,GNI,3529255.603,66983488,0.05268844170969419
GBR,2022,GNI,3658352.342,67603461,0.05411486761010653
GBR,2023,GNI,3610114.905,68265209,0.05288367175437784
GBR,2024,GNI,3706939.674,69517207,0.05332405938000358
GBR,1992,NNI,1641716.937,57584530,0.02850968718508252
GBR,1993,NNI,1690953.022,57713889,0.02929889236887156
GBR,1994,NNI,1753453.836,57862145,0.030303989525448802
GBR,1995,NNI,1787060.371,58024799,0.03079821734496659
GBR,1996,NNI,1839723.426,58164374,0.031629729669230174
GBR,1997,NNI,1960069.014,58314249,0.03361217965783971
GBR,1998,NNI,2075153.472,58474943,0.035487909274233925
GBR,1999,NNI,2120494.333,58684427,0.03613385085961562
GBR,2000,NNI,2220415.765,58886065,0.0377069815244065
GBR,2001,NNI,2280615.59,59113016,0.038580599406398075
GBR,2002,NNI,2331656.257,59365677,0.03927616722032834
GBR,2003,NNI,2408304.111,59636662,0.04038294616489434
GBR,2004,NNI,2466404.392,59950364,0.041140774257851044
GBR,2005,NNI,2544916.676,60413276,0.04212512289517291
GBR,2006,NNI,2555063.417,60827067,0.04200536936952755
GBR,2007,NNI,2612705.039,61319075,0.04260835700799465
GBR,2008,NNI,2564529.559,61823772,0.041481285855544364
GBR,2009,NNI,2445414.188,62260486,0.039277145828897
GBR,2010,NNI,2547975.192,62759456,0.040599064338607396
GBR,2011,NNI,2572305.327,63285145,0.04064627373453913
GBR,2012,NNI,2577462.94,63710843,0.04045564018043208
GBR,2013,NNI,2610728.362,64138721,0.0407044032262508
GBR,2014,NNI,2715164.501,64619493,0.042017731414265354
GBR,2015,NNI,2777670.499,65088058,0.042675578045361255
GBR,2016,NNI,2825405.284,65607141,0.04306551452988936
GBR,2017,NNI,2932029.857,65965992,0.04444759743778279
GBR,2018,NNI,2959284.333,66288927,0.04464221200925458
GBR,2019,NNI,3046294.345,66630707,0.04571907581589972
GBR,2020,NNI,2649695.973,66744067,0.03969934845294939
GBR,2021,NNI,2980328.019,66983488,0.0444934730630928
GBR,2022,NNI,3101779.689,67603461,0.045881965850831215
GBR,2023,NNI,3049105.672,68265209,0.04466558759089128
GBR,2024,NNI,3144302.019,69517207,0.04523055736402068
GBR,1992,consumption,1594395.517,57584530,0.027687914045664695
GBR,1993,consumption,1643679.003,57713889,0.028479782448900644
GBR,1994,consumption,1691836.372,57862145,0.029239088388444637
GBR,1995,consumption,1725019.158,58024799,0.02972899842358782
GBR,1996,consumption,1778648.036,58164374,0.030579681576217085
GBR,1997,consumption,1849034.273,58314249,0.03170810401759611
GBR,1998,consumption,1920606.518,58474943,0.032844948955315784
GBR,1999,consumption,1998966.992,58684427,0.03406298901069615
GBR,2000,consumption,2087185.99,58886065,0.035444480625424706
GBR,2001,consumption,2163007.874,59113016,0.036591059302404735
GBR,2002,consumption,2227112.267,59365677,0.03751514982301979
GBR,2003,consumption,2307289.065,59636662,0.03868910478255808
GBR,2004,consumption,2378689.405,59950364,0.03967764741178218
GBR,2005,consumption,2439470.311,60413276,0.0403797057951302
GBR,2006,consumption,2463219.786,60827067,0.040495455518182386
GBR,2007,consumption,2533811.242,61319075,0.04132174599828846
GBR,2008,consumption,2530435.783,61823772,0.04092981875968357
GBR,2009,consumption,2479855.878,62260486,0.03983033280530448
GBR,2010,consumption,2529858.77,62759456,0.04031039991806175
GBR,2011,consumption,2515962.489,63285145,0.03975597257460657
GBR,2012,consumption,2562487.313,63710843,0.04022058400639904
GBR,2013,consumption,2605420.799,64138721,0.040621651919126985
GBR,2014,consumption,2674883.549,64619493,0.041394375362864576
GBR,2015,consumption,2741713.094,65088058,0.04212313561421667
GBR,2016,consumption,2822265.684,65607141,0.04301765998308019
GBR,2017,consumption,2873889.009,65965992,0.043566221349328
GBR,2018,consumption,2924107.782,66288927,0.044111557002574506
GBR,2019,consumption,2968970.862,66630707,0.044558597614760415
GBR,2020,consumption,2633177.381,66744067,0.03945185691186604
GBR,2021,consumption,2866594.395,66983488,0.042795537834637694
GBR,2022,consumption,3026870.701,67603461,0.04477390145750082
GBR,2023,consumption,3033344.439,68265209,0.044434705224443094
GBR,2024,consumption,3050754.768,69517207,0.043884886917277904
GRC,1992,GDP,276032.482,10399058,0.02654398908054941
GRC,1993,GDP,271615.963,10460409,0.0259660939643947
GRC,1994,GDP,277048.282,10512924,0.026353113748372955
GRC,1995,GDP,282865.519,10562160,0.026781029543199494
GRC,1996,GDP,286776.052,10608801,0.027031900400431682
GRC,1997,GDP,297108.258,10661264,0.027868014336761567
GRC,1998,GDP,307319.678,10720507,0.028666524633583094
GRC,1999,GDP,315490.65,10761698,0.029316066107783364
GRC,2000,GDP,328545.108,10805806,0.030404498100373076
GRC,2001,GDP,343823.816,10862129,0.0316534462074608
GRC,2002,GDP,359925.557,10902022,0.033014568948769314
GRC,2003,GDP,380789.805,10928072,0.03484510396710417
GRC,2004,GDP,401268.171,10955142,0.036628294822650405
GRC,2005,GDP,406017.205,10987316,0.03695326547447985
GRC,2006,GDP,432178.508,11020366,0.03921634798699063
GRC,2007,GDP,447334.447,11048466,0.04048837612388905
GRC,2008,GDP,447591.547,11077839,0.04040422929056831
GRC,2009,GDP,429154.015,11107017,0.03863809833009169
GRC,2010,GDP,404719.096,11121344,0.03639120379695116
GRC,2011,GDP,364745.886,11104900,0.03284549036911633
GRC,2012,GDP,334358.417,11045010,0.030272350771977572
GRC,2013,GDP,326761.404,10965209,0.0297998336374619
GRC,2014,GDP,329350.088,10892415,0.030236645225140614
GRC,2015,GDP,328598.177,10820883,0.030367039085442474
GRC,2016,GDP,328493.698,10775966,0.030483921163077164
GRC,2017,GDP,333332.82,10754679,0.03099421377430233
GRC,2018,GDP,340215.051,10732877,0.0316984021152949
GRC,2019,GDP,347962.363,10721584,0.03245438015502187
GRC,2020,GDP,315962.938,10698597,0.029533118968776938
GRC,2021,GDP,343307.944,10569211,0.03248188951852698
GRC,2022,GDP,362265.358,10436881,0.0347101167484807
GRC,2023,GDP,370003.025,10407358,0.03555206085924977
GRC,2024,GDP,377723.415,10392589,0.03634545876874376
GRC,1992,GNI,NA,10399058,NA
GRC,1993,GNI,NA,10460409,NA
GRC,1994,GNI,NA,10512924,NA
GRC,1995,GNI,NA,10562160,NA
GRC,1996,GNI,NA,10608801,NA
GRC,1997,GNI,NA,10661264,NA
GRC,1998,GNI,NA,10720507,NA
GRC,1999,GNI,NA,10761698,NA
GRC,2000,GNI,NA,10805806,NA
GRC,2001,GNI,NA,10862129,NA
GRC,2002,GNI,NA,10902022,NA
GRC,2003,GNI,NA,10928072,NA
GRC,2004,GNI,NA,10955142,NA
GRC,2005,GNI,NA,10987316,NA
GRC,2006,GNI,422691.013,11020366,0.03835544236915543
GRC,2007,GNI,435018.537,11048466,0.039373659384026705
GRC,2008,GNI,431741.245,11077839,0.03897341755914669
GRC,2009,GNI,417593.105,11107017,0.037597232902407546
GRC,2010,GNI,393917.852,11121344,0.03541998628942689
GRC,2011,GNI,350285.02,11104900,0.03154328449603328
GRC,2012,GNI,328885.008,11045010,0.029776795856228284
GRC,2013,GNI,319782.741,10965209,0.029163396794352026
GRC,2014,GNI,326047.032,10892415,0.02993340154593816
GRC,2015,GNI,328497.918,10820883,0.030357773760237496
GRC,2016,GNI,328645.487,10775966,0.03049800704642164
GRC,2017,GNI,332166.29,10754679,0.030885746566680417
GRC,2018,GNI,333804.632,10732877,0.031101132715859875
GRC,2019,GNI,341861.895,10721584,0.03188539072211718
GRC,2020,GNI,312770.232,10698597,0.02923469610080649
GRC,2021,GNI,336001.346,10569211,0.03179057982663039
GRC,2022,GNI,352321.911,10436881,0.033757394666088465
GRC,2023,GNI,367193.066,10407358,0.03528206351698481
GRC,2024,GNI,377748.201,10392589,0.03634784373749409
GRC,1992,NNI,NA,10399058,NA
GRC,1993,NNI,NA,10460409,NA
GRC,1994,NNI,NA,10512924,NA
GRC,1995,NNI,NA,10562160,NA
GRC,1996,NNI,NA,10608801,NA
GRC,1997,NNI,NA,10661264,NA
GRC,1998,NNI,NA,10720507,NA
GRC,1999,NNI,NA,10761698,NA
GRC,2000,NNI,NA,10805806,NA
GRC,2001,NNI,NA,10862129,NA
GRC,2002,NNI,NA,10902022,NA
GRC,2003,NNI,NA,10928072,NA
GRC,2004,NNI,NA,10955142,NA
GRC,2005,NNI,NA,10987316,NA
GRC,2006,NNI,359153.423,11020366,0.03258997232941265
GRC,2007,NNI,368757.972,11048466,0.03337639560098207
GRC,2008,NNI,363019.813,11077839,0.03276991234481744
GRC,2009,NNI,348021.222,11107017,0.03133345541831799
GRC,2010,NNI,325763.68,11121344,0.029291754665623147
GRC,2011,NNI,286535.62,11104900,0.025802629469873658
GRC,2012,NNI,268361.876,11045010,0.024297114805690533
GRC,2013,NNI,260950.842,10965209,0.023798072795511695
GRC,2014,NNI,269015.692,10892415,0.024697525020851666
GRC,2015,NNI,272893.5,10820883,0.02521915263292284
GRC,2016,NNI,274319.533,10775966,0.02545660713851547
GRC,2017,NNI,279161.265,10754679,0.025957191748819282
GRC,2018,NNI,281894.028,10732877,0.026264535408353232
GRC,2019,NNI,291351.685,10721584,0.02717431351561486
GRC,2020,NNI,262719.216,10698597,0.024556417631209027
GRC,2021,NNI,286749.156,10569211,0.027130611357839295
GRC,2022,NNI,303166.305,10436881,0.02904759621193343
GRC,2023,NNI,316774.86,10407358,0.030437586561353994
GRC,2024,NNI,326719.53,10392589,0.031437741836995575
GRC,1992,consumption,239201.785,10399058,0.023002255108106908
GRC,1993,consumption,238730.056,10460409,0.0228222487285153
GRC,1994,consumption,242112.078,10512924,0.023029946568623536
GRC,1995,consumption,249482.139,10562160,0.023620371117271468
GRC,1996,consumption,253328.692,10608801,0.023879106790673142
GRC,1997,consumption,259067.756,10661264,0.024299910029429907
GRC,1998,consumption,269529.756,10720507,0.025141512057218936
GRC,1999,consumption,278388.859,10761698,0.02586848831847911
GRC,2000,consumption,281571.267,10805806,0.026057405343016524
GRC,2001,consumption,296391.982,10862129,0.027286730069215715
GRC,2002,consumption,311400.36,10902022,0.028563541698961897
GRC,2003,consumption,323544.306,10928072,0.029606714340827914
GRC,2004,consumption,337023.567,10955142,0.030763961526012167
GRC,2005,consumption,348934.602,10987316,0.03175794725481637
GRC,2006,consumption,359847.788,11020366,0.03265297976491888
GRC,2007,consumption,376977.394,11048466,0.03412033797271042
GRC,2008,consumption,385168.113,11077839,0.03476924633044405
GRC,2009,consumption,382822.014,11107017,0.034466681198021036
GRC,2010,consumption,357799.399,11121344,0.032172316493402235
GRC,2011,consumption,330027.02,11104900,0.029719044746013022
GRC,2012,consumption,302639.087,11045010,0.027400526301017383
GRC,2013,consumption,290849.768,10965209,0.026524781059804697
GRC,2014,consumption,290443.544,10892415,0.02666475193976726
GRC,2015,consumption,292916.098,10820883,0.027069519003208888
GRC,2016,consumption,293879.381,10775966,0.02727174352628804
GRC,2017,consumption,298887.527,10754679,0.027791394517679237
GRC,2018,consumption,301803.957,10732877,0.02811957660560165
GRC,2019,consumption,309307.899,10721584,0.02884908601191764
GRC,2020,consumption,296537.3,10698597,0.027717400702166835
GRC,2021,consumption,309279.432,10569211,0.02926230084724394
GRC,2022,consumption,331023.338,10436881,0.03171669179709915
GRC,2023,consumption,339003.022,10407358,0.03257339874346592
GRC,2024,consumption,343485.692,10392589,0.033051022416069754
IRL,1992,GDP,104797.152,3554500,0.029482951751301167
IRL,1993,GDP,107618.93,3574100,0.030110777538401273
IRL,1994,GDP,113813.29,3585900,0.031739114308820655
IRL,1995,GDP,124778.542,3601300,0.03464819426318274
IRL,1996,GDP,133986.73,3626087,0.03695077641545832
IRL,1997,GDP,148754.432,3664313,0.04059544913330275
IRL,1998,GDP,161794.428,3703082,0.0436918296705285
IRL,1999,GDP,178831.197,3741647,0.04779478048036065
IRL,2000,GDP,195647.633,3789536,0.051628387485961345
IRL,2001,GDP,206028.346,3847198,0.053552831437321397
IRL,2002,GDP,218182.711,3917203,0.055698596932556216
IRL,2003,GDP,224758.386,3979853,0.05647404213170688
IRL,2004,GDP,240015.3,4045188,0.059333534065660234
IRL,2005,GDP,253791.655,4133839,0.061393696029284156
IRL,2006,GDP,266450.411,4232929,0.06294705415564494
IRL,2007,GDP,280599.243,4375842,0.06412462858576704
IRL,2008,GDP,268016.974,4485070,0.059757589959576994
IRL,2009,GDP,254359.411,4533395,0.05610793037006482
IRL,2010,GDP,258640.208,4554763,0.05678455893314318
IRL,2011,GDP,262801.384,4574888,0.05744433175194672
IRL,2012,GDP,261736.961,4593697,0.056977410786997924
IRL,2013,GDP,267476.689,4614669,0.05796226966657847
IRL,2014,GDP,292581.499,4645440,0.06298251597265275
IRL,2015,GDP,364626.725,4687787,0.0777822723174069
IRL,2016,GDP,369085.076,4739597,0.07787267060891465
IRL,2017,GDP,406395.361,4810895,0.08447396191353168
IRL,2018,GDP,437641.716,4884896,0.08959079497291242
IRL,2019,GDP,459405.114,4958471,0.09265055981975089
IRL,2020,GDP,492269.555,5029875,0.09786914287134373
IRL,2021,GDP,572303.665,5074668,0.11277657277283953
IRL,2022,GDP,615290.188,5183966,0.11869101533459131
IRL,2023,GDP,599684.127,5281612,0.11354187452618632
IRL,2024,GDP,615272.72,5380313,0.11435630603647036
IRL,1992,GNI,NA,3554500,NA
IRL,1993,GNI,NA,3574100,NA
IRL,1994,GNI,NA,3585900,NA
IRL,1995,GNI,109630.06,3601300,0.03044180157165468
IRL,1996,GNI,117431.542,3626087,0.03238519704574104
IRL,1997,GNI,128223.587,3664313,0.03499253120571305
IRL,1998,GNI,140085.705,3703082,0.037829490408259926
IRL,1999,GNI,150207.571,3741647,0.04014477341128118
IRL,2000,GNI,165437.922,3789536,0.043656511509588505
IRL,2001,GNI,172704.711,3847198,0.044891037841046914
IRL,2002,GNI,179432.658,3917203,0.04580632098974702
IRL,2003,GNI,189186.878,3979853,0.04753614718935599
IRL,2004,GNI,195886.53,4045188,0.048424580019519485
IRL,2005,GNI,209115.647,4133839,0.050586306578461325
IRL,2006,GNI,221571.36,4232929,0.052344690874805595
IRL,2007,GNI,228718.659,4375842,0.05226849118409669
IRL,2008,GNI,218592.784,4485070,0.048737875663033135
IRL,2009,GNI,201749.3,4533395,0.044502916688265635
IRL,2010,GNI,205180.507,4554763,0.04504746064723895
IRL,2011,GNI,204781.826,4574888,0.04476215067997293
IRL,2012,GNI,204486.964,4593697,0.044514682618379056
IRL,2013,GNI,218224.188,4614669,0.047289239596599454
IRL,2014,GNI,236903.516,4645440,0.0509970026520631
IRL,2015,GNI,290682.207,4687787,0.06200840759189784
IRL,2016,GNI,305839.112,4739597,0.06452850569362754
IRL,2017,GNI,323524.43,4810895,0.06724828332358117
IRL,2018,GNI,333148.864,4884896,0.06819978644376462
IRL,2019,GNI,349443.174,4958471,0.07047397756284145
IRL,2020,GNI,359416.588,5029875,0.07145636581425979
IRL,2021,GNI,399819.193,5074668,0.07878726115678898
IRL,2022,GNI,414601.631,5183966,0.07997769101880683
IRL,2023,GNI,429480.63,5281612,0.08131620232610802
IRL,2024,GNI,447912.573,5380313,0.0832502817215281
IRL,1992,NNI,NA,3554500,NA
IRL,1993,NNI,NA,3574100,NA
IRL,1994,NNI,NA,3585900,NA
IRL,1995,NNI,95870.751,3601300,0.026621150973259657
IRL,1996,NNI,102889.304,3626087,0.028374747765290795
IRL,1997,NNI,112619.485,3664313,0.030734133519707513
IRL,1998,NNI,122988.186,3703082,0.033212385250988234
IRL,1999,NNI,130461.998,3741647,0.034867532399502146
IRL,2000,NNI,143445.546,3789536,0.037853063277403884
IRL,2001,NNI,149164.733,3847198,0.03877230467472691
IRL,2002,NNI,154574.999,3917203,0.039460553614402934
IRL,2003,NNI,162517.601,3979853,0.040835076320658074
IRL,2004,NNI,167162.912,4045188,0.04132389199216452
IRL,2005,NNI,176777.9,4133839,0.04276361512869756
IRL,2006,NNI,185086.239,4232929,0.04372533510484112
IRL,2007,NNI,192009.437,4375842,0.04387942640524955
IRL,2008,NNI,183558.903,4485070,0.04092665287275338
IRL,2009,NNI,167084.114,4533395,0.03685628849901674
IRL,2010,NNI,170000.192,4554763,0.037323608714657605
IRL,2011,NNI,169840.294,4574888,0.03712447036954784
IRL,2012,NNI,167755.497,4593697,0.03651862475909926
IRL,2013,NNI,178127.452,4614669,0.03860026623794686
IRL,2014,NNI,192253.175,4645440,0.04138535316353241
IRL,2015,NNI,207213.535,4687787,0.04420284774030902
IRL,2016,NNI,211422.06,4739597,0.04460760271390162
IRL,2017,NNI,219020.624,4810895,0.04552596221700952
IRL,2018,NNI,222049.626,4884896,0.045456367136577726
IRL,2019,NNI,232590.143,4958471,0.04690763402669896
IRL,2020,NNI,222492.311,5029875,0.04423416307562315
IRL,2021,NNI,260260.96,5074668,0.051286302867497933
IRL,2022,NNI,272686.503,5183966,0.052601908075786
IRL,2023,NNI,287663.283,5281612,0.05446505404031951
IRL,2024,NNI,304957.177,5380313,0.05668019258359133
IRL,1992,consumption,73431.392,3554500,0.020658712055141373
IRL,1993,consumption,75072.084,3574100,0.02100447217481324
IRL,1994,consumption,78305.396,3585900,0.021837027245600823
IRL,1995,consumption,81083.255,3601300,0.022514995973676174
IRL,1996,consumption,85982.835,3626087,0.02371229234157923
IRL,1997,consumption,91865.995,3664313,0.025070455225849973
IRL,1998,consumption,99097.203,3703082,0.02676073686729054
IRL,1999,consumption,107602.137,3741647,0.028757960598634773
IRL,2000,consumption,118274.869,3789536,0.03121091051780482
IRL,2001,consumption,125377.819,3847198,0.03258938557360448
IRL,2002,consumption,130919.076,3917203,0.033421570441970964
IRL,2003,consumption,134644.845,3979853,0.03383161262488841
IRL,2004,consumption,139026.082,4045188,0.034368262241458246
IRL,2005,consumption,147805.684,4133839,0.03575506544884791
IRL,2006,consumption,156628.026,4232929,0.03700228045403077
IRL,2007,consumption,167043.202,4375842,0.038173956463693155
IRL,2008,consumption,167639.873,4485070,0.037377314735333005
IRL,2009,consumption,159874.067,4533395,0.035265858589423604
IRL,2010,consumption,158028.826,4554763,0.03469529062214653
IRL,2011,consumption,157266.792,4574888,0.034376096638868536
IRL,2012,consumption,154995.556,4593697,0.03374091848025675
IRL,2013,consumption,153948.007,4614669,0.03336057407367679
IRL,2014,consumption,157959.708,4645440,0.0340031747261831
IRL,2015,consumption,162814.874,4687787,0.03473171327963494
IRL,2016,consumption,169865.954,4739597,0.03583974629066564
IRL,2017,consumption,176039.718,4810895,0.036591885293692755
IRL,2018,consumption,185747.027,4884896,0.038024765931557195
IRL,2019,consumption,192392.214,4958471,0.038800713768417726
IRL,2020,consumption,184185.063,5029875,0.03661821874301051
IRL,2021,consumption,199414.373,5074668,0.0392960432091321
IRL,2022,consumption,216268.338,5183966,0.041718703016184903
IRL,2023,consumption,227071.945,5281612,0.042992924319317664
IRL,2024,consumption,235144.915,5380313,0.04370469060071412
ISL,1992,GDP,9928.958,261053,0.03803426124197002
ISL,1993,GDP,10059.37,263730,0.03814268380540705
ISL,1994,GDP,10422.398,266021,0.039178854300976236
ISL,1995,GDP,10434.549,267467,0.039012472566709165
ISL,1996,GDP,10903.859,268918,0.04054715191991611
ISL,1997,GDP,11355.373,271130,0.04188165455685464
ISL,1998,GDP,12151.44,274049,0.044340391681779535
ISL,1999,GDP,12625.102,277384,0.0455148891067978
ISL,2000,GDP,13244.386,281200,0.04709952347083926
ISL,2001,GDP,13753.095,284970,0.04826155384777345
ISL,2002,GDP,13827.676,287516,0.048093587835111785
ISL,2003,GDP,14143.136,289522,0.04884995268062531
ISL,2004,GDP,15221.212,292077,0.052113696045905704
ISL,2005,GDP,16291.162,296734,0.05490156840806918
ISL,2006,GDP,17215.134,303784,0.05666899507544834
ISL,2007,GDP,18719.966,311567,0.060083275828313014
ISL,2008,GDP,19038.132,317404,0.059980756386182915
ISL,2009,GDP,17453.881,318501,0.05480008226033828
ISL,2010,GDP,17066.087,318044,0.05365951566449925
ISL,2011,GDP,17301.599,312510,0.05536334517295446
ISL,2012,GDP,17503.908,314498,0.05565665918384218
ISL,2013,GDP,18133.516,317765,0.05706580649221909
ISL,2014,GDP,18480.559,321378,0.05750411975928658
ISL,2015,GDP,19177.015,324530,0.059091655625057776
ISL,2016,GDP,20369.459,329272,0.06186210488593017
ISL,2017,GDP,21079.348,337346,0.062485839464526044
ISL,2018,GDP,22061.808,345821,0.06379545487405335
ISL,2019,GDP,22312.918,351754,0.06343330281958415
ISL,2020,GDP,20830.029,356165,0.05848421096963485
ISL,2021,GDP,21909.144,361606,0.06058844156346963
ISL,2022,GDP,23849.702,370069,0.06444663562741003
ISL,2023,GDP,25049.881,379470,0.06601280997180278
ISL,2024,GDP,24728.522,386583,0.06396691525493879
ISL,1992,GNI,NA,261053,NA
ISL,1993,GNI,NA,263730,NA
ISL,1994,GNI,NA,266021,NA
ISL,1995,GNI,NA,267467,NA
ISL,1996,GNI,NA,268918,NA
ISL,1997,GNI,NA,271130,NA
ISL,1998,GNI,NA,274049,NA
ISL,1999,GNI,NA,277384,NA
ISL,2000,GNI,NA,281200,NA
ISL,2001,GNI,NA,284970,NA
ISL,2002,GNI,NA,287516,NA
ISL,2003,GNI,NA,289522,NA
ISL,2004,GNI,NA,292077,NA
ISL,2005,GNI,NA,296734,NA
ISL,2006,GNI,NA,303784,NA
ISL,2007,GNI,NA,311567,NA
ISL,2008,GNI,NA,317404,NA
ISL,2009,GNI,NA,318501,NA
ISL,2010,GNI,NA,318044,NA
ISL,2011,GNI,NA,312510,NA
ISL,2012,GNI,NA,314498,NA
ISL,2013,GNI,NA,317765,NA
ISL,2014,GNI,NA,321378,NA
ISL,2015,GNI,NA,324530,NA
ISL,2016,GNI,NA,329272,NA
ISL,2017,GNI,NA,337346,NA
ISL,2018,GNI,NA,345821,NA
ISL,2019,GNI,NA,351754,NA
ISL,2020,GNI,NA,356165,NA
ISL,2021,GNI,NA,361606,NA
ISL,2022,GNI,NA,370069,NA
ISL,2023,GNI,NA,379470,NA
ISL,2024,GNI,NA,386583,NA
ISL,1992,NNI,NA,261053,NA
ISL,1993,NNI,NA,263730,NA
ISL,1994,NNI,NA,266021,NA
ISL,1995,NNI,NA,267467,NA
ISL,1996,NNI,NA,268918,NA
ISL,1997,NNI,NA,271130,NA
ISL,1998,NNI,NA,274049,NA
ISL,1999,NNI,NA,277384,NA
ISL,2000,NNI,NA,281200,NA
ISL,2001,NNI,NA,284970,NA
ISL,2002,NNI,NA,287516,NA
ISL,2003,NNI,NA,289522,NA
ISL,2004,NNI,NA,292077,NA
ISL,2005,NNI,NA,296734,NA
ISL,2006,NNI,NA,303784,NA
ISL,2007,NNI,NA,311567,NA
ISL,2008,NNI,NA,317404,NA
ISL,2009,NNI,NA,318501,NA
ISL,2010,NNI,NA,318044,NA
ISL,2011,NNI,NA,312510,NA
ISL,2012,NNI,NA,314498,NA
ISL,2013,NNI,NA,317765,NA
ISL,2014,NNI,NA,321378,NA
ISL,2015,NNI,NA,324530,NA
ISL,2016,NNI,NA,329272,NA
ISL,2017,NNI,NA,337346,NA
ISL,2018,NNI,NA,345821,NA
ISL,2019,NNI,NA,351754,NA
ISL,2020,NNI,NA,356165,NA
ISL,2021,NNI,NA,361606,NA
ISL,2022,NNI,NA,370069,NA
ISL,2023,NNI,NA,379470,NA
ISL,2024,NNI,NA,386583,NA
ISL,1992,consumption,8685.063,261053,0.0332693476037433
ISL,1993,consumption,8411.118,263730,0.03189291320668866
ISL,1994,consumption,8648.26,266021,0.03250968908469632
ISL,1995,consumption,8795.272,267467,0.03288357816104417
ISL,1996,consumption,9135.433,268918,0.03397107296648049
ISL,1997,consumption,9431.861,271130,0.034787227529229525
ISL,1998,consumption,10320.204,274049,0.037658243598772484
ISL,1999,consumption,10982.687,277384,0.039593801372826115
ISL,2000,consumption,11446.778,281200,0.040706891891891896
ISL,2001,consumption,11370.435,284970,0.03990046320665333
ISL,2002,consumption,11497.311,287516,0.039988421513933135
ISL,2003,consumption,12021.481,289522,0.04152182217586228
ISL,2004,consumption,12688.803,292077,0.0434433488429421
ISL,2005,consumption,13897.329,296734,0.046834299406202186
ISL,2006,consumption,14458.865,303784,0.04759587404208253
ISL,2007,consumption,15310.567,311567,0.04914052836147602
ISL,2008,consumption,14826.278,317404,0.04671106224244181
ISL,2009,consumption,13436.424,318501,0.04218644211478143
ISL,2010,consumption,13289.527,318044,0.04178518381104501
ISL,2011,consumption,13473.551,312510,0.04311398355252632
ISL,2012,consumption,13572.866,314498,0.043157241063536175
ISL,2013,consumption,13678.046,317765,0.04304453290954007
ISL,2014,consumption,13912.102,321378,0.04328890589897255
ISL,2015,consumption,14220.375,324530,0.04381836810156226
ISL,2016,consumption,14773.825,329272,0.04486814852158702
ISL,2017,consumption,15616.96,337346,0.046293597671233686
ISL,2018,consumption,16228.095,345821,0.0469262855639189
ISL,2019,consumption,16526.296,351754,0.046982538933459175
ISL,2020,consumption,16524.716,356165,0.04639623769881937
ISL,2021,consumption,17537.453,361606,0.04849878873691255
ISL,2022,consumption,18512.17,370069,0.05002356317335415
ISL,2023,consumption,18718.404,379470,0.049327757134951376
ISL,2024,consumption,18939.126,386583,0.04899109893606289
ITA,1992,GDP,2418958.972,56797078,0.0425894968047476
ITA,1993,GDP,2398329.951,56831823,0.04220047544489291
ITA,1994,GDP,2449918.595,56843400,0.043099438017430346
ITA,1995,GDP,2520643.745,56844301,0.04434294556634622
ITA,1996,GDP,2554561.143,56860279,0.04492698924322901
ITA,1997,GDP,2603754.87,56890371,0.04576793619433419
ITA,1998,GDP,2650736.327,56906744,0.04658035481699673
ITA,1999,GDP,2695215.459,56916316,0.04735400406097963
ITA,2000,GDP,2799846.387,56942108,0.04917005157237944
ITA,2001,GDP,2856023.438,56976976,0.05012592170563773
ITA,2002,GDP,2863732.692,57089823,0.050161877222845826
ITA,2003,GDP,2865638.615,57399187,0.049924724804900115
ITA,2004,GDP,2907878.751,57828178,0.05028480667331418
ITA,2005,GDP,2930048.729,58166684,0.05037331557356785
ITA,2006,GDP,2982774.367,58399863,0.05107502336092809
ITA,2007,GDP,3026391.24,58756247,0.05150756548490921
ITA,2008,GDP,2995427.065,59211183,0.05058887381121907
ITA,2009,GDP,2836515.046,59555456,0.0476281307626962
ITA,2010,GDP,2879888.36,59819402,0.048143048303959976
ITA,2011,GDP,2899916.923,60026844,0.048310334672934
ITA,2012,GDP,2809287.595,60191243,0.04667269614285919
ITA,2013,GDP,2758214.041,60311616,0.04573271657983762
ITA,2014,GDP,2758175.768,60320708,0.045725188901960506
ITA,2015,GDP,2782604.038,60229599,0.04619994295495808
ITA,2016,GDP,2817003.175,60115220,0.04686006596998231
ITA,2017,GDP,2862179.454,60002254,0.047701198924960386
ITA,2018,GDP,2885839.566,59877216,0.048195954300881326
ITA,2019,GDP,2898224.509,59729077,0.048522841044404554
ITA,2020,GDP,2641203.548,59438845,0.0444356472269944
ITA,2021,GDP,2877091.077,59133173,0.04865443423778393
ITA,2022,GDP,3015800.722,59013671,0.05110342520464453
ITA,2023,GDP,3043630.426,58984217,0.05160076001347954
ITA,2024,GDP,3067463.244,58952700,0.052032616724933714
ITA,1992,GNI,NA,56797078,NA
ITA,1993,GNI,NA,56831823,NA
ITA,1994,GNI,NA,56843400,NA
ITA,1995,GNI,2475087.674,56844301,0.04354152712687944
ITA,1996,GNI,2522453.017,56860279,0.04436230460634919
ITA,1997,GNI,2586729.382,56890371,0.04546866783484327
ITA,1998,GNI,2647932.233,56906744,0.04653107956765195
ITA,1999,GNI,2701152.497,56916316,0.047458315766607244
ITA,2000,GNI,2763932.66,56942108,0.04853934561045756
ITA,2001,GNI,2831111.429,56976976,0.04968869230616942
ITA,2002,GNI,2845531.354,57089823,0.04984305791244089
ITA,2003,GNI,2851424.934,57399187,0.04967709619301751
ITA,2004,GNI,2895080.038,57828178,0.050063483549490355
ITA,2005,GNI,2907880.852,58166684,0.04999220605389848
ITA,2006,GNI,2945575.305,58399863,0.05043805162693618
ITA,2007,GNI,2987692.165,58756247,0.05084892785953466
ITA,2008,GNI,2909243.117,59211183,0.04913333883229457
ITA,2009,GNI,2815467.642,59555456,0.04727472226893872
ITA,2010,GNI,2823959.84,59819402,0.047208092117002436
ITA,2011,GNI,2822472.957,60026844,0.04702017912186088
ITA,2012,GNI,2727368.651,60191243,0.04531171836740438
ITA,2013,GNI,2687678.539,60311616,0.044563198886927516
ITA,2014,GNI,2711325.47,60320708,0.04494850209649397
ITA,2015,GNI,2732499.965,60229599,0.04536805840264684
ITA,2016,GNI,2813114.455,60115220,0.04679537819207848
ITA,2017,GNI,2851965.16,60002254,0.04753096708666978
ITA,2018,GNI,2886398.424,59877216,0.04820528770075082
ITA,2019,GNI,2895784.154,59729077,0.048481983975744346
ITA,2020,GNI,2674820.926,59438845,0.045001226487493155
ITA,2021,GNI,2873208.784,59133173,0.0485887808523314
ITA,2022,GNI,2914105.877,59013671,0.04938018305961681
ITA,2023,GNI,2980191.492,58984217,0.050525236132235175
ITA,2024,GNI,3022933.608,58952700,0.05127727157534769
ITA,1992,NNI,NA,56797078,NA
ITA,1993,NNI,NA,56831823,NA
ITA,1994,NNI,NA,56843400,NA
ITA,1995,NNI,2092965.482,56844301,0.03681926675463913
ITA,1996,NNI,2137102.456,56860279,0.037585155992639424
ITA,1997,NNI,2193593.922,56890371,0.038558263611956405
ITA,1998,NNI,2243584.77,56906744,0.03942563942860621
ITA,1999,NNI,2288647.708,56916316,0.040210749198876475
ITA,2000,NNI,2338887.054,56942108,0.04107482381930785
ITA,2001,NNI,2394250.124,56976976,0.04202136182165933
ITA,2002,NNI,2395876.407,57089823,0.04196678639203348
ITA,2003,NNI,2396998.721,57399187,0.04176015108018864
ITA,2004,NNI,2430899.508,57828178,0.04203659171139717
ITA,2005,NNI,2434957.506,58166684,0.041861721152954154
ITA,2006,NNI,2464851.944,58399863,0.042206467915857956
ITA,2007,NNI,2495025.606,58756247,0.04246400567415411
ITA,2008,NNI,2409990.438,59211183,0.04070160932268487
ITA,2009,NNI,2306700.676,59555456,0.038731979081815776
ITA,2010,NNI,2307951.474,59819402,0.038581988399014756
ITA,2011,NNI,2301445.915,60026844,0.03834027847607647
ITA,2012,NNI,2206789.203,60191243,0.03666296113871581
ITA,2013,NNI,2172561.672,60311616,0.036022275907845014
ITA,2014,NNI,2195454.349,60320708,0.03639636240675424
ITA,2015,NNI,2211475.363,60229599,0.036717418009042366
ITA,2016,NNI,2293218.69,60115220,0.038147056435957484
ITA,2017,NNI,2330673.168,60002254,0.03884309359445064
ITA,2018,NNI,2362603.906,59877216,0.03945747754872237
ITA,2019,NNI,2368614.993,59729077,0.03965597849436046
ITA,2020,NNI,2148312.296,59438845,0.036143237574687063
ITA,2021,NNI,2335979.224,59133173,0.039503701653215866
ITA,2022,NNI,2373749.912,59013671,0.0402237290406828
ITA,2023,NNI,2442735.181,58984217,0.04141336963072681
ITA,2024,NNI,2481599.255,58952700,0.04209475147024649
ITA,1992,consumption,1957268.878,56797078,0.03446073190596178
ITA,1993,consumption,1905216.186,56831823,0.03352375632926644
ITA,1994,consumption,1918507.886,56843400,0.033750758856789
ITA,1995,consumption,1925542.915,56844301,0.03387398351507568
ITA,1996,consumption,1946301.836,56860279,0.03422955128306704
ITA,1997,consumption,2000588.62,56890371,0.03516568067379979
ITA,1998,consumption,2062668.798,56906744,0.03624647366927196
ITA,1999,consumption,2113144.843,56916316,0.03712722452029397
ITA,2000,consumption,2174391.86,56942108,0.03818600920078336
ITA,2001,consumption,2213423.352,56976976,0.03884768036829473
ITA,2002,consumption,2220521.338,57089823,0.03889522197327534
ITA,2003,consumption,2239804.675,57399187,0.03902154006118588
ITA,2004,consumption,2260398.641,57828178,0.03908818709453374
ITA,2005,consumption,2285476.611,58166684,0.03929184979841725
ITA,2006,consumption,2304513.701,58399863,0.03946094361556978
ITA,2007,consumption,2326232.622,58756247,0.03959123907284275
ITA,2008,consumption,2315473.985,59211183,0.039105349153385434
ITA,2009,consumption,2291817.194,59555456,0.03848206945136983
ITA,2010,consumption,2306441.133,59819402,0.03855674005233285
ITA,2011,consumption,2296450.812,60026844,0.038257063989571065
ITA,2012,consumption,2220595.513,60191243,0.03689233520231506
ITA,2013,consumption,2176803.879,60311616,0.03609261404967163
ITA,2014,consumption,2178298.6,60320708,0.0361119534604932
ITA,2015,consumption,2207959.421,60229599,0.036659042358890684
ITA,2016,consumption,2227704.411,60115220,0.03705724458797622
ITA,2017,consumption,2249818.086,60002254,0.03749555951681415
ITA,2018,consumption,2258432.777,59877216,0.03771773184979074
ITA,2019,consumption,2255764.39,59729077,0.03776660386029404
ITA,2020,consumption,2075697.746,59438845,0.03492156932053441
ITA,2021,consumption,2177446.936,59133173,0.036822765049323504
ITA,2022,consumption,2267134.927,59013671,0.03841711401075185
ITA,2023,consumption,2282049.397,58984217,0.038689153015288816
ITA,2024,consumption,2311190.363,58952700,0.039204147782883565
JPN,1992,GDP,4585175.445,124567000,0.036808909622933844
JPN,1993,GDP,4561427.911,124938000,0.03650953201587988
JPN,1994,GDP,4606725.917,125265000,0.03677584254979444
JPN,1995,GDP,4714617.993,125570246,0.0375456618361646
JPN,1996,GDP,4859614.529,125864000,0.038610043610563784
JPN,1997,GDP,4925849.67,126166000,0.03904260791338395
JPN,1998,GDP,4838532.043,126486000,0.03825349875084989
JPN,1999,GDP,4821713.287,126686000,0.03806034831788832
JPN,2000,GDP,4965319.67,126925843,0.03911984787841827
JPN,2001,GDP,4979451.395,127291000,0.03911864464101939
JPN,2002,GDP,4983683.371,127435000,0.03910764994703182
JPN,2003,GDP,5052463.651,127619000,0.03959021502284142
JPN,2004,GDP,5159219.593,127687000,0.04040520642665268
JPN,2005,GDP,5254576.486,127767994,0.04112592145729391
JPN,2006,GDP,5335828.445,127900515,0.04171858451860026
JPN,2007,GDP,5428051.79,128032743,0.04239580956255854
JPN,2008,GDP,5364726.939,128083960,0.041884455625825434
JPN,2009,GDP,5046279.906,128031514,0.03941435782755799
JPN,2010,GDP,5255017.048,128057352,0.04103643380038032
JPN,2011,GDP,5244488.209,127834233,0.04102569465097819
JPN,2012,GDP,5330966.386,127592657,0.04178113781265641
JPN,2013,GDP,5437440.526,127413888,0.042675414833899424
JPN,2014,GDP,5486699.142,127237150,0.04312183306526435
JPN,2015,GDP,5585458.484,127094745,0.04394720241186998
JPN,2016,GDP,5624835.212,127041812,0.0442754643014695
JPN,2017,GDP,5716151.635,126918546,0.045037953988221704
JPN,2018,GDP,5763832.562,126748506,0.04547456016562436
JPN,2019,GDP,5746051.316,126555078,0.045403561886311665
JPN,2020,GDP,5499931.882,126146099,0.043599698489289
JPN,2021,GDP,5695960.196,125502290,0.04538530887364685
JPN,2022,GDP,5771810.308,124946789,0.0461941467579451
JPN,2023,GDP,5813412.669,124351877,0.046749697787030586
JPN,2024,GDP,5799455.581,123801750,0.046844697922283005
JPN,1992,GNI,NA,124567000,NA
JPN,1993,GNI,NA,124938000,NA
JPN,1994,GNI,4875173.692,125265000,0.038918881507204725
JPN,1995,GNI,4987626.347,125570246,0.03971981027257046
JPN,1996,GNI,5140150.084,125864000,0.04083892204283989
JPN,1997,GNI,5197041.94,126166000,0.04119209565176038
JPN,1998,GNI,5119981.824,126486000,0.04047864446658128
JPN,1999,GNI,5094181.162,126686000,0.04021108221902972
JPN,2000,GNI,5227806.314,126925843,0.04118787939820892
JPN,2001,GNI,5249836.55,127291000,0.041242794463080656
JPN,2002,GNI,5246312.829,127435000,0.04116853948287362
JPN,2003,GNI,5308753.487,127619000,0.04159845702442426
JPN,2004,GNI,5413416.326,127687000,0.04239598648257066
JPN,2005,GNI,5488381.482,127767994,0.04295583980131988
JPN,2006,GNI,5546208.346,127900515,0.04336345593291786
JPN,2007,GNI,5633045.925,128032743,0.043996916671542374
JPN,2008,GNI,5458379.95,128083960,0.042615640162905644
JPN,2009,GNI,5206685.407,128031514,0.04066721734619181
JPN,2010,GNI,5388326.616,128057352,0.04207744836079384
JPN,2011,GNI,5327000.493,127834233,0.041671157779778756
JPN,2012,GNI,5396555.035,127592657,0.04229518501993418
JPN,2013,GNI,5518048.352,127413888,0.04330806035838103
JPN,2014,GNI,5571475.526,127237150,0.04378811947611212
JPN,2015,GNI,5768245.425,127094745,0.04538539673689892
JPN,2016,GNI,5834295.031,127041812,0.04592421140057417
JPN,2017,GNI,5906604.435,126918546,0.046538544768705434
JPN,2018,GNI,5918564.668,126748506,0.046695340677230544
JPN,2019,GNI,5913907.115,126555078,0.046729907708642084
JPN,2020,GNI,5696454.59,126146099,0.04515759611401063
JPN,2021,GNI,5882933.041,125502290,0.04687510515545175
JPN,2022,GNI,5886140.232,124946789,0.04710917566677124
JPN,2023,GNI,5997489.492,124351877,0.04822998765028693
JPN,2024,GNI,6037425.269,123801750,0.04876688147784664
JPN,1992,NNI,NA,124567000,NA
JPN,1993,NNI,NA,124938000,NA
JPN,1994,NNI,3757193.163,125265000,0.029993958112800864
JPN,1995,NNI,3858857.352,125570246,0.03073066649881374
JPN,1996,NNI,3984176.333,125864000,0.03165461397222399
JPN,1997,NNI,4014495.621,126166000,0.03181915588193333
JPN,1998,NNI,3915877.006,126486000,0.030958975744351153
JPN,1999,NNI,3880103.863,126686000,0.030627724160522868
JPN,2000,NNI,3995202.02,126925843,0.03147666326707005
JPN,2001,NNI,4008277.551,127291000,0.031489088395880306
JPN,2002,NNI,3994005.455,127435000,0.0313415110056107
JPN,2003,NNI,4050267.919,127619000,0.0317371858343977
JPN,2004,NNI,4147291.785,127687000,0.03248014116550628
JPN,2005,NNI,4201323.922,127767994,0.032882444111942466
JPN,2006,NNI,4231073.537,127900515,0.03308097341906715
JPN,2007,NNI,4302500.97,128032743,0.03360469259023842
JPN,2008,NNI,4098639.544,128083960,0.031999631679095496
JPN,2009,NNI,3841994.417,128031514,0.030008193271853365
JPN,2010,NNI,4036941.642,128057352,0.03152448164007014
JPN,2011,NNI,3989688.456,127834233,0.03120985953739011
JPN,2012,NNI,4066744.668,127592657,0.03187287390684246
JPN,2013,NNI,4171561.033,127413888,0.03274023812066703
JPN,2014,NNI,4211613.713,127237150,0.03310050337499701
JPN,2015,NNI,4395328.486,127094745,0.03458308591751767
JPN,2016,NNI,4442619.314,127041812,0.03496974141080419
JPN,2017,NNI,4495207.482,126918546,0.035418050581827495
JPN,2018,NNI,4489173.15,126748506,0.03541795711580222
JPN,2019,NNI,4466446.899,126555078,0.03529251429168255
JPN,2020,NNI,4233561.951,126146099,0.033560783762326254
JPN,2021,NNI,4390344.368,125502290,0.03498218532904858
JPN,2022,NNI,4363872.513,124946789,0.03492584761822091
JPN,2023,NNI,4462022.689,124351877,0.03588223030200019
JPN,2024,NNI,4471347.613,123801750,0.03611699845115275
JPN,1992,consumption,3105537.679,124567000,0.024930661242544172
JPN,1993,consumption,3150819.911,124938000,0.025219067945701067
JPN,1994,consumption,3230942.125,125265000,0.02579285614497266
JPN,1995,consumption,3320152.453,125570246,0.026440598459924976
JPN,1996,consumption,3387403.024,125864000,0.026913200152545606
JPN,1997,consumption,3413424.649,126166000,0.027055027891825057
JPN,1998,consumption,3407478.568,126486000,0.026939570924845436
JPN,1999,consumption,3464868.516,126686000,0.027350050644901567
JPN,2000,consumption,3539223,126925843,0.027884179583506884
JPN,2001,consumption,3613004.316,127291000,0.02838381594928157
JPN,2002,consumption,3664720.23,127435000,0.028757564483854515
JPN,2003,consumption,3698095.481,127619000,0.02897762465620323
JPN,2004,consumption,3744329.364,127687000,0.029324280185140227
JPN,2005,consumption,3798294.826,127767994,0.029728061833701483
JPN,2006,consumption,3830200.048,127900515,0.029946713256002136
JPN,2007,consumption,3866681.292,128032743,0.030200722107469023
JPN,2008,consumption,3834482.639,128083960,0.029937258646594
JPN,2009,consumption,3825604.736,128031514,0.029880180406208427
JPN,2010,consumption,3915208.041,128057352,0.030573863818455345
JPN,2011,consumption,3920078.465,127834233,0.030665326282358185
JPN,2012,consumption,4001596.644,127592657,0.0313622800722772
JPN,2013,consumption,4101173.316,127413888,0.03218780448800056
JPN,2014,consumption,4089426.061,127237150,0.03214018909571615
JPN,2015,consumption,4107438.994,127094745,0.03231792938409845
JPN,2016,consumption,4114225.915,127041812,0.03238481764570549
JPN,2017,consumption,4145287.225,126918546,0.032661004680907706
JPN,2018,consumption,4162081.828,126748506,0.03283732455197539
JPN,2019,consumption,4159240.091,126555078,0.032865058887641
JPN,2020,consumption,4035594.96,126146099,0.031991436849743565
JPN,2021,consumption,4133662.254,125502290,0.0329369468397748
JPN,2022,consumption,4219037.628,124946789,0.033766675092386726
JPN,2023,consumption,4219315.177,124351877,0.03393045025769897
JPN,2024,consumption,4219140.875,123801750,0.03407981611730044
MEX,1992,GDP,1495856.571,87753131,0.017046190306303714
MEX,1993,GDP,1545300.402,89364560,0.017292094338068692
MEX,1994,GDP,1613202.878,90953505,0.017736566369817193
MEX,1995,GDP,1517857.755,92506744,0.01640807674519384
MEX,1996,GDP,1612242.66,94005638,0.01715048899513878
MEX,1997,GDP,1728306.012,95438019,0.018109198305970707
MEX,1998,GDP,1835203.103,96799183,0.01895886975616313
MEX,1999,GDP,1885763.506,98085415,0.019225727963734465
MEX,2000,GDP,1980603.91,99368858,0.01993183729655019
MEX,2001,GDP,1971674.45,100739263,0.01957205553508963
MEX,2002,GDP,1967009.705,102167274,0.019252835355086404
MEX,2003,GDP,1990329.488,103587899,0.019213918876759918
MEX,2004,GDP,2061293.512,104970581,0.019636868657514624
MEX,2005,GDP,2104853.737,106370948,0.01978786291347145
MEX,2006,GDP,2205992.245,107885646,0.02044750461984535
MEX,2007,GDP,2251829.762,109538665,0.020557396440791024
MEX,2008,GDP,2273071.989,111275915,0.02042734934149946
MEX,2009,GDP,2129976.412,113030218,0.018844309510223187
MEX,2010,GDP,2235864.666,114756059,0.019483630629037203
MEX,2011,GDP,2312868.853,116446180,0.0198621273192474
MEX,2012,GDP,2395049.958,118060514,0.020286629939625708
MEX,2013,GDP,2415458.215,119597654,0.020196535084208257
MEX,2014,GDP,2475935.577,121048604,0.02045406138677981
MEX,2015,GDP,2542843.364,122368490,0.02078021363179361
MEX,2016,GDP,2587915.091,123587407,0.02093995783081686
MEX,2017,GDP,2636353.835,124777172,0.021128494841989205
MEX,2018,GDP,2688344.897,125995825,0.02133677760354361
MEX,2019,GDP,2677788.023,127215666,0.02104920020620731
MEX,2020,GDP,2454084.685,128209170,0.0191412570957288
MEX,2021,GDP,2602519.591,128982939,0.02017723903003947
MEX,2022,GDP,2699066.746,129960600,0.020768346298801327
MEX,2023,GDP,2782921.255,131135337,0.021221749367220523
MEX,2024,GDP,2820506.73,132274416,0.021323146344490382
MEX,1992,GNI,1444124.243,87753131,0.01645666914152613
MEX,1993,GNI,1471895.655,89364560,0.016470686533901137
MEX,1994,GNI,1538355.937,90953505,0.01691365205771894
MEX,1995,GNI,1401277.096,92506744,0.015147837178227782
MEX,1996,GNI,1477942.957,94005638,0.01572185443813487
MEX,1997,GNI,1601061.816,95438019,0.01677593303775511
MEX,1998,GNI,1665792.174,96799183,0.01720874208204836
MEX,1999,GNI,1756279.423,98085415,0.01790561239915231
MEX,2000,GNI,1899696.738,99368858,0.01911762675183406
MEX,2001,GNI,1912343.685,100739263,0.01898310180212456
MEX,2002,GNI,1941385.153,102167274,0.019002025570340655
MEX,2003,GNI,1958362.557,103587899,0.018905321721024576
MEX,2004,GNI,2028443.216,104970581,0.019323921013640954
MEX,2005,GNI,2040507.526,106370948,0.01918294012007865
MEX,2006,GNI,2172451.59,107885646,0.020136613817930884
MEX,2007,GNI,2212155.868,109538665,0.020195205665506328
MEX,2008,GNI,2218006.51,111275915,0.019932494017236343
MEX,2009,GNI,2073580.956,113030218,0.018345368103244743
MEX,2010,GNI,2155432.089,114756059,0.018782730147608156
MEX,2011,GNI,2259080.221,116446180,0.019400208929137908
MEX,2012,GNI,2308611.075,118060514,0.019554472505515265
MEX,2013,GNI,2305015.236,119597654,0.019273080691030946
MEX,2014,GNI,2369921.365,121048604,0.01957826267042287
MEX,2015,GNI,2437477.762,122368490,0.019919161885547498
MEX,2016,GNI,2474854.773,123587407,0.020025137132296984
MEX,2017,GNI,2540949.34,124777172,0.020363895889546204
MEX,2018,GNI,2600079.267,125995825,0.02063623351805506
MEX,2019,GNI,2623975.122,127215666,0.020626194905900976
MEX,2020,GNI,2375240.506,128209170,0.018526291886921974
MEX,2021,GNI,2507951.913,128982939,0.019444059287562057
MEX,2022,GNI,2565235.849,129960600,0.019738565757621927
MEX,2023,GNI,2712274.275,131135337,0.02068301601268619
MEX,2024,GNI,2736503.75,132274416,0.020688080376782762
MEX,1992,NNI,1260386.627,87753131,0.014362867884451897
MEX,1993,NNI,1279625.361,89364560,0.01431915919465166
MEX,1994,NNI,1336141.476,90953505,0.01469037917780079
MEX,1995,NNI,1198784.054,92506744,0.012958882803182437
MEX,1996,NNI,1273817.8,94005638,0.013550440453369403
MEX,1997,NNI,1384391.803,95438019,0.014505663649619551
MEX,1998,NNI,1437021.055,96799183,0.014845384128913567
MEX,1999,NNI,1513848.881,98085415,0.015433985582871828
MEX,2000,NNI,1639147.423,99368858,0.016495584793779154
MEX,2001,NNI,1641644.091,100739263,0.016295970827183835
MEX,2002,NNI,1661306.266,102167274,0.01626064982413057
MEX,2003,NNI,1668964.458,103587899,0.01611157745365605
MEX,2004,NNI,1728651.88,104970581,0.016467965248282278
MEX,2005,NNI,1739985.225,106370948,0.016357710988906482
MEX,2006,NNI,1854256.373,107885646,0.01718723891220895
MEX,2007,NNI,1885757.211,109538665,0.017215448179873288
MEX,2008,NNI,1880940.173,111275915,0.016903389857544644
MEX,2009,NNI,1718338.987,113030218,0.015202474324167011
MEX,2010,NNI,1801322.47,114756059,0.015696970475432587
MEX,2011,NNI,1888017.449,116446180,0.01621364864867186
MEX,2012,NNI,1922767.544,118060514,0.016286288097983378
MEX,2013,NNI,1916224.706,119597654,0.016022259985133153
MEX,2014,NNI,1975955.103,121048604,0.01632365048175194
MEX,2015,NNI,2008084.411,122368490,0.01641014292976893
MEX,2016,NNI,2015227.289,123587407,0.01630608925228118
MEX,2017,NNI,2063939.419,124777172,0.01654100173868342
MEX,2018,NNI,2106747.556,125995825,0.016720772739890387
MEX,2019,NNI,2123310.199,127215666,0.01669063461885268
MEX,2020,NNI,1862259.049,128209170,0.014525162661921921
MEX,2021,NNI,1985187.762,128982939,0.015391087979473007
MEX,2022,NNI,2034660.79,129960600,0.015655981812949464
MEX,2023,NNI,2183741.829,131135337,0.016652581058300097
MEX,2024,NNI,2194458.285,132274416,0.01659019447116667
MEX,1992,consumption,1223732.432,87753131,0.013945171164320052
MEX,1993,consumption,1153328.253,89364560,0.012905879612678674
MEX,1994,consumption,1208048.839,90953505,0.013282048217932886
MEX,1995,consumption,1144905.664,92506744,0.012376456185724147
MEX,1996,consumption,1179203.891,94005638,0.012543969873381425
MEX,1997,consumption,1264727.087,95438019,0.013251816207543034
MEX,1998,consumption,1340373.245,96799183,0.01384694791277319
MEX,1999,consumption,1399462.89,98085415,0.014267798020735294
MEX,2000,consumption,1508948.126,99368858,0.015185322206279153
MEX,2001,consumption,1539371.186,100739263,0.015280746951662729
MEX,2002,consumption,1561751.778,102167274,0.015286223433934432
MEX,2003,consumption,1590224.033,103587899,0.01535144595412636
MEX,2004,consumption,1620346.768,104970581,0.015436198909864089
MEX,2005,consumption,1655676.646,106370948,0.015565120713223314
MEX,2006,consumption,1725734.149,107885646,0.015995956950565972
MEX,2007,consumption,1748110.085,109538665,0.015958840515355923
MEX,2008,consumption,1769655.944,111275915,0.015903315142364812
MEX,2009,consumption,1667719.316,113030218,0.014754632393967427
MEX,2010,consumption,1738469.756,114756059,0.015149263325607933
MEX,2011,consumption,1815782.753,116446180,0.01559332176461263
MEX,2012,consumption,1857096.568,118060514,0.01573003966423524
MEX,2013,consumption,1900135.973,119597654,0.015887736167466963
MEX,2014,consumption,1938670.643,121048604,0.016015638172911104
MEX,2015,consumption,1988092.016,122368490,0.016246764309995162
MEX,2016,consumption,2026262.842,123587407,0.016395382759345375
MEX,2017,consumption,2057210.08,124777172,0.016487070888255104
MEX,2018,consumption,2091925.995,125995825,0.016603137405544987
MEX,2019,consumption,2102822.543,127215666,0.016529587975430637
MEX,2020,consumption,1922813.742,128209170,0.014997474377222784
MEX,2021,consumption,2058742.31,128982939,0.01596135369500303
MEX,2022,consumption,2150028.466,129960600,0.01654369451972367
MEX,2023,consumption,2234545.517,131135337,0.01703999523027115
MEX,2024,consumption,2295177.964,132274416,0.017351639367661244
NLD,1992,GDP,648365,15184163,0.04270008165744796
NLD,1993,GDP,656518.945,15290368,0.04293676548530421
NLD,1994,GDP,675959.024,15382834,0.04394242465335061
NLD,1995,GDP,697021.761,15459004,0.04508840032643759
NLD,1996,GDP,720864.335,15530500,0.04641604165995943
NLD,1997,GDP,751490.068,15610650,0.04813957573835811
NLD,1998,GDP,786417.096,15707205,0.050067284153991753
NLD,1999,GDP,826078.801,15812085,0.052243508746632715
NLD,2000,GDP,860936.852,15925505,0.05406025441579403
NLD,2001,GDP,880941.448,16046182,0.054900377423115355
NLD,2002,GDP,883107.061,16148921,0.05468520534591754
NLD,2003,GDP,883971.224,16225303,0.05448103027721578
NLD,2004,GDP,901794.589,16281777,0.055386742429895705
NLD,2005,GDP,920137.233,16319871,0.056381403566241425
NLD,2006,GDP,952685.209,16346096,0.0582821249183903
NLD,2007,GDP,989701.065,16381696,0.06041505501017721
NLD,2008,GDP,1010650.514,16445590,0.06145419617052352
NLD,2009,GDP,973607.328,16530387,0.05889803596249743
NLD,2010,GDP,986452.644,16615390,0.059369815815337464
NLD,2011,GDP,1003945.441,16693074,0.06014143596320246
NLD,2012,GDP,994128.6,16754963,0.059333380801855545
NLD,2013,GDP,993827.964,16804430,0.05914083155453651
NLD,2014,GDP,1009854.026,16865008,0.05987865680229739
NLD,2015,GDP,1031269.395,16939925,0.060878037830746
NLD,2016,GDP,1056270.259,17030314,0.062022946787710434
NLD,2017,GDP,1085650.505,17131295,0.06337235480446748
NLD,2018,GDP,1110172.435,17231622,0.06442646171091729
NLD,2019,GDP,1135708.196,17344876,0.06547802336551728
NLD,2020,GDP,1091779.035,17441500,0.0625966250035834
NLD,2021,GDP,1160308.214,17533048,0.06617835153362951
NLD,2022,GDP,1218407.568,17700981,0.0688327707938899
NLD,2023,GDP,1211120.747,17877121,0.06774696814996106
NLD,2024,GDP,1224126.142,17994238,0.06802878465873353
NLD,1992,GNI,628765.533,15184163,0.0414092981615121
NLD,1993,GNI,639365.077,15290368,0.04181489137475305
NLD,1994,GNI,663252.58,15382834,0.04311641014913117
NLD,1995,GNI,690804.036,15459004,0.04468619297853859
NLD,1996,GNI,718708.398,15530500,0.04627722211132932
NLD,1997,GNI,751066.976,15610650,0.0481124729591657
NLD,1998,GNI,778515.952,15707205,0.04956425742199201
NLD,1999,GNI,823558.001,15812085,0.052084086380765095
NLD,2000,GNI,857662.887,15925505,0.05385467443575573
NLD,2001,GNI,869045.119,16046182,0.054158996763217566
NLD,2002,GNI,868443.83,16148921,0.05377720468135301
NLD,2003,GNI,881830.723,16225303,0.05434910663917956
NLD,2004,GNI,895366.182,16281777,0.054991920230820016
NLD,2005,GNI,916320.56,16319871,0.05614753695050654
NLD,2006,GNI,955997.637,16346096,0.05848476828962708
NLD,2007,GNI,984656.066,16381696,0.060107089400267225
NLD,2008,GNI,968975.322,16445590,0.05892007048698162
NLD,2009,GNI,946887.271,16530387,0.057281615427394406
NLD,2010,GNI,979888.367,16615390,0.05897474371651824
NLD,2011,GNI,991902.635,16693074,0.059420010658312546
NLD,2012,GNI,976809.238,16754963,0.05829969532012694
NLD,2013,GNI,979232.588,16804430,0.05827228820019483
NLD,2014,GNI,989296.994,16865008,0.058659740570535156
NLD,2015,GNI,1012440.664,16939925,0.0597665375732183
NLD,2016,GNI,1022733.425,17030314,0.060053703355087876
NLD,2017,GNI,1062872.524,17131295,0.06204274247802049
NLD,2018,GNI,1100515.7,17231622,0.06386605393270581
NLD,2019,GNI,1111140.007,17344876,0.06406157109454112
NLD,2020,GNI,1060378.769,17441500,0.06079630587965485
NLD,2021,GNI,1168782.271,17533048,0.06666167063479207
NLD,2022,GNI,1181640.117,17700981,0.06675562879820052
NLD,2023,GNI,1197554.902,17877121,0.06698812980009478
NLD,2024,GNI,1216498.378,17994238,0.06760488429685102
NLD,1992,NNI,522453.855,15184163,0.03440781391769833
NLD,1993,NNI,531578.84,15290368,0.03476560145576614
NLD,1994,NNI,554165.809,15382834,0.03602494891383473
NLD,1995,NNI,579457.999,15459004,0.03748352733462
NLD,1996,NNI,604868.662,15530500,0.038947146711310006
NLD,1997,NNI,634706.212,15610650,0.04065853836963868
NLD,1998,NNI,658255.315,15707205,0.04190785789069411
NLD,1999,NNI,698000.623,15812085,0.04414349043785181
NLD,2000,NNI,725559.157,15925505,0.04555956982211867
NLD,2001,NNI,731418.008,16046182,0.04558205858564985
NLD,2002,NNI,727173.729,16148921,0.04502924554525965
NLD,2003,NNI,738203.053,16225303,0.04549702726660944
NLD,2004,NNI,748745.854,16281777,0.04598674051364295
NLD,2005,NNI,767069.819,16319871,0.047002198669339974
NLD,2006,NNI,803960.296,16346096,0.04918362745453104
NLD,2007,NNI,828549.087,16381696,0.05057773547989171
NLD,2008,NNI,808038.992,16445590,0.049134083483778936
NLD,2009,NNI,780572.888,16530387,0.04722048479566752
NLD,2010,NNI,812076.457,16615390,0.04887495610996793
NLD,2011,NNI,825581.766,16693074,0.049456545031789825
NLD,2012,NNI,810873.967,16754963,0.0483960464132329
NLD,2013,NNI,812407.152,16804430,0.04834482050268887
NLD,2014,NNI,821897.117,16865008,0.048733870567983124
NLD,2015,NNI,843151.085,16939925,0.04977301168688763
NLD,2016,NNI,850968.458,17030314,0.049967866593651766
NLD,2017,NNI,889698.827,17131295,0.05193412564549265
NLD,2018,NNI,924104.906,17231622,0.05362843416597694
NLD,2019,NNI,931433.347,17344876,0.05370077866224007
NLD,2020,NNI,876807.161,17441500,0.05027131617120087
NLD,2021,NNI,982183.074,17533048,0.05601895768493875
NLD,2022,NNI,992351.155,17700981,0.056061929844453254
NLD,2023,NNI,1007927.082,17877121,0.05638083906239713
NLD,2024,NNI,1021982.348,17994238,0.05679497781456486
NLD,1992,consumption,479464.702,15184163,0.031576630335172245
NLD,1993,consumption,485466.24,15290368,0.03174980746048754
NLD,1994,consumption,495091.282,15382834,0.03218465999178045
NLD,1995,consumption,508030.633,15459004,0.032863089562561724
NLD,1996,consumption,522835.023,15530500,0.03366504768037088
NLD,1997,consumption,542372.239,15610650,0.03474373193941315
NLD,1998,consumption,569984.459,15707205,0.03628808938318434
NLD,1999,consumption,598070.09,15812085,0.03782360707016184
NLD,2000,consumption,619906.18,15925505,0.03892537034147426
NLD,2001,consumption,636821.624,16046182,0.039686800511174555
NLD,2002,consumption,650572.417,16148921,0.04028581333700252
NLD,2003,consumption,655808.241,16225303,0.040418859419759375
NLD,2004,consumption,658933.012,16281777,0.04047058327847138
NLD,2005,consumption,665568.487,16319871,0.04078270514515709
NLD,2006,consumption,682130.159,16346096,0.041730463286157135
NLD,2007,consumption,697871.08,16381696,0.04260066112812739
NLD,2008,consumption,708719.657,16445590,0.043094814901745694
NLD,2009,consumption,711301.548,16530387,0.043029939226468195
NLD,2010,consumption,714459.767,16615390,0.04299987944911314
NLD,2011,consumption,715586.691,16693074,0.04286728082556873
NLD,2012,consumption,709123.6,16754963,0.042323197013326735
NLD,2013,consumption,706032.276,16804430,0.042014651850732214
NLD,2014,consumption,710978.651,16865008,0.04215703016565423
NLD,2015,consumption,720624.403,16939925,0.0425399996162911
NLD,2016,consumption,730283.02,17030314,0.04288135967428434
NLD,2017,consumption,744258.941,17131295,0.04344440633355505
NLD,2018,consumption,760261.01,17231622,0.04412010720755133
NLD,2019,consumption,772808.978,17344876,0.04455546283524887
NLD,2020,consumption,746757.214,17441500,0.04281496511194565
NLD,2021,consumption,780611.257,17533048,0.04452227912682381
NLD,2022,consumption,818259.022,17700981,0.04622676121735852
NLD,2023,consumption,830271.83,17877121,0.04644326287213696
NLD,2024,consumption,846969.865,17994238,0.047068948682350426
NOR,1992,GDP,200504.317,4286397,0.0467768890749037
NOR,1993,GDP,206264.927,4311984,0.04783527188412573
NOR,1994,GDP,216659.303,4336614,0.04996047676828051
NOR,1995,GDP,225656.937,4359187,0.05176583087626202
NOR,1996,GDP,236870.946,4381339,0.05406359699626073
NOR,1997,GDP,248932.626,4405158,0.05650935244547414
NOR,1998,GDP,255718.301,4431465,0.0577051383684628
NOR,1999,GDP,261299.64,4461915,0.05856221824037437
NOR,2000,GDP,270297.274,4490973,0.060186795600864214
NOR,2001,GDP,276144.98,4513747,0.06117865711126476
NOR,2002,GDP,280169.734,4538157,0.06173645689208196
NOR,2003,GDP,283241.397,4564856,0.06204826548745459
NOR,2004,GDP,295506.191,4591909,0.0643536688118166
NOR,2005,GDP,304281.945,4623293,0.06581498187547274
NOR,2006,GDP,312945.655,4660673,0.06714602268813968
NOR,2007,GDP,323649.339,4709156,0.06872767413099078
NOR,2008,GDP,326312.344,4768215,0.06843490572467893
NOR,2009,GDP,321048.04,4828716,0.06648724836996005
NOR,2010,GDP,324274.357,4889253,0.0663239061263551
NOR,2011,GDP,328765.722,4953089,0.0663758963345904
NOR,2012,GDP,338049.924,5018574,0.06735975677553026
NOR,2013,GDP,342352.968,5080171,0.06739004809090088
NOR,2014,GDP,349525.995,5137427,0.06803522366351872
NOR,2015,GDP,356671.314,5189898,0.06872414717977117
NOR,2016,GDP,361278.036,5236152,0.06899685799801075
NOR,2017,GDP,370922.876,5276965,0.07029094867978089
NOR,2018,GDP,375041.571,5311916,0.07060382186013484
NOR,2019,GDP,380553.586,5347893,0.07115953628840367
NOR,2020,GDP,375375.937,5379472,0.06977932722765356
NOR,2021,GDP,390928.313,5408320,0.07228276303916928
NOR,2022,GDP,406879.743,5457129,0.07455930453540681
NOR,2023,GDP,408314.79,5519596,0.07397548479997448
NOR,2024,GDP,414128.055,5572273,0.07431941238342055
NOR,1992,GNI,NA,4286397,NA
NOR,1993,GNI,NA,4311984,NA
NOR,1994,GNI,NA,4336614,NA
NOR,1995,GNI,NA,4359187,NA
NOR,1996,GNI,NA,4381339,NA
NOR,1997,GNI,NA,4405158,NA
NOR,1998,GNI,NA,4431465,NA
NOR,1999,GNI,NA,4461915,NA
NOR,2000,GNI,NA,4490973,NA
NOR,2001,GNI,NA,4513747,NA
NOR,2002,GNI,NA,4538157,NA
NOR,2003,GNI,NA,4564856,NA
NOR,2004,GNI,NA,4591909,NA
NOR,2005,GNI,NA,4623293,NA
NOR,2006,GNI,NA,4660673,NA
NOR,2007,GNI,NA,4709156,NA
NOR,2008,GNI,NA,4768215,NA
NOR,2009,GNI,NA,4828716,NA
NOR,2010,GNI,NA,4889253,NA
NOR,2011,GNI,NA,4953089,NA
NOR,2012,GNI,NA,5018574,NA
NOR,2013,GNI,NA,5080171,NA
NOR,2014,GNI,NA,5137427,NA
NOR,2015,GNI,NA,5189898,NA
NOR,2016,GNI,NA,5236152,NA
NOR,2017,GNI,NA,5276965,NA
NOR,2018,GNI,NA,5311916,NA
NOR,2019,GNI,NA,5347893,NA
NOR,2020,GNI,NA,5379472,NA
NOR,2021,GNI,NA,5408320,NA
NOR,2022,GNI,NA,5457129,NA
NOR,2023,GNI,NA,5519596,NA
NOR,2024,GNI,NA,5572273,NA
NOR,1992,NNI,NA,4286397,NA
NOR,1993,NNI,NA,4311984,NA
NOR,1994,NNI,NA,4336614,NA
NOR,1995,NNI,NA,4359187,NA
NOR,1996,NNI,NA,4381339,NA
NOR,1997,NNI,NA,4405158,NA
NOR,1998,NNI,NA,4431465,NA
NOR,1999,NNI,NA,4461915,NA
NOR,2000,NNI,NA,4490973,NA
NOR,2001,NNI,NA,4513747,NA
NOR,2002,NNI,NA,4538157,NA
NOR,2003,NNI,NA,4564856,NA
NOR,2004,NNI,NA,4591909,NA
NOR,2005,NNI,NA,4623293,NA
NOR,2006,NNI,NA,4660673,NA
NOR,2007,NNI,NA,4709156,NA
NOR,2008,NNI,NA,4768215,NA
NOR,2009,NNI,NA,4828716,NA
NOR,2010,NNI,NA,4889253,NA
NOR,2011,NNI,NA,4953089,NA
NOR,2012,NNI,NA,5018574,NA
NOR,2013,NNI,NA,5080171,NA
NOR,2014,NNI,NA,5137427,NA
NOR,2015,NNI,NA,5189898,NA
NOR,2016,NNI,NA,5236152,NA
NOR,2017,NNI,NA,5276965,NA
NOR,2018,NNI,NA,5311916,NA
NOR,2019,NNI,NA,5347893,NA
NOR,2020,NNI,NA,5379472,NA
NOR,2021,NNI,NA,5408320,NA
NOR,2022,NNI,NA,5457129,NA
NOR,2023,NNI,NA,5519596,NA
NOR,2024,NNI,NA,5572273,NA
NOR,1992,consumption,118505.058,4286397,0.027646776068572278
NOR,1993,consumption,121742.983,4311984,0.0282336351433586
NOR,1994,consumption,125132.932,4336614,0.028854985018265403
NOR,1995,consumption,128826.117,4359187,0.029552785186779094
NOR,1996,consumption,135705.892,4381339,0.030973611491829322
NOR,1997,consumption,139897.175,4405158,0.03175758395045081
NOR,1998,consumption,144175.877,4431465,0.03253458551517388
NOR,1999,consumption,149516.311,4461915,0.033509448521542876
NOR,2000,consumption,155037.987,4490973,0.03452213740763972
NOR,2001,consumption,159533.436,4513747,0.035343902970193054
NOR,2002,consumption,165463.462,4538157,0.03646049751033294
NOR,2003,consumption,170056.458,4564856,0.0372534112795672
NOR,2004,consumption,177826.15,4591909,0.03872597431699975
NOR,2005,consumption,185589.44,4623293,0.040142262236029604
NOR,2006,consumption,194586.041,4660673,0.04175063150750975
NOR,2007,consumption,203827.676,4709156,0.04328327114242977
NOR,2008,consumption,207741.798,4768215,0.043568043387305314
NOR,2009,consumption,212017.008,4828716,0.04390753318273429
NOR,2010,consumption,220021.955,4889253,0.045001139233334826
NOR,2011,consumption,225453.184,4953089,0.04551769289831053
NOR,2012,consumption,233078.068,5018574,0.04644308682107706
NOR,2013,consumption,239884.974,5080171,0.0472198620873195
NOR,2014,consumption,246523.091,5137427,0.04798571171911542
NOR,2015,consumption,254626.167,5189898,0.049061882719082336
NOR,2016,consumption,260241.201,5236152,0.04970084921140563
NOR,2017,consumption,267364.844,5276965,0.050666404647368324
NOR,2018,consumption,272703.997,5311916,0.05133816065615495
NOR,2019,consumption,277094.565,5347893,0.051813782549501274
NOR,2020,consumption,268964.949,5379472,0.04999839184960904
NOR,2021,consumption,282975.584,5408320,0.052322270871546055
NOR,2022,consumption,299265.548,5457129,0.05483937579632074
NOR,2023,consumption,301678.626,5519596,0.05465592518003129
NOR,2024,consumption,306155.8,5572273,0.05494271368254929
NZL,1992,GDP,96846.706,3531700,0.027422121357986242
NZL,1993,GDP,103106.295,3572200,0.028863528077935165
NZL,1994,GDP,109090.083,3620000,0.030135382044198893
NZL,1995,GDP,113452.932,3673400,0.030884992649861165
NZL,1996,GDP,117392.632,3732000,0.03145568917470525
NZL,1997,GDP,121108.528,3781300,0.032028278105413484
NZL,1998,GDP,122653.351,3815000,0.03215028859764089
NZL,1999,GDP,128998.635,3835100,0.0336363158718156
NZL,2000,GDP,131975.899,3857700,0.034211032221271746
NZL,2001,GDP,137059.118,3880500,0.035319963406777476
NZL,2002,GDP,143964.125,3948500,0.03646045966822844
NZL,2003,GDP,150708.09,4027200,0.03742254916567342
NZL,2004,GDP,155548.622,4087500,0.03805470874617737
NZL,2005,GDP,160535.309,4133900,0.03883386366385254
NZL,2006,GDP,164242.847,4184600,0.039249354060125224
NZL,2007,GDP,170464.117,4223800,0.040357999195037644
NZL,2008,GDP,167973.956,4259800,0.039432357387670786
NZL,2009,GDP,171460.967,4302600,0.03985054780830196
NZL,2010,GDP,173017.491,4350700,0.039767736456202456
NZL,2011,GDP,177293.103,4384000,0.04044094502737226
NZL,2012,GDP,181999.442,4408100,0.04128750300583018
NZL,2013,GDP,185396.15,4442100,0.04173614956889759
NZL,2014,GDP,192165.227,4516500,0.04254737672976863
NZL,2015,GDP,200285.953,4609400,0.043451632099622516
NZL,2016,GDP,207968.759,4714100,0.04411632315818502
NZL,2017,GDP,216810.299,4813600,0.0450411955708825
NZL,2018,GDP,225056.154,4900600,0.04592420397502347
NZL,2019,GDP,230709.805,4970300,0.046417682031265714
NZL,2020,GDP,231174.386,5072400,0.04557495189653813
NZL,2021,GDP,241302.622,5084600,0.047457542776226255
NZL,2022,GDP,251006.358,5081700,0.04939417084833816
NZL,2023,GDP,254717.124,5200000,0.04898406230769231
NZL,2024,GDP,252940.79,5290100,0.04781399028373755
NZL,1992,GNI,83097.025,3531700,0.02352890251153835
NZL,1993,GNI,88211.718,3572200,0.024693947147416156
NZL,1994,GNI,93747.471,3620000,0.02589709143646409
NZL,1995,GNI,97878.784,3673400,0.02664528338868623
NZL,1996,GNI,100090.222,3732000,0.026819459271168272
NZL,1997,GNI,103930.636,3781300,0.027485424589426915
NZL,1998,GNI,106418.195,3815000,0.02789467758846658
NZL,1999,GNI,109638.432,3835100,0.028588154676540377
NZL,2000,GNI,113719.134,3857700,0.029478480441713976
NZL,2001,GNI,120201.373,3880500,0.03097574358974359
NZL,2002,GNI,125294.269,3948500,0.03173211827276181
NZL,2003,GNI,133722.687,4027200,0.03320487857568534
NZL,2004,GNI,138462.835,4087500,0.0338746996941896
NZL,2005,GNI,141484.836,4133900,0.034225510051041394
NZL,2006,GNI,144111.476,4184600,0.03443853080342207
NZL,2007,GNI,152516.452,4223800,0.03610882428145272
NZL,2008,GNI,149557.994,4259800,0.03510915864594582
NZL,2009,GNI,155111.705,4302600,0.036050691442383674
NZL,2010,GNI,158549.965,4350700,0.03644240352127244
NZL,2011,GNI,164030.21,4384000,0.03741565009124087
NZL,2012,GNI,166841.367,4408100,0.03784881627004832
NZL,2013,GNI,175812.136,4442100,0.03957860831588663
NZL,2014,GNI,181978.856,4516500,0.0402920084135946
NZL,2015,GNI,189687.136,4609400,0.041152240204798886
NZL,2016,GNI,198527.401,4714100,0.04211353195731953
NZL,2017,GNI,208201.531,4813600,0.043252769444906095
NZL,2018,GNI,215200.87,4900600,0.04391316777537444
NZL,2019,GNI,224549.986,4970300,0.04517835663843229
NZL,2020,GNI,226622.566,5072400,0.04467758181531425
NZL,2021,GNI,233629.722,5084600,0.04594849585021438
NZL,2022,GNI,236626.51,5081700,0.046564439065667006
NZL,2023,GNI,239627.882,5200000,0.046082285
NZL,2024,GNI,241729.338,5290100,0.04569466323888017
NZL,1992,NNI,69203.477,3531700,0.019594947758869666
NZL,1993,NNI,74008.422,3572200,0.020717883097250995
NZL,1994,NNI,79182.613,3620000,0.021873649999999998
NZL,1995,NNI,82885.876,3673400,0.022563803560733925
NZL,1996,NNI,84564.108,3732000,0.022659192926045013
NZL,1997,NNI,88153.237,3781300,0.023312944489990214
NZL,1998,NNI,90055.722,3815000,0.023605693840104847
NZL,1999,NNI,93026.954,3835100,0.02425672185862168
NZL,2000,NNI,96037.987,3857700,0.024895141405500684
NZL,2001,NNI,101976.554,3880500,0.02627923051153202
NZL,2002,NNI,106827.734,3948500,0.027055270102570597
NZL,2003,NNI,114590.577,4027200,0.028454155989272947
NZL,2004,NNI,118440.348,4087500,0.028976231926605506
NZL,2005,NNI,120448.238,4133900,0.029136708193231574
NZL,2006,NNI,121875.122,4184600,0.029124676671605412
NZL,2007,NNI,129587.693,4223800,0.03068035726123396
NZL,2008,NNI,125310.672,4259800,0.02941703178552984
NZL,2009,NNI,130229.166,4302600,0.030267551248082555
NZL,2010,NNI,134015.588,4350700,0.030803224308731926
NZL,2011,NNI,139596.613,4384000,0.03184229311131387
NZL,2012,NNI,142031.176,4408100,0.03222049772010617
NZL,2013,NNI,150647.156,4442100,0.033913499470970936
NZL,2014,NNI,155863.071,4516500,0.034509702424443706
NZL,2015,NNI,162035.968,4609400,0.03515337527660867
NZL,2016,NNI,169856.815,4714100,0.036031652913599624
NZL,2017,NNI,178566.944,4813600,0.03709634036895463
NZL,2018,NNI,182167.852,4900600,0.03717256091090887
NZL,2019,NNI,192555.991,4970300,0.03874132165060459
NZL,2020,NNI,193579.884,5072400,0.03816337118523776
NZL,2021,NNI,199685.56,5084600,0.03927261928175274
NZL,2022,NNI,200615.305,5081700,0.03947799063305587
NZL,2023,NNI,202263.27,5200000,0.03889678269230769
NZL,2024,NNI,203187.434,5290100,0.038408996805353396
NZL,1992,consumption,71111.484,3531700,0.020135199479004443
NZL,1993,consumption,73306.92,3572200,0.020521504954929735
NZL,1994,consumption,76728.003,3620000,0.021195580939226518
NZL,1995,consumption,79868.467,3673400,0.021742382261664944
NZL,1996,consumption,83136.034,3732000,0.02227653644158628
NZL,1997,consumption,85466.828,3781300,0.022602498611588605
NZL,1998,consumption,87685.373,3815000,0.02298437038007864
NZL,1999,consumption,90139.97,3835100,0.023503942530833617
NZL,2000,consumption,91420.09,3857700,0.0236980817585608
NZL,2001,consumption,94241.968,3880500,0.02428603736631877
NZL,2002,consumption,98152.485,3948500,0.024858170191211854
NZL,2003,consumption,103837.508,4027200,0.025784045490663487
NZL,2004,consumption,109186.613,4087500,0.02671232122324159
NZL,2005,consumption,114789.926,4133900,0.02776794939403469
NZL,2006,consumption,118429.727,4184600,0.028301325574726376
NZL,2007,consumption,123195.308,4223800,0.029166936881481132
NZL,2008,consumption,123851.463,4259800,0.029074478379266633
NZL,2009,consumption,124997.877,4302600,0.029051707572165665
NZL,2010,consumption,127645.605,4350700,0.029339096007539017
NZL,2011,consumption,131231.759,4384000,0.029934251596715325
NZL,2012,consumption,133425.544,4408100,0.030268266146412284
NZL,2013,consumption,137896.474,4442100,0.031043081875689424
NZL,2014,consumption,142322.011,4516500,0.031511571128085905
NZL,2015,consumption,147633.149,4609400,0.03202871284765913
NZL,2016,consumption,155514.433,4714100,0.03298920960522687
NZL,2017,consumption,162598.428,4813600,0.03377896543127805
NZL,2018,consumption,169564.397,4900600,0.03460074215402196
NZL,2019,consumption,174953.119,4970300,0.0351997100778625
NZL,2020,consumption,178539.272,5072400,0.03519818468575033
NZL,2021,consumption,189431.44,5084600,0.0372559178696456
NZL,2022,consumption,194171.435,5081700,0.038209936635377924
NZL,2023,consumption,194825.939,5200000,0.03746652673076923
NZL,2024,consumption,194831.716,5290100,0.03682949585074006
PRT,1992,GDP,279511.915,9952493.5,0.028084611660384402
PRT,1993,GDP,273800.712,9964674.5,0.02747713555520554
PRT,1994,GDP,276442.446,9991525,0.027667692969791897
PRT,1995,GDP,288281.869,10026176,0.028752923248105758
PRT,1996,GDP,298383.976,10063945,0.029648808295355353
PRT,1997,GDP,311515.46,10108977,0.03081572546856126
PRT,1998,GDP,326493.008,10160196,0.032134518664797405
PRT,1999,GDP,339247.711,10217828,0.03320154841126705
PRT,2000,GDP,352194.006,10289898,0.03422716201851563
PRT,2001,GDP,359039.503,10362722,0.03464721942748247
PRT,2002,GDP,361807.426,10419631,0.0347236313838753
PRT,2003,GDP,358440.733,10458821,0.03427161943014418
PRT,2004,GDP,364852.289,10483861,0.03480132834649372
PRT,2005,GDP,367704.878,10503330,0.035008409523455894
PRT,2006,GDP,373680.212,10522288,0.03551320891425895
PRT,2007,GDP,383046.803,10542964,0.03633198434519932
PRT,2008,GDP,384269.67,10558177,0.03639545633682784
PRT,2009,GDP,372272.47,10568247,0.03522556484533338
PRT,2010,GDP,378741.168,10573100,0.03582120362050865
PRT,2011,GDP,372251.333,10574536,0.03520261626609432
PRT,2012,GDP,357171.795,10531420,0.03391487520201454
PRT,2013,GDP,353656.844,10473991,0.033765242303530715
PRT,2014,GDP,356278.824,10419607,0.03419311534494535
PRT,2015,GDP,361942.939,10381838,0.03486308869392876
PRT,2016,GDP,369196.786,10356516,0.03564874384397224
PRT,2017,GDP,381434.627,10340124,0.03688878653679588
PRT,2018,GDP,392672.772,10334633,0.03799581194610394
PRT,2019,GDP,403454.327,10354446,0.03896435666379447
PRT,2020,GDP,370352.386,10384846,0.035662771118608785
PRT,2021,GDP,390939.373,10407707,0.037562488355984656
PRT,2022,GDP,418249.778,10468869,0.03995176346174548
PRT,2023,GDP,431215.468,10578174,0.04076464123203116
PRT,2024,GDP,440765.134,10701128,0.0411886610458262
PRT,1992,GNI,NA,9952493.5,NA
PRT,1993,GNI,NA,9964674.5,NA
PRT,1994,GNI,NA,9991525,NA
PRT,1995,GNI,275347.457,10026176,0.027462858920489726
PRT,1996,GNI,282598.479,10063945,0.02808028849521733
PRT,1997,GNI,293726.142,10108977,0.029055970945428007
PRT,1998,GNI,311132.528,10160196,0.03062268956228797
PRT,1999,GNI,325261.834,10217828,0.03183277639827172
PRT,2000,GNI,329520.31,10289898,0.03202367117730419
PRT,2001,GNI,336961.746,10362722,0.032516721571803235
PRT,2002,GNI,343135.572,10419631,0.032931643356660135
PRT,2003,GNI,342723.761,10458821,0.032768871462662955
PRT,2004,GNI,347788.561,10483861,0.03317370966669626
PRT,2005,GNI,349330.851,10503330,0.033259056984784825
PRT,2006,GNI,349972.764,10522288,0.033260139239678674
PRT,2007,GNI,359593.997,10542964,0.03410748599729639
PRT,2008,GNI,355483.163,10558177,0.03366899067897801
PRT,2009,GNI,351250.592,10568247,0.0332364101633885
PRT,2010,GNI,355881.793,10573100,0.0336591721444042
PRT,2011,GNI,351820.736,10574536,0.03327056014561774
PRT,2012,GNI,336603.999,10531420,0.03196188158861768
PRT,2013,GNI,338337.926,10473991,0.03230267488295531
PRT,2014,GNI,340429.175,10419607,0.03267197841530875
PRT,2015,GNI,348476.271,10381838,0.03356595152033773
PRT,2016,GNI,358917.085,10356516,0.03465616091357364
PRT,2017,GNI,369821.699,10340124,0.03576569284855772
PRT,2018,GNI,379290.718,10334633,0.03670093732404431
PRT,2019,GNI,391090.522,10354446,0.03777029905800851
PRT,2020,GNI,365028.005,10384846,0.03515006433412686
PRT,2021,GNI,384887.072,10407707,0.036980967277422394
PRT,2022,GNI,401217.407,10468869,0.03832480920336285
PRT,2023,GNI,421335.838,10578174,0.039830677581972083
PRT,2024,GNI,440304.502,10701128,0.041145615864047226
PRT,1992,NNI,225483.444,9952493.5,0.022655975007670186
PRT,1993,NNI,222815.114,9964674.5,0.022360500987764327
PRT,1994,NNI,230186.89,9991525,0.023038213886268612
PRT,1995,NNI,233036.965,10026176,0.023242856000134048
PRT,1996,NNI,239537.318,10063945,0.02380153289788448
PRT,1997,NNI,249747.569,10108977,0.02470552351637559
PRT,1998,NNI,265467.845,10160196,0.02612822085321976
PRT,1999,NNI,277255.501,10217828,0.027134485039286234
PRT,2000,NNI,278527.718,10289898,0.027068073755444417
PRT,2001,NNI,283544.751,10362722,0.027361995332886475
PRT,2002,NNI,288128.977,10419631,0.027652512550588405
PRT,2003,NNI,287227.413,10458821,0.027462695173767673
PRT,2004,NNI,291141.602,10483861,0.027770456132525986
PRT,2005,NNI,292271.902,10503330,0.02782659423249579
PRT,2006,NNI,291796.099,10522288,0.02773124048685989
PRT,2007,NNI,300287.206,10542964,0.028482237632605024
PRT,2008,NNI,293926.827,10558177,0.02783878571082868
PRT,2009,NNI,288351.43,10568247,0.02728469820964631
PRT,2010,NNI,292696.891,10573100,0.027683166810112455
PRT,2011,NNI,288433.837,10574536,0.027276264131116487
PRT,2012,NNI,274374.228,10531420,0.02605291859977097
PRT,2013,NNI,278505.396,10473991,0.026590188591913054
PRT,2014,NNI,280372.7,10419607,0.026908183773149987
PRT,2015,NNI,287763.895,10381838,0.027718010529542075
PRT,2016,NNI,297126.294,10356516,0.028689792397366062
PRT,2017,NNI,306470.04,10340124,0.02963891342115433
PRT,2018,NNI,313272.342,10334633,0.030312865681829244
PRT,2019,NNI,322535.003,10354446,0.031149421514197865
PRT,2020,NNI,293852.252,10384846,0.02829625513945994
PRT,2021,NNI,310709.735,10407707,0.02985381266017577
PRT,2022,NNI,323423.85,10468869,0.030893867331800596
PRT,2023,NNI,343071.488,10578174,0.032432014069725075
PRT,2024,NNI,359786.669,10701128,0.0336213779519318
PRT,1992,consumption,223035.368,9952493.5,0.022409998861089433
PRT,1993,consumption,224831.896,9964674.5,0.022562894151735714
PRT,1994,consumption,228770.293,9991525,0.022896434027838593
PRT,1995,consumption,230336.965,10026176,0.022973560906969916
PRT,1996,consumption,238106.61,10063945,0.02365937115117382
PRT,1997,consumption,245608.274,10108977,0.02429605626761244
PRT,1998,consumption,258368.667,10160196,0.025429496340424927
PRT,1999,consumption,270931.766,10217828,0.026515592746325346
PRT,2000,consumption,281238.566,10289898,0.02733152126483664
PRT,2001,consumption,285459.383,10362722,0.027546756827018997
PRT,2002,consumption,290029.434,10419631,0.027834904518211825
PRT,2003,consumption,290537.932,10458821,0.02777922406359187
PRT,2004,consumption,298059.953,10483861,0.028430361009174003
PRT,2005,consumption,303642.197,10503330,0.028909136150154283
PRT,2006,consumption,306863.798,10522288,0.029163219824433623
PRT,2007,consumption,313086.257,10542964,0.0296962274555808
PRT,2008,consumption,316880.058,10558177,0.030012762430483977
PRT,2009,consumption,313111.966,10568247,0.029627616197842464
PRT,2010,consumption,317629.056,10573100,0.030041242019842807
PRT,2011,consumption,305830.113,10574536,0.028921374233346977
PRT,2012,consumption,290746.093,10531420,0.027607491962147554
PRT,2013,consumption,286697.324,10473991,0.027372309561847056
PRT,2014,consumption,291526.925,10419607,0.02797868720000668
PRT,2015,consumption,295998.881,10381838,0.028511221327090636
PRT,2016,consumption,302057.627,10356516,0.029165949919837904
PRT,2017,consumption,306304.572,10340124,0.029622910905130344
PRT,2018,consumption,312767.982,10334633,0.03026406278771583
PRT,2019,consumption,322658.602,10354446,0.031161358318928894
PRT,2020,consumption,305829.709,10384846,0.029449614274491887
PRT,2021,consumption,320024.037,10407707,0.030748755417499746
PRT,2022,consumption,335027.989,10468869,0.032002309800609786
PRT,2023,consumption,342641.924,10578174,0.03239140554882156
PRT,2024,consumption,351678.726,10701128,0.032863706143875675
SWE,1992,GDP,324520.451,8668065,0.037438626844630264
SWE,1993,GDP,317817.103,8718558,0.03645294359457149
SWE,1994,GDP,330579.894,8780741,0.03764829118635887
SWE,1995,GDP,344115.124,8826944,0.03898462752227725
SWE,1996,GDP,349981.322,8840999,0.03958617368919508
SWE,1997,GDP,360708.221,8846059,0.040776149130364155
SWE,1998,GDP,376023.286,8850975,0.04248382647109499
SWE,1999,GDP,391820.473,8857879,0.04423411891266521
SWE,2000,GDP,409966.154,8872112,0.04620840607061768
SWE,2001,GDP,415545,8895963,0.04671163762708995
SWE,2002,GDP,425009.988,8924960,0.04762038014736201
SWE,2003,GDP,433004.543,8958232,0.048335937604652345
SWE,2004,GDP,451102.333,8993534,0.050158517552721764
SWE,2005,GDP,463702.243,9029567,0.05135376292130066
SWE,2006,GDP,485385.307,9080506,0.05345355280862101
SWE,2007,GDP,501038.343,9148093,0.054769703696715806
SWE,2008,GDP,496413.192,9219639,0.05384301836546962
SWE,2009,GDP,475287.763,9298512,0.05111438937756923
SWE,2010,GDP,502620.444,9378131,0.053594948076541055
SWE,2011,GDP,518522.781,9449216,0.05487468812227385
SWE,2012,GDP,516374.034,9519379,0.05424450838652395
SWE,2013,GDP,522248.65,9600374,0.0543987817557941
SWE,2014,GDP,534238.29,9696105,0.05509823686934084
SWE,2015,GDP,557681.984,9799183,0.05691106942282842
SWE,2016,GDP,569567.186,9923086,0.05739819104661594
SWE,2017,GDP,580291.122,10057695,0.05769623377921084
SWE,2018,GDP,590563.756,10175215,0.05803943759419335
SWE,2019,GDP,605967.018,10278888,0.05895258494887774
SWE,2020,GDP,594248.846,10353444,0.0573962486299245
SWE,2021,GDP,625303.484,10415812,0.060034060138566256
SWE,2022,GDP,633153.771,10486941,0.06037544895122419
SWE,2023,GDP,631861.749,10536631,0.05996810071454528
SWE,2024,GDP,638292.814,10569710,0.06038886724422903
SWE,1992,GNI,327947.258,8668065,0.03783396386621466
SWE,1993,GNI,315178.234,8718558,0.036150270950769614
SWE,1994,GNI,334037.482,8780741,0.03804206068713335
SWE,1995,GNI,352751.134,8826944,0.039962996706447894
SWE,1996,GNI,356293.015,8840999,0.040300085431521936
SWE,1997,GNI,366367.971,8846059,0.04141595381627005
SWE,1998,GNI,383079.409,8850975,0.04328104067630967
SWE,1999,GNI,402816.285,8857879,0.04547547838483682
SWE,2000,GNI,419741.541,8872112,0.04731021666543434
SWE,2001,GNI,423465.55,8895963,0.04760199092554679
SWE,2002,GNI,429844.624,8924960,0.04816207848550582
SWE,2003,GNI,442330.557,8958232,0.0493769928039372
SWE,2004,GNI,453503.269,8993534,0.050425480017087826
SWE,2005,GNI,467078.962,9029567,0.05172772537154882
SWE,2006,GNI,495405.609,9080506,0.05455704880322749
SWE,2007,GNI,517357.742,9148093,0.05655361636572781
SWE,2008,GNI,514804.584,9219639,0.055837824452779544
SWE,2009,GNI,489710.163,9298512,0.05266543324351251
SWE,2010,GNI,519823.013,9378131,0.055429276153212186
SWE,2011,GNI,530412.162,9449216,0.05613292806514318
SWE,2012,GNI,527578.675,9519379,0.055421543254029496
SWE,2013,GNI,532918.641,9600374,0.05551019585278656
SWE,2014,GNI,545089.831,9696105,0.056217401833004076
SWE,2015,GNI,563670.34,9799183,0.05752217710394836
SWE,2016,GNI,574040.674,9923086,0.05784900725439646
SWE,2017,GNI,590097.804,10057695,0.058671276470404
SWE,2018,GNI,600330.307,10175215,0.058999274904756316
SWE,2019,GNI,623501.601,10278888,0.060658468211736524
SWE,2020,GNI,615411.498,10353444,0.059440269151018736
SWE,2021,GNI,650350.544,10415812,0.06243877520062766
SWE,2022,GNI,654640.662,10486941,0.06242436779228566
SWE,2023,GNI,654088.648,10536631,0.06207758893710903
SWE,2024,GNI,662057.081,10569710,0.06263720395356163
SWE,1992,NNI,280707.314,8668065,0.03238408041471771
SWE,1993,NNI,267445.852,8718558,0.030675468580928178
SWE,1994,NNI,286509.739,8780741,0.03262933492742811
SWE,1995,NNI,304035.06,8826944,0.03444397743998376
SWE,1996,NNI,305681.347,8840999,0.03457543055937457
SWE,1997,NNI,313459.873,8846059,0.035434974263680585
SWE,1998,NNI,326990.612,8850975,0.03694402164733264
SWE,1999,NNI,340458.059,8857879,0.038435618617052685
SWE,2000,NNI,353284.148,8872112,0.03981962220494962
SWE,2001,NNI,354116.938,8895963,0.03980647603862561
SWE,2002,NNI,358812.453,8924960,0.04020325614904716
SWE,2003,NNI,371463.47,8958232,0.04146615872417682
SWE,2004,NNI,381119.082,8993534,0.04237701019421286
SWE,2005,NNI,392642.992,9029567,0.043484144034813633
SWE,2006,NNI,418454.417,9080506,0.04608272016999934
SWE,2007,NNI,437731.887,9148093,0.04784952306453378
SWE,2008,NNI,431333.906,9219639,0.04678425109703319
SWE,2009,NNI,404032.296,9298512,0.04345128510884322
SWE,2010,NNI,434722.877,9378131,0.04635495889319524
SWE,2011,NNI,445323.927,9449216,0.04712813496908103
SWE,2012,NNI,440786.255,9519379,0.04630409767275786
SWE,2013,NNI,445047.337,9600374,0.04635729160134803
SWE,2014,NNI,455106.155,9696105,0.046937007695358086
SWE,2015,NNI,471101.73,9799183,0.048075613038352276
SWE,2016,NNI,479307.559,9923086,0.048302267963816904
SWE,2017,NNI,492363.357,10057695,0.04895389619589777
SWE,2018,NNI,499701.949,10175215,0.04910971895925541
SWE,2019,NNI,520725.384,10278888,0.05065970015433576
SWE,2020,NNI,511001.338,10353444,0.04935568666812705
SWE,2021,NNI,541815.262,10415812,0.05201853316860942
SWE,2022,NNI,540061.975,10486941,0.051498523258593706
SWE,2023,NNI,537214.341,10536631,0.05098539950767945
SWE,2024,NNI,545100.805,10569710,0.05157197359246375
SWE,1992,consumption,269566.873,8668065,0.03109885228133384
SWE,1993,consumption,264678.007,8718558,0.03035800266511962
SWE,1994,consumption,267045.351,8780741,0.030412621326605584
SWE,1995,consumption,269445.887,8826944,0.03052538760866728
SWE,1996,consumption,273200.325,8840999,0.030901521988634995
SWE,1997,consumption,278659.085,8846059,0.03150092996214473
SWE,1998,consumption,288203.26,8850975,0.03256175280124506
SWE,1999,consumption,298204.546,8857879,0.03366545715966542
SWE,2000,consumption,308885.449,8872112,0.03481532345398706
SWE,2001,consumption,310600.914,8895963,0.034914816304878964
SWE,2002,consumption,317472.019,8924960,0.03557125398881339
SWE,2003,consumption,321166.355,8958232,0.03585153353920729
SWE,2004,consumption,326494.833,8993534,0.03630328556049268
SWE,2005,consumption,333620.336,9029567,0.036947545325263106
SWE,2006,consumption,341628.998,9080506,0.037622242416887344
SWE,2007,consumption,352210.561,9148093,0.03850098168000697
SWE,2008,consumption,353517.401,9219639,0.03834395262113842
SWE,2009,consumption,358951.859,9298512,0.038603150590115924
SWE,2010,consumption,369974.646,9378131,0.03945078672925341
SWE,2011,consumption,375446.683,9449216,0.03973310410091165
SWE,2012,consumption,379534.47,9519379,0.03986966691839877
SWE,2013,consumption,386466.388,9600374,0.040255347135434515
SWE,2014,consumption,395233.62,9696105,0.040762101895554965
SWE,2015,consumption,408981.875,9799183,0.04173632383434415
SWE,2016,consumption,420063.105,9923086,0.042331902091748475
SWE,2017,consumption,427093.534,10057695,0.04246435530208462
SWE,2018,consumption,433375.115,10175215,0.04259124893184075
SWE,2019,consumption,435559.781,10278888,0.04237421217158899
SWE,2020,consumption,424763.651,10353444,0.04102631462535558
SWE,2021,consumption,445268.022,10415812,0.04274923760144672
SWE,2022,consumption,454204.537,10486941,0.043311442011545596
SWE,2023,consumption,451196.576,10536631,0.04282171179763247
SWE,2024,consumption,455440.724,10569710,0.043089235560862124
TUR,1992,GDP,735928.883,56986000,0.01291420494507423
TUR,1993,GDP,795112.433,57913000,0.013729429195517413
TUR,1994,GDP,751733.779,58837000,0.012776548413413328
TUR,1995,GDP,805792.598,59756000,0.013484714472186894
TUR,1996,GDP,863469.607,60671000,0.014231998928647953
TUR,1997,GDP,927002.513,61582000,0.015053140739177033
TUR,1998,GDP,944695.01,62464000,0.015123831486936476
TUR,1999,GDP,915855.641,63364000,0.014453879821349661
TUR,2000,GDP,979830.785,64268751,0.01524583518045963
TUR,2001,GDP,926337.819,65166331,0.014214975813200225
TUR,2002,GDP,985952.372,66002506,0.014938105107706061
TUR,2003,GDP,1043128.67,66794551,0.015616972558135768
TUR,2004,GDP,1146663.42,67598736,0.01696279380135155
TUR,2005,GDP,1251142.545,68435380,0.018282101231848202
TUR,2006,GDP,1339568.622,69295253,0.019331318726839773
TUR,2007,GDP,1407996.268,70158112,0.020068901911157472
TUR,2008,GDP,1420951.498,71051689,0.019998841941674318
TUR,2009,GDP,1351570.785,72039215,0.0187615979019205
TUR,2010,GDP,1467024.645,73142162,0.02005716818980549
TUR,2011,GDP,1628103.399,74223642,0.021935105245846062
TUR,2012,GDP,1706376.538,75175836,0.022698471061898134
TUR,2013,GDP,1851218.161,76147634,0.024310908478128158
TUR,2014,GDP,1936388.906,77181894,0.025088641981239796
TUR,2015,GDP,2048807.392,78218488,0.026193390391284474
TUR,2016,GDP,2116902.889,79277971,0.026702283904314353
TUR,2017,GDP,2282568.687,80312708,0.02842101510261614
TUR,2018,GDP,2361731.664,81407211,0.02901133247274618
TUR,2019,GDP,2392472.521,82579448,0.02897176693406815
TUR,2020,GDP,2435610.296,83384688,0.02920932313136436
TUR,2021,GDP,2723282.529,84147326,0.0323632687864615
TUR,2022,GDP,2871462.461,84979919,0.033789894068974105
TUR,2023,GDP,3016331.294,85325967,0.03535068397173864
TUR,2024,GDP,3116703.431,85518662,0.03644471695546406
TUR,1992,GNI,NA,56986000,NA
TUR,1993,GNI,NA,57913000,NA
TUR,1994,GNI,NA,58837000,NA
TUR,1995,GNI,NA,59756000,NA
TUR,1996,GNI,NA,60671000,NA
TUR,1997,GNI,NA,61582000,NA
TUR,1998,GNI,NA,62464000,NA
TUR,1999,GNI,NA,63364000,NA
TUR,2000,GNI,NA,64268751,NA
TUR,2001,GNI,NA,65166331,NA
TUR,2002,GNI,NA,66002506,NA
TUR,2003,GNI,NA,66794551,NA
TUR,2004,GNI,NA,67598736,NA
TUR,2005,GNI,NA,68435380,NA
TUR,2006,GNI,NA,69295253,NA
TUR,2007,GNI,NA,70158112,NA
TUR,2008,GNI,NA,71051689,NA
TUR,2009,GNI,NA,72039215,NA
TUR,2010,GNI,NA,73142162,NA
TUR,2011,GNI,NA,74223642,NA
TUR,2012,GNI,NA,75175836,NA
TUR,2013,GNI,NA,76147634,NA
TUR,2014,GNI,NA,77181894,NA
TUR,2015,GNI,NA,78218488,NA
TUR,2016,GNI,NA,79277971,NA
TUR,2017,GNI,NA,80312708,NA
TUR,2018,GNI,NA,81407211,NA
TUR,2019,GNI,NA,82579448,NA
TUR,2020,GNI,NA,83384688,NA
TUR,2021,GNI,NA,84147326,NA
TUR,2022,GNI,NA,84979919,NA
TUR,2023,GNI,NA,85325967,NA
TUR,2024,GNI,NA,85518662,NA
TUR,1992,NNI,NA,56986000,NA
TUR,1993,NNI,NA,57913000,NA
TUR,1994,NNI,NA,58837000,NA
TUR,1995,NNI,NA,59756000,NA
TUR,1996,NNI,NA,60671000,NA
TUR,1997,NNI,NA,61582000,NA
TUR,1998,NNI,NA,62464000,NA
TUR,1999,NNI,NA,63364000,NA
TUR,2000,NNI,NA,64268751,NA
TUR,2001,NNI,NA,65166331,NA
TUR,2002,NNI,NA,66002506,NA
TUR,2003,NNI,NA,66794551,NA
TUR,2004,NNI,NA,67598736,NA
TUR,2005,NNI,NA,68435380,NA
TUR,2006,NNI,NA,69295253,NA
TUR,2007,NNI,NA,70158112,NA
TUR,2008,NNI,NA,71051689,NA
TUR,2009,NNI,NA,72039215,NA
TUR,2010,NNI,NA,73142162,NA
TUR,2011,NNI,NA,74223642,NA
TUR,2012,NNI,NA,75175836,NA
TUR,2013,NNI,NA,76147634,NA
TUR,2014,NNI,NA,77181894,NA
TUR,2015,NNI,NA,78218488,NA
TUR,2016,NNI,NA,79277971,NA
TUR,2017,NNI,NA,80312708,NA
TUR,2018,NNI,NA,81407211,NA
TUR,2019,NNI,NA,82579448,NA
TUR,2020,NNI,NA,83384688,NA
TUR,2021,NNI,NA,84147326,NA
TUR,2022,NNI,NA,84979919,NA
TUR,2023,NNI,NA,85325967,NA
TUR,2024,NNI,NA,85518662,NA
TUR,1992,consumption,NA,56986000,NA
TUR,1993,consumption,NA,57913000,NA
TUR,1994,consumption,NA,58837000,NA
TUR,1995,consumption,NA,59756000,NA
TUR,1996,consumption,NA,60671000,NA
TUR,1997,consumption,NA,61582000,NA
TUR,1998,consumption,694970.188,62464000,0.011125931544569671
TUR,1999,consumption,711162.278,63364000,0.01122344356416893
TUR,2000,consumption,743412.291,64268751,0.011567243480427992
TUR,2001,consumption,692037.561,65166331,0.010619556915057869
TUR,2002,consumption,732135.542,66002506,0.01109254157713345
TUR,2003,consumption,779705.359,66794551,0.011673188116797134
TUR,2004,consumption,853361.703,67598736,0.012623929876440293
TUR,2005,consumption,896625.831,68435380,0.01310178786177559
TUR,2006,consumption,938199.931,69295253,0.013539165965668672
TUR,2007,consumption,989355.312,70158112,0.014101794985589122
TUR,2008,consumption,996595.056,71051689,0.01402633871237037
TUR,2009,consumption,984399.814,72039215,0.013664777080094502
TUR,2010,consumption,1063337.091,73142162,0.014537949958329096
TUR,2011,consumption,1175553.624,74223642,0.01583799436842509
TUR,2012,consumption,1209136.221,75175836,0.016084107411855054
TUR,2013,consumption,1293517.049,76147634,0.016986963101177907
TUR,2014,consumption,1341072.413,77181894,0.017375479448586736
TUR,2015,consumption,1399011.683,78218488,0.017885946389042957
TUR,2016,consumption,1468413.781,79277971,0.018522343123539325
TUR,2017,consumption,1552917.97,80312708,0.019335893517623638
TUR,2018,consumption,1586835.058,81407211,0.019492561389924043
TUR,2019,consumption,1618624.148,82579448,0.019600810942693635
TUR,2020,consumption,1674623.059,83384688,0.020083100376894137
TUR,2021,consumption,1896850.466,84147326,0.022542017152155258
TUR,2022,consumption,2161859.402,84979919,0.02543965006603501
TUR,2023,consumption,2357600.532,85325967,0.02763051641711837
TUR,2024,consumption,2439943.925,85518662,0.02853112838692448
USA,1992,GDP,10957191.703,256514224,0.042715727541876976
USA,1993,GDP,11258711.251,259918588,0.04331629891356597
USA,1994,GDP,11712327.286,263125821,0.04451226885103002
USA,1995,GDP,12026736.6,266278393,0.04516602516825314
USA,1996,GDP,12480478.034,269394284,0.04632792444103974
USA,1997,GDP,13035500.859,272646925,0.04781092197903937
USA,1998,GDP,13619899.746,275854104,0.04937356214210973
USA,1999,GDP,14272078.437,279040168,0.05114703929292359
USA,2000,GDP,14854034.675,282162411,0.052643563054187256
USA,2001,GDP,14995970.671,284968955,0.05262317318389998
USA,2002,GDP,15250969.254,287625193,0.05302376017527783
USA,2003,GDP,15677326.26,290107933,0.05403963310441428
USA,2004,GDP,16280553.982,292805298,0.055601978834413035
USA,2005,GDP,16847695.21,295516599,0.05701099453300084
USA,2006,GDP,17316825.961,298379912,0.058036165521089096
USA,2007,GDP,17663830.616,301231207,0.058638780463406634
USA,2008,GDP,17683894.475,304093966,0.05815273057736371
USA,2009,GDP,17228268.892,306771529,0.05615993422909856
USA,2010,GDP,17692603.918,309327143,0.05719706245759365
USA,2011,GDP,17969388.226,311583481,0.057671183877684454
USA,2012,GDP,18380727.898,313877662,0.0585601657055799
USA,2013,GDP,18770000.485,316059947,0.059387469570764684
USA,2014,GDP,19243721.477,318386329,0.060441418880771106
USA,2015,GDP,19810555.002,320738994,0.061765346192985814
USA,2016,GDP,20170998.438,323071755,0.06243504152196778
USA,2017,GDP,20666725.394,325122128,0.06356603754143736
USA,2018,GDP,21279804.85,326838199,0.06510807156295706
USA,2019,GDP,21829637.838,328329953,0.06648689112442933
USA,2020,GDP,21375281,331526933,0.06447524732477768
USA,2021,GDP,22690293.092,332048977,0.0683341755695275
USA,2022,GDP,23263044.613,333271411,0.06980210076585297
USA,2023,GDP,23945666.839,334914895,0.0714977661384693
USA,2024,GDP,24614514.129,336673595,0.07311091364025742
USA,1992,GNI,10647675.205,256514224,0.04150910245429509
USA,1993,GNI,10895828.38,259918588,0.041920158399752466
USA,1994,GNI,11363891.797,263125821,0.04318805259708815
USA,1995,GNI,11751685.083,266278393,0.04413307798128405
USA,1996,GNI,12270180.555,269394284,0.04554729362780392
USA,1997,GNI,12910632.772,272646925,0.047352937400632705
USA,1998,GNI,13637995.496,275854104,0.0494391611298993
USA,1999,GNI,14247787.059,279040168,0.05105998595514034
USA,2000,GNI,14884551.72,282162411,0.052751717237063164
USA,2001,GNI,15118333.638,284968955,0.053052563701193343
USA,2002,GNI,15332511.748,287625193,0.05330726278904226
USA,2003,GNI,15666369.006,290107933,0.054001863527116986
USA,2004,GNI,16260348.293,292805298,0.05553297158236529
USA,2005,GNI,16792936.122,295516599,0.05682569499928497
USA,2006,GNI,17386310.644,298379912,0.05826903871464377
USA,2007,GNI,17509786.619,301231207,0.05812739919406822
USA,2008,GNI,17211901.811,304093966,0.05660060289062099
USA,2009,GNI,16955056.923,306771529,0.05526933016981508
USA,2010,GNI,17572097.172,309327143,0.05680748543945269
USA,2011,GNI,17923842.265,311583481,0.05752500808924463
USA,2012,GNI,18481519.546,313877662,0.05888128332624065
USA,2013,GNI,18772242.088,316059947,0.0593945619056881
USA,2014,GNI,19392658.297,318386329,0.060909205360384674
USA,2015,GNI,20016263.77,320738994,0.06240670496709234
USA,2016,GNI,20285983.36,323071755,0.0627909529262315
USA,2017,GNI,20832488.028,325122128,0.06407588482565542
USA,2018,GNI,21454603.063,326838199,0.0656428873021663
USA,2019,GNI,22046261.428,328329953,0.06714666519627589
USA,2020,GNI,21466292,331526933,0.06474976800753621
USA,2021,GNI,22871505.278,332048977,0.06887991489881928
USA,2022,GNI,23535224.944,333271411,0.07061879347340717
USA,2023,GNI,23932446.242,334914895,0.07145829164152284
USA,2024,GNI,24573875.069,336673595,0.07299020604511619
USA,1992,NNI,9059025.91,256514224,0.035315881391435044
USA,1993,NNI,9272205.81,259918588,0.03567350023461962
USA,1994,NNI,9691059.928,263125821,0.03683051663713383
USA,1995,NNI,10010572.955,266278393,0.037594386995568205
USA,1996,NNI,10478046.743,269394284,0.03889483691866306
USA,1997,NNI,11048075.257,272646925,0.04052154726116936
USA,1998,NNI,11682983.16,275854104,0.04235203678535811
USA,1999,NNI,12191143.159,279040168,0.04368956357208042
USA,2000,NNI,12718590.262,282162411,0.045075423820361386
USA,2001,NNI,12868649.111,284968955,0.045158073836499134
USA,2002,NNI,13033333.622,287625193,0.04531360235193306
USA,2003,NNI,13332398.887,290107933,0.045956684979724424
USA,2004,NNI,13856216.249,292805298,0.047322286665045246
USA,2005,NNI,14279858.062,295516599,0.04832167841103234
USA,2006,NNI,14761820.479,298379912,0.049473238262098554
USA,2007,NNI,14800191.806,301231207,0.04913233244787948
USA,2008,NNI,14454318.699,304093966,0.047532408778541826
USA,2009,NNI,14170110.027,306771529,0.046191085832479585
USA,2010,NNI,14805964.621,309327143,0.047865067634882595
USA,2011,NNI,15127832.987,311583481,0.04855146023289983
USA,2012,NNI,15620991.921,313877662,0.0497677720085732
USA,2013,NNI,15835391.364,316059947,0.050102493258976595
USA,2014,NNI,16352151.896,318386329,0.05135946617858708
USA,2015,NNI,16872139.516,320738994,0.05260395471590211
USA,2016,NNI,17071461.79,323071755,0.05284108414243764
USA,2017,NNI,17525533.828,325122128,0.053904463334467356
USA,2018,NNI,18051390.927,326838199,0.05523035857568167
USA,2019,NNI,18523780.496,328329953,0.05641818642114568
USA,2020,NNI,17843443,331526933,0.053822001242957836
USA,2021,NNI,19157757.974,332048977,0.05769557896876158
USA,2022,NNI,19666989.076,333271411,0.059011929697144055
USA,2023,NNI,19964969.366,334914895,0.059612067614968275
USA,2024,NNI,20508352.166,336673595,0.06091464394764906
USA,1992,consumption,9090405.955,256514224,0.035438213964306325
USA,1993,consumption,9342825.549,259918588,0.03594519969075856
USA,1994,consumption,9643743.265,263125821,0.03665069140059805
USA,1995,consumption,9879068.837,266278393,0.03710052748065067
USA,1996,consumption,10166074.184,269394284,0.03773678503141514
USA,1997,consumption,10513001.724,272646925,0.03855903280038826
USA,1998,consumption,11005789.769,275854104,0.039897139862744256
USA,1999,consumption,11546272.105,279040168,0.041378530509628995
USA,2000,consumption,12055711.225,282162411,0.042726141948794163
USA,2001,consumption,12377249.717,284968955,0.04343367759831944
USA,2002,consumption,12721087.139,287625193,0.044228000358091026
USA,2003,consumption,13089631.825,290107933,0.04511986862834254
USA,2004,consumption,13528652.662,292805298,0.046203578809561024
USA,2005,consumption,13939689.889,295516599,0.047170581741163044
USA,2006,consumption,14300208.897,298379912,0.04792617841176922
USA,2007,consumption,14625716.038,301231207,0.048553123641004434
USA,2008,consumption,14709748.936,304093966,0.04837238018724778
USA,2009,consumption,14672406.593,306771529,0.047828449533202935
USA,2010,consumption,14896675.288,309327143,0.048158319194122584
USA,2011,consumption,15009911.22,311583481,0.04817300060910482
USA,2012,consumption,15134593.319,313877662,0.04821812811578799
USA,2013,consumption,15295050.081,316059947,0.048392876813967194
USA,2014,consumption,15625891.542,318386329,0.049078399788955764
USA,2015,consumption,16107615.346,320738994,0.05022032134327889
USA,2016,consumption,16483306.127,323071755,0.05102057320671688
USA,2017,consumption,16840816.032,325122128,0.05179843074846017
USA,2018,consumption,17263599.283,326838199,0.05282001717002485
USA,2019,consumption,17686516.155,328329953,0.05386811648890286
USA,2020,consumption,17411462,331526933,0.05251899700106718
USA,2021,consumption,18677056.215,332048977,0.05624789566811404
USA,2022,consumption,19098124.488,333271411,0.057305018845435866
USA,2023,consumption,19600664.765,334914895,0.05852431485616667
USA,2024,consumption,20188568.889,336673595,0.05996481217661278
Aggregate,1992,GDP,34326615.68,955348045.5,0.035931005293504834
Aggregate,1993,GDP,34758949.503,963813159.5,0.03606399140786996
Aggregate,1994,GDP,35788421.831,971669427,0.0368318903904342
Aggregate,1995,GDP,36625070.105,979305673,0.03739901760479233
Aggregate,1996,GDP,37716276.543,986809102,0.038220438448083954
Aggregate,1997,GDP,39084227.037,994257664,0.0393099580241204
Aggregate,1998,GDP,40284932.75,1001427087,0.04022752457264021
Aggregate,1999,GDP,41545115.616,1008588042,0.04119136246511239
Aggregate,2000,GDP,43208112.402,1016032580,0.04252630599896708
Aggregate,2001,GDP,43755186.239,1023622318,0.0427454398654485
Aggregate,2002,GDP,44332224.499,1031416040,0.04298190330547894
Aggregate,2003,GDP,45174453.739,1039137958,0.043473008940936024
Aggregate,2004,GDP,46580684.928,1046915458,0.044493263111222495
Aggregate,2005,GDP,47841778.294,1055008573,0.04534728865563446
Aggregate,2006,GDP,49277448.404,1063190430,0.04634865684786121
Aggregate,2007,GDP,50489653.018,1071993533,0.04709884105056444
Aggregate,2008,GDP,50581338.647,1080873748,0.04679671306717683
Aggregate,2009,GDP,48674024.657,1088963478,0.044697573096202585
Aggregate,2010,GDP,50078822.003000006,1096797567,0.04565912936876528
Aggregate,2011,GDP,51000049.375,1102469572,0.046259824915149676
Aggregate,2012,GDP,51611295.459,1109305372,0.04652577798838966
Aggregate,2013,GDP,52385432.264,1115874294,0.04694563943776986
Aggregate,2014,GDP,53496080.456,1122898026,0.04764108513625617
Aggregate,2015,GDP,54840414.9,1129893313,0.04853592305488757
Aggregate,2016,GDP,55809853.689,1137198104,0.04907663272801236
Aggregate,2017,GDP,57280406.33,1143670279,0.05008472055432333
Aggregate,2018,GDP,58548403.42,1149912325,0.050915536904085276
Aggregate,2019,GDP,59489758.136,1156097831,0.05145737371078936
Aggregate,2020,GDP,57020237.06,1162331458,0.04905677865598988
Aggregate,2021,GDP,60590562.294,1164593649.5,0.05202721337181738
Aggregate,2022,GDP,62534186.503,1169968001.5,0.05344948444985313
Aggregate,2023,GDP,63660467.497,1176716066,0.054100109054685076
Aggregate,2024,GDP,64760426.529,1183930938.5,0.054699496755316865
Aggregate,1992,GNI,18097286.224,515360737,0.035115764404846386
Aggregate,1993,GNI,18407243.235,521500977,0.0352966610741364
Aggregate,1994,GNI,23980086.976999998,652656720,0.036742266251391695
Aggregate,1995,GNI,32308054.908,839295373,0.038494260718389545
Aggregate,1996,GNI,33339095.058,845642819,0.039424558819555235
Aggregate,1997,GNI,34581305.853,851934957,0.04059148596833549
Aggregate,1998,GNI,35770610.229,857952121,0.041693014509139495
Aggregate,1999,GNI,39390884.225999996,922579054,0.042696486610241204
Aggregate,2000,GNI,40930248.83,929001600,0.04405831898459593
Aggregate,2001,GNI,41624376.942999996,935568494,0.04449099901284191
Aggregate,2002,GNI,42127976.959,942401085,0.04470281033154795
Aggregate,2003,GNI,42881667.464,949221955,0.04517559590580688
Aggregate,2004,GNI,44185990.237,956087968,0.046215402469116734
Aggregate,2005,GNI,45241418.313,963228734,0.04696850988355171
Aggregate,2006,GNI,47051077.341,981446785,0.047940528269191894
Aggregate,2007,GNI,47917479.93,989263581,0.04843752549908132
Aggregate,2008,GNI,47387756.188,997088764,0.04752611592762869
Aggregate,2009,GNI,46071398.558,1004033214,0.045886329172771766
Aggregate,2010,GNI,47467191.052,1010623198,0.04696823815833288
Aggregate,2011,GNI,48179409.998,1015067935,0.04746422218331624
Aggregate,2012,GNI,48732792.177,1020799603,0.047739822815154445
Aggregate,2013,GNI,49292843.705,1026239378,0.04803250076124052
Aggregate,2014,GNI,50471074.047,1032068681,0.04890282495356527
Aggregate,2015,GNI,51834471.755,1037877999,0.049942740673704175
Aggregate,2016,GNI,52797488.115,1043981375,0.0505732088515468
Aggregate,2017,GNI,54102498.338,1049291426,0.051560983914872856
Aggregate,2018,GNI,55278636.572,1054333050,0.05242995709183165
Aggregate,2019,GNI,56374523.249,1059243456,0.053221497786624036
Aggregate,2020,GNI,53753102.641,1064572964,0.05049264302094375
Aggregate,2021,GNI,57195251.982,1065971855.5,0.05365549914558696
Aggregate,2022,GNI,58451420.378,1070383799.5,0.05460790830850014
Aggregate,2023,GNI,59348467.747,1076602215,0.05512571581231607
Aggregate,2024,GNI,60460115.124,1083447839.5,0.05580343872567203
Aggregate,1992,NNI,21210932.079,691621595.5,0.030668406274482793
Aggregate,1993,NNI,21473239.672000002,698581848.5,0.030738330401952896
Aggregate,1994,NNI,26036690.954,830293773,0.03135840807275331
Aggregate,1995,NNI,28832891.794,897320172,0.03213222291630372
Aggregate,1996,NNI,29795036.857,903807193,0.03296614265494123
Aggregate,1997,NNI,30987482.65,910249206,0.03404285600662199
Aggregate,1998,NNI,32096334.462,916427064,0.03502333761500523
Aggregate,1999,NNI,33149896.16,922579054,0.03593176759896394
Aggregate,2000,NNI,34426781.735,929001600,0.037057828248089134
Aggregate,2001,NNI,34920510.38,935568494,0.03732544501439785
Aggregate,2002,NNI,35273989.353,942401085,0.037429911652743904
Aggregate,2003,NNI,35921822.937,949221955,0.037843438774022034
Aggregate,2004,NNI,37063505.715,956087968,0.038765790340957416
Aggregate,2005,NNI,37903937.658,963228734,0.0393509208353828
Aggregate,2006,NNI,39396244.336,981446785,0.04014098873022443
Aggregate,2007,NNI,40039433.149,989263581,0.04047397874338608
Aggregate,2008,NNI,39314999.512,997088764,0.039429788933014194
Aggregate,2009,NNI,37872838.974,1004033214,0.03772070330533906
Aggregate,2010,NNI,39273751.278,1010623198,0.03886092398801239
Aggregate,2011,NNI,39918858.082,1015067935,0.03932629206930864
Aggregate,2012,NNI,40347818.375,1020799603,0.03952569951675422
Aggregate,2013,NNI,40775307.501,1026239378,0.03973274498632619
Aggregate,2014,NNI,41771256.596,1032068681,0.04047333027829763
Aggregate,2015,NNI,42859812.614999995,1037877999,0.04129561726551253
Aggregate,2016,NNI,43622058.169,1043981375,0.04178432605562527
Aggregate,2017,NNI,44708994.548,1049291426,0.04260874857086653
Aggregate,2018,NNI,45657850.124,1054333050,0.043304959589382117
Aggregate,2019,NNI,46502349.097,1059243456,0.04390147405073985
Aggregate,2020,NNI,43685281.535000004,1064572964,0.04103549781205979
Aggregate,2021,NNI,46868218.696,1065971855.5,0.04396759487990066
Aggregate,2022,NNI,47806137.659,1070383799.5,0.044662613243335064
Aggregate,2023,NNI,48535861.173,1076602215,0.0450824459552129
Aggregate,2024,NNI,49451463.781,1083447839.5,0.04564268068855197
Aggregate,1992,consumption,26248200.933000002,898362045.5,0.029217842699922926
Aggregate,1993,consumption,26525682.754,905900159.5,0.029281022280248314
Aggregate,1994,consumption,27201496.172000002,912832427,0.02979900293572722
Aggregate,1995,consumption,27670543.122,919549673,0.03009140662485995
Aggregate,1996,consumption,28346307.892,926138102,0.030606998924659297
Aggregate,1997,consumption,29128195.427,932675664,0.031230787455176916
Aggregate,1998,consumption,30823662.024,1001427087,0.030779736661946312
Aggregate,1999,consumption,31978468.807,1008588042,0.031706174845765225
Aggregate,2000,consumption,33180630.834,1016032580,0.03265705400313049
Aggregate,2001,consumption,33898903.125,1023622318,0.033116611985593694
Aggregate,2002,consumption,34639217.872,1031416040,0.033584137272094396
Aggregate,2003,consumption,35430779.689,1039137958,0.034096319373408936
Aggregate,2004,consumption,36360446.807000004,1046915458,0.03473102486848561
Aggregate,2005,consumption,37265325.591,1055008573,0.03532229646725345
Aggregate,2006,consumption,38133394.107,1063190430,0.03586694634469199
Aggregate,2007,consumption,38968982.865,1071993533,0.03635188241849217
Aggregate,2008,consumption,39196552.436,1080873748,0.0362637657807191
Aggregate,2009,consumption,39034539.257,1088963478,0.035845590826141555
Aggregate,2010,consumption,39741684.768,1096797567,0.03623429333154237
Aggregate,2011,consumption,40104408.286,1102469572,0.03637688450053658
Aggregate,2012,consumption,40363191.38,1109305372,0.036386005511924994
Aggregate,2013,consumption,40804753.495,1115874294,0.03656751814644813
Aggregate,2014,consumption,41461462.502,1122898026,0.03692362221856822
Aggregate,2015,consumption,42456370.591,1129893313,0.03757555700393812
Aggregate,2016,consumption,43347933.564,1137198104,0.038118190147809115
Aggregate,2017,consumption,44211217.68,1143670279,0.038657311020320745
Aggregate,2018,consumption,45022990.176,1149912325,0.03915341126202817
Aggregate,2019,consumption,45753703.761,1156097831,0.039575979241673706
Aggregate,2020,consumption,44107262.096,1162331458,0.03794723251480646
Aggregate,2021,consumption,46824387.57,1164593649.5,0.04020663137747944
Aggregate,2022,consumption,48563533.977,1169968001.5,0.04150842921749771
Aggregate,2023,consumption,49524092.642,1176716066,0.04208669709962131
Aggregate,2024,consumption,50576164.857999995,1183930938.5,0.04271884720073137
