STRUCTURE,STRUCTURE_ID,STRUCTURE_NAME,ACTION,REF_AREA,Reference area,FREQ,Frequency of observation,METHODOLOGY,Methodology,MEASURE,Measure,UNIT_MEASURE,Unit of measure,EXPENDITURE,Expenditure,ADJUSTMENT,Adjustment,TRANSFORMATION,Transformation,TIME_PERIOD,Time period,OBS_VALUE,Observation value,OBS_STATUS,Observation status,UNIT_MULT,Unit multiplier,BASE_PER,Base period,DURABILITY,Durability,DECIMALS,Decimals
DATAFLOW,OECD.SDD.TPS:DSD_PRICES@DF_PRICES_ALL(1.0),"Consumer price indices (CPIs, HICPs), COICOP 1999",I,TUR,Türkiye,A,Annual,N,National,CPI,Consumer price index,PA,Percent per annum,_T,Total,N,Neither seasonally adjusted nor calendar adjusted,GY,"Growth rate, over 1 year",1988,,68.80956,,A,Normal value,,,,,,,2,Two
DATAFLOW,OECD.SDD.TPS:DSD_PRICES@DF_PRICES_ALL(1.0),"Consumer price indices (CPIs, HICPs), COICOP 1999",I,TUR,Türkiye,A,Annual,N,National,CPI,Consumer price index,PA,Percent per annum,_T,Total,N,Neither seasonally adjusted nor calendar adjusted,GY,"Growth rate, over 1 year",1989,,63.27258,,A,Normal value,,,,,,,2,Two
DATAFLOW,OECD.SDD.TPS:DSD_PRICES@DF_PRICES_ALL(1.0),"Consumer price indices (CPIs, HICPs), COICOP 1999",I,TUR,Türkiye,A,Annual,N,National,CPI,Consumer price index,PA,Percent per annum,_T,Total,N,Neither seasonally adjusted nor calendar adjusted,GY,"Growth rate, over 1 year",1990,,60.30386,,A,Normal value,,,,,,,2,Two
DATAFLOW,OECD.SDD.TPS:DSD_PRICES@DF_PRICES_ALL(1.0),"Consumer price indices (CPIs, HICPs), COICOP 1999",I,TUR,Türkiye,A,Annual,N,National,CPI,Consumer price index,PA,Percent per annum,_T,Total,N,Neither seasonally adjusted nor calendar adjusted,GY,"Growth rate, over 1 year",1991,,65.97857,,A,Normal value,,,,,,,2,Two
DATAFLOW,OECD.SDD.TPS:DSD_PRICES@DF_PRICES_ALL(1.0),"Consumer price indices (CPIs, HICPs), COICOP 1999",I,TUR,Türkiye,A,Annual,N,National,CPI,Consumer price index,PA,Percent per annum,_T,Total,N,Neither seasonally adjusted nor calendar adjusted,GY,"Growth rate, over 1 year",1992,,70.0761,,A,Normal value,,,,,,,2,Two
DATAFLOW,OECD.SDD.TPS:DSD_PRICES@DF_PRICES_ALL(1.0),"Consumer price indices (CPIs, HICPs), COICOP 1999",I,TUR,Türkiye,A,Annual,N,National,CPI,Consumer price index,PA,Percent per annum,_T,Total,N,Neither seasonally adjusted nor calendar adjusted,GY,"Growth rate, over 1 year",1993,,66.09384,,A,Normal value,,,,,,,2,Two
DATAFLOW,OECD.SDD.TPS:DSD_PRICES@DF_PRICES_ALL(1.0),"Consumer price indices (CPIs, HICPs), COICOP 1999",I,TUR,Türkiye,A,Annual,N,National,CPI,Consumer price index,PA,Percent per annum,_T,Total,N,Neither seasonally adjusted nor calendar adjusted,GY,"Growth rate, over 1 year",1994,,105.215,,A,Normal value,,,,,,,2,Two
DATAFLOW,OECD.SDD.TPS:DSD_PRICES@DF_PRICES_ALL(1.0),"Consumer price indices (CPIs, HICPs), COICOP 1999",I,TUR,Türkiye,A,Annual,N,National,CPI,Consumer price index,PA,Percent per annum,_T,Total,N,Neither seasonally adjusted nor calendar adjusted,GY,"Growth rate, over 1 year",1995,,89.1133,,A,Normal value,,,,,,,2,Two
DATAFLOW,OECD.SDD.TPS:DSD_PRICES@DF_PRICES_ALL(1.0),"Consumer price indices (CPIs, HICPs), COICOP 1999",I,TUR,Türkiye,A,Annual,N,National,CPI,Consumer price index,PA,Percent per annum,_T,Total,N,Neither seasonally adjusted nor calendar adjusted,GY,"Growth rate, over 1 year",1996,,80.41214,,A,Normal value,,,,,,,2,Two
DATAFLOW,OECD.SDD.TPS:DSD_PRICES@DF_PRICES_ALL(1.0),"Consumer price indices (CPIs, HICPs), COICOP 1999",I,TUR,Türkiye,A,Annual,N,National,CPI,Consumer price index,PA,Percent per annum,_T,Total,N,Neither seasonally adjusted nor calendar adjusted,GY,"Growth rate, over 1 year",1997,,85.66936,,A,Normal value,,,,,,,2,Two
DATAFLOW,OECD.SDD.TPS:DSD_PRICES@DF_PRICES_ALL(1.0),"Consumer price indices (CPIs, HICPs), COICOP 1999",I,TUR,Türkiye,A,Annual,N,National,CPI,Consumer price index,PA,Percent per annum,_T,Total,N,Neither seasonally adjusted nor calendar adjusted,GY,"Growth rate, over 1 year",1998,,84.64133,,A,Normal value,,,,,,,2,Two
DATAFLOW,OECD.SDD.TPS:DSD_PRICES@DF_PRICES_ALL(1.0),"Consumer price indices (CPIs, HICPs), COICOP 1999",I,TUR,Türkiye,A,Annual,N,National,CPI,Consumer price index,PA,Percent per annum,_T,Total,N,Neither seasonally adjusted nor calendar adjusted,GY,"Growth rate, over 1 year",1999,,64.86748,,A,Normal value,,,,,,,2,Two
DATAFLOW,OECD.SDD.TPS:DSD_PRICES@DF_PRICES_ALL(1.0),"Consumer price indices (CPIs, HICPs), COICOP 1999",I,TUR,Türkiye,A,Annual,N,National,CPI,Consumer price index,PA,Percent per annum,_T,Total,N,Neither seasonally adjusted nor calendar adjusted,GY,"Growth rate, over 1 year",2000,,54.91538,,A,Normal value,,,,,,,2,Two
DATAFLOW,OECD.SDD.TPS:DSD_PRICES@DF_PRICES_ALL(1.0),"Consumer price indices (CPIs, HICPs), COICOP 1999",I,TUR,Türkiye,A,Annual,N,National,CPI,Consumer price index,PA,Percent per annum,_T,Total,N,Neither seasonally adjusted nor calendar adjusted,GY,"Growth rate, over 1 year",2001,,54.40018,,A,Normal value,,,,,,,2,Two
DATAFLOW,OECD.SDD.TPS:DSD_PRICES@DF_PRICES_ALL(1.0),"Consumer price indices (CPIs, HICPs), COICOP 1999",I,TUR,Türkiye,A,Annual,N,National,CPI,Consumer price index,PA,Percent per annum,_T,Total,N,Neither seasonally adjusted nor calendar adjusted,GY,"Growth rate, over 1 year",2002,,44.96412,,A,Normal value,,,,,,,2,Two
DATAFLOW,OECD.SDD.TPS:DSD_PRICES@DF_PRICES_ALL(1.0),"Consumer price indices (CPIs, HICPs), COICOP 1999",I,TUR,Türkiye,A,Annual,N,National,CPI,Consumer price index,PA,Percent per annum,_T,Total,N,Neither seasonally adjusted nor calendar adjusted,GY,"Growth rate, over 1 year",2003,,21.60244,,A,Normal value,,,,,,,2,Two
DATAFLOW,OECD.SDD.TPS:DSD_PRICES@DF_PRICES_ALL(1.0),"Consumer price indices (CPIs, HICPs), COICOP 1999",I,TUR,Türkiye,A,Annual,N,National,CPI,Consumer price index,PA,Percent per annum,_T,Total,N,Neither seasonally adjusted nor calendar adjusted,GY,"Growth rate, over 1 year",2004,,8.598262,,A,Normal value,,,,,,,2,Two
DATAFLOW,OECD.SDD.TPS:DSD_PRICES@DF_PRICES_ALL(1.0),"Consumer price indices (CPIs, HICPs), COICOP 1999",I,TUR,Türkiye,A,Annual,N,National,CPI,Consumer price index,PA,Percent per annum,_T,Total,N,Neither seasonally adjusted nor calendar adjusted,GY,"Growth rate, over 1 year",2005,,8.17916,,A,Normal value,,,,,,,2,Two
DATAFLOW,OECD.SDD.TPS:DSD_PRICES@DF_PRICES_ALL(1.0),"Consumer price indices (CPIs, HICPs), COICOP 1999",I,TUR,Türkiye,A,Annual,N,National,CPI,Consumer price index,PA,Percent per annum,_T,Total,N,Neither seasonally adjusted nor calendar adjusted,GY,"Growth rate, over 1 year",2006,,9.597242,,A,Normal value,,,,,,,2,Two
DATAFLOW,OECD.SDD.TPS:DSD_PRICES@DF_PRICES_ALL(1.0),"Consumer price indices (CPIs, HICPs), COICOP 1999",I,TUR,Türkiye,A,Annual,N,National,CPI,Consumer price index,PA,Percent per annum,_T,Total,N,Neither seasonally adjusted nor calendar adjusted,GY,"Growth rate, over 1 year",2007,,8.756181,,A,Normal value,,,,,,,2,Two
DATAFLOW,OECD.SDD.TPS:DSD_PRICES@DF_PRICES_ALL(1.0),"Consumer price indices (CPIs, HICPs), COICOP 1999",I,TUR,Türkiye,A,Annual,N,National,CPI,Consumer price index,PA,Percent per annum,_T,Total,N,Neither seasonally adjusted nor calendar adjusted,GY,"Growth rate, over 1 year",2008,,10.44413,,A,Normal value,,,,,,,2,Two
DATAFLOW,OECD.SDD.TPS:DSD_PRICES@DF_PRICES_ALL(1.0),"Consumer price indices (CPIs, HICPs), COICOP 1999",I,TUR,Türkiye,A,Annual,N,National,CPI,Consumer price index,PA,Percent per annum,_T,Total,N,Neither seasonally adjusted nor calendar adjusted,GY,"Growth rate, over 1 year",2009,,6.250977,,A,Normal value,,,,,,,2,Two
DATAFLOW,OECD.SDD.TPS:DSD_PRICES@DF_PRICES_ALL(1.0),"Consumer price indices (CPIs, HICPs), COICOP 1999",I,TUR,Türkiye,A,Annual,N,National,CPI,Consumer price index,PA,Percent per annum,_T,Total,N,Neither seasonally adjusted nor calendar adjusted,GY,"Growth rate, over 1 year",2010,,8.566444,,A,Normal value,,,,,,,2,Two
DATAFLOW,OECD.SDD.TPS:DSD_PRICES@DF_PRICES_ALL(1.0),"Consumer price indices (CPIs, HICPs), COICOP 1999",I,TUR,Türkiye,A,Annual,N,National,CPI,Consumer price index,PA,Percent per annum,_T,Total,N,Neither seasonally adjusted nor calendar adjusted,GY,"Growth rate, over 1 year",2011,,6.471879,,A,Normal value,,,,,,,2,Two
DATAFLOW,OECD.SDD.TPS:DSD_PRICES@DF_PRICES_ALL(1.0),"Consumer price indices (CPIs, HICPs), COICOP 1999",I,TUR,Türkiye,A,Annual,N,National,CPI,Consumer price index,PA,Percent per annum,_T,Total,N,Neither seasonally adjusted nor calendar adjusted,GY,"Growth rate, over 1 year",2012,,8.89157,,A,Normal value,,,,,,,2,Two
DATAFLOW,OECD.SDD.TPS:DSD_PRICES@DF_PRICES_ALL(1.0),"Consumer price indices (CPIs, HICPs), COICOP 1999",I,TUR,Türkiye,A,Annual,N,National,CPI,Consumer price index,PA,Percent per annum,_T,Total,N,Neither seasonally adjusted nor calendar adjusted,GY,"Growth rate, over 1 year",2013,,7.49309,,A,Normal value,,,,,,,2,Two
DATAFLOW,OECD.SDD.TPS:DSD_PRICES@DF_PRICES_ALL(1.0),"Consumer price indices (CPIs, HICPs), COICOP 1999",I,TUR,Türkiye,A,Annual,N,National,CPI,Consumer price index,PA,Percent per annum,_T,Total,N,Neither seasonally adjusted nor calendar adjusted,GY,"Growth rate, over 1 year",2014,,8.854572,,A,Normal value,,,,,,,2,Two
DATAFLOW,OECD.SDD.TPS:DSD_PRICES@DF_PRICES_ALL(1.0),"Consumer price indices (CPIs, HICPs), COICOP 1999",I,TUR,Türkiye,A,Annual,N,National,CPI,Consumer price index,PA,Percent per annum,_T,Total,N,Neither seasonally adjusted nor calendar adjusted,GY,"Growth rate, over 1 year",2015,,7.670854,,A,Normal value,,,,,,,2,Two
DATAFLOW,OECD.SDD.TPS:DSD_PRICES@DF_PRICES_ALL(1.0),"Consumer price indices (CPIs, HICPs), COICOP 1999",I,TUR,Türkiye,A,Annual,N,National,CPI,Consumer price index,PA,Percent per annum,_T,Total,N,Neither seasonally adjusted nor calendar adjusted,GY,"Growth rate, over 1 year",2016,,7.775134,,A,Normal value,,,,,,,2,Two
DATAFLOW,OECD.SDD.TPS:DSD_PRICES@DF_PRICES_ALL(1.0),"Consumer price indices (CPIs, HICPs), COICOP 1999",I,TUR,Türkiye,A,Annual,N,National,CPI,Consumer price index,PA,Percent per annum,_T,Total,N,Neither seasonally adjusted nor calendar adjusted,GY,"Growth rate, over 1 year",2017,,11.14431,,A,Normal value,,,,,,,2,Two
DATAFLOW,OECD.SDD.TPS:DSD_PRICES@DF_PRICES_ALL(1.0),"Consumer price indices (CPIs, HICPs), COICOP 1999",I,TUR,Türkiye,A,Annual,N,National,CPI,Consumer price index,PA,Percent per annum,_T,Total,N,Neither seasonally adjusted nor calendar adjusted,GY,"Growth rate, over 1 year",2018,,16.33246,,A,Normal value,,,,,,,2,Two
DATAFLOW,OECD.SDD.TPS:DSD_PRICES@DF_PRICES_ALL(1.0),"Consumer price indices (CPIs, HICPs), COICOP 1999",I,TUR,Türkiye,A,Annual,N,National,CPI,Consumer price index,PA,Percent per annum,_T,Total,N,Neither seasonally adjusted nor calendar adjusted,GY,"Growth rate, over 1 year",2019,,15.17682,,A,Normal value,,,,,,,2,Two
DATAFLOW,OECD.SDD.TPS:DSD_PRICES@DF_PRICES_ALL(1.0),"Consumer price indices (CPIs, HICPs), COICOP 1999",I,TUR,Türkiye,A,Annual,N,National,CPI,Consumer price index,PA,Percent per annum,_T,Total,N,Neither seasonally adjusted nor calendar adjusted,GY,"Growth rate, over 1 year",2020,,12.27896,,A,Normal value,,,,,,,2,Two
DATAFLOW,OECD.SDD.TPS:DSD_PRICES@DF_PRICES_ALL(1.0),"Consumer price indices (CPIs, HICPs), COICOP 1999",I,TUR,Türkiye,A,Annual,N,National,CPI,Consumer price index,PA,Percent per annum,_T,Total,N,Neither seasonally adjusted nor calendar adjusted,GY,"Growth rate, over 1 year",2021,,19.59649,,A,Normal value,,,,,,,2,Two
DATAFLOW,OECD.SDD.TPS:DSD_PRICES@DF_PRICES_ALL(1.0),"Consumer price indices (CPIs, HICPs), COICOP 1999",I,TUR,Türkiye,A,Annual,N,National,CPI,Consumer price index,PA,Percent per annum,_T,Total,N,Neither seasonally adjusted nor calendar adjusted,GY,"Growth rate, over 1 year",2022,,72.30884,,A,Normal value,,,,,,,2,Two
DATAFLOW,OECD.SDD.TPS:DSD_PRICES@DF_PRICES_ALL(1.0),"Consumer price indices (CPIs, HICPs), COICOP 1999",I,TUR,Türkiye,A,Annual,N,National,CPI,Consumer price index,PA,Percent per annum,_T,Total,N,Neither seasonally adjusted nor calendar adjusted,GY,"Growth rate, over 1 year",2023,,53.85941,,A,Normal value,,,,,,,2,Two
DATAFLOW,OECD.SDD.TPS:DSD_PRICES@DF_PRICES_ALL(1.0),"Consumer price indices (CPIs, HICPs), COICOP 1999",I,TUR,Türkiye,A,Annual,N,National,CPI,Consumer price index,PA,Percent per annum,_T,Total,N,Neither seasonally adjusted nor calendar adjusted,GY,"Growth rate, over 1 year",2024,,58.50645,,A,Normal value,,,,,,,2,Two
DATAFLOW,OECD.SDD.TPS:DSD_PRICES@DF_PRICES_ALL(1.0),"Consumer price indices (CPIs, HICPs), COICOP 1999",I,NLD,Netherlands,A,Annual,N,National,CPI,Consumer price index,PA,Percent per annum,_T,Total,N,Neither seasonally adjusted nor calendar adjusted,GY,"Growth rate, over 1 year",1988,,0.7379455,,A,Normal value,,,,,,,2,Two
DATAFLOW,OECD.SDD.TPS:DSD_PRICES@DF_PRICES_ALL(1.0),"Consumer price indices (CPIs, HICPs), COICOP 1999",I,NLD,Netherlands,A,Annual,N,National,CPI,Consumer price index,PA,Percent per annum,_T,Total,N,Neither seasonally adjusted nor calendar adjusted,GY,"Growth rate, over 1 year",1989,,1.082161,,A,Normal value,,,,,,,2,Two
DATAFLOW,OECD.SDD.TPS:DSD_PRICES@DF_PRICES_ALL(1.0),"Consumer price indices (CPIs, HICPs), COICOP 1999",I,NLD,Netherlands,A,Annual,N,National,CPI,Consumer price index,PA,Percent per annum,_T,Total,N,Neither seasonally adjusted nor calendar adjusted,GY,"Growth rate, over 1 year",1990,,2.454089,,A,Normal value,,,,,,,2,Two
DATAFLOW,OECD.SDD.TPS:DSD_PRICES@DF_PRICES_ALL(1.0),"Consumer price indices (CPIs, HICPs), COICOP 1999",I,NLD,Netherlands,A,Annual,N,National,CPI,Consumer price index,PA,Percent per annum,_T,Total,N,Neither seasonally adjusted nor calendar adjusted,GY,"Growth rate, over 1 year",1991,,3.158203,,A,Normal value,,,,,,,2,Two
DATAFLOW,OECD.SDD.TPS:DSD_PRICES@DF_PRICES_ALL(1.0),"Consumer price indices (CPIs, HICPs), COICOP 1999",I,NLD,Netherlands,A,Annual,N,National,CPI,Consumer price index,PA,Percent per annum,_T,Total,N,Neither seasonally adjusted nor calendar adjusted,GY,"Growth rate, over 1 year",1992,,3.183581,,A,Normal value,,,,,,,2,Two
DATAFLOW,OECD.SDD.TPS:DSD_PRICES@DF_PRICES_ALL(1.0),"Consumer price indices (CPIs, HICPs), COICOP 1999",I,NLD,Netherlands,A,Annual,N,National,CPI,Consumer price index,PA,Percent per annum,_T,Total,N,Neither seasonally adjusted nor calendar adjusted,GY,"Growth rate, over 1 year",1993,,2.584182,,A,Normal value,,,,,,,2,Two
DATAFLOW,OECD.SDD.TPS:DSD_PRICES@DF_PRICES_ALL(1.0),"Consumer price indices (CPIs, HICPs), COICOP 1999",I,NLD,Netherlands,A,Annual,N,National,CPI,Consumer price index,PA,Percent per annum,_T,Total,N,Neither seasonally adjusted nor calendar adjusted,GY,"Growth rate, over 1 year",1994,,2.801527,,A,Normal value,,,,,,,2,Two
DATAFLOW,OECD.SDD.TPS:DSD_PRICES@DF_PRICES_ALL(1.0),"Consumer price indices (CPIs, HICPs), COICOP 1999",I,NLD,Netherlands,A,Annual,N,National,CPI,Consumer price index,PA,Percent per annum,_T,Total,N,Neither seasonally adjusted nor calendar adjusted,GY,"Growth rate, over 1 year",1995,,1.92322,,A,Normal value,,,,,,,2,Two
DATAFLOW,OECD.SDD.TPS:DSD_PRICES@DF_PRICES_ALL(1.0),"Consumer price indices (CPIs, HICPs), COICOP 1999",I,NLD,Netherlands,A,Annual,N,National,CPI,Consumer price index,PA,Percent per annum,_T,Total,N,Neither seasonally adjusted nor calendar adjusted,GY,"Growth rate, over 1 year",1996,,1.949368,,A,Normal value,,,,,,,2,Two
DATAFLOW,OECD.SDD.TPS:DSD_PRICES@DF_PRICES_ALL(1.0),"Consumer price indices (CPIs, HICPs), COICOP 1999",I,NLD,Netherlands,A,Annual,N,National,CPI,Consumer price index,PA,Percent per annum,_T,Total,N,Neither seasonally adjusted nor calendar adjusted,GY,"Growth rate, over 1 year",1997,,2.109246,,A,Normal value,,,,,,,2,Two
DATAFLOW,OECD.SDD.TPS:DSD_PRICES@DF_PRICES_ALL(1.0),"Consumer price indices (CPIs, HICPs), COICOP 1999",I,NLD,Netherlands,A,Annual,N,National,CPI,Consumer price index,PA,Percent per annum,_T,Total,N,Neither seasonally adjusted nor calendar adjusted,GY,"Growth rate, over 1 year",1998,,1.959136,,A,Normal value,,,,,,,2,Two
DATAFLOW,OECD.SDD.TPS:DSD_PRICES@DF_PRICES_ALL(1.0),"Consumer price indices (CPIs, HICPs), COICOP 1999",I,NLD,Netherlands,A,Annual,N,National,CPI,Consumer price index,PA,Percent per annum,_T,Total,N,Neither seasonally adjusted nor calendar adjusted,GY,"Growth rate, over 1 year",1999,,2.157179,,A,Normal value,,,,,,,2,Two
DATAFLOW,OECD.SDD.TPS:DSD_PRICES@DF_PRICES_ALL(1.0),"Consumer price indices (CPIs, HICPs), COICOP 1999",I,NLD,Netherlands,A,Annual,N,National,CPI,Consumer price index,PA,Percent per annum,_T,Total,N,Neither seasonally adjusted nor calendar adjusted,GY,"Growth rate, over 1 year",2000,,2.360522,,A,Normal value,,,,,,,2,Two
DATAFLOW,OECD.SDD.TPS:DSD_PRICES@DF_PRICES_ALL(1.0),"Consumer price indices (CPIs, HICPs), COICOP 1999",I,NLD,Netherlands,A,Annual,N,National,CPI,Consumer price index,PA,Percent per annum,_T,Total,N,Neither seasonally adjusted nor calendar adjusted,GY,"Growth rate, over 1 year",2001,,4.155841,,A,Normal value,,,,,,,2,Two
DATAFLOW,OECD.SDD.TPS:DSD_PRICES@DF_PRICES_ALL(1.0),"Consumer price indices (CPIs, HICPs), COICOP 1999",I,NLD,Netherlands,A,Annual,N,National,CPI,Consumer price index,PA,Percent per annum,_T,Total,N,Neither seasonally adjusted nor calendar adjusted,GY,"Growth rate, over 1 year",2002,,3.287531,,A,Normal value,,,,,,,2,Two
DATAFLOW,OECD.SDD.TPS:DSD_PRICES@DF_PRICES_ALL(1.0),"Consumer price indices (CPIs, HICPs), COICOP 1999",I,NLD,Netherlands,A,Annual,N,National,CPI,Consumer price index,PA,Percent per annum,_T,Total,N,Neither seasonally adjusted nor calendar adjusted,GY,"Growth rate, over 1 year",2003,,2.091998,,A,Normal value,,,,,,,2,Two
DATAFLOW,OECD.SDD.TPS:DSD_PRICES@DF_PRICES_ALL(1.0),"Consumer price indices (CPIs, HICPs), COICOP 1999",I,NLD,Netherlands,A,Annual,N,National,CPI,Consumer price index,PA,Percent per annum,_T,Total,N,Neither seasonally adjusted nor calendar adjusted,GY,"Growth rate, over 1 year",2004,,1.263647,,A,Normal value,,,,,,,2,Two
DATAFLOW,OECD.SDD.TPS:DSD_PRICES@DF_PRICES_ALL(1.0),"Consumer price indices (CPIs, HICPs), COICOP 1999",I,NLD,Netherlands,A,Annual,N,National,CPI,Consumer price index,PA,Percent per annum,_T,Total,N,Neither seasonally adjusted nor calendar adjusted,GY,"Growth rate, over 1 year",2005,,1.68813,,A,Normal value,,,,,,,2,Two
DATAFLOW,OECD.SDD.TPS:DSD_PRICES@DF_PRICES_ALL(1.0),"Consumer price indices (CPIs, HICPs), COICOP 1999",I,NLD,Netherlands,A,Annual,N,National,CPI,Consumer price index,PA,Percent per annum,_T,Total,N,Neither seasonally adjusted nor calendar adjusted,GY,"Growth rate, over 1 year",2006,,1.101501,,A,Normal value,,,,,,,2,Two
DATAFLOW,OECD.SDD.TPS:DSD_PRICES@DF_PRICES_ALL(1.0),"Consumer price indices (CPIs, HICPs), COICOP 1999",I,NLD,Netherlands,A,Annual,N,National,CPI,Consumer price index,PA,Percent per annum,_T,Total,N,Neither seasonally adjusted nor calendar adjusted,GY,"Growth rate, over 1 year",2007,,1.613859,,A,Normal value,,,,,,,2,Two
DATAFLOW,OECD.SDD.TPS:DSD_PRICES@DF_PRICES_ALL(1.0),"Consumer price indices (CPIs, HICPs), COICOP 1999",I,NLD,Netherlands,A,Annual,N,National,CPI,Consumer price index,PA,Percent per annum,_T,Total,N,Neither seasonally adjusted nor calendar adjusted,GY,"Growth rate, over 1 year",2008,,2.486502,,A,Normal value,,,,,,,2,Two
DATAFLOW,OECD.SDD.TPS:DSD_PRICES@DF_PRICES_ALL(1.0),"Consumer price indices (CPIs, HICPs), COICOP 1999",I,NLD,Netherlands,A,Annual,N,National,CPI,Consumer price index,PA,Percent per annum,_T,Total,N,Neither seasonally adjusted nor calendar adjusted,GY,"Growth rate, over 1 year",2009,,1.189777,,A,Normal value,,,,,,,2,Two
DATAFLOW,OECD.SDD.TPS:DSD_PRICES@DF_PRICES_ALL(1.0),"Consumer price indices (CPIs, HICPs), COICOP 1999",I,NLD,Netherlands,A,Annual,N,National,CPI,Consumer price index,PA,Percent per annum,_T,Total,N,Neither seasonally adjusted nor calendar adjusted,GY,"Growth rate, over 1 year",2010,,1.275306,,A,Normal value,,,,,,,2,Two
DATAFLOW,OECD.SDD.TPS:DSD_PRICES@DF_PRICES_ALL(1.0),"Consumer price indices (CPIs, HICPs), COICOP 1999",I,NLD,Netherlands,A,Annual,N,National,CPI,Consumer price index,PA,Percent per annum,_T,Total,N,Neither seasonally adjusted nor calendar adjusted,GY,"Growth rate, over 1 year",2011,,2.34107,,A,Normal value,,,,,,,2,Two
DATAFLOW,OECD.SDD.TPS:DSD_PRICES@DF_PRICES_ALL(1.0),"Consumer price indices (CPIs, HICPs), COICOP 1999",I,NLD,Netherlands,A,Annual,N,National,CPI,Consumer price index,PA,Percent per annum,_T,Total,N,Neither seasonally adjusted nor calendar adjusted,GY,"Growth rate, over 1 year",2012,,2.455548,,A,Normal value,,,,,,,2,Two
DATAFLOW,OECD.SDD.TPS:DSD_PRICES@DF_PRICES_ALL(1.0),"Consumer price indices (CPIs, HICPs), COICOP 1999",I,NLD,Netherlands,A,Annual,N,National,CPI,Consumer price index,PA,Percent per annum,_T,Total,N,Neither seasonally adjusted nor calendar adjusted,GY,"Growth rate, over 1 year",2013,,2.506899,,A,Normal value,,,,,,,2,Two
DATAFLOW,OECD.SDD.TPS:DSD_PRICES@DF_PRICES_ALL(1.0),"Consumer price indices (CPIs, HICPs), COICOP 1999",I,NLD,Netherlands,A,Annual,N,National,CPI,Consumer price index,PA,Percent per annum,_T,Total,N,Neither seasonally adjusted nor calendar adjusted,GY,"Growth rate, over 1 year",2014,,0.9760351,,A,Normal value,,,,,,,2,Two
DATAFLOW,OECD.SDD.TPS:DSD_PRICES@DF_PRICES_ALL(1.0),"Consumer price indices (CPIs, HICPs), COICOP 1999",I,NLD,Netherlands,A,Annual,N,National,CPI,Consumer price index,PA,Percent per annum,_T,Total,N,Neither seasonally adjusted nor calendar adjusted,GY,"Growth rate, over 1 year",2015,,0.6002482,,A,Normal value,,,,,,,2,Two
DATAFLOW,OECD.SDD.TPS:DSD_PRICES@DF_PRICES_ALL(1.0),"Consumer price indices (CPIs, HICPs), COICOP 1999",I,NLD,Netherlands,A,Annual,N,National,CPI,Consumer price index,PA,Percent per annum,_T,Total,N,Neither seasonally adjusted nor calendar adjusted,GY,"Growth rate, over 1 year",2016,,0.3166667,,A,Normal value,,,,,,,2,Two
DATAFLOW,OECD.SDD.TPS:DSD_PRICES@DF_PRICES_ALL(1.0),"Consumer price indices (CPIs, HICPs), COICOP 1999",I,NLD,Netherlands,A,Annual,N,National,CPI,Consumer price index,PA,Percent per annum,_T,Total,N,Neither seasonally adjusted nor calendar adjusted,GY,"Growth rate, over 1 year",2017,,1.381459,,A,Normal value,,,,,,,2,Two
DATAFLOW,OECD.SDD.TPS:DSD_PRICES@DF_PRICES_ALL(1.0),"Consumer price indices (CPIs, HICPs), COICOP 1999",I,NLD,Netherlands,A,Annual,N,National,CPI,Consumer price index,PA,Percent per annum,_T,Total,N,Neither seasonally adjusted nor calendar adjusted,GY,"Growth rate, over 1 year",2018,,1.703498,,A,Normal value,,,,,,,2,Two
DATAFLOW,OECD.SDD.TPS:DSD_PRICES@DF_PRICES_ALL(1.0),"Consumer price indices (CPIs, HICPs), COICOP 1999",I,NLD,Netherlands,A,Annual,N,National,CPI,Consumer price index,PA,Percent per annum,_T,Total,N,Neither seasonally adjusted nor calendar adjusted,GY,"Growth rate, over 1 year",2019,,2.633699,,A,Normal value,,,,,,,2,Two
DATAFLOW,OECD.SDD.TPS:DSD_PRICES@DF_PRICES_ALL(1.0),"Consumer price indices (CPIs, HICPs), COICOP 1999",I,NLD,Netherlands,A,Annual,N,National,CPI,Consumer price index,PA,Percent per annum,_T,Total,N,Neither seasonally adjusted nor calendar adjusted,GY,"Growth rate, over 1 year",2020,,1.27246,,A,Normal value,,,,,,,2,Two
DATAFLOW,OECD.SDD.TPS:DSD_PRICES@DF_PRICES_ALL(1.0),"Consumer price indices (CPIs, HICPs), COICOP 1999",I,NLD,Netherlands,A,Annual,N,National,CPI,Consumer price index,PA,Percent per annum,_T,Total,N,Neither seasonally adjusted nor calendar adjusted,GY,"Growth rate, over 1 year",2021,,2.67572,,A,Normal value,,,,,,,2,Two
DATAFLOW,OECD.SDD.TPS:DSD_PRICES@DF_PRICES_ALL(1.0),"Consumer price indices (CPIs, HICPs), COICOP 1999",I,NLD,Netherlands,A,Annual,N,National,CPI,Consumer price index,PA,Percent per annum,_T,Total,N,Neither seasonally adjusted nor calendar adjusted,GY,"Growth rate, over 1 year",2022,,10.00121,,A,Normal value,,,,,,,2,Two
DATAFLOW,OECD.SDD.TPS:DSD_PRICES@DF_PRICES_ALL(1.0),"Consumer price indices (CPIs, HICPs), COICOP 1999",I,NLD,Netherlands,A,Annual,N,National,CPI,Consumer price index,PA,Percent per annum,_T,Total,N,Neither seasonally adjusted nor calendar adjusted,GY,"Growth rate, over 1 year",2023,,3.838393,,A,Normal value,,,,,,,2,Two
DATAFLOW,OECD.SDD.TPS:DSD_PRICES@DF_PRICES_ALL(1.0),"Consumer price indices (CPIs, HICPs), COICOP 1999",I,NLD,Netherlands,A,Annual,N,National,CPI,Consumer price index,PA,Percent per annum,_T,Total,N,Neither seasonally adjusted nor calendar adjusted,GY,"Growth rate, over 1 year",2024,,3.347543,,A,Normal value,,,,,,,2,Two
DATAFLOW,OECD.SDD.TPS:DSD_PRICES@DF_PRICES_ALL(1.0),"Consumer price indices (CPIs, HICPs), COICOP 1999",I,NLD,Netherlands,A,Annual,N,National,CPI,Consumer price index,PA,Percent per annum,_T,Total,N,Neither seasonally adjusted nor calendar adjusted,GY,"Growth rate, over 1 year",2025,,3.259577,,A,Normal value,,,,,,,2,Two
DATAFLOW,OECD.SDD.TPS:DSD_PRICES@DF_PRICES_ALL(1.0),"Consumer price indices (CPIs, HICPs), COICOP 1999",I,ITA,Italy,A,Annual,N,National,CPI,Consumer price index,PA,Percent per annum,_T,Total,N,Neither seasonally adjusted nor calendar adjusted,GY,"Growth rate, over 1 year",2007,,1.829738,,A,Normal value,,,,,,,2,Two
DATAFLOW,OECD.SDD.TPS:DSD_PRICES@DF_PRICES_ALL(1.0),"Consumer price indices (CPIs, HICPs), COICOP 1999",I,ITA,Italy,A,Annual,N,National,CPI,Consumer price index,PA,Percent per annum,_T,Total,N,Neither seasonally adjusted nor calendar adjusted,GY,"Growth rate, over 1 year",2008,,3.347834,,A,Normal value,,,,,,,2,Two
DATAFLOW,OECD.SDD.TPS:DSD_PRICES@DF_PRICES_ALL(1.0),"Consumer price indices (CPIs, HICPs), COICOP 1999",I,ITA,Italy,A,Annual,N,National,CPI,Consumer price index,PA,Percent per annum,_T,Total,N,Neither seasonally adjusted nor calendar adjusted,GY,"Growth rate, over 1 year",2009,,0.7747682,,A,Normal value,,,,,,,2,Two
DATAFLOW,OECD.SDD.TPS:DSD_PRICES@DF_PRICES_ALL(1.0),"Consumer price indices (CPIs, HICPs), COICOP 1999",I,ITA,Italy,A,Annual,N,National,CPI,Consumer price index,PA,Percent per annum,_T,Total,N,Neither seasonally adjusted nor calendar adjusted,GY,"Growth rate, over 1 year",2010,,1.525516,,A,Normal value,,,,,,,2,Two
DATAFLOW,OECD.SDD.TPS:DSD_PRICES@DF_PRICES_ALL(1.0),"Consumer price indices (CPIs, HICPs), COICOP 1999",I,ITA,Italy,A,Annual,N,National,CPI,Consumer price index,PA,Percent per annum,_T,Total,N,Neither seasonally adjusted nor calendar adjusted,GY,"Growth rate, over 1 year",2011,,2.780573,,A,Normal value,,,,,,,2,Two
DATAFLOW,OECD.SDD.TPS:DSD_PRICES@DF_PRICES_ALL(1.0),"Consumer price indices (CPIs, HICPs), COICOP 1999",I,ITA,Italy,A,Annual,N,National,CPI,Consumer price index,PA,Percent per annum,_T,Total,N,Neither seasonally adjusted nor calendar adjusted,GY,"Growth rate, over 1 year",2012,,3.041363,,A,Normal value,,,,,,,2,Two
DATAFLOW,OECD.SDD.TPS:DSD_PRICES@DF_PRICES_ALL(1.0),"Consumer price indices (CPIs, HICPs), COICOP 1999",I,ITA,Italy,A,Annual,N,National,CPI,Consumer price index,PA,Percent per annum,_T,Total,N,Neither seasonally adjusted nor calendar adjusted,GY,"Growth rate, over 1 year",2013,,1.219992,,A,Normal value,,,,,,,2,Two
DATAFLOW,OECD.SDD.TPS:DSD_PRICES@DF_PRICES_ALL(1.0),"Consumer price indices (CPIs, HICPs), COICOP 1999",I,ITA,Italy,A,Annual,N,National,CPI,Consumer price index,PA,Percent per annum,_T,Total,N,Neither seasonally adjusted nor calendar adjusted,GY,"Growth rate, over 1 year",2014,,0.2410575,,A,Normal value,,,,,,,2,Two
DATAFLOW,OECD.SDD.TPS:DSD_PRICES@DF_PRICES_ALL(1.0),"Consumer price indices (CPIs, HICPs), COICOP 1999",I,ITA,Italy,A,Annual,N,National,CPI,Consumer price index,PA,Percent per annum,_T,Total,N,Neither seasonally adjusted nor calendar adjusted,GY,"Growth rate, over 1 year",2015,,0.03878675,,A,Normal value,,,,,,,2,Two
DATAFLOW,OECD.SDD.TPS:DSD_PRICES@DF_PRICES_ALL(1.0),"Consumer price indices (CPIs, HICPs), COICOP 1999",I,ITA,Italy,A,Annual,N,National,CPI,Consumer price index,PA,Percent per annum,_T,Total,N,Neither seasonally adjusted nor calendar adjusted,GY,"Growth rate, over 1 year",2016,,-0.09406886,,A,Normal value,,,,,,,2,Two
DATAFLOW,OECD.SDD.TPS:DSD_PRICES@DF_PRICES_ALL(1.0),"Consumer price indices (CPIs, HICPs), COICOP 1999",I,ITA,Italy,A,Annual,N,National,CPI,Consumer price index,PA,Percent per annum,_T,Total,N,Neither seasonally adjusted nor calendar adjusted,GY,"Growth rate, over 1 year",2017,,1.226533,,A,Normal value,,,,,,,2,Two
DATAFLOW,OECD.SDD.TPS:DSD_PRICES@DF_PRICES_ALL(1.0),"Consumer price indices (CPIs, HICPs), COICOP 1999",I,ITA,Italy,A,Annual,N,National,CPI,Consumer price index,PA,Percent per annum,_T,Total,N,Neither seasonally adjusted nor calendar adjusted,GY,"Growth rate, over 1 year",2018,,1.137488,,A,Normal value,,,,,,,2,Two
DATAFLOW,OECD.SDD.TPS:DSD_PRICES@DF_PRICES_ALL(1.0),"Consumer price indices (CPIs, HICPs), COICOP 1999",I,ITA,Italy,A,Annual,N,National,CPI,Consumer price index,PA,Percent per annum,_T,Total,N,Neither seasonally adjusted nor calendar adjusted,GY,"Growth rate, over 1 year",2019,,0.6112469,,A,Normal value,,,,,,,2,Two
DATAFLOW,OECD.SDD.TPS:DSD_PRICES@DF_PRICES_ALL(1.0),"Consumer price indices (CPIs, HICPs), COICOP 1999",I,ITA,Italy,A,Annual,N,National,CPI,Consumer price index,PA,Percent per annum,_T,Total,N,Neither seasonally adjusted nor calendar adjusted,GY,"Growth rate, over 1 year",2020,,-0.1377076,,A,Normal value,,,,,,,2,Two
DATAFLOW,OECD.SDD.TPS:DSD_PRICES@DF_PRICES_ALL(1.0),"Consumer price indices (CPIs, HICPs), COICOP 1999",I,ITA,Italy,A,Annual,N,National,CPI,Consumer price index,PA,Percent per annum,_T,Total,N,Neither seasonally adjusted nor calendar adjusted,GY,"Growth rate, over 1 year",2021,,1.873783,,A,Normal value,,,,,,,2,Two
DATAFLOW,OECD.SDD.TPS:DSD_PRICES@DF_PRICES_ALL(1.0),"Consumer price indices (CPIs, HICPs), COICOP 1999",I,ITA,Italy,A,Annual,N,National,CPI,Consumer price index,PA,Percent per annum,_T,Total,N,Neither seasonally adjusted nor calendar adjusted,GY,"Growth rate, over 1 year",2022,,8.20129,,A,Normal value,,,,,,,2,Two
DATAFLOW,OECD.SDD.TPS:DSD_PRICES@DF_PRICES_ALL(1.0),"Consumer price indices (CPIs, HICPs), COICOP 1999",I,LUX,Luxembourg,A,Annual,N,National,CPI,Consumer price index,PA,Percent per annum,_T,Total,N,Neither seasonally adjusted nor calendar adjusted,GY,"Growth rate, over 1 year",2020,,0.8199573,,A,Normal value,,,,,,,2,Two
DATAFLOW,OECD.SDD.TPS:DSD_PRICES@DF_PRICES_ALL(1.0),"Consumer price indices (CPIs, HICPs), COICOP 1999",I,LUX,Luxembourg,A,Annual,N,National,CPI,Consumer price index,PA,Percent per annum,_T,Total,N,Neither seasonally adjusted nor calendar adjusted,GY,"Growth rate, over 1 year",2021,,2.52692,,A,Normal value,,,,,,,2,Two
DATAFLOW,OECD.SDD.TPS:DSD_PRICES@DF_PRICES_ALL(1.0),"Consumer price indices (CPIs, HICPs), COICOP 1999",I,LUX,Luxembourg,A,Annual,N,National,CPI,Consumer price index,PA,Percent per annum,_T,Total,N,Neither seasonally adjusted nor calendar adjusted,GY,"Growth rate, over 1 year",2022,,6.336008,,A,Normal value,,,,,,,2,Two
DATAFLOW,OECD.SDD.TPS:DSD_PRICES@DF_PRICES_ALL(1.0),"Consumer price indices (CPIs, HICPs), COICOP 1999",I,LUX,Luxembourg,A,Annual,N,National,CPI,Consumer price index,PA,Percent per annum,_T,Total,N,Neither seasonally adjusted nor calendar adjusted,GY,"Growth rate, over 1 year",2023,,3.741404,,A,Normal value,,,,,,,2,Two
DATAFLOW,OECD.SDD.TPS:DSD_PRICES@DF_PRICES_ALL(1.0),"Consumer price indices (CPIs, HICPs), COICOP 1999",I,LUX,Luxembourg,A,Annual,N,National,CPI,Consumer price index,PA,Percent per annum,_T,Total,N,Neither seasonally adjusted nor calendar adjusted,GY,"Growth rate, over 1 year",2024,,2.051133,,A,Normal value,,,,,,,2,Two
DATAFLOW,OECD.SDD.TPS:DSD_PRICES@DF_PRICES_ALL(1.0),"Consumer price indices (CPIs, HICPs), COICOP 1999",I,LUX,Luxembourg,A,Annual,N,National,CPI,Consumer price index,PA,Percent per annum,_T,Total,N,Neither seasonally adjusted nor calendar adjusted,GY,"Growth rate, over 1 year",2025,,2.257238,,A,Normal value,,,,,,,2,Two
DATAFLOW,OECD.SDD.TPS:DSD_PRICES@DF_PRICES_ALL(1.0),"Consumer price indices (CPIs, HICPs), COICOP 1999",I,MEX,Mexico,A,Annual,N,National,CPI,Consumer price index,PA,Percent per annum,_T,Total,N,Neither seasonally adjusted nor calendar adjusted,GY,"Growth rate, over 1 year",1988,,114.1622,,A,Normal value,,,,,,,2,Two
DATAFLOW,OECD.SDD.TPS:DSD_PRICES@DF_PRICES_ALL(1.0),"Consumer price indices (CPIs, HICPs), COICOP 1999",I,MEX,Mexico,A,Annual,N,National,CPI,Consumer price index,PA,Percent per annum,_T,Total,N,Neither seasonally adjusted nor calendar adjusted,GY,"Growth rate, over 1 year",1989,,20.00788,,A,Normal value,,,,,,,2,Two
DATAFLOW,OECD.SDD.TPS:DSD_PRICES@DF_PRICES_ALL(1.0),"Consumer price indices (CPIs, HICPs), COICOP 1999",I,MEX,Mexico,A,Annual,N,National,CPI,Consumer price index,PA,Percent per annum,_T,Total,N,Neither seasonally adjusted nor calendar adjusted,GY,"Growth rate, over 1 year",1990,,26.65167,,A,Normal value,,,,,,,2,Two
DATAFLOW,OECD.SDD.TPS:DSD_PRICES@DF_PRICES_ALL(1.0),"Consumer price indices (CPIs, HICPs), COICOP 1999",I,MEX,Mexico,A,Annual,N,National,CPI,Consumer price index,PA,Percent per annum,_T,Total,N,Neither seasonally adjusted nor calendar adjusted,GY,"Growth rate, over 1 year",1991,,22.66236,,A,Normal value,,,,,,,2,Two
DATAFLOW,OECD.SDD.TPS:DSD_PRICES@DF_PRICES_ALL(1.0),"Consumer price indices (CPIs, HICPs), COICOP 1999",I,MEX,Mexico,A,Annual,N,National,CPI,Consumer price index,PA,Percent per annum,_T,Total,N,Neither seasonally adjusted nor calendar adjusted,GY,"Growth rate, over 1 year",1992,,15.5079,,A,Normal value,,,,,,,2,Two
DATAFLOW,OECD.SDD.TPS:DSD_PRICES@DF_PRICES_ALL(1.0),"Consumer price indices (CPIs, HICPs), COICOP 1999",I,MEX,Mexico,A,Annual,N,National,CPI,Consumer price index,PA,Percent per annum,_T,Total,N,Neither seasonally adjusted nor calendar adjusted,GY,"Growth rate, over 1 year",1993,,9.75146,,A,Normal value,,,,,,,2,Two
DATAFLOW,OECD.SDD.TPS:DSD_PRICES@DF_PRICES_ALL(1.0),"Consumer price indices (CPIs, HICPs), COICOP 1999",I,MEX,Mexico,A,Annual,N,National,CPI,Consumer price index,PA,Percent per annum,_T,Total,N,Neither seasonally adjusted nor calendar adjusted,GY,"Growth rate, over 1 year",1994,,6.965813,,A,Normal value,,,,,,,2,Two
DATAFLOW,OECD.SDD.TPS:DSD_PRICES@DF_PRICES_ALL(1.0),"Consumer price indices (CPIs, HICPs), COICOP 1999",I,MEX,Mexico,A,Annual,N,National,CPI,Consumer price index,PA,Percent per annum,_T,Total,N,Neither seasonally adjusted nor calendar adjusted,GY,"Growth rate, over 1 year",1995,,34.99926,,A,Normal value,,,,,,,2,Two
DATAFLOW,OECD.SDD.TPS:DSD_PRICES@DF_PRICES_ALL(1.0),"Consumer price indices (CPIs, HICPs), COICOP 1999",I,MEX,Mexico,A,Annual,N,National,CPI,Consumer price index,PA,Percent per annum,_T,Total,N,Neither seasonally adjusted nor calendar adjusted,GY,"Growth rate, over 1 year",1996,,34.37838,,A,Normal value,,,,,,,2,Two
DATAFLOW,OECD.SDD.TPS:DSD_PRICES@DF_PRICES_ALL(1.0),"Consumer price indices (CPIs, HICPs), COICOP 1999",I,MEX,Mexico,A,Annual,N,National,CPI,Consumer price index,PA,Percent per annum,_T,Total,N,Neither seasonally adjusted nor calendar adjusted,GY,"Growth rate, over 1 year",1997,,20.62563,,A,Normal value,,,,,,,2,Two
DATAFLOW,OECD.SDD.TPS:DSD_PRICES@DF_PRICES_ALL(1.0),"Consumer price indices (CPIs, HICPs), COICOP 1999",I,MEX,Mexico,A,Annual,N,National,CPI,Consumer price index,PA,Percent per annum,_T,Total,N,Neither seasonally adjusted nor calendar adjusted,GY,"Growth rate, over 1 year",1998,,15.92839,,A,Normal value,,,,,,,2,Two
DATAFLOW,OECD.SDD.TPS:DSD_PRICES@DF_PRICES_ALL(1.0),"Consumer price indices (CPIs, HICPs), COICOP 1999",I,MEX,Mexico,A,Annual,N,National,CPI,Consumer price index,PA,Percent per annum,_T,Total,N,Neither seasonally adjusted nor calendar adjusted,GY,"Growth rate, over 1 year",1999,,16.58562,,A,Normal value,,,,,,,2,Two
DATAFLOW,OECD.SDD.TPS:DSD_PRICES@DF_PRICES_ALL(1.0),"Consumer price indices (CPIs, HICPs), COICOP 1999",I,MEX,Mexico,A,Annual,N,National,CPI,Consumer price index,PA,Percent per annum,_T,Total,N,Neither seasonally adjusted nor calendar adjusted,GY,"Growth rate, over 1 year",2000,,9.49156,,A,Normal value,,,,,,,2,Two
DATAFLOW,OECD.SDD.TPS:DSD_PRICES@DF_PRICES_ALL(1.0),"Consumer price indices (CPIs, HICPs), COICOP 1999",I,MEX,Mexico,A,Annual,N,National,CPI,Consumer price index,PA,Percent per annum,_T,Total,N,Neither seasonally adjusted nor calendar adjusted,GY,"Growth rate, over 1 year",2001,,6.367737,,A,Normal value,,,,,,,2,Two
DATAFLOW,OECD.SDD.TPS:DSD_PRICES@DF_PRICES_ALL(1.0),"Consumer price indices (CPIs, HICPs), COICOP 1999",I,MEX,Mexico,A,Annual,N,National,CPI,Consumer price index,PA,Percent per annum,_T,Total,N,Neither seasonally adjusted nor calendar adjusted,GY,"Growth rate, over 1 year",2002,,5.030733,,A,Normal value,,,,,,,2,Two
DATAFLOW,OECD.SDD.TPS:DSD_PRICES@DF_PRICES_ALL(1.0),"Consumer price indices (CPIs, HICPs), COICOP 1999",I,MEX,Mexico,A,Annual,N,National,CPI,Consumer price index,PA,Percent per annum,_T,Total,N,Neither seasonally adjusted nor calendar adjusted,GY,"Growth rate, over 1 year",2003,,4.546898,,A,Normal value,,,,,,,2,Two
DATAFLOW,OECD.SDD.TPS:DSD_PRICES@DF_PRICES_ALL(1.0),"Consumer price indices (CPIs, HICPs), COICOP 1999",I,MEX,Mexico,A,Annual,N,National,CPI,Consumer price index,PA,Percent per annum,_T,Total,N,Neither seasonally adjusted nor calendar adjusted,GY,"Growth rate, over 1 year",2004,,4.688407,,A,Normal value,,,,,,,2,Two
DATAFLOW,OECD.SDD.TPS:DSD_PRICES@DF_PRICES_ALL(1.0),"Consumer price indices (CPIs, HICPs), COICOP 1999",I,MEX,Mexico,A,Annual,N,National,CPI,Consumer price index,PA,Percent per annum,_T,Total,N,Neither seasonally adjusted nor calendar adjusted,GY,"Growth rate, over 1 year",2005,,3.988061,,A,Normal value,,,,,,,2,Two
DATAFLOW,OECD.SDD.TPS:DSD_PRICES@DF_PRICES_ALL(1.0),"Consumer price indices (CPIs, HICPs), COICOP 1999",I,MEX,Mexico,A,Annual,N,National,CPI,Consumer price index,PA,Percent per annum,_T,Total,N,Neither seasonally adjusted nor calendar adjusted,GY,"Growth rate, over 1 year",2006,,3.629463,,A,Normal value,,,,,,,2,Two
DATAFLOW,OECD.SDD.TPS:DSD_PRICES@DF_PRICES_ALL(1.0),"Consumer price indices (CPIs, HICPs), COICOP 1999",I,MEX,Mexico,A,Annual,N,National,CPI,Consumer price index,PA,Percent per annum,_T,Total,N,Neither seasonally adjusted nor calendar adjusted,GY,"Growth rate, over 1 year",2007,,3.96685,,A,Normal value,,,,,,,2,Two
DATAFLOW,OECD.SDD.TPS:DSD_PRICES@DF_PRICES_ALL(1.0),"Consumer price indices (CPIs, HICPs), COICOP 1999",I,MEX,Mexico,A,Annual,N,National,CPI,Consumer price index,PA,Percent per annum,_T,Total,N,Neither seasonally adjusted nor calendar adjusted,GY,"Growth rate, over 1 year",2008,,5.124982,,A,Normal value,,,,,,,2,Two
DATAFLOW,OECD.SDD.TPS:DSD_PRICES@DF_PRICES_ALL(1.0),"Consumer price indices (CPIs, HICPs), COICOP 1999",I,MEX,Mexico,A,Annual,N,National,CPI,Consumer price index,PA,Percent per annum,_T,Total,N,Neither seasonally adjusted nor calendar adjusted,GY,"Growth rate, over 1 year",2009,,5.297357,,A,Normal value,,,,,,,2,Two
DATAFLOW,OECD.SDD.TPS:DSD_PRICES@DF_PRICES_ALL(1.0),"Consumer price indices (CPIs, HICPs), COICOP 1999",I,MEX,Mexico,A,Annual,N,National,CPI,Consumer price index,PA,Percent per annum,_T,Total,N,Neither seasonally adjusted nor calendar adjusted,GY,"Growth rate, over 1 year",2010,,4.156728,,A,Normal value,,,,,,,2,Two
DATAFLOW,OECD.SDD.TPS:DSD_PRICES@DF_PRICES_ALL(1.0),"Consumer price indices (CPIs, HICPs), COICOP 1999",I,MEX,Mexico,A,Annual,N,National,CPI,Consumer price index,PA,Percent per annum,_T,Total,N,Neither seasonally adjusted nor calendar adjusted,GY,"Growth rate, over 1 year",2011,,3.40738,,A,Normal value,,,,,,,2,Two
DATAFLOW,OECD.SDD.TPS:DSD_PRICES@DF_PRICES_ALL(1.0),"Consumer price indices (CPIs, HICPs), COICOP 1999",I,MEX,Mexico,A,Annual,N,National,CPI,Consumer price index,PA,Percent per annum,_T,Total,N,Neither seasonally adjusted nor calendar adjusted,GY,"Growth rate, over 1 year",2012,,4.111508,,A,Normal value,,,,,,,2,Two
DATAFLOW,OECD.SDD.TPS:DSD_PRICES@DF_PRICES_ALL(1.0),"Consumer price indices (CPIs, HICPs), COICOP 1999",I,MEX,Mexico,A,Annual,N,National,CPI,Consumer price index,PA,Percent per annum,_T,Total,N,Neither seasonally adjusted nor calendar adjusted,GY,"Growth rate, over 1 year",2013,,3.80639,,A,Normal value,,,,,,,2,Two
DATAFLOW,OECD.SDD.TPS:DSD_PRICES@DF_PRICES_ALL(1.0),"Consumer price indices (CPIs, HICPs), COICOP 1999",I,MEX,Mexico,A,Annual,N,National,CPI,Consumer price index,PA,Percent per annum,_T,Total,N,Neither seasonally adjusted nor calendar adjusted,GY,"Growth rate, over 1 year",2014,,4.018617,,A,Normal value,,,,,,,2,Two
DATAFLOW,OECD.SDD.TPS:DSD_PRICES@DF_PRICES_ALL(1.0),"Consumer price indices (CPIs, HICPs), COICOP 1999",I,MEX,Mexico,A,Annual,N,National,CPI,Consumer price index,PA,Percent per annum,_T,Total,N,Neither seasonally adjusted nor calendar adjusted,GY,"Growth rate, over 1 year",2015,,2.720641,,A,Normal value,,,,,,,2,Two
DATAFLOW,OECD.SDD.TPS:DSD_PRICES@DF_PRICES_ALL(1.0),"Consumer price indices (CPIs, HICPs), COICOP 1999",I,MEX,Mexico,A,Annual,N,National,CPI,Consumer price index,PA,Percent per annum,_T,Total,N,Neither seasonally adjusted nor calendar adjusted,GY,"Growth rate, over 1 year",2016,,2.821708,,A,Normal value,,,,,,,2,Two
DATAFLOW,OECD.SDD.TPS:DSD_PRICES@DF_PRICES_ALL(1.0),"Consumer price indices (CPIs, HICPs), COICOP 1999",I,MEX,Mexico,A,Annual,N,National,CPI,Consumer price index,PA,Percent per annum,_T,Total,N,Neither seasonally adjusted nor calendar adjusted,GY,"Growth rate, over 1 year",2017,,6.041456,,A,Normal value,,,,,,,2,Two
DATAFLOW,OECD.SDD.TPS:DSD_PRICES@DF_PRICES_ALL(1.0),"Consumer price indices (CPIs, HICPs), COICOP 1999",I,MEX,Mexico,A,Annual,N,National,CPI,Consumer price index,PA,Percent per annum,_T,Total,N,Neither seasonally adjusted nor calendar adjusted,GY,"Growth rate, over 1 year",2018,,4.899351,,A,Normal value,,,,,,,2,Two
DATAFLOW,OECD.SDD.TPS:DSD_PRICES@DF_PRICES_ALL(1.0),"Consumer price indices (CPIs, HICPs), COICOP 1999",I,MEX,Mexico,A,Annual,N,National,CPI,Consumer price index,PA,Percent per annum,_T,Total,N,Neither seasonally adjusted nor calendar adjusted,GY,"Growth rate, over 1 year",2019,,3.635961,,A,Normal value,,,,,,,2,Two
DATAFLOW,OECD.SDD.TPS:DSD_PRICES@DF_PRICES_ALL(1.0),"Consumer price indices (CPIs, HICPs), COICOP 1999",I,MEX,Mexico,A,Annual,N,National,CPI,Consumer price index,PA,Percent per annum,_T,Total,N,Neither seasonally adjusted nor calendar adjusted,GY,"Growth rate, over 1 year",2020,,3.396834,,A,Normal value,,,,,,,2,Two
DATAFLOW,OECD.SDD.TPS:DSD_PRICES@DF_PRICES_ALL(1.0),"Consumer price indices (CPIs, HICPs), COICOP 1999",I,MEX,Mexico,A,Annual,N,National,CPI,Consumer price index,PA,Percent per annum,_T,Total,N,Neither seasonally adjusted nor calendar adjusted,GY,"Growth rate, over 1 year",2021,,5.689209,,A,Normal value,,,,,,,2,Two
DATAFLOW,OECD.SDD.TPS:DSD_PRICES@DF_PRICES_ALL(1.0),"Consumer price indices (CPIs, HICPs), COICOP 1999",I,MEX,Mexico,A,Annual,N,National,CPI,Consumer price index,PA,Percent per annum,_T,Total,N,Neither seasonally adjusted nor calendar adjusted,GY,"Growth rate, over 1 year",2022,,7.896276,,A,Normal value,,,,,,,2,Two
DATAFLOW,OECD.SDD.TPS:DSD_PRICES@DF_PRICES_ALL(1.0),"Consumer price indices (CPIs, HICPs), COICOP 1999",I,MEX,Mexico,A,Annual,N,National,CPI,Consumer price index,PA,Percent per annum,_T,Total,N,Neither seasonally adjusted nor calendar adjusted,GY,"Growth rate, over 1 year",2023,,5.527961,,A,Normal value,,,,,,,2,Two
DATAFLOW,OECD.SDD.TPS:DSD_PRICES@DF_PRICES_ALL(1.0),"Consumer price indices (CPIs, HICPs), COICOP 1999",I,POL,Poland,A,Annual,N,National,CPI,Consumer price index,PA,Percent per annum,_T,Total,N,Neither seasonally adjusted nor calendar adjusted,GY,"Growth rate, over 1 year",1990,,812.15,,A,Normal value,,,,,,,2,Two
DATAFLOW,OECD.SDD.TPS:DSD_PRICES@DF_PRICES_ALL(1.0),"Consumer price indices (CPIs, HICPs), COICOP 1999",I,POL,Poland,A,Annual,N,National,CPI,Consumer price index,PA,Percent per annum,_T,Total,N,Neither seasonally adjusted nor calendar adjusted,GY,"Growth rate, over 1 year",1991,,71.56667,,A,Normal value,,,,,,,2,Two
DATAFLOW,OECD.SDD.TPS:DSD_PRICES@DF_PRICES_ALL(1.0),"Consumer price indices (CPIs, HICPs), COICOP 1999",I,POL,Poland,A,Annual,N,National,CPI,Consumer price index,PA,Percent per annum,_T,Total,N,Neither seasonally adjusted nor calendar adjusted,GY,"Growth rate, over 1 year",1992,,42.85,,A,Normal value,,,,,,,2,Two
DATAFLOW,OECD.SDD.TPS:DSD_PRICES@DF_PRICES_ALL(1.0),"Consumer price indices (CPIs, HICPs), COICOP 1999",I,POL,Poland,A,Annual,N,National,CPI,Consumer price index,PA,Percent per annum,_T,Total,N,Neither seasonally adjusted nor calendar adjusted,GY,"Growth rate, over 1 year",1993,,35.475,,A,Normal value,,,,,,,2,Two
DATAFLOW,OECD.SDD.TPS:DSD_PRICES@DF_PRICES_ALL(1.0),"Consumer price indices (CPIs, HICPs), COICOP 1999",I,POL,Poland,A,Annual,N,National,CPI,Consumer price index,PA,Percent per annum,_T,Total,N,Neither seasonally adjusted nor calendar adjusted,GY,"Growth rate, over 1 year",1994,,32.19167,,A,Normal value,,,,,,,2,Two
DATAFLOW,OECD.SDD.TPS:DSD_PRICES@DF_PRICES_ALL(1.0),"Consumer price indices (CPIs, HICPs), COICOP 1999",I,POL,Poland,A,Annual,N,National,CPI,Consumer price index,PA,Percent per annum,_T,Total,N,Neither seasonally adjusted nor calendar adjusted,GY,"Growth rate, over 1 year",1995,,28.125,,A,Normal value,,,,,,,2,Two
DATAFLOW,OECD.SDD.TPS:DSD_PRICES@DF_PRICES_ALL(1.0),"Consumer price indices (CPIs, HICPs), COICOP 1999",I,POL,Poland,A,Annual,N,National,CPI,Consumer price index,PA,Percent per annum,_T,Total,N,Neither seasonally adjusted nor calendar adjusted,GY,"Growth rate, over 1 year",1996,,19.90833,,A,Normal value,,,,,,,2,Two
DATAFLOW,OECD.SDD.TPS:DSD_PRICES@DF_PRICES_ALL(1.0),"Consumer price indices (CPIs, HICPs), COICOP 1999",I,POL,Poland,A,Annual,N,National,CPI,Consumer price index,PA,Percent per annum,_T,Total,N,Neither seasonally adjusted nor calendar adjusted,GY,"Growth rate, over 1 year",1997,,14.95,,A,Normal value,,,,,,,2,Two
DATAFLOW,OECD.SDD.TPS:DSD_PRICES@DF_PRICES_ALL(1.0),"Consumer price indices (CPIs, HICPs), COICOP 1999",I,POL,Poland,A,Annual,N,National,CPI,Consumer price index,PA,Percent per annum,_T,Total,N,Neither seasonally adjusted nor calendar adjusted,GY,"Growth rate, over 1 year",1998,,11.86667,,A,Normal value,,,,,,,2,Two
DATAFLOW,OECD.SDD.TPS:DSD_PRICES@DF_PRICES_ALL(1.0),"Consumer price indices (CPIs, HICPs), COICOP 1999",I,POL,Poland,A,Annual,N,National,CPI,Consumer price index,PA,Percent per annum,_T,Total,N,Neither seasonally adjusted nor calendar adjusted,GY,"Growth rate, over 1 year",1999,,7.258333,,A,Normal value,,,,,,,2,Two
DATAFLOW,OECD.SDD.TPS:DSD_PRICES@DF_PRICES_ALL(1.0),"Consumer price indices (CPIs, HICPs), COICOP 1999",I,POL,Poland,A,Annual,N,National,CPI,Consumer price index,PA,Percent per annum,_T,Total,N,Neither seasonally adjusted nor calendar adjusted,GY,"Growth rate, over 1 year",2000,,10.09167,,A,Normal value,,,,,,,2,Two
DATAFLOW,OECD.SDD.TPS:DSD_PRICES@DF_PRICES_ALL(1.0),"Consumer price indices (CPIs, HICPs), COICOP 1999",I,POL,Poland,A,Annual,N,National,CPI,Consumer price index,PA,Percent per annum,_T,Total,N,Neither seasonally adjusted nor calendar adjusted,GY,"Growth rate, over 1 year",2001,,5.475,,A,Normal value,,,,,,,2,Two
DATAFLOW,OECD.SDD.TPS:DSD_PRICES@DF_PRICES_ALL(1.0),"Consumer price indices (CPIs, HICPs), COICOP 1999",I,POL,Poland,A,Annual,N,National,CPI,Consumer price index,PA,Percent per annum,_T,Total,N,Neither seasonally adjusted nor calendar adjusted,GY,"Growth rate, over 1 year",2002,,1.941667,,A,Normal value,,,,,,,2,Two
DATAFLOW,OECD.SDD.TPS:DSD_PRICES@DF_PRICES_ALL(1.0),"Consumer price indices (CPIs, HICPs), COICOP 1999",I,POL,Poland,A,Annual,N,National,CPI,Consumer price index,PA,Percent per annum,_T,Total,N,Neither seasonally adjusted nor calendar adjusted,GY,"Growth rate, over 1 year",2003,,0.8416666,,A,Normal value,,,,,,,2,Two
DATAFLOW,OECD.SDD.TPS:DSD_PRICES@DF_PRICES_ALL(1.0),"Consumer price indices (CPIs, HICPs), COICOP 1999",I,POL,Poland,A,Annual,N,National,CPI,Consumer price index,PA,Percent per annum,_T,Total,N,Neither seasonally adjusted nor calendar adjusted,GY,"Growth rate, over 1 year",2004,,3.491667,,A,Normal value,,,,,,,2,Two
DATAFLOW,OECD.SDD.TPS:DSD_PRICES@DF_PRICES_ALL(1.0),"Consumer price indices (CPIs, HICPs), COICOP 1999",I,POL,Poland,A,Annual,N,National,CPI,Consumer price index,PA,Percent per annum,_T,Total,N,Neither seasonally adjusted nor calendar adjusted,GY,"Growth rate, over 1 year",2005,,2.133333,,A,Normal value,,,,,,,2,Two
DATAFLOW,OECD.SDD.TPS:DSD_PRICES@DF_PRICES_ALL(1.0),"Consumer price indices (CPIs, HICPs), COICOP 1999",I,POL,Poland,A,Annual,N,National,CPI,Consumer price index,PA,Percent per annum,_T,Total,N,Neither seasonally adjusted nor calendar adjusted,GY,"Growth rate, over 1 year",2006,,1.033333,,A,Normal value,,,,,,,2,Two
DATAFLOW,OECD.SDD.TPS:DSD_PRICES@DF_PRICES_ALL(1.0),"Consumer price indices (CPIs, HICPs), COICOP 1999",I,POL,Poland,A,Annual,N,National,CPI,Consumer price index,PA,Percent per annum,_T,Total,N,Neither seasonally adjusted nor calendar adjusted,GY,"Growth rate, over 1 year",2007,,2.491667,,A,Normal value,,,,,,,2,Two
DATAFLOW,OECD.SDD.TPS:DSD_PRICES@DF_PRICES_ALL(1.0),"Consumer price indices (CPIs, HICPs), COICOP 1999",I,POL,Poland,A,Annual,N,National,CPI,Consumer price index,PA,Percent per annum,_T,Total,N,Neither seasonally adjusted nor calendar adjusted,GY,"Growth rate, over 1 year",2008,,4.216667,,A,Normal value,,,,,,,2,Two
DATAFLOW,OECD.SDD.TPS:DSD_PRICES@DF_PRICES_ALL(1.0),"Consumer price indices (CPIs, HICPs), COICOP 1999",I,POL,Poland,A,Annual,N,National,CPI,Consumer price index,PA,Percent per annum,_T,Total,N,Neither seasonally adjusted nor calendar adjusted,GY,"Growth rate, over 1 year",2009,,3.45,,A,Normal value,,,,,,,2,Two
DATAFLOW,OECD.SDD.TPS:DSD_PRICES@DF_PRICES_ALL(1.0),"Consumer price indices (CPIs, HICPs), COICOP 1999",I,POL,Poland,A,Annual,N,National,CPI,Consumer price index,PA,Percent per annum,_T,Total,N,Neither seasonally adjusted nor calendar adjusted,GY,"Growth rate, over 1 year",2010,,2.583333,,A,Normal value,,,,,,,2,Two
DATAFLOW,OECD.SDD.TPS:DSD_PRICES@DF_PRICES_ALL(1.0),"Consumer price indices (CPIs, HICPs), COICOP 1999",I,POL,Poland,A,Annual,N,National,CPI,Consumer price index,PA,Percent per annum,_T,Total,N,Neither seasonally adjusted nor calendar adjusted,GY,"Growth rate, over 1 year",2011,,4.266667,,A,Normal value,,,,,,,2,Two
DATAFLOW,OECD.SDD.TPS:DSD_PRICES@DF_PRICES_ALL(1.0),"Consumer price indices (CPIs, HICPs), COICOP 1999",I,POL,Poland,A,Annual,N,National,CPI,Consumer price index,PA,Percent per annum,_T,Total,N,Neither seasonally adjusted nor calendar adjusted,GY,"Growth rate, over 1 year",2012,,3.7,,A,Normal value,,,,,,,2,Two
DATAFLOW,OECD.SDD.TPS:DSD_PRICES@DF_PRICES_ALL(1.0),"Consumer price indices (CPIs, HICPs), COICOP 1999",I,POL,Poland,A,Annual,N,National,CPI,Consumer price index,PA,Percent per annum,_T,Total,N,Neither seasonally adjusted nor calendar adjusted,GY,"Growth rate, over 1 year",2013,,0.9,,A,Normal value,,,,,,,2,Two
DATAFLOW,OECD.SDD.TPS:DSD_PRICES@DF_PRICES_ALL(1.0),"Consumer price indices (CPIs, HICPs), COICOP 1999",I,POL,Poland,A,Annual,N,National,CPI,Consumer price index,PA,Percent per annum,_T,Total,N,Neither seasonally adjusted nor calendar adjusted,GY,"Growth rate, over 1 year",2014,,-0.025,,A,Normal value,,,,,,,2,Two
DATAFLOW,OECD.SDD.TPS:DSD_PRICES@DF_PRICES_ALL(1.0),"Consumer price indices (CPIs, HICPs), COICOP 1999",I,POL,Poland,A,Annual,N,National,CPI,Consumer price index,PA,Percent per annum,_T,Total,N,Neither seasonally adjusted nor calendar adjusted,GY,"Growth rate, over 1 year",2015,,-0.9333333,,A,Normal value,,,,,,,2,Two
DATAFLOW,OECD.SDD.TPS:DSD_PRICES@DF_PRICES_ALL(1.0),"Consumer price indices (CPIs, HICPs), COICOP 1999",I,POL,Poland,A,Annual,N,National,CPI,Consumer price index,PA,Percent per annum,_T,Total,N,Neither seasonally adjusted nor calendar adjusted,GY,"Growth rate, over 1 year",2016,,-0.5833333,,A,Normal value,,,,,,,2,Two
DATAFLOW,OECD.SDD.TPS:DSD_PRICES@DF_PRICES_ALL(1.0),"Consumer price indices (CPIs, HICPs), COICOP 1999",I,POL,Poland,A,Annual,N,National,CPI,Consumer price index,PA,Percent per annum,_T,Total,N,Neither seasonally adjusted nor calendar adjusted,GY,"Growth rate, over 1 year",2017,,1.975,,A,Normal value,,,,,,,2,Two
DATAFLOW,OECD.SDD.TPS:DSD_PRICES@DF_PRICES_ALL(1.0),"Consumer price indices (CPIs, HICPs), COICOP 1999",I,POL,Poland,A,Annual,N,National,CPI,Consumer price index,PA,Percent per annum,_T,Total,N,Neither seasonally adjusted nor calendar adjusted,GY,"Growth rate, over 1 year",2018,,1.666667,,A,Normal value,,,,,,,2,Two
DATAFLOW,OECD.SDD.TPS:DSD_PRICES@DF_PRICES_ALL(1.0),"Consumer price indices (CPIs, HICPs), COICOP 1999",I,POL,Poland,A,Annual,N,National,CPI,Consumer price index,PA,Percent per annum,_T,Total,N,Neither seasonally adjusted nor calendar adjusted,GY,"Growth rate, over 1 year",2019,,2.308333,,A,Normal value,,,,,,,2,Two
DATAFLOW,OECD.SDD.TPS:DSD_PRICES@DF_PRICES_ALL(1.0),"Consumer price indices (CPIs, HICPs), COICOP 1999",I,POL,Poland,A,Annual,N,National,CPI,Consumer price index,PA,Percent per annum,_T,Total,N,Neither seasonally adjusted nor calendar adjusted,GY,"Growth rate, over 1 year",2020,,3.4,,A,Normal value,,,,,,,2,Two
DATAFLOW,OECD.SDD.TPS:DSD_PRICES@DF_PRICES_ALL(1.0),"Consumer price indices (CPIs, HICPs), COICOP 1999",I,POL,Poland,A,Annual,N,National,CPI,Consumer price index,PA,Percent per annum,_T,Total,N,Neither seasonally adjusted nor calendar adjusted,GY,"Growth rate, over 1 year",2021,,5.1,,A,Normal value,,,,,,,2,Two
DATAFLOW,OECD.SDD.TPS:DSD_PRICES@DF_PRICES_ALL(1.0),"Consumer price indices (CPIs, HICPs), COICOP 1999",I,POL,Poland,A,Annual,N,National,CPI,Consumer price index,PA,Percent per annum,_T,Total,N,Neither seasonally adjusted nor calendar adjusted,GY,"Growth rate, over 1 year",2022,,14.3,,A,Normal value,,,,,,,2,Two
DATAFLOW,OECD.SDD.TPS:DSD_PRICES@DF_PRICES_ALL(1.0),"Consumer price indices (CPIs, HICPs), COICOP 1999",I,POL,Poland,A,Annual,N,National,CPI,Consumer price index,PA,Percent per annum,_T,Total,N,Neither seasonally adjusted nor calendar adjusted,GY,"Growth rate, over 1 year",2023,,11.56667,,A,Normal value,,,,,,,2,Two
DATAFLOW,OECD.SDD.TPS:DSD_PRICES@DF_PRICES_ALL(1.0),"Consumer price indices (CPIs, HICPs), COICOP 1999",I,POL,Poland,A,Annual,N,National,CPI,Consumer price index,PA,Percent per annum,_T,Total,N,Neither seasonally adjusted nor calendar adjusted,GY,"Growth rate, over 1 year",2024,,3.65,,A,Normal value,,,,,,,2,Two
DATAFLOW,OECD.SDD.TPS:DSD_PRICES@DF_PRICES_ALL(1.0),"Consumer price indices (CPIs, HICPs), COICOP 1999",I,POL,Poland,A,Annual,N,National,CPI,Consumer price index,PA,Percent per annum,_T,Total,N,Neither seasonally adjusted nor calendar adjusted,GY,"Growth rate, over 1 year",2025,,3.641667,,A,Normal value,,,,,,,2,Two
DATAFLOW,OECD.SDD.TPS:DSD_PRICES@DF_PRICES_ALL(1.0),"Consumer price indices (CPIs, HICPs), COICOP 1999",I,SWE,Sweden,A,Annual,N,National,CPI,Consumer price index,PA,Percent per annum,_T,Total,N,Neither seasonally adjusted nor calendar adjusted,GY,"Growth rate, over 1 year",2013,,-0.04429297,,A,Normal value,,,,,,,2,Two
DATAFLOW,OECD.SDD.TPS:DSD_PRICES@DF_PRICES_ALL(1.0),"Consumer price indices (CPIs, HICPs), COICOP 1999",I,SWE,Sweden,A,Annual,N,National,CPI,Consumer price index,PA,Percent per annum,_T,Total,N,Neither seasonally adjusted nor calendar adjusted,GY,"Growth rate, over 1 year",2014,,-0.1796385,,A,Normal value,,,,,,,2,Two
DATAFLOW,OECD.SDD.TPS:DSD_PRICES@DF_PRICES_ALL(1.0),"Consumer price indices (CPIs, HICPs), COICOP 1999",I,SWE,Sweden,A,Annual,N,National,CPI,Consumer price index,PA,Percent per annum,_T,Total,N,Neither seasonally adjusted nor calendar adjusted,GY,"Growth rate, over 1 year",2015,,-0.04678474,,A,Normal value,,,,,,,2,Two
DATAFLOW,OECD.SDD.TPS:DSD_PRICES@DF_PRICES_ALL(1.0),"Consumer price indices (CPIs, HICPs), COICOP 1999",I,SWE,Sweden,A,Annual,N,National,CPI,Consumer price index,PA,Percent per annum,_T,Total,N,Neither seasonally adjusted nor calendar adjusted,GY,"Growth rate, over 1 year",2016,,0.9842693,,A,Normal value,,,,,,,2,Two
DATAFLOW,OECD.SDD.TPS:DSD_PRICES@DF_PRICES_ALL(1.0),"Consumer price indices (CPIs, HICPs), COICOP 1999",I,SWE,Sweden,A,Annual,N,National,CPI,Consumer price index,PA,Percent per annum,_T,Total,N,Neither seasonally adjusted nor calendar adjusted,GY,"Growth rate, over 1 year",2017,,1.794499,,A,Normal value,,,,,,,2,Two
DATAFLOW,OECD.SDD.TPS:DSD_PRICES@DF_PRICES_ALL(1.0),"Consumer price indices (CPIs, HICPs), COICOP 1999",I,SWE,Sweden,A,Annual,N,National,CPI,Consumer price index,PA,Percent per annum,_T,Total,N,Neither seasonally adjusted nor calendar adjusted,GY,"Growth rate, over 1 year",2018,,1.953535,,A,Normal value,,,,,,,2,Two
DATAFLOW,OECD.SDD.TPS:DSD_PRICES@DF_PRICES_ALL(1.0),"Consumer price indices (CPIs, HICPs), COICOP 1999",I,SWE,Sweden,A,Annual,N,National,CPI,Consumer price index,PA,Percent per annum,_T,Total,N,Neither seasonally adjusted nor calendar adjusted,GY,"Growth rate, over 1 year",2019,,1.784151,,A,Normal value,,,,,,,2,Two
DATAFLOW,OECD.SDD.TPS:DSD_PRICES@DF_PRICES_ALL(1.0),"Consumer price indices (CPIs, HICPs), COICOP 1999",I,SWE,Sweden,A,Annual,N,National,CPI,Consumer price index,PA,Percent per annum,_T,Total,N,Neither seasonally adjusted nor calendar adjusted,GY,"Growth rate, over 1 year",2020,,0.4973673,,A,Normal value,,,,,,,2,Two
DATAFLOW,OECD.SDD.TPS:DSD_PRICES@DF_PRICES_ALL(1.0),"Consumer price indices (CPIs, HICPs), COICOP 1999",I,SWE,Sweden,A,Annual,N,National,CPI,Consumer price index,PA,Percent per annum,_T,Total,N,Neither seasonally adjusted nor calendar adjusted,GY,"Growth rate, over 1 year",2021,,2.163197,,A,Normal value,,,,,,,2,Two
DATAFLOW,OECD.SDD.TPS:DSD_PRICES@DF_PRICES_ALL(1.0),"Consumer price indices (CPIs, HICPs), COICOP 1999",I,SWE,Sweden,A,Annual,N,National,CPI,Consumer price index,PA,Percent per annum,_T,Total,N,Neither seasonally adjusted nor calendar adjusted,GY,"Growth rate, over 1 year",2022,,8.369291,,A,Normal value,,,,,,,2,Two
DATAFLOW,OECD.SDD.TPS:DSD_PRICES@DF_PRICES_ALL(1.0),"Consumer price indices (CPIs, HICPs), COICOP 1999",I,SWE,Sweden,A,Annual,N,National,CPI,Consumer price index,PA,Percent per annum,_T,Total,N,Neither seasonally adjusted nor calendar adjusted,GY,"Growth rate, over 1 year",2023,,8.548625,,A,Normal value,,,,,,,2,Two
DATAFLOW,OECD.SDD.TPS:DSD_PRICES@DF_PRICES_ALL(1.0),"Consumer price indices (CPIs, HICPs), COICOP 1999",I,SWE,Sweden,A,Annual,N,National,CPI,Consumer price index,PA,Percent per annum,_T,Total,N,Neither seasonally adjusted nor calendar adjusted,GY,"Growth rate, over 1 year",2024,,2.835817,,A,Normal value,,,,,,,2,Two
DATAFLOW,OECD.SDD.TPS:DSD_PRICES@DF_PRICES_ALL(1.0),"Consumer price indices (CPIs, HICPs), COICOP 1999",I,SWE,Sweden,A,Annual,N,National,CPI,Consumer price index,PA,Percent per annum,_T,Total,N,Neither seasonally adjusted nor calendar adjusted,GY,"Growth rate, over 1 year",2025,,0.6798693,,A,Normal value,,,,,,,2,Two
DATAFLOW,OECD.SDD.TPS:DSD_PRICES@DF_PRICES_ALL(1.0),"Consumer price indices (CPIs, HICPs), COICOP 1999",I,CHE,Switzerland,A,Annual,N,National,CPI,Consumer price index,PA,Percent per annum,_T,Total,N,Neither seasonally adjusted nor calendar adjusted,GY,"Growth rate, over 1 year",1988,,1.872469,,A,Normal value,,,,,,,2,Two
DATAFLOW,OECD.SDD.TPS:DSD_PRICES@DF_PRICES_ALL(1.0),"Consumer price indices (CPIs, HICPs), COICOP 1999",I,CHE,Switzerland,A,Annual,N,National,CPI,Consumer price index,PA,Percent per annum,_T,Total,N,Neither seasonally adjusted nor calendar adjusted,GY,"Growth rate, over 1 year",1989,,3.15527,,A,Normal value,,,,,,,2,Two
DATAFLOW,OECD.SDD.TPS:DSD_PRICES@DF_PRICES_ALL(1.0),"Consumer price indices (CPIs, HICPs), COICOP 1999",I,CHE,Switzerland,A,Annual,N,National,CPI,Consumer price index,PA,Percent per annum,_T,Total,N,Neither seasonally adjusted nor calendar adjusted,GY,"Growth rate, over 1 year",1990,,5.403959,,A,Normal value,,,,,,,2,Two
DATAFLOW,OECD.SDD.TPS:DSD_PRICES@DF_PRICES_ALL(1.0),"Consumer price indices (CPIs, HICPs), COICOP 1999",I,CHE,Switzerland,A,Annual,N,National,CPI,Consumer price index,PA,Percent per annum,_T,Total,N,Neither seasonally adjusted nor calendar adjusted,GY,"Growth rate, over 1 year",1991,,5.859597,,A,Normal value,,,,,,,2,Two
DATAFLOW,OECD.SDD.TPS:DSD_PRICES@DF_PRICES_ALL(1.0),"Consumer price indices (CPIs, HICPs), COICOP 1999",I,CHE,Switzerland,A,Annual,N,National,CPI,Consumer price index,PA,Percent per annum,_T,Total,N,Neither seasonally adjusted nor calendar adjusted,GY,"Growth rate, over 1 year",1992,,4.03703,,A,Normal value,,,,,,,2,Two
DATAFLOW,OECD.SDD.TPS:DSD_PRICES@DF_PRICES_ALL(1.0),"Consumer price indices (CPIs, HICPs), COICOP 1999",I,CHE,Switzerland,A,Annual,N,National,CPI,Consumer price index,PA,Percent per annum,_T,Total,N,Neither seasonally adjusted nor calendar adjusted,GY,"Growth rate, over 1 year",1993,,3.292622,,A,Normal value,,,,,,,2,Two
DATAFLOW,OECD.SDD.TPS:DSD_PRICES@DF_PRICES_ALL(1.0),"Consumer price indices (CPIs, HICPs), COICOP 1999",I,CHE,Switzerland,A,Annual,N,National,CPI,Consumer price index,PA,Percent per annum,_T,Total,N,Neither seasonally adjusted nor calendar adjusted,GY,"Growth rate, over 1 year",1994,,0.852117,,A,Normal value,,,,,,,2,Two
DATAFLOW,OECD.SDD.TPS:DSD_PRICES@DF_PRICES_ALL(1.0),"Consumer price indices (CPIs, HICPs), COICOP 1999",I,CHE,Switzerland,A,Annual,N,National,CPI,Consumer price index,PA,Percent per annum,_T,Total,N,Neither seasonally adjusted nor calendar adjusted,GY,"Growth rate, over 1 year",1995,,1.799828,,A,Normal value,,,,,,,2,Two
DATAFLOW,OECD.SDD.TPS:DSD_PRICES@DF_PRICES_ALL(1.0),"Consumer price indices (CPIs, HICPs), COICOP 1999",I,CHE,Switzerland,A,Annual,N,National,CPI,Consumer price index,PA,Percent per annum,_T,Total,N,Neither seasonally adjusted nor calendar adjusted,GY,"Growth rate, over 1 year",1996,,0.8116341,,A,Normal value,,,,,,,2,Two
DATAFLOW,OECD.SDD.TPS:DSD_PRICES@DF_PRICES_ALL(1.0),"Consumer price indices (CPIs, HICPs), COICOP 1999",I,CHE,Switzerland,A,Annual,N,National,CPI,Consumer price index,PA,Percent per annum,_T,Total,N,Neither seasonally adjusted nor calendar adjusted,GY,"Growth rate, over 1 year",1997,,0.5202254,,A,Normal value,,,,,,,2,Two
DATAFLOW,OECD.SDD.TPS:DSD_PRICES@DF_PRICES_ALL(1.0),"Consumer price indices (CPIs, HICPs), COICOP 1999",I,CHE,Switzerland,A,Annual,N,National,CPI,Consumer price index,PA,Percent per annum,_T,Total,N,Neither seasonally adjusted nor calendar adjusted,GY,"Growth rate, over 1 year",1998,,0.01793844,,A,Normal value,,,,,,,2,Two
DATAFLOW,OECD.SDD.TPS:DSD_PRICES@DF_PRICES_ALL(1.0),"Consumer price indices (CPIs, HICPs), COICOP 1999",I,CHE,Switzerland,A,Annual,N,National,CPI,Consumer price index,PA,Percent per annum,_T,Total,N,Neither seasonally adjusted nor calendar adjusted,GY,"Growth rate, over 1 year",1999,,0.8064444,,A,Normal value,,,,,,,2,Two
DATAFLOW,OECD.SDD.TPS:DSD_PRICES@DF_PRICES_ALL(1.0),"Consumer price indices (CPIs, HICPs), COICOP 1999",I,CHE,Switzerland,A,Annual,N,National,CPI,Consumer price index,PA,Percent per annum,_T,Total,N,Neither seasonally adjusted nor calendar adjusted,GY,"Growth rate, over 1 year",2000,,1.558529,,A,Normal value,,,,,,,2,Two
DATAFLOW,OECD.SDD.TPS:DSD_PRICES@DF_PRICES_ALL(1.0),"Consumer price indices (CPIs, HICPs), COICOP 1999",I,CHE,Switzerland,A,Annual,N,National,CPI,Consumer price index,PA,Percent per annum,_T,Total,N,Neither seasonally adjusted nor calendar adjusted,GY,"Growth rate, over 1 year",2001,,0.9890203,,A,Normal value,,,,,,,2,Two
DATAFLOW,OECD.SDD.TPS:DSD_PRICES@DF_PRICES_ALL(1.0),"Consumer price indices (CPIs, HICPs), COICOP 1999",I,CHE,Switzerland,A,Annual,N,National,CPI,Consumer price index,PA,Percent per annum,_T,Total,N,Neither seasonally adjusted nor calendar adjusted,GY,"Growth rate, over 1 year",2002,,0.6427115,,A,Normal value,,,,,,,2,Two
DATAFLOW,OECD.SDD.TPS:DSD_PRICES@DF_PRICES_ALL(1.0),"Consumer price indices (CPIs, HICPs), COICOP 1999",I,CHE,Switzerland,A,Annual,N,National,CPI,Consumer price index,PA,Percent per annum,_T,Total,N,Neither seasonally adjusted nor calendar adjusted,GY,"Growth rate, over 1 year",2003,,0.6382729,,A,Normal value,,,,,,,2,Two
DATAFLOW,OECD.SDD.TPS:DSD_PRICES@DF_PRICES_ALL(1.0),"Consumer price indices (CPIs, HICPs), COICOP 1999",I,CHE,Switzerland,A,Annual,N,National,CPI,Consumer price index,PA,Percent per annum,_T,Total,N,Neither seasonally adjusted nor calendar adjusted,GY,"Growth rate, over 1 year",2004,,0.8029087,,A,Normal value,,,,,,,2,Two
DATAFLOW,OECD.SDD.TPS:DSD_PRICES@DF_PRICES_ALL(1.0),"Consumer price indices (CPIs, HICPs), COICOP 1999",I,CHE,Switzerland,A,Annual,N,National,CPI,Consumer price index,PA,Percent per annum,_T,Total,N,Neither seasonally adjusted nor calendar adjusted,GY,"Growth rate, over 1 year",2005,,1.171954,,A,Normal value,,,,,,,2,Two
DATAFLOW,OECD.SDD.TPS:DSD_PRICES@DF_PRICES_ALL(1.0),"Consumer price indices (CPIs, HICPs), COICOP 1999",I,CHE,Switzerland,A,Annual,N,National,CPI,Consumer price index,PA,Percent per annum,_T,Total,N,Neither seasonally adjusted nor calendar adjusted,GY,"Growth rate, over 1 year",2006,,1.059509,,A,Normal value,,,,,,,2,Two
DATAFLOW,OECD.SDD.TPS:DSD_PRICES@DF_PRICES_ALL(1.0),"Consumer price indices (CPIs, HICPs), COICOP 1999",I,CHE,Switzerland,A,Annual,N,National,CPI,Consumer price index,PA,Percent per annum,_T,Total,N,Neither seasonally adjusted nor calendar adjusted,GY,"Growth rate, over 1 year",2007,,0.7323506,,A,Normal value,,,,,,,2,Two
DATAFLOW,OECD.SDD.TPS:DSD_PRICES@DF_PRICES_ALL(1.0),"Consumer price indices (CPIs, HICPs), COICOP 1999",I,CHE,Switzerland,A,Annual,N,National,CPI,Consumer price index,PA,Percent per annum,_T,Total,N,Neither seasonally adjusted nor calendar adjusted,GY,"Growth rate, over 1 year",2008,,2.426041,,A,Normal value,,,,,,,2,Two
DATAFLOW,OECD.SDD.TPS:DSD_PRICES@DF_PRICES_ALL(1.0),"Consumer price indices (CPIs, HICPs), COICOP 1999",I,CHE,Switzerland,A,Annual,N,National,CPI,Consumer price index,PA,Percent per annum,_T,Total,N,Neither seasonally adjusted nor calendar adjusted,GY,"Growth rate, over 1 year",2009,,-0.4804819,,A,Normal value,,,,,,,2,Two
DATAFLOW,OECD.SDD.TPS:DSD_PRICES@DF_PRICES_ALL(1.0),"Consumer price indices (CPIs, HICPs), COICOP 1999",I,CHE,Switzerland,A,Annual,N,National,CPI,Consumer price index,PA,Percent per annum,_T,Total,N,Neither seasonally adjusted nor calendar adjusted,GY,"Growth rate, over 1 year",2010,,0.6882387,,A,Normal value,,,,,,,2,Two
DATAFLOW,OECD.SDD.TPS:DSD_PRICES@DF_PRICES_ALL(1.0),"Consumer price indices (CPIs, HICPs), COICOP 1999",I,CHE,Switzerland,A,Annual,N,National,CPI,Consumer price index,PA,Percent per annum,_T,Total,N,Neither seasonally adjusted nor calendar adjusted,GY,"Growth rate, over 1 year",2011,,0.2313492,,A,Normal value,,,,,,,2,Two
DATAFLOW,OECD.SDD.TPS:DSD_PRICES@DF_PRICES_ALL(1.0),"Consumer price indices (CPIs, HICPs), COICOP 1999",I,CHE,Switzerland,A,Annual,N,National,CPI,Consumer price index,PA,Percent per annum,_T,Total,N,Neither seasonally adjusted nor calendar adjusted,GY,"Growth rate, over 1 year",2012,,-0.692552,,A,Normal value,,,,,,,2,Two
DATAFLOW,OECD.SDD.TPS:DSD_PRICES@DF_PRICES_ALL(1.0),"Consumer price indices (CPIs, HICPs), COICOP 1999",I,CHE,Switzerland,A,Annual,N,National,CPI,Consumer price index,PA,Percent per annum,_T,Total,N,Neither seasonally adjusted nor calendar adjusted,GY,"Growth rate, over 1 year",2013,,-0.2173232,,A,Normal value,,,,,,,2,Two
DATAFLOW,OECD.SDD.TPS:DSD_PRICES@DF_PRICES_ALL(1.0),"Consumer price indices (CPIs, HICPs), COICOP 1999",I,CHE,Switzerland,A,Annual,N,National,CPI,Consumer price index,PA,Percent per annum,_T,Total,N,Neither seasonally adjusted nor calendar adjusted,GY,"Growth rate, over 1 year",2014,,-0.01320254,,A,Normal value,,,,,,,2,Two
DATAFLOW,OECD.SDD.TPS:DSD_PRICES@DF_PRICES_ALL(1.0),"Consumer price indices (CPIs, HICPs), COICOP 1999",I,CHE,Switzerland,A,Annual,N,National,CPI,Consumer price index,PA,Percent per annum,_T,Total,N,Neither seasonally adjusted nor calendar adjusted,GY,"Growth rate, over 1 year",2015,,-1.143909,,A,Normal value,,,,,,,2,Two
DATAFLOW,OECD.SDD.TPS:DSD_PRICES@DF_PRICES_ALL(1.0),"Consumer price indices (CPIs, HICPs), COICOP 1999",I,CHE,Switzerland,A,Annual,N,National,CPI,Consumer price index,PA,Percent per annum,_T,Total,N,Neither seasonally adjusted nor calendar adjusted,GY,"Growth rate, over 1 year",2016,,-0.4346187,,A,Normal value,,,,,,,2,Two
DATAFLOW,OECD.SDD.TPS:DSD_PRICES@DF_PRICES_ALL(1.0),"Consumer price indices (CPIs, HICPs), COICOP 1999",I,CHE,Switzerland,A,Annual,N,National,CPI,Consumer price index,PA,Percent per annum,_T,Total,N,Neither seasonally adjusted nor calendar adjusted,GY,"Growth rate, over 1 year",2017,,0.5337878,,A,Normal value,,,,,,,2,Two
DATAFLOW,OECD.SDD.TPS:DSD_PRICES@DF_PRICES_ALL(1.0),"Consumer price indices (CPIs, HICPs), COICOP 1999",I,CHE,Switzerland,A,Annual,N,National,CPI,Consumer price index,PA,Percent per annum,_T,Total,N,Neither seasonally adjusted nor calendar adjusted,GY,"Growth rate, over 1 year",2018,,0.9363354,,A,Normal value,,,,,,,2,Two
DATAFLOW,OECD.SDD.TPS:DSD_PRICES@DF_PRICES_ALL(1.0),"Consumer price indices (CPIs, HICPs), COICOP 1999",I,CHE,Switzerland,A,Annual,N,National,CPI,Consumer price index,PA,Percent per annum,_T,Total,N,Neither seasonally adjusted nor calendar adjusted,GY,"Growth rate, over 1 year",2019,,0.3628862,,A,Normal value,,,,,,,2,Two
DATAFLOW,OECD.SDD.TPS:DSD_PRICES@DF_PRICES_ALL(1.0),"Consumer price indices (CPIs, HICPs), COICOP 1999",I,CHE,Switzerland,A,Annual,N,National,CPI,Consumer price index,PA,Percent per annum,_T,Total,N,Neither seasonally adjusted nor calendar adjusted,GY,"Growth rate, over 1 year",2020,,-0.725875,,A,Normal value,,,,,,,2,Two
DATAFLOW,OECD.SDD.TPS:DSD_PRICES@DF_PRICES_ALL(1.0),"Consumer price indices (CPIs, HICPs), COICOP 1999",I,CHE,Switzerland,A,Annual,N,National,CPI,Consumer price index,PA,Percent per annum,_T,Total,N,Neither seasonally adjusted nor calendar adjusted,GY,"Growth rate, over 1 year",2021,,0.5818142,,A,Normal value,,,,,,,2,Two
DATAFLOW,OECD.SDD.TPS:DSD_PRICES@DF_PRICES_ALL(1.0),"Consumer price indices (CPIs, HICPs), COICOP 1999",I,CHE,Switzerland,A,Annual,N,National,CPI,Consumer price index,PA,Percent per annum,_T,Total,N,Neither seasonally adjusted nor calendar adjusted,GY,"Growth rate, over 1 year",2022,,2.835028,,A,Normal value,,,,,,,2,Two
DATAFLOW,OECD.SDD.TPS:DSD_PRICES@DF_PRICES_ALL(1.0),"Consumer price indices (CPIs, HICPs), COICOP 1999",I,CHE,Switzerland,A,Annual,N,National,CPI,Consumer price index,PA,Percent per annum,_T,Total,N,Neither seasonally adjusted nor calendar adjusted,GY,"Growth rate, over 1 year",2023,,2.135401,,A,Normal value,,,,,,,2,Two
DATAFLOW,OECD.SDD.TPS:DSD_PRICES@DF_PRICES_ALL(1.0),"Consumer price indices (CPIs, HICPs), COICOP 1999",I,CHE,Switzerland,A,Annual,N,National,CPI,Consumer price index,PA,Percent per annum,_T,Total,N,Neither seasonally adjusted nor calendar adjusted,GY,"Growth rate, over 1 year",2024,,1.06234,,A,Normal value,,,,,,,2,Two
DATAFLOW,OECD.SDD.TPS:DSD_PRICES@DF_PRICES_ALL(1.0),"Consumer price indices (CPIs, HICPs), COICOP 1999",I,CHE,Switzerland,A,Annual,N,National,CPI,Consumer price index,PA,Percent per annum,_T,Total,N,Neither seasonally adjusted nor calendar adjusted,GY,"Growth rate, over 1 year",2025,,0.154377,,A,Normal value,,,,,,,2,Two
DATAFLOW,OECD.SDD.TPS:DSD_PRICES@DF_PRICES_ALL(1.0),"Consumer price indices (CPIs, HICPs), COICOP 1999",I,NOR,Norway,A,Annual,N,National,CPI,Consumer price index,PA,Percent per annum,_T,Total,N,Neither seasonally adjusted nor calendar adjusted,GY,"Growth rate, over 1 year",1988,,6.676366,,A,Normal value,,,,,,,2,Two
DATAFLOW,OECD.SDD.TPS:DSD_PRICES@DF_PRICES_ALL(1.0),"Consumer price indices (CPIs, HICPs), COICOP 1999",I,NOR,Norway,A,Annual,N,National,CPI,Consumer price index,PA,Percent per annum,_T,Total,N,Neither seasonally adjusted nor calendar adjusted,GY,"Growth rate, over 1 year",1989,,4.546144,,A,Normal value,,,,,,,2,Two
DATAFLOW,OECD.SDD.TPS:DSD_PRICES@DF_PRICES_ALL(1.0),"Consumer price indices (CPIs, HICPs), COICOP 1999",I,NOR,Norway,A,Annual,N,National,CPI,Consumer price index,PA,Percent per annum,_T,Total,N,Neither seasonally adjusted nor calendar adjusted,GY,"Growth rate, over 1 year",1990,,4.131033,,A,Normal value,,,,,,,2,Two
DATAFLOW,OECD.SDD.TPS:DSD_PRICES@DF_PRICES_ALL(1.0),"Consumer price indices (CPIs, HICPs), COICOP 1999",I,NOR,Norway,A,Annual,N,National,CPI,Consumer price index,PA,Percent per annum,_T,Total,N,Neither seasonally adjusted nor calendar adjusted,GY,"Growth rate, over 1 year",1991,,3.438196,,A,Normal value,,,,,,,2,Two
DATAFLOW,OECD.SDD.TPS:DSD_PRICES@DF_PRICES_ALL(1.0),"Consumer price indices (CPIs, HICPs), COICOP 1999",I,NOR,Norway,A,Annual,N,National,CPI,Consumer price index,PA,Percent per annum,_T,Total,N,Neither seasonally adjusted nor calendar adjusted,GY,"Growth rate, over 1 year",1992,,2.328085,,A,Normal value,,,,,,,2,Two
DATAFLOW,OECD.SDD.TPS:DSD_PRICES@DF_PRICES_ALL(1.0),"Consumer price indices (CPIs, HICPs), COICOP 1999",I,NOR,Norway,A,Annual,N,National,CPI,Consumer price index,PA,Percent per annum,_T,Total,N,Neither seasonally adjusted nor calendar adjusted,GY,"Growth rate, over 1 year",1993,,2.288269,,A,Normal value,,,,,,,2,Two
DATAFLOW,OECD.SDD.TPS:DSD_PRICES@DF_PRICES_ALL(1.0),"Consumer price indices (CPIs, HICPs), COICOP 1999",I,NOR,Norway,A,Annual,N,National,CPI,Consumer price index,PA,Percent per annum,_T,Total,N,Neither seasonally adjusted nor calendar adjusted,GY,"Growth rate, over 1 year",1994,,1.375675,,A,Normal value,,,,,,,2,Two
DATAFLOW,OECD.SDD.TPS:DSD_PRICES@DF_PRICES_ALL(1.0),"Consumer price indices (CPIs, HICPs), COICOP 1999",I,NOR,Norway,A,Annual,N,National,CPI,Consumer price index,PA,Percent per annum,_T,Total,N,Neither seasonally adjusted nor calendar adjusted,GY,"Growth rate, over 1 year",1995,,2.460368,,A,Normal value,,,,,,,2,Two
DATAFLOW,OECD.SDD.TPS:DSD_PRICES@DF_PRICES_ALL(1.0),"Consumer price indices (CPIs, HICPs), COICOP 1999",I,NOR,Norway,A,Annual,N,National,CPI,Consumer price index,PA,Percent per annum,_T,Total,N,Neither seasonally adjusted nor calendar adjusted,GY,"Growth rate, over 1 year",1996,,1.262532,,A,Normal value,,,,,,,2,Two
DATAFLOW,OECD.SDD.TPS:DSD_PRICES@DF_PRICES_ALL(1.0),"Consumer price indices (CPIs, HICPs), COICOP 1999",I,NOR,Norway,A,Annual,N,National,CPI,Consumer price index,PA,Percent per annum,_T,Total,N,Neither seasonally adjusted nor calendar adjusted,GY,"Growth rate, over 1 year",1997,,2.566923,,A,Normal value,,,,,,,2,Two
DATAFLOW,OECD.SDD.TPS:DSD_PRICES@DF_PRICES_ALL(1.0),"Consumer price indices (CPIs, HICPs), COICOP 1999",I,NOR,Norway,A,Annual,N,National,CPI,Consumer price index,PA,Percent per annum,_T,Total,N,Neither seasonally adjusted nor calendar adjusted,GY,"Growth rate, over 1 year",1998,,2.252413,,A,Normal value,,,,,,,2,Two
DATAFLOW,OECD.SDD.TPS:DSD_PRICES@DF_PRICES_ALL(1.0),"Consumer price indices (CPIs, HICPs), COICOP 1999",I,NOR,Norway,A,Annual,N,National,CPI,Consumer price index,PA,Percent per annum,_T,Total,N,Neither seasonally adjusted nor calendar adjusted,GY,"Growth rate, over 1 year",1999,,2.365967,,A,Normal value,,,,,,,2,Two
DATAFLOW,OECD.SDD.TPS:DSD_PRICES@DF_PRICES_ALL(1.0),"Consumer price indices (CPIs, HICPs), COICOP 1999",I,NOR,Norway,A,Annual,N,National,CPI,Consumer price index,PA,Percent per annum,_T,Total,N,Neither seasonally adjusted nor calendar adjusted,GY,"Growth rate, over 1 year",2000,,3.085506,,A,Normal value,,,,,,,2,Two
DATAFLOW,OECD.SDD.TPS:DSD_PRICES@DF_PRICES_ALL(1.0),"Consumer price indices (CPIs, HICPs), COICOP 1999",I,NOR,Norway,A,Annual,N,National,CPI,Consumer price index,PA,Percent per annum,_T,Total,N,Neither seasonally adjusted nor calendar adjusted,GY,"Growth rate, over 1 year",2001,,3.004197,,A,Normal value,,,,,,,2,Two
DATAFLOW,OECD.SDD.TPS:DSD_PRICES@DF_PRICES_ALL(1.0),"Consumer price indices (CPIs, HICPs), COICOP 1999",I,NOR,Norway,A,Annual,N,National,CPI,Consumer price index,PA,Percent per annum,_T,Total,N,Neither seasonally adjusted nor calendar adjusted,GY,"Growth rate, over 1 year",2002,,1.286725,,A,Normal value,,,,,,,2,Two
DATAFLOW,OECD.SDD.TPS:DSD_PRICES@DF_PRICES_ALL(1.0),"Consumer price indices (CPIs, HICPs), COICOP 1999",I,NOR,Norway,A,Annual,N,National,CPI,Consumer price index,PA,Percent per annum,_T,Total,N,Neither seasonally adjusted nor calendar adjusted,GY,"Growth rate, over 1 year",2003,,2.487826,,A,Normal value,,,,,,,2,Two
DATAFLOW,OECD.SDD.TPS:DSD_PRICES@DF_PRICES_ALL(1.0),"Consumer price indices (CPIs, HICPs), COICOP 1999",I,NOR,Norway,A,Annual,N,National,CPI,Consumer price index,PA,Percent per annum,_T,Total,N,Neither seasonally adjusted nor calendar adjusted,GY,"Growth rate, over 1 year",2004,,0.4544985,,A,Normal value,,,,,,,2,Two
DATAFLOW,OECD.SDD.TPS:DSD_PRICES@DF_PRICES_ALL(1.0),"Consumer price indices (CPIs, HICPs), COICOP 1999",I,NOR,Norway,A,Annual,N,National,CPI,Consumer price index,PA,Percent per annum,_T,Total,N,Neither seasonally adjusted nor calendar adjusted,GY,"Growth rate, over 1 year",2005,,1.532134,,A,Normal value,,,,,,,2,Two
DATAFLOW,OECD.SDD.TPS:DSD_PRICES@DF_PRICES_ALL(1.0),"Consumer price indices (CPIs, HICPs), COICOP 1999",I,NOR,Norway,A,Annual,N,National,CPI,Consumer price index,PA,Percent per annum,_T,Total,N,Neither seasonally adjusted nor calendar adjusted,GY,"Growth rate, over 1 year",2006,,2.32935,,A,Normal value,,,,,,,2,Two
DATAFLOW,OECD.SDD.TPS:DSD_PRICES@DF_PRICES_ALL(1.0),"Consumer price indices (CPIs, HICPs), COICOP 1999",I,NOR,Norway,A,Annual,N,National,CPI,Consumer price index,PA,Percent per annum,_T,Total,N,Neither seasonally adjusted nor calendar adjusted,GY,"Growth rate, over 1 year",2007,,0.7125891,,A,Normal value,,,,,,,2,Two
DATAFLOW,OECD.SDD.TPS:DSD_PRICES@DF_PRICES_ALL(1.0),"Consumer price indices (CPIs, HICPs), COICOP 1999",I,NOR,Norway,A,Annual,N,National,CPI,Consumer price index,PA,Percent per annum,_T,Total,N,Neither seasonally adjusted nor calendar adjusted,GY,"Growth rate, over 1 year",2008,,3.753931,,A,Normal value,,,,,,,2,Two
DATAFLOW,OECD.SDD.TPS:DSD_PRICES@DF_PRICES_ALL(1.0),"Consumer price indices (CPIs, HICPs), COICOP 1999",I,NOR,Norway,A,Annual,N,National,CPI,Consumer price index,PA,Percent per annum,_T,Total,N,Neither seasonally adjusted nor calendar adjusted,GY,"Growth rate, over 1 year",2009,,2.197386,,A,Normal value,,,,,,,2,Two
DATAFLOW,OECD.SDD.TPS:DSD_PRICES@DF_PRICES_ALL(1.0),"Consumer price indices (CPIs, HICPs), COICOP 1999",I,NOR,Norway,A,Annual,N,National,CPI,Consumer price index,PA,Percent per annum,_T,Total,N,Neither seasonally adjusted nor calendar adjusted,GY,"Growth rate, over 1 year",2010,,2.418906,,A,Normal value,,,,,,,2,Two
DATAFLOW,OECD.SDD.TPS:DSD_PRICES@DF_PRICES_ALL(1.0),"Consumer price indices (CPIs, HICPs), COICOP 1999",I,NOR,Norway,A,Annual,N,National,CPI,Consumer price index,PA,Percent per annum,_T,Total,N,Neither seasonally adjusted nor calendar adjusted,GY,"Growth rate, over 1 year",2011,,1.284952,,A,Normal value,,,,,,,2,Two
DATAFLOW,OECD.SDD.TPS:DSD_PRICES@DF_PRICES_ALL(1.0),"Consumer price indices (CPIs, HICPs), COICOP 1999",I,NOR,Norway,A,Annual,N,National,CPI,Consumer price index,PA,Percent per annum,_T,Total,N,Neither seasonally adjusted nor calendar adjusted,GY,"Growth rate, over 1 year",2012,,0.6968641,,A,Normal value,,,,,,,2,Two
DATAFLOW,OECD.SDD.TPS:DSD_PRICES@DF_PRICES_ALL(1.0),"Consumer price indices (CPIs, HICPs), COICOP 1999",I,NOR,Norway,A,Annual,N,National,CPI,Consumer price index,PA,Percent per annum,_T,Total,N,Neither seasonally adjusted nor calendar adjusted,GY,"Growth rate, over 1 year",2013,,2.120486,,A,Normal value,,,,,,,2,Two
DATAFLOW,OECD.SDD.TPS:DSD_PRICES@DF_PRICES_ALL(1.0),"Consumer price indices (CPIs, HICPs), COICOP 1999",I,NOR,Norway,A,Annual,N,National,CPI,Consumer price index,PA,Percent per annum,_T,Total,N,Neither seasonally adjusted nor calendar adjusted,GY,"Growth rate, over 1 year",2014,,2.041703,,A,Normal value,,,,,,,2,Two
DATAFLOW,OECD.SDD.TPS:DSD_PRICES@DF_PRICES_ALL(1.0),"Consumer price indices (CPIs, HICPs), COICOP 1999",I,NOR,Norway,A,Annual,N,National,CPI,Consumer price index,PA,Percent per annum,_T,Total,N,Neither seasonally adjusted nor calendar adjusted,GY,"Growth rate, over 1 year",2015,,2.171137,,A,Normal value,,,,,,,2,Two
DATAFLOW,OECD.SDD.TPS:DSD_PRICES@DF_PRICES_ALL(1.0),"Consumer price indices (CPIs, HICPs), COICOP 1999",I,NOR,Norway,A,Annual,N,National,CPI,Consumer price index,PA,Percent per annum,_T,Total,N,Neither seasonally adjusted nor calendar adjusted,GY,"Growth rate, over 1 year",2016,,3.55,,A,Normal value,,,,,,,2,Two
DATAFLOW,OECD.SDD.TPS:DSD_PRICES@DF_PRICES_ALL(1.0),"Consumer price indices (CPIs, HICPs), COICOP 1999",I,NOR,Norway,A,Annual,N,National,CPI,Consumer price index,PA,Percent per annum,_T,Total,N,Neither seasonally adjusted nor calendar adjusted,GY,"Growth rate, over 1 year",2017,,1.875101,,A,Normal value,,,,,,,2,Two
DATAFLOW,OECD.SDD.TPS:DSD_PRICES@DF_PRICES_ALL(1.0),"Consumer price indices (CPIs, HICPs), COICOP 1999",I,NOR,Norway,A,Annual,N,National,CPI,Consumer price index,PA,Percent per annum,_T,Total,N,Neither seasonally adjusted nor calendar adjusted,GY,"Growth rate, over 1 year",2018,,2.764831,,A,Normal value,,,,,,,2,Two
DATAFLOW,OECD.SDD.TPS:DSD_PRICES@DF_PRICES_ALL(1.0),"Consumer price indices (CPIs, HICPs), COICOP 1999",I,NOR,Norway,A,Annual,N,National,CPI,Consumer price index,PA,Percent per annum,_T,Total,N,Neither seasonally adjusted nor calendar adjusted,GY,"Growth rate, over 1 year",2019,,2.16773,,A,Normal value,,,,,,,2,Two
DATAFLOW,OECD.SDD.TPS:DSD_PRICES@DF_PRICES_ALL(1.0),"Consumer price indices (CPIs, HICPs), COICOP 1999",I,NOR,Norway,A,Annual,N,National,CPI,Consumer price index,PA,Percent per annum,_T,Total,N,Neither seasonally adjusted nor calendar adjusted,GY,"Growth rate, over 1 year",2020,,1.286585,,A,Normal value,,,,,,,2,Two
DATAFLOW,OECD.SDD.TPS:DSD_PRICES@DF_PRICES_ALL(1.0),"Consumer price indices (CPIs, HICPs), COICOP 1999",I,NOR,Norway,A,Annual,N,National,CPI,Consumer price index,PA,Percent per annum,_T,Total,N,Neither seasonally adjusted nor calendar adjusted,GY,"Growth rate, over 1 year",2021,,3.483881,,A,Normal value,,,,,,,2,Two
DATAFLOW,OECD.SDD.TPS:DSD_PRICES@DF_PRICES_ALL(1.0),"Consumer price indices (CPIs, HICPs), COICOP 1999",I,NOR,Norway,A,Annual,N,National,CPI,Consumer price index,PA,Percent per annum,_T,Total,N,Neither seasonally adjusted nor calendar adjusted,GY,"Growth rate, over 1 year",2022,,5.764123,,A,Normal value,,,,,,,2,Two
DATAFLOW,OECD.SDD.TPS:DSD_PRICES@DF_PRICES_ALL(1.0),"Consumer price indices (CPIs, HICPs), COICOP 1999",I,NOR,Norway,A,Annual,N,National,CPI,Consumer price index,PA,Percent per annum,_T,Total,N,Neither seasonally adjusted nor calendar adjusted,GY,"Growth rate, over 1 year",2023,,5.51785,,A,Normal value,,,,,,,2,Two
DATAFLOW,OECD.SDD.TPS:DSD_PRICES@DF_PRICES_ALL(1.0),"Consumer price indices (CPIs, HICPs), COICOP 1999",I,NOR,Norway,A,Annual,N,National,CPI,Consumer price index,PA,Percent per annum,_T,Total,N,Neither seasonally adjusted nor calendar adjusted,GY,"Growth rate, over 1 year",2024,,3.145301,,A,Normal value,,,,,,,2,Two
DATAFLOW,OECD.SDD.TPS:DSD_PRICES@DF_PRICES_ALL(1.0),"Consumer price indices (CPIs, HICPs), COICOP 1999",I,NOR,Norway,A,Annual,N,National,CPI,Consumer price index,PA,Percent per annum,_T,Total,N,Neither seasonally adjusted nor calendar adjusted,GY,"Growth rate, over 1 year",2025,,3.055625,,A,Normal value,,,,,,,2,Two
DATAFLOW,OECD.SDD.TPS:DSD_PRICES@DF_PRICES_ALL(1.0),"Consumer price indices (CPIs, HICPs), COICOP 1999",I,NZL,New Zealand,A,Annual,N,National,CPI,Consumer price index,PA,Percent per annum,_T,Total,N,Neither seasonally adjusted nor calendar adjusted,GY,"Growth rate, over 1 year",1988,,6.375257,,A,Normal value,,,,,,,2,Two
DATAFLOW,OECD.SDD.TPS:DSD_PRICES@DF_PRICES_ALL(1.0),"Consumer price indices (CPIs, HICPs), COICOP 1999",I,NZL,New Zealand,A,Annual,N,National,CPI,Consumer price index,PA,Percent per annum,_T,Total,N,Neither seasonally adjusted nor calendar adjusted,GY,"Growth rate, over 1 year",1989,,5.715991,,A,Normal value,,,,,,,2,Two
DATAFLOW,OECD.SDD.TPS:DSD_PRICES@DF_PRICES_ALL(1.0),"Consumer price indices (CPIs, HICPs), COICOP 1999",I,NZL,New Zealand,A,Annual,N,National,CPI,Consumer price index,PA,Percent per annum,_T,Total,N,Neither seasonally adjusted nor calendar adjusted,GY,"Growth rate, over 1 year",1990,,6.098439,,A,Normal value,,,,,,,2,Two
DATAFLOW,OECD.SDD.TPS:DSD_PRICES@DF_PRICES_ALL(1.0),"Consumer price indices (CPIs, HICPs), COICOP 1999",I,NZL,New Zealand,A,Annual,N,National,CPI,Consumer price index,PA,Percent per annum,_T,Total,N,Neither seasonally adjusted nor calendar adjusted,GY,"Growth rate, over 1 year",1991,,2.602399,,A,Normal value,,,,,,,2,Two
DATAFLOW,OECD.SDD.TPS:DSD_PRICES@DF_PRICES_ALL(1.0),"Consumer price indices (CPIs, HICPs), COICOP 1999",I,NZL,New Zealand,A,Annual,N,National,CPI,Consumer price index,PA,Percent per annum,_T,Total,N,Neither seasonally adjusted nor calendar adjusted,GY,"Growth rate, over 1 year",1992,,1.014557,,A,Normal value,,,,,,,2,Two
DATAFLOW,OECD.SDD.TPS:DSD_PRICES@DF_PRICES_ALL(1.0),"Consumer price indices (CPIs, HICPs), COICOP 1999",I,NZL,New Zealand,A,Annual,N,National,CPI,Consumer price index,PA,Percent per annum,_T,Total,N,Neither seasonally adjusted nor calendar adjusted,GY,"Growth rate, over 1 year",1993,,1.28821,,A,Normal value,,,,,,,2,Two
DATAFLOW,OECD.SDD.TPS:DSD_PRICES@DF_PRICES_ALL(1.0),"Consumer price indices (CPIs, HICPs), COICOP 1999",I,NZL,New Zealand,A,Annual,N,National,CPI,Consumer price index,PA,Percent per annum,_T,Total,N,Neither seasonally adjusted nor calendar adjusted,GY,"Growth rate, over 1 year",1994,,1.745376,,A,Normal value,,,,,,,2,Two
DATAFLOW,OECD.SDD.TPS:DSD_PRICES@DF_PRICES_ALL(1.0),"Consumer price indices (CPIs, HICPs), COICOP 1999",I,NZL,New Zealand,A,Annual,N,National,CPI,Consumer price index,PA,Percent per annum,_T,Total,N,Neither seasonally adjusted nor calendar adjusted,GY,"Growth rate, over 1 year",1995,,3.754941,,A,Normal value,,,,,,,2,Two
DATAFLOW,OECD.SDD.TPS:DSD_PRICES@DF_PRICES_ALL(1.0),"Consumer price indices (CPIs, HICPs), COICOP 1999",I,NZL,New Zealand,A,Annual,N,National,CPI,Consumer price index,PA,Percent per annum,_T,Total,N,Neither seasonally adjusted nor calendar adjusted,GY,"Growth rate, over 1 year",1996,,2.285714,,A,Normal value,,,,,,,2,Two
DATAFLOW,OECD.SDD.TPS:DSD_PRICES@DF_PRICES_ALL(1.0),"Consumer price indices (CPIs, HICPs), COICOP 1999",I,NZL,New Zealand,A,Annual,N,National,CPI,Consumer price index,PA,Percent per annum,_T,Total,N,Neither seasonally adjusted nor calendar adjusted,GY,"Growth rate, over 1 year",1997,,1.187151,,A,Normal value,,,,,,,2,Two
DATAFLOW,OECD.SDD.TPS:DSD_PRICES@DF_PRICES_ALL(1.0),"Consumer price indices (CPIs, HICPs), COICOP 1999",I,NZL,New Zealand,A,Annual,N,National,CPI,Consumer price index,PA,Percent per annum,_T,Total,N,Neither seasonally adjusted nor calendar adjusted,GY,"Growth rate, over 1 year",1998,,1.26524,,A,Normal value,,,,,,,2,Two
DATAFLOW,OECD.SDD.TPS:DSD_PRICES@DF_PRICES_ALL(1.0),"Consumer price indices (CPIs, HICPs), COICOP 1999",I,NZL,New Zealand,A,Annual,N,National,CPI,Consumer price index,PA,Percent per annum,_T,Total,N,Neither seasonally adjusted nor calendar adjusted,GY,"Growth rate, over 1 year",1999,,-0.1142663,,A,Normal value,,,,,,,2,Two
DATAFLOW,OECD.SDD.TPS:DSD_PRICES@DF_PRICES_ALL(1.0),"Consumer price indices (CPIs, HICPs), COICOP 1999",I,NZL,New Zealand,A,Annual,N,National,CPI,Consumer price index,PA,Percent per annum,_T,Total,N,Neither seasonally adjusted nor calendar adjusted,GY,"Growth rate, over 1 year",2000,,2.615233,,A,Normal value,,,,,,,2,Two
DATAFLOW,OECD.SDD.TPS:DSD_PRICES@DF_PRICES_ALL(1.0),"Consumer price indices (CPIs, HICPs), COICOP 1999",I,NZL,New Zealand,A,Annual,N,National,CPI,Consumer price index,PA,Percent per annum,_T,Total,N,Neither seasonally adjusted nor calendar adjusted,GY,"Growth rate, over 1 year",2001,,2.625821,,A,Normal value,,,,,,,2,Two
DATAFLOW,OECD.SDD.TPS:DSD_PRICES@DF_PRICES_ALL(1.0),"Consumer price indices (CPIs, HICPs), COICOP 1999",I,NZL,New Zealand,A,Annual,N,National,CPI,Consumer price index,PA,Percent per annum,_T,Total,N,Neither seasonally adjusted nor calendar adjusted,GY,"Growth rate, over 1 year",2002,,2.677091,,A,Normal value,,,,,,,2,Two
DATAFLOW,OECD.SDD.TPS:DSD_PRICES@DF_PRICES_ALL(1.0),"Consumer price indices (CPIs, HICPs), COICOP 1999",I,NZL,New Zealand,A,Annual,N,National,CPI,Consumer price index,PA,Percent per annum,_T,Total,N,Neither seasonally adjusted nor calendar adjusted,GY,"Growth rate, over 1 year",2003,,1.753576,,A,Normal value,,,,,,,2,Two
DATAFLOW,OECD.SDD.TPS:DSD_PRICES@DF_PRICES_ALL(1.0),"Consumer price indices (CPIs, HICPs), COICOP 1999",I,NZL,New Zealand,A,Annual,N,National,CPI,Consumer price index,PA,Percent per annum,_T,Total,N,Neither seasonally adjusted nor calendar adjusted,GY,"Growth rate, over 1 year",2004,,2.290249,,A,Normal value,,,,,,,2,Two
DATAFLOW,OECD.SDD.TPS:DSD_PRICES@DF_PRICES_ALL(1.0),"Consumer price indices (CPIs, HICPs), COICOP 1999",I,NZL,New Zealand,A,Annual,N,National,CPI,Consumer price index,PA,Percent per annum,_T,Total,N,Neither seasonally adjusted nor calendar adjusted,GY,"Growth rate, over 1 year",2005,,3.037021,,A,Normal value,,,,,,,2,Two
DATAFLOW,OECD.SDD.TPS:DSD_PRICES@DF_PRICES_ALL(1.0),"Consumer price indices (CPIs, HICPs), COICOP 1999",I,NZL,New Zealand,A,Annual,N,National,CPI,Consumer price index,PA,Percent per annum,_T,Total,N,Neither seasonally adjusted nor calendar adjusted,GY,"Growth rate, over 1 year",2006,,3.365404,,A,Normal value,,,,,,,2,Two
DATAFLOW,OECD.SDD.TPS:DSD_PRICES@DF_PRICES_ALL(1.0),"Consumer price indices (CPIs, HICPs), COICOP 1999",I,NZL,New Zealand,A,Annual,N,National,CPI,Consumer price index,PA,Percent per annum,_T,Total,N,Neither seasonally adjusted nor calendar adjusted,GY,"Growth rate, over 1 year",2007,,2.376143,,A,Normal value,,,,,,,2,Two
DATAFLOW,OECD.SDD.TPS:DSD_PRICES@DF_PRICES_ALL(1.0),"Consumer price indices (CPIs, HICPs), COICOP 1999",I,NZL,New Zealand,A,Annual,N,National,CPI,Consumer price index,PA,Percent per annum,_T,Total,N,Neither seasonally adjusted nor calendar adjusted,GY,"Growth rate, over 1 year",2008,,3.958944,,A,Normal value,,,,,,,2,Two
DATAFLOW,OECD.SDD.TPS:DSD_PRICES@DF_PRICES_ALL(1.0),"Consumer price indices (CPIs, HICPs), COICOP 1999",I,NZL,New Zealand,A,Annual,N,National,CPI,Consumer price index,PA,Percent per annum,_T,Total,N,Neither seasonally adjusted nor calendar adjusted,GY,"Growth rate, over 1 year",2009,,2.115656,,A,Normal value,,,,,,,2,Two
DATAFLOW,OECD.SDD.TPS:DSD_PRICES@DF_PRICES_ALL(1.0),"Consumer price indices (CPIs, HICPs), COICOP 1999",I,NZL,New Zealand,A,Annual,N,National,CPI,Consumer price index,PA,Percent per annum,_T,Total,N,Neither seasonally adjusted nor calendar adjusted,GY,"Growth rate, over 1 year",2010,,2.302026,,A,Normal value,,,,,,,2,Two
DATAFLOW,OECD.SDD.TPS:DSD_PRICES@DF_PRICES_ALL(1.0),"Consumer price indices (CPIs, HICPs), COICOP 1999",I,NZL,New Zealand,A,Annual,N,National,CPI,Consumer price index,PA,Percent per annum,_T,Total,N,Neither seasonally adjusted nor calendar adjusted,GY,"Growth rate, over 1 year",2011,,4.027903,,A,Normal value,,,,,,,2,Two
DATAFLOW,OECD.SDD.TPS:DSD_PRICES@DF_PRICES_ALL(1.0),"Consumer price indices (CPIs, HICPs), COICOP 1999",I,NZL,New Zealand,A,Annual,N,National,CPI,Consumer price index,PA,Percent per annum,_T,Total,N,Neither seasonally adjusted nor calendar adjusted,GY,"Growth rate, over 1 year",2012,,1.059918,,A,Normal value,,,,,,,2,Two
DATAFLOW,OECD.SDD.TPS:DSD_PRICES@DF_PRICES_ALL(1.0),"Consumer price indices (CPIs, HICPs), COICOP 1999",I,NZL,New Zealand,A,Annual,N,National,CPI,Consumer price index,PA,Percent per annum,_T,Total,N,Neither seasonally adjusted nor calendar adjusted,GY,"Growth rate, over 1 year",2013,,1.134418,,A,Normal value,,,,,,,2,Two
DATAFLOW,OECD.SDD.TPS:DSD_PRICES@DF_PRICES_ALL(1.0),"Consumer price indices (CPIs, HICPs), COICOP 1999",I,NZL,New Zealand,A,Annual,N,National,CPI,Consumer price index,PA,Percent per annum,_T,Total,N,Neither seasonally adjusted nor calendar adjusted,GY,"Growth rate, over 1 year",2014,,1.227513,,A,Normal value,,,,,,,2,Two
DATAFLOW,OECD.SDD.TPS:DSD_PRICES@DF_PRICES_ALL(1.0),"Consumer price indices (CPIs, HICPs), COICOP 1999",I,NZL,New Zealand,A,Annual,N,National,CPI,Consumer price index,PA,Percent per annum,_T,Total,N,Neither seasonally adjusted nor calendar adjusted,GY,"Growth rate, over 1 year",2015,,0.2927033,,A,Normal value,,,,,,,2,Two
DATAFLOW,OECD.SDD.TPS:DSD_PRICES@DF_PRICES_ALL(1.0),"Consumer price indices (CPIs, HICPs), COICOP 1999",I,NZL,New Zealand,A,Annual,N,National,CPI,Consumer price index,PA,Percent per annum,_T,Total,N,Neither seasonally adjusted nor calendar adjusted,GY,"Growth rate, over 1 year",2016,,0.6462372,,A,Normal value,,,,,,,2,Two
DATAFLOW,OECD.SDD.TPS:DSD_PRICES@DF_PRICES_ALL(1.0),"Consumer price indices (CPIs, HICPs), COICOP 1999",I,NZL,New Zealand,A,Annual,N,National,CPI,Consumer price index,PA,Percent per annum,_T,Total,N,Neither seasonally adjusted nor calendar adjusted,GY,"Growth rate, over 1 year",2017,,1.850787,,A,Normal value,,,,,,,2,Two
DATAFLOW,OECD.SDD.TPS:DSD_PRICES@DF_PRICES_ALL(1.0),"Consumer price indices (CPIs, HICPs), COICOP 1999",I,NZL,New Zealand,A,Annual,N,National,CPI,Consumer price index,PA,Percent per annum,_T,Total,N,Neither seasonally adjusted nor calendar adjusted,GY,"Growth rate, over 1 year",2018,,1.598298,,A,Normal value,,,,,,,2,Two
DATAFLOW,OECD.SDD.TPS:DSD_PRICES@DF_PRICES_ALL(1.0),"Consumer price indices (CPIs, HICPs), COICOP 1999",I,NZL,New Zealand,A,Annual,N,National,CPI,Consumer price index,PA,Percent per annum,_T,Total,N,Neither seasonally adjusted nor calendar adjusted,GY,"Growth rate, over 1 year",2019,,1.619632,,A,Normal value,,,,,,,2,Two
DATAFLOW,OECD.SDD.TPS:DSD_PRICES@DF_PRICES_ALL(1.0),"Consumer price indices (CPIs, HICPs), COICOP 1999",I,NZL,New Zealand,A,Annual,N,National,CPI,Consumer price index,PA,Percent per annum,_T,Total,N,Neither seasonally adjusted nor calendar adjusted,GY,"Growth rate, over 1 year",2020,,1.714562,,A,Normal value,,,,,,,2,Two
DATAFLOW,OECD.SDD.TPS:DSD_PRICES@DF_PRICES_ALL(1.0),"Consumer price indices (CPIs, HICPs), COICOP 1999",I,NZL,New Zealand,A,Annual,N,National,CPI,Consumer price index,PA,Percent per annum,_T,Total,N,Neither seasonally adjusted nor calendar adjusted,GY,"Growth rate, over 1 year",2021,,3.941121,,A,Normal value,,,,,,,2,Two
DATAFLOW,OECD.SDD.TPS:DSD_PRICES@DF_PRICES_ALL(1.0),"Consumer price indices (CPIs, HICPs), COICOP 1999",I,NZL,New Zealand,A,Annual,N,National,CPI,Consumer price index,PA,Percent per annum,_T,Total,N,Neither seasonally adjusted nor calendar adjusted,GY,"Growth rate, over 1 year",2022,,7.172225,,A,Normal value,,,,,,,2,Two
DATAFLOW,OECD.SDD.TPS:DSD_PRICES@DF_PRICES_ALL(1.0),"Consumer price indices (CPIs, HICPs), COICOP 1999",I,NZL,New Zealand,A,Annual,N,National,CPI,Consumer price index,PA,Percent per annum,_T,Total,N,Neither seasonally adjusted nor calendar adjusted,GY,"Growth rate, over 1 year",2023,,5.733163,,A,Normal value,,,,,,,2,Two
DATAFLOW,OECD.SDD.TPS:DSD_PRICES@DF_PRICES_ALL(1.0),"Consumer price indices (CPIs, HICPs), COICOP 1999",I,NZL,New Zealand,A,Annual,N,National,CPI,Consumer price index,PA,Percent per annum,_T,Total,N,Neither seasonally adjusted nor calendar adjusted,GY,"Growth rate, over 1 year",2024,,2.922798,,A,Normal value,,,,,,,2,Two
DATAFLOW,OECD.SDD.TPS:DSD_PRICES@DF_PRICES_ALL(1.0),"Consumer price indices (CPIs, HICPs), COICOP 1999",I,NZL,New Zealand,A,Annual,N,National,CPI,Consumer price index,PA,Percent per annum,_T,Total,N,Neither seasonally adjusted nor calendar adjusted,GY,"Growth rate, over 1 year",2025,,2.839796,,A,Normal value,,,,,,,2,Two
DATAFLOW,OECD.SDD.TPS:DSD_PRICES@DF_PRICES_ALL(1.0),"Consumer price indices (CPIs, HICPs), COICOP 1999",I,ESP,Spain,A,Annual,N,National,CPI,Consumer price index,PA,Percent per annum,_T,Total,N,Neither seasonally adjusted nor calendar adjusted,GY,"Growth rate, over 1 year",1988,,4.837267,,A,Normal value,,,,,,,2,Two
DATAFLOW,OECD.SDD.TPS:DSD_PRICES@DF_PRICES_ALL(1.0),"Consumer price indices (CPIs, HICPs), COICOP 1999",I,ESP,Spain,A,Annual,N,National,CPI,Consumer price index,PA,Percent per annum,_T,Total,N,Neither seasonally adjusted nor calendar adjusted,GY,"Growth rate, over 1 year",1989,,6.791436,,A,Normal value,,,,,,,2,Two
DATAFLOW,OECD.SDD.TPS:DSD_PRICES@DF_PRICES_ALL(1.0),"Consumer price indices (CPIs, HICPs), COICOP 1999",I,ESP,Spain,A,Annual,N,National,CPI,Consumer price index,PA,Percent per annum,_T,Total,N,Neither seasonally adjusted nor calendar adjusted,GY,"Growth rate, over 1 year",1990,,6.721821,,A,Normal value,,,,,,,2,Two
DATAFLOW,OECD.SDD.TPS:DSD_PRICES@DF_PRICES_ALL(1.0),"Consumer price indices (CPIs, HICPs), COICOP 1999",I,ESP,Spain,A,Annual,N,National,CPI,Consumer price index,PA,Percent per annum,_T,Total,N,Neither seasonally adjusted nor calendar adjusted,GY,"Growth rate, over 1 year",1991,,5.934214,,A,Normal value,,,,,,,2,Two
DATAFLOW,OECD.SDD.TPS:DSD_PRICES@DF_PRICES_ALL(1.0),"Consumer price indices (CPIs, HICPs), COICOP 1999",I,ESP,Spain,A,Annual,N,National,CPI,Consumer price index,PA,Percent per annum,_T,Total,N,Neither seasonally adjusted nor calendar adjusted,GY,"Growth rate, over 1 year",1992,,5.924531,,A,Normal value,,,,,,,2,Two
DATAFLOW,OECD.SDD.TPS:DSD_PRICES@DF_PRICES_ALL(1.0),"Consumer price indices (CPIs, HICPs), COICOP 1999",I,ESP,Spain,A,Annual,N,National,CPI,Consumer price index,PA,Percent per annum,_T,Total,N,Neither seasonally adjusted nor calendar adjusted,GY,"Growth rate, over 1 year",1993,,4.569072,,A,Normal value,,,,,,,2,Two
DATAFLOW,OECD.SDD.TPS:DSD_PRICES@DF_PRICES_ALL(1.0),"Consumer price indices (CPIs, HICPs), COICOP 1999",I,ESP,Spain,A,Annual,N,National,CPI,Consumer price index,PA,Percent per annum,_T,Total,N,Neither seasonally adjusted nor calendar adjusted,GY,"Growth rate, over 1 year",1994,,4.718413,,A,Normal value,,,,,,,2,Two
DATAFLOW,OECD.SDD.TPS:DSD_PRICES@DF_PRICES_ALL(1.0),"Consumer price indices (CPIs, HICPs), COICOP 1999",I,ESP,Spain,A,Annual,N,National,CPI,Consumer price index,PA,Percent per annum,_T,Total,N,Neither seasonally adjusted nor calendar adjusted,GY,"Growth rate, over 1 year",1995,,4.673804,,A,Normal value,,,,,,,2,Two
DATAFLOW,OECD.SDD.TPS:DSD_PRICES@DF_PRICES_ALL(1.0),"Consumer price indices (CPIs, HICPs), COICOP 1999",I,ESP,Spain,A,Annual,N,National,CPI,Consumer price index,PA,Percent per annum,_T,Total,N,Neither seasonally adjusted nor calendar adjusted,GY,"Growth rate, over 1 year",1996,,3.558843,,A,Normal value,,,,,,,2,Two
DATAFLOW,OECD.SDD.TPS:DSD_PRICES@DF_PRICES_ALL(1.0),"Consumer price indices (CPIs, HICPs), COICOP 1999",I,ESP,Spain,A,Annual,N,National,CPI,Consumer price index,PA,Percent per annum,_T,Total,N,Neither seasonally adjusted nor calendar adjusted,GY,"Growth rate, over 1 year",1997,,1.971078,,A,Normal value,,,,,,,2,Two
DATAFLOW,OECD.SDD.TPS:DSD_PRICES@DF_PRICES_ALL(1.0),"Consumer price indices (CPIs, HICPs), COICOP 1999",I,ESP,Spain,A,Annual,N,National,CPI,Consumer price index,PA,Percent per annum,_T,Total,N,Neither seasonally adjusted nor calendar adjusted,GY,"Growth rate, over 1 year",1998,,1.83433,,A,Normal value,,,,,,,2,Two
DATAFLOW,OECD.SDD.TPS:DSD_PRICES@DF_PRICES_ALL(1.0),"Consumer price indices (CPIs, HICPs), COICOP 1999",I,ESP,Spain,A,Annual,N,National,CPI,Consumer price index,PA,Percent per annum,_T,Total,N,Neither seasonally adjusted nor calendar adjusted,GY,"Growth rate, over 1 year",1999,,2.310345,,A,Normal value,,,,,,,2,Two
DATAFLOW,OECD.SDD.TPS:DSD_PRICES@DF_PRICES_ALL(1.0),"Consumer price indices (CPIs, HICPs), COICOP 1999",I,ESP,Spain,A,Annual,N,National,CPI,Consumer price index,PA,Percent per annum,_T,Total,N,Neither seasonally adjusted nor calendar adjusted,GY,"Growth rate, over 1 year",2000,,3.433517,,A,Normal value,,,,,,,2,Two
DATAFLOW,OECD.SDD.TPS:DSD_PRICES@DF_PRICES_ALL(1.0),"Consumer price indices (CPIs, HICPs), COICOP 1999",I,ESP,Spain,A,Annual,N,National,CPI,Consumer price index,PA,Percent per annum,_T,Total,N,Neither seasonally adjusted nor calendar adjusted,GY,"Growth rate, over 1 year",2001,,3.589833,,A,Normal value,,,,,,,2,Two
DATAFLOW,OECD.SDD.TPS:DSD_PRICES@DF_PRICES_ALL(1.0),"Consumer price indices (CPIs, HICPs), COICOP 1999",I,ESP,Spain,A,Annual,N,National,CPI,Consumer price index,PA,Percent per annum,_T,Total,N,Neither seasonally adjusted nor calendar adjusted,GY,"Growth rate, over 1 year",2002,,3.065657,,A,Normal value,,,,,,,2,Two
DATAFLOW,OECD.SDD.TPS:DSD_PRICES@DF_PRICES_ALL(1.0),"Consumer price indices (CPIs, HICPs), COICOP 1999",I,ESP,Spain,A,Annual,N,National,CPI,Consumer price index,PA,Percent per annum,_T,Total,N,Neither seasonally adjusted nor calendar adjusted,GY,"Growth rate, over 1 year",2003,,3.038888,,A,Normal value,,,,,,,2,Two
DATAFLOW,OECD.SDD.TPS:DSD_PRICES@DF_PRICES_ALL(1.0),"Consumer price indices (CPIs, HICPs), COICOP 1999",I,ESP,Spain,A,Annual,N,National,CPI,Consumer price index,PA,Percent per annum,_T,Total,N,Neither seasonally adjusted nor calendar adjusted,GY,"Growth rate, over 1 year",2004,,3.039249,,A,Normal value,,,,,,,2,Two
DATAFLOW,OECD.SDD.TPS:DSD_PRICES@DF_PRICES_ALL(1.0),"Consumer price indices (CPIs, HICPs), COICOP 1999",I,ESP,Spain,A,Annual,N,National,CPI,Consumer price index,PA,Percent per annum,_T,Total,N,Neither seasonally adjusted nor calendar adjusted,GY,"Growth rate, over 1 year",2005,,3.368814,,A,Normal value,,,,,,,2,Two
DATAFLOW,OECD.SDD.TPS:DSD_PRICES@DF_PRICES_ALL(1.0),"Consumer price indices (CPIs, HICPs), COICOP 1999",I,ESP,Spain,A,Annual,N,National,CPI,Consumer price index,PA,Percent per annum,_T,Total,N,Neither seasonally adjusted nor calendar adjusted,GY,"Growth rate, over 1 year",2006,,3.515576,,A,Normal value,,,,,,,2,Two
DATAFLOW,OECD.SDD.TPS:DSD_PRICES@DF_PRICES_ALL(1.0),"Consumer price indices (CPIs, HICPs), COICOP 1999",I,ESP,Spain,A,Annual,N,National,CPI,Consumer price index,PA,Percent per annum,_T,Total,N,Neither seasonally adjusted nor calendar adjusted,GY,"Growth rate, over 1 year",2007,,2.786798,,A,Normal value,,,,,,,2,Two
DATAFLOW,OECD.SDD.TPS:DSD_PRICES@DF_PRICES_ALL(1.0),"Consumer price indices (CPIs, HICPs), COICOP 1999",I,ESP,Spain,A,Annual,N,National,CPI,Consumer price index,PA,Percent per annum,_T,Total,N,Neither seasonally adjusted nor calendar adjusted,GY,"Growth rate, over 1 year",2008,,4.075343,,A,Normal value,,,,,,,2,Two
DATAFLOW,OECD.SDD.TPS:DSD_PRICES@DF_PRICES_ALL(1.0),"Consumer price indices (CPIs, HICPs), COICOP 1999",I,ESP,Spain,A,Annual,N,National,CPI,Consumer price index,PA,Percent per annum,_T,Total,N,Neither seasonally adjusted nor calendar adjusted,GY,"Growth rate, over 1 year",2009,,-0.2878131,,A,Normal value,,,,,,,2,Two
DATAFLOW,OECD.SDD.TPS:DSD_PRICES@DF_PRICES_ALL(1.0),"Consumer price indices (CPIs, HICPs), COICOP 1999",I,ESP,Spain,A,Annual,N,National,CPI,Consumer price index,PA,Percent per annum,_T,Total,N,Neither seasonally adjusted nor calendar adjusted,GY,"Growth rate, over 1 year",2010,,1.799865,,A,Normal value,,,,,,,2,Two
DATAFLOW,OECD.SDD.TPS:DSD_PRICES@DF_PRICES_ALL(1.0),"Consumer price indices (CPIs, HICPs), COICOP 1999",I,ESP,Spain,A,Annual,N,National,CPI,Consumer price index,PA,Percent per annum,_T,Total,N,Neither seasonally adjusted nor calendar adjusted,GY,"Growth rate, over 1 year",2011,,3.196102,,A,Normal value,,,,,,,2,Two
DATAFLOW,OECD.SDD.TPS:DSD_PRICES@DF_PRICES_ALL(1.0),"Consumer price indices (CPIs, HICPs), COICOP 1999",I,ESP,Spain,A,Annual,N,National,CPI,Consumer price index,PA,Percent per annum,_T,Total,N,Neither seasonally adjusted nor calendar adjusted,GY,"Growth rate, over 1 year",2012,,2.446128,,A,Normal value,,,,,,,2,Two
DATAFLOW,OECD.SDD.TPS:DSD_PRICES@DF_PRICES_ALL(1.0),"Consumer price indices (CPIs, HICPs), COICOP 1999",I,ESP,Spain,A,Annual,N,National,CPI,Consumer price index,PA,Percent per annum,_T,Total,N,Neither seasonally adjusted nor calendar adjusted,GY,"Growth rate, over 1 year",2013,,1.408581,,A,Normal value,,,,,,,2,Two
DATAFLOW,OECD.SDD.TPS:DSD_PRICES@DF_PRICES_ALL(1.0),"Consumer price indices (CPIs, HICPs), COICOP 1999",I,ESP,Spain,A,Annual,N,National,CPI,Consumer price index,PA,Percent per annum,_T,Total,N,Neither seasonally adjusted nor calendar adjusted,GY,"Growth rate, over 1 year",2014,,-0.1511148,,A,Normal value,,,,,,,2,Two
DATAFLOW,OECD.SDD.TPS:DSD_PRICES@DF_PRICES_ALL(1.0),"Consumer price indices (CPIs, HICPs), COICOP 1999",I,ESP,Spain,A,Annual,N,National,CPI,Consumer price index,PA,Percent per annum,_T,Total,N,Neither seasonally adjusted nor calendar adjusted,GY,"Growth rate, over 1 year",2015,,-0.5003657,,A,Normal value,,,,,,,2,Two
DATAFLOW,OECD.SDD.TPS:DSD_PRICES@DF_PRICES_ALL(1.0),"Consumer price indices (CPIs, HICPs), COICOP 1999",I,ESP,Spain,A,Annual,N,National,CPI,Consumer price index,PA,Percent per annum,_T,Total,N,Neither seasonally adjusted nor calendar adjusted,GY,"Growth rate, over 1 year",2016,,-0.202598,,A,Normal value,,,,,,,2,Two
DATAFLOW,OECD.SDD.TPS:DSD_PRICES@DF_PRICES_ALL(1.0),"Consumer price indices (CPIs, HICPs), COICOP 1999",I,ESP,Spain,A,Annual,N,National,CPI,Consumer price index,PA,Percent per annum,_T,Total,N,Neither seasonally adjusted nor calendar adjusted,GY,"Growth rate, over 1 year",2017,,1.956076,,A,Normal value,,,,,,,2,Two
DATAFLOW,OECD.SDD.TPS:DSD_PRICES@DF_PRICES_ALL(1.0),"Consumer price indices (CPIs, HICPs), COICOP 1999",I,ESP,Spain,A,Annual,N,National,CPI,Consumer price index,PA,Percent per annum,_T,Total,N,Neither seasonally adjusted nor calendar adjusted,GY,"Growth rate, over 1 year",2018,,1.674981,,A,Normal value,,,,,,,2,Two
DATAFLOW,OECD.SDD.TPS:DSD_PRICES@DF_PRICES_ALL(1.0),"Consumer price indices (CPIs, HICPs), COICOP 1999",I,ESP,Spain,A,Annual,N,National,CPI,Consumer price index,PA,Percent per annum,_T,Total,N,Neither seasonally adjusted nor calendar adjusted,GY,"Growth rate, over 1 year",2019,,0.699519,,A,Normal value,,,,,,,2,Two
DATAFLOW,OECD.SDD.TPS:DSD_PRICES@DF_PRICES_ALL(1.0),"Consumer price indices (CPIs, HICPs), COICOP 1999",I,ESP,Spain,A,Annual,N,National,CPI,Consumer price index,PA,Percent per annum,_T,Total,N,Neither seasonally adjusted nor calendar adjusted,GY,"Growth rate, over 1 year",2020,,-0.322753,,A,Normal value,,,,,,,2,Two
DATAFLOW,OECD.SDD.TPS:DSD_PRICES@DF_PRICES_ALL(1.0),"Consumer price indices (CPIs, HICPs), COICOP 1999",I,ESP,Spain,A,Annual,N,National,CPI,Consumer price index,PA,Percent per annum,_T,Total,N,Neither seasonally adjusted nor calendar adjusted,GY,"Growth rate, over 1 year",2021,,3.093135,,A,Normal value,,,,,,,2,Two
DATAFLOW,OECD.SDD.TPS:DSD_PRICES@DF_PRICES_ALL(1.0),"Consumer price indices (CPIs, HICPs), COICOP 1999",I,ESP,Spain,A,Annual,N,National,CPI,Consumer price index,PA,Percent per annum,_T,Total,N,Neither seasonally adjusted nor calendar adjusted,GY,"Growth rate, over 1 year",2022,,8.390576,,A,Normal value,,,,,,,2,Two
DATAFLOW,OECD.SDD.TPS:DSD_PRICES@DF_PRICES_ALL(1.0),"Consumer price indices (CPIs, HICPs), COICOP 1999",I,ESP,Spain,A,Annual,N,National,CPI,Consumer price index,PA,Percent per annum,_T,Total,N,Neither seasonally adjusted nor calendar adjusted,GY,"Growth rate, over 1 year",2023,,3.532361,,A,Normal value,,,,,,,2,Two
DATAFLOW,OECD.SDD.TPS:DSD_PRICES@DF_PRICES_ALL(1.0),"Consumer price indices (CPIs, HICPs), COICOP 1999",I,ESP,Spain,A,Annual,N,National,CPI,Consumer price index,PA,Percent per annum,_T,Total,N,Neither seasonally adjusted nor calendar adjusted,GY,"Growth rate, over 1 year",2024,,2.774178,,A,Normal value,,,,,,,2,Two
DATAFLOW,OECD.SDD.TPS:DSD_PRICES@DF_PRICES_ALL(1.0),"Consumer price indices (CPIs, HICPs), COICOP 1999",I,ESP,Spain,A,Annual,N,National,CPI,Consumer price index,PA,Percent per annum,_T,Total,N,Neither seasonally adjusted nor calendar adjusted,GY,"Growth rate, over 1 year",2025,,2.673067,,A,Normal value,,,,,,,2,Two
DATAFLOW,OECD.SDD.TPS:DSD_PRICES@DF_PRICES_ALL(1.0),"Consumer price indices (CPIs, HICPs), COICOP 1999",I,JPN,Japan,A,Annual,N,National,CPI,Consumer price index,PA,Percent per annum,_T,Total,N,Neither seasonally adjusted nor calendar adjusted,GY,"Growth rate, over 1 year",1988,,0.7,,A,Normal value,,,,,,,2,Two
DATAFLOW,OECD.SDD.TPS:DSD_PRICES@DF_PRICES_ALL(1.0),"Consumer price indices (CPIs, HICPs), COICOP 1999",I,JPN,Japan,A,Annual,N,National,CPI,Consumer price index,PA,Percent per annum,_T,Total,N,Neither seasonally adjusted nor calendar adjusted,GY,"Growth rate, over 1 year",1989,,2.3,,A,Normal value,,,,,,,2,Two
DATAFLOW,OECD.SDD.TPS:DSD_PRICES@DF_PRICES_ALL(1.0),"Consumer price indices (CPIs, HICPs), COICOP 1999",I,JPN,Japan,A,Annual,N,National,CPI,Consumer price index,PA,Percent per annum,_T,Total,N,Neither seasonally adjusted nor calendar adjusted,GY,"Growth rate, over 1 year",1990,,3.1,,A,Normal value,,,,,,,2,Two
DATAFLOW,OECD.SDD.TPS:DSD_PRICES@DF_PRICES_ALL(1.0),"Consumer price indices (CPIs, HICPs), COICOP 1999",I,JPN,Japan,A,Annual,N,National,CPI,Consumer price index,PA,Percent per annum,_T,Total,N,Neither seasonally adjusted nor calendar adjusted,GY,"Growth rate, over 1 year",1991,,3.3,,A,Normal value,,,,,,,2,Two
DATAFLOW,OECD.SDD.TPS:DSD_PRICES@DF_PRICES_ALL(1.0),"Consumer price indices (CPIs, HICPs), COICOP 1999",I,JPN,Japan,A,Annual,N,National,CPI,Consumer price index,PA,Percent per annum,_T,Total,N,Neither seasonally adjusted nor calendar adjusted,GY,"Growth rate, over 1 year",1992,,1.6,,A,Normal value,,,,,,,2,Two
DATAFLOW,OECD.SDD.TPS:DSD_PRICES@DF_PRICES_ALL(1.0),"Consumer price indices (CPIs, HICPs), COICOP 1999",I,JPN,Japan,A,Annual,N,National,CPI,Consumer price index,PA,Percent per annum,_T,Total,N,Neither seasonally adjusted nor calendar adjusted,GY,"Growth rate, over 1 year",1993,,1.3,,A,Normal value,,,,,,,2,Two
DATAFLOW,OECD.SDD.TPS:DSD_PRICES@DF_PRICES_ALL(1.0),"Consumer price indices (CPIs, HICPs), COICOP 1999",I,JPN,Japan,A,Annual,N,National,CPI,Consumer price index,PA,Percent per annum,_T,Total,N,Neither seasonally adjusted nor calendar adjusted,GY,"Growth rate, over 1 year",1994,,0.7,,A,Normal value,,,,,,,2,Two
DATAFLOW,OECD.SDD.TPS:DSD_PRICES@DF_PRICES_ALL(1.0),"Consumer price indices (CPIs, HICPs), COICOP 1999",I,JPN,Japan,A,Annual,N,National,CPI,Consumer price index,PA,Percent per annum,_T,Total,N,Neither seasonally adjusted nor calendar adjusted,GY,"Growth rate, over 1 year",1995,,-0.1,,A,Normal value,,,,,,,2,Two
DATAFLOW,OECD.SDD.TPS:DSD_PRICES@DF_PRICES_ALL(1.0),"Consumer price indices (CPIs, HICPs), COICOP 1999",I,JPN,Japan,A,Annual,N,National,CPI,Consumer price index,PA,Percent per annum,_T,Total,N,Neither seasonally adjusted nor calendar adjusted,GY,"Growth rate, over 1 year",1996,,0.1,,A,Normal value,,,,,,,2,Two
DATAFLOW,OECD.SDD.TPS:DSD_PRICES@DF_PRICES_ALL(1.0),"Consumer price indices (CPIs, HICPs), COICOP 1999",I,JPN,Japan,A,Annual,N,National,CPI,Consumer price index,PA,Percent per annum,_T,Total,N,Neither seasonally adjusted nor calendar adjusted,GY,"Growth rate, over 1 year",1997,,1.8,,A,Normal value,,,,,,,2,Two
DATAFLOW,OECD.SDD.TPS:DSD_PRICES@DF_PRICES_ALL(1.0),"Consumer price indices (CPIs, HICPs), COICOP 1999",I,JPN,Japan,A,Annual,N,National,CPI,Consumer price index,PA,Percent per annum,_T,Total,N,Neither seasonally adjusted nor calendar adjusted,GY,"Growth rate, over 1 year",1998,,0.6,,A,Normal value,,,,,,,2,Two
DATAFLOW,OECD.SDD.TPS:DSD_PRICES@DF_PRICES_ALL(1.0),"Consumer price indices (CPIs, HICPs), COICOP 1999",I,JPN,Japan,A,Annual,N,National,CPI,Consumer price index,PA,Percent per annum,_T,Total,N,Neither seasonally adjusted nor calendar adjusted,GY,"Growth rate, over 1 year",1999,,-0.3,,A,Normal value,,,,,,,2,Two
DATAFLOW,OECD.SDD.TPS:DSD_PRICES@DF_PRICES_ALL(1.0),"Consumer price indices (CPIs, HICPs), COICOP 1999",I,JPN,Japan,A,Annual,N,National,CPI,Consumer price index,PA,Percent per annum,_T,Total,N,Neither seasonally adjusted nor calendar adjusted,GY,"Growth rate, over 1 year",2000,,-0.7,,A,Normal value,,,,,,,2,Two
DATAFLOW,OECD.SDD.TPS:DSD_PRICES@DF_PRICES_ALL(1.0),"Consumer price indices (CPIs, HICPs), COICOP 1999",I,JPN,Japan,A,Annual,N,National,CPI,Consumer price index,PA,Percent per annum,_T,Total,N,Neither seasonally adjusted nor calendar adjusted,GY,"Growth rate, over 1 year",2001,,-0.7,,A,Normal value,,,,,,,2,Two
DATAFLOW,OECD.SDD.TPS:DSD_PRICES@DF_PRICES_ALL(1.0),"Consumer price indices (CPIs, HICPs), COICOP 1999",I,JPN,Japan,A,Annual,N,National,CPI,Consumer price index,PA,Percent per annum,_T,Total,N,Neither seasonally adjusted nor calendar adjusted,GY,"Growth rate, over 1 year",2002,,-0.9,,A,Normal value,,,,,,,2,Two
DATAFLOW,OECD.SDD.TPS:DSD_PRICES@DF_PRICES_ALL(1.0),"Consumer price indices (CPIs, HICPs), COICOP 1999",I,JPN,Japan,A,Annual,N,National,CPI,Consumer price index,PA,Percent per annum,_T,Total,N,Neither seasonally adjusted nor calendar adjusted,GY,"Growth rate, over 1 year",2003,,-0.3,,A,Normal value,,,,,,,2,Two
DATAFLOW,OECD.SDD.TPS:DSD_PRICES@DF_PRICES_ALL(1.0),"Consumer price indices (CPIs, HICPs), COICOP 1999",I,JPN,Japan,A,Annual,N,National,CPI,Consumer price index,PA,Percent per annum,_T,Total,N,Neither seasonally adjusted nor calendar adjusted,GY,"Growth rate, over 1 year",2004,,0,,A,Normal value,,,,,,,2,Two
DATAFLOW,OECD.SDD.TPS:DSD_PRICES@DF_PRICES_ALL(1.0),"Consumer price indices (CPIs, HICPs), COICOP 1999",I,JPN,Japan,A,Annual,N,National,CPI,Consumer price index,PA,Percent per annum,_T,Total,N,Neither seasonally adjusted nor calendar adjusted,GY,"Growth rate, over 1 year",2005,,-0.3,,A,Normal value,,,,,,,2,Two
DATAFLOW,OECD.SDD.TPS:DSD_PRICES@DF_PRICES_ALL(1.0),"Consumer price indices (CPIs, HICPs), COICOP 1999",I,JPN,Japan,A,Annual,N,National,CPI,Consumer price index,PA,Percent per annum,_T,Total,N,Neither seasonally adjusted nor calendar adjusted,GY,"Growth rate, over 1 year",2006,,0.3,,A,Normal value,,,,,,,2,Two
DATAFLOW,OECD.SDD.TPS:DSD_PRICES@DF_PRICES_ALL(1.0),"Consumer price indices (CPIs, HICPs), COICOP 1999",I,JPN,Japan,A,Annual,N,National,CPI,Consumer price index,PA,Percent per annum,_T,Total,N,Neither seasonally adjusted nor calendar adjusted,GY,"Growth rate, over 1 year",2007,,0,,A,Normal value,,,,,,,2,Two
DATAFLOW,OECD.SDD.TPS:DSD_PRICES@DF_PRICES_ALL(1.0),"Consumer price indices (CPIs, HICPs), COICOP 1999",I,JPN,Japan,A,Annual,N,National,CPI,Consumer price index,PA,Percent per annum,_T,Total,N,Neither seasonally adjusted nor calendar adjusted,GY,"Growth rate, over 1 year",2008,,1.4,,A,Normal value,,,,,,,2,Two
DATAFLOW,OECD.SDD.TPS:DSD_PRICES@DF_PRICES_ALL(1.0),"Consumer price indices (CPIs, HICPs), COICOP 1999",I,JPN,Japan,A,Annual,N,National,CPI,Consumer price index,PA,Percent per annum,_T,Total,N,Neither seasonally adjusted nor calendar adjusted,GY,"Growth rate, over 1 year",2009,,-1.4,,A,Normal value,,,,,,,2,Two
DATAFLOW,OECD.SDD.TPS:DSD_PRICES@DF_PRICES_ALL(1.0),"Consumer price indices (CPIs, HICPs), COICOP 1999",I,JPN,Japan,A,Annual,N,National,CPI,Consumer price index,PA,Percent per annum,_T,Total,N,Neither seasonally adjusted nor calendar adjusted,GY,"Growth rate, over 1 year",2010,,-0.7,,A,Normal value,,,,,,,2,Two
DATAFLOW,OECD.SDD.TPS:DSD_PRICES@DF_PRICES_ALL(1.0),"Consumer price indices (CPIs, HICPs), COICOP 1999",I,JPN,Japan,A,Annual,N,National,CPI,Consumer price index,PA,Percent per annum,_T,Total,N,Neither seasonally adjusted nor calendar adjusted,GY,"Growth rate, over 1 year",2011,,-0.3,,A,Normal value,,,,,,,2,Two
DATAFLOW,OECD.SDD.TPS:DSD_PRICES@DF_PRICES_ALL(1.0),"Consumer price indices (CPIs, HICPs), COICOP 1999",I,JPN,Japan,A,Annual,N,National,CPI,Consumer price index,PA,Percent per annum,_T,Total,N,Neither seasonally adjusted nor calendar adjusted,GY,"Growth rate, over 1 year",2012,,0,,A,Normal value,,,,,,,2,Two
DATAFLOW,OECD.SDD.TPS:DSD_PRICES@DF_PRICES_ALL(1.0),"Consumer price indices (CPIs, HICPs), COICOP 1999",I,JPN,Japan,A,Annual,N,National,CPI,Consumer price index,PA,Percent per annum,_T,Total,N,Neither seasonally adjusted nor calendar adjusted,GY,"Growth rate, over 1 year",2013,,0.4,,A,Normal value,,,,,,,2,Two
DATAFLOW,OECD.SDD.TPS:DSD_PRICES@DF_PRICES_ALL(1.0),"Consumer price indices (CPIs, HICPs), COICOP 1999",I,JPN,Japan,A,Annual,N,National,CPI,Consumer price index,PA,Percent per annum,_T,Total,N,Neither seasonally adjusted nor calendar adjusted,GY,"Growth rate, over 1 year",2014,,2.7,,A,Normal value,,,,,,,2,Two
DATAFLOW,OECD.SDD.TPS:DSD_PRICES@DF_PRICES_ALL(1.0),"Consumer price indices (CPIs, HICPs), COICOP 1999",I,JPN,Japan,A,Annual,N,National,CPI,Consumer price index,PA,Percent per annum,_T,Total,N,Neither seasonally adjusted nor calendar adjusted,GY,"Growth rate, over 1 year",2015,,0.8,,A,Normal value,,,,,,,2,Two
DATAFLOW,OECD.SDD.TPS:DSD_PRICES@DF_PRICES_ALL(1.0),"Consumer price indices (CPIs, HICPs), COICOP 1999",I,JPN,Japan,A,Annual,N,National,CPI,Consumer price index,PA,Percent per annum,_T,Total,N,Neither seasonally adjusted nor calendar adjusted,GY,"Growth rate, over 1 year",2016,,-0.1,,A,Normal value,,,,,,,2,Two
DATAFLOW,OECD.SDD.TPS:DSD_PRICES@DF_PRICES_ALL(1.0),"Consumer price indices (CPIs, HICPs), COICOP 1999",I,JPN,Japan,A,Annual,N,National,CPI,Consumer price index,PA,Percent per annum,_T,Total,N,Neither seasonally adjusted nor calendar adjusted,GY,"Growth rate, over 1 year",2017,,0.4841998,,A,Normal value,,,,,,,2,Two
DATAFLOW,OECD.SDD.TPS:DSD_PRICES@DF_PRICES_ALL(1.0),"Consumer price indices (CPIs, HICPs), COICOP 1999",I,JPN,Japan,A,Annual,N,National,CPI,Consumer price index,PA,Percent per annum,_T,Total,N,Neither seasonally adjusted nor calendar adjusted,GY,"Growth rate, over 1 year",2018,,0.9890946,,A,Normal value,,,,,,,2,Two
DATAFLOW,OECD.SDD.TPS:DSD_PRICES@DF_PRICES_ALL(1.0),"Consumer price indices (CPIs, HICPs), COICOP 1999",I,JPN,Japan,A,Annual,N,National,CPI,Consumer price index,PA,Percent per annum,_T,Total,N,Neither seasonally adjusted nor calendar adjusted,GY,"Growth rate, over 1 year",2019,,0.4687762,,A,Normal value,,,,,,,2,Two
DATAFLOW,OECD.SDD.TPS:DSD_PRICES@DF_PRICES_ALL(1.0),"Consumer price indices (CPIs, HICPs), COICOP 1999",I,JPN,Japan,A,Annual,N,National,CPI,Consumer price index,PA,Percent per annum,_T,Total,N,Neither seasonally adjusted nor calendar adjusted,GY,"Growth rate, over 1 year",2020,,-0.02499583,,A,Normal value,,,,,,,2,Two
DATAFLOW,OECD.SDD.TPS:DSD_PRICES@DF_PRICES_ALL(1.0),"Consumer price indices (CPIs, HICPs), COICOP 1999",I,ITA,Italy,A,Annual,N,National,CPI,Consumer price index,PA,Percent per annum,_T,Total,N,Neither seasonally adjusted nor calendar adjusted,GY,"Growth rate, over 1 year",2023,,5.622194,,A,Normal value,,,,,,,2,Two
DATAFLOW,OECD.SDD.TPS:DSD_PRICES@DF_PRICES_ALL(1.0),"Consumer price indices (CPIs, HICPs), COICOP 1999",I,ITA,Italy,A,Annual,N,National,CPI,Consumer price index,PA,Percent per annum,_T,Total,N,Neither seasonally adjusted nor calendar adjusted,GY,"Growth rate, over 1 year",2024,,0.982373,,A,Normal value,,,,,,,2,Two
DATAFLOW,OECD.SDD.TPS:DSD_PRICES@DF_PRICES_ALL(1.0),"Consumer price indices (CPIs, HICPs), COICOP 1999",I,ITA,Italy,A,Annual,N,National,CPI,Consumer price index,PA,Percent per annum,_T,Total,N,Neither seasonally adjusted nor calendar adjusted,GY,"Growth rate, over 1 year",2025,,1.531668,,A,Normal value,,,,,,,2,Two
DATAFLOW,OECD.SDD.TPS:DSD_PRICES@DF_PRICES_ALL(1.0),"Consumer price indices (CPIs, HICPs), COICOP 1999",I,KOR,Korea,A,Annual,N,National,CPI,Consumer price index,PA,Percent per annum,_T,Total,N,Neither seasonally adjusted nor calendar adjusted,GY,"Growth rate, over 1 year",1988,,7.146101,,A,Normal value,,,,,,,2,Two
DATAFLOW,OECD.SDD.TPS:DSD_PRICES@DF_PRICES_ALL(1.0),"Consumer price indices (CPIs, HICPs), COICOP 1999",I,KOR,Korea,A,Annual,N,National,CPI,Consumer price index,PA,Percent per annum,_T,Total,N,Neither seasonally adjusted nor calendar adjusted,GY,"Growth rate, over 1 year",1989,,5.70016,,A,Normal value,,,,,,,2,Two
DATAFLOW,OECD.SDD.TPS:DSD_PRICES@DF_PRICES_ALL(1.0),"Consumer price indices (CPIs, HICPs), COICOP 1999",I,KOR,Korea,A,Annual,N,National,CPI,Consumer price index,PA,Percent per annum,_T,Total,N,Neither seasonally adjusted nor calendar adjusted,GY,"Growth rate, over 1 year",1990,,8.573277,,A,Normal value,,,,,,,2,Two
DATAFLOW,OECD.SDD.TPS:DSD_PRICES@DF_PRICES_ALL(1.0),"Consumer price indices (CPIs, HICPs), COICOP 1999",I,KOR,Korea,A,Annual,N,National,CPI,Consumer price index,PA,Percent per annum,_T,Total,N,Neither seasonally adjusted nor calendar adjusted,GY,"Growth rate, over 1 year",1991,,9.33279,,A,Normal value,,,,,,,2,Two
DATAFLOW,OECD.SDD.TPS:DSD_PRICES@DF_PRICES_ALL(1.0),"Consumer price indices (CPIs, HICPs), COICOP 1999",I,KOR,Korea,A,Annual,N,National,CPI,Consumer price index,PA,Percent per annum,_T,Total,N,Neither seasonally adjusted nor calendar adjusted,GY,"Growth rate, over 1 year",1992,,6.213282,,A,Normal value,,,,,,,2,Two
DATAFLOW,OECD.SDD.TPS:DSD_PRICES@DF_PRICES_ALL(1.0),"Consumer price indices (CPIs, HICPs), COICOP 1999",I,KOR,Korea,A,Annual,N,National,CPI,Consumer price index,PA,Percent per annum,_T,Total,N,Neither seasonally adjusted nor calendar adjusted,GY,"Growth rate, over 1 year",1993,,4.800997,,A,Normal value,,,,,,,2,Two
DATAFLOW,OECD.SDD.TPS:DSD_PRICES@DF_PRICES_ALL(1.0),"Consumer price indices (CPIs, HICPs), COICOP 1999",I,KOR,Korea,A,Annual,N,National,CPI,Consumer price index,PA,Percent per annum,_T,Total,N,Neither seasonally adjusted nor calendar adjusted,GY,"Growth rate, over 1 year",1994,,6.26586,,A,Normal value,,,,,,,2,Two
DATAFLOW,OECD.SDD.TPS:DSD_PRICES@DF_PRICES_ALL(1.0),"Consumer price indices (CPIs, HICPs), COICOP 1999",I,KOR,Korea,A,Annual,N,National,CPI,Consumer price index,PA,Percent per annum,_T,Total,N,Neither seasonally adjusted nor calendar adjusted,GY,"Growth rate, over 1 year",1995,,4.480741,,A,Normal value,,,,,,,2,Two
DATAFLOW,OECD.SDD.TPS:DSD_PRICES@DF_PRICES_ALL(1.0),"Consumer price indices (CPIs, HICPs), COICOP 1999",I,KOR,Korea,A,Annual,N,National,CPI,Consumer price index,PA,Percent per annum,_T,Total,N,Neither seasonally adjusted nor calendar adjusted,GY,"Growth rate, over 1 year",1996,,4.924543,,A,Normal value,,,,,,,2,Two
DATAFLOW,OECD.SDD.TPS:DSD_PRICES@DF_PRICES_ALL(1.0),"Consumer price indices (CPIs, HICPs), COICOP 1999",I,KOR,Korea,A,Annual,N,National,CPI,Consumer price index,PA,Percent per annum,_T,Total,N,Neither seasonally adjusted nor calendar adjusted,GY,"Growth rate, over 1 year",1997,,4.438932,,A,Normal value,,,,,,,2,Two
DATAFLOW,OECD.SDD.TPS:DSD_PRICES@DF_PRICES_ALL(1.0),"Consumer price indices (CPIs, HICPs), COICOP 1999",I,KOR,Korea,A,Annual,N,National,CPI,Consumer price index,PA,Percent per annum,_T,Total,N,Neither seasonally adjusted nor calendar adjusted,GY,"Growth rate, over 1 year",1998,,7.51358,,A,Normal value,,,,,,,2,Two
DATAFLOW,OECD.SDD.TPS:DSD_PRICES@DF_PRICES_ALL(1.0),"Consumer price indices (CPIs, HICPs), COICOP 1999",I,KOR,Korea,A,Annual,N,National,CPI,Consumer price index,PA,Percent per annum,_T,Total,N,Neither seasonally adjusted nor calendar adjusted,GY,"Growth rate, over 1 year",1999,,0.8129572,,A,Normal value,,,,,,,2,Two
DATAFLOW,OECD.SDD.TPS:DSD_PRICES@DF_PRICES_ALL(1.0),"Consumer price indices (CPIs, HICPs), COICOP 1999",I,KOR,Korea,A,Annual,N,National,CPI,Consumer price index,PA,Percent per annum,_T,Total,N,Neither seasonally adjusted nor calendar adjusted,GY,"Growth rate, over 1 year",2000,,2.259166,,A,Normal value,,,,,,,2,Two
DATAFLOW,OECD.SDD.TPS:DSD_PRICES@DF_PRICES_ALL(1.0),"Consumer price indices (CPIs, HICPs), COICOP 1999",I,KOR,Korea,A,Annual,N,National,CPI,Consumer price index,PA,Percent per annum,_T,Total,N,Neither seasonally adjusted nor calendar adjusted,GY,"Growth rate, over 1 year",2001,,4.066576,,A,Normal value,,,,,,,2,Two
DATAFLOW,OECD.SDD.TPS:DSD_PRICES@DF_PRICES_ALL(1.0),"Consumer price indices (CPIs, HICPs), COICOP 1999",I,KOR,Korea,A,Annual,N,National,CPI,Consumer price index,PA,Percent per annum,_T,Total,N,Neither seasonally adjusted nor calendar adjusted,GY,"Growth rate, over 1 year",2002,,2.762262,,A,Normal value,,,,,,,2,Two
DATAFLOW,OECD.SDD.TPS:DSD_PRICES@DF_PRICES_ALL(1.0),"Consumer price indices (CPIs, HICPs), COICOP 1999",I,KOR,Korea,A,Annual,N,National,CPI,Consumer price index,PA,Percent per annum,_T,Total,N,Neither seasonally adjusted nor calendar adjusted,GY,"Growth rate, over 1 year",2003,,3.514874,,A,Normal value,,,,,,,2,Two
DATAFLOW,OECD.SDD.TPS:DSD_PRICES@DF_PRICES_ALL(1.0),"Consumer price indices (CPIs, HICPs), COICOP 1999",I,KOR,Korea,A,Annual,N,National,CPI,Consumer price index,PA,Percent per annum,_T,Total,N,Neither seasonally adjusted nor calendar adjusted,GY,"Growth rate, over 1 year",2004,,3.590663,,A,Normal value,,,,,,,2,Two
DATAFLOW,OECD.SDD.TPS:DSD_PRICES@DF_PRICES_ALL(1.0),"Consumer price indices (CPIs, HICPs), COICOP 1999",I,KOR,Korea,A,Annual,N,National,CPI,Consumer price index,PA,Percent per annum,_T,Total,N,Neither seasonally adjusted nor calendar adjusted,GY,"Growth rate, over 1 year",2005,,2.753792,,A,Normal value,,,,,,,2,Two
DATAFLOW,OECD.SDD.TPS:DSD_PRICES@DF_PRICES_ALL(1.0),"Consumer price indices (CPIs, HICPs), COICOP 1999",I,KOR,Korea,A,Annual,N,National,CPI,Consumer price index,PA,Percent per annum,_T,Total,N,Neither seasonally adjusted nor calendar adjusted,GY,"Growth rate, over 1 year",2006,,2.24234,,A,Normal value,,,,,,,2,Two
DATAFLOW,OECD.SDD.TPS:DSD_PRICES@DF_PRICES_ALL(1.0),"Consumer price indices (CPIs, HICPs), COICOP 1999",I,KOR,Korea,A,Annual,N,National,CPI,Consumer price index,PA,Percent per annum,_T,Total,N,Neither seasonally adjusted nor calendar adjusted,GY,"Growth rate, over 1 year",2007,,2.534574,,A,Normal value,,,,,,,2,Two
DATAFLOW,OECD.SDD.TPS:DSD_PRICES@DF_PRICES_ALL(1.0),"Consumer price indices (CPIs, HICPs), COICOP 1999",I,KOR,Korea,A,Annual,N,National,CPI,Consumer price index,PA,Percent per annum,_T,Total,N,Neither seasonally adjusted nor calendar adjusted,GY,"Growth rate, over 1 year",2008,,4.673896,,A,Normal value,,,,,,,2,Two
DATAFLOW,OECD.SDD.TPS:DSD_PRICES@DF_PRICES_ALL(1.0),"Consumer price indices (CPIs, HICPs), COICOP 1999",I,KOR,Korea,A,Annual,N,National,CPI,Consumer price index,PA,Percent per annum,_T,Total,N,Neither seasonally adjusted nor calendar adjusted,GY,"Growth rate, over 1 year",2009,,2.756497,,A,Normal value,,,,,,,2,Two
DATAFLOW,OECD.SDD.TPS:DSD_PRICES@DF_PRICES_ALL(1.0),"Consumer price indices (CPIs, HICPs), COICOP 1999",I,KOR,Korea,A,Annual,N,National,CPI,Consumer price index,PA,Percent per annum,_T,Total,N,Neither seasonally adjusted nor calendar adjusted,GY,"Growth rate, over 1 year",2010,,2.939286,,A,Normal value,,,,,,,2,Two
DATAFLOW,OECD.SDD.TPS:DSD_PRICES@DF_PRICES_ALL(1.0),"Consumer price indices (CPIs, HICPs), COICOP 1999",I,KOR,Korea,A,Annual,N,National,CPI,Consumer price index,PA,Percent per annum,_T,Total,N,Neither seasonally adjusted nor calendar adjusted,GY,"Growth rate, over 1 year",2011,,4.025965,,A,Normal value,,,,,,,2,Two
DATAFLOW,OECD.SDD.TPS:DSD_PRICES@DF_PRICES_ALL(1.0),"Consumer price indices (CPIs, HICPs), COICOP 1999",I,KOR,Korea,A,Annual,N,National,CPI,Consumer price index,PA,Percent per annum,_T,Total,N,Neither seasonally adjusted nor calendar adjusted,GY,"Growth rate, over 1 year",2012,,2.187071,,A,Normal value,,,,,,,2,Two
DATAFLOW,OECD.SDD.TPS:DSD_PRICES@DF_PRICES_ALL(1.0),"Consumer price indices (CPIs, HICPs), COICOP 1999",I,KOR,Korea,A,Annual,N,National,CPI,Consumer price index,PA,Percent per annum,_T,Total,N,Neither seasonally adjusted nor calendar adjusted,GY,"Growth rate, over 1 year",2013,,1.301347,,A,Normal value,,,,,,,2,Two
DATAFLOW,OECD.SDD.TPS:DSD_PRICES@DF_PRICES_ALL(1.0),"Consumer price indices (CPIs, HICPs), COICOP 1999",I,KOR,Korea,A,Annual,N,National,CPI,Consumer price index,PA,Percent per annum,_T,Total,N,Neither seasonally adjusted nor calendar adjusted,GY,"Growth rate, over 1 year",2014,,1.274774,,A,Normal value,,,,,,,2,Two
DATAFLOW,OECD.SDD.TPS:DSD_PRICES@DF_PRICES_ALL(1.0),"Consumer price indices (CPIs, HICPs), COICOP 1999",I,KOR,Korea,A,Annual,N,National,CPI,Consumer price index,PA,Percent per annum,_T,Total,N,Neither seasonally adjusted nor calendar adjusted,GY,"Growth rate, over 1 year",2015,,0.7063318,,A,Normal value,,,,,,,2,Two
DATAFLOW,OECD.SDD.TPS:DSD_PRICES@DF_PRICES_ALL(1.0),"Consumer price indices (CPIs, HICPs), COICOP 1999",I,KOR,Korea,A,Annual,N,National,CPI,Consumer price index,PA,Percent per annum,_T,Total,N,Neither seasonally adjusted nor calendar adjusted,GY,"Growth rate, over 1 year",2016,,0.9716858,,A,Normal value,,,,,,,2,Two
DATAFLOW,OECD.SDD.TPS:DSD_PRICES@DF_PRICES_ALL(1.0),"Consumer price indices (CPIs, HICPs), COICOP 1999",I,KOR,Korea,A,Annual,N,National,CPI,Consumer price index,PA,Percent per annum,_T,Total,N,Neither seasonally adjusted nor calendar adjusted,GY,"Growth rate, over 1 year",2017,,1.944332,,A,Normal value,,,,,,,2,Two
DATAFLOW,OECD.SDD.TPS:DSD_PRICES@DF_PRICES_ALL(1.0),"Consumer price indices (CPIs, HICPs), COICOP 1999",I,KOR,Korea,A,Annual,N,National,CPI,Consumer price index,PA,Percent per annum,_T,Total,N,Neither seasonally adjusted nor calendar adjusted,GY,"Growth rate, over 1 year",2018,,1.475839,,A,Normal value,,,,,,,2,Two
DATAFLOW,OECD.SDD.TPS:DSD_PRICES@DF_PRICES_ALL(1.0),"Consumer price indices (CPIs, HICPs), COICOP 1999",I,KOR,Korea,A,Annual,N,National,CPI,Consumer price index,PA,Percent per annum,_T,Total,N,Neither seasonally adjusted nor calendar adjusted,GY,"Growth rate, over 1 year",2019,,0.3830003,,A,Normal value,,,,,,,2,Two
DATAFLOW,OECD.SDD.TPS:DSD_PRICES@DF_PRICES_ALL(1.0),"Consumer price indices (CPIs, HICPs), COICOP 1999",I,KOR,Korea,A,Annual,N,National,CPI,Consumer price index,PA,Percent per annum,_T,Total,N,Neither seasonally adjusted nor calendar adjusted,GY,"Growth rate, over 1 year",2020,,0.537288,,A,Normal value,,,,,,,2,Two
DATAFLOW,OECD.SDD.TPS:DSD_PRICES@DF_PRICES_ALL(1.0),"Consumer price indices (CPIs, HICPs), COICOP 1999",I,KOR,Korea,A,Annual,N,National,CPI,Consumer price index,PA,Percent per annum,_T,Total,N,Neither seasonally adjusted nor calendar adjusted,GY,"Growth rate, over 1 year",2021,,2.498333,,A,Normal value,,,,,,,2,Two
DATAFLOW,OECD.SDD.TPS:DSD_PRICES@DF_PRICES_ALL(1.0),"Consumer price indices (CPIs, HICPs), COICOP 1999",I,KOR,Korea,A,Annual,N,National,CPI,Consumer price index,PA,Percent per annum,_T,Total,N,Neither seasonally adjusted nor calendar adjusted,GY,"Growth rate, over 1 year",2022,,5.089514,,A,Normal value,,,,,,,2,Two
DATAFLOW,OECD.SDD.TPS:DSD_PRICES@DF_PRICES_ALL(1.0),"Consumer price indices (CPIs, HICPs), COICOP 1999",I,KOR,Korea,A,Annual,N,National,CPI,Consumer price index,PA,Percent per annum,_T,Total,N,Neither seasonally adjusted nor calendar adjusted,GY,"Growth rate, over 1 year",2023,,3.597456,,A,Normal value,,,,,,,2,Two
DATAFLOW,OECD.SDD.TPS:DSD_PRICES@DF_PRICES_ALL(1.0),"Consumer price indices (CPIs, HICPs), COICOP 1999",I,KOR,Korea,A,Annual,N,National,CPI,Consumer price index,PA,Percent per annum,_T,Total,N,Neither seasonally adjusted nor calendar adjusted,GY,"Growth rate, over 1 year",2024,,2.321743,,A,Normal value,,,,,,,2,Two
DATAFLOW,OECD.SDD.TPS:DSD_PRICES@DF_PRICES_ALL(1.0),"Consumer price indices (CPIs, HICPs), COICOP 1999",I,KOR,Korea,A,Annual,N,National,CPI,Consumer price index,PA,Percent per annum,_T,Total,N,Neither seasonally adjusted nor calendar adjusted,GY,"Growth rate, over 1 year",2025,,2.123094,,A,Normal value,,,,,,,2,Two
DATAFLOW,OECD.SDD.TPS:DSD_PRICES@DF_PRICES_ALL(1.0),"Consumer price indices (CPIs, HICPs), COICOP 1999",I,LVA,Latvia,A,Annual,N,National,CPI,Consumer price index,PA,Percent per annum,_T,Total,N,Neither seasonally adjusted nor calendar adjusted,GY,"Growth rate, over 1 year",1992,,951.6962,,A,Normal value,,,,,,,2,Two
DATAFLOW,OECD.SDD.TPS:DSD_PRICES@DF_PRICES_ALL(1.0),"Consumer price indices (CPIs, HICPs), COICOP 1999",I,LVA,Latvia,A,Annual,N,National,CPI,Consumer price index,PA,Percent per annum,_T,Total,N,Neither seasonally adjusted nor calendar adjusted,GY,"Growth rate, over 1 year",1993,,108.9896,,A,Normal value,,,,,,,2,Two
DATAFLOW,OECD.SDD.TPS:DSD_PRICES@DF_PRICES_ALL(1.0),"Consumer price indices (CPIs, HICPs), COICOP 1999",I,LVA,Latvia,A,Annual,N,National,CPI,Consumer price index,PA,Percent per annum,_T,Total,N,Neither seasonally adjusted nor calendar adjusted,GY,"Growth rate, over 1 year",1994,,35.92471,,A,Normal value,,,,,,,2,Two
DATAFLOW,OECD.SDD.TPS:DSD_PRICES@DF_PRICES_ALL(1.0),"Consumer price indices (CPIs, HICPs), COICOP 1999",I,LVA,Latvia,A,Annual,N,National,CPI,Consumer price index,PA,Percent per annum,_T,Total,N,Neither seasonally adjusted nor calendar adjusted,GY,"Growth rate, over 1 year",1995,,24.97593,,A,Normal value,,,,,,,2,Two
DATAFLOW,OECD.SDD.TPS:DSD_PRICES@DF_PRICES_ALL(1.0),"Consumer price indices (CPIs, HICPs), COICOP 1999",I,LVA,Latvia,A,Annual,N,National,CPI,Consumer price index,PA,Percent per annum,_T,Total,N,Neither seasonally adjusted nor calendar adjusted,GY,"Growth rate, over 1 year",1996,,17.61046,,A,Normal value,,,,,,,2,Two
DATAFLOW,OECD.SDD.TPS:DSD_PRICES@DF_PRICES_ALL(1.0),"Consumer price indices (CPIs, HICPs), COICOP 1999",I,LVA,Latvia,A,Annual,N,National,CPI,Consumer price index,PA,Percent per annum,_T,Total,N,Neither seasonally adjusted nor calendar adjusted,GY,"Growth rate, over 1 year",1997,,8.447392,,A,Normal value,,,,,,,2,Two
DATAFLOW,OECD.SDD.TPS:DSD_PRICES@DF_PRICES_ALL(1.0),"Consumer price indices (CPIs, HICPs), COICOP 1999",I,LVA,Latvia,A,Annual,N,National,CPI,Consumer price index,PA,Percent per annum,_T,Total,N,Neither seasonally adjusted nor calendar adjusted,GY,"Growth rate, over 1 year",1998,,4.644212,,A,Normal value,,,,,,,2,Two
DATAFLOW,OECD.SDD.TPS:DSD_PRICES@DF_PRICES_ALL(1.0),"Consumer price indices (CPIs, HICPs), COICOP 1999",I,LVA,Latvia,A,Annual,N,National,CPI,Consumer price index,PA,Percent per annum,_T,Total,N,Neither seasonally adjusted nor calendar adjusted,GY,"Growth rate, over 1 year",1999,,2.364815,,A,Normal value,,,,,,,2,Two
DATAFLOW,OECD.SDD.TPS:DSD_PRICES@DF_PRICES_ALL(1.0),"Consumer price indices (CPIs, HICPs), COICOP 1999",I,LVA,Latvia,A,Annual,N,National,CPI,Consumer price index,PA,Percent per annum,_T,Total,N,Neither seasonally adjusted nor calendar adjusted,GY,"Growth rate, over 1 year",2000,,2.654253,,A,Normal value,,,,,,,2,Two
DATAFLOW,OECD.SDD.TPS:DSD_PRICES@DF_PRICES_ALL(1.0),"Consumer price indices (CPIs, HICPs), COICOP 1999",I,LVA,Latvia,A,Annual,N,National,CPI,Consumer price index,PA,Percent per annum,_T,Total,N,Neither seasonally adjusted nor calendar adjusted,GY,"Growth rate, over 1 year",2001,,2.487044,,A,Normal value,,,,,,,2,Two
DATAFLOW,OECD.SDD.TPS:DSD_PRICES@DF_PRICES_ALL(1.0),"Consumer price indices (CPIs, HICPs), COICOP 1999",I,LVA,Latvia,A,Annual,N,National,CPI,Consumer price index,PA,Percent per annum,_T,Total,N,Neither seasonally adjusted nor calendar adjusted,GY,"Growth rate, over 1 year",2002,,1.938879,,A,Normal value,,,,,,,2,Two
DATAFLOW,OECD.SDD.TPS:DSD_PRICES@DF_PRICES_ALL(1.0),"Consumer price indices (CPIs, HICPs), COICOP 1999",I,LVA,Latvia,A,Annual,N,National,CPI,Consumer price index,PA,Percent per annum,_T,Total,N,Neither seasonally adjusted nor calendar adjusted,GY,"Growth rate, over 1 year",2003,,2.942643,,A,Normal value,,,,,,,2,Two
DATAFLOW,OECD.SDD.TPS:DSD_PRICES@DF_PRICES_ALL(1.0),"Consumer price indices (CPIs, HICPs), COICOP 1999",I,LVA,Latvia,A,Annual,N,National,CPI,Consumer price index,PA,Percent per annum,_T,Total,N,Neither seasonally adjusted nor calendar adjusted,GY,"Growth rate, over 1 year",2004,,6.192384,,A,Normal value,,,,,,,2,Two
DATAFLOW,OECD.SDD.TPS:DSD_PRICES@DF_PRICES_ALL(1.0),"Consumer price indices (CPIs, HICPs), COICOP 1999",I,LVA,Latvia,A,Annual,N,National,CPI,Consumer price index,PA,Percent per annum,_T,Total,N,Neither seasonally adjusted nor calendar adjusted,GY,"Growth rate, over 1 year",2005,,6.748452,,A,Normal value,,,,,,,2,Two
DATAFLOW,OECD.SDD.TPS:DSD_PRICES@DF_PRICES_ALL(1.0),"Consumer price indices (CPIs, HICPs), COICOP 1999",I,LVA,Latvia,A,Annual,N,National,CPI,Consumer price index,PA,Percent per annum,_T,Total,N,Neither seasonally adjusted nor calendar adjusted,GY,"Growth rate, over 1 year",2006,,6.536199,,A,Normal value,,,,,,,2,Two
DATAFLOW,OECD.SDD.TPS:DSD_PRICES@DF_PRICES_ALL(1.0),"Consumer price indices (CPIs, HICPs), COICOP 1999",I,LVA,Latvia,A,Annual,N,National,CPI,Consumer price index,PA,Percent per annum,_T,Total,N,Neither seasonally adjusted nor calendar adjusted,GY,"Growth rate, over 1 year",2007,,10.09298,,A,Normal value,,,,,,,2,Two
DATAFLOW,OECD.SDD.TPS:DSD_PRICES@DF_PRICES_ALL(1.0),"Consumer price indices (CPIs, HICPs), COICOP 1999",I,LVA,Latvia,A,Annual,N,National,CPI,Consumer price index,PA,Percent per annum,_T,Total,N,Neither seasonally adjusted nor calendar adjusted,GY,"Growth rate, over 1 year",2008,,15.40232,,A,Normal value,,,,,,,2,Two
DATAFLOW,OECD.SDD.TPS:DSD_PRICES@DF_PRICES_ALL(1.0),"Consumer price indices (CPIs, HICPs), COICOP 1999",I,LVA,Latvia,A,Annual,N,National,CPI,Consumer price index,PA,Percent per annum,_T,Total,N,Neither seasonally adjusted nor calendar adjusted,GY,"Growth rate, over 1 year",2009,,3.534107,,A,Normal value,,,,,,,2,Two
DATAFLOW,OECD.SDD.TPS:DSD_PRICES@DF_PRICES_ALL(1.0),"Consumer price indices (CPIs, HICPs), COICOP 1999",I,SVN,Slovenia,A,Annual,N,National,CPI,Consumer price index,PA,Percent per annum,_T,Total,N,Neither seasonally adjusted nor calendar adjusted,GY,"Growth rate, over 1 year",2009,,0.8392622,,A,Normal value,,,,,,,2,Two
DATAFLOW,OECD.SDD.TPS:DSD_PRICES@DF_PRICES_ALL(1.0),"Consumer price indices (CPIs, HICPs), COICOP 1999",I,SVN,Slovenia,A,Annual,N,National,CPI,Consumer price index,PA,Percent per annum,_T,Total,N,Neither seasonally adjusted nor calendar adjusted,GY,"Growth rate, over 1 year",2010,,1.80117,,A,Normal value,,,,,,,2,Two
DATAFLOW,OECD.SDD.TPS:DSD_PRICES@DF_PRICES_ALL(1.0),"Consumer price indices (CPIs, HICPs), COICOP 1999",I,SVN,Slovenia,A,Annual,N,National,CPI,Consumer price index,PA,Percent per annum,_T,Total,N,Neither seasonally adjusted nor calendar adjusted,GY,"Growth rate, over 1 year",2011,,1.802852,,A,Normal value,,,,,,,2,Two
DATAFLOW,OECD.SDD.TPS:DSD_PRICES@DF_PRICES_ALL(1.0),"Consumer price indices (CPIs, HICPs), COICOP 1999",I,SVN,Slovenia,A,Annual,N,National,CPI,Consumer price index,PA,Percent per annum,_T,Total,N,Neither seasonally adjusted nor calendar adjusted,GY,"Growth rate, over 1 year",2012,,2.597414,,A,Normal value,,,,,,,2,Two
DATAFLOW,OECD.SDD.TPS:DSD_PRICES@DF_PRICES_ALL(1.0),"Consumer price indices (CPIs, HICPs), COICOP 1999",I,SVN,Slovenia,A,Annual,N,National,CPI,Consumer price index,PA,Percent per annum,_T,Total,N,Neither seasonally adjusted nor calendar adjusted,GY,"Growth rate, over 1 year",2013,,1.769201,,A,Normal value,,,,,,,2,Two
DATAFLOW,OECD.SDD.TPS:DSD_PRICES@DF_PRICES_ALL(1.0),"Consumer price indices (CPIs, HICPs), COICOP 1999",I,SVN,Slovenia,A,Annual,N,National,CPI,Consumer price index,PA,Percent per annum,_T,Total,N,Neither seasonally adjusted nor calendar adjusted,GY,"Growth rate, over 1 year",2014,,0.1993438,,A,Normal value,,,,,,,2,Two
DATAFLOW,OECD.SDD.TPS:DSD_PRICES@DF_PRICES_ALL(1.0),"Consumer price indices (CPIs, HICPs), COICOP 1999",I,SVN,Slovenia,A,Annual,N,National,CPI,Consumer price index,PA,Percent per annum,_T,Total,N,Neither seasonally adjusted nor calendar adjusted,GY,"Growth rate, over 1 year",2015,,-0.5255523,,A,Normal value,,,,,,,2,Two
DATAFLOW,OECD.SDD.TPS:DSD_PRICES@DF_PRICES_ALL(1.0),"Consumer price indices (CPIs, HICPs), COICOP 1999",I,SVN,Slovenia,A,Annual,N,National,CPI,Consumer price index,PA,Percent per annum,_T,Total,N,Neither seasonally adjusted nor calendar adjusted,GY,"Growth rate, over 1 year",2016,,-0.05499954,,A,Normal value,,,,,,,2,Two
DATAFLOW,OECD.SDD.TPS:DSD_PRICES@DF_PRICES_ALL(1.0),"Consumer price indices (CPIs, HICPs), COICOP 1999",I,SVN,Slovenia,A,Annual,N,National,CPI,Consumer price index,PA,Percent per annum,_T,Total,N,Neither seasonally adjusted nor calendar adjusted,GY,"Growth rate, over 1 year",2017,,1.429107,,A,Normal value,,,,,,,2,Two
DATAFLOW,OECD.SDD.TPS:DSD_PRICES@DF_PRICES_ALL(1.0),"Consumer price indices (CPIs, HICPs), COICOP 1999",I,SVN,Slovenia,A,Annual,N,National,CPI,Consumer price index,PA,Percent per annum,_T,Total,N,Neither seasonally adjusted nor calendar adjusted,GY,"Growth rate, over 1 year",2018,,1.738609,,A,Normal value,,,,,,,2,Two
DATAFLOW,OECD.SDD.TPS:DSD_PRICES@DF_PRICES_ALL(1.0),"Consumer price indices (CPIs, HICPs), COICOP 1999",I,SVN,Slovenia,A,Annual,N,National,CPI,Consumer price index,PA,Percent per annum,_T,Total,N,Neither seasonally adjusted nor calendar adjusted,GY,"Growth rate, over 1 year",2019,,1.630523,,A,Normal value,,,,,,,2,Two
DATAFLOW,OECD.SDD.TPS:DSD_PRICES@DF_PRICES_ALL(1.0),"Consumer price indices (CPIs, HICPs), COICOP 1999",I,SVN,Slovenia,A,Annual,N,National,CPI,Consumer price index,PA,Percent per annum,_T,Total,N,Neither seasonally adjusted nor calendar adjusted,GY,"Growth rate, over 1 year",2020,,-0.05485681,,A,Normal value,,,,,,,2,Two
DATAFLOW,OECD.SDD.TPS:DSD_PRICES@DF_PRICES_ALL(1.0),"Consumer price indices (CPIs, HICPs), COICOP 1999",I,SVN,Slovenia,A,Annual,N,National,CPI,Consumer price index,PA,Percent per annum,_T,Total,N,Neither seasonally adjusted nor calendar adjusted,GY,"Growth rate, over 1 year",2021,,1.917065,,A,Normal value,,,,,,,2,Two
DATAFLOW,OECD.SDD.TPS:DSD_PRICES@DF_PRICES_ALL(1.0),"Consumer price indices (CPIs, HICPs), COICOP 1999",I,SVN,Slovenia,A,Annual,N,National,CPI,Consumer price index,PA,Percent per annum,_T,Total,N,Neither seasonally adjusted nor calendar adjusted,GY,"Growth rate, over 1 year",2022,,8.833699,,A,Normal value,,,,,,,2,Two
DATAFLOW,OECD.SDD.TPS:DSD_PRICES@DF_PRICES_ALL(1.0),"Consumer price indices (CPIs, HICPs), COICOP 1999",I,SVN,Slovenia,A,Annual,N,National,CPI,Consumer price index,PA,Percent per annum,_T,Total,N,Neither seasonally adjusted nor calendar adjusted,GY,"Growth rate, over 1 year",2023,,7.446877,,A,Normal value,,,,,,,2,Two
DATAFLOW,OECD.SDD.TPS:DSD_PRICES@DF_PRICES_ALL(1.0),"Consumer price indices (CPIs, HICPs), COICOP 1999",I,SVN,Slovenia,A,Annual,N,National,CPI,Consumer price index,PA,Percent per annum,_T,Total,N,Neither seasonally adjusted nor calendar adjusted,GY,"Growth rate, over 1 year",2024,,1.965627,,A,Normal value,,,,,,,2,Two
DATAFLOW,OECD.SDD.TPS:DSD_PRICES@DF_PRICES_ALL(1.0),"Consumer price indices (CPIs, HICPs), COICOP 1999",I,SVN,Slovenia,A,Annual,N,National,CPI,Consumer price index,PA,Percent per annum,_T,Total,N,Neither seasonally adjusted nor calendar adjusted,GY,"Growth rate, over 1 year",2025,,2.372848,,A,Normal value,,,,,,,2,Two
DATAFLOW,OECD.SDD.TPS:DSD_PRICES@DF_PRICES_ALL(1.0),"Consumer price indices (CPIs, HICPs), COICOP 1999",I,SWE,Sweden,A,Annual,N,National,CPI,Consumer price index,PA,Percent per annum,_T,Total,N,Neither seasonally adjusted nor calendar adjusted,GY,"Growth rate, over 1 year",1988,,5.824899,,A,Normal value,,,,,,,2,Two
DATAFLOW,OECD.SDD.TPS:DSD_PRICES@DF_PRICES_ALL(1.0),"Consumer price indices (CPIs, HICPs), COICOP 1999",I,SWE,Sweden,A,Annual,N,National,CPI,Consumer price index,PA,Percent per annum,_T,Total,N,Neither seasonally adjusted nor calendar adjusted,GY,"Growth rate, over 1 year",1989,,6.443276,,A,Normal value,,,,,,,2,Two
DATAFLOW,OECD.SDD.TPS:DSD_PRICES@DF_PRICES_ALL(1.0),"Consumer price indices (CPIs, HICPs), COICOP 1999",I,SWE,Sweden,A,Annual,N,National,CPI,Consumer price index,PA,Percent per annum,_T,Total,N,Neither seasonally adjusted nor calendar adjusted,GY,"Growth rate, over 1 year",1990,,10.36655,,A,Normal value,,,,,,,2,Two
DATAFLOW,OECD.SDD.TPS:DSD_PRICES@DF_PRICES_ALL(1.0),"Consumer price indices (CPIs, HICPs), COICOP 1999",I,SWE,Sweden,A,Annual,N,National,CPI,Consumer price index,PA,Percent per annum,_T,Total,N,Neither seasonally adjusted nor calendar adjusted,GY,"Growth rate, over 1 year",1991,,9.444628,,A,Normal value,,,,,,,2,Two
DATAFLOW,OECD.SDD.TPS:DSD_PRICES@DF_PRICES_ALL(1.0),"Consumer price indices (CPIs, HICPs), COICOP 1999",I,SWE,Sweden,A,Annual,N,National,CPI,Consumer price index,PA,Percent per annum,_T,Total,N,Neither seasonally adjusted nor calendar adjusted,GY,"Growth rate, over 1 year",1992,,2.374367,,A,Normal value,,,,,,,2,Two
DATAFLOW,OECD.SDD.TPS:DSD_PRICES@DF_PRICES_ALL(1.0),"Consumer price indices (CPIs, HICPs), COICOP 1999",I,SWE,Sweden,A,Annual,N,National,CPI,Consumer price index,PA,Percent per annum,_T,Total,N,Neither seasonally adjusted nor calendar adjusted,GY,"Growth rate, over 1 year",1993,,4.728173,,A,Normal value,,,,,,,2,Two
DATAFLOW,OECD.SDD.TPS:DSD_PRICES@DF_PRICES_ALL(1.0),"Consumer price indices (CPIs, HICPs), COICOP 1999",I,SWE,Sweden,A,Annual,N,National,CPI,Consumer price index,PA,Percent per annum,_T,Total,N,Neither seasonally adjusted nor calendar adjusted,GY,"Growth rate, over 1 year",1994,,2.158138,,A,Normal value,,,,,,,2,Two
DATAFLOW,OECD.SDD.TPS:DSD_PRICES@DF_PRICES_ALL(1.0),"Consumer price indices (CPIs, HICPs), COICOP 1999",I,SWE,Sweden,A,Annual,N,National,CPI,Consumer price index,PA,Percent per annum,_T,Total,N,Neither seasonally adjusted nor calendar adjusted,GY,"Growth rate, over 1 year",1995,,2.455149,,A,Normal value,,,,,,,2,Two
DATAFLOW,OECD.SDD.TPS:DSD_PRICES@DF_PRICES_ALL(1.0),"Consumer price indices (CPIs, HICPs), COICOP 1999",I,SWE,Sweden,A,Annual,N,National,CPI,Consumer price index,PA,Percent per annum,_T,Total,N,Neither seasonally adjusted nor calendar adjusted,GY,"Growth rate, over 1 year",1996,,0.533132,,A,Normal value,,,,,,,2,Two
DATAFLOW,OECD.SDD.TPS:DSD_PRICES@DF_PRICES_ALL(1.0),"Consumer price indices (CPIs, HICPs), COICOP 1999",I,SWE,Sweden,A,Annual,N,National,CPI,Consumer price index,PA,Percent per annum,_T,Total,N,Neither seasonally adjusted nor calendar adjusted,GY,"Growth rate, over 1 year",1997,,0.6584103,,A,Normal value,,,,,,,2,Two
DATAFLOW,OECD.SDD.TPS:DSD_PRICES@DF_PRICES_ALL(1.0),"Consumer price indices (CPIs, HICPs), COICOP 1999",I,SWE,Sweden,A,Annual,N,National,CPI,Consumer price index,PA,Percent per annum,_T,Total,N,Neither seasonally adjusted nor calendar adjusted,GY,"Growth rate, over 1 year",1998,,-0.2671327,,A,Normal value,,,,,,,2,Two
DATAFLOW,OECD.SDD.TPS:DSD_PRICES@DF_PRICES_ALL(1.0),"Consumer price indices (CPIs, HICPs), COICOP 1999",I,SWE,Sweden,A,Annual,N,National,CPI,Consumer price index,PA,Percent per annum,_T,Total,N,Neither seasonally adjusted nor calendar adjusted,GY,"Growth rate, over 1 year",1999,,0.4621758,,A,Normal value,,,,,,,2,Two
DATAFLOW,OECD.SDD.TPS:DSD_PRICES@DF_PRICES_ALL(1.0),"Consumer price indices (CPIs, HICPs), COICOP 1999",I,SWE,Sweden,A,Annual,N,National,CPI,Consumer price index,PA,Percent per annum,_T,Total,N,Neither seasonally adjusted nor calendar adjusted,GY,"Growth rate, over 1 year",2000,,0.8991438,,A,Normal value,,,,,,,2,Two
DATAFLOW,OECD.SDD.TPS:DSD_PRICES@DF_PRICES_ALL(1.0),"Consumer price indices (CPIs, HICPs), COICOP 1999",I,SWE,Sweden,A,Annual,N,National,CPI,Consumer price index,PA,Percent per annum,_T,Total,N,Neither seasonally adjusted nor calendar adjusted,GY,"Growth rate, over 1 year",2001,,2.405958,,A,Normal value,,,,,,,2,Two
DATAFLOW,OECD.SDD.TPS:DSD_PRICES@DF_PRICES_ALL(1.0),"Consumer price indices (CPIs, HICPs), COICOP 1999",I,SWE,Sweden,A,Annual,N,National,CPI,Consumer price index,PA,Percent per annum,_T,Total,N,Neither seasonally adjusted nor calendar adjusted,GY,"Growth rate, over 1 year",2002,,2.158482,,A,Normal value,,,,,,,2,Two
DATAFLOW,OECD.SDD.TPS:DSD_PRICES@DF_PRICES_ALL(1.0),"Consumer price indices (CPIs, HICPs), COICOP 1999",I,SWE,Sweden,A,Annual,N,National,CPI,Consumer price index,PA,Percent per annum,_T,Total,N,Neither seasonally adjusted nor calendar adjusted,GY,"Growth rate, over 1 year",2003,,1.925655,,A,Normal value,,,,,,,2,Two
DATAFLOW,OECD.SDD.TPS:DSD_PRICES@DF_PRICES_ALL(1.0),"Consumer price indices (CPIs, HICPs), COICOP 1999",I,SWE,Sweden,A,Annual,N,National,CPI,Consumer price index,PA,Percent per annum,_T,Total,N,Neither seasonally adjusted nor calendar adjusted,GY,"Growth rate, over 1 year",2004,,0.3736598,,A,Normal value,,,,,,,2,Two
DATAFLOW,OECD.SDD.TPS:DSD_PRICES@DF_PRICES_ALL(1.0),"Consumer price indices (CPIs, HICPs), COICOP 1999",I,SWE,Sweden,A,Annual,N,National,CPI,Consumer price index,PA,Percent per annum,_T,Total,N,Neither seasonally adjusted nor calendar adjusted,GY,"Growth rate, over 1 year",2005,,0.4531709,,A,Normal value,,,,,,,2,Two
DATAFLOW,OECD.SDD.TPS:DSD_PRICES@DF_PRICES_ALL(1.0),"Consumer price indices (CPIs, HICPs), COICOP 1999",I,SWE,Sweden,A,Annual,N,National,CPI,Consumer price index,PA,Percent per annum,_T,Total,N,Neither seasonally adjusted nor calendar adjusted,GY,"Growth rate, over 1 year",2006,,1.360215,,A,Normal value,,,,,,,2,Two
DATAFLOW,OECD.SDD.TPS:DSD_PRICES@DF_PRICES_ALL(1.0),"Consumer price indices (CPIs, HICPs), COICOP 1999",I,SWE,Sweden,A,Annual,N,National,CPI,Consumer price index,PA,Percent per annum,_T,Total,N,Neither seasonally adjusted nor calendar adjusted,GY,"Growth rate, over 1 year",2007,,2.212169,,A,Normal value,,,,,,,2,Two
DATAFLOW,OECD.SDD.TPS:DSD_PRICES@DF_PRICES_ALL(1.0),"Consumer price indices (CPIs, HICPs), COICOP 1999",I,SWE,Sweden,A,Annual,N,National,CPI,Consumer price index,PA,Percent per annum,_T,Total,N,Neither seasonally adjusted nor calendar adjusted,GY,"Growth rate, over 1 year",2008,,3.437049,,A,Normal value,,,,,,,2,Two
DATAFLOW,OECD.SDD.TPS:DSD_PRICES@DF_PRICES_ALL(1.0),"Consumer price indices (CPIs, HICPs), COICOP 1999",I,SWE,Sweden,A,Annual,N,National,CPI,Consumer price index,PA,Percent per annum,_T,Total,N,Neither seasonally adjusted nor calendar adjusted,GY,"Growth rate, over 1 year",2009,,-0.4944606,,A,Normal value,,,,,,,2,Two
DATAFLOW,OECD.SDD.TPS:DSD_PRICES@DF_PRICES_ALL(1.0),"Consumer price indices (CPIs, HICPs), COICOP 1999",I,SWE,Sweden,A,Annual,N,National,CPI,Consumer price index,PA,Percent per annum,_T,Total,N,Neither seasonally adjusted nor calendar adjusted,GY,"Growth rate, over 1 year",2010,,1.157988,,A,Normal value,,,,,,,2,Two
DATAFLOW,OECD.SDD.TPS:DSD_PRICES@DF_PRICES_ALL(1.0),"Consumer price indices (CPIs, HICPs), COICOP 1999",I,SWE,Sweden,A,Annual,N,National,CPI,Consumer price index,PA,Percent per annum,_T,Total,N,Neither seasonally adjusted nor calendar adjusted,GY,"Growth rate, over 1 year",2011,,2.961151,,A,Normal value,,,,,,,2,Two
DATAFLOW,OECD.SDD.TPS:DSD_PRICES@DF_PRICES_ALL(1.0),"Consumer price indices (CPIs, HICPs), COICOP 1999",I,SWE,Sweden,A,Annual,N,National,CPI,Consumer price index,PA,Percent per annum,_T,Total,N,Neither seasonally adjusted nor calendar adjusted,GY,"Growth rate, over 1 year",2012,,0.8883775,,A,Normal value,,,,,,,2,Two
DATAFLOW,OECD.SDD.TPS:DSD_PRICES@DF_PRICES_ALL(1.0),"Consumer price indices (CPIs, HICPs), COICOP 1999",I,AUS,Australia,A,Annual,N,National,CPI,Consumer price index,PA,Percent per annum,_T,Total,N,Neither seasonally adjusted nor calendar adjusted,GY,"Growth rate, over 1 year",1988,,7.21594,,A,Normal value,,,,,,,2,Two
DATAFLOW,OECD.SDD.TPS:DSD_PRICES@DF_PRICES_ALL(1.0),"Consumer price indices (CPIs, HICPs), COICOP 1999",I,AUS,Australia,A,Annual,N,National,CPI,Consumer price index,PA,Percent per annum,_T,Total,N,Neither seasonally adjusted nor calendar adjusted,GY,"Growth rate, over 1 year",1989,,7.533903,,A,Normal value,,,,,,,2,Two
DATAFLOW,OECD.SDD.TPS:DSD_PRICES@DF_PRICES_ALL(1.0),"Consumer price indices (CPIs, HICPs), COICOP 1999",I,AUS,Australia,A,Annual,N,National,CPI,Consumer price index,PA,Percent per annum,_T,Total,N,Neither seasonally adjusted nor calendar adjusted,GY,"Growth rate, over 1 year",1990,,7.333022,,A,Normal value,,,,,,,2,Two
DATAFLOW,OECD.SDD.TPS:DSD_PRICES@DF_PRICES_ALL(1.0),"Consumer price indices (CPIs, HICPs), COICOP 1999",I,AUS,Australia,A,Annual,N,National,CPI,Consumer price index,PA,Percent per annum,_T,Total,N,Neither seasonally adjusted nor calendar adjusted,GY,"Growth rate, over 1 year",1991,,3.176675,,A,Normal value,,,,,,,2,Two
DATAFLOW,OECD.SDD.TPS:DSD_PRICES@DF_PRICES_ALL(1.0),"Consumer price indices (CPIs, HICPs), COICOP 1999",I,AUS,Australia,A,Annual,N,National,CPI,Consumer price index,PA,Percent per annum,_T,Total,N,Neither seasonally adjusted nor calendar adjusted,GY,"Growth rate, over 1 year",1992,,1.012231,,A,Normal value,,,,,,,2,Two
DATAFLOW,OECD.SDD.TPS:DSD_PRICES@DF_PRICES_ALL(1.0),"Consumer price indices (CPIs, HICPs), COICOP 1999",I,AUS,Australia,A,Annual,N,National,CPI,Consumer price index,PA,Percent per annum,_T,Total,N,Neither seasonally adjusted nor calendar adjusted,GY,"Growth rate, over 1 year",1993,,1.753653,,A,Normal value,,,,,,,2,Two
DATAFLOW,OECD.SDD.TPS:DSD_PRICES@DF_PRICES_ALL(1.0),"Consumer price indices (CPIs, HICPs), COICOP 1999",I,AUS,Australia,A,Annual,N,National,CPI,Consumer price index,PA,Percent per annum,_T,Total,N,Neither seasonally adjusted nor calendar adjusted,GY,"Growth rate, over 1 year",1994,,1.969635,,A,Normal value,,,,,,,2,Two
DATAFLOW,OECD.SDD.TPS:DSD_PRICES@DF_PRICES_ALL(1.0),"Consumer price indices (CPIs, HICPs), COICOP 1999",I,AUS,Australia,A,Annual,N,National,CPI,Consumer price index,PA,Percent per annum,_T,Total,N,Neither seasonally adjusted nor calendar adjusted,GY,"Growth rate, over 1 year",1995,,4.627767,,A,Normal value,,,,,,,2,Two
DATAFLOW,OECD.SDD.TPS:DSD_PRICES@DF_PRICES_ALL(1.0),"Consumer price indices (CPIs, HICPs), COICOP 1999",I,AUS,Australia,A,Annual,N,National,CPI,Consumer price index,PA,Percent per annum,_T,Total,N,Neither seasonally adjusted nor calendar adjusted,GY,"Growth rate, over 1 year",1996,,2.615385,,A,Normal value,,,,,,,2,Two
DATAFLOW,OECD.SDD.TPS:DSD_PRICES@DF_PRICES_ALL(1.0),"Consumer price indices (CPIs, HICPs), COICOP 1999",I,AUS,Australia,A,Annual,N,National,CPI,Consumer price index,PA,Percent per annum,_T,Total,N,Neither seasonally adjusted nor calendar adjusted,GY,"Growth rate, over 1 year",1997,,0.2248876,,A,Normal value,,,,,,,2,Two
DATAFLOW,OECD.SDD.TPS:DSD_PRICES@DF_PRICES_ALL(1.0),"Consumer price indices (CPIs, HICPs), COICOP 1999",I,AUS,Australia,A,Annual,N,National,CPI,Consumer price index,PA,Percent per annum,_T,Total,N,Neither seasonally adjusted nor calendar adjusted,GY,"Growth rate, over 1 year",1998,,0.8601347,,A,Normal value,,,,,,,2,Two
DATAFLOW,OECD.SDD.TPS:DSD_PRICES@DF_PRICES_ALL(1.0),"Consumer price indices (CPIs, HICPs), COICOP 1999",I,AUS,Australia,A,Annual,N,National,CPI,Consumer price index,PA,Percent per annum,_T,Total,N,Neither seasonally adjusted nor calendar adjusted,GY,"Growth rate, over 1 year",1999,,1.483129,,A,Normal value,,,,,,,2,Two
DATAFLOW,OECD.SDD.TPS:DSD_PRICES@DF_PRICES_ALL(1.0),"Consumer price indices (CPIs, HICPs), COICOP 1999",I,AUS,Australia,A,Annual,N,National,CPI,Consumer price index,PA,Percent per annum,_T,Total,N,Neither seasonally adjusted nor calendar adjusted,GY,"Growth rate, over 1 year",2000,,4.457435,,A,Normal value,,,,,,,2,Two
DATAFLOW,OECD.SDD.TPS:DSD_PRICES@DF_PRICES_ALL(1.0),"Consumer price indices (CPIs, HICPs), COICOP 1999",I,AUS,Australia,A,Annual,N,National,CPI,Consumer price index,PA,Percent per annum,_T,Total,N,Neither seasonally adjusted nor calendar adjusted,GY,"Growth rate, over 1 year",2001,,4.407135,,A,Normal value,,,,,,,2,Two
DATAFLOW,OECD.SDD.TPS:DSD_PRICES@DF_PRICES_ALL(1.0),"Consumer price indices (CPIs, HICPs), COICOP 1999",I,AUS,Australia,A,Annual,N,National,CPI,Consumer price index,PA,Percent per annum,_T,Total,N,Neither seasonally adjusted nor calendar adjusted,GY,"Growth rate, over 1 year",2002,,2.981575,,A,Normal value,,,,,,,2,Two
DATAFLOW,OECD.SDD.TPS:DSD_PRICES@DF_PRICES_ALL(1.0),"Consumer price indices (CPIs, HICPs), COICOP 1999",I,AUS,Australia,A,Annual,N,National,CPI,Consumer price index,PA,Percent per annum,_T,Total,N,Neither seasonally adjusted nor calendar adjusted,GY,"Growth rate, over 1 year",2003,,2.732596,,A,Normal value,,,,,,,2,Two
DATAFLOW,OECD.SDD.TPS:DSD_PRICES@DF_PRICES_ALL(1.0),"Consumer price indices (CPIs, HICPs), COICOP 1999",I,AUS,Australia,A,Annual,N,National,CPI,Consumer price index,PA,Percent per annum,_T,Total,N,Neither seasonally adjusted nor calendar adjusted,GY,"Growth rate, over 1 year",2004,,2.343255,,A,Normal value,,,,,,,2,Two
DATAFLOW,OECD.SDD.TPS:DSD_PRICES@DF_PRICES_ALL(1.0),"Consumer price indices (CPIs, HICPs), COICOP 1999",I,AUS,Australia,A,Annual,N,National,CPI,Consumer price index,PA,Percent per annum,_T,Total,N,Neither seasonally adjusted nor calendar adjusted,GY,"Growth rate, over 1 year",2005,,2.691832,,A,Normal value,,,,,,,2,Two
DATAFLOW,OECD.SDD.TPS:DSD_PRICES@DF_PRICES_ALL(1.0),"Consumer price indices (CPIs, HICPs), COICOP 1999",I,AUS,Australia,A,Annual,N,National,CPI,Consumer price index,PA,Percent per annum,_T,Total,N,Neither seasonally adjusted nor calendar adjusted,GY,"Growth rate, over 1 year",2006,,3.555288,,A,Normal value,,,,,,,2,Two
DATAFLOW,OECD.SDD.TPS:DSD_PRICES@DF_PRICES_ALL(1.0),"Consumer price indices (CPIs, HICPs), COICOP 1999",I,AUS,Australia,A,Annual,N,National,CPI,Consumer price index,PA,Percent per annum,_T,Total,N,Neither seasonally adjusted nor calendar adjusted,GY,"Growth rate, over 1 year",2007,,2.327611,,A,Normal value,,,,,,,2,Two
DATAFLOW,OECD.SDD.TPS:DSD_PRICES@DF_PRICES_ALL(1.0),"Consumer price indices (CPIs, HICPs), COICOP 1999",I,AUS,Australia,A,Annual,N,National,CPI,Consumer price index,PA,Percent per annum,_T,Total,N,Neither seasonally adjusted nor calendar adjusted,GY,"Growth rate, over 1 year",2008,,4.350298,,A,Normal value,,,,,,,2,Two
DATAFLOW,OECD.SDD.TPS:DSD_PRICES@DF_PRICES_ALL(1.0),"Consumer price indices (CPIs, HICPs), COICOP 1999",I,AUS,Australia,A,Annual,N,National,CPI,Consumer price index,PA,Percent per annum,_T,Total,N,Neither seasonally adjusted nor calendar adjusted,GY,"Growth rate, over 1 year",2009,,1.771117,,A,Normal value,,,,,,,2,Two
DATAFLOW,OECD.SDD.TPS:DSD_PRICES@DF_PRICES_ALL(1.0),"Consumer price indices (CPIs, HICPs), COICOP 1999",I,AUS,Australia,A,Annual,N,National,CPI,Consumer price index,PA,Percent per annum,_T,Total,N,Neither seasonally adjusted nor calendar adjusted,GY,"Growth rate, over 1 year",2010,,2.91834,,A,Normal value,,,,,,,2,Two
DATAFLOW,OECD.SDD.TPS:DSD_PRICES@DF_PRICES_ALL(1.0),"Consumer price indices (CPIs, HICPs), COICOP 1999",I,AUS,Australia,A,Annual,N,National,CPI,Consumer price index,PA,Percent per annum,_T,Total,N,Neither seasonally adjusted nor calendar adjusted,GY,"Growth rate, over 1 year",2011,,3.30385,,A,Normal value,,,,,,,2,Two
DATAFLOW,OECD.SDD.TPS:DSD_PRICES@DF_PRICES_ALL(1.0),"Consumer price indices (CPIs, HICPs), COICOP 1999",I,AUS,Australia,A,Annual,N,National,CPI,Consumer price index,PA,Percent per annum,_T,Total,N,Neither seasonally adjusted nor calendar adjusted,GY,"Growth rate, over 1 year",2012,,1.76278,,A,Normal value,,,,,,,2,Two
DATAFLOW,OECD.SDD.TPS:DSD_PRICES@DF_PRICES_ALL(1.0),"Consumer price indices (CPIs, HICPs), COICOP 1999",I,AUS,Australia,A,Annual,N,National,CPI,Consumer price index,PA,Percent per annum,_T,Total,N,Neither seasonally adjusted nor calendar adjusted,GY,"Growth rate, over 1 year",2013,,2.449889,,A,Normal value,,,,,,,2,Two
DATAFLOW,OECD.SDD.TPS:DSD_PRICES@DF_PRICES_ALL(1.0),"Consumer price indices (CPIs, HICPs), COICOP 1999",I,AUS,Australia,A,Annual,N,National,CPI,Consumer price index,PA,Percent per annum,_T,Total,N,Neither seasonally adjusted nor calendar adjusted,GY,"Growth rate, over 1 year",2014,,2.487923,,A,Normal value,,,,,,,2,Two
DATAFLOW,OECD.SDD.TPS:DSD_PRICES@DF_PRICES_ALL(1.0),"Consumer price indices (CPIs, HICPs), COICOP 1999",I,AUS,Australia,A,Annual,N,National,CPI,Consumer price index,PA,Percent per annum,_T,Total,N,Neither seasonally adjusted nor calendar adjusted,GY,"Growth rate, over 1 year",2015,,1.508367,,A,Normal value,,,,,,,2,Two
DATAFLOW,OECD.SDD.TPS:DSD_PRICES@DF_PRICES_ALL(1.0),"Consumer price indices (CPIs, HICPs), COICOP 1999",I,AUS,Australia,A,Annual,N,National,CPI,Consumer price index,PA,Percent per annum,_T,Total,N,Neither seasonally adjusted nor calendar adjusted,GY,"Growth rate, over 1 year",2016,,1.276991,,A,Normal value,,,,,,,2,Two
DATAFLOW,OECD.SDD.TPS:DSD_PRICES@DF_PRICES_ALL(1.0),"Consumer price indices (CPIs, HICPs), COICOP 1999",I,AUS,Australia,A,Annual,N,National,CPI,Consumer price index,PA,Percent per annum,_T,Total,N,Neither seasonally adjusted nor calendar adjusted,GY,"Growth rate, over 1 year",2017,,1.948647,,A,Normal value,,,,,,,2,Two
DATAFLOW,OECD.SDD.TPS:DSD_PRICES@DF_PRICES_ALL(1.0),"Consumer price indices (CPIs, HICPs), COICOP 1999",I,AUS,Australia,A,Annual,N,National,CPI,Consumer price index,PA,Percent per annum,_T,Total,N,Neither seasonally adjusted nor calendar adjusted,GY,"Growth rate, over 1 year",2018,,1.911401,,A,Normal value,,,,,,,2,Two
DATAFLOW,OECD.SDD.TPS:DSD_PRICES@DF_PRICES_ALL(1.0),"Consumer price indices (CPIs, HICPs), COICOP 1999",I,AUS,Australia,A,Annual,N,National,CPI,Consumer price index,PA,Percent per annum,_T,Total,N,Neither seasonally adjusted nor calendar adjusted,GY,"Growth rate, over 1 year",2019,,1.610768,,A,Normal value,,,,,,,2,Two
DATAFLOW,OECD.SDD.TPS:DSD_PRICES@DF_PRICES_ALL(1.0),"Consumer price indices (CPIs, HICPs), COICOP 1999",I,AUS,Australia,A,Annual,N,National,CPI,Consumer price index,PA,Percent per annum,_T,Total,N,Neither seasonally adjusted nor calendar adjusted,GY,"Growth rate, over 1 year",2020,,0.8469055,,A,Normal value,,,,,,,2,Two
DATAFLOW,OECD.SDD.TPS:DSD_PRICES@DF_PRICES_ALL(1.0),"Consumer price indices (CPIs, HICPs), COICOP 1999",I,AUS,Australia,A,Annual,N,National,CPI,Consumer price index,PA,Percent per annum,_T,Total,N,Neither seasonally adjusted nor calendar adjusted,GY,"Growth rate, over 1 year",2021,,2.86391,,A,Normal value,,,,,,,2,Two
DATAFLOW,OECD.SDD.TPS:DSD_PRICES@DF_PRICES_ALL(1.0),"Consumer price indices (CPIs, HICPs), COICOP 1999",I,AUS,Australia,A,Annual,N,National,CPI,Consumer price index,PA,Percent per annum,_T,Total,N,Neither seasonally adjusted nor calendar adjusted,GY,"Growth rate, over 1 year",2022,,6.594097,,A,Normal value,,,,,,,2,Two
DATAFLOW,OECD.SDD.TPS:DSD_PRICES@DF_PRICES_ALL(1.0),"Consumer price indices (CPIs, HICPs), COICOP 1999",I,AUS,Australia,A,Annual,N,National,CPI,Consumer price index,PA,Percent per annum,_T,Total,N,Neither seasonally adjusted nor calendar adjusted,GY,"Growth rate, over 1 year",2023,,5.597015,,A,Normal value,,,,,,,2,Two
DATAFLOW,OECD.SDD.TPS:DSD_PRICES@DF_PRICES_ALL(1.0),"Consumer price indices (CPIs, HICPs), COICOP 1999",I,AUS,Australia,A,Annual,N,National,CPI,Consumer price index,PA,Percent per annum,_T,Total,N,Neither seasonally adjusted nor calendar adjusted,GY,"Growth rate, over 1 year",2024,,3.16657,,A,Normal value,,,,,,,2,Two
DATAFLOW,OECD.SDD.TPS:DSD_PRICES@DF_PRICES_ALL(1.0),"Consumer price indices (CPIs, HICPs), COICOP 1999",I,AUS,Australia,A,Annual,N,National,CPI,Consumer price index,PA,Percent per annum,_T,Total,N,Neither seasonally adjusted nor calendar adjusted,GY,"Growth rate, over 1 year",2025,,2.874038,,A,Normal value,,,,,,,2,Two
DATAFLOW,OECD.SDD.TPS:DSD_PRICES@DF_PRICES_ALL(1.0),"Consumer price indices (CPIs, HICPs), COICOP 1999",I,GBR,United Kingdom,A,Annual,N,National,CPI,Consumer price index,PA,Percent per annum,_T,Total,N,Neither seasonally adjusted nor calendar adjusted,GY,"Growth rate, over 1 year",1989,,5.7,,A,Normal value,,,,,,,2,Two
DATAFLOW,OECD.SDD.TPS:DSD_PRICES@DF_PRICES_ALL(1.0),"Consumer price indices (CPIs, HICPs), COICOP 1999",I,GBR,United Kingdom,A,Annual,N,National,CPI,Consumer price index,PA,Percent per annum,_T,Total,N,Neither seasonally adjusted nor calendar adjusted,GY,"Growth rate, over 1 year",1990,,8,,A,Normal value,,,,,,,2,Two
DATAFLOW,OECD.SDD.TPS:DSD_PRICES@DF_PRICES_ALL(1.0),"Consumer price indices (CPIs, HICPs), COICOP 1999",I,GBR,United Kingdom,A,Annual,N,National,CPI,Consumer price index,PA,Percent per annum,_T,Total,N,Neither seasonally adjusted nor calendar adjusted,GY,"Growth rate, over 1 year",1991,,7.5,,A,Normal value,,,,,,,2,Two
DATAFLOW,OECD.SDD.TPS:DSD_PRICES@DF_PRICES_ALL(1.0),"Consumer price indices (CPIs, HICPs), COICOP 1999",I,GBR,United Kingdom,A,Annual,N,National,CPI,Consumer price index,PA,Percent per annum,_T,Total,N,Neither seasonally adjusted nor calendar adjusted,GY,"Growth rate, over 1 year",1992,,4.6,,A,Normal value,,,,,,,2,Two
DATAFLOW,OECD.SDD.TPS:DSD_PRICES@DF_PRICES_ALL(1.0),"Consumer price indices (CPIs, HICPs), COICOP 1999",I,GBR,United Kingdom,A,Annual,N,National,CPI,Consumer price index,PA,Percent per annum,_T,Total,N,Neither seasonally adjusted nor calendar adjusted,GY,"Growth rate, over 1 year",1993,,2.6,,A,Normal value,,,,,,,2,Two
DATAFLOW,OECD.SDD.TPS:DSD_PRICES@DF_PRICES_ALL(1.0),"Consumer price indices (CPIs, HICPs), COICOP 1999",I,GBR,United Kingdom,A,Annual,N,National,CPI,Consumer price index,PA,Percent per annum,_T,Total,N,Neither seasonally adjusted nor calendar adjusted,GY,"Growth rate, over 1 year",1994,,2.2,,A,Normal value,,,,,,,2,Two
DATAFLOW,OECD.SDD.TPS:DSD_PRICES@DF_PRICES_ALL(1.0),"Consumer price indices (CPIs, HICPs), COICOP 1999",I,GBR,United Kingdom,A,Annual,N,National,CPI,Consumer price index,PA,Percent per annum,_T,Total,N,Neither seasonally adjusted nor calendar adjusted,GY,"Growth rate, over 1 year",1995,,2.7,,A,Normal value,,,,,,,2,Two
DATAFLOW,OECD.SDD.TPS:DSD_PRICES@DF_PRICES_ALL(1.0),"Consumer price indices (CPIs, HICPs), COICOP 1999",I,GBR,United Kingdom,A,Annual,N,National,CPI,Consumer price index,PA,Percent per annum,_T,Total,N,Neither seasonally adjusted nor calendar adjusted,GY,"Growth rate, over 1 year",1996,,2.9,,A,Normal value,,,,,,,2,Two
DATAFLOW,OECD.SDD.TPS:DSD_PRICES@DF_PRICES_ALL(1.0),"Consumer price indices (CPIs, HICPs), COICOP 1999",I,GBR,United Kingdom,A,Annual,N,National,CPI,Consumer price index,PA,Percent per annum,_T,Total,N,Neither seasonally adjusted nor calendar adjusted,GY,"Growth rate, over 1 year",1997,,2.2,,A,Normal value,,,,,,,2,Two
DATAFLOW,OECD.SDD.TPS:DSD_PRICES@DF_PRICES_ALL(1.0),"Consumer price indices (CPIs, HICPs), COICOP 1999",I,GBR,United Kingdom,A,Annual,N,National,CPI,Consumer price index,PA,Percent per annum,_T,Total,N,Neither seasonally adjusted nor calendar adjusted,GY,"Growth rate, over 1 year",1998,,1.8,,A,Normal value,,,,,,,2,Two
DATAFLOW,OECD.SDD.TPS:DSD_PRICES@DF_PRICES_ALL(1.0),"Consumer price indices (CPIs, HICPs), COICOP 1999",I,GBR,United Kingdom,A,Annual,N,National,CPI,Consumer price index,PA,Percent per annum,_T,Total,N,Neither seasonally adjusted nor calendar adjusted,GY,"Growth rate, over 1 year",1999,,1.7,,A,Normal value,,,,,,,2,Two
DATAFLOW,OECD.SDD.TPS:DSD_PRICES@DF_PRICES_ALL(1.0),"Consumer price indices (CPIs, HICPs), COICOP 1999",I,GBR,United Kingdom,A,Annual,N,National,CPI,Consumer price index,PA,Percent per annum,_T,Total,N,Neither seasonally adjusted nor calendar adjusted,GY,"Growth rate, over 1 year",2000,,1.2,,A,Normal value,,,,,,,2,Two
DATAFLOW,OECD.SDD.TPS:DSD_PRICES@DF_PRICES_ALL(1.0),"Consumer price indices (CPIs, HICPs), COICOP 1999",I,GBR,United Kingdom,A,Annual,N,National,CPI,Consumer price index,PA,Percent per annum,_T,Total,N,Neither seasonally adjusted nor calendar adjusted,GY,"Growth rate, over 1 year",2001,,1.6,,A,Normal value,,,,,,,2,Two
DATAFLOW,OECD.SDD.TPS:DSD_PRICES@DF_PRICES_ALL(1.0),"Consumer price indices (CPIs, HICPs), COICOP 1999",I,GBR,United Kingdom,A,Annual,N,National,CPI,Consumer price index,PA,Percent per annum,_T,Total,N,Neither seasonally adjusted nor calendar adjusted,GY,"Growth rate, over 1 year",2002,,1.5,,A,Normal value,,,,,,,2,Two
DATAFLOW,OECD.SDD.TPS:DSD_PRICES@DF_PRICES_ALL(1.0),"Consumer price indices (CPIs, HICPs), COICOP 1999",I,GBR,United Kingdom,A,Annual,N,National,CPI,Consumer price index,PA,Percent per annum,_T,Total,N,Neither seasonally adjusted nor calendar adjusted,GY,"Growth rate, over 1 year",2003,,1.4,,A,Normal value,,,,,,,2,Two
DATAFLOW,OECD.SDD.TPS:DSD_PRICES@DF_PRICES_ALL(1.0),"Consumer price indices (CPIs, HICPs), COICOP 1999",I,GBR,United Kingdom,A,Annual,N,National,CPI,Consumer price index,PA,Percent per annum,_T,Total,N,Neither seasonally adjusted nor calendar adjusted,GY,"Growth rate, over 1 year",2004,,1.4,,A,Normal value,,,,,,,2,Two
DATAFLOW,OECD.SDD.TPS:DSD_PRICES@DF_PRICES_ALL(1.0),"Consumer price indices (CPIs, HICPs), COICOP 1999",I,GBR,United Kingdom,A,Annual,N,National,CPI,Consumer price index,PA,Percent per annum,_T,Total,N,Neither seasonally adjusted nor calendar adjusted,GY,"Growth rate, over 1 year",2005,,2.1,,A,Normal value,,,,,,,2,Two
DATAFLOW,OECD.SDD.TPS:DSD_PRICES@DF_PRICES_ALL(1.0),"Consumer price indices (CPIs, HICPs), COICOP 1999",I,GBR,United Kingdom,A,Annual,N,National,CPI,Consumer price index,PA,Percent per annum,_T,Total,N,Neither seasonally adjusted nor calendar adjusted,GY,"Growth rate, over 1 year",2006,,2.5,,A,Normal value,,,,,,,2,Two
DATAFLOW,OECD.SDD.TPS:DSD_PRICES@DF_PRICES_ALL(1.0),"Consumer price indices (CPIs, HICPs), COICOP 1999",I,GBR,United Kingdom,A,Annual,N,National,CPI,Consumer price index,PA,Percent per annum,_T,Total,N,Neither seasonally adjusted nor calendar adjusted,GY,"Growth rate, over 1 year",2007,,2.4,,A,Normal value,,,,,,,2,Two
DATAFLOW,OECD.SDD.TPS:DSD_PRICES@DF_PRICES_ALL(1.0),"Consumer price indices (CPIs, HICPs), COICOP 1999",I,GBR,United Kingdom,A,Annual,N,National,CPI,Consumer price index,PA,Percent per annum,_T,Total,N,Neither seasonally adjusted nor calendar adjusted,GY,"Growth rate, over 1 year",2008,,3.5,,A,Normal value,,,,,,,2,Two
DATAFLOW,OECD.SDD.TPS:DSD_PRICES@DF_PRICES_ALL(1.0),"Consumer price indices (CPIs, HICPs), COICOP 1999",I,GBR,United Kingdom,A,Annual,N,National,CPI,Consumer price index,PA,Percent per annum,_T,Total,N,Neither seasonally adjusted nor calendar adjusted,GY,"Growth rate, over 1 year",2009,,2,,A,Normal value,,,,,,,2,Two
DATAFLOW,OECD.SDD.TPS:DSD_PRICES@DF_PRICES_ALL(1.0),"Consumer price indices (CPIs, HICPs), COICOP 1999",I,GBR,United Kingdom,A,Annual,N,National,CPI,Consumer price index,PA,Percent per annum,_T,Total,N,Neither seasonally adjusted nor calendar adjusted,GY,"Growth rate, over 1 year",2010,,2.5,,A,Normal value,,,,,,,2,Two
DATAFLOW,OECD.SDD.TPS:DSD_PRICES@DF_PRICES_ALL(1.0),"Consumer price indices (CPIs, HICPs), COICOP 1999",I,GBR,United Kingdom,A,Annual,N,National,CPI,Consumer price index,PA,Percent per annum,_T,Total,N,Neither seasonally adjusted nor calendar adjusted,GY,"Growth rate, over 1 year",2011,,3.8,,A,Normal value,,,,,,,2,Two
DATAFLOW,OECD.SDD.TPS:DSD_PRICES@DF_PRICES_ALL(1.0),"Consumer price indices (CPIs, HICPs), COICOP 1999",I,GBR,United Kingdom,A,Annual,N,National,CPI,Consumer price index,PA,Percent per annum,_T,Total,N,Neither seasonally adjusted nor calendar adjusted,GY,"Growth rate, over 1 year",2012,,2.6,,A,Normal value,,,,,,,2,Two
DATAFLOW,OECD.SDD.TPS:DSD_PRICES@DF_PRICES_ALL(1.0),"Consumer price indices (CPIs, HICPs), COICOP 1999",I,GBR,United Kingdom,A,Annual,N,National,CPI,Consumer price index,PA,Percent per annum,_T,Total,N,Neither seasonally adjusted nor calendar adjusted,GY,"Growth rate, over 1 year",2013,,2.3,,A,Normal value,,,,,,,2,Two
DATAFLOW,OECD.SDD.TPS:DSD_PRICES@DF_PRICES_ALL(1.0),"Consumer price indices (CPIs, HICPs), COICOP 1999",I,GBR,United Kingdom,A,Annual,N,National,CPI,Consumer price index,PA,Percent per annum,_T,Total,N,Neither seasonally adjusted nor calendar adjusted,GY,"Growth rate, over 1 year",2014,,1.5,,A,Normal value,,,,,,,2,Two
DATAFLOW,OECD.SDD.TPS:DSD_PRICES@DF_PRICES_ALL(1.0),"Consumer price indices (CPIs, HICPs), COICOP 1999",I,GBR,United Kingdom,A,Annual,N,National,CPI,Consumer price index,PA,Percent per annum,_T,Total,N,Neither seasonally adjusted nor calendar adjusted,GY,"Growth rate, over 1 year",2015,,0.4,,A,Normal value,,,,,,,2,Two
DATAFLOW,OECD.SDD.TPS:DSD_PRICES@DF_PRICES_ALL(1.0),"Consumer price indices (CPIs, HICPs), COICOP 1999",I,GBR,United Kingdom,A,Annual,N,National,CPI,Consumer price index,PA,Percent per annum,_T,Total,N,Neither seasonally adjusted nor calendar adjusted,GY,"Growth rate, over 1 year",2016,,1,,A,Normal value,,,,,,,2,Two
DATAFLOW,OECD.SDD.TPS:DSD_PRICES@DF_PRICES_ALL(1.0),"Consumer price indices (CPIs, HICPs), COICOP 1999",I,GBR,United Kingdom,A,Annual,N,National,CPI,Consumer price index,PA,Percent per annum,_T,Total,N,Neither seasonally adjusted nor calendar adjusted,GY,"Growth rate, over 1 year",2017,,2.6,,A,Normal value,,,,,,,2,Two
DATAFLOW,OECD.SDD.TPS:DSD_PRICES@DF_PRICES_ALL(1.0),"Consumer price indices (CPIs, HICPs), COICOP 1999",I,GBR,United Kingdom,A,Annual,N,National,CPI,Consumer price index,PA,Percent per annum,_T,Total,N,Neither seasonally adjusted nor calendar adjusted,GY,"Growth rate, over 1 year",2018,,2.3,,A,Normal value,,,,,,,2,Two
DATAFLOW,OECD.SDD.TPS:DSD_PRICES@DF_PRICES_ALL(1.0),"Consumer price indices (CPIs, HICPs), COICOP 1999",I,GBR,United Kingdom,A,Annual,N,National,CPI,Consumer price index,PA,Percent per annum,_T,Total,N,Neither seasonally adjusted nor calendar adjusted,GY,"Growth rate, over 1 year",2019,,1.7,,A,Normal value,,,,,,,2,Two
DATAFLOW,OECD.SDD.TPS:DSD_PRICES@DF_PRICES_ALL(1.0),"Consumer price indices (CPIs, HICPs), COICOP 1999",I,GBR,United Kingdom,A,Annual,N,National,CPI,Consumer price index,PA,Percent per annum,_T,Total,N,Neither seasonally adjusted nor calendar adjusted,GY,"Growth rate, over 1 year",2020,,1,,A,Normal value,,,,,,,2,Two
DATAFLOW,OECD.SDD.TPS:DSD_PRICES@DF_PRICES_ALL(1.0),"Consumer price indices (CPIs, HICPs), COICOP 1999",I,GBR,United Kingdom,A,Annual,N,National,CPI,Consumer price index,PA,Percent per annum,_T,Total,N,Neither seasonally adjusted nor calendar adjusted,GY,"Growth rate, over 1 year",2021,,2.5,,A,Normal value,,,,,,,2,Two
DATAFLOW,OECD.SDD.TPS:DSD_PRICES@DF_PRICES_ALL(1.0),"Consumer price indices (CPIs, HICPs), COICOP 1999",I,GBR,United Kingdom,A,Annual,N,National,CPI,Consumer price index,PA,Percent per annum,_T,Total,N,Neither seasonally adjusted nor calendar adjusted,GY,"Growth rate, over 1 year",2022,,7.9,,A,Normal value,,,,,,,2,Two
DATAFLOW,OECD.SDD.TPS:DSD_PRICES@DF_PRICES_ALL(1.0),"Consumer price indices (CPIs, HICPs), COICOP 1999",I,GBR,United Kingdom,A,Annual,N,National,CPI,Consumer price index,PA,Percent per annum,_T,Total,N,Neither seasonally adjusted nor calendar adjusted,GY,"Growth rate, over 1 year",2023,,6.8,,A,Normal value,,,,,,,2,Two
DATAFLOW,OECD.SDD.TPS:DSD_PRICES@DF_PRICES_ALL(1.0),"Consumer price indices (CPIs, HICPs), COICOP 1999",I,GBR,United Kingdom,A,Annual,N,National,CPI,Consumer price index,PA,Percent per annum,_T,Total,N,Neither seasonally adjusted nor calendar adjusted,GY,"Growth rate, over 1 year",2024,,3.3,,A,Normal value,,,,,,,2,Two
DATAFLOW,OECD.SDD.TPS:DSD_PRICES@DF_PRICES_ALL(1.0),"Consumer price indices (CPIs, HICPs), COICOP 1999",I,GBR,United Kingdom,A,Annual,N,National,CPI,Consumer price index,PA,Percent per annum,_T,Total,N,Neither seasonally adjusted nor calendar adjusted,GY,"Growth rate, over 1 year",2025,,3.9,,A,Normal value,,,,,,,2,Two
DATAFLOW,OECD.SDD.TPS:DSD_PRICES@DF_PRICES_ALL(1.0),"Consumer price indices (CPIs, HICPs), COICOP 1999",I,LTU,Lithuania,A,Annual,N,National,CPI,Consumer price index,PA,Percent per annum,_T,Total,N,Neither seasonally adjusted nor calendar adjusted,GY,"Growth rate, over 1 year",1992,,1020.621,,A,Normal value,,,,,,,2,Two
DATAFLOW,OECD.SDD.TPS:DSD_PRICES@DF_PRICES_ALL(1.0),"Consumer price indices (CPIs, HICPs), COICOP 1999",I,LTU,Lithuania,A,Annual,N,National,CPI,Consumer price index,PA,Percent per annum,_T,Total,N,Neither seasonally adjusted nor calendar adjusted,GY,"Growth rate, over 1 year",1993,,410.4519,,A,Normal value,,,,,,,2,Two
DATAFLOW,OECD.SDD.TPS:DSD_PRICES@DF_PRICES_ALL(1.0),"Consumer price indices (CPIs, HICPs), COICOP 1999",I,LTU,Lithuania,A,Annual,N,National,CPI,Consumer price index,PA,Percent per annum,_T,Total,N,Neither seasonally adjusted nor calendar adjusted,GY,"Growth rate, over 1 year",1994,,72.25468,,A,Normal value,,,,,,,2,Two
DATAFLOW,OECD.SDD.TPS:DSD_PRICES@DF_PRICES_ALL(1.0),"Consumer price indices (CPIs, HICPs), COICOP 1999",I,LTU,Lithuania,A,Annual,N,National,CPI,Consumer price index,PA,Percent per annum,_T,Total,N,Neither seasonally adjusted nor calendar adjusted,GY,"Growth rate, over 1 year",1995,,39.64763,,A,Normal value,,,,,,,2,Two
DATAFLOW,OECD.SDD.TPS:DSD_PRICES@DF_PRICES_ALL(1.0),"Consumer price indices (CPIs, HICPs), COICOP 1999",I,LTU,Lithuania,A,Annual,N,National,CPI,Consumer price index,PA,Percent per annum,_T,Total,N,Neither seasonally adjusted nor calendar adjusted,GY,"Growth rate, over 1 year",1996,,24.62519,,A,Normal value,,,,,,,2,Two
DATAFLOW,OECD.SDD.TPS:DSD_PRICES@DF_PRICES_ALL(1.0),"Consumer price indices (CPIs, HICPs), COICOP 1999",I,LTU,Lithuania,A,Annual,N,National,CPI,Consumer price index,PA,Percent per annum,_T,Total,N,Neither seasonally adjusted nor calendar adjusted,GY,"Growth rate, over 1 year",1997,,8.881048,,A,Normal value,,,,,,,2,Two
DATAFLOW,OECD.SDD.TPS:DSD_PRICES@DF_PRICES_ALL(1.0),"Consumer price indices (CPIs, HICPs), COICOP 1999",I,LTU,Lithuania,A,Annual,N,National,CPI,Consumer price index,PA,Percent per annum,_T,Total,N,Neither seasonally adjusted nor calendar adjusted,GY,"Growth rate, over 1 year",1998,,5.067554,,A,Normal value,,,,,,,2,Two
DATAFLOW,OECD.SDD.TPS:DSD_PRICES@DF_PRICES_ALL(1.0),"Consumer price indices (CPIs, HICPs), COICOP 1999",I,LTU,Lithuania,A,Annual,N,National,CPI,Consumer price index,PA,Percent per annum,_T,Total,N,Neither seasonally adjusted nor calendar adjusted,GY,"Growth rate, over 1 year",1999,,0.7275506,,A,Normal value,,,,,,,2,Two
DATAFLOW,OECD.SDD.TPS:DSD_PRICES@DF_PRICES_ALL(1.0),"Consumer price indices (CPIs, HICPs), COICOP 1999",I,LTU,Lithuania,A,Annual,N,National,CPI,Consumer price index,PA,Percent per annum,_T,Total,N,Neither seasonally adjusted nor calendar adjusted,GY,"Growth rate, over 1 year",2000,,0.9816155,,A,Normal value,,,,,,,2,Two
DATAFLOW,OECD.SDD.TPS:DSD_PRICES@DF_PRICES_ALL(1.0),"Consumer price indices (CPIs, HICPs), COICOP 1999",I,LTU,Lithuania,A,Annual,N,National,CPI,Consumer price index,PA,Percent per annum,_T,Total,N,Neither seasonally adjusted nor calendar adjusted,GY,"Growth rate, over 1 year",2001,,1.36712,,A,Normal value,,,,,,,2,Two
DATAFLOW,OECD.SDD.TPS:DSD_PRICES@DF_PRICES_ALL(1.0),"Consumer price indices (CPIs, HICPs), COICOP 1999",I,LTU,Lithuania,A,Annual,N,National,CPI,Consumer price index,PA,Percent per annum,_T,Total,N,Neither seasonally adjusted nor calendar adjusted,GY,"Growth rate, over 1 year",2002,,0.2815066,,A,Normal value,,,,,,,2,Two
DATAFLOW,OECD.SDD.TPS:DSD_PRICES@DF_PRICES_ALL(1.0),"Consumer price indices (CPIs, HICPs), COICOP 1999",I,LTU,Lithuania,A,Annual,N,National,CPI,Consumer price index,PA,Percent per annum,_T,Total,N,Neither seasonally adjusted nor calendar adjusted,GY,"Growth rate, over 1 year",2003,,-1.134309,,A,Normal value,,,,,,,2,Two
DATAFLOW,OECD.SDD.TPS:DSD_PRICES@DF_PRICES_ALL(1.0),"Consumer price indices (CPIs, HICPs), COICOP 1999",I,LTU,Lithuania,A,Annual,N,National,CPI,Consumer price index,PA,Percent per annum,_T,Total,N,Neither seasonally adjusted nor calendar adjusted,GY,"Growth rate, over 1 year",2004,,1.164103,,A,Normal value,,,,,,,2,Two
DATAFLOW,OECD.SDD.TPS:DSD_PRICES@DF_PRICES_ALL(1.0),"Consumer price indices (CPIs, HICPs), COICOP 1999",I,LTU,Lithuania,A,Annual,N,National,CPI,Consumer price index,PA,Percent per annum,_T,Total,N,Neither seasonally adjusted nor calendar adjusted,GY,"Growth rate, over 1 year",2005,,2.658485,,A,Normal value,,,,,,,2,Two
DATAFLOW,OECD.SDD.TPS:DSD_PRICES@DF_PRICES_ALL(1.0),"Consumer price indices (CPIs, HICPs), COICOP 1999",I,LTU,Lithuania,A,Annual,N,National,CPI,Consumer price index,PA,Percent per annum,_T,Total,N,Neither seasonally adjusted nor calendar adjusted,GY,"Growth rate, over 1 year",2006,,3.73912,,A,Normal value,,,,,,,2,Two
DATAFLOW,OECD.SDD.TPS:DSD_PRICES@DF_PRICES_ALL(1.0),"Consumer price indices (CPIs, HICPs), COICOP 1999",I,LTU,Lithuania,A,Annual,N,National,CPI,Consumer price index,PA,Percent per annum,_T,Total,N,Neither seasonally adjusted nor calendar adjusted,GY,"Growth rate, over 1 year",2007,,5.737174,,A,Normal value,,,,,,,2,Two
DATAFLOW,OECD.SDD.TPS:DSD_PRICES@DF_PRICES_ALL(1.0),"Consumer price indices (CPIs, HICPs), COICOP 1999",I,LTU,Lithuania,A,Annual,N,National,CPI,Consumer price index,PA,Percent per annum,_T,Total,N,Neither seasonally adjusted nor calendar adjusted,GY,"Growth rate, over 1 year",2008,,10.92589,,A,Normal value,,,,,,,2,Two
DATAFLOW,OECD.SDD.TPS:DSD_PRICES@DF_PRICES_ALL(1.0),"Consumer price indices (CPIs, HICPs), COICOP 1999",I,LTU,Lithuania,A,Annual,N,National,CPI,Consumer price index,PA,Percent per annum,_T,Total,N,Neither seasonally adjusted nor calendar adjusted,GY,"Growth rate, over 1 year",2009,,4.453044,,A,Normal value,,,,,,,2,Two
DATAFLOW,OECD.SDD.TPS:DSD_PRICES@DF_PRICES_ALL(1.0),"Consumer price indices (CPIs, HICPs), COICOP 1999",I,LTU,Lithuania,A,Annual,N,National,CPI,Consumer price index,PA,Percent per annum,_T,Total,N,Neither seasonally adjusted nor calendar adjusted,GY,"Growth rate, over 1 year",2010,,1.319214,,A,Normal value,,,,,,,2,Two
DATAFLOW,OECD.SDD.TPS:DSD_PRICES@DF_PRICES_ALL(1.0),"Consumer price indices (CPIs, HICPs), COICOP 1999",I,LTU,Lithuania,A,Annual,N,National,CPI,Consumer price index,PA,Percent per annum,_T,Total,N,Neither seasonally adjusted nor calendar adjusted,GY,"Growth rate, over 1 year",2011,,4.130276,,A,Normal value,,,,,,,2,Two
DATAFLOW,OECD.SDD.TPS:DSD_PRICES@DF_PRICES_ALL(1.0),"Consumer price indices (CPIs, HICPs), COICOP 1999",I,LTU,Lithuania,A,Annual,N,National,CPI,Consumer price index,PA,Percent per annum,_T,Total,N,Neither seasonally adjusted nor calendar adjusted,GY,"Growth rate, over 1 year",2012,,3.089983,,A,Normal value,,,,,,,2,Two
DATAFLOW,OECD.SDD.TPS:DSD_PRICES@DF_PRICES_ALL(1.0),"Consumer price indices (CPIs, HICPs), COICOP 1999",I,LTU,Lithuania,A,Annual,N,National,CPI,Consumer price index,PA,Percent per annum,_T,Total,N,Neither seasonally adjusted nor calendar adjusted,GY,"Growth rate, over 1 year",2013,,1.047479,,A,Normal value,,,,,,,2,Two
DATAFLOW,OECD.SDD.TPS:DSD_PRICES@DF_PRICES_ALL(1.0),"Consumer price indices (CPIs, HICPs), COICOP 1999",I,LTU,Lithuania,A,Annual,N,National,CPI,Consumer price index,PA,Percent per annum,_T,Total,N,Neither seasonally adjusted nor calendar adjusted,GY,"Growth rate, over 1 year",2014,,0.103758,,A,Normal value,,,,,,,2,Two
DATAFLOW,OECD.SDD.TPS:DSD_PRICES@DF_PRICES_ALL(1.0),"Consumer price indices (CPIs, HICPs), COICOP 1999",I,LTU,Lithuania,A,Annual,N,National,CPI,Consumer price index,PA,Percent per annum,_T,Total,N,Neither seasonally adjusted nor calendar adjusted,GY,"Growth rate, over 1 year",2015,,-0.8840974,,A,Normal value,,,,,,,2,Two
DATAFLOW,OECD.SDD.TPS:DSD_PRICES@DF_PRICES_ALL(1.0),"Consumer price indices (CPIs, HICPs), COICOP 1999",I,LTU,Lithuania,A,Annual,N,National,CPI,Consumer price index,PA,Percent per annum,_T,Total,N,Neither seasonally adjusted nor calendar adjusted,GY,"Growth rate, over 1 year",2016,,0.9055251,,A,Normal value,,,,,,,2,Two
DATAFLOW,OECD.SDD.TPS:DSD_PRICES@DF_PRICES_ALL(1.0),"Consumer price indices (CPIs, HICPs), COICOP 1999",I,LTU,Lithuania,A,Annual,N,National,CPI,Consumer price index,PA,Percent per annum,_T,Total,N,Neither seasonally adjusted nor calendar adjusted,GY,"Growth rate, over 1 year",2017,,3.722889,,A,Normal value,,,,,,,2,Two
DATAFLOW,OECD.SDD.TPS:DSD_PRICES@DF_PRICES_ALL(1.0),"Consumer price indices (CPIs, HICPs), COICOP 1999",I,LTU,Lithuania,A,Annual,N,National,CPI,Consumer price index,PA,Percent per annum,_T,Total,N,Neither seasonally adjusted nor calendar adjusted,GY,"Growth rate, over 1 year",2018,,2.697928,,A,Normal value,,,,,,,2,Two
DATAFLOW,OECD.SDD.TPS:DSD_PRICES@DF_PRICES_ALL(1.0),"Consumer price indices (CPIs, HICPs), COICOP 1999",I,LTU,Lithuania,A,Annual,N,National,CPI,Consumer price index,PA,Percent per annum,_T,Total,N,Neither seasonally adjusted nor calendar adjusted,GY,"Growth rate, over 1 year",2019,,2.334509,,A,Normal value,,,,,,,2,Two
DATAFLOW,OECD.SDD.TPS:DSD_PRICES@DF_PRICES_ALL(1.0),"Consumer price indices (CPIs, HICPs), COICOP 1999",I,LTU,Lithuania,A,Annual,N,National,CPI,Consumer price index,PA,Percent per annum,_T,Total,N,Neither seasonally adjusted nor calendar adjusted,GY,"Growth rate, over 1 year",2020,,1.199894,,A,Normal value,,,,,,,2,Two
DATAFLOW,OECD.SDD.TPS:DSD_PRICES@DF_PRICES_ALL(1.0),"Consumer price indices (CPIs, HICPs), COICOP 1999",I,LTU,Lithuania,A,Annual,N,National,CPI,Consumer price index,PA,Percent per annum,_T,Total,N,Neither seasonally adjusted nor calendar adjusted,GY,"Growth rate, over 1 year",2021,,4.683544,,A,Normal value,,,,,,,2,Two
DATAFLOW,OECD.SDD.TPS:DSD_PRICES@DF_PRICES_ALL(1.0),"Consumer price indices (CPIs, HICPs), COICOP 1999",I,LTU,Lithuania,A,Annual,N,National,CPI,Consumer price index,PA,Percent per annum,_T,Total,N,Neither seasonally adjusted nor calendar adjusted,GY,"Growth rate, over 1 year",2022,,19.70505,,A,Normal value,,,,,,,2,Two
DATAFLOW,OECD.SDD.TPS:DSD_PRICES@DF_PRICES_ALL(1.0),"Consumer price indices (CPIs, HICPs), COICOP 1999",I,LTU,Lithuania,A,Annual,N,National,CPI,Consumer price index,PA,Percent per annum,_T,Total,N,Neither seasonally adjusted nor calendar adjusted,GY,"Growth rate, over 1 year",2023,,9.11732,,A,Normal value,,,,,,,2,Two
DATAFLOW,OECD.SDD.TPS:DSD_PRICES@DF_PRICES_ALL(1.0),"Consumer price indices (CPIs, HICPs), COICOP 1999",I,LTU,Lithuania,A,Annual,N,National,CPI,Consumer price index,PA,Percent per annum,_T,Total,N,Neither seasonally adjusted nor calendar adjusted,GY,"Growth rate, over 1 year",2024,,0.7157359,,A,Normal value,,,,,,,2,Two
DATAFLOW,OECD.SDD.TPS:DSD_PRICES@DF_PRICES_ALL(1.0),"Consumer price indices (CPIs, HICPs), COICOP 1999",I,LTU,Lithuania,A,Annual,N,National,CPI,Consumer price index,PA,Percent per annum,_T,Total,N,Neither seasonally adjusted nor calendar adjusted,GY,"Growth rate, over 1 year",2025,,3.791705,,A,Normal value,,,,,,,2,Two
DATAFLOW,OECD.SDD.TPS:DSD_PRICES@DF_PRICES_ALL(1.0),"Consumer price indices (CPIs, HICPs), COICOP 1999",I,SVK,Slovak Republic,A,Annual,N,National,CPI,Consumer price index,PA,Percent per annum,_T,Total,N,Neither seasonally adjusted nor calendar adjusted,GY,"Growth rate, over 1 year",1992,,9.893497,,A,Normal value,,,,,,,2,Two
DATAFLOW,OECD.SDD.TPS:DSD_PRICES@DF_PRICES_ALL(1.0),"Consumer price indices (CPIs, HICPs), COICOP 1999",I,SVK,Slovak Republic,A,Annual,N,National,CPI,Consumer price index,PA,Percent per annum,_T,Total,N,Neither seasonally adjusted nor calendar adjusted,GY,"Growth rate, over 1 year",1993,,23.28703,,A,Normal value,,,,,,,2,Two
DATAFLOW,OECD.SDD.TPS:DSD_PRICES@DF_PRICES_ALL(1.0),"Consumer price indices (CPIs, HICPs), COICOP 1999",I,SVK,Slovak Republic,A,Annual,N,National,CPI,Consumer price index,PA,Percent per annum,_T,Total,N,Neither seasonally adjusted nor calendar adjusted,GY,"Growth rate, over 1 year",1994,,13.41552,,A,Normal value,,,,,,,2,Two
DATAFLOW,OECD.SDD.TPS:DSD_PRICES@DF_PRICES_ALL(1.0),"Consumer price indices (CPIs, HICPs), COICOP 1999",I,SVK,Slovak Republic,A,Annual,N,National,CPI,Consumer price index,PA,Percent per annum,_T,Total,N,Neither seasonally adjusted nor calendar adjusted,GY,"Growth rate, over 1 year",1995,,9.841098,,A,Normal value,,,,,,,2,Two
DATAFLOW,OECD.SDD.TPS:DSD_PRICES@DF_PRICES_ALL(1.0),"Consumer price indices (CPIs, HICPs), COICOP 1999",I,SVK,Slovak Republic,A,Annual,N,National,CPI,Consumer price index,PA,Percent per annum,_T,Total,N,Neither seasonally adjusted nor calendar adjusted,GY,"Growth rate, over 1 year",1996,,5.775833,,A,Normal value,,,,,,,2,Two
DATAFLOW,OECD.SDD.TPS:DSD_PRICES@DF_PRICES_ALL(1.0),"Consumer price indices (CPIs, HICPs), COICOP 1999",I,SVK,Slovak Republic,A,Annual,N,National,CPI,Consumer price index,PA,Percent per annum,_T,Total,N,Neither seasonally adjusted nor calendar adjusted,GY,"Growth rate, over 1 year",1997,,6.141988,,A,Normal value,,,,,,,2,Two
DATAFLOW,OECD.SDD.TPS:DSD_PRICES@DF_PRICES_ALL(1.0),"Consumer price indices (CPIs, HICPs), COICOP 1999",I,SVK,Slovak Republic,A,Annual,N,National,CPI,Consumer price index,PA,Percent per annum,_T,Total,N,Neither seasonally adjusted nor calendar adjusted,GY,"Growth rate, over 1 year",1998,,6.665648,,A,Normal value,,,,,,,2,Two
DATAFLOW,OECD.SDD.TPS:DSD_PRICES@DF_PRICES_ALL(1.0),"Consumer price indices (CPIs, HICPs), COICOP 1999",I,SVK,Slovak Republic,A,Annual,N,National,CPI,Consumer price index,PA,Percent per annum,_T,Total,N,Neither seasonally adjusted nor calendar adjusted,GY,"Growth rate, over 1 year",1999,,10.57045,,A,Normal value,,,,,,,2,Two
DATAFLOW,OECD.SDD.TPS:DSD_PRICES@DF_PRICES_ALL(1.0),"Consumer price indices (CPIs, HICPs), COICOP 1999",I,SVK,Slovak Republic,A,Annual,N,National,CPI,Consumer price index,PA,Percent per annum,_T,Total,N,Neither seasonally adjusted nor calendar adjusted,GY,"Growth rate, over 1 year",2000,,12.03578,,A,Normal value,,,,,,,2,Two
DATAFLOW,OECD.SDD.TPS:DSD_PRICES@DF_PRICES_ALL(1.0),"Consumer price indices (CPIs, HICPs), COICOP 1999",I,SVK,Slovak Republic,A,Annual,N,National,CPI,Consumer price index,PA,Percent per annum,_T,Total,N,Neither seasonally adjusted nor calendar adjusted,GY,"Growth rate, over 1 year",2001,,7.329631,,A,Normal value,,,,,,,2,Two
DATAFLOW,OECD.SDD.TPS:DSD_PRICES@DF_PRICES_ALL(1.0),"Consumer price indices (CPIs, HICPs), COICOP 1999",I,SVK,Slovak Republic,A,Annual,N,National,CPI,Consumer price index,PA,Percent per annum,_T,Total,N,Neither seasonally adjusted nor calendar adjusted,GY,"Growth rate, over 1 year",2002,,3.127133,,A,Normal value,,,,,,,2,Two
DATAFLOW,OECD.SDD.TPS:DSD_PRICES@DF_PRICES_ALL(1.0),"Consumer price indices (CPIs, HICPs), COICOP 1999",I,SVK,Slovak Republic,A,Annual,N,National,CPI,Consumer price index,PA,Percent per annum,_T,Total,N,Neither seasonally adjusted nor calendar adjusted,GY,"Growth rate, over 1 year",2003,,8.554143,,A,Normal value,,,,,,,2,Two
DATAFLOW,OECD.SDD.TPS:DSD_PRICES@DF_PRICES_ALL(1.0),"Consumer price indices (CPIs, HICPs), COICOP 1999",I,SVK,Slovak Republic,A,Annual,N,National,CPI,Consumer price index,PA,Percent per annum,_T,Total,N,Neither seasonally adjusted nor calendar adjusted,GY,"Growth rate, over 1 year",2004,,7.548501,,A,Normal value,,,,,,,2,Two
DATAFLOW,OECD.SDD.TPS:DSD_PRICES@DF_PRICES_ALL(1.0),"Consumer price indices (CPIs, HICPs), COICOP 1999",I,SVK,Slovak Republic,A,Annual,N,National,CPI,Consumer price index,PA,Percent per annum,_T,Total,N,Neither seasonally adjusted nor calendar adjusted,GY,"Growth rate, over 1 year",2005,,2.709085,,A,Normal value,,,,,,,2,Two
DATAFLOW,OECD.SDD.TPS:DSD_PRICES@DF_PRICES_ALL(1.0),"Consumer price indices (CPIs, HICPs), COICOP 1999",I,SVK,Slovak Republic,A,Annual,N,National,CPI,Consumer price index,PA,Percent per annum,_T,Total,N,Neither seasonally adjusted nor calendar adjusted,GY,"Growth rate, over 1 year",2006,,4.483331,,A,Normal value,,,,,,,2,Two
DATAFLOW,OECD.SDD.TPS:DSD_PRICES@DF_PRICES_ALL(1.0),"Consumer price indices (CPIs, HICPs), COICOP 1999",I,SVK,Slovak Republic,A,Annual,N,National,CPI,Consumer price index,PA,Percent per annum,_T,Total,N,Neither seasonally adjusted nor calendar adjusted,GY,"Growth rate, over 1 year",2007,,2.756724,,A,Normal value,,,,,,,2,Two
DATAFLOW,OECD.SDD.TPS:DSD_PRICES@DF_PRICES_ALL(1.0),"Consumer price indices (CPIs, HICPs), COICOP 1999",I,SVK,Slovak Republic,A,Annual,N,National,CPI,Consumer price index,PA,Percent per annum,_T,Total,N,Neither seasonally adjusted nor calendar adjusted,GY,"Growth rate, over 1 year",2008,,4.59818,,A,Normal value,,,,,,,2,Two
DATAFLOW,OECD.SDD.TPS:DSD_PRICES@DF_PRICES_ALL(1.0),"Consumer price indices (CPIs, HICPs), COICOP 1999",I,SVK,Slovak Republic,A,Annual,N,National,CPI,Consumer price index,PA,Percent per annum,_T,Total,N,Neither seasonally adjusted nor calendar adjusted,GY,"Growth rate, over 1 year",2009,,1.615105,,A,Normal value,,,,,,,2,Two
DATAFLOW,OECD.SDD.TPS:DSD_PRICES@DF_PRICES_ALL(1.0),"Consumer price indices (CPIs, HICPs), COICOP 1999",I,SVK,Slovak Republic,A,Annual,N,National,CPI,Consumer price index,PA,Percent per annum,_T,Total,N,Neither seasonally adjusted nor calendar adjusted,GY,"Growth rate, over 1 year",2010,,0.9570181,,A,Normal value,,,,,,,2,Two
DATAFLOW,OECD.SDD.TPS:DSD_PRICES@DF_PRICES_ALL(1.0),"Consumer price indices (CPIs, HICPs), COICOP 1999",I,SVK,Slovak Republic,A,Annual,N,National,CPI,Consumer price index,PA,Percent per annum,_T,Total,N,Neither seasonally adjusted nor calendar adjusted,GY,"Growth rate, over 1 year",2011,,3.919286,,A,Normal value,,,,,,,2,Two
DATAFLOW,OECD.SDD.TPS:DSD_PRICES@DF_PRICES_ALL(1.0),"Consumer price indices (CPIs, HICPs), COICOP 1999",I,SVK,Slovak Republic,A,Annual,N,National,CPI,Consumer price index,PA,Percent per annum,_T,Total,N,Neither seasonally adjusted nor calendar adjusted,GY,"Growth rate, over 1 year",2012,,3.606103,,A,Normal value,,,,,,,2,Two
DATAFLOW,OECD.SDD.TPS:DSD_PRICES@DF_PRICES_ALL(1.0),"Consumer price indices (CPIs, HICPs), COICOP 1999",I,SVK,Slovak Republic,A,Annual,N,National,CPI,Consumer price index,PA,Percent per annum,_T,Total,N,Neither seasonally adjusted nor calendar adjusted,GY,"Growth rate, over 1 year",2013,,1.400474,,A,Normal value,,,,,,,2,Two
DATAFLOW,OECD.SDD.TPS:DSD_PRICES@DF_PRICES_ALL(1.0),"Consumer price indices (CPIs, HICPs), COICOP 1999",I,SVK,Slovak Republic,A,Annual,N,National,CPI,Consumer price index,PA,Percent per annum,_T,Total,N,Neither seasonally adjusted nor calendar adjusted,GY,"Growth rate, over 1 year",2014,,-0.07616533,,A,Normal value,,,,,,,2,Two
DATAFLOW,OECD.SDD.TPS:DSD_PRICES@DF_PRICES_ALL(1.0),"Consumer price indices (CPIs, HICPs), COICOP 1999",I,SVK,Slovak Republic,A,Annual,N,National,CPI,Consumer price index,PA,Percent per annum,_T,Total,N,Neither seasonally adjusted nor calendar adjusted,GY,"Growth rate, over 1 year",2015,,-0.3252198,,A,Normal value,,,,,,,2,Two
DATAFLOW,OECD.SDD.TPS:DSD_PRICES@DF_PRICES_ALL(1.0),"Consumer price indices (CPIs, HICPs), COICOP 1999",I,SVK,Slovak Republic,A,Annual,N,National,CPI,Consumer price index,PA,Percent per annum,_T,Total,N,Neither seasonally adjusted nor calendar adjusted,GY,"Growth rate, over 1 year",2016,,-0.5200102,,A,Normal value,,,,,,,2,Two
DATAFLOW,OECD.SDD.TPS:DSD_PRICES@DF_PRICES_ALL(1.0),"Consumer price indices (CPIs, HICPs), COICOP 1999",I,SVK,Slovak Republic,A,Annual,N,National,CPI,Consumer price index,PA,Percent per annum,_T,Total,N,Neither seasonally adjusted nor calendar adjusted,GY,"Growth rate, over 1 year",2017,,1.311946,,A,Normal value,,,,,,,2,Two
DATAFLOW,OECD.SDD.TPS:DSD_PRICES@DF_PRICES_ALL(1.0),"Consumer price indices (CPIs, HICPs), COICOP 1999",I,SVK,Slovak Republic,A,Annual,N,National,CPI,Consumer price index,PA,Percent per annum,_T,Total,N,Neither seasonally adjusted nor calendar adjusted,GY,"Growth rate, over 1 year",2018,,2.514037,,A,Normal value,,,,,,,2,Two
DATAFLOW,OECD.SDD.TPS:DSD_PRICES@DF_PRICES_ALL(1.0),"Consumer price indices (CPIs, HICPs), COICOP 1999",I,SVK,Slovak Republic,A,Annual,N,National,CPI,Consumer price index,PA,Percent per annum,_T,Total,N,Neither seasonally adjusted nor calendar adjusted,GY,"Growth rate, over 1 year",2019,,2.664561,,A,Normal value,,,,,,,2,Two
DATAFLOW,OECD.SDD.TPS:DSD_PRICES@DF_PRICES_ALL(1.0),"Consumer price indices (CPIs, HICPs), COICOP 1999",I,SVK,Slovak Republic,A,Annual,N,National,CPI,Consumer price index,PA,Percent per annum,_T,Total,N,Neither seasonally adjusted nor calendar adjusted,GY,"Growth rate, over 1 year",2020,,1.936941,,A,Normal value,,,,,,,2,Two
DATAFLOW,OECD.SDD.TPS:DSD_PRICES@DF_PRICES_ALL(1.0),"Consumer price indices (CPIs, HICPs), COICOP 1999",I,SVK,Slovak Republic,A,Annual,N,National,CPI,Consumer price index,PA,Percent per annum,_T,Total,N,Neither seasonally adjusted nor calendar adjusted,GY,"Growth rate, over 1 year",2021,,3.149606,,A,Normal value,,,,,,,2,Two
DATAFLOW,OECD.SDD.TPS:DSD_PRICES@DF_PRICES_ALL(1.0),"Consumer price indices (CPIs, HICPs), COICOP 1999",I,SVK,Slovak Republic,A,Annual,N,National,CPI,Consumer price index,PA,Percent per annum,_T,Total,N,Neither seasonally adjusted nor calendar adjusted,GY,"Growth rate, over 1 year",2022,,12.77415,,A,Normal value,,,,,,,2,Two
DATAFLOW,OECD.SDD.TPS:DSD_PRICES@DF_PRICES_ALL(1.0),"Consumer price indices (CPIs, HICPs), COICOP 1999",I,SVK,Slovak Republic,A,Annual,N,National,CPI,Consumer price index,PA,Percent per annum,_T,Total,N,Neither seasonally adjusted nor calendar adjusted,GY,"Growth rate, over 1 year",2023,,10.53195,,A,Normal value,,,,,,,2,Two
DATAFLOW,OECD.SDD.TPS:DSD_PRICES@DF_PRICES_ALL(1.0),"Consumer price indices (CPIs, HICPs), COICOP 1999",I,SVK,Slovak Republic,A,Annual,N,National,CPI,Consumer price index,PA,Percent per annum,_T,Total,N,Neither seasonally adjusted nor calendar adjusted,GY,"Growth rate, over 1 year",2024,,2.757609,,A,Normal value,,,,,,,2,Two
DATAFLOW,OECD.SDD.TPS:DSD_PRICES@DF_PRICES_ALL(1.0),"Consumer price indices (CPIs, HICPs), COICOP 1999",I,SVK,Slovak Republic,A,Annual,N,National,CPI,Consumer price index,PA,Percent per annum,_T,Total,N,Neither seasonally adjusted nor calendar adjusted,GY,"Growth rate, over 1 year",2025,,4.000428,,A,Normal value,,,,,,,2,Two
DATAFLOW,OECD.SDD.TPS:DSD_PRICES@DF_PRICES_ALL(1.0),"Consumer price indices (CPIs, HICPs), COICOP 1999",I,LUX,Luxembourg,A,Annual,N,National,CPI,Consumer price index,PA,Percent per annum,_T,Total,N,Neither seasonally adjusted nor calendar adjusted,GY,"Growth rate, over 1 year",1988,,1.436591,,A,Normal value,,,,,,,2,Two
DATAFLOW,OECD.SDD.TPS:DSD_PRICES@DF_PRICES_ALL(1.0),"Consumer price indices (CPIs, HICPs), COICOP 1999",I,LUX,Luxembourg,A,Annual,N,National,CPI,Consumer price index,PA,Percent per annum,_T,Total,N,Neither seasonally adjusted nor calendar adjusted,GY,"Growth rate, over 1 year",1989,,3.370963,,A,Normal value,,,,,,,2,Two
DATAFLOW,OECD.SDD.TPS:DSD_PRICES@DF_PRICES_ALL(1.0),"Consumer price indices (CPIs, HICPs), COICOP 1999",I,LUX,Luxembourg,A,Annual,N,National,CPI,Consumer price index,PA,Percent per annum,_T,Total,N,Neither seasonally adjusted nor calendar adjusted,GY,"Growth rate, over 1 year",1990,,3.253765,,A,Normal value,,,,,,,2,Two
DATAFLOW,OECD.SDD.TPS:DSD_PRICES@DF_PRICES_ALL(1.0),"Consumer price indices (CPIs, HICPs), COICOP 1999",I,LUX,Luxembourg,A,Annual,N,National,CPI,Consumer price index,PA,Percent per annum,_T,Total,N,Neither seasonally adjusted nor calendar adjusted,GY,"Growth rate, over 1 year",1991,,3.118359,,A,Normal value,,,,,,,2,Two
DATAFLOW,OECD.SDD.TPS:DSD_PRICES@DF_PRICES_ALL(1.0),"Consumer price indices (CPIs, HICPs), COICOP 1999",I,LUX,Luxembourg,A,Annual,N,National,CPI,Consumer price index,PA,Percent per annum,_T,Total,N,Neither seasonally adjusted nor calendar adjusted,GY,"Growth rate, over 1 year",1992,,3.154169,,A,Normal value,,,,,,,2,Two
DATAFLOW,OECD.SDD.TPS:DSD_PRICES@DF_PRICES_ALL(1.0),"Consumer price indices (CPIs, HICPs), COICOP 1999",I,LUX,Luxembourg,A,Annual,N,National,CPI,Consumer price index,PA,Percent per annum,_T,Total,N,Neither seasonally adjusted nor calendar adjusted,GY,"Growth rate, over 1 year",1993,,3.588104,,A,Normal value,,,,,,,2,Two
DATAFLOW,OECD.SDD.TPS:DSD_PRICES@DF_PRICES_ALL(1.0),"Consumer price indices (CPIs, HICPs), COICOP 1999",I,LUX,Luxembourg,A,Annual,N,National,CPI,Consumer price index,PA,Percent per annum,_T,Total,N,Neither seasonally adjusted nor calendar adjusted,GY,"Growth rate, over 1 year",1994,,2.19476,,A,Normal value,,,,,,,2,Two
DATAFLOW,OECD.SDD.TPS:DSD_PRICES@DF_PRICES_ALL(1.0),"Consumer price indices (CPIs, HICPs), COICOP 1999",I,LUX,Luxembourg,A,Annual,N,National,CPI,Consumer price index,PA,Percent per annum,_T,Total,N,Neither seasonally adjusted nor calendar adjusted,GY,"Growth rate, over 1 year",1995,,1.867698,,A,Normal value,,,,,,,2,Two
DATAFLOW,OECD.SDD.TPS:DSD_PRICES@DF_PRICES_ALL(1.0),"Consumer price indices (CPIs, HICPs), COICOP 1999",I,LUX,Luxembourg,A,Annual,N,National,CPI,Consumer price index,PA,Percent per annum,_T,Total,N,Neither seasonally adjusted nor calendar adjusted,GY,"Growth rate, over 1 year",1996,,1.183861,,A,Normal value,,,,,,,2,Two
DATAFLOW,OECD.SDD.TPS:DSD_PRICES@DF_PRICES_ALL(1.0),"Consumer price indices (CPIs, HICPs), COICOP 1999",I,LUX,Luxembourg,A,Annual,N,National,CPI,Consumer price index,PA,Percent per annum,_T,Total,N,Neither seasonally adjusted nor calendar adjusted,GY,"Growth rate, over 1 year",1997,,1.367511,,A,Normal value,,,,,,,2,Two
DATAFLOW,OECD.SDD.TPS:DSD_PRICES@DF_PRICES_ALL(1.0),"Consumer price indices (CPIs, HICPs), COICOP 1999",I,LUX,Luxembourg,A,Annual,N,National,CPI,Consumer price index,PA,Percent per annum,_T,Total,N,Neither seasonally adjusted nor calendar adjusted,GY,"Growth rate, over 1 year",1998,,0.9585662,,A,Normal value,,,,,,,2,Two
DATAFLOW,OECD.SDD.TPS:DSD_PRICES@DF_PRICES_ALL(1.0),"Consumer price indices (CPIs, HICPs), COICOP 1999",I,LUX,Luxembourg,A,Annual,N,National,CPI,Consumer price index,PA,Percent per annum,_T,Total,N,Neither seasonally adjusted nor calendar adjusted,GY,"Growth rate, over 1 year",1999,,1.025194,,A,Normal value,,,,,,,2,Two
DATAFLOW,OECD.SDD.TPS:DSD_PRICES@DF_PRICES_ALL(1.0),"Consumer price indices (CPIs, HICPs), COICOP 1999",I,LUX,Luxembourg,A,Annual,N,National,CPI,Consumer price index,PA,Percent per annum,_T,Total,N,Neither seasonally adjusted nor calendar adjusted,GY,"Growth rate, over 1 year",2000,,3.150768,,A,Normal value,,,,,,,2,Two
DATAFLOW,OECD.SDD.TPS:DSD_PRICES@DF_PRICES_ALL(1.0),"Consumer price indices (CPIs, HICPs), COICOP 1999",I,LUX,Luxembourg,A,Annual,N,National,CPI,Consumer price index,PA,Percent per annum,_T,Total,N,Neither seasonally adjusted nor calendar adjusted,GY,"Growth rate, over 1 year",2001,,2.663822,,A,Normal value,,,,,,,2,Two
DATAFLOW,OECD.SDD.TPS:DSD_PRICES@DF_PRICES_ALL(1.0),"Consumer price indices (CPIs, HICPs), COICOP 1999",I,LUX,Luxembourg,A,Annual,N,National,CPI,Consumer price index,PA,Percent per annum,_T,Total,N,Neither seasonally adjusted nor calendar adjusted,GY,"Growth rate, over 1 year",2002,,2.074089,,A,Normal value,,,,,,,2,Two
DATAFLOW,OECD.SDD.TPS:DSD_PRICES@DF_PRICES_ALL(1.0),"Consumer price indices (CPIs, HICPs), COICOP 1999",I,LUX,Luxembourg,A,Annual,N,National,CPI,Consumer price index,PA,Percent per annum,_T,Total,N,Neither seasonally adjusted nor calendar adjusted,GY,"Growth rate, over 1 year",2003,,2.04984,,A,Normal value,,,,,,,2,Two
DATAFLOW,OECD.SDD.TPS:DSD_PRICES@DF_PRICES_ALL(1.0),"Consumer price indices (CPIs, HICPs), COICOP 1999",I,LUX,Luxembourg,A,Annual,N,National,CPI,Consumer price index,PA,Percent per annum,_T,Total,N,Neither seasonally adjusted nor calendar adjusted,GY,"Growth rate, over 1 year",2004,,2.225681,,A,Normal value,,,,,,,2,Two
DATAFLOW,OECD.SDD.TPS:DSD_PRICES@DF_PRICES_ALL(1.0),"Consumer price indices (CPIs, HICPs), COICOP 1999",I,LUX,Luxembourg,A,Annual,N,National,CPI,Consumer price index,PA,Percent per annum,_T,Total,N,Neither seasonally adjusted nor calendar adjusted,GY,"Growth rate, over 1 year",2005,,2.487693,,A,Normal value,,,,,,,2,Two
DATAFLOW,OECD.SDD.TPS:DSD_PRICES@DF_PRICES_ALL(1.0),"Consumer price indices (CPIs, HICPs), COICOP 1999",I,LUX,Luxembourg,A,Annual,N,National,CPI,Consumer price index,PA,Percent per annum,_T,Total,N,Neither seasonally adjusted nor calendar adjusted,GY,"Growth rate, over 1 year",2006,,2.666315,,A,Normal value,,,,,,,2,Two
DATAFLOW,OECD.SDD.TPS:DSD_PRICES@DF_PRICES_ALL(1.0),"Consumer price indices (CPIs, HICPs), COICOP 1999",I,LUX,Luxembourg,A,Annual,N,National,CPI,Consumer price index,PA,Percent per annum,_T,Total,N,Neither seasonally adjusted nor calendar adjusted,GY,"Growth rate, over 1 year",2007,,2.312459,,A,Normal value,,,,,,,2,Two
DATAFLOW,OECD.SDD.TPS:DSD_PRICES@DF_PRICES_ALL(1.0),"Consumer price indices (CPIs, HICPs), COICOP 1999",I,LUX,Luxembourg,A,Annual,N,National,CPI,Consumer price index,PA,Percent per annum,_T,Total,N,Neither seasonally adjusted nor calendar adjusted,GY,"Growth rate, over 1 year",2008,,3.40188,,A,Normal value,,,,,,,2,Two
DATAFLOW,OECD.SDD.TPS:DSD_PRICES@DF_PRICES_ALL(1.0),"Consumer price indices (CPIs, HICPs), COICOP 1999",I,LUX,Luxembourg,A,Annual,N,National,CPI,Consumer price index,PA,Percent per annum,_T,Total,N,Neither seasonally adjusted nor calendar adjusted,GY,"Growth rate, over 1 year",2009,,0.368042,,A,Normal value,,,,,,,2,Two
DATAFLOW,OECD.SDD.TPS:DSD_PRICES@DF_PRICES_ALL(1.0),"Consumer price indices (CPIs, HICPs), COICOP 1999",I,LUX,Luxembourg,A,Annual,N,National,CPI,Consumer price index,PA,Percent per annum,_T,Total,N,Neither seasonally adjusted nor calendar adjusted,GY,"Growth rate, over 1 year",2010,,2.273679,,A,Normal value,,,,,,,2,Two
DATAFLOW,OECD.SDD.TPS:DSD_PRICES@DF_PRICES_ALL(1.0),"Consumer price indices (CPIs, HICPs), COICOP 1999",I,LUX,Luxembourg,A,Annual,N,National,CPI,Consumer price index,PA,Percent per annum,_T,Total,N,Neither seasonally adjusted nor calendar adjusted,GY,"Growth rate, over 1 year",2011,,3.410683,,A,Normal value,,,,,,,2,Two
DATAFLOW,OECD.SDD.TPS:DSD_PRICES@DF_PRICES_ALL(1.0),"Consumer price indices (CPIs, HICPs), COICOP 1999",I,LUX,Luxembourg,A,Annual,N,National,CPI,Consumer price index,PA,Percent per annum,_T,Total,N,Neither seasonally adjusted nor calendar adjusted,GY,"Growth rate, over 1 year",2012,,2.662842,,A,Normal value,,,,,,,2,Two
DATAFLOW,OECD.SDD.TPS:DSD_PRICES@DF_PRICES_ALL(1.0),"Consumer price indices (CPIs, HICPs), COICOP 1999",I,LUX,Luxembourg,A,Annual,N,National,CPI,Consumer price index,PA,Percent per annum,_T,Total,N,Neither seasonally adjusted nor calendar adjusted,GY,"Growth rate, over 1 year",2013,,1.73404,,A,Normal value,,,,,,,2,Two
DATAFLOW,OECD.SDD.TPS:DSD_PRICES@DF_PRICES_ALL(1.0),"Consumer price indices (CPIs, HICPs), COICOP 1999",I,LUX,Luxembourg,A,Annual,N,National,CPI,Consumer price index,PA,Percent per annum,_T,Total,N,Neither seasonally adjusted nor calendar adjusted,GY,"Growth rate, over 1 year",2014,,0.628544,,A,Normal value,,,,,,,2,Two
DATAFLOW,OECD.SDD.TPS:DSD_PRICES@DF_PRICES_ALL(1.0),"Consumer price indices (CPIs, HICPs), COICOP 1999",I,LUX,Luxembourg,A,Annual,N,National,CPI,Consumer price index,PA,Percent per annum,_T,Total,N,Neither seasonally adjusted nor calendar adjusted,GY,"Growth rate, over 1 year",2015,,0.4747432,,A,Normal value,,,,,,,2,Two
DATAFLOW,OECD.SDD.TPS:DSD_PRICES@DF_PRICES_ALL(1.0),"Consumer price indices (CPIs, HICPs), COICOP 1999",I,LUX,Luxembourg,A,Annual,N,National,CPI,Consumer price index,PA,Percent per annum,_T,Total,N,Neither seasonally adjusted nor calendar adjusted,GY,"Growth rate, over 1 year",2016,,0.2908333,,A,Normal value,,,,,,,2,Two
DATAFLOW,OECD.SDD.TPS:DSD_PRICES@DF_PRICES_ALL(1.0),"Consumer price indices (CPIs, HICPs), COICOP 1999",I,LUX,Luxembourg,A,Annual,N,National,CPI,Consumer price index,PA,Percent per annum,_T,Total,N,Neither seasonally adjusted nor calendar adjusted,GY,"Growth rate, over 1 year",2017,,1.7308,,A,Normal value,,,,,,,2,Two
DATAFLOW,OECD.SDD.TPS:DSD_PRICES@DF_PRICES_ALL(1.0),"Consumer price indices (CPIs, HICPs), COICOP 1999",I,LUX,Luxembourg,A,Annual,N,National,CPI,Consumer price index,PA,Percent per annum,_T,Total,N,Neither seasonally adjusted nor calendar adjusted,GY,"Growth rate, over 1 year",2018,,1.528195,,A,Normal value,,,,,,,2,Two
DATAFLOW,OECD.SDD.TPS:DSD_PRICES@DF_PRICES_ALL(1.0),"Consumer price indices (CPIs, HICPs), COICOP 1999",I,LUX,Luxembourg,A,Annual,N,National,CPI,Consumer price index,PA,Percent per annum,_T,Total,N,Neither seasonally adjusted nor calendar adjusted,GY,"Growth rate, over 1 year",2019,,1.743321,,A,Normal value,,,,,,,2,Two
DATAFLOW,OECD.SDD.TPS:DSD_PRICES@DF_PRICES_ALL(1.0),"Consumer price indices (CPIs, HICPs), COICOP 1999",I,USA,United States,A,Annual,N,National,CPI,Consumer price index,PA,Percent per annum,_T,Total,N,Neither seasonally adjusted nor calendar adjusted,GY,"Growth rate, over 1 year",1988,,4.077741,,A,Normal value,,,,,,,2,Two
DATAFLOW,OECD.SDD.TPS:DSD_PRICES@DF_PRICES_ALL(1.0),"Consumer price indices (CPIs, HICPs), COICOP 1999",I,USA,United States,A,Annual,N,National,CPI,Consumer price index,PA,Percent per annum,_T,Total,N,Neither seasonally adjusted nor calendar adjusted,GY,"Growth rate, over 1 year",1989,,4.827003,,A,Normal value,,,,,,,2,Two
DATAFLOW,OECD.SDD.TPS:DSD_PRICES@DF_PRICES_ALL(1.0),"Consumer price indices (CPIs, HICPs), COICOP 1999",I,USA,United States,A,Annual,N,National,CPI,Consumer price index,PA,Percent per annum,_T,Total,N,Neither seasonally adjusted nor calendar adjusted,GY,"Growth rate, over 1 year",1990,,5.397956,,A,Normal value,,,,,,,2,Two
DATAFLOW,OECD.SDD.TPS:DSD_PRICES@DF_PRICES_ALL(1.0),"Consumer price indices (CPIs, HICPs), COICOP 1999",I,USA,United States,A,Annual,N,National,CPI,Consumer price index,PA,Percent per annum,_T,Total,N,Neither seasonally adjusted nor calendar adjusted,GY,"Growth rate, over 1 year",1991,,4.234964,,A,Normal value,,,,,,,2,Two
DATAFLOW,OECD.SDD.TPS:DSD_PRICES@DF_PRICES_ALL(1.0),"Consumer price indices (CPIs, HICPs), COICOP 1999",I,USA,United States,A,Annual,N,National,CPI,Consumer price index,PA,Percent per annum,_T,Total,N,Neither seasonally adjusted nor calendar adjusted,GY,"Growth rate, over 1 year",1992,,3.02882,,A,Normal value,,,,,,,2,Two
DATAFLOW,OECD.SDD.TPS:DSD_PRICES@DF_PRICES_ALL(1.0),"Consumer price indices (CPIs, HICPs), COICOP 1999",I,USA,United States,A,Annual,N,National,CPI,Consumer price index,PA,Percent per annum,_T,Total,N,Neither seasonally adjusted nor calendar adjusted,GY,"Growth rate, over 1 year",1993,,2.951657,,A,Normal value,,,,,,,2,Two
DATAFLOW,OECD.SDD.TPS:DSD_PRICES@DF_PRICES_ALL(1.0),"Consumer price indices (CPIs, HICPs), COICOP 1999",I,USA,United States,A,Annual,N,National,CPI,Consumer price index,PA,Percent per annum,_T,Total,N,Neither seasonally adjusted nor calendar adjusted,GY,"Growth rate, over 1 year",1994,,2.607442,,A,Normal value,,,,,,,2,Two
DATAFLOW,OECD.SDD.TPS:DSD_PRICES@DF_PRICES_ALL(1.0),"Consumer price indices (CPIs, HICPs), COICOP 1999",I,USA,United States,A,Annual,N,National,CPI,Consumer price index,PA,Percent per annum,_T,Total,N,Neither seasonally adjusted nor calendar adjusted,GY,"Growth rate, over 1 year",1995,,2.80542,,A,Normal value,,,,,,,2,Two
DATAFLOW,OECD.SDD.TPS:DSD_PRICES@DF_PRICES_ALL(1.0),"Consumer price indices (CPIs, HICPs), COICOP 1999",I,USA,United States,A,Annual,N,National,CPI,Consumer price index,PA,Percent per annum,_T,Total,N,Neither seasonally adjusted nor calendar adjusted,GY,"Growth rate, over 1 year",1996,,2.931204,,A,Normal value,,,,,,,2,Two
DATAFLOW,OECD.SDD.TPS:DSD_PRICES@DF_PRICES_ALL(1.0),"Consumer price indices (CPIs, HICPs), COICOP 1999",I,USA,United States,A,Annual,N,National,CPI,Consumer price index,PA,Percent per annum,_T,Total,N,Neither seasonally adjusted nor calendar adjusted,GY,"Growth rate, over 1 year",1997,,2.33769,,A,Normal value,,,,,,,2,Two
DATAFLOW,OECD.SDD.TPS:DSD_PRICES@DF_PRICES_ALL(1.0),"Consumer price indices (CPIs, HICPs), COICOP 1999",I,USA,United States,A,Annual,N,National,CPI,Consumer price index,PA,Percent per annum,_T,Total,N,Neither seasonally adjusted nor calendar adjusted,GY,"Growth rate, over 1 year",1998,,1.552279,,A,Normal value,,,,,,,2,Two
DATAFLOW,OECD.SDD.TPS:DSD_PRICES@DF_PRICES_ALL(1.0),"Consumer price indices (CPIs, HICPs), COICOP 1999",I,USA,United States,A,Annual,N,National,CPI,Consumer price index,PA,Percent per annum,_T,Total,N,Neither seasonally adjusted nor calendar adjusted,GY,"Growth rate, over 1 year",1999,,2.188027,,A,Normal value,,,,,,,2,Two
DATAFLOW,OECD.SDD.TPS:DSD_PRICES@DF_PRICES_ALL(1.0),"Consumer price indices (CPIs, HICPs), COICOP 1999",I,USA,United States,A,Annual,N,National,CPI,Consumer price index,PA,Percent per annum,_T,Total,N,Neither seasonally adjusted nor calendar adjusted,GY,"Growth rate, over 1 year",2000,,3.376857,,A,Normal value,,,,,,,2,Two
DATAFLOW,OECD.SDD.TPS:DSD_PRICES@DF_PRICES_ALL(1.0),"Consumer price indices (CPIs, HICPs), COICOP 1999",I,USA,United States,A,Annual,N,National,CPI,Consumer price index,PA,Percent per annum,_T,Total,N,Neither seasonally adjusted nor calendar adjusted,GY,"Growth rate, over 1 year",2001,,2.826171,,A,Normal value,,,,,,,2,Two
DATAFLOW,OECD.SDD.TPS:DSD_PRICES@DF_PRICES_ALL(1.0),"Consumer price indices (CPIs, HICPs), COICOP 1999",I,USA,United States,A,Annual,N,National,CPI,Consumer price index,PA,Percent per annum,_T,Total,N,Neither seasonally adjusted nor calendar adjusted,GY,"Growth rate, over 1 year",2002,,1.586032,,A,Normal value,,,,,,,2,Two
DATAFLOW,OECD.SDD.TPS:DSD_PRICES@DF_PRICES_ALL(1.0),"Consumer price indices (CPIs, HICPs), COICOP 1999",I,USA,United States,A,Annual,N,National,CPI,Consumer price index,PA,Percent per annum,_T,Total,N,Neither seasonally adjusted nor calendar adjusted,GY,"Growth rate, over 1 year",2003,,2.270095,,A,Normal value,,,,,,,2,Two
DATAFLOW,OECD.SDD.TPS:DSD_PRICES@DF_PRICES_ALL(1.0),"Consumer price indices (CPIs, HICPs), COICOP 1999",I,USA,United States,A,Annual,N,National,CPI,Consumer price index,PA,Percent per annum,_T,Total,N,Neither seasonally adjusted nor calendar adjusted,GY,"Growth rate, over 1 year",2004,,2.677237,,A,Normal value,,,,,,,2,Two
DATAFLOW,OECD.SDD.TPS:DSD_PRICES@DF_PRICES_ALL(1.0),"Consumer price indices (CPIs, HICPs), COICOP 1999",I,USA,United States,A,Annual,N,National,CPI,Consumer price index,PA,Percent per annum,_T,Total,N,Neither seasonally adjusted nor calendar adjusted,GY,"Growth rate, over 1 year",2005,,3.392747,,A,Normal value,,,,,,,2,Two
DATAFLOW,OECD.SDD.TPS:DSD_PRICES@DF_PRICES_ALL(1.0),"Consumer price indices (CPIs, HICPs), COICOP 1999",I,USA,United States,A,Annual,N,National,CPI,Consumer price index,PA,Percent per annum,_T,Total,N,Neither seasonally adjusted nor calendar adjusted,GY,"Growth rate, over 1 year",2006,,3.225944,,A,Normal value,,,,,,,2,Two
DATAFLOW,OECD.SDD.TPS:DSD_PRICES@DF_PRICES_ALL(1.0),"Consumer price indices (CPIs, HICPs), COICOP 1999",I,USA,United States,A,Annual,N,National,CPI,Consumer price index,PA,Percent per annum,_T,Total,N,Neither seasonally adjusted nor calendar adjusted,GY,"Growth rate, over 1 year",2007,,2.852673,,A,Normal value,,,,,,,2,Two
DATAFLOW,OECD.SDD.TPS:DSD_PRICES@DF_PRICES_ALL(1.0),"Consumer price indices (CPIs, HICPs), COICOP 1999",I,USA,United States,A,Annual,N,National,CPI,Consumer price index,PA,Percent per annum,_T,Total,N,Neither seasonally adjusted nor calendar adjusted,GY,"Growth rate, over 1 year",2008,,3.8391,,A,Normal value,,,,,,,2,Two
DATAFLOW,OECD.SDD.TPS:DSD_PRICES@DF_PRICES_ALL(1.0),"Consumer price indices (CPIs, HICPs), COICOP 1999",I,USA,United States,A,Annual,N,National,CPI,Consumer price index,PA,Percent per annum,_T,Total,N,Neither seasonally adjusted nor calendar adjusted,GY,"Growth rate, over 1 year",2009,,-0.3555463,,A,Normal value,,,,,,,2,Two
DATAFLOW,OECD.SDD.TPS:DSD_PRICES@DF_PRICES_ALL(1.0),"Consumer price indices (CPIs, HICPs), COICOP 1999",I,USA,United States,A,Annual,N,National,CPI,Consumer price index,PA,Percent per annum,_T,Total,N,Neither seasonally adjusted nor calendar adjusted,GY,"Growth rate, over 1 year",2010,,1.640043,,A,Normal value,,,,,,,2,Two
DATAFLOW,OECD.SDD.TPS:DSD_PRICES@DF_PRICES_ALL(1.0),"Consumer price indices (CPIs, HICPs), COICOP 1999",I,USA,United States,A,Annual,N,National,CPI,Consumer price index,PA,Percent per annum,_T,Total,N,Neither seasonally adjusted nor calendar adjusted,GY,"Growth rate, over 1 year",2011,,3.156842,,A,Normal value,,,,,,,2,Two
DATAFLOW,OECD.SDD.TPS:DSD_PRICES@DF_PRICES_ALL(1.0),"Consumer price indices (CPIs, HICPs), COICOP 1999",I,USA,United States,A,Annual,N,National,CPI,Consumer price index,PA,Percent per annum,_T,Total,N,Neither seasonally adjusted nor calendar adjusted,GY,"Growth rate, over 1 year",2012,,2.069337,,A,Normal value,,,,,,,2,Two
DATAFLOW,OECD.SDD.TPS:DSD_PRICES@DF_PRICES_ALL(1.0),"Consumer price indices (CPIs, HICPs), COICOP 1999",I,USA,United States,A,Annual,N,National,CPI,Consumer price index,PA,Percent per annum,_T,Total,N,Neither seasonally adjusted nor calendar adjusted,GY,"Growth rate, over 1 year",2013,,1.464833,,A,Normal value,,,,,,,2,Two
DATAFLOW,OECD.SDD.TPS:DSD_PRICES@DF_PRICES_ALL(1.0),"Consumer price indices (CPIs, HICPs), COICOP 1999",I,USA,United States,A,Annual,N,National,CPI,Consumer price index,PA,Percent per annum,_T,Total,N,Neither seasonally adjusted nor calendar adjusted,GY,"Growth rate, over 1 year",2014,,1.622223,,A,Normal value,,,,,,,2,Two
DATAFLOW,OECD.SDD.TPS:DSD_PRICES@DF_PRICES_ALL(1.0),"Consumer price indices (CPIs, HICPs), COICOP 1999",I,USA,United States,A,Annual,N,National,CPI,Consumer price index,PA,Percent per annum,_T,Total,N,Neither seasonally adjusted nor calendar adjusted,GY,"Growth rate, over 1 year",2015,,0.1186271,,A,Normal value,,,,,,,2,Two
DATAFLOW,OECD.SDD.TPS:DSD_PRICES@DF_PRICES_ALL(1.0),"Consumer price indices (CPIs, HICPs), COICOP 1999",I,USA,United States,A,Annual,N,National,CPI,Consumer price index,PA,Percent per annum,_T,Total,N,Neither seasonally adjusted nor calendar adjusted,GY,"Growth rate, over 1 year",2016,,1.261583,,A,Normal value,,,,,,,2,Two
DATAFLOW,OECD.SDD.TPS:DSD_PRICES@DF_PRICES_ALL(1.0),"Consumer price indices (CPIs, HICPs), COICOP 1999",I,USA,United States,A,Annual,N,National,CPI,Consumer price index,PA,Percent per annum,_T,Total,N,Neither seasonally adjusted nor calendar adjusted,GY,"Growth rate, over 1 year",2017,,2.13011,,A,Normal value,,,,,,,2,Two
DATAFLOW,OECD.SDD.TPS:DSD_PRICES@DF_PRICES_ALL(1.0),"Consumer price indices (CPIs, HICPs), COICOP 1999",I,USA,United States,A,Annual,N,National,CPI,Consumer price index,PA,Percent per annum,_T,Total,N,Neither seasonally adjusted nor calendar adjusted,GY,"Growth rate, over 1 year",2018,,2.442583,,A,Normal value,,,,,,,2,Two
DATAFLOW,OECD.SDD.TPS:DSD_PRICES@DF_PRICES_ALL(1.0),"Consumer price indices (CPIs, HICPs), COICOP 1999",I,USA,United States,A,Annual,N,National,CPI,Consumer price index,PA,Percent per annum,_T,Total,N,Neither seasonally adjusted nor calendar adjusted,GY,"Growth rate, over 1 year",2019,,1.81221,,A,Normal value,,,,,,,2,Two
DATAFLOW,OECD.SDD.TPS:DSD_PRICES@DF_PRICES_ALL(1.0),"Consumer price indices (CPIs, HICPs), COICOP 1999",I,USA,United States,A,Annual,N,National,CPI,Consumer price index,PA,Percent per annum,_T,Total,N,Neither seasonally adjusted nor calendar adjusted,GY,"Growth rate, over 1 year",2020,,1.233584,,A,Normal value,,,,,,,2,Two
DATAFLOW,OECD.SDD.TPS:DSD_PRICES@DF_PRICES_ALL(1.0),"Consumer price indices (CPIs, HICPs), COICOP 1999",I,USA,United States,A,Annual,N,National,CPI,Consumer price index,PA,Percent per annum,_T,Total,N,Neither seasonally adjusted nor calendar adjusted,GY,"Growth rate, over 1 year",2021,,4.697859,,A,Normal value,,,,,,,2,Two
DATAFLOW,OECD.SDD.TPS:DSD_PRICES@DF_PRICES_ALL(1.0),"Consumer price indices (CPIs, HICPs), COICOP 1999",I,USA,United States,A,Annual,N,National,CPI,Consumer price index,PA,Percent per annum,_T,Total,N,Neither seasonally adjusted nor calendar adjusted,GY,"Growth rate, over 1 year",2022,,8.0028,,A,Normal value,,,,,,,2,Two
DATAFLOW,OECD.SDD.TPS:DSD_PRICES@DF_PRICES_ALL(1.0),"Consumer price indices (CPIs, HICPs), COICOP 1999",I,USA,United States,A,Annual,N,National,CPI,Consumer price index,PA,Percent per annum,_T,Total,N,Neither seasonally adjusted nor calendar adjusted,GY,"Growth rate, over 1 year",2023,,4.116338,,A,Normal value,,,,,,,2,Two
DATAFLOW,OECD.SDD.TPS:DSD_PRICES@DF_PRICES_ALL(1.0),"Consumer price indices (CPIs, HICPs), COICOP 1999",I,USA,United States,A,Annual,N,National,CPI,Consumer price index,PA,Percent per annum,_T,Total,N,Neither seasonally adjusted nor calendar adjusted,GY,"Growth rate, over 1 year",2024,,2.949525,,A,Normal value,,,,,,,2,Two
DATAFLOW,OECD.SDD.TPS:DSD_PRICES@DF_PRICES_ALL(1.0),"Consumer price indices (CPIs, HICPs), COICOP 1999",I,LVA,Latvia,A,Annual,N,National,CPI,Consumer price index,PA,Percent per annum,_T,Total,N,Neither seasonally adjusted nor calendar adjusted,GY,"Growth rate, over 1 year",2010,,-1.084636,,A,Normal value,,,,,,,2,Two
DATAFLOW,OECD.SDD.TPS:DSD_PRICES@DF_PRICES_ALL(1.0),"Consumer price indices (CPIs, HICPs), COICOP 1999",I,LVA,Latvia,A,Annual,N,National,CPI,Consumer price index,PA,Percent per annum,_T,Total,N,Neither seasonally adjusted nor calendar adjusted,GY,"Growth rate, over 1 year",2011,,4.370736,,A,Normal value,,,,,,,2,Two
DATAFLOW,OECD.SDD.TPS:DSD_PRICES@DF_PRICES_ALL(1.0),"Consumer price indices (CPIs, HICPs), COICOP 1999",I,LVA,Latvia,A,Annual,N,National,CPI,Consumer price index,PA,Percent per annum,_T,Total,N,Neither seasonally adjusted nor calendar adjusted,GY,"Growth rate, over 1 year",2012,,2.257789,,A,Normal value,,,,,,,2,Two
DATAFLOW,OECD.SDD.TPS:DSD_PRICES@DF_PRICES_ALL(1.0),"Consumer price indices (CPIs, HICPs), COICOP 1999",I,LVA,Latvia,A,Annual,N,National,CPI,Consumer price index,PA,Percent per annum,_T,Total,N,Neither seasonally adjusted nor calendar adjusted,GY,"Growth rate, over 1 year",2013,,-0.02945478,,A,Normal value,,,,,,,2,Two
DATAFLOW,OECD.SDD.TPS:DSD_PRICES@DF_PRICES_ALL(1.0),"Consumer price indices (CPIs, HICPs), COICOP 1999",I,LVA,Latvia,A,Annual,N,National,CPI,Consumer price index,PA,Percent per annum,_T,Total,N,Neither seasonally adjusted nor calendar adjusted,GY,"Growth rate, over 1 year",2014,,0.6204923,,A,Normal value,,,,,,,2,Two
DATAFLOW,OECD.SDD.TPS:DSD_PRICES@DF_PRICES_ALL(1.0),"Consumer price indices (CPIs, HICPs), COICOP 1999",I,LVA,Latvia,A,Annual,N,National,CPI,Consumer price index,PA,Percent per annum,_T,Total,N,Neither seasonally adjusted nor calendar adjusted,GY,"Growth rate, over 1 year",2015,,0.1742414,,A,Normal value,,,,,,,2,Two
DATAFLOW,OECD.SDD.TPS:DSD_PRICES@DF_PRICES_ALL(1.0),"Consumer price indices (CPIs, HICPs), COICOP 1999",I,LVA,Latvia,A,Annual,N,National,CPI,Consumer price index,PA,Percent per annum,_T,Total,N,Neither seasonally adjusted nor calendar adjusted,GY,"Growth rate, over 1 year",2016,,0.1406308,,A,Normal value,,,,,,,2,Two
DATAFLOW,OECD.SDD.TPS:DSD_PRICES@DF_PRICES_ALL(1.0),"Consumer price indices (CPIs, HICPs), COICOP 1999",I,LVA,Latvia,A,Annual,N,National,CPI,Consumer price index,PA,Percent per annum,_T,Total,N,Neither seasonally adjusted nor calendar adjusted,GY,"Growth rate, over 1 year",2017,,2.930369,,A,Normal value,,,,,,,2,Two
DATAFLOW,OECD.SDD.TPS:DSD_PRICES@DF_PRICES_ALL(1.0),"Consumer price indices (CPIs, HICPs), COICOP 1999",I,LVA,Latvia,A,Annual,N,National,CPI,Consumer price index,PA,Percent per annum,_T,Total,N,Neither seasonally adjusted nor calendar adjusted,GY,"Growth rate, over 1 year",2018,,2.53446,,A,Normal value,,,,,,,2,Two
DATAFLOW,OECD.SDD.TPS:DSD_PRICES@DF_PRICES_ALL(1.0),"Consumer price indices (CPIs, HICPs), COICOP 1999",I,LVA,Latvia,A,Annual,N,National,CPI,Consumer price index,PA,Percent per annum,_T,Total,N,Neither seasonally adjusted nor calendar adjusted,GY,"Growth rate, over 1 year",2019,,2.811403,,A,Normal value,,,,,,,2,Two
DATAFLOW,OECD.SDD.TPS:DSD_PRICES@DF_PRICES_ALL(1.0),"Consumer price indices (CPIs, HICPs), COICOP 1999",I,LVA,Latvia,A,Annual,N,National,CPI,Consumer price index,PA,Percent per annum,_T,Total,N,Neither seasonally adjusted nor calendar adjusted,GY,"Growth rate, over 1 year",2020,,0.2190611,,A,Normal value,,,,,,,2,Two
DATAFLOW,OECD.SDD.TPS:DSD_PRICES@DF_PRICES_ALL(1.0),"Consumer price indices (CPIs, HICPs), COICOP 1999",I,LVA,Latvia,A,Annual,N,National,CPI,Consumer price index,PA,Percent per annum,_T,Total,N,Neither seasonally adjusted nor calendar adjusted,GY,"Growth rate, over 1 year",2021,,3.275814,,A,Normal value,,,,,,,2,Two
DATAFLOW,OECD.SDD.TPS:DSD_PRICES@DF_PRICES_ALL(1.0),"Consumer price indices (CPIs, HICPs), COICOP 1999",I,LVA,Latvia,A,Annual,N,National,CPI,Consumer price index,PA,Percent per annum,_T,Total,N,Neither seasonally adjusted nor calendar adjusted,GY,"Growth rate, over 1 year",2022,,17.31029,,A,Normal value,,,,,,,2,Two
DATAFLOW,OECD.SDD.TPS:DSD_PRICES@DF_PRICES_ALL(1.0),"Consumer price indices (CPIs, HICPs), COICOP 1999",I,LVA,Latvia,A,Annual,N,National,CPI,Consumer price index,PA,Percent per annum,_T,Total,N,Neither seasonally adjusted nor calendar adjusted,GY,"Growth rate, over 1 year",2023,,8.938056,,A,Normal value,,,,,,,2,Two
DATAFLOW,OECD.SDD.TPS:DSD_PRICES@DF_PRICES_ALL(1.0),"Consumer price indices (CPIs, HICPs), COICOP 1999",I,LVA,Latvia,A,Annual,N,National,CPI,Consumer price index,PA,Percent per annum,_T,Total,N,Neither seasonally adjusted nor calendar adjusted,GY,"Growth rate, over 1 year",2024,,1.265798,,A,Normal value,,,,,,,2,Two
DATAFLOW,OECD.SDD.TPS:DSD_PRICES@DF_PRICES_ALL(1.0),"Consumer price indices (CPIs, HICPs), COICOP 1999",I,LVA,Latvia,A,Annual,N,National,CPI,Consumer price index,PA,Percent per annum,_T,Total,N,Neither seasonally adjusted nor calendar adjusted,GY,"Growth rate, over 1 year",2025,,3.74577,,A,Normal value,,,,,,,2,Two
DATAFLOW,OECD.SDD.TPS:DSD_PRICES@DF_PRICES_ALL(1.0),"Consumer price indices (CPIs, HICPs), COICOP 1999",I,SVN,Slovenia,A,Annual,N,National,CPI,Consumer price index,PA,Percent per annum,_T,Total,N,Neither seasonally adjusted nor calendar adjusted,GY,"Growth rate, over 1 year",1988,,198.7537,,A,Normal value,,,,,,,2,Two
DATAFLOW,OECD.SDD.TPS:DSD_PRICES@DF_PRICES_ALL(1.0),"Consumer price indices (CPIs, HICPs), COICOP 1999",I,SVN,Slovenia,A,Annual,N,National,CPI,Consumer price index,PA,Percent per annum,_T,Total,N,Neither seasonally adjusted nor calendar adjusted,GY,"Growth rate, over 1 year",1989,,1281.444,,A,Normal value,,,,,,,2,Two
DATAFLOW,OECD.SDD.TPS:DSD_PRICES@DF_PRICES_ALL(1.0),"Consumer price indices (CPIs, HICPs), COICOP 1999",I,SVN,Slovenia,A,Annual,N,National,CPI,Consumer price index,PA,Percent per annum,_T,Total,N,Neither seasonally adjusted nor calendar adjusted,GY,"Growth rate, over 1 year",1990,,552.0835,,A,Normal value,,,,,,,2,Two
DATAFLOW,OECD.SDD.TPS:DSD_PRICES@DF_PRICES_ALL(1.0),"Consumer price indices (CPIs, HICPs), COICOP 1999",I,SVN,Slovenia,A,Annual,N,National,CPI,Consumer price index,PA,Percent per annum,_T,Total,N,Neither seasonally adjusted nor calendar adjusted,GY,"Growth rate, over 1 year",1991,,114.8329,,A,Normal value,,,,,,,2,Two
DATAFLOW,OECD.SDD.TPS:DSD_PRICES@DF_PRICES_ALL(1.0),"Consumer price indices (CPIs, HICPs), COICOP 1999",I,SVN,Slovenia,A,Annual,N,National,CPI,Consumer price index,PA,Percent per annum,_T,Total,N,Neither seasonally adjusted nor calendar adjusted,GY,"Growth rate, over 1 year",1992,,209.9338,,A,Normal value,,,,,,,2,Two
DATAFLOW,OECD.SDD.TPS:DSD_PRICES@DF_PRICES_ALL(1.0),"Consumer price indices (CPIs, HICPs), COICOP 1999",I,SVN,Slovenia,A,Annual,N,National,CPI,Consumer price index,PA,Percent per annum,_T,Total,N,Neither seasonally adjusted nor calendar adjusted,GY,"Growth rate, over 1 year",1993,,31.76213,,A,Normal value,,,,,,,2,Two
DATAFLOW,OECD.SDD.TPS:DSD_PRICES@DF_PRICES_ALL(1.0),"Consumer price indices (CPIs, HICPs), COICOP 1999",I,SVN,Slovenia,A,Annual,N,National,CPI,Consumer price index,PA,Percent per annum,_T,Total,N,Neither seasonally adjusted nor calendar adjusted,GY,"Growth rate, over 1 year",1994,,20.99182,,A,Normal value,,,,,,,2,Two
DATAFLOW,OECD.SDD.TPS:DSD_PRICES@DF_PRICES_ALL(1.0),"Consumer price indices (CPIs, HICPs), COICOP 1999",I,SVN,Slovenia,A,Annual,N,National,CPI,Consumer price index,PA,Percent per annum,_T,Total,N,Neither seasonally adjusted nor calendar adjusted,GY,"Growth rate, over 1 year",1995,,13.46372,,A,Normal value,,,,,,,2,Two
DATAFLOW,OECD.SDD.TPS:DSD_PRICES@DF_PRICES_ALL(1.0),"Consumer price indices (CPIs, HICPs), COICOP 1999",I,SVN,Slovenia,A,Annual,N,National,CPI,Consumer price index,PA,Percent per annum,_T,Total,N,Neither seasonally adjusted nor calendar adjusted,GY,"Growth rate, over 1 year",1996,,9.864456,,A,Normal value,,,,,,,2,Two
DATAFLOW,OECD.SDD.TPS:DSD_PRICES@DF_PRICES_ALL(1.0),"Consumer price indices (CPIs, HICPs), COICOP 1999",I,SVN,Slovenia,A,Annual,N,National,CPI,Consumer price index,PA,Percent per annum,_T,Total,N,Neither seasonally adjusted nor calendar adjusted,GY,"Growth rate, over 1 year",1997,,8.359679,,A,Normal value,,,,,,,2,Two
DATAFLOW,OECD.SDD.TPS:DSD_PRICES@DF_PRICES_ALL(1.0),"Consumer price indices (CPIs, HICPs), COICOP 1999",I,SVN,Slovenia,A,Annual,N,National,CPI,Consumer price index,PA,Percent per annum,_T,Total,N,Neither seasonally adjusted nor calendar adjusted,GY,"Growth rate, over 1 year",1998,,7.891166,,A,Normal value,,,,,,,2,Two
DATAFLOW,OECD.SDD.TPS:DSD_PRICES@DF_PRICES_ALL(1.0),"Consumer price indices (CPIs, HICPs), COICOP 1999",I,SVN,Slovenia,A,Annual,N,National,CPI,Consumer price index,PA,Percent per annum,_T,Total,N,Neither seasonally adjusted nor calendar adjusted,GY,"Growth rate, over 1 year",1999,,6.155588,,A,Normal value,,,,,,,2,Two
DATAFLOW,OECD.SDD.TPS:DSD_PRICES@DF_PRICES_ALL(1.0),"Consumer price indices (CPIs, HICPs), COICOP 1999",I,SVN,Slovenia,A,Annual,N,National,CPI,Consumer price index,PA,Percent per annum,_T,Total,N,Neither seasonally adjusted nor calendar adjusted,GY,"Growth rate, over 1 year",2000,,8.911745,,A,Normal value,,,,,,,2,Two
DATAFLOW,OECD.SDD.TPS:DSD_PRICES@DF_PRICES_ALL(1.0),"Consumer price indices (CPIs, HICPs), COICOP 1999",I,SVN,Slovenia,A,Annual,N,National,CPI,Consumer price index,PA,Percent per annum,_T,Total,N,Neither seasonally adjusted nor calendar adjusted,GY,"Growth rate, over 1 year",2001,,8.379666,,A,Normal value,,,,,,,2,Two
DATAFLOW,OECD.SDD.TPS:DSD_PRICES@DF_PRICES_ALL(1.0),"Consumer price indices (CPIs, HICPs), COICOP 1999",I,SVN,Slovenia,A,Annual,N,National,CPI,Consumer price index,PA,Percent per annum,_T,Total,N,Neither seasonally adjusted nor calendar adjusted,GY,"Growth rate, over 1 year",2002,,7.480778,,A,Normal value,,,,,,,2,Two
DATAFLOW,OECD.SDD.TPS:DSD_PRICES@DF_PRICES_ALL(1.0),"Consumer price indices (CPIs, HICPs), COICOP 1999",I,SVN,Slovenia,A,Annual,N,National,CPI,Consumer price index,PA,Percent per annum,_T,Total,N,Neither seasonally adjusted nor calendar adjusted,GY,"Growth rate, over 1 year",2003,,5.544164,,A,Normal value,,,,,,,2,Two
DATAFLOW,OECD.SDD.TPS:DSD_PRICES@DF_PRICES_ALL(1.0),"Consumer price indices (CPIs, HICPs), COICOP 1999",I,SVN,Slovenia,A,Annual,N,National,CPI,Consumer price index,PA,Percent per annum,_T,Total,N,Neither seasonally adjusted nor calendar adjusted,GY,"Growth rate, over 1 year",2004,,3.592976,,A,Normal value,,,,,,,2,Two
DATAFLOW,OECD.SDD.TPS:DSD_PRICES@DF_PRICES_ALL(1.0),"Consumer price indices (CPIs, HICPs), COICOP 1999",I,SVN,Slovenia,A,Annual,N,National,CPI,Consumer price index,PA,Percent per annum,_T,Total,N,Neither seasonally adjusted nor calendar adjusted,GY,"Growth rate, over 1 year",2005,,2.451501,,A,Normal value,,,,,,,2,Two
DATAFLOW,OECD.SDD.TPS:DSD_PRICES@DF_PRICES_ALL(1.0),"Consumer price indices (CPIs, HICPs), COICOP 1999",I,SVN,Slovenia,A,Annual,N,National,CPI,Consumer price index,PA,Percent per annum,_T,Total,N,Neither seasonally adjusted nor calendar adjusted,GY,"Growth rate, over 1 year",2006,,2.457924,,A,Normal value,,,,,,,2,Two
DATAFLOW,OECD.SDD.TPS:DSD_PRICES@DF_PRICES_ALL(1.0),"Consumer price indices (CPIs, HICPs), COICOP 1999",I,SVN,Slovenia,A,Annual,N,National,CPI,Consumer price index,PA,Percent per annum,_T,Total,N,Neither seasonally adjusted nor calendar adjusted,GY,"Growth rate, over 1 year",2007,,3.657496,,A,Normal value,,,,,,,2,Two
DATAFLOW,OECD.SDD.TPS:DSD_PRICES@DF_PRICES_ALL(1.0),"Consumer price indices (CPIs, HICPs), COICOP 1999",I,SVN,Slovenia,A,Annual,N,National,CPI,Consumer price index,PA,Percent per annum,_T,Total,N,Neither seasonally adjusted nor calendar adjusted,GY,"Growth rate, over 1 year",2008,,5.647424,,A,Normal value,,,,,,,2,Two
DATAFLOW,OECD.SDD.TPS:DSD_PRICES@DF_PRICES_ALL(1.0),"Consumer price indices (CPIs, HICPs), COICOP 1999",I,AUT,Austria,A,Annual,N,National,CPI,Consumer price index,PA,Percent per annum,_T,Total,N,Neither seasonally adjusted nor calendar adjusted,GY,"Growth rate, over 1 year",1988,,1.91572,,A,Normal value,,,,,,,2,Two
DATAFLOW,OECD.SDD.TPS:DSD_PRICES@DF_PRICES_ALL(1.0),"Consumer price indices (CPIs, HICPs), COICOP 1999",I,AUT,Austria,A,Annual,N,National,CPI,Consumer price index,PA,Percent per annum,_T,Total,N,Neither seasonally adjusted nor calendar adjusted,GY,"Growth rate, over 1 year",1989,,2.568347,,A,Normal value,,,,,,,2,Two
DATAFLOW,OECD.SDD.TPS:DSD_PRICES@DF_PRICES_ALL(1.0),"Consumer price indices (CPIs, HICPs), COICOP 1999",I,AUT,Austria,A,Annual,N,National,CPI,Consumer price index,PA,Percent per annum,_T,Total,N,Neither seasonally adjusted nor calendar adjusted,GY,"Growth rate, over 1 year",1990,,3.261872,,A,Normal value,,,,,,,2,Two
DATAFLOW,OECD.SDD.TPS:DSD_PRICES@DF_PRICES_ALL(1.0),"Consumer price indices (CPIs, HICPs), COICOP 1999",I,AUT,Austria,A,Annual,N,National,CPI,Consumer price index,PA,Percent per annum,_T,Total,N,Neither seasonally adjusted nor calendar adjusted,GY,"Growth rate, over 1 year",1991,,3.337426,,A,Normal value,,,,,,,2,Two
DATAFLOW,OECD.SDD.TPS:DSD_PRICES@DF_PRICES_ALL(1.0),"Consumer price indices (CPIs, HICPs), COICOP 1999",I,AUT,Austria,A,Annual,N,National,CPI,Consumer price index,PA,Percent per annum,_T,Total,N,Neither seasonally adjusted nor calendar adjusted,GY,"Growth rate, over 1 year",1992,,4.020847,,A,Normal value,,,,,,,2,Two
DATAFLOW,OECD.SDD.TPS:DSD_PRICES@DF_PRICES_ALL(1.0),"Consumer price indices (CPIs, HICPs), COICOP 1999",I,AUT,Austria,A,Annual,N,National,CPI,Consumer price index,PA,Percent per annum,_T,Total,N,Neither seasonally adjusted nor calendar adjusted,GY,"Growth rate, over 1 year",1993,,3.631786,,A,Normal value,,,,,,,2,Two
DATAFLOW,OECD.SDD.TPS:DSD_PRICES@DF_PRICES_ALL(1.0),"Consumer price indices (CPIs, HICPs), COICOP 1999",I,AUT,Austria,A,Annual,N,National,CPI,Consumer price index,PA,Percent per annum,_T,Total,N,Neither seasonally adjusted nor calendar adjusted,GY,"Growth rate, over 1 year",1994,,2.953407,,A,Normal value,,,,,,,2,Two
DATAFLOW,OECD.SDD.TPS:DSD_PRICES@DF_PRICES_ALL(1.0),"Consumer price indices (CPIs, HICPs), COICOP 1999",I,AUT,Austria,A,Annual,N,National,CPI,Consumer price index,PA,Percent per annum,_T,Total,N,Neither seasonally adjusted nor calendar adjusted,GY,"Growth rate, over 1 year",1995,,2.243364,,A,Normal value,,,,,,,2,Two
DATAFLOW,OECD.SDD.TPS:DSD_PRICES@DF_PRICES_ALL(1.0),"Consumer price indices (CPIs, HICPs), COICOP 1999",I,AUT,Austria,A,Annual,N,National,CPI,Consumer price index,PA,Percent per annum,_T,Total,N,Neither seasonally adjusted nor calendar adjusted,GY,"Growth rate, over 1 year",1996,,1.860974,,A,Normal value,,,,,,,2,Two
DATAFLOW,OECD.SDD.TPS:DSD_PRICES@DF_PRICES_ALL(1.0),"Consumer price indices (CPIs, HICPs), COICOP 1999",I,AUT,Austria,A,Annual,N,National,CPI,Consumer price index,PA,Percent per annum,_T,Total,N,Neither seasonally adjusted nor calendar adjusted,GY,"Growth rate, over 1 year",1997,,1.305983,,A,Normal value,,,,,,,2,Two
DATAFLOW,OECD.SDD.TPS:DSD_PRICES@DF_PRICES_ALL(1.0),"Consumer price indices (CPIs, HICPs), COICOP 1999",I,AUT,Austria,A,Annual,N,National,CPI,Consumer price index,PA,Percent per annum,_T,Total,N,Neither seasonally adjusted nor calendar adjusted,GY,"Growth rate, over 1 year",1998,,0.9224669,,A,Normal value,,,,,,,2,Two
DATAFLOW,OECD.SDD.TPS:DSD_PRICES@DF_PRICES_ALL(1.0),"Consumer price indices (CPIs, HICPs), COICOP 1999",I,AUT,Austria,A,Annual,N,National,CPI,Consumer price index,PA,Percent per annum,_T,Total,N,Neither seasonally adjusted nor calendar adjusted,GY,"Growth rate, over 1 year",1999,,0.5689865,,A,Normal value,,,,,,,2,Two
DATAFLOW,OECD.SDD.TPS:DSD_PRICES@DF_PRICES_ALL(1.0),"Consumer price indices (CPIs, HICPs), COICOP 1999",I,AUT,Austria,A,Annual,N,National,CPI,Consumer price index,PA,Percent per annum,_T,Total,N,Neither seasonally adjusted nor calendar adjusted,GY,"Growth rate, over 1 year",2000,,2.344868,,A,Normal value,,,,,,,2,Two
DATAFLOW,OECD.SDD.TPS:DSD_PRICES@DF_PRICES_ALL(1.0),"Consumer price indices (CPIs, HICPs), COICOP 1999",I,AUT,Austria,A,Annual,N,National,CPI,Consumer price index,PA,Percent per annum,_T,Total,N,Neither seasonally adjusted nor calendar adjusted,GY,"Growth rate, over 1 year",2001,,2.65,,A,Normal value,,,,,,,2,Two
DATAFLOW,OECD.SDD.TPS:DSD_PRICES@DF_PRICES_ALL(1.0),"Consumer price indices (CPIs, HICPs), COICOP 1999",I,AUT,Austria,A,Annual,N,National,CPI,Consumer price index,PA,Percent per annum,_T,Total,N,Neither seasonally adjusted nor calendar adjusted,GY,"Growth rate, over 1 year",2002,,1.810359,,A,Normal value,,,,,,,2,Two
DATAFLOW,OECD.SDD.TPS:DSD_PRICES@DF_PRICES_ALL(1.0),"Consumer price indices (CPIs, HICPs), COICOP 1999",I,AUT,Austria,A,Annual,N,National,CPI,Consumer price index,PA,Percent per annum,_T,Total,N,Neither seasonally adjusted nor calendar adjusted,GY,"Growth rate, over 1 year",2003,,1.355554,,A,Normal value,,,,,,,2,Two
DATAFLOW,OECD.SDD.TPS:DSD_PRICES@DF_PRICES_ALL(1.0),"Consumer price indices (CPIs, HICPs), COICOP 1999",I,AUT,Austria,A,Annual,N,National,CPI,Consumer price index,PA,Percent per annum,_T,Total,N,Neither seasonally adjusted nor calendar adjusted,GY,"Growth rate, over 1 year",2004,,2.061207,,A,Normal value,,,,,,,2,Two
DATAFLOW,OECD.SDD.TPS:DSD_PRICES@DF_PRICES_ALL(1.0),"Consumer price indices (CPIs, HICPs), COICOP 1999",I,AUT,Austria,A,Annual,N,National,CPI,Consumer price index,PA,Percent per annum,_T,Total,N,Neither seasonally adjusted nor calendar adjusted,GY,"Growth rate, over 1 year",2005,,2.299138,,A,Normal value,,,,,,,2,Two
DATAFLOW,OECD.SDD.TPS:DSD_PRICES@DF_PRICES_ALL(1.0),"Consumer price indices (CPIs, HICPs), COICOP 1999",I,TUR,Türkiye,A,Annual,N,National,CPI,Consumer price index,PA,Percent per annum,_T,Total,N,Neither seasonally adjusted nor calendar adjusted,GY,"Growth rate, over 1 year",2025,,34.88116,,A,Normal value,,,,,,,2,Two
DATAFLOW,OECD.SDD.TPS:DSD_PRICES@DF_PRICES_ALL(1.0),"Consumer price indices (CPIs, HICPs), COICOP 1999",I,PRT,Portugal,A,Annual,N,National,CPI,Consumer price index,PA,Percent per annum,_T,Total,N,Neither seasonally adjusted nor calendar adjusted,GY,"Growth rate, over 1 year",1988,,10.10163,,A,Normal value,,,,,,,2,Two
DATAFLOW,OECD.SDD.TPS:DSD_PRICES@DF_PRICES_ALL(1.0),"Consumer price indices (CPIs, HICPs), COICOP 1999",I,PRT,Portugal,A,Annual,N,National,CPI,Consumer price index,PA,Percent per annum,_T,Total,N,Neither seasonally adjusted nor calendar adjusted,GY,"Growth rate, over 1 year",1989,,12.6863,,A,Normal value,,,,,,,2,Two
DATAFLOW,OECD.SDD.TPS:DSD_PRICES@DF_PRICES_ALL(1.0),"Consumer price indices (CPIs, HICPs), COICOP 1999",I,PRT,Portugal,A,Annual,N,National,CPI,Consumer price index,PA,Percent per annum,_T,Total,N,Neither seasonally adjusted nor calendar adjusted,GY,"Growth rate, over 1 year",1990,,13.63057,,A,Normal value,,,,,,,2,Two
DATAFLOW,OECD.SDD.TPS:DSD_PRICES@DF_PRICES_ALL(1.0),"Consumer price indices (CPIs, HICPs), COICOP 1999",I,PRT,Portugal,A,Annual,N,National,CPI,Consumer price index,PA,Percent per annum,_T,Total,N,Neither seasonally adjusted nor calendar adjusted,GY,"Growth rate, over 1 year",1991,,11.84948,,A,Normal value,,,,,,,2,Two
DATAFLOW,OECD.SDD.TPS:DSD_PRICES@DF_PRICES_ALL(1.0),"Consumer price indices (CPIs, HICPs), COICOP 1999",I,PRT,Portugal,A,Annual,N,National,CPI,Consumer price index,PA,Percent per annum,_T,Total,N,Neither seasonally adjusted nor calendar adjusted,GY,"Growth rate, over 1 year",1992,,9.55926,,A,Normal value,,,,,,,2,Two
DATAFLOW,OECD.SDD.TPS:DSD_PRICES@DF_PRICES_ALL(1.0),"Consumer price indices (CPIs, HICPs), COICOP 1999",I,PRT,Portugal,A,Annual,N,National,CPI,Consumer price index,PA,Percent per annum,_T,Total,N,Neither seasonally adjusted nor calendar adjusted,GY,"Growth rate, over 1 year",1993,,6.78378,,A,Normal value,,,,,,,2,Two
DATAFLOW,OECD.SDD.TPS:DSD_PRICES@DF_PRICES_ALL(1.0),"Consumer price indices (CPIs, HICPs), COICOP 1999",I,PRT,Portugal,A,Annual,N,National,CPI,Consumer price index,PA,Percent per annum,_T,Total,N,Neither seasonally adjusted nor calendar adjusted,GY,"Growth rate, over 1 year",1994,,5.42044,,A,Normal value,,,,,,,2,Two
DATAFLOW,OECD.SDD.TPS:DSD_PRICES@DF_PRICES_ALL(1.0),"Consumer price indices (CPIs, HICPs), COICOP 1999",I,PRT,Portugal,A,Annual,N,National,CPI,Consumer price index,PA,Percent per annum,_T,Total,N,Neither seasonally adjusted nor calendar adjusted,GY,"Growth rate, over 1 year",1995,,4.222816,,A,Normal value,,,,,,,2,Two
DATAFLOW,OECD.SDD.TPS:DSD_PRICES@DF_PRICES_ALL(1.0),"Consumer price indices (CPIs, HICPs), COICOP 1999",I,PRT,Portugal,A,Annual,N,National,CPI,Consumer price index,PA,Percent per annum,_T,Total,N,Neither seasonally adjusted nor calendar adjusted,GY,"Growth rate, over 1 year",1996,,3.068977,,A,Normal value,,,,,,,2,Two
DATAFLOW,OECD.SDD.TPS:DSD_PRICES@DF_PRICES_ALL(1.0),"Consumer price indices (CPIs, HICPs), COICOP 1999",I,PRT,Portugal,A,Annual,N,National,CPI,Consumer price index,PA,Percent per annum,_T,Total,N,Neither seasonally adjusted nor calendar adjusted,GY,"Growth rate, over 1 year",1997,,2.336863,,A,Normal value,,,,,,,2,Two
DATAFLOW,OECD.SDD.TPS:DSD_PRICES@DF_PRICES_ALL(1.0),"Consumer price indices (CPIs, HICPs), COICOP 1999",I,PRT,Portugal,A,Annual,N,National,CPI,Consumer price index,PA,Percent per annum,_T,Total,N,Neither seasonally adjusted nor calendar adjusted,GY,"Growth rate, over 1 year",1998,,2.572752,,A,Normal value,,,,,,,2,Two
DATAFLOW,OECD.SDD.TPS:DSD_PRICES@DF_PRICES_ALL(1.0),"Consumer price indices (CPIs, HICPs), COICOP 1999",I,PRT,Portugal,A,Annual,N,National,CPI,Consumer price index,PA,Percent per annum,_T,Total,N,Neither seasonally adjusted nor calendar adjusted,GY,"Growth rate, over 1 year",1999,,2.340095,,A,Normal value,,,,,,,2,Two
DATAFLOW,OECD.SDD.TPS:DSD_PRICES@DF_PRICES_ALL(1.0),"Consumer price indices (CPIs, HICPs), COICOP 1999",I,PRT,Portugal,A,Annual,N,National,CPI,Consumer price index,PA,Percent per annum,_T,Total,N,Neither seasonally adjusted nor calendar adjusted,GY,"Growth rate, over 1 year",2000,,2.85303,,A,Normal value,,,,,,,2,Two
DATAFLOW,OECD.SDD.TPS:DSD_PRICES@DF_PRICES_ALL(1.0),"Consumer price indices (CPIs, HICPs), COICOP 1999",I,PRT,Portugal,A,Annual,N,National,CPI,Consumer price index,PA,Percent per annum,_T,Total,N,Neither seasonally adjusted nor calendar adjusted,GY,"Growth rate, over 1 year",2001,,4.369903,,A,Normal value,,,,,,,2,Two
DATAFLOW,OECD.SDD.TPS:DSD_PRICES@DF_PRICES_ALL(1.0),"Consumer price indices (CPIs, HICPs), COICOP 1999",I,PRT,Portugal,A,Annual,N,National,CPI,Consumer price index,PA,Percent per annum,_T,Total,N,Neither seasonally adjusted nor calendar adjusted,GY,"Growth rate, over 1 year",2002,,3.600347,,A,Normal value,,,,,,,2,Two
DATAFLOW,OECD.SDD.TPS:DSD_PRICES@DF_PRICES_ALL(1.0),"Consumer price indices (CPIs, HICPs), COICOP 1999",I,PRT,Portugal,A,Annual,N,National,CPI,Consumer price index,PA,Percent per annum,_T,Total,N,Neither seasonally adjusted nor calendar adjusted,GY,"Growth rate, over 1 year",2003,,3.218991,,A,Normal value,,,,,,,2,Two
DATAFLOW,OECD.SDD.TPS:DSD_PRICES@DF_PRICES_ALL(1.0),"Consumer price indices (CPIs, HICPs), COICOP 1999",I,PRT,Portugal,A,Annual,N,National,CPI,Consumer price index,PA,Percent per annum,_T,Total,N,Neither seasonally adjusted nor calendar adjusted,GY,"Growth rate, over 1 year",2004,,2.365362,,A,Normal value,,,,,,,2,Two
DATAFLOW,OECD.SDD.TPS:DSD_PRICES@DF_PRICES_ALL(1.0),"Consumer price indices (CPIs, HICPs), COICOP 1999",I,PRT,Portugal,A,Annual,N,National,CPI,Consumer price index,PA,Percent per annum,_T,Total,N,Neither seasonally adjusted nor calendar adjusted,GY,"Growth rate, over 1 year",2005,,2.277164,,A,Normal value,,,,,,,2,Two
DATAFLOW,OECD.SDD.TPS:DSD_PRICES@DF_PRICES_ALL(1.0),"Consumer price indices (CPIs, HICPs), COICOP 1999",I,PRT,Portugal,A,Annual,N,National,CPI,Consumer price index,PA,Percent per annum,_T,Total,N,Neither seasonally adjusted nor calendar adjusted,GY,"Growth rate, over 1 year",2006,,3.107666,,A,Normal value,,,,,,,2,Two
DATAFLOW,OECD.SDD.TPS:DSD_PRICES@DF_PRICES_ALL(1.0),"Consumer price indices (CPIs, HICPs), COICOP 1999",I,PRT,Portugal,A,Annual,N,National,CPI,Consumer price index,PA,Percent per annum,_T,Total,N,Neither seasonally adjusted nor calendar adjusted,GY,"Growth rate, over 1 year",2007,,2.453965,,A,Normal value,,,,,,,2,Two
DATAFLOW,OECD.SDD.TPS:DSD_PRICES@DF_PRICES_ALL(1.0),"Consumer price indices (CPIs, HICPs), COICOP 1999",I,PRT,Portugal,A,Annual,N,National,CPI,Consumer price index,PA,Percent per annum,_T,Total,N,Neither seasonally adjusted nor calendar adjusted,GY,"Growth rate, over 1 year",2008,,2.588506,,A,Normal value,,,,,,,2,Two
DATAFLOW,OECD.SDD.TPS:DSD_PRICES@DF_PRICES_ALL(1.0),"Consumer price indices (CPIs, HICPs), COICOP 1999",I,PRT,Portugal,A,Annual,N,National,CPI,Consumer price index,PA,Percent per annum,_T,Total,N,Neither seasonally adjusted nor calendar adjusted,GY,"Growth rate, over 1 year",2009,,-0.83553,,A,Normal value,,,,,,,2,Two
DATAFLOW,OECD.SDD.TPS:DSD_PRICES@DF_PRICES_ALL(1.0),"Consumer price indices (CPIs, HICPs), COICOP 1999",I,PRT,Portugal,A,Annual,N,National,CPI,Consumer price index,PA,Percent per annum,_T,Total,N,Neither seasonally adjusted nor calendar adjusted,GY,"Growth rate, over 1 year",2010,,1.402573,,A,Normal value,,,,,,,2,Two
DATAFLOW,OECD.SDD.TPS:DSD_PRICES@DF_PRICES_ALL(1.0),"Consumer price indices (CPIs, HICPs), COICOP 1999",I,PRT,Portugal,A,Annual,N,National,CPI,Consumer price index,PA,Percent per annum,_T,Total,N,Neither seasonally adjusted nor calendar adjusted,GY,"Growth rate, over 1 year",2011,,3.653011,,A,Normal value,,,,,,,2,Two
DATAFLOW,OECD.SDD.TPS:DSD_PRICES@DF_PRICES_ALL(1.0),"Consumer price indices (CPIs, HICPs), COICOP 1999",I,PRT,Portugal,A,Annual,N,National,CPI,Consumer price index,PA,Percent per annum,_T,Total,N,Neither seasonally adjusted nor calendar adjusted,GY,"Growth rate, over 1 year",2012,,2.773339,,A,Normal value,,,,,,,2,Two
DATAFLOW,OECD.SDD.TPS:DSD_PRICES@DF_PRICES_ALL(1.0),"Consumer price indices (CPIs, HICPs), COICOP 1999",I,PRT,Portugal,A,Annual,N,National,CPI,Consumer price index,PA,Percent per annum,_T,Total,N,Neither seasonally adjusted nor calendar adjusted,GY,"Growth rate, over 1 year",2013,,0.2744167,,A,Normal value,,,,,,,2,Two
DATAFLOW,OECD.SDD.TPS:DSD_PRICES@DF_PRICES_ALL(1.0),"Consumer price indices (CPIs, HICPs), COICOP 1999",I,PRT,Portugal,A,Annual,N,National,CPI,Consumer price index,PA,Percent per annum,_T,Total,N,Neither seasonally adjusted nor calendar adjusted,GY,"Growth rate, over 1 year",2014,,-0.2781534,,A,Normal value,,,,,,,2,Two
DATAFLOW,OECD.SDD.TPS:DSD_PRICES@DF_PRICES_ALL(1.0),"Consumer price indices (CPIs, HICPs), COICOP 1999",I,PRT,Portugal,A,Annual,N,National,CPI,Consumer price index,PA,Percent per annum,_T,Total,N,Neither seasonally adjusted nor calendar adjusted,GY,"Growth rate, over 1 year",2015,,0.4879386,,A,Normal value,,,,,,,2,Two
DATAFLOW,OECD.SDD.TPS:DSD_PRICES@DF_PRICES_ALL(1.0),"Consumer price indices (CPIs, HICPs), COICOP 1999",I,PRT,Portugal,A,Annual,N,National,CPI,Consumer price index,PA,Percent per annum,_T,Total,N,Neither seasonally adjusted nor calendar adjusted,GY,"Growth rate, over 1 year",2016,,0.6073971,,A,Normal value,,,,,,,2,Two
DATAFLOW,OECD.SDD.TPS:DSD_PRICES@DF_PRICES_ALL(1.0),"Consumer price indices (CPIs, HICPs), COICOP 1999",I,PRT,Portugal,A,Annual,N,National,CPI,Consumer price index,PA,Percent per annum,_T,Total,N,Neither seasonally adjusted nor calendar adjusted,GY,"Growth rate, over 1 year",2017,,1.368614,,A,Normal value,,,,,,,2,Two
DATAFLOW,OECD.SDD.TPS:DSD_PRICES@DF_PRICES_ALL(1.0),"Consumer price indices (CPIs, HICPs), COICOP 1999",I,PRT,Portugal,A,Annual,N,National,CPI,Consumer price index,PA,Percent per annum,_T,Total,N,Neither seasonally adjusted nor calendar adjusted,GY,"Growth rate, over 1 year",2018,,0.9937157,,A,Normal value,,,,,,,2,Two
DATAFLOW,OECD.SDD.TPS:DSD_PRICES@DF_PRICES_ALL(1.0),"Consumer price indices (CPIs, HICPs), COICOP 1999",I,PRT,Portugal,A,Annual,N,National,CPI,Consumer price index,PA,Percent per annum,_T,Total,N,Neither seasonally adjusted nor calendar adjusted,GY,"Growth rate, over 1 year",2019,,0.3381784,,A,Normal value,,,,,,,2,Two
DATAFLOW,OECD.SDD.TPS:DSD_PRICES@DF_PRICES_ALL(1.0),"Consumer price indices (CPIs, HICPs), COICOP 1999",I,PRT,Portugal,A,Annual,N,National,CPI,Consumer price index,PA,Percent per annum,_T,Total,N,Neither seasonally adjusted nor calendar adjusted,GY,"Growth rate, over 1 year",2020,,-0.01243833,,A,Normal value,,,,,,,2,Two
DATAFLOW,OECD.SDD.TPS:DSD_PRICES@DF_PRICES_ALL(1.0),"Consumer price indices (CPIs, HICPs), COICOP 1999",I,PRT,Portugal,A,Annual,N,National,CPI,Consumer price index,PA,Percent per annum,_T,Total,N,Neither seasonally adjusted nor calendar adjusted,GY,"Growth rate, over 1 year",2021,,1.265657,,A,Normal value,,,,,,,2,Two
DATAFLOW,OECD.SDD.TPS:DSD_PRICES@DF_PRICES_ALL(1.0),"Consumer price indices (CPIs, HICPs), COICOP 1999",I,PRT,Portugal,A,Annual,N,National,CPI,Consumer price index,PA,Percent per annum,_T,Total,N,Neither seasonally adjusted nor calendar adjusted,GY,"Growth rate, over 1 year",2022,,7.832691,,A,Normal value,,,,,,,2,Two
DATAFLOW,OECD.SDD.TPS:DSD_PRICES@DF_PRICES_ALL(1.0),"Consumer price indices (CPIs, HICPs), COICOP 1999",I,PRT,Portugal,A,Annual,N,National,CPI,Consumer price index,PA,Percent per annum,_T,Total,N,Neither seasonally adjusted nor calendar adjusted,GY,"Growth rate, over 1 year",2023,,4.311282,,A,Normal value,,,,,,,2,Two
DATAFLOW,OECD.SDD.TPS:DSD_PRICES@DF_PRICES_ALL(1.0),"Consumer price indices (CPIs, HICPs), COICOP 1999",I,PRT,Portugal,A,Annual,N,National,CPI,Consumer price index,PA,Percent per annum,_T,Total,N,Neither seasonally adjusted nor calendar adjusted,GY,"Growth rate, over 1 year",2024,,2.416132,,A,Normal value,,,,,,,2,Two
DATAFLOW,OECD.SDD.TPS:DSD_PRICES@DF_PRICES_ALL(1.0),"Consumer price indices (CPIs, HICPs), COICOP 1999",I,PRT,Portugal,A,Annual,N,National,CPI,Consumer price index,PA,Percent per annum,_T,Total,N,Neither seasonally adjusted nor calendar adjusted,GY,"Growth rate, over 1 year",2025,,2.336016,,A,Normal value,,,,,,,2,Two
DATAFLOW,OECD.SDD.TPS:DSD_PRICES@DF_PRICES_ALL(1.0),"Consumer price indices (CPIs, HICPs), COICOP 1999",I,GBR,United Kingdom,A,Annual,N,National,CPI,Consumer price index,PA,Percent per annum,_T,Total,N,Neither seasonally adjusted nor calendar adjusted,GY,"Growth rate, over 1 year",1988,,4.2094,,B,Time series break,,,,,,,2,Two
DATAFLOW,OECD.SDD.TPS:DSD_PRICES@DF_PRICES_ALL(1.0),"Consumer price indices (CPIs, HICPs), COICOP 1999",I,AUT,Austria,A,Annual,N,National,CPI,Consumer price index,PA,Percent per annum,_T,Total,N,Neither seasonally adjusted nor calendar adjusted,GY,"Growth rate, over 1 year",2006,,1.441547,,A,Normal value,,,,,,,2,Two
DATAFLOW,OECD.SDD.TPS:DSD_PRICES@DF_PRICES_ALL(1.0),"Consumer price indices (CPIs, HICPs), COICOP 1999",I,AUT,Austria,A,Annual,N,National,CPI,Consumer price index,PA,Percent per annum,_T,Total,N,Neither seasonally adjusted nor calendar adjusted,GY,"Growth rate, over 1 year",2007,,2.168556,,A,Normal value,,,,,,,2,Two
DATAFLOW,OECD.SDD.TPS:DSD_PRICES@DF_PRICES_ALL(1.0),"Consumer price indices (CPIs, HICPs), COICOP 1999",I,AUT,Austria,A,Annual,N,National,CPI,Consumer price index,PA,Percent per annum,_T,Total,N,Neither seasonally adjusted nor calendar adjusted,GY,"Growth rate, over 1 year",2008,,3.215951,,A,Normal value,,,,,,,2,Two
DATAFLOW,OECD.SDD.TPS:DSD_PRICES@DF_PRICES_ALL(1.0),"Consumer price indices (CPIs, HICPs), COICOP 1999",I,AUT,Austria,A,Annual,N,National,CPI,Consumer price index,PA,Percent per annum,_T,Total,N,Neither seasonally adjusted nor calendar adjusted,GY,"Growth rate, over 1 year",2009,,0.5063094,,A,Normal value,,,,,,,2,Two
DATAFLOW,OECD.SDD.TPS:DSD_PRICES@DF_PRICES_ALL(1.0),"Consumer price indices (CPIs, HICPs), COICOP 1999",I,AUT,Austria,A,Annual,N,National,CPI,Consumer price index,PA,Percent per annum,_T,Total,N,Neither seasonally adjusted nor calendar adjusted,GY,"Growth rate, over 1 year",2010,,1.813532,,A,Normal value,,,,,,,2,Two
DATAFLOW,OECD.SDD.TPS:DSD_PRICES@DF_PRICES_ALL(1.0),"Consumer price indices (CPIs, HICPs), COICOP 1999",I,AUT,Austria,A,Annual,N,National,CPI,Consumer price index,PA,Percent per annum,_T,Total,N,Neither seasonally adjusted nor calendar adjusted,GY,"Growth rate, over 1 year",2011,,3.286583,,A,Normal value,,,,,,,2,Two
DATAFLOW,OECD.SDD.TPS:DSD_PRICES@DF_PRICES_ALL(1.0),"Consumer price indices (CPIs, HICPs), COICOP 1999",I,AUT,Austria,A,Annual,N,National,CPI,Consumer price index,PA,Percent per annum,_T,Total,N,Neither seasonally adjusted nor calendar adjusted,GY,"Growth rate, over 1 year",2012,,2.485675,,A,Normal value,,,,,,,2,Two
DATAFLOW,OECD.SDD.TPS:DSD_PRICES@DF_PRICES_ALL(1.0),"Consumer price indices (CPIs, HICPs), COICOP 1999",I,AUT,Austria,A,Annual,N,National,CPI,Consumer price index,PA,Percent per annum,_T,Total,N,Neither seasonally adjusted nor calendar adjusted,GY,"Growth rate, over 1 year",2013,,2.000158,,A,Normal value,,,,,,,2,Two
DATAFLOW,OECD.SDD.TPS:DSD_PRICES@DF_PRICES_ALL(1.0),"Consumer price indices (CPIs, HICPs), COICOP 1999",I,AUT,Austria,A,Annual,N,National,CPI,Consumer price index,PA,Percent per annum,_T,Total,N,Neither seasonally adjusted nor calendar adjusted,GY,"Growth rate, over 1 year",2014,,1.605806,,A,Normal value,,,,,,,2,Two
DATAFLOW,OECD.SDD.TPS:DSD_PRICES@DF_PRICES_ALL(1.0),"Consumer price indices (CPIs, HICPs), COICOP 1999",I,AUT,Austria,A,Annual,N,National,CPI,Consumer price index,PA,Percent per annum,_T,Total,N,Neither seasonally adjusted nor calendar adjusted,GY,"Growth rate, over 1 year",2015,,0.8965653,,A,Normal value,,,,,,,2,Two
DATAFLOW,OECD.SDD.TPS:DSD_PRICES@DF_PRICES_ALL(1.0),"Consumer price indices (CPIs, HICPs), COICOP 1999",I,AUT,Austria,A,Annual,N,National,CPI,Consumer price index,PA,Percent per annum,_T,Total,N,Neither seasonally adjusted nor calendar adjusted,GY,"Growth rate, over 1 year",2016,,0.8915924,,A,Normal value,,,,,,,2,Two
DATAFLOW,OECD.SDD.TPS:DSD_PRICES@DF_PRICES_ALL(1.0),"Consumer price indices (CPIs, HICPs), COICOP 1999",I,AUT,Austria,A,Annual,N,National,CPI,Consumer price index,PA,Percent per annum,_T,Total,N,Neither seasonally adjusted nor calendar adjusted,GY,"Growth rate, over 1 year",2017,,2.081269,,A,Normal value,,,,,,,2,Two
DATAFLOW,OECD.SDD.TPS:DSD_PRICES@DF_PRICES_ALL(1.0),"Consumer price indices (CPIs, HICPs), COICOP 1999",I,AUT,Austria,A,Annual,N,National,CPI,Consumer price index,PA,Percent per annum,_T,Total,N,Neither seasonally adjusted nor calendar adjusted,GY,"Growth rate, over 1 year",2018,,1.998382,,A,Normal value,,,,,,,2,Two
DATAFLOW,OECD.SDD.TPS:DSD_PRICES@DF_PRICES_ALL(1.0),"Consumer price indices (CPIs, HICPs), COICOP 1999",I,AUT,Austria,A,Annual,N,National,CPI,Consumer price index,PA,Percent per annum,_T,Total,N,Neither seasonally adjusted nor calendar adjusted,GY,"Growth rate, over 1 year",2019,,1.530896,,A,Normal value,,,,,,,2,Two
DATAFLOW,OECD.SDD.TPS:DSD_PRICES@DF_PRICES_ALL(1.0),"Consumer price indices (CPIs, HICPs), COICOP 1999",I,AUT,Austria,A,Annual,N,National,CPI,Consumer price index,PA,Percent per annum,_T,Total,N,Neither seasonally adjusted nor calendar adjusted,GY,"Growth rate, over 1 year",2020,,1.381909,,A,Normal value,,,,,,,2,Two
DATAFLOW,OECD.SDD.TPS:DSD_PRICES@DF_PRICES_ALL(1.0),"Consumer price indices (CPIs, HICPs), COICOP 1999",I,AUT,Austria,A,Annual,N,National,CPI,Consumer price index,PA,Percent per annum,_T,Total,N,Neither seasonally adjusted nor calendar adjusted,GY,"Growth rate, over 1 year",2021,,2.766667,,A,Normal value,,,,,,,2,Two
DATAFLOW,OECD.SDD.TPS:DSD_PRICES@DF_PRICES_ALL(1.0),"Consumer price indices (CPIs, HICPs), COICOP 1999",I,AUT,Austria,A,Annual,N,National,CPI,Consumer price index,PA,Percent per annum,_T,Total,N,Neither seasonally adjusted nor calendar adjusted,GY,"Growth rate, over 1 year",2022,,8.54687,,A,Normal value,,,,,,,2,Two
DATAFLOW,OECD.SDD.TPS:DSD_PRICES@DF_PRICES_ALL(1.0),"Consumer price indices (CPIs, HICPs), COICOP 1999",I,AUT,Austria,A,Annual,N,National,CPI,Consumer price index,PA,Percent per annum,_T,Total,N,Neither seasonally adjusted nor calendar adjusted,GY,"Growth rate, over 1 year",2023,,7.814134,,A,Normal value,,,,,,,2,Two
DATAFLOW,OECD.SDD.TPS:DSD_PRICES@DF_PRICES_ALL(1.0),"Consumer price indices (CPIs, HICPs), COICOP 1999",I,AUT,Austria,A,Annual,N,National,CPI,Consumer price index,PA,Percent per annum,_T,Total,N,Neither seasonally adjusted nor calendar adjusted,GY,"Growth rate, over 1 year",2024,,2.937916,,A,Normal value,,,,,,,2,Two
DATAFLOW,OECD.SDD.TPS:DSD_PRICES@DF_PRICES_ALL(1.0),"Consumer price indices (CPIs, HICPs), COICOP 1999",I,AUT,Austria,A,Annual,N,National,CPI,Consumer price index,PA,Percent per annum,_T,Total,N,Neither seasonally adjusted nor calendar adjusted,GY,"Growth rate, over 1 year",2025,,3.527194,,A,Normal value,,,,,,,2,Two
DATAFLOW,OECD.SDD.TPS:DSD_PRICES@DF_PRICES_ALL(1.0),"Consumer price indices (CPIs, HICPs), COICOP 1999",I,CHL,Chile,A,Annual,N,National,CPI,Consumer price index,PA,Percent per annum,_T,Total,N,Neither seasonally adjusted nor calendar adjusted,GY,"Growth rate, over 1 year",1988,,14.68436,,A,Normal value,,,,,,,2,Two
DATAFLOW,OECD.SDD.TPS:DSD_PRICES@DF_PRICES_ALL(1.0),"Consumer price indices (CPIs, HICPs), COICOP 1999",I,CHL,Chile,A,Annual,N,National,CPI,Consumer price index,PA,Percent per annum,_T,Total,N,Neither seasonally adjusted nor calendar adjusted,GY,"Growth rate, over 1 year",1989,,17.02794,,A,Normal value,,,,,,,2,Two
DATAFLOW,OECD.SDD.TPS:DSD_PRICES@DF_PRICES_ALL(1.0),"Consumer price indices (CPIs, HICPs), COICOP 1999",I,CHL,Chile,A,Annual,N,National,CPI,Consumer price index,PA,Percent per annum,_T,Total,N,Neither seasonally adjusted nor calendar adjusted,GY,"Growth rate, over 1 year",1990,,26.03648,,A,Normal value,,,,,,,2,Two
DATAFLOW,OECD.SDD.TPS:DSD_PRICES@DF_PRICES_ALL(1.0),"Consumer price indices (CPIs, HICPs), COICOP 1999",I,CHL,Chile,A,Annual,N,National,CPI,Consumer price index,PA,Percent per annum,_T,Total,N,Neither seasonally adjusted nor calendar adjusted,GY,"Growth rate, over 1 year",1991,,21.78442,,A,Normal value,,,,,,,2,Two
DATAFLOW,OECD.SDD.TPS:DSD_PRICES@DF_PRICES_ALL(1.0),"Consumer price indices (CPIs, HICPs), COICOP 1999",I,CHL,Chile,A,Annual,N,National,CPI,Consumer price index,PA,Percent per annum,_T,Total,N,Neither seasonally adjusted nor calendar adjusted,GY,"Growth rate, over 1 year",1992,,15.4258,,A,Normal value,,,,,,,2,Two
DATAFLOW,OECD.SDD.TPS:DSD_PRICES@DF_PRICES_ALL(1.0),"Consumer price indices (CPIs, HICPs), COICOP 1999",I,CHL,Chile,A,Annual,N,National,CPI,Consumer price index,PA,Percent per annum,_T,Total,N,Neither seasonally adjusted nor calendar adjusted,GY,"Growth rate, over 1 year",1993,,12.72776,,A,Normal value,,,,,,,2,Two
DATAFLOW,OECD.SDD.TPS:DSD_PRICES@DF_PRICES_ALL(1.0),"Consumer price indices (CPIs, HICPs), COICOP 1999",I,CHL,Chile,A,Annual,N,National,CPI,Consumer price index,PA,Percent per annum,_T,Total,N,Neither seasonally adjusted nor calendar adjusted,GY,"Growth rate, over 1 year",1994,,11.44312,,A,Normal value,,,,,,,2,Two
DATAFLOW,OECD.SDD.TPS:DSD_PRICES@DF_PRICES_ALL(1.0),"Consumer price indices (CPIs, HICPs), COICOP 1999",I,CHL,Chile,A,Annual,N,National,CPI,Consumer price index,PA,Percent per annum,_T,Total,N,Neither seasonally adjusted nor calendar adjusted,GY,"Growth rate, over 1 year",1995,,8.232634,,A,Normal value,,,,,,,2,Two
DATAFLOW,OECD.SDD.TPS:DSD_PRICES@DF_PRICES_ALL(1.0),"Consumer price indices (CPIs, HICPs), COICOP 1999",I,CHL,Chile,A,Annual,N,National,CPI,Consumer price index,PA,Percent per annum,_T,Total,N,Neither seasonally adjusted nor calendar adjusted,GY,"Growth rate, over 1 year",1996,,7.359115,,A,Normal value,,,,,,,2,Two
DATAFLOW,OECD.SDD.TPS:DSD_PRICES@DF_PRICES_ALL(1.0),"Consumer price indices (CPIs, HICPs), COICOP 1999",I,CHL,Chile,A,Annual,N,National,CPI,Consumer price index,PA,Percent per annum,_T,Total,N,Neither seasonally adjusted nor calendar adjusted,GY,"Growth rate, over 1 year",1997,,6.133866,,A,Normal value,,,,,,,2,Two
DATAFLOW,OECD.SDD.TPS:DSD_PRICES@DF_PRICES_ALL(1.0),"Consumer price indices (CPIs, HICPs), COICOP 1999",I,CHL,Chile,A,Annual,N,National,CPI,Consumer price index,PA,Percent per annum,_T,Total,N,Neither seasonally adjusted nor calendar adjusted,GY,"Growth rate, over 1 year",1998,,5.110244,,A,Normal value,,,,,,,2,Two
DATAFLOW,OECD.SDD.TPS:DSD_PRICES@DF_PRICES_ALL(1.0),"Consumer price indices (CPIs, HICPs), COICOP 1999",I,CHL,Chile,A,Annual,N,National,CPI,Consumer price index,PA,Percent per annum,_T,Total,N,Neither seasonally adjusted nor calendar adjusted,GY,"Growth rate, over 1 year",1999,,3.336883,,A,Normal value,,,,,,,2,Two
DATAFLOW,OECD.SDD.TPS:DSD_PRICES@DF_PRICES_ALL(1.0),"Consumer price indices (CPIs, HICPs), COICOP 1999",I,CHL,Chile,A,Annual,N,National,CPI,Consumer price index,PA,Percent per annum,_T,Total,N,Neither seasonally adjusted nor calendar adjusted,GY,"Growth rate, over 1 year",2000,,3.843273,,A,Normal value,,,,,,,2,Two
DATAFLOW,OECD.SDD.TPS:DSD_PRICES@DF_PRICES_ALL(1.0),"Consumer price indices (CPIs, HICPs), COICOP 1999",I,CHL,Chile,A,Annual,N,National,CPI,Consumer price index,PA,Percent per annum,_T,Total,N,Neither seasonally adjusted nor calendar adjusted,GY,"Growth rate, over 1 year",2001,,3.569101,,A,Normal value,,,,,,,2,Two
DATAFLOW,OECD.SDD.TPS:DSD_PRICES@DF_PRICES_ALL(1.0),"Consumer price indices (CPIs, HICPs), COICOP 1999",I,CHL,Chile,A,Annual,N,National,CPI,Consumer price index,PA,Percent per annum,_T,Total,N,Neither seasonally adjusted nor calendar adjusted,GY,"Growth rate, over 1 year",2002,,2.489398,,A,Normal value,,,,,,,2,Two
DATAFLOW,OECD.SDD.TPS:DSD_PRICES@DF_PRICES_ALL(1.0),"Consumer price indices (CPIs, HICPs), COICOP 1999",I,CHL,Chile,A,Annual,N,National,CPI,Consumer price index,PA,Percent per annum,_T,Total,N,Neither seasonally adjusted nor calendar adjusted,GY,"Growth rate, over 1 year",2003,,2.810177,,A,Normal value,,,,,,,2,Two
DATAFLOW,OECD.SDD.TPS:DSD_PRICES@DF_PRICES_ALL(1.0),"Consumer price indices (CPIs, HICPs), COICOP 1999",I,CHL,Chile,A,Annual,N,National,CPI,Consumer price index,PA,Percent per annum,_T,Total,N,Neither seasonally adjusted nor calendar adjusted,GY,"Growth rate, over 1 year",2004,,1.054739,,A,Normal value,,,,,,,2,Two
DATAFLOW,OECD.SDD.TPS:DSD_PRICES@DF_PRICES_ALL(1.0),"Consumer price indices (CPIs, HICPs), COICOP 1999",I,CHL,Chile,A,Annual,N,National,CPI,Consumer price index,PA,Percent per annum,_T,Total,N,Neither seasonally adjusted nor calendar adjusted,GY,"Growth rate, over 1 year",2005,,3.052574,,A,Normal value,,,,,,,2,Two
DATAFLOW,OECD.SDD.TPS:DSD_PRICES@DF_PRICES_ALL(1.0),"Consumer price indices (CPIs, HICPs), COICOP 1999",I,CHL,Chile,A,Annual,N,National,CPI,Consumer price index,PA,Percent per annum,_T,Total,N,Neither seasonally adjusted nor calendar adjusted,GY,"Growth rate, over 1 year",2006,,3.392019,,A,Normal value,,,,,,,2,Two
DATAFLOW,OECD.SDD.TPS:DSD_PRICES@DF_PRICES_ALL(1.0),"Consumer price indices (CPIs, HICPs), COICOP 1999",I,CHL,Chile,A,Annual,N,National,CPI,Consumer price index,PA,Percent per annum,_T,Total,N,Neither seasonally adjusted nor calendar adjusted,GY,"Growth rate, over 1 year",2007,,4.407798,,A,Normal value,,,,,,,2,Two
DATAFLOW,OECD.SDD.TPS:DSD_PRICES@DF_PRICES_ALL(1.0),"Consumer price indices (CPIs, HICPs), COICOP 1999",I,CHL,Chile,A,Annual,N,National,CPI,Consumer price index,PA,Percent per annum,_T,Total,N,Neither seasonally adjusted nor calendar adjusted,GY,"Growth rate, over 1 year",2008,,8.716269,,A,Normal value,,,,,,,2,Two
DATAFLOW,OECD.SDD.TPS:DSD_PRICES@DF_PRICES_ALL(1.0),"Consumer price indices (CPIs, HICPs), COICOP 1999",I,CHL,Chile,A,Annual,N,National,CPI,Consumer price index,PA,Percent per annum,_T,Total,N,Neither seasonally adjusted nor calendar adjusted,GY,"Growth rate, over 1 year",2009,,0.3530467,,A,Normal value,,,,,,,2,Two
DATAFLOW,OECD.SDD.TPS:DSD_PRICES@DF_PRICES_ALL(1.0),"Consumer price indices (CPIs, HICPs), COICOP 1999",I,CHL,Chile,A,Annual,N,National,CPI,Consumer price index,PA,Percent per annum,_T,Total,N,Neither seasonally adjusted nor calendar adjusted,GY,"Growth rate, over 1 year",2010,,1.410711,,A,Normal value,,,,,,,2,Two
DATAFLOW,OECD.SDD.TPS:DSD_PRICES@DF_PRICES_ALL(1.0),"Consumer price indices (CPIs, HICPs), COICOP 1999",I,CHL,Chile,A,Annual,N,National,CPI,Consumer price index,PA,Percent per annum,_T,Total,N,Neither seasonally adjusted nor calendar adjusted,GY,"Growth rate, over 1 year",2011,,3.341217,,A,Normal value,,,,,,,2,Two
DATAFLOW,OECD.SDD.TPS:DSD_PRICES@DF_PRICES_ALL(1.0),"Consumer price indices (CPIs, HICPs), COICOP 1999",I,CHL,Chile,A,Annual,N,National,CPI,Consumer price index,PA,Percent per annum,_T,Total,N,Neither seasonally adjusted nor calendar adjusted,GY,"Growth rate, over 1 year",2012,,3.007448,,A,Normal value,,,,,,,2,Two
DATAFLOW,OECD.SDD.TPS:DSD_PRICES@DF_PRICES_ALL(1.0),"Consumer price indices (CPIs, HICPs), COICOP 1999",I,CHL,Chile,A,Annual,N,National,CPI,Consumer price index,PA,Percent per annum,_T,Total,N,Neither seasonally adjusted nor calendar adjusted,GY,"Growth rate, over 1 year",2013,,1.789556,,A,Normal value,,,,,,,2,Two
DATAFLOW,OECD.SDD.TPS:DSD_PRICES@DF_PRICES_ALL(1.0),"Consumer price indices (CPIs, HICPs), COICOP 1999",I,CHL,Chile,A,Annual,N,National,CPI,Consumer price index,PA,Percent per annum,_T,Total,N,Neither seasonally adjusted nor calendar adjusted,GY,"Growth rate, over 1 year",2014,,4.718675,,A,Normal value,,,,,,,2,Two
DATAFLOW,OECD.SDD.TPS:DSD_PRICES@DF_PRICES_ALL(1.0),"Consumer price indices (CPIs, HICPs), COICOP 1999",I,CHL,Chile,A,Annual,N,National,CPI,Consumer price index,PA,Percent per annum,_T,Total,N,Neither seasonally adjusted nor calendar adjusted,GY,"Growth rate, over 1 year",2015,,4.348773,,A,Normal value,,,,,,,2,Two
DATAFLOW,OECD.SDD.TPS:DSD_PRICES@DF_PRICES_ALL(1.0),"Consumer price indices (CPIs, HICPs), COICOP 1999",I,CHL,Chile,A,Annual,N,National,CPI,Consumer price index,PA,Percent per annum,_T,Total,N,Neither seasonally adjusted nor calendar adjusted,GY,"Growth rate, over 1 year",2016,,3.786194,,A,Normal value,,,,,,,2,Two
DATAFLOW,OECD.SDD.TPS:DSD_PRICES@DF_PRICES_ALL(1.0),"Consumer price indices (CPIs, HICPs), COICOP 1999",I,CHL,Chile,A,Annual,N,National,CPI,Consumer price index,PA,Percent per annum,_T,Total,N,Neither seasonally adjusted nor calendar adjusted,GY,"Growth rate, over 1 year",2017,,2.182719,,A,Normal value,,,,,,,2,Two
DATAFLOW,OECD.SDD.TPS:DSD_PRICES@DF_PRICES_ALL(1.0),"Consumer price indices (CPIs, HICPs), COICOP 1999",I,CHL,Chile,A,Annual,N,National,CPI,Consumer price index,PA,Percent per annum,_T,Total,N,Neither seasonally adjusted nor calendar adjusted,GY,"Growth rate, over 1 year",2018,,2.43489,,A,Normal value,,,,,,,2,Two
DATAFLOW,OECD.SDD.TPS:DSD_PRICES@DF_PRICES_ALL(1.0),"Consumer price indices (CPIs, HICPs), COICOP 1999",I,CHL,Chile,A,Annual,N,National,CPI,Consumer price index,PA,Percent per annum,_T,Total,N,Neither seasonally adjusted nor calendar adjusted,GY,"Growth rate, over 1 year",2019,,2.557545,,A,Normal value,,,,,,,2,Two
DATAFLOW,OECD.SDD.TPS:DSD_PRICES@DF_PRICES_ALL(1.0),"Consumer price indices (CPIs, HICPs), COICOP 1999",I,CHL,Chile,A,Annual,N,National,CPI,Consumer price index,PA,Percent per annum,_T,Total,N,Neither seasonally adjusted nor calendar adjusted,GY,"Growth rate, over 1 year",2020,,3.045491,,A,Normal value,,,,,,,2,Two
DATAFLOW,OECD.SDD.TPS:DSD_PRICES@DF_PRICES_ALL(1.0),"Consumer price indices (CPIs, HICPs), COICOP 1999",I,CHL,Chile,A,Annual,N,National,CPI,Consumer price index,PA,Percent per annum,_T,Total,N,Neither seasonally adjusted nor calendar adjusted,GY,"Growth rate, over 1 year",2021,,4.524569,,A,Normal value,,,,,,,2,Two
DATAFLOW,OECD.SDD.TPS:DSD_PRICES@DF_PRICES_ALL(1.0),"Consumer price indices (CPIs, HICPs), COICOP 1999",I,CHL,Chile,A,Annual,N,National,CPI,Consumer price index,PA,Percent per annum,_T,Total,N,Neither seasonally adjusted nor calendar adjusted,GY,"Growth rate, over 1 year",2022,,11.64387,,A,Normal value,,,,,,,2,Two
DATAFLOW,OECD.SDD.TPS:DSD_PRICES@DF_PRICES_ALL(1.0),"Consumer price indices (CPIs, HICPs), COICOP 1999",I,CHL,Chile,A,Annual,N,National,CPI,Consumer price index,PA,Percent per annum,_T,Total,N,Neither seasonally adjusted nor calendar adjusted,GY,"Growth rate, over 1 year",2023,,7.581683,,A,Normal value,,,,,,,2,Two
DATAFLOW,OECD.SDD.TPS:DSD_PRICES@DF_PRICES_ALL(1.0),"Consumer price indices (CPIs, HICPs), COICOP 1999",I,COL,Colombia,A,Annual,N,National,CPI,Consumer price index,PA,Percent per annum,_T,Total,N,Neither seasonally adjusted nor calendar adjusted,GY,"Growth rate, over 1 year",1988,,28.1084,,A,Normal value,,,,,,,2,Two
DATAFLOW,OECD.SDD.TPS:DSD_PRICES@DF_PRICES_ALL(1.0),"Consumer price indices (CPIs, HICPs), COICOP 1999",I,COL,Colombia,A,Annual,N,National,CPI,Consumer price index,PA,Percent per annum,_T,Total,N,Neither seasonally adjusted nor calendar adjusted,GY,"Growth rate, over 1 year",1989,,25.86755,,A,Normal value,,,,,,,2,Two
DATAFLOW,OECD.SDD.TPS:DSD_PRICES@DF_PRICES_ALL(1.0),"Consumer price indices (CPIs, HICPs), COICOP 1999",I,COL,Colombia,A,Annual,N,National,CPI,Consumer price index,PA,Percent per annum,_T,Total,N,Neither seasonally adjusted nor calendar adjusted,GY,"Growth rate, over 1 year",1990,,29.15202,,A,Normal value,,,,,,,2,Two
DATAFLOW,OECD.SDD.TPS:DSD_PRICES@DF_PRICES_ALL(1.0),"Consumer price indices (CPIs, HICPs), COICOP 1999",I,COL,Colombia,A,Annual,N,National,CPI,Consumer price index,PA,Percent per annum,_T,Total,N,Neither seasonally adjusted nor calendar adjusted,GY,"Growth rate, over 1 year",1991,,30.38782,,A,Normal value,,,,,,,2,Two
DATAFLOW,OECD.SDD.TPS:DSD_PRICES@DF_PRICES_ALL(1.0),"Consumer price indices (CPIs, HICPs), COICOP 1999",I,COL,Colombia,A,Annual,N,National,CPI,Consumer price index,PA,Percent per annum,_T,Total,N,Neither seasonally adjusted nor calendar adjusted,GY,"Growth rate, over 1 year",1992,,27.01063,,A,Normal value,,,,,,,2,Two
DATAFLOW,OECD.SDD.TPS:DSD_PRICES@DF_PRICES_ALL(1.0),"Consumer price indices (CPIs, HICPs), COICOP 1999",I,COL,Colombia,A,Annual,N,National,CPI,Consumer price index,PA,Percent per annum,_T,Total,N,Neither seasonally adjusted nor calendar adjusted,GY,"Growth rate, over 1 year",1993,,22.44248,,A,Normal value,,,,,,,2,Two
DATAFLOW,OECD.SDD.TPS:DSD_PRICES@DF_PRICES_ALL(1.0),"Consumer price indices (CPIs, HICPs), COICOP 1999",I,COL,Colombia,A,Annual,N,National,CPI,Consumer price index,PA,Percent per annum,_T,Total,N,Neither seasonally adjusted nor calendar adjusted,GY,"Growth rate, over 1 year",1994,,22.84624,,A,Normal value,,,,,,,2,Two
DATAFLOW,OECD.SDD.TPS:DSD_PRICES@DF_PRICES_ALL(1.0),"Consumer price indices (CPIs, HICPs), COICOP 1999",I,COL,Colombia,A,Annual,N,National,CPI,Consumer price index,PA,Percent per annum,_T,Total,N,Neither seasonally adjusted nor calendar adjusted,GY,"Growth rate, over 1 year",1995,,20.8918,,A,Normal value,,,,,,,2,Two
DATAFLOW,OECD.SDD.TPS:DSD_PRICES@DF_PRICES_ALL(1.0),"Consumer price indices (CPIs, HICPs), COICOP 1999",I,COL,Colombia,A,Annual,N,National,CPI,Consumer price index,PA,Percent per annum,_T,Total,N,Neither seasonally adjusted nor calendar adjusted,GY,"Growth rate, over 1 year",1996,,20.79756,,A,Normal value,,,,,,,2,Two
DATAFLOW,OECD.SDD.TPS:DSD_PRICES@DF_PRICES_ALL(1.0),"Consumer price indices (CPIs, HICPs), COICOP 1999",I,COL,Colombia,A,Annual,N,National,CPI,Consumer price index,PA,Percent per annum,_T,Total,N,Neither seasonally adjusted nor calendar adjusted,GY,"Growth rate, over 1 year",1997,,18.47003,,A,Normal value,,,,,,,2,Two
DATAFLOW,OECD.SDD.TPS:DSD_PRICES@DF_PRICES_ALL(1.0),"Consumer price indices (CPIs, HICPs), COICOP 1999",I,COL,Colombia,A,Annual,N,National,CPI,Consumer price index,PA,Percent per annum,_T,Total,N,Neither seasonally adjusted nor calendar adjusted,GY,"Growth rate, over 1 year",1998,,18.67698,,A,Normal value,,,,,,,2,Two
DATAFLOW,OECD.SDD.TPS:DSD_PRICES@DF_PRICES_ALL(1.0),"Consumer price indices (CPIs, HICPs), COICOP 1999",I,COL,Colombia,A,Annual,N,National,CPI,Consumer price index,PA,Percent per annum,_T,Total,N,Neither seasonally adjusted nor calendar adjusted,GY,"Growth rate, over 1 year",1999,,10.87369,,A,Normal value,,,,,,,2,Two
DATAFLOW,OECD.SDD.TPS:DSD_PRICES@DF_PRICES_ALL(1.0),"Consumer price indices (CPIs, HICPs), COICOP 1999",I,COL,Colombia,A,Annual,N,National,CPI,Consumer price index,PA,Percent per annum,_T,Total,N,Neither seasonally adjusted nor calendar adjusted,GY,"Growth rate, over 1 year",2000,,9.225347,,A,Normal value,,,,,,,2,Two
DATAFLOW,OECD.SDD.TPS:DSD_PRICES@DF_PRICES_ALL(1.0),"Consumer price indices (CPIs, HICPs), COICOP 1999",I,COL,Colombia,A,Annual,N,National,CPI,Consumer price index,PA,Percent per annum,_T,Total,N,Neither seasonally adjusted nor calendar adjusted,GY,"Growth rate, over 1 year",2001,,7.965562,,A,Normal value,,,,,,,2,Two
DATAFLOW,OECD.SDD.TPS:DSD_PRICES@DF_PRICES_ALL(1.0),"Consumer price indices (CPIs, HICPs), COICOP 1999",I,COL,Colombia,A,Annual,N,National,CPI,Consumer price index,PA,Percent per annum,_T,Total,N,Neither seasonally adjusted nor calendar adjusted,GY,"Growth rate, over 1 year",2002,,6.351508,,A,Normal value,,,,,,,2,Two
DATAFLOW,OECD.SDD.TPS:DSD_PRICES@DF_PRICES_ALL(1.0),"Consumer price indices (CPIs, HICPs), COICOP 1999",I,COL,Colombia,A,Annual,N,National,CPI,Consumer price index,PA,Percent per annum,_T,Total,N,Neither seasonally adjusted nor calendar adjusted,GY,"Growth rate, over 1 year",2003,,7.129788,,A,Normal value,,,,,,,2,Two
DATAFLOW,OECD.SDD.TPS:DSD_PRICES@DF_PRICES_ALL(1.0),"Consumer price indices (CPIs, HICPs), COICOP 1999",I,COL,Colombia,A,Annual,N,National,CPI,Consumer price index,PA,Percent per annum,_T,Total,N,Neither seasonally adjusted nor calendar adjusted,GY,"Growth rate, over 1 year",2004,,5.904022,,A,Normal value,,,,,,,2,Two
DATAFLOW,OECD.SDD.TPS:DSD_PRICES@DF_PRICES_ALL(1.0),"Consumer price indices (CPIs, HICPs), COICOP 1999",I,COL,Colombia,A,Annual,N,National,CPI,Consumer price index,PA,Percent per annum,_T,Total,N,Neither seasonally adjusted nor calendar adjusted,GY,"Growth rate, over 1 year",2005,,5.051016,,A,Normal value,,,,,,,2,Two
DATAFLOW,OECD.SDD.TPS:DSD_PRICES@DF_PRICES_ALL(1.0),"Consumer price indices (CPIs, HICPs), COICOP 1999",I,COL,Colombia,A,Annual,N,National,CPI,Consumer price index,PA,Percent per annum,_T,Total,N,Neither seasonally adjusted nor calendar adjusted,GY,"Growth rate, over 1 year",2006,,4.293426,,A,Normal value,,,,,,,2,Two
DATAFLOW,OECD.SDD.TPS:DSD_PRICES@DF_PRICES_ALL(1.0),"Consumer price indices (CPIs, HICPs), COICOP 1999",I,COL,Colombia,A,Annual,N,National,CPI,Consumer price index,PA,Percent per annum,_T,Total,N,Neither seasonally adjusted nor calendar adjusted,GY,"Growth rate, over 1 year",2007,,5.544385,,A,Normal value,,,,,,,2,Two
DATAFLOW,OECD.SDD.TPS:DSD_PRICES@DF_PRICES_ALL(1.0),"Consumer price indices (CPIs, HICPs), COICOP 1999",I,COL,Colombia,A,Annual,N,National,CPI,Consumer price index,PA,Percent per annum,_T,Total,N,Neither seasonally adjusted nor calendar adjusted,GY,"Growth rate, over 1 year",2008,,6.996882,,A,Normal value,,,,,,,2,Two
DATAFLOW,OECD.SDD.TPS:DSD_PRICES@DF_PRICES_ALL(1.0),"Consumer price indices (CPIs, HICPs), COICOP 1999",I,COL,Colombia,A,Annual,N,National,CPI,Consumer price index,PA,Percent per annum,_T,Total,N,Neither seasonally adjusted nor calendar adjusted,GY,"Growth rate, over 1 year",2009,,4.202518,,A,Normal value,,,,,,,2,Two
DATAFLOW,OECD.SDD.TPS:DSD_PRICES@DF_PRICES_ALL(1.0),"Consumer price indices (CPIs, HICPs), COICOP 1999",I,COL,Colombia,A,Annual,N,National,CPI,Consumer price index,PA,Percent per annum,_T,Total,N,Neither seasonally adjusted nor calendar adjusted,GY,"Growth rate, over 1 year",2010,,2.272003,,A,Normal value,,,,,,,2,Two
DATAFLOW,OECD.SDD.TPS:DSD_PRICES@DF_PRICES_ALL(1.0),"Consumer price indices (CPIs, HICPs), COICOP 1999",I,COL,Colombia,A,Annual,N,National,CPI,Consumer price index,PA,Percent per annum,_T,Total,N,Neither seasonally adjusted nor calendar adjusted,GY,"Growth rate, over 1 year",2011,,3.415032,,A,Normal value,,,,,,,2,Two
DATAFLOW,OECD.SDD.TPS:DSD_PRICES@DF_PRICES_ALL(1.0),"Consumer price indices (CPIs, HICPs), COICOP 1999",I,COL,Colombia,A,Annual,N,National,CPI,Consumer price index,PA,Percent per annum,_T,Total,N,Neither seasonally adjusted nor calendar adjusted,GY,"Growth rate, over 1 year",2012,,3.169303,,A,Normal value,,,,,,,2,Two
DATAFLOW,OECD.SDD.TPS:DSD_PRICES@DF_PRICES_ALL(1.0),"Consumer price indices (CPIs, HICPs), COICOP 1999",I,COL,Colombia,A,Annual,N,National,CPI,Consumer price index,PA,Percent per annum,_T,Total,N,Neither seasonally adjusted nor calendar adjusted,GY,"Growth rate, over 1 year",2013,,2.016993,,A,Normal value,,,,,,,2,Two
DATAFLOW,OECD.SDD.TPS:DSD_PRICES@DF_PRICES_ALL(1.0),"Consumer price indices (CPIs, HICPs), COICOP 1999",I,COL,Colombia,A,Annual,N,National,CPI,Consumer price index,PA,Percent per annum,_T,Total,N,Neither seasonally adjusted nor calendar adjusted,GY,"Growth rate, over 1 year",2014,,2.898838,,A,Normal value,,,,,,,2,Two
DATAFLOW,OECD.SDD.TPS:DSD_PRICES@DF_PRICES_ALL(1.0),"Consumer price indices (CPIs, HICPs), COICOP 1999",I,COL,Colombia,A,Annual,N,National,CPI,Consumer price index,PA,Percent per annum,_T,Total,N,Neither seasonally adjusted nor calendar adjusted,GY,"Growth rate, over 1 year",2015,,4.989829,,A,Normal value,,,,,,,2,Two
DATAFLOW,OECD.SDD.TPS:DSD_PRICES@DF_PRICES_ALL(1.0),"Consumer price indices (CPIs, HICPs), COICOP 1999",I,COL,Colombia,A,Annual,N,National,CPI,Consumer price index,PA,Percent per annum,_T,Total,N,Neither seasonally adjusted nor calendar adjusted,GY,"Growth rate, over 1 year",2016,,7.513461,,A,Normal value,,,,,,,2,Two
DATAFLOW,OECD.SDD.TPS:DSD_PRICES@DF_PRICES_ALL(1.0),"Consumer price indices (CPIs, HICPs), COICOP 1999",I,COL,Colombia,A,Annual,N,National,CPI,Consumer price index,PA,Percent per annum,_T,Total,N,Neither seasonally adjusted nor calendar adjusted,GY,"Growth rate, over 1 year",2017,,4.314313,,A,Normal value,,,,,,,2,Two
DATAFLOW,OECD.SDD.TPS:DSD_PRICES@DF_PRICES_ALL(1.0),"Consumer price indices (CPIs, HICPs), COICOP 1999",I,COL,Colombia,A,Annual,N,National,CPI,Consumer price index,PA,Percent per annum,_T,Total,N,Neither seasonally adjusted nor calendar adjusted,GY,"Growth rate, over 1 year",2018,,3.24057,,A,Normal value,,,,,,,2,Two
DATAFLOW,OECD.SDD.TPS:DSD_PRICES@DF_PRICES_ALL(1.0),"Consumer price indices (CPIs, HICPs), COICOP 1999",I,COL,Colombia,A,Annual,N,National,CPI,Consumer price index,PA,Percent per annum,_T,Total,N,Neither seasonally adjusted nor calendar adjusted,GY,"Growth rate, over 1 year",2019,,3.52302,,A,Normal value,,,,,,,2,Two
DATAFLOW,OECD.SDD.TPS:DSD_PRICES@DF_PRICES_ALL(1.0),"Consumer price indices (CPIs, HICPs), COICOP 1999",I,COL,Colombia,A,Annual,N,National,CPI,Consumer price index,PA,Percent per annum,_T,Total,N,Neither seasonally adjusted nor calendar adjusted,GY,"Growth rate, over 1 year",2020,,2.52662,,A,Normal value,,,,,,,2,Two
DATAFLOW,OECD.SDD.TPS:DSD_PRICES@DF_PRICES_ALL(1.0),"Consumer price indices (CPIs, HICPs), COICOP 1999",I,COL,Colombia,A,Annual,N,National,CPI,Consumer price index,PA,Percent per annum,_T,Total,N,Neither seasonally adjusted nor calendar adjusted,GY,"Growth rate, over 1 year",2021,,3.495073,,A,Normal value,,,,,,,2,Two
DATAFLOW,OECD.SDD.TPS:DSD_PRICES@DF_PRICES_ALL(1.0),"Consumer price indices (CPIs, HICPs), COICOP 1999",I,COL,Colombia,A,Annual,N,National,CPI,Consumer price index,PA,Percent per annum,_T,Total,N,Neither seasonally adjusted nor calendar adjusted,GY,"Growth rate, over 1 year",2022,,10.17724,,A,Normal value,,,,,,,2,Two
DATAFLOW,OECD.SDD.TPS:DSD_PRICES@DF_PRICES_ALL(1.0),"Consumer price indices (CPIs, HICPs), COICOP 1999",I,COL,Colombia,A,Annual,N,National,CPI,Consumer price index,PA,Percent per annum,_T,Total,N,Neither seasonally adjusted nor calendar adjusted,GY,"Growth rate, over 1 year",2023,,11.7359,,A,Normal value,,,,,,,2,Two
DATAFLOW,OECD.SDD.TPS:DSD_PRICES@DF_PRICES_ALL(1.0),"Consumer price indices (CPIs, HICPs), COICOP 1999",I,COL,Colombia,A,Annual,N,National,CPI,Consumer price index,PA,Percent per annum,_T,Total,N,Neither seasonally adjusted nor calendar adjusted,GY,"Growth rate, over 1 year",2024,,6.609091,,A,Normal value,,,,,,,2,Two
DATAFLOW,OECD.SDD.TPS:DSD_PRICES@DF_PRICES_ALL(1.0),"Consumer price indices (CPIs, HICPs), COICOP 1999",I,COL,Colombia,A,Annual,N,National,CPI,Consumer price index,PA,Percent per annum,_T,Total,N,Neither seasonally adjusted nor calendar adjusted,GY,"Growth rate, over 1 year",2025,,5.142237,,A,Normal value,,,,,,,2,Two
DATAFLOW,OECD.SDD.TPS:DSD_PRICES@DF_PRICES_ALL(1.0),"Consumer price indices (CPIs, HICPs), COICOP 1999",I,CRI,Costa Rica,A,Annual,N,National,CPI,Consumer price index,PA,Percent per annum,_T,Total,N,Neither seasonally adjusted nor calendar adjusted,GY,"Growth rate, over 1 year",1988,,20.83253,,A,Normal value,,,,,,,2,Two
DATAFLOW,OECD.SDD.TPS:DSD_PRICES@DF_PRICES_ALL(1.0),"Consumer price indices (CPIs, HICPs), COICOP 1999",I,CRI,Costa Rica,A,Annual,N,National,CPI,Consumer price index,PA,Percent per annum,_T,Total,N,Neither seasonally adjusted nor calendar adjusted,GY,"Growth rate, over 1 year",1989,,16.50981,,A,Normal value,,,,,,,2,Two
DATAFLOW,OECD.SDD.TPS:DSD_PRICES@DF_PRICES_ALL(1.0),"Consumer price indices (CPIs, HICPs), COICOP 1999",I,CRI,Costa Rica,A,Annual,N,National,CPI,Consumer price index,PA,Percent per annum,_T,Total,N,Neither seasonally adjusted nor calendar adjusted,GY,"Growth rate, over 1 year",1990,,19.03975,,A,Normal value,,,,,,,2,Two
DATAFLOW,OECD.SDD.TPS:DSD_PRICES@DF_PRICES_ALL(1.0),"Consumer price indices (CPIs, HICPs), COICOP 1999",I,CRI,Costa Rica,A,Annual,N,National,CPI,Consumer price index,PA,Percent per annum,_T,Total,N,Neither seasonally adjusted nor calendar adjusted,GY,"Growth rate, over 1 year",1991,,28.70929,,A,Normal value,,,,,,,2,Two
DATAFLOW,OECD.SDD.TPS:DSD_PRICES@DF_PRICES_ALL(1.0),"Consumer price indices (CPIs, HICPs), COICOP 1999",I,CRI,Costa Rica,A,Annual,N,National,CPI,Consumer price index,PA,Percent per annum,_T,Total,N,Neither seasonally adjusted nor calendar adjusted,GY,"Growth rate, over 1 year",1992,,21.79117,,A,Normal value,,,,,,,2,Two
DATAFLOW,OECD.SDD.TPS:DSD_PRICES@DF_PRICES_ALL(1.0),"Consumer price indices (CPIs, HICPs), COICOP 1999",I,CRI,Costa Rica,A,Annual,N,National,CPI,Consumer price index,PA,Percent per annum,_T,Total,N,Neither seasonally adjusted nor calendar adjusted,GY,"Growth rate, over 1 year",1993,,9.778601,,A,Normal value,,,,,,,2,Two
DATAFLOW,OECD.SDD.TPS:DSD_PRICES@DF_PRICES_ALL(1.0),"Consumer price indices (CPIs, HICPs), COICOP 1999",I,CRI,Costa Rica,A,Annual,N,National,CPI,Consumer price index,PA,Percent per annum,_T,Total,N,Neither seasonally adjusted nor calendar adjusted,GY,"Growth rate, over 1 year",1994,,13.53447,,A,Normal value,,,,,,,2,Two
DATAFLOW,OECD.SDD.TPS:DSD_PRICES@DF_PRICES_ALL(1.0),"Consumer price indices (CPIs, HICPs), COICOP 1999",I,CRI,Costa Rica,A,Annual,N,National,CPI,Consumer price index,PA,Percent per annum,_T,Total,N,Neither seasonally adjusted nor calendar adjusted,GY,"Growth rate, over 1 year",1995,,23.1865,,A,Normal value,,,,,,,2,Two
DATAFLOW,OECD.SDD.TPS:DSD_PRICES@DF_PRICES_ALL(1.0),"Consumer price indices (CPIs, HICPs), COICOP 1999",I,CRI,Costa Rica,A,Annual,N,National,CPI,Consumer price index,PA,Percent per annum,_T,Total,N,Neither seasonally adjusted nor calendar adjusted,GY,"Growth rate, over 1 year",1996,,17.51145,,A,Normal value,,,,,,,2,Two
DATAFLOW,OECD.SDD.TPS:DSD_PRICES@DF_PRICES_ALL(1.0),"Consumer price indices (CPIs, HICPs), COICOP 1999",I,CRI,Costa Rica,A,Annual,N,National,CPI,Consumer price index,PA,Percent per annum,_T,Total,N,Neither seasonally adjusted nor calendar adjusted,GY,"Growth rate, over 1 year",1997,,13.24804,,A,Normal value,,,,,,,2,Two
DATAFLOW,OECD.SDD.TPS:DSD_PRICES@DF_PRICES_ALL(1.0),"Consumer price indices (CPIs, HICPs), COICOP 1999",I,CRI,Costa Rica,A,Annual,N,National,CPI,Consumer price index,PA,Percent per annum,_T,Total,N,Neither seasonally adjusted nor calendar adjusted,GY,"Growth rate, over 1 year",1998,,11.6593,,A,Normal value,,,,,,,2,Two
DATAFLOW,OECD.SDD.TPS:DSD_PRICES@DF_PRICES_ALL(1.0),"Consumer price indices (CPIs, HICPs), COICOP 1999",I,CRI,Costa Rica,A,Annual,N,National,CPI,Consumer price index,PA,Percent per annum,_T,Total,N,Neither seasonally adjusted nor calendar adjusted,GY,"Growth rate, over 1 year",1999,,10.04528,,A,Normal value,,,,,,,2,Two
DATAFLOW,OECD.SDD.TPS:DSD_PRICES@DF_PRICES_ALL(1.0),"Consumer price indices (CPIs, HICPs), COICOP 1999",I,CRI,Costa Rica,A,Annual,N,National,CPI,Consumer price index,PA,Percent per annum,_T,Total,N,Neither seasonally adjusted nor calendar adjusted,GY,"Growth rate, over 1 year",2000,,10.96155,,A,Normal value,,,,,,,2,Two
DATAFLOW,OECD.SDD.TPS:DSD_PRICES@DF_PRICES_ALL(1.0),"Consumer price indices (CPIs, HICPs), COICOP 1999",I,CRI,Costa Rica,A,Annual,N,National,CPI,Consumer price index,PA,Percent per annum,_T,Total,N,Neither seasonally adjusted nor calendar adjusted,GY,"Growth rate, over 1 year",2001,,11.25562,,A,Normal value,,,,,,,2,Two
DATAFLOW,OECD.SDD.TPS:DSD_PRICES@DF_PRICES_ALL(1.0),"Consumer price indices (CPIs, HICPs), COICOP 1999",I,CRI,Costa Rica,A,Annual,N,National,CPI,Consumer price index,PA,Percent per annum,_T,Total,N,Neither seasonally adjusted nor calendar adjusted,GY,"Growth rate, over 1 year",2002,,9.167521,,A,Normal value,,,,,,,2,Two
DATAFLOW,OECD.SDD.TPS:DSD_PRICES@DF_PRICES_ALL(1.0),"Consumer price indices (CPIs, HICPs), COICOP 1999",I,CRI,Costa Rica,A,Annual,N,National,CPI,Consumer price index,PA,Percent per annum,_T,Total,N,Neither seasonally adjusted nor calendar adjusted,GY,"Growth rate, over 1 year",2003,,9.447581,,A,Normal value,,,,,,,2,Two
DATAFLOW,OECD.SDD.TPS:DSD_PRICES@DF_PRICES_ALL(1.0),"Consumer price indices (CPIs, HICPs), COICOP 1999",I,CRI,Costa Rica,A,Annual,N,National,CPI,Consumer price index,PA,Percent per annum,_T,Total,N,Neither seasonally adjusted nor calendar adjusted,GY,"Growth rate, over 1 year",2004,,12.31481,,A,Normal value,,,,,,,2,Two
DATAFLOW,OECD.SDD.TPS:DSD_PRICES@DF_PRICES_ALL(1.0),"Consumer price indices (CPIs, HICPs), COICOP 1999",I,CRI,Costa Rica,A,Annual,N,National,CPI,Consumer price index,PA,Percent per annum,_T,Total,N,Neither seasonally adjusted nor calendar adjusted,GY,"Growth rate, over 1 year",2005,,13.7983,,A,Normal value,,,,,,,2,Two
DATAFLOW,OECD.SDD.TPS:DSD_PRICES@DF_PRICES_ALL(1.0),"Consumer price indices (CPIs, HICPs), COICOP 1999",I,CRI,Costa Rica,A,Annual,N,National,CPI,Consumer price index,PA,Percent per annum,_T,Total,N,Neither seasonally adjusted nor calendar adjusted,GY,"Growth rate, over 1 year",2006,,11.4706,,A,Normal value,,,,,,,2,Two
DATAFLOW,OECD.SDD.TPS:DSD_PRICES@DF_PRICES_ALL(1.0),"Consumer price indices (CPIs, HICPs), COICOP 1999",I,CRI,Costa Rica,A,Annual,N,National,CPI,Consumer price index,PA,Percent per annum,_T,Total,N,Neither seasonally adjusted nor calendar adjusted,GY,"Growth rate, over 1 year",2007,,9.357244,,A,Normal value,,,,,,,2,Two
DATAFLOW,OECD.SDD.TPS:DSD_PRICES@DF_PRICES_ALL(1.0),"Consumer price indices (CPIs, HICPs), COICOP 1999",I,CRI,Costa Rica,A,Annual,N,National,CPI,Consumer price index,PA,Percent per annum,_T,Total,N,Neither seasonally adjusted nor calendar adjusted,GY,"Growth rate, over 1 year",2008,,13.42446,,A,Normal value,,,,,,,2,Two
DATAFLOW,OECD.SDD.TPS:DSD_PRICES@DF_PRICES_ALL(1.0),"Consumer price indices (CPIs, HICPs), COICOP 1999",I,CRI,Costa Rica,A,Annual,N,National,CPI,Consumer price index,PA,Percent per annum,_T,Total,N,Neither seasonally adjusted nor calendar adjusted,GY,"Growth rate, over 1 year",2009,,7.842702,,A,Normal value,,,,,,,2,Two
DATAFLOW,OECD.SDD.TPS:DSD_PRICES@DF_PRICES_ALL(1.0),"Consumer price indices (CPIs, HICPs), COICOP 1999",I,CRI,Costa Rica,A,Annual,N,National,CPI,Consumer price index,PA,Percent per annum,_T,Total,N,Neither seasonally adjusted nor calendar adjusted,GY,"Growth rate, over 1 year",2010,,5.662757,,A,Normal value,,,,,,,2,Two
DATAFLOW,OECD.SDD.TPS:DSD_PRICES@DF_PRICES_ALL(1.0),"Consumer price indices (CPIs, HICPs), COICOP 1999",I,CRI,Costa Rica,A,Annual,N,National,CPI,Consumer price index,PA,Percent per annum,_T,Total,N,Neither seasonally adjusted nor calendar adjusted,GY,"Growth rate, over 1 year",2011,,4.877998,,A,Normal value,,,,,,,2,Two
DATAFLOW,OECD.SDD.TPS:DSD_PRICES@DF_PRICES_ALL(1.0),"Consumer price indices (CPIs, HICPs), COICOP 1999",I,CRI,Costa Rica,A,Annual,N,National,CPI,Consumer price index,PA,Percent per annum,_T,Total,N,Neither seasonally adjusted nor calendar adjusted,GY,"Growth rate, over 1 year",2012,,4.495453,,A,Normal value,,,,,,,2,Two
DATAFLOW,OECD.SDD.TPS:DSD_PRICES@DF_PRICES_ALL(1.0),"Consumer price indices (CPIs, HICPs), COICOP 1999",I,CRI,Costa Rica,A,Annual,N,National,CPI,Consumer price index,PA,Percent per annum,_T,Total,N,Neither seasonally adjusted nor calendar adjusted,GY,"Growth rate, over 1 year",2013,,5.231336,,A,Normal value,,,,,,,2,Two
DATAFLOW,OECD.SDD.TPS:DSD_PRICES@DF_PRICES_ALL(1.0),"Consumer price indices (CPIs, HICPs), COICOP 1999",I,CRI,Costa Rica,A,Annual,N,National,CPI,Consumer price index,PA,Percent per annum,_T,Total,N,Neither seasonally adjusted nor calendar adjusted,GY,"Growth rate, over 1 year",2014,,4.519201,,A,Normal value,,,,,,,2,Two
DATAFLOW,OECD.SDD.TPS:DSD_PRICES@DF_PRICES_ALL(1.0),"Consumer price indices (CPIs, HICPs), COICOP 1999",I,CRI,Costa Rica,A,Annual,N,National,CPI,Consumer price index,PA,Percent per annum,_T,Total,N,Neither seasonally adjusted nor calendar adjusted,GY,"Growth rate, over 1 year",2015,,0.801982,,A,Normal value,,,,,,,2,Two
DATAFLOW,OECD.SDD.TPS:DSD_PRICES@DF_PRICES_ALL(1.0),"Consumer price indices (CPIs, HICPs), COICOP 1999",I,CRI,Costa Rica,A,Annual,N,National,CPI,Consumer price index,PA,Percent per annum,_T,Total,N,Neither seasonally adjusted nor calendar adjusted,GY,"Growth rate, over 1 year",2016,,-0.01747885,,A,Normal value,,,,,,,2,Two
DATAFLOW,OECD.SDD.TPS:DSD_PRICES@DF_PRICES_ALL(1.0),"Consumer price indices (CPIs, HICPs), COICOP 1999",I,CRI,Costa Rica,A,Annual,N,National,CPI,Consumer price index,PA,Percent per annum,_T,Total,N,Neither seasonally adjusted nor calendar adjusted,GY,"Growth rate, over 1 year",2017,,1.625907,,A,Normal value,,,,,,,2,Two
DATAFLOW,OECD.SDD.TPS:DSD_PRICES@DF_PRICES_ALL(1.0),"Consumer price indices (CPIs, HICPs), COICOP 1999",I,CRI,Costa Rica,A,Annual,N,National,CPI,Consumer price index,PA,Percent per annum,_T,Total,N,Neither seasonally adjusted nor calendar adjusted,GY,"Growth rate, over 1 year",2018,,2.221115,,A,Normal value,,,,,,,2,Two
DATAFLOW,OECD.SDD.TPS:DSD_PRICES@DF_PRICES_ALL(1.0),"Consumer price indices (CPIs, HICPs), COICOP 1999",I,CRI,Costa Rica,A,Annual,N,National,CPI,Consumer price index,PA,Percent per annum,_T,Total,N,Neither seasonally adjusted nor calendar adjusted,GY,"Growth rate, over 1 year",2019,,2.096046,,A,Normal value,,,,,,,2,Two
DATAFLOW,OECD.SDD.TPS:DSD_PRICES@DF_PRICES_ALL(1.0),"Consumer price indices (CPIs, HICPs), COICOP 1999",I,CRI,Costa Rica,A,Annual,N,National,CPI,Consumer price index,PA,Percent per annum,_T,Total,N,Neither seasonally adjusted nor calendar adjusted,GY,"Growth rate, over 1 year",2020,,0.7249115,,A,Normal value,,,,,,,2,Two
DATAFLOW,OECD.SDD.TPS:DSD_PRICES@DF_PRICES_ALL(1.0),"Consumer price indices (CPIs, HICPs), COICOP 1999",I,CRI,Costa Rica,A,Annual,N,National,CPI,Consumer price index,PA,Percent per annum,_T,Total,N,Neither seasonally adjusted nor calendar adjusted,GY,"Growth rate, over 1 year",2021,,1.726478,,A,Normal value,,,,,,,2,Two
DATAFLOW,OECD.SDD.TPS:DSD_PRICES@DF_PRICES_ALL(1.0),"Consumer price indices (CPIs, HICPs), COICOP 1999",I,CZE,Czechia,A,Annual,N,National,CPI,Consumer price index,PA,Percent per annum,_T,Total,N,Neither seasonally adjusted nor calendar adjusted,GY,"Growth rate, over 1 year",1992,,11.0865,,A,Normal value,,,,,,,2,Two
DATAFLOW,OECD.SDD.TPS:DSD_PRICES@DF_PRICES_ALL(1.0),"Consumer price indices (CPIs, HICPs), COICOP 1999",I,CZE,Czechia,A,Annual,N,National,CPI,Consumer price index,PA,Percent per annum,_T,Total,N,Neither seasonally adjusted nor calendar adjusted,GY,"Growth rate, over 1 year",1993,,20.81303,,A,Normal value,,,,,,,2,Two
DATAFLOW,OECD.SDD.TPS:DSD_PRICES@DF_PRICES_ALL(1.0),"Consumer price indices (CPIs, HICPs), COICOP 1999",I,CZE,Czechia,A,Annual,N,National,CPI,Consumer price index,PA,Percent per annum,_T,Total,N,Neither seasonally adjusted nor calendar adjusted,GY,"Growth rate, over 1 year",1994,,10.03942,,A,Normal value,,,,,,,2,Two
DATAFLOW,OECD.SDD.TPS:DSD_PRICES@DF_PRICES_ALL(1.0),"Consumer price indices (CPIs, HICPs), COICOP 1999",I,CZE,Czechia,A,Annual,N,National,CPI,Consumer price index,PA,Percent per annum,_T,Total,N,Neither seasonally adjusted nor calendar adjusted,GY,"Growth rate, over 1 year",1995,,8.990531,,A,Normal value,,,,,,,2,Two
DATAFLOW,OECD.SDD.TPS:DSD_PRICES@DF_PRICES_ALL(1.0),"Consumer price indices (CPIs, HICPs), COICOP 1999",I,CZE,Czechia,A,Annual,N,National,CPI,Consumer price index,PA,Percent per annum,_T,Total,N,Neither seasonally adjusted nor calendar adjusted,GY,"Growth rate, over 1 year",1996,,8.758775,,A,Normal value,,,,,,,2,Two
DATAFLOW,OECD.SDD.TPS:DSD_PRICES@DF_PRICES_ALL(1.0),"Consumer price indices (CPIs, HICPs), COICOP 1999",I,CZE,Czechia,A,Annual,N,National,CPI,Consumer price index,PA,Percent per annum,_T,Total,N,Neither seasonally adjusted nor calendar adjusted,GY,"Growth rate, over 1 year",1997,,8.596157,,A,Normal value,,,,,,,2,Two
DATAFLOW,OECD.SDD.TPS:DSD_PRICES@DF_PRICES_ALL(1.0),"Consumer price indices (CPIs, HICPs), COICOP 1999",I,CZE,Czechia,A,Annual,N,National,CPI,Consumer price index,PA,Percent per annum,_T,Total,N,Neither seasonally adjusted nor calendar adjusted,GY,"Growth rate, over 1 year",1998,,10.69837,,A,Normal value,,,,,,,2,Two
DATAFLOW,OECD.SDD.TPS:DSD_PRICES@DF_PRICES_ALL(1.0),"Consumer price indices (CPIs, HICPs), COICOP 1999",I,CZE,Czechia,A,Annual,N,National,CPI,Consumer price index,PA,Percent per annum,_T,Total,N,Neither seasonally adjusted nor calendar adjusted,GY,"Growth rate, over 1 year",1999,,2.135448,,A,Normal value,,,,,,,2,Two
DATAFLOW,OECD.SDD.TPS:DSD_PRICES@DF_PRICES_ALL(1.0),"Consumer price indices (CPIs, HICPs), COICOP 1999",I,CZE,Czechia,A,Annual,N,National,CPI,Consumer price index,PA,Percent per annum,_T,Total,N,Neither seasonally adjusted nor calendar adjusted,GY,"Growth rate, over 1 year",2000,,3.775388,,A,Normal value,,,,,,,2,Two
DATAFLOW,OECD.SDD.TPS:DSD_PRICES@DF_PRICES_ALL(1.0),"Consumer price indices (CPIs, HICPs), COICOP 1999",I,CZE,Czechia,A,Annual,N,National,CPI,Consumer price index,PA,Percent per annum,_T,Total,N,Neither seasonally adjusted nor calendar adjusted,GY,"Growth rate, over 1 year",2001,,4.662675,,A,Normal value,,,,,,,2,Two
DATAFLOW,OECD.SDD.TPS:DSD_PRICES@DF_PRICES_ALL(1.0),"Consumer price indices (CPIs, HICPs), COICOP 1999",I,CZE,Czechia,A,Annual,N,National,CPI,Consumer price index,PA,Percent per annum,_T,Total,N,Neither seasonally adjusted nor calendar adjusted,GY,"Growth rate, over 1 year",2002,,1.902981,,A,Normal value,,,,,,,2,Two
DATAFLOW,OECD.SDD.TPS:DSD_PRICES@DF_PRICES_ALL(1.0),"Consumer price indices (CPIs, HICPs), COICOP 1999",I,CZE,Czechia,A,Annual,N,National,CPI,Consumer price index,PA,Percent per annum,_T,Total,N,Neither seasonally adjusted nor calendar adjusted,GY,"Growth rate, over 1 year",2003,,0.1187392,,A,Normal value,,,,,,,2,Two
DATAFLOW,OECD.SDD.TPS:DSD_PRICES@DF_PRICES_ALL(1.0),"Consumer price indices (CPIs, HICPs), COICOP 1999",I,CZE,Czechia,A,Annual,N,National,CPI,Consumer price index,PA,Percent per annum,_T,Total,N,Neither seasonally adjusted nor calendar adjusted,GY,"Growth rate, over 1 year",2004,,2.760108,,A,Normal value,,,,,,,2,Two
DATAFLOW,OECD.SDD.TPS:DSD_PRICES@DF_PRICES_ALL(1.0),"Consumer price indices (CPIs, HICPs), COICOP 1999",I,CZE,Czechia,A,Annual,N,National,CPI,Consumer price index,PA,Percent per annum,_T,Total,N,Neither seasonally adjusted nor calendar adjusted,GY,"Growth rate, over 1 year",2005,,1.857098,,A,Normal value,,,,,,,2,Two
DATAFLOW,OECD.SDD.TPS:DSD_PRICES@DF_PRICES_ALL(1.0),"Consumer price indices (CPIs, HICPs), COICOP 1999",I,CZE,Czechia,A,Annual,N,National,CPI,Consumer price index,PA,Percent per annum,_T,Total,N,Neither seasonally adjusted nor calendar adjusted,GY,"Growth rate, over 1 year",2006,,2.533993,,A,Normal value,,,,,,,2,Two
DATAFLOW,OECD.SDD.TPS:DSD_PRICES@DF_PRICES_ALL(1.0),"Consumer price indices (CPIs, HICPs), COICOP 1999",I,CZE,Czechia,A,Annual,N,National,CPI,Consumer price index,PA,Percent per annum,_T,Total,N,Neither seasonally adjusted nor calendar adjusted,GY,"Growth rate, over 1 year",2007,,2.853124,,A,Normal value,,,,,,,2,Two
DATAFLOW,OECD.SDD.TPS:DSD_PRICES@DF_PRICES_ALL(1.0),"Consumer price indices (CPIs, HICPs), COICOP 1999",I,CZE,Czechia,A,Annual,N,National,CPI,Consumer price index,PA,Percent per annum,_T,Total,N,Neither seasonally adjusted nor calendar adjusted,GY,"Growth rate, over 1 year",2008,,6.358664,,A,Normal value,,,,,,,2,Two
DATAFLOW,OECD.SDD.TPS:DSD_PRICES@DF_PRICES_ALL(1.0),"Consumer price indices (CPIs, HICPs), COICOP 1999",I,CZE,Czechia,A,Annual,N,National,CPI,Consumer price index,PA,Percent per annum,_T,Total,N,Neither seasonally adjusted nor calendar adjusted,GY,"Growth rate, over 1 year",2009,,1.019377,,A,Normal value,,,,,,,2,Two
DATAFLOW,OECD.SDD.TPS:DSD_PRICES@DF_PRICES_ALL(1.0),"Consumer price indices (CPIs, HICPs), COICOP 1999",I,CZE,Czechia,A,Annual,N,National,CPI,Consumer price index,PA,Percent per annum,_T,Total,N,Neither seasonally adjusted nor calendar adjusted,GY,"Growth rate, over 1 year",2010,,1.472727,,A,Normal value,,,,,,,2,Two
DATAFLOW,OECD.SDD.TPS:DSD_PRICES@DF_PRICES_ALL(1.0),"Consumer price indices (CPIs, HICPs), COICOP 1999",I,CZE,Czechia,A,Annual,N,National,CPI,Consumer price index,PA,Percent per annum,_T,Total,N,Neither seasonally adjusted nor calendar adjusted,GY,"Growth rate, over 1 year",2011,,1.917219,,A,Normal value,,,,,,,2,Two
DATAFLOW,OECD.SDD.TPS:DSD_PRICES@DF_PRICES_ALL(1.0),"Consumer price indices (CPIs, HICPs), COICOP 1999",I,CZE,Czechia,A,Annual,N,National,CPI,Consumer price index,PA,Percent per annum,_T,Total,N,Neither seasonally adjusted nor calendar adjusted,GY,"Growth rate, over 1 year",2012,,3.287623,,A,Normal value,,,,,,,2,Two
DATAFLOW,OECD.SDD.TPS:DSD_PRICES@DF_PRICES_ALL(1.0),"Consumer price indices (CPIs, HICPs), COICOP 1999",I,CZE,Czechia,A,Annual,N,National,CPI,Consumer price index,PA,Percent per annum,_T,Total,N,Neither seasonally adjusted nor calendar adjusted,GY,"Growth rate, over 1 year",2013,,1.438298,,A,Normal value,,,,,,,2,Two
DATAFLOW,OECD.SDD.TPS:DSD_PRICES@DF_PRICES_ALL(1.0),"Consumer price indices (CPIs, HICPs), COICOP 1999",I,CZE,Czechia,A,Annual,N,National,CPI,Consumer price index,PA,Percent per annum,_T,Total,N,Neither seasonally adjusted nor calendar adjusted,GY,"Growth rate, over 1 year",2014,,0.3439886,,A,Normal value,,,,,,,2,Two
DATAFLOW,OECD.SDD.TPS:DSD_PRICES@DF_PRICES_ALL(1.0),"Consumer price indices (CPIs, HICPs), COICOP 1999",I,CZE,Czechia,A,Annual,N,National,CPI,Consumer price index,PA,Percent per annum,_T,Total,N,Neither seasonally adjusted nor calendar adjusted,GY,"Growth rate, over 1 year",2015,,0.3093646,,A,Normal value,,,,,,,2,Two
DATAFLOW,OECD.SDD.TPS:DSD_PRICES@DF_PRICES_ALL(1.0),"Consumer price indices (CPIs, HICPs), COICOP 1999",I,CZE,Czechia,A,Annual,N,National,CPI,Consumer price index,PA,Percent per annum,_T,Total,N,Neither seasonally adjusted nor calendar adjusted,GY,"Growth rate, over 1 year",2016,,0.6835042,,A,Normal value,,,,,,,2,Two
DATAFLOW,OECD.SDD.TPS:DSD_PRICES@DF_PRICES_ALL(1.0),"Consumer price indices (CPIs, HICPs), COICOP 1999",I,CZE,Czechia,A,Annual,N,National,CPI,Consumer price index,PA,Percent per annum,_T,Total,N,Neither seasonally adjusted nor calendar adjusted,GY,"Growth rate, over 1 year",2017,,2.450534,,A,Normal value,,,,,,,2,Two
DATAFLOW,OECD.SDD.TPS:DSD_PRICES@DF_PRICES_ALL(1.0),"Consumer price indices (CPIs, HICPs), COICOP 1999",I,CZE,Czechia,A,Annual,N,National,CPI,Consumer price index,PA,Percent per annum,_T,Total,N,Neither seasonally adjusted nor calendar adjusted,GY,"Growth rate, over 1 year",2018,,2.149495,,A,Normal value,,,,,,,2,Two
DATAFLOW,OECD.SDD.TPS:DSD_PRICES@DF_PRICES_ALL(1.0),"Consumer price indices (CPIs, HICPs), COICOP 1999",I,CZE,Czechia,A,Annual,N,National,CPI,Consumer price index,PA,Percent per annum,_T,Total,N,Neither seasonally adjusted nor calendar adjusted,GY,"Growth rate, over 1 year",2019,,2.847876,,A,Normal value,,,,,,,2,Two
DATAFLOW,OECD.SDD.TPS:DSD_PRICES@DF_PRICES_ALL(1.0),"Consumer price indices (CPIs, HICPs), COICOP 1999",I,CZE,Czechia,A,Annual,N,National,CPI,Consumer price index,PA,Percent per annum,_T,Total,N,Neither seasonally adjusted nor calendar adjusted,GY,"Growth rate, over 1 year",2020,,3.161295,,A,Normal value,,,,,,,2,Two
DATAFLOW,OECD.SDD.TPS:DSD_PRICES@DF_PRICES_ALL(1.0),"Consumer price indices (CPIs, HICPs), COICOP 1999",I,CZE,Czechia,A,Annual,N,National,CPI,Consumer price index,PA,Percent per annum,_T,Total,N,Neither seasonally adjusted nor calendar adjusted,GY,"Growth rate, over 1 year",2021,,3.839845,,A,Normal value,,,,,,,2,Two
DATAFLOW,OECD.SDD.TPS:DSD_PRICES@DF_PRICES_ALL(1.0),"Consumer price indices (CPIs, HICPs), COICOP 1999",I,CZE,Czechia,A,Annual,N,National,CPI,Consumer price index,PA,Percent per annum,_T,Total,N,Neither seasonally adjusted nor calendar adjusted,GY,"Growth rate, over 1 year",2022,,15.10017,,A,Normal value,,,,,,,2,Two
DATAFLOW,OECD.SDD.TPS:DSD_PRICES@DF_PRICES_ALL(1.0),"Consumer price indices (CPIs, HICPs), COICOP 1999",I,CZE,Czechia,A,Annual,N,National,CPI,Consumer price index,PA,Percent per annum,_T,Total,N,Neither seasonally adjusted nor calendar adjusted,GY,"Growth rate, over 1 year",2023,,10.66126,,A,Normal value,,,,,,,2,Two
DATAFLOW,OECD.SDD.TPS:DSD_PRICES@DF_PRICES_ALL(1.0),"Consumer price indices (CPIs, HICPs), COICOP 1999",I,CZE,Czechia,A,Annual,N,National,CPI,Consumer price index,PA,Percent per annum,_T,Total,N,Neither seasonally adjusted nor calendar adjusted,GY,"Growth rate, over 1 year",2024,,2.435312,,A,Normal value,,,,,,,2,Two
DATAFLOW,OECD.SDD.TPS:DSD_PRICES@DF_PRICES_ALL(1.0),"Consumer price indices (CPIs, HICPs), COICOP 1999",I,CZE,Czechia,A,Annual,N,National,CPI,Consumer price index,PA,Percent per annum,_T,Total,N,Neither seasonally adjusted nor calendar adjusted,GY,"Growth rate, over 1 year",2025,,2.459964,,A,Normal value,,,,,,,2,Two
DATAFLOW,OECD.SDD.TPS:DSD_PRICES@DF_PRICES_ALL(1.0),"Consumer price indices (CPIs, HICPs), COICOP 1999",I,DNK,Denmark,A,Annual,N,National,CPI,Consumer price index,PA,Percent per annum,_T,Total,N,Neither seasonally adjusted nor calendar adjusted,GY,"Growth rate, over 1 year",1988,,4.535135,,A,Normal value,,,,,,,2,Two
DATAFLOW,OECD.SDD.TPS:DSD_PRICES@DF_PRICES_ALL(1.0),"Consumer price indices (CPIs, HICPs), COICOP 1999",I,DNK,Denmark,A,Annual,N,National,CPI,Consumer price index,PA,Percent per annum,_T,Total,N,Neither seasonally adjusted nor calendar adjusted,GY,"Growth rate, over 1 year",1989,,4.772727,,A,Normal value,,,,,,,2,Two
DATAFLOW,OECD.SDD.TPS:DSD_PRICES@DF_PRICES_ALL(1.0),"Consumer price indices (CPIs, HICPs), COICOP 1999",I,DNK,Denmark,A,Annual,N,National,CPI,Consumer price index,PA,Percent per annum,_T,Total,N,Neither seasonally adjusted nor calendar adjusted,GY,"Growth rate, over 1 year",1990,,2.6416,,A,Normal value,,,,,,,2,Two
DATAFLOW,OECD.SDD.TPS:DSD_PRICES@DF_PRICES_ALL(1.0),"Consumer price indices (CPIs, HICPs), COICOP 1999",I,DNK,Denmark,A,Annual,N,National,CPI,Consumer price index,PA,Percent per annum,_T,Total,N,Neither seasonally adjusted nor calendar adjusted,GY,"Growth rate, over 1 year",1991,,2.395153,,A,Normal value,,,,,,,2,Two
DATAFLOW,OECD.SDD.TPS:DSD_PRICES@DF_PRICES_ALL(1.0),"Consumer price indices (CPIs, HICPs), COICOP 1999",I,DNK,Denmark,A,Annual,N,National,CPI,Consumer price index,PA,Percent per annum,_T,Total,N,Neither seasonally adjusted nor calendar adjusted,GY,"Growth rate, over 1 year",1992,,2.096042,,A,Normal value,,,,,,,2,Two
DATAFLOW,OECD.SDD.TPS:DSD_PRICES@DF_PRICES_ALL(1.0),"Consumer price indices (CPIs, HICPs), COICOP 1999",I,DNK,Denmark,A,Annual,N,National,CPI,Consumer price index,PA,Percent per annum,_T,Total,N,Neither seasonally adjusted nor calendar adjusted,GY,"Growth rate, over 1 year",1993,,1.257862,,A,Normal value,,,,,,,2,Two
DATAFLOW,OECD.SDD.TPS:DSD_PRICES@DF_PRICES_ALL(1.0),"Consumer price indices (CPIs, HICPs), COICOP 1999",I,DNK,Denmark,A,Annual,N,National,CPI,Consumer price index,PA,Percent per annum,_T,Total,N,Neither seasonally adjusted nor calendar adjusted,GY,"Growth rate, over 1 year",1994,,1.992014,,A,Normal value,,,,,,,2,Two
DATAFLOW,OECD.SDD.TPS:DSD_PRICES@DF_PRICES_ALL(1.0),"Consumer price indices (CPIs, HICPs), COICOP 1999",I,DNK,Denmark,A,Annual,N,National,CPI,Consumer price index,PA,Percent per annum,_T,Total,N,Neither seasonally adjusted nor calendar adjusted,GY,"Growth rate, over 1 year",1995,,2.083605,,A,Normal value,,,,,,,2,Two
DATAFLOW,OECD.SDD.TPS:DSD_PRICES@DF_PRICES_ALL(1.0),"Consumer price indices (CPIs, HICPs), COICOP 1999",I,DNK,Denmark,A,Annual,N,National,CPI,Consumer price index,PA,Percent per annum,_T,Total,N,Neither seasonally adjusted nor calendar adjusted,GY,"Growth rate, over 1 year",1996,,2.1263,,A,Normal value,,,,,,,2,Two
DATAFLOW,OECD.SDD.TPS:DSD_PRICES@DF_PRICES_ALL(1.0),"Consumer price indices (CPIs, HICPs), COICOP 1999",I,DNK,Denmark,A,Annual,N,National,CPI,Consumer price index,PA,Percent per annum,_T,Total,N,Neither seasonally adjusted nor calendar adjusted,GY,"Growth rate, over 1 year",1997,,2.182167,,A,Normal value,,,,,,,2,Two
DATAFLOW,OECD.SDD.TPS:DSD_PRICES@DF_PRICES_ALL(1.0),"Consumer price indices (CPIs, HICPs), COICOP 1999",I,DNK,Denmark,A,Annual,N,National,CPI,Consumer price index,PA,Percent per annum,_T,Total,N,Neither seasonally adjusted nor calendar adjusted,GY,"Growth rate, over 1 year",1998,,1.845651,,A,Normal value,,,,,,,2,Two
DATAFLOW,OECD.SDD.TPS:DSD_PRICES@DF_PRICES_ALL(1.0),"Consumer price indices (CPIs, HICPs), COICOP 1999",I,DNK,Denmark,A,Annual,N,National,CPI,Consumer price index,PA,Percent per annum,_T,Total,N,Neither seasonally adjusted nor calendar adjusted,GY,"Growth rate, over 1 year",1999,,2.497795,,A,Normal value,,,,,,,2,Two
DATAFLOW,OECD.SDD.TPS:DSD_PRICES@DF_PRICES_ALL(1.0),"Consumer price indices (CPIs, HICPs), COICOP 1999",I,DNK,Denmark,A,Annual,N,National,CPI,Consumer price index,PA,Percent per annum,_T,Total,N,Neither seasonally adjusted nor calendar adjusted,GY,"Growth rate, over 1 year",2000,,2.903277,,A,Normal value,,,,,,,2,Two
DATAFLOW,OECD.SDD.TPS:DSD_PRICES@DF_PRICES_ALL(1.0),"Consumer price indices (CPIs, HICPs), COICOP 1999",I,DNK,Denmark,A,Annual,N,National,CPI,Consumer price index,PA,Percent per annum,_T,Total,N,Neither seasonally adjusted nor calendar adjusted,GY,"Growth rate, over 1 year",2001,,2.337875,,A,Normal value,,,,,,,2,Two
DATAFLOW,OECD.SDD.TPS:DSD_PRICES@DF_PRICES_ALL(1.0),"Consumer price indices (CPIs, HICPs), COICOP 1999",I,DNK,Denmark,A,Annual,N,National,CPI,Consumer price index,PA,Percent per annum,_T,Total,N,Neither seasonally adjusted nor calendar adjusted,GY,"Growth rate, over 1 year",2002,,2.424437,,A,Normal value,,,,,,,2,Two
DATAFLOW,OECD.SDD.TPS:DSD_PRICES@DF_PRICES_ALL(1.0),"Consumer price indices (CPIs, HICPs), COICOP 1999",I,DNK,Denmark,A,Annual,N,National,CPI,Consumer price index,PA,Percent per annum,_T,Total,N,Neither seasonally adjusted nor calendar adjusted,GY,"Growth rate, over 1 year",2003,,2.075078,,A,Normal value,,,,,,,2,Two
DATAFLOW,OECD.SDD.TPS:DSD_PRICES@DF_PRICES_ALL(1.0),"Consumer price indices (CPIs, HICPs), COICOP 1999",I,DNK,Denmark,A,Annual,N,National,CPI,Consumer price index,PA,Percent per annum,_T,Total,N,Neither seasonally adjusted nor calendar adjusted,GY,"Growth rate, over 1 year",2004,,1.154357,,A,Normal value,,,,,,,2,Two
DATAFLOW,OECD.SDD.TPS:DSD_PRICES@DF_PRICES_ALL(1.0),"Consumer price indices (CPIs, HICPs), COICOP 1999",I,DNK,Denmark,A,Annual,N,National,CPI,Consumer price index,PA,Percent per annum,_T,Total,N,Neither seasonally adjusted nor calendar adjusted,GY,"Growth rate, over 1 year",2005,,1.817815,,A,Normal value,,,,,,,2,Two
DATAFLOW,OECD.SDD.TPS:DSD_PRICES@DF_PRICES_ALL(1.0),"Consumer price indices (CPIs, HICPs), COICOP 1999",I,DNK,Denmark,A,Annual,N,National,CPI,Consumer price index,PA,Percent per annum,_T,Total,N,Neither seasonally adjusted nor calendar adjusted,GY,"Growth rate, over 1 year",2006,,1.924221,,A,Normal value,,,,,,,2,Two
DATAFLOW,OECD.SDD.TPS:DSD_PRICES@DF_PRICES_ALL(1.0),"Consumer price indices (CPIs, HICPs), COICOP 1999",I,DNK,Denmark,A,Annual,N,National,CPI,Consumer price index,PA,Percent per annum,_T,Total,N,Neither seasonally adjusted nor calendar adjusted,GY,"Growth rate, over 1 year",2007,,1.693266,,A,Normal value,,,,,,,2,Two
DATAFLOW,OECD.SDD.TPS:DSD_PRICES@DF_PRICES_ALL(1.0),"Consumer price indices (CPIs, HICPs), COICOP 1999",I,DNK,Denmark,A,Annual,N,National,CPI,Consumer price index,PA,Percent per annum,_T,Total,N,Neither seasonally adjusted nor calendar adjusted,GY,"Growth rate, over 1 year",2008,,3.416268,,A,Normal value,,,,,,,2,Two
DATAFLOW,OECD.SDD.TPS:DSD_PRICES@DF_PRICES_ALL(1.0),"Consumer price indices (CPIs, HICPs), COICOP 1999",I,DNK,Denmark,A,Annual,N,National,CPI,Consumer price index,PA,Percent per annum,_T,Total,N,Neither seasonally adjusted nor calendar adjusted,GY,"Growth rate, over 1 year",2009,,1.30471,,A,Normal value,,,,,,,2,Two
DATAFLOW,OECD.SDD.TPS:DSD_PRICES@DF_PRICES_ALL(1.0),"Consumer price indices (CPIs, HICPs), COICOP 1999",I,DNK,Denmark,A,Annual,N,National,CPI,Consumer price index,PA,Percent per annum,_T,Total,N,Neither seasonally adjusted nor calendar adjusted,GY,"Growth rate, over 1 year",2010,,2.310924,,A,Normal value,,,,,,,2,Two
DATAFLOW,OECD.SDD.TPS:DSD_PRICES@DF_PRICES_ALL(1.0),"Consumer price indices (CPIs, HICPs), COICOP 1999",I,DNK,Denmark,A,Annual,N,National,CPI,Consumer price index,PA,Percent per annum,_T,Total,N,Neither seasonally adjusted nor calendar adjusted,GY,"Growth rate, over 1 year",2011,,2.758682,,A,Normal value,,,,,,,2,Two
DATAFLOW,OECD.SDD.TPS:DSD_PRICES@DF_PRICES_ALL(1.0),"Consumer price indices (CPIs, HICPs), COICOP 1999",I,DNK,Denmark,A,Annual,N,National,CPI,Consumer price index,PA,Percent per annum,_T,Total,N,Neither seasonally adjusted nor calendar adjusted,GY,"Growth rate, over 1 year",2012,,2.397915,,A,Normal value,,,,,,,2,Two
DATAFLOW,OECD.SDD.TPS:DSD_PRICES@DF_PRICES_ALL(1.0),"Consumer price indices (CPIs, HICPs), COICOP 1999",I,DNK,Denmark,A,Annual,N,National,CPI,Consumer price index,PA,Percent per annum,_T,Total,N,Neither seasonally adjusted nor calendar adjusted,GY,"Growth rate, over 1 year",2013,,0.7890718,,A,Normal value,,,,,,,2,Two
DATAFLOW,OECD.SDD.TPS:DSD_PRICES@DF_PRICES_ALL(1.0),"Consumer price indices (CPIs, HICPs), COICOP 1999",I,DNK,Denmark,A,Annual,N,National,CPI,Consumer price index,PA,Percent per annum,_T,Total,N,Neither seasonally adjusted nor calendar adjusted,GY,"Growth rate, over 1 year",2014,,0.5640205,,A,Normal value,,,,,,,2,Two
DATAFLOW,OECD.SDD.TPS:DSD_PRICES@DF_PRICES_ALL(1.0),"Consumer price indices (CPIs, HICPs), COICOP 1999",I,DNK,Denmark,A,Annual,N,National,CPI,Consumer price index,PA,Percent per annum,_T,Total,N,Neither seasonally adjusted nor calendar adjusted,GY,"Growth rate, over 1 year",2015,,0.4520341,,A,Normal value,,,,,,,2,Two
DATAFLOW,OECD.SDD.TPS:DSD_PRICES@DF_PRICES_ALL(1.0),"Consumer price indices (CPIs, HICPs), COICOP 1999",I,DNK,Denmark,A,Annual,N,National,CPI,Consumer price index,PA,Percent per annum,_T,Total,N,Neither seasonally adjusted nor calendar adjusted,GY,"Growth rate, over 1 year",2016,,0.25,,A,Normal value,,,,,,,2,Two
DATAFLOW,OECD.SDD.TPS:DSD_PRICES@DF_PRICES_ALL(1.0),"Consumer price indices (CPIs, HICPs), COICOP 1999",I,DNK,Denmark,A,Annual,N,National,CPI,Consumer price index,PA,Percent per annum,_T,Total,N,Neither seasonally adjusted nor calendar adjusted,GY,"Growth rate, over 1 year",2017,,1.147132,,A,Normal value,,,,,,,2,Two
DATAFLOW,OECD.SDD.TPS:DSD_PRICES@DF_PRICES_ALL(1.0),"Consumer price indices (CPIs, HICPs), COICOP 1999",I,DNK,Denmark,A,Annual,N,National,CPI,Consumer price index,PA,Percent per annum,_T,Total,N,Neither seasonally adjusted nor calendar adjusted,GY,"Growth rate, over 1 year",2018,,0.8136095,,A,Normal value,,,,,,,2,Two
DATAFLOW,OECD.SDD.TPS:DSD_PRICES@DF_PRICES_ALL(1.0),"Consumer price indices (CPIs, HICPs), COICOP 1999",I,DNK,Denmark,A,Annual,N,National,CPI,Consumer price index,PA,Percent per annum,_T,Total,N,Neither seasonally adjusted nor calendar adjusted,GY,"Growth rate, over 1 year",2019,,0.7581316,,A,Normal value,,,,,,,2,Two
DATAFLOW,OECD.SDD.TPS:DSD_PRICES@DF_PRICES_ALL(1.0),"Consumer price indices (CPIs, HICPs), COICOP 1999",I,DNK,Denmark,A,Annual,N,National,CPI,Consumer price index,PA,Percent per annum,_T,Total,N,Neither seasonally adjusted nor calendar adjusted,GY,"Growth rate, over 1 year",2020,,0.420712,,A,Normal value,,,,,,,2,Two
DATAFLOW,OECD.SDD.TPS:DSD_PRICES@DF_PRICES_ALL(1.0),"Consumer price indices (CPIs, HICPs), COICOP 1999",I,DNK,Denmark,A,Annual,N,National,CPI,Consumer price index,PA,Percent per annum,_T,Total,N,Neither seasonally adjusted nor calendar adjusted,GY,"Growth rate, over 1 year",2021,,1.853045,,A,Normal value,,,,,,,2,Two
DATAFLOW,OECD.SDD.TPS:DSD_PRICES@DF_PRICES_ALL(1.0),"Consumer price indices (CPIs, HICPs), COICOP 1999",I,DNK,Denmark,A,Annual,N,National,CPI,Consumer price index,PA,Percent per annum,_T,Total,N,Neither seasonally adjusted nor calendar adjusted,GY,"Growth rate, over 1 year",2022,,7.696567,,A,Normal value,,,,,,,2,Two
DATAFLOW,OECD.SDD.TPS:DSD_PRICES@DF_PRICES_ALL(1.0),"Consumer price indices (CPIs, HICPs), COICOP 1999",I,DNK,Denmark,A,Annual,N,National,CPI,Consumer price index,PA,Percent per annum,_T,Total,N,Neither seasonally adjusted nor calendar adjusted,GY,"Growth rate, over 1 year",2023,,3.305178,,A,Normal value,,,,,,,2,Two
DATAFLOW,OECD.SDD.TPS:DSD_PRICES@DF_PRICES_ALL(1.0),"Consumer price indices (CPIs, HICPs), COICOP 1999",I,DNK,Denmark,A,Annual,N,National,CPI,Consumer price index,PA,Percent per annum,_T,Total,N,Neither seasonally adjusted nor calendar adjusted,GY,"Growth rate, over 1 year",2024,,1.3722,,A,Normal value,,,,,,,2,Two
DATAFLOW,OECD.SDD.TPS:DSD_PRICES@DF_PRICES_ALL(1.0),"Consumer price indices (CPIs, HICPs), COICOP 1999",I,DNK,Denmark,A,Annual,N,National,CPI,Consumer price index,PA,Percent per annum,_T,Total,N,Neither seasonally adjusted nor calendar adjusted,GY,"Growth rate, over 1 year",2025,,1.893674,,A,Normal value,,,,,,,2,Two
DATAFLOW,OECD.SDD.TPS:DSD_PRICES@DF_PRICES_ALL(1.0),"Consumer price indices (CPIs, HICPs), COICOP 1999",I,EST,Estonia,A,Annual,N,National,CPI,Consumer price index,PA,Percent per annum,_T,Total,N,Neither seasonally adjusted nor calendar adjusted,GY,"Growth rate, over 1 year",1998,,8.744751,,A,Normal value,,,,,,,2,Two
DATAFLOW,OECD.SDD.TPS:DSD_PRICES@DF_PRICES_ALL(1.0),"Consumer price indices (CPIs, HICPs), COICOP 1999",I,EST,Estonia,A,Annual,N,National,CPI,Consumer price index,PA,Percent per annum,_T,Total,N,Neither seasonally adjusted nor calendar adjusted,GY,"Growth rate, over 1 year",1999,,3.296111,,A,Normal value,,,,,,,2,Two
DATAFLOW,OECD.SDD.TPS:DSD_PRICES@DF_PRICES_ALL(1.0),"Consumer price indices (CPIs, HICPs), COICOP 1999",I,EST,Estonia,A,Annual,N,National,CPI,Consumer price index,PA,Percent per annum,_T,Total,N,Neither seasonally adjusted nor calendar adjusted,GY,"Growth rate, over 1 year",2000,,4.018489,,A,Normal value,,,,,,,2,Two
DATAFLOW,OECD.SDD.TPS:DSD_PRICES@DF_PRICES_ALL(1.0),"Consumer price indices (CPIs, HICPs), COICOP 1999",I,EST,Estonia,A,Annual,N,National,CPI,Consumer price index,PA,Percent per annum,_T,Total,N,Neither seasonally adjusted nor calendar adjusted,GY,"Growth rate, over 1 year",2001,,5.74828,,A,Normal value,,,,,,,2,Two
DATAFLOW,OECD.SDD.TPS:DSD_PRICES@DF_PRICES_ALL(1.0),"Consumer price indices (CPIs, HICPs), COICOP 1999",I,EST,Estonia,A,Annual,N,National,CPI,Consumer price index,PA,Percent per annum,_T,Total,N,Neither seasonally adjusted nor calendar adjusted,GY,"Growth rate, over 1 year",2002,,3.571913,,A,Normal value,,,,,,,2,Two
DATAFLOW,OECD.SDD.TPS:DSD_PRICES@DF_PRICES_ALL(1.0),"Consumer price indices (CPIs, HICPs), COICOP 1999",I,EST,Estonia,A,Annual,N,National,CPI,Consumer price index,PA,Percent per annum,_T,Total,N,Neither seasonally adjusted nor calendar adjusted,GY,"Growth rate, over 1 year",2003,,1.334991,,A,Normal value,,,,,,,2,Two
DATAFLOW,OECD.SDD.TPS:DSD_PRICES@DF_PRICES_ALL(1.0),"Consumer price indices (CPIs, HICPs), COICOP 1999",I,EST,Estonia,A,Annual,N,National,CPI,Consumer price index,PA,Percent per annum,_T,Total,N,Neither seasonally adjusted nor calendar adjusted,GY,"Growth rate, over 1 year",2004,,3.048111,,A,Normal value,,,,,,,2,Two
DATAFLOW,OECD.SDD.TPS:DSD_PRICES@DF_PRICES_ALL(1.0),"Consumer price indices (CPIs, HICPs), COICOP 1999",I,EST,Estonia,A,Annual,N,National,CPI,Consumer price index,PA,Percent per annum,_T,Total,N,Neither seasonally adjusted nor calendar adjusted,GY,"Growth rate, over 1 year",2005,,4.079714,,A,Normal value,,,,,,,2,Two
DATAFLOW,OECD.SDD.TPS:DSD_PRICES@DF_PRICES_ALL(1.0),"Consumer price indices (CPIs, HICPs), COICOP 1999",I,EST,Estonia,A,Annual,N,National,CPI,Consumer price index,PA,Percent per annum,_T,Total,N,Neither seasonally adjusted nor calendar adjusted,GY,"Growth rate, over 1 year",2006,,4.437621,,A,Normal value,,,,,,,2,Two
DATAFLOW,OECD.SDD.TPS:DSD_PRICES@DF_PRICES_ALL(1.0),"Consumer price indices (CPIs, HICPs), COICOP 1999",I,EST,Estonia,A,Annual,N,National,CPI,Consumer price index,PA,Percent per annum,_T,Total,N,Neither seasonally adjusted nor calendar adjusted,GY,"Growth rate, over 1 year",2007,,6.601326,,A,Normal value,,,,,,,2,Two
DATAFLOW,OECD.SDD.TPS:DSD_PRICES@DF_PRICES_ALL(1.0),"Consumer price indices (CPIs, HICPs), COICOP 1999",I,EST,Estonia,A,Annual,N,National,CPI,Consumer price index,PA,Percent per annum,_T,Total,N,Neither seasonally adjusted nor calendar adjusted,GY,"Growth rate, over 1 year",2008,,10.36236,,A,Normal value,,,,,,,2,Two
DATAFLOW,OECD.SDD.TPS:DSD_PRICES@DF_PRICES_ALL(1.0),"Consumer price indices (CPIs, HICPs), COICOP 1999",I,EST,Estonia,A,Annual,N,National,CPI,Consumer price index,PA,Percent per annum,_T,Total,N,Neither seasonally adjusted nor calendar adjusted,GY,"Growth rate, over 1 year",2009,,-0.07840831,,A,Normal value,,,,,,,2,Two
DATAFLOW,OECD.SDD.TPS:DSD_PRICES@DF_PRICES_ALL(1.0),"Consumer price indices (CPIs, HICPs), COICOP 1999",I,EST,Estonia,A,Annual,N,National,CPI,Consumer price index,PA,Percent per annum,_T,Total,N,Neither seasonally adjusted nor calendar adjusted,GY,"Growth rate, over 1 year",2010,,2.972045,,A,Normal value,,,,,,,2,Two
DATAFLOW,OECD.SDD.TPS:DSD_PRICES@DF_PRICES_ALL(1.0),"Consumer price indices (CPIs, HICPs), COICOP 1999",I,EST,Estonia,A,Annual,N,National,CPI,Consumer price index,PA,Percent per annum,_T,Total,N,Neither seasonally adjusted nor calendar adjusted,GY,"Growth rate, over 1 year",2011,,4.981901,,A,Normal value,,,,,,,2,Two
DATAFLOW,OECD.SDD.TPS:DSD_PRICES@DF_PRICES_ALL(1.0),"Consumer price indices (CPIs, HICPs), COICOP 1999",I,EST,Estonia,A,Annual,N,National,CPI,Consumer price index,PA,Percent per annum,_T,Total,N,Neither seasonally adjusted nor calendar adjusted,GY,"Growth rate, over 1 year",2012,,3.9334,,A,Normal value,,,,,,,2,Two
DATAFLOW,OECD.SDD.TPS:DSD_PRICES@DF_PRICES_ALL(1.0),"Consumer price indices (CPIs, HICPs), COICOP 1999",I,EST,Estonia,A,Annual,N,National,CPI,Consumer price index,PA,Percent per annum,_T,Total,N,Neither seasonally adjusted nor calendar adjusted,GY,"Growth rate, over 1 year",2013,,2.780567,,A,Normal value,,,,,,,2,Two
DATAFLOW,OECD.SDD.TPS:DSD_PRICES@DF_PRICES_ALL(1.0),"Consumer price indices (CPIs, HICPs), COICOP 1999",I,EST,Estonia,A,Annual,N,National,CPI,Consumer price index,PA,Percent per annum,_T,Total,N,Neither seasonally adjusted nor calendar adjusted,GY,"Growth rate, over 1 year",2014,,-0.1061751,,A,Normal value,,,,,,,2,Two
DATAFLOW,OECD.SDD.TPS:DSD_PRICES@DF_PRICES_ALL(1.0),"Consumer price indices (CPIs, HICPs), COICOP 1999",I,EST,Estonia,A,Annual,N,National,CPI,Consumer price index,PA,Percent per annum,_T,Total,N,Neither seasonally adjusted nor calendar adjusted,GY,"Growth rate, over 1 year",2015,,-0.492326,,A,Normal value,,,,,,,2,Two
DATAFLOW,OECD.SDD.TPS:DSD_PRICES@DF_PRICES_ALL(1.0),"Consumer price indices (CPIs, HICPs), COICOP 1999",I,EST,Estonia,A,Annual,N,National,CPI,Consumer price index,PA,Percent per annum,_T,Total,N,Neither seasonally adjusted nor calendar adjusted,GY,"Growth rate, over 1 year",2016,,0.1486849,,A,Normal value,,,,,,,2,Two
DATAFLOW,OECD.SDD.TPS:DSD_PRICES@DF_PRICES_ALL(1.0),"Consumer price indices (CPIs, HICPs), COICOP 1999",I,EST,Estonia,A,Annual,N,National,CPI,Consumer price index,PA,Percent per annum,_T,Total,N,Neither seasonally adjusted nor calendar adjusted,GY,"Growth rate, over 1 year",2017,,3.417236,,A,Normal value,,,,,,,2,Two
DATAFLOW,OECD.SDD.TPS:DSD_PRICES@DF_PRICES_ALL(1.0),"Consumer price indices (CPIs, HICPs), COICOP 1999",I,EST,Estonia,A,Annual,N,National,CPI,Consumer price index,PA,Percent per annum,_T,Total,N,Neither seasonally adjusted nor calendar adjusted,GY,"Growth rate, over 1 year",2018,,3.436327,,A,Normal value,,,,,,,2,Two
DATAFLOW,OECD.SDD.TPS:DSD_PRICES@DF_PRICES_ALL(1.0),"Consumer price indices (CPIs, HICPs), COICOP 1999",I,EST,Estonia,A,Annual,N,National,CPI,Consumer price index,PA,Percent per annum,_T,Total,N,Neither seasonally adjusted nor calendar adjusted,GY,"Growth rate, over 1 year",2019,,2.277259,,A,Normal value,,,,,,,2,Two
DATAFLOW,OECD.SDD.TPS:DSD_PRICES@DF_PRICES_ALL(1.0),"Consumer price indices (CPIs, HICPs), COICOP 1999",I,EST,Estonia,A,Annual,N,National,CPI,Consumer price index,PA,Percent per annum,_T,Total,N,Neither seasonally adjusted nor calendar adjusted,GY,"Growth rate, over 1 year",2020,,-0.4445311,,A,Normal value,,,,,,,2,Two
DATAFLOW,OECD.SDD.TPS:DSD_PRICES@DF_PRICES_ALL(1.0),"Consumer price indices (CPIs, HICPs), COICOP 1999",I,EST,Estonia,A,Annual,N,National,CPI,Consumer price index,PA,Percent per annum,_T,Total,N,Neither seasonally adjusted nor calendar adjusted,GY,"Growth rate, over 1 year",2021,,4.653167,,A,Normal value,,,,,,,2,Two
DATAFLOW,OECD.SDD.TPS:DSD_PRICES@DF_PRICES_ALL(1.0),"Consumer price indices (CPIs, HICPs), COICOP 1999",I,EST,Estonia,A,Annual,N,National,CPI,Consumer price index,PA,Percent per annum,_T,Total,N,Neither seasonally adjusted nor calendar adjusted,GY,"Growth rate, over 1 year",2022,,19.39826,,A,Normal value,,,,,,,2,Two
DATAFLOW,OECD.SDD.TPS:DSD_PRICES@DF_PRICES_ALL(1.0),"Consumer price indices (CPIs, HICPs), COICOP 1999",I,EST,Estonia,A,Annual,N,National,CPI,Consumer price index,PA,Percent per annum,_T,Total,N,Neither seasonally adjusted nor calendar adjusted,GY,"Growth rate, over 1 year",2023,,9.159226,,A,Normal value,,,,,,,2,Two
DATAFLOW,OECD.SDD.TPS:DSD_PRICES@DF_PRICES_ALL(1.0),"Consumer price indices (CPIs, HICPs), COICOP 1999",I,EST,Estonia,A,Annual,N,National,CPI,Consumer price index,PA,Percent per annum,_T,Total,N,Neither seasonally adjusted nor calendar adjusted,GY,"Growth rate, over 1 year",2024,,3.520561,,A,Normal value,,,,,,,2,Two
DATAFLOW,OECD.SDD.TPS:DSD_PRICES@DF_PRICES_ALL(1.0),"Consumer price indices (CPIs, HICPs), COICOP 1999",I,EST,Estonia,A,Annual,N,National,CPI,Consumer price index,PA,Percent per annum,_T,Total,N,Neither seasonally adjusted nor calendar adjusted,GY,"Growth rate, over 1 year",2025,,4.828044,,A,Normal value,,,,,,,2,Two
DATAFLOW,OECD.SDD.TPS:DSD_PRICES@DF_PRICES_ALL(1.0),"Consumer price indices (CPIs, HICPs), COICOP 1999",I,HUN,Hungary,A,Annual,N,National,CPI,Consumer price index,PA,Percent per annum,_T,Total,N,Neither seasonally adjusted nor calendar adjusted,GY,"Growth rate, over 1 year",1988,,15.72355,,A,Normal value,,,,,,,2,Two
DATAFLOW,OECD.SDD.TPS:DSD_PRICES@DF_PRICES_ALL(1.0),"Consumer price indices (CPIs, HICPs), COICOP 1999",I,HUN,Hungary,A,Annual,N,National,CPI,Consumer price index,PA,Percent per annum,_T,Total,N,Neither seasonally adjusted nor calendar adjusted,GY,"Growth rate, over 1 year",1989,,17.14915,,A,Normal value,,,,,,,2,Two
DATAFLOW,OECD.SDD.TPS:DSD_PRICES@DF_PRICES_ALL(1.0),"Consumer price indices (CPIs, HICPs), COICOP 1999",I,HUN,Hungary,A,Annual,N,National,CPI,Consumer price index,PA,Percent per annum,_T,Total,N,Neither seasonally adjusted nor calendar adjusted,GY,"Growth rate, over 1 year",1990,,28.36959,,A,Normal value,,,,,,,2,Two
DATAFLOW,OECD.SDD.TPS:DSD_PRICES@DF_PRICES_ALL(1.0),"Consumer price indices (CPIs, HICPs), COICOP 1999",I,HUN,Hungary,A,Annual,N,National,CPI,Consumer price index,PA,Percent per annum,_T,Total,N,Neither seasonally adjusted nor calendar adjusted,GY,"Growth rate, over 1 year",1991,,34.81754,,A,Normal value,,,,,,,2,Two
DATAFLOW,OECD.SDD.TPS:DSD_PRICES@DF_PRICES_ALL(1.0),"Consumer price indices (CPIs, HICPs), COICOP 1999",I,HUN,Hungary,A,Annual,N,National,CPI,Consumer price index,PA,Percent per annum,_T,Total,N,Neither seasonally adjusted nor calendar adjusted,GY,"Growth rate, over 1 year",1992,,23.65572,,A,Normal value,,,,,,,2,Two
DATAFLOW,OECD.SDD.TPS:DSD_PRICES@DF_PRICES_ALL(1.0),"Consumer price indices (CPIs, HICPs), COICOP 1999",I,HUN,Hungary,A,Annual,N,National,CPI,Consumer price index,PA,Percent per annum,_T,Total,N,Neither seasonally adjusted nor calendar adjusted,GY,"Growth rate, over 1 year",1993,,22.46424,,A,Normal value,,,,,,,2,Two
DATAFLOW,OECD.SDD.TPS:DSD_PRICES@DF_PRICES_ALL(1.0),"Consumer price indices (CPIs, HICPs), COICOP 1999",I,HUN,Hungary,A,Annual,N,National,CPI,Consumer price index,PA,Percent per annum,_T,Total,N,Neither seasonally adjusted nor calendar adjusted,GY,"Growth rate, over 1 year",1994,,18.86808,,A,Normal value,,,,,,,2,Two
DATAFLOW,OECD.SDD.TPS:DSD_PRICES@DF_PRICES_ALL(1.0),"Consumer price indices (CPIs, HICPs), COICOP 1999",I,HUN,Hungary,A,Annual,N,National,CPI,Consumer price index,PA,Percent per annum,_T,Total,N,Neither seasonally adjusted nor calendar adjusted,GY,"Growth rate, over 1 year",1995,,28.30546,,A,Normal value,,,,,,,2,Two
DATAFLOW,OECD.SDD.TPS:DSD_PRICES@DF_PRICES_ALL(1.0),"Consumer price indices (CPIs, HICPs), COICOP 1999",I,HUN,Hungary,A,Annual,N,National,CPI,Consumer price index,PA,Percent per annum,_T,Total,N,Neither seasonally adjusted nor calendar adjusted,GY,"Growth rate, over 1 year",1996,,23.46903,,A,Normal value,,,,,,,2,Two
DATAFLOW,OECD.SDD.TPS:DSD_PRICES@DF_PRICES_ALL(1.0),"Consumer price indices (CPIs, HICPs), COICOP 1999",I,HUN,Hungary,A,Annual,N,National,CPI,Consumer price index,PA,Percent per annum,_T,Total,N,Neither seasonally adjusted nor calendar adjusted,GY,"Growth rate, over 1 year",1997,,18.30508,,A,Normal value,,,,,,,2,Two
DATAFLOW,OECD.SDD.TPS:DSD_PRICES@DF_PRICES_ALL(1.0),"Consumer price indices (CPIs, HICPs), COICOP 1999",I,HUN,Hungary,A,Annual,N,National,CPI,Consumer price index,PA,Percent per annum,_T,Total,N,Neither seasonally adjusted nor calendar adjusted,GY,"Growth rate, over 1 year",1998,,14.15379,,A,Normal value,,,,,,,2,Two
DATAFLOW,OECD.SDD.TPS:DSD_PRICES@DF_PRICES_ALL(1.0),"Consumer price indices (CPIs, HICPs), COICOP 1999",I,HUN,Hungary,A,Annual,N,National,CPI,Consumer price index,PA,Percent per annum,_T,Total,N,Neither seasonally adjusted nor calendar adjusted,GY,"Growth rate, over 1 year",1999,,9.997744,,A,Normal value,,,,,,,2,Two
DATAFLOW,OECD.SDD.TPS:DSD_PRICES@DF_PRICES_ALL(1.0),"Consumer price indices (CPIs, HICPs), COICOP 1999",I,HUN,Hungary,A,Annual,N,National,CPI,Consumer price index,PA,Percent per annum,_T,Total,N,Neither seasonally adjusted nor calendar adjusted,GY,"Growth rate, over 1 year",2000,,9.803608,,A,Normal value,,,,,,,2,Two
DATAFLOW,OECD.SDD.TPS:DSD_PRICES@DF_PRICES_ALL(1.0),"Consumer price indices (CPIs, HICPs), COICOP 1999",I,HUN,Hungary,A,Annual,N,National,CPI,Consumer price index,PA,Percent per annum,_T,Total,N,Neither seasonally adjusted nor calendar adjusted,GY,"Growth rate, over 1 year",2001,,9.116809,,A,Normal value,,,,,,,2,Two
DATAFLOW,OECD.SDD.TPS:DSD_PRICES@DF_PRICES_ALL(1.0),"Consumer price indices (CPIs, HICPs), COICOP 1999",I,HUN,Hungary,A,Annual,N,National,CPI,Consumer price index,PA,Percent per annum,_T,Total,N,Neither seasonally adjusted nor calendar adjusted,GY,"Growth rate, over 1 year",2002,,5.265448,,A,Normal value,,,,,,,2,Two
DATAFLOW,OECD.SDD.TPS:DSD_PRICES@DF_PRICES_ALL(1.0),"Consumer price indices (CPIs, HICPs), COICOP 1999",I,HUN,Hungary,A,Annual,N,National,CPI,Consumer price index,PA,Percent per annum,_T,Total,N,Neither seasonally adjusted nor calendar adjusted,GY,"Growth rate, over 1 year",2003,,4.661017,,A,Normal value,,,,,,,2,Two
DATAFLOW,OECD.SDD.TPS:DSD_PRICES@DF_PRICES_ALL(1.0),"Consumer price indices (CPIs, HICPs), COICOP 1999",I,HUN,Hungary,A,Annual,N,National,CPI,Consumer price index,PA,Percent per annum,_T,Total,N,Neither seasonally adjusted nor calendar adjusted,GY,"Growth rate, over 1 year",2004,,6.744347,,A,Normal value,,,,,,,2,Two
DATAFLOW,OECD.SDD.TPS:DSD_PRICES@DF_PRICES_ALL(1.0),"Consumer price indices (CPIs, HICPs), COICOP 1999",I,HUN,Hungary,A,Annual,N,National,CPI,Consumer price index,PA,Percent per annum,_T,Total,N,Neither seasonally adjusted nor calendar adjusted,GY,"Growth rate, over 1 year",2005,,3.561517,,A,Normal value,,,,,,,2,Two
DATAFLOW,OECD.SDD.TPS:DSD_PRICES@DF_PRICES_ALL(1.0),"Consumer price indices (CPIs, HICPs), COICOP 1999",I,HUN,Hungary,A,Annual,N,National,CPI,Consumer price index,PA,Percent per annum,_T,Total,N,Neither seasonally adjusted nor calendar adjusted,GY,"Growth rate, over 1 year",2006,,3.930326,,A,Normal value,,,,,,,2,Two
DATAFLOW,OECD.SDD.TPS:DSD_PRICES@DF_PRICES_ALL(1.0),"Consumer price indices (CPIs, HICPs), COICOP 1999",I,HUN,Hungary,A,Annual,N,National,CPI,Consumer price index,PA,Percent per annum,_T,Total,N,Neither seasonally adjusted nor calendar adjusted,GY,"Growth rate, over 1 year",2007,,7.958745,,A,Normal value,,,,,,,2,Two
DATAFLOW,OECD.SDD.TPS:DSD_PRICES@DF_PRICES_ALL(1.0),"Consumer price indices (CPIs, HICPs), COICOP 1999",I,HUN,Hungary,A,Annual,N,National,CPI,Consumer price index,PA,Percent per annum,_T,Total,N,Neither seasonally adjusted nor calendar adjusted,GY,"Growth rate, over 1 year",2008,,6.042512,,A,Normal value,,,,,,,2,Two
DATAFLOW,OECD.SDD.TPS:DSD_PRICES@DF_PRICES_ALL(1.0),"Consumer price indices (CPIs, HICPs), COICOP 1999",I,HUN,Hungary,A,Annual,N,National,CPI,Consumer price index,PA,Percent per annum,_T,Total,N,Neither seasonally adjusted nor calendar adjusted,GY,"Growth rate, over 1 year",2009,,4.211712,,A,Normal value,,,,,,,2,Two
DATAFLOW,OECD.SDD.TPS:DSD_PRICES@DF_PRICES_ALL(1.0),"Consumer price indices (CPIs, HICPs), COICOP 1999",I,HUN,Hungary,A,Annual,N,National,CPI,Consumer price index,PA,Percent per annum,_T,Total,N,Neither seasonally adjusted nor calendar adjusted,GY,"Growth rate, over 1 year",2010,,4.855558,,A,Normal value,,,,,,,2,Two
DATAFLOW,OECD.SDD.TPS:DSD_PRICES@DF_PRICES_ALL(1.0),"Consumer price indices (CPIs, HICPs), COICOP 1999",I,HUN,Hungary,A,Annual,N,National,CPI,Consumer price index,PA,Percent per annum,_T,Total,N,Neither seasonally adjusted nor calendar adjusted,GY,"Growth rate, over 1 year",2011,,3.929921,,A,Normal value,,,,,,,2,Two
DATAFLOW,OECD.SDD.TPS:DSD_PRICES@DF_PRICES_ALL(1.0),"Consumer price indices (CPIs, HICPs), COICOP 1999",I,HUN,Hungary,A,Annual,N,National,CPI,Consumer price index,PA,Percent per annum,_T,Total,N,Neither seasonally adjusted nor calendar adjusted,GY,"Growth rate, over 1 year",2012,,5.652145,,A,Normal value,,,,,,,2,Two
DATAFLOW,OECD.SDD.TPS:DSD_PRICES@DF_PRICES_ALL(1.0),"Consumer price indices (CPIs, HICPs), COICOP 1999",I,HUN,Hungary,A,Annual,N,National,CPI,Consumer price index,PA,Percent per annum,_T,Total,N,Neither seasonally adjusted nor calendar adjusted,GY,"Growth rate, over 1 year",2013,,1.7332,,A,Normal value,,,,,,,2,Two
DATAFLOW,OECD.SDD.TPS:DSD_PRICES@DF_PRICES_ALL(1.0),"Consumer price indices (CPIs, HICPs), COICOP 1999",I,HUN,Hungary,A,Annual,N,National,CPI,Consumer price index,PA,Percent per annum,_T,Total,N,Neither seasonally adjusted nor calendar adjusted,GY,"Growth rate, over 1 year",2014,,-0.2275663,,A,Normal value,,,,,,,2,Two
DATAFLOW,OECD.SDD.TPS:DSD_PRICES@DF_PRICES_ALL(1.0),"Consumer price indices (CPIs, HICPs), COICOP 1999",I,HUN,Hungary,A,Annual,N,National,CPI,Consumer price index,PA,Percent per annum,_T,Total,N,Neither seasonally adjusted nor calendar adjusted,GY,"Growth rate, over 1 year",2015,,-0.06164468,,A,Normal value,,,,,,,2,Two
DATAFLOW,OECD.SDD.TPS:DSD_PRICES@DF_PRICES_ALL(1.0),"Consumer price indices (CPIs, HICPs), COICOP 1999",I,HUN,Hungary,A,Annual,N,National,CPI,Consumer price index,PA,Percent per annum,_T,Total,N,Neither seasonally adjusted nor calendar adjusted,GY,"Growth rate, over 1 year",2016,,0.3947693,,A,Normal value,,,,,,,2,Two
DATAFLOW,OECD.SDD.TPS:DSD_PRICES@DF_PRICES_ALL(1.0),"Consumer price indices (CPIs, HICPs), COICOP 1999",I,HUN,Hungary,A,Annual,N,National,CPI,Consumer price index,PA,Percent per annum,_T,Total,N,Neither seasonally adjusted nor calendar adjusted,GY,"Growth rate, over 1 year",2017,,2.348243,,A,Normal value,,,,,,,2,Two
DATAFLOW,OECD.SDD.TPS:DSD_PRICES@DF_PRICES_ALL(1.0),"Consumer price indices (CPIs, HICPs), COICOP 1999",I,HUN,Hungary,A,Annual,N,National,CPI,Consumer price index,PA,Percent per annum,_T,Total,N,Neither seasonally adjusted nor calendar adjusted,GY,"Growth rate, over 1 year",2018,,2.850248,,A,Normal value,,,,,,,2,Two
DATAFLOW,OECD.SDD.TPS:DSD_PRICES@DF_PRICES_ALL(1.0),"Consumer price indices (CPIs, HICPs), COICOP 1999",I,HUN,Hungary,A,Annual,N,National,CPI,Consumer price index,PA,Percent per annum,_T,Total,N,Neither seasonally adjusted nor calendar adjusted,GY,"Growth rate, over 1 year",2019,,3.338586,,A,Normal value,,,,,,,2,Two
DATAFLOW,OECD.SDD.TPS:DSD_PRICES@DF_PRICES_ALL(1.0),"Consumer price indices (CPIs, HICPs), COICOP 1999",I,HUN,Hungary,A,Annual,N,National,CPI,Consumer price index,PA,Percent per annum,_T,Total,N,Neither seasonally adjusted nor calendar adjusted,GY,"Growth rate, over 1 year",2020,,3.326744,,A,Normal value,,,,,,,2,Two
DATAFLOW,OECD.SDD.TPS:DSD_PRICES@DF_PRICES_ALL(1.0),"Consumer price indices (CPIs, HICPs), COICOP 1999",I,HUN,Hungary,A,Annual,N,National,CPI,Consumer price index,PA,Percent per annum,_T,Total,N,Neither seasonally adjusted nor calendar adjusted,GY,"Growth rate, over 1 year",2021,,5.110965,,A,Normal value,,,,,,,2,Two
DATAFLOW,OECD.SDD.TPS:DSD_PRICES@DF_PRICES_ALL(1.0),"Consumer price indices (CPIs, HICPs), COICOP 1999",I,HUN,Hungary,A,Annual,N,National,CPI,Consumer price index,PA,Percent per annum,_T,Total,N,Neither seasonally adjusted nor calendar adjusted,GY,"Growth rate, over 1 year",2022,,14.60814,,A,Normal value,,,,,,,2,Two
DATAFLOW,OECD.SDD.TPS:DSD_PRICES@DF_PRICES_ALL(1.0),"Consumer price indices (CPIs, HICPs), COICOP 1999",I,HUN,Hungary,A,Annual,N,National,CPI,Consumer price index,PA,Percent per annum,_T,Total,N,Neither seasonally adjusted nor calendar adjusted,GY,"Growth rate, over 1 year",2023,,17.12497,,A,Normal value,,,,,,,2,Two
DATAFLOW,OECD.SDD.TPS:DSD_PRICES@DF_PRICES_ALL(1.0),"Consumer price indices (CPIs, HICPs), COICOP 1999",I,HUN,Hungary,A,Annual,N,National,CPI,Consumer price index,PA,Percent per annum,_T,Total,N,Neither seasonally adjusted nor calendar adjusted,GY,"Growth rate, over 1 year",2024,,3.703704,,A,Normal value,,,,,,,2,Two
DATAFLOW,OECD.SDD.TPS:DSD_PRICES@DF_PRICES_ALL(1.0),"Consumer price indices (CPIs, HICPs), COICOP 1999",I,HUN,Hungary,A,Annual,N,National,CPI,Consumer price index,PA,Percent per annum,_T,Total,N,Neither seasonally adjusted nor calendar adjusted,GY,"Growth rate, over 1 year",2025,,4.411984,,A,Normal value,,,,,,,2,Two
DATAFLOW,OECD.SDD.TPS:DSD_PRICES@DF_PRICES_ALL(1.0),"Consumer price indices (CPIs, HICPs), COICOP 1999",I,IRL,Ireland,A,Annual,N,National,CPI,Consumer price index,PA,Percent per annum,_T,Total,N,Neither seasonally adjusted nor calendar adjusted,GY,"Growth rate, over 1 year",1988,,2.134571,,A,Normal value,,,,,,,2,Two
DATAFLOW,OECD.SDD.TPS:DSD_PRICES@DF_PRICES_ALL(1.0),"Consumer price indices (CPIs, HICPs), COICOP 1999",I,IRL,Ireland,A,Annual,N,National,CPI,Consumer price index,PA,Percent per annum,_T,Total,N,Neither seasonally adjusted nor calendar adjusted,GY,"Growth rate, over 1 year",1989,,4.08905,,A,Normal value,,,,,,,2,Two
DATAFLOW,OECD.SDD.TPS:DSD_PRICES@DF_PRICES_ALL(1.0),"Consumer price indices (CPIs, HICPs), COICOP 1999",I,IRL,Ireland,A,Annual,N,National,CPI,Consumer price index,PA,Percent per annum,_T,Total,N,Neither seasonally adjusted nor calendar adjusted,GY,"Growth rate, over 1 year",1990,,3.317329,,A,Normal value,,,,,,,2,Two
DATAFLOW,OECD.SDD.TPS:DSD_PRICES@DF_PRICES_ALL(1.0),"Consumer price indices (CPIs, HICPs), COICOP 1999",I,IRL,Ireland,A,Annual,N,National,CPI,Consumer price index,PA,Percent per annum,_T,Total,N,Neither seasonally adjusted nor calendar adjusted,GY,"Growth rate, over 1 year",1991,,3.210815,,A,Normal value,,,,,,,2,Two
DATAFLOW,OECD.SDD.TPS:DSD_PRICES@DF_PRICES_ALL(1.0),"Consumer price indices (CPIs, HICPs), COICOP 1999",I,IRL,Ireland,A,Annual,N,National,CPI,Consumer price index,PA,Percent per annum,_T,Total,N,Neither seasonally adjusted nor calendar adjusted,GY,"Growth rate, over 1 year",1992,,3.069996,,A,Normal value,,,,,,,2,Two
DATAFLOW,OECD.SDD.TPS:DSD_PRICES@DF_PRICES_ALL(1.0),"Consumer price indices (CPIs, HICPs), COICOP 1999",I,IRL,Ireland,A,Annual,N,National,CPI,Consumer price index,PA,Percent per annum,_T,Total,N,Neither seasonally adjusted nor calendar adjusted,GY,"Growth rate, over 1 year",1993,,1.46942,,A,Normal value,,,,,,,2,Two
DATAFLOW,OECD.SDD.TPS:DSD_PRICES@DF_PRICES_ALL(1.0),"Consumer price indices (CPIs, HICPs), COICOP 1999",I,IRL,Ireland,A,Annual,N,National,CPI,Consumer price index,PA,Percent per annum,_T,Total,N,Neither seasonally adjusted nor calendar adjusted,GY,"Growth rate, over 1 year",1994,,2.309198,,A,Normal value,,,,,,,2,Two
DATAFLOW,OECD.SDD.TPS:DSD_PRICES@DF_PRICES_ALL(1.0),"Consumer price indices (CPIs, HICPs), COICOP 1999",I,IRL,Ireland,A,Annual,N,National,CPI,Consumer price index,PA,Percent per annum,_T,Total,N,Neither seasonally adjusted nor calendar adjusted,GY,"Growth rate, over 1 year",1995,,2.524866,,A,Normal value,,,,,,,2,Two
DATAFLOW,OECD.SDD.TPS:DSD_PRICES@DF_PRICES_ALL(1.0),"Consumer price indices (CPIs, HICPs), COICOP 1999",I,IRL,Ireland,A,Annual,N,National,CPI,Consumer price index,PA,Percent per annum,_T,Total,N,Neither seasonally adjusted nor calendar adjusted,GY,"Growth rate, over 1 year",1996,,1.755748,,A,Normal value,,,,,,,2,Two
DATAFLOW,OECD.SDD.TPS:DSD_PRICES@DF_PRICES_ALL(1.0),"Consumer price indices (CPIs, HICPs), COICOP 1999",I,IRL,Ireland,A,Annual,N,National,CPI,Consumer price index,PA,Percent per annum,_T,Total,N,Neither seasonally adjusted nor calendar adjusted,GY,"Growth rate, over 1 year",1997,,1.5418,,A,Normal value,,,,,,,2,Two
DATAFLOW,OECD.SDD.TPS:DSD_PRICES@DF_PRICES_ALL(1.0),"Consumer price indices (CPIs, HICPs), COICOP 1999",I,IRL,Ireland,A,Annual,N,National,CPI,Consumer price index,PA,Percent per annum,_T,Total,N,Neither seasonally adjusted nor calendar adjusted,GY,"Growth rate, over 1 year",1998,,2.407681,,A,Normal value,,,,,,,2,Two
DATAFLOW,OECD.SDD.TPS:DSD_PRICES@DF_PRICES_ALL(1.0),"Consumer price indices (CPIs, HICPs), COICOP 1999",I,IRL,Ireland,A,Annual,N,National,CPI,Consumer price index,PA,Percent per annum,_T,Total,N,Neither seasonally adjusted nor calendar adjusted,GY,"Growth rate, over 1 year",1999,,1.629886,,A,Normal value,,,,,,,2,Two
DATAFLOW,OECD.SDD.TPS:DSD_PRICES@DF_PRICES_ALL(1.0),"Consumer price indices (CPIs, HICPs), COICOP 1999",I,IRL,Ireland,A,Annual,N,National,CPI,Consumer price index,PA,Percent per annum,_T,Total,N,Neither seasonally adjusted nor calendar adjusted,GY,"Growth rate, over 1 year",2000,,5.577633,,A,Normal value,,,,,,,2,Two
DATAFLOW,OECD.SDD.TPS:DSD_PRICES@DF_PRICES_ALL(1.0),"Consumer price indices (CPIs, HICPs), COICOP 1999",I,IRL,Ireland,A,Annual,N,National,CPI,Consumer price index,PA,Percent per annum,_T,Total,N,Neither seasonally adjusted nor calendar adjusted,GY,"Growth rate, over 1 year",2001,,4.852803,,A,Normal value,,,,,,,2,Two
DATAFLOW,OECD.SDD.TPS:DSD_PRICES@DF_PRICES_ALL(1.0),"Consumer price indices (CPIs, HICPs), COICOP 1999",I,IRL,Ireland,A,Annual,N,National,CPI,Consumer price index,PA,Percent per annum,_T,Total,N,Neither seasonally adjusted nor calendar adjusted,GY,"Growth rate, over 1 year",2002,,4.628205,,A,Normal value,,,,,,,2,Two
DATAFLOW,OECD.SDD.TPS:DSD_PRICES@DF_PRICES_ALL(1.0),"Consumer price indices (CPIs, HICPs), COICOP 1999",I,IRL,Ireland,A,Annual,N,National,CPI,Consumer price index,PA,Percent per annum,_T,Total,N,Neither seasonally adjusted nor calendar adjusted,GY,"Growth rate, over 1 year",2003,,3.492219,,A,Normal value,,,,,,,2,Two
DATAFLOW,OECD.SDD.TPS:DSD_PRICES@DF_PRICES_ALL(1.0),"Consumer price indices (CPIs, HICPs), COICOP 1999",I,IRL,Ireland,A,Annual,N,National,CPI,Consumer price index,PA,Percent per annum,_T,Total,N,Neither seasonally adjusted nor calendar adjusted,GY,"Growth rate, over 1 year",2004,,2.178546,,A,Normal value,,,,,,,2,Two
DATAFLOW,OECD.SDD.TPS:DSD_PRICES@DF_PRICES_ALL(1.0),"Consumer price indices (CPIs, HICPs), COICOP 1999",I,IRL,Ireland,A,Annual,N,National,CPI,Consumer price index,PA,Percent per annum,_T,Total,N,Neither seasonally adjusted nor calendar adjusted,GY,"Growth rate, over 1 year",2005,,2.456547,,A,Normal value,,,,,,,2,Two
DATAFLOW,OECD.SDD.TPS:DSD_PRICES@DF_PRICES_ALL(1.0),"Consumer price indices (CPIs, HICPs), COICOP 1999",I,IRL,Ireland,A,Annual,N,National,CPI,Consumer price index,PA,Percent per annum,_T,Total,N,Neither seasonally adjusted nor calendar adjusted,GY,"Growth rate, over 1 year",2006,,3.935761,,A,Normal value,,,,,,,2,Two
DATAFLOW,OECD.SDD.TPS:DSD_PRICES@DF_PRICES_ALL(1.0),"Consumer price indices (CPIs, HICPs), COICOP 1999",I,IRL,Ireland,A,Annual,N,National,CPI,Consumer price index,PA,Percent per annum,_T,Total,N,Neither seasonally adjusted nor calendar adjusted,GY,"Growth rate, over 1 year",2007,,4.885746,,A,Normal value,,,,,,,2,Two
DATAFLOW,OECD.SDD.TPS:DSD_PRICES@DF_PRICES_ALL(1.0),"Consumer price indices (CPIs, HICPs), COICOP 1999",I,IRL,Ireland,A,Annual,N,National,CPI,Consumer price index,PA,Percent per annum,_T,Total,N,Neither seasonally adjusted nor calendar adjusted,GY,"Growth rate, over 1 year",2008,,4.035688,,A,Normal value,,,,,,,2,Two
DATAFLOW,OECD.SDD.TPS:DSD_PRICES@DF_PRICES_ALL(1.0),"Consumer price indices (CPIs, HICPs), COICOP 1999",I,IRL,Ireland,A,Annual,N,National,CPI,Consumer price index,PA,Percent per annum,_T,Total,N,Neither seasonally adjusted nor calendar adjusted,GY,"Growth rate, over 1 year",2009,,-4.447547,,A,Normal value,,,,,,,2,Two
DATAFLOW,OECD.SDD.TPS:DSD_PRICES@DF_PRICES_ALL(1.0),"Consumer price indices (CPIs, HICPs), COICOP 1999",I,IRL,Ireland,A,Annual,N,National,CPI,Consumer price index,PA,Percent per annum,_T,Total,N,Neither seasonally adjusted nor calendar adjusted,GY,"Growth rate, over 1 year",2010,,-0.9183887,,A,Normal value,,,,,,,2,Two
DATAFLOW,OECD.SDD.TPS:DSD_PRICES@DF_PRICES_ALL(1.0),"Consumer price indices (CPIs, HICPs), COICOP 1999",I,IRL,Ireland,A,Annual,N,National,CPI,Consumer price index,PA,Percent per annum,_T,Total,N,Neither seasonally adjusted nor calendar adjusted,GY,"Growth rate, over 1 year",2011,,2.548978,,A,Normal value,,,,,,,2,Two
DATAFLOW,OECD.SDD.TPS:DSD_PRICES@DF_PRICES_ALL(1.0),"Consumer price indices (CPIs, HICPs), COICOP 1999",I,IRL,Ireland,A,Annual,N,National,CPI,Consumer price index,PA,Percent per annum,_T,Total,N,Neither seasonally adjusted nor calendar adjusted,GY,"Growth rate, over 1 year",2012,,1.694741,,A,Normal value,,,,,,,2,Two
DATAFLOW,OECD.SDD.TPS:DSD_PRICES@DF_PRICES_ALL(1.0),"Consumer price indices (CPIs, HICPs), COICOP 1999",I,IRL,Ireland,A,Annual,N,National,CPI,Consumer price index,PA,Percent per annum,_T,Total,N,Neither seasonally adjusted nor calendar adjusted,GY,"Growth rate, over 1 year",2013,,0.5150995,,A,Normal value,,,,,,,2,Two
DATAFLOW,OECD.SDD.TPS:DSD_PRICES@DF_PRICES_ALL(1.0),"Consumer price indices (CPIs, HICPs), COICOP 1999",I,IRL,Ireland,A,Annual,N,National,CPI,Consumer price index,PA,Percent per annum,_T,Total,N,Neither seasonally adjusted nor calendar adjusted,GY,"Growth rate, over 1 year",2014,,0.1909164,,A,Normal value,,,,,,,2,Two
DATAFLOW,OECD.SDD.TPS:DSD_PRICES@DF_PRICES_ALL(1.0),"Consumer price indices (CPIs, HICPs), COICOP 1999",I,IRL,Ireland,A,Annual,N,National,CPI,Consumer price index,PA,Percent per annum,_T,Total,N,Neither seasonally adjusted nor calendar adjusted,GY,"Growth rate, over 1 year",2015,,-0.3309598,,A,Normal value,,,,,,,2,Two
DATAFLOW,OECD.SDD.TPS:DSD_PRICES@DF_PRICES_ALL(1.0),"Consumer price indices (CPIs, HICPs), COICOP 1999",I,IRL,Ireland,A,Annual,N,National,CPI,Consumer price index,PA,Percent per annum,_T,Total,N,Neither seasonally adjusted nor calendar adjusted,GY,"Growth rate, over 1 year",2016,,0.02012477,,A,Normal value,,,,,,,2,Two
DATAFLOW,OECD.SDD.TPS:DSD_PRICES@DF_PRICES_ALL(1.0),"Consumer price indices (CPIs, HICPs), COICOP 1999",I,IRL,Ireland,A,Annual,N,National,CPI,Consumer price index,PA,Percent per annum,_T,Total,N,Neither seasonally adjusted nor calendar adjusted,GY,"Growth rate, over 1 year",2017,,0.3621731,,A,Normal value,,,,,,,2,Two
DATAFLOW,OECD.SDD.TPS:DSD_PRICES@DF_PRICES_ALL(1.0),"Consumer price indices (CPIs, HICPs), COICOP 1999",I,IRL,Ireland,A,Annual,N,National,CPI,Consumer price index,PA,Percent per annum,_T,Total,N,Neither seasonally adjusted nor calendar adjusted,GY,"Growth rate, over 1 year",2018,,0.4711307,,A,Normal value,,,,,,,2,Two
DATAFLOW,OECD.SDD.TPS:DSD_PRICES@DF_PRICES_ALL(1.0),"Consumer price indices (CPIs, HICPs), COICOP 1999",I,IRL,Ireland,A,Annual,N,National,CPI,Consumer price index,PA,Percent per annum,_T,Total,N,Neither seasonally adjusted nor calendar adjusted,GY,"Growth rate, over 1 year",2019,,0.937843,,A,Normal value,,,,,,,2,Two
DATAFLOW,OECD.SDD.TPS:DSD_PRICES@DF_PRICES_ALL(1.0),"Consumer price indices (CPIs, HICPs), COICOP 1999",I,IRL,Ireland,A,Annual,N,National,CPI,Consumer price index,PA,Percent per annum,_T,Total,N,Neither seasonally adjusted nor calendar adjusted,GY,"Growth rate, over 1 year",2020,,-0.3261836,,A,Normal value,,,,,,,2,Two
DATAFLOW,OECD.SDD.TPS:DSD_PRICES@DF_PRICES_ALL(1.0),"Consumer price indices (CPIs, HICPs), COICOP 1999",I,IRL,Ireland,A,Annual,N,National,CPI,Consumer price index,PA,Percent per annum,_T,Total,N,Neither seasonally adjusted nor calendar adjusted,GY,"Growth rate, over 1 year",2021,,2.340341,,A,Normal value,,,,,,,2,Two
DATAFLOW,OECD.SDD.TPS:DSD_PRICES@DF_PRICES_ALL(1.0),"Consumer price indices (CPIs, HICPs), COICOP 1999",I,IRL,Ireland,A,Annual,N,National,CPI,Consumer price index,PA,Percent per annum,_T,Total,N,Neither seasonally adjusted nor calendar adjusted,GY,"Growth rate, over 1 year",2022,,7.829457,,A,Normal value,,,,,,,2,Two
DATAFLOW,OECD.SDD.TPS:DSD_PRICES@DF_PRICES_ALL(1.0),"Consumer price indices (CPIs, HICPs), COICOP 1999",I,IRL,Ireland,A,Annual,N,National,CPI,Consumer price index,PA,Percent per annum,_T,Total,N,Neither seasonally adjusted nor calendar adjusted,GY,"Growth rate, over 1 year",2023,,6.299425,,A,Normal value,,,,,,,2,Two
DATAFLOW,OECD.SDD.TPS:DSD_PRICES@DF_PRICES_ALL(1.0),"Consumer price indices (CPIs, HICPs), COICOP 1999",I,IRL,Ireland,A,Annual,N,National,CPI,Consumer price index,PA,Percent per annum,_T,Total,N,Neither seasonally adjusted nor calendar adjusted,GY,"Growth rate, over 1 year",2024,,2.11345,,A,Normal value,,,,,,,2,Two
DATAFLOW,OECD.SDD.TPS:DSD_PRICES@DF_PRICES_ALL(1.0),"Consumer price indices (CPIs, HICPs), COICOP 1999",I,IRL,Ireland,A,Annual,N,National,CPI,Consumer price index,PA,Percent per annum,_T,Total,N,Neither seasonally adjusted nor calendar adjusted,GY,"Growth rate, over 1 year",2025,,2.210448,,A,Normal value,,,,,,,2,Two
DATAFLOW,OECD.SDD.TPS:DSD_PRICES@DF_PRICES_ALL(1.0),"Consumer price indices (CPIs, HICPs), COICOP 1999",I,ISR,Israel,A,Annual,N,National,CPI,Consumer price index,PA,Percent per annum,_T,Total,N,Neither seasonally adjusted nor calendar adjusted,GY,"Growth rate, over 1 year",1988,,16.38331,,A,Normal value,,,,,,,2,Two
DATAFLOW,OECD.SDD.TPS:DSD_PRICES@DF_PRICES_ALL(1.0),"Consumer price indices (CPIs, HICPs), COICOP 1999",I,ISR,Israel,A,Annual,N,National,CPI,Consumer price index,PA,Percent per annum,_T,Total,N,Neither seasonally adjusted nor calendar adjusted,GY,"Growth rate, over 1 year",1989,,20.31873,,A,Normal value,,,,,,,2,Two
DATAFLOW,OECD.SDD.TPS:DSD_PRICES@DF_PRICES_ALL(1.0),"Consumer price indices (CPIs, HICPs), COICOP 1999",I,ISR,Israel,A,Annual,N,National,CPI,Consumer price index,PA,Percent per annum,_T,Total,N,Neither seasonally adjusted nor calendar adjusted,GY,"Growth rate, over 1 year",1990,,17.25533,,A,Normal value,,,,,,,2,Two
DATAFLOW,OECD.SDD.TPS:DSD_PRICES@DF_PRICES_ALL(1.0),"Consumer price indices (CPIs, HICPs), COICOP 1999",I,ISR,Israel,A,Annual,N,National,CPI,Consumer price index,PA,Percent per annum,_T,Total,N,Neither seasonally adjusted nor calendar adjusted,GY,"Growth rate, over 1 year",1991,,19.10888,,A,Normal value,,,,,,,2,Two
DATAFLOW,OECD.SDD.TPS:DSD_PRICES@DF_PRICES_ALL(1.0),"Consumer price indices (CPIs, HICPs), COICOP 1999",I,ISR,Israel,A,Annual,N,National,CPI,Consumer price index,PA,Percent per annum,_T,Total,N,Neither seasonally adjusted nor calendar adjusted,GY,"Growth rate, over 1 year",1992,,12.06533,,A,Normal value,,,,,,,2,Two
DATAFLOW,OECD.SDD.TPS:DSD_PRICES@DF_PRICES_ALL(1.0),"Consumer price indices (CPIs, HICPs), COICOP 1999",I,ISR,Israel,A,Annual,N,National,CPI,Consumer price index,PA,Percent per annum,_T,Total,N,Neither seasonally adjusted nor calendar adjusted,GY,"Growth rate, over 1 year",1993,,10.88387,,A,Normal value,,,,,,,2,Two
DATAFLOW,OECD.SDD.TPS:DSD_PRICES@DF_PRICES_ALL(1.0),"Consumer price indices (CPIs, HICPs), COICOP 1999",I,ISR,Israel,A,Annual,N,National,CPI,Consumer price index,PA,Percent per annum,_T,Total,N,Neither seasonally adjusted nor calendar adjusted,GY,"Growth rate, over 1 year",1994,,12.25355,,A,Normal value,,,,,,,2,Two
DATAFLOW,OECD.SDD.TPS:DSD_PRICES@DF_PRICES_ALL(1.0),"Consumer price indices (CPIs, HICPs), COICOP 1999",I,ISR,Israel,A,Annual,N,National,CPI,Consumer price index,PA,Percent per annum,_T,Total,N,Neither seasonally adjusted nor calendar adjusted,GY,"Growth rate, over 1 year",1995,,9.9339,,A,Normal value,,,,,,,2,Two
DATAFLOW,OECD.SDD.TPS:DSD_PRICES@DF_PRICES_ALL(1.0),"Consumer price indices (CPIs, HICPs), COICOP 1999",I,ISR,Israel,A,Annual,N,National,CPI,Consumer price index,PA,Percent per annum,_T,Total,N,Neither seasonally adjusted nor calendar adjusted,GY,"Growth rate, over 1 year",1996,,11.45851,,A,Normal value,,,,,,,2,Two
DATAFLOW,OECD.SDD.TPS:DSD_PRICES@DF_PRICES_ALL(1.0),"Consumer price indices (CPIs, HICPs), COICOP 1999",I,ISR,Israel,A,Annual,N,National,CPI,Consumer price index,PA,Percent per annum,_T,Total,N,Neither seasonally adjusted nor calendar adjusted,GY,"Growth rate, over 1 year",1997,,8.954994,,A,Normal value,,,,,,,2,Two
DATAFLOW,OECD.SDD.TPS:DSD_PRICES@DF_PRICES_ALL(1.0),"Consumer price indices (CPIs, HICPs), COICOP 1999",I,ISR,Israel,A,Annual,N,National,CPI,Consumer price index,PA,Percent per annum,_T,Total,N,Neither seasonally adjusted nor calendar adjusted,GY,"Growth rate, over 1 year",1998,,5.488754,,A,Normal value,,,,,,,2,Two
DATAFLOW,OECD.SDD.TPS:DSD_PRICES@DF_PRICES_ALL(1.0),"Consumer price indices (CPIs, HICPs), COICOP 1999",I,ISR,Israel,A,Annual,N,National,CPI,Consumer price index,PA,Percent per annum,_T,Total,N,Neither seasonally adjusted nor calendar adjusted,GY,"Growth rate, over 1 year",1999,,5.189754,,A,Normal value,,,,,,,2,Two
DATAFLOW,OECD.SDD.TPS:DSD_PRICES@DF_PRICES_ALL(1.0),"Consumer price indices (CPIs, HICPs), COICOP 1999",I,ISR,Israel,A,Annual,N,National,CPI,Consumer price index,PA,Percent per annum,_T,Total,N,Neither seasonally adjusted nor calendar adjusted,GY,"Growth rate, over 1 year",2000,,1.032636,,A,Normal value,,,,,,,2,Two
DATAFLOW,OECD.SDD.TPS:DSD_PRICES@DF_PRICES_ALL(1.0),"Consumer price indices (CPIs, HICPs), COICOP 1999",I,ISR,Israel,A,Annual,N,National,CPI,Consumer price index,PA,Percent per annum,_T,Total,N,Neither seasonally adjusted nor calendar adjusted,GY,"Growth rate, over 1 year",2001,,1.123028,,A,Normal value,,,,,,,2,Two
DATAFLOW,OECD.SDD.TPS:DSD_PRICES@DF_PRICES_ALL(1.0),"Consumer price indices (CPIs, HICPs), COICOP 1999",I,ISR,Israel,A,Annual,N,National,CPI,Consumer price index,PA,Percent per annum,_T,Total,N,Neither seasonally adjusted nor calendar adjusted,GY,"Growth rate, over 1 year",2002,,5.802346,,A,Normal value,,,,,,,2,Two
DATAFLOW,OECD.SDD.TPS:DSD_PRICES@DF_PRICES_ALL(1.0),"Consumer price indices (CPIs, HICPs), COICOP 1999",I,ISR,Israel,A,Annual,N,National,CPI,Consumer price index,PA,Percent per annum,_T,Total,N,Neither seasonally adjusted nor calendar adjusted,GY,"Growth rate, over 1 year",2003,,0.7076306,,A,Normal value,,,,,,,2,Two
DATAFLOW,OECD.SDD.TPS:DSD_PRICES@DF_PRICES_ALL(1.0),"Consumer price indices (CPIs, HICPs), COICOP 1999",I,ISR,Israel,A,Annual,N,National,CPI,Consumer price index,PA,Percent per annum,_T,Total,N,Neither seasonally adjusted nor calendar adjusted,GY,"Growth rate, over 1 year",2004,,-0.421595,,A,Normal value,,,,,,,2,Two
DATAFLOW,OECD.SDD.TPS:DSD_PRICES@DF_PRICES_ALL(1.0),"Consumer price indices (CPIs, HICPs), COICOP 1999",I,ISR,Israel,A,Annual,N,National,CPI,Consumer price index,PA,Percent per annum,_T,Total,N,Neither seasonally adjusted nor calendar adjusted,GY,"Growth rate, over 1 year",2005,,1.340703,,A,Normal value,,,,,,,2,Two
DATAFLOW,OECD.SDD.TPS:DSD_PRICES@DF_PRICES_ALL(1.0),"Consumer price indices (CPIs, HICPs), COICOP 1999",I,ISR,Israel,A,Annual,N,National,CPI,Consumer price index,PA,Percent per annum,_T,Total,N,Neither seasonally adjusted nor calendar adjusted,GY,"Growth rate, over 1 year",2006,,2.054079,,A,Normal value,,,,,,,2,Two
DATAFLOW,OECD.SDD.TPS:DSD_PRICES@DF_PRICES_ALL(1.0),"Consumer price indices (CPIs, HICPs), COICOP 1999",I,ISR,Israel,A,Annual,N,National,CPI,Consumer price index,PA,Percent per annum,_T,Total,N,Neither seasonally adjusted nor calendar adjusted,GY,"Growth rate, over 1 year",2007,,0.466227,,A,Normal value,,,,,,,2,Two
DATAFLOW,OECD.SDD.TPS:DSD_PRICES@DF_PRICES_ALL(1.0),"Consumer price indices (CPIs, HICPs), COICOP 1999",I,ISR,Israel,A,Annual,N,National,CPI,Consumer price index,PA,Percent per annum,_T,Total,N,Neither seasonally adjusted nor calendar adjusted,GY,"Growth rate, over 1 year",2008,,4.527448,,A,Normal value,,,,,,,2,Two
DATAFLOW,OECD.SDD.TPS:DSD_PRICES@DF_PRICES_ALL(1.0),"Consumer price indices (CPIs, HICPs), COICOP 1999",I,ISR,Israel,A,Annual,N,National,CPI,Consumer price index,PA,Percent per annum,_T,Total,N,Neither seasonally adjusted nor calendar adjusted,GY,"Growth rate, over 1 year",2009,,3.367623,,A,Normal value,,,,,,,2,Two
DATAFLOW,OECD.SDD.TPS:DSD_PRICES@DF_PRICES_ALL(1.0),"Consumer price indices (CPIs, HICPs), COICOP 1999",I,ISR,Israel,A,Annual,N,National,CPI,Consumer price index,PA,Percent per annum,_T,Total,N,Neither seasonally adjusted nor calendar adjusted,GY,"Growth rate, over 1 year",2010,,2.702703,,A,Normal value,,,,,,,2,Two
DATAFLOW,OECD.SDD.TPS:DSD_PRICES@DF_PRICES_ALL(1.0),"Consumer price indices (CPIs, HICPs), COICOP 1999",I,ISR,Israel,A,Annual,N,National,CPI,Consumer price index,PA,Percent per annum,_T,Total,N,Neither seasonally adjusted nor calendar adjusted,GY,"Growth rate, over 1 year",2011,,3.488372,,A,Normal value,,,,,,,2,Two
DATAFLOW,OECD.SDD.TPS:DSD_PRICES@DF_PRICES_ALL(1.0),"Consumer price indices (CPIs, HICPs), COICOP 1999",I,ISR,Israel,A,Annual,N,National,CPI,Consumer price index,PA,Percent per annum,_T,Total,N,Neither seasonally adjusted nor calendar adjusted,GY,"Growth rate, over 1 year",2012,,1.675537,,A,Normal value,,,,,,,2,Two
DATAFLOW,OECD.SDD.TPS:DSD_PRICES@DF_PRICES_ALL(1.0),"Consumer price indices (CPIs, HICPs), COICOP 1999",I,ISR,Israel,A,Annual,N,National,CPI,Consumer price index,PA,Percent per annum,_T,Total,N,Neither seasonally adjusted nor calendar adjusted,GY,"Growth rate, over 1 year",2013,,1.589764,,A,Normal value,,,,,,,2,Two
DATAFLOW,OECD.SDD.TPS:DSD_PRICES@DF_PRICES_ALL(1.0),"Consumer price indices (CPIs, HICPs), COICOP 1999",I,ISR,Israel,A,Annual,N,National,CPI,Consumer price index,PA,Percent per annum,_T,Total,N,Neither seasonally adjusted nor calendar adjusted,GY,"Growth rate, over 1 year",2014,,0.4675573,,A,Normal value,,,,,,,2,Two
DATAFLOW,OECD.SDD.TPS:DSD_PRICES@DF_PRICES_ALL(1.0),"Consumer price indices (CPIs, HICPs), COICOP 1999",I,ISR,Israel,A,Annual,N,National,CPI,Consumer price index,PA,Percent per annum,_T,Total,N,Neither seasonally adjusted nor calendar adjusted,GY,"Growth rate, over 1 year",2015,,-0.6173426,,A,Normal value,,,,,,,2,Two
DATAFLOW,OECD.SDD.TPS:DSD_PRICES@DF_PRICES_ALL(1.0),"Consumer price indices (CPIs, HICPs), COICOP 1999",I,ISR,Israel,A,Annual,N,National,CPI,Consumer price index,PA,Percent per annum,_T,Total,N,Neither seasonally adjusted nor calendar adjusted,GY,"Growth rate, over 1 year",2016,,-0.5351682,,A,Normal value,,,,,,,2,Two
DATAFLOW,OECD.SDD.TPS:DSD_PRICES@DF_PRICES_ALL(1.0),"Consumer price indices (CPIs, HICPs), COICOP 1999",I,ISR,Israel,A,Annual,N,National,CPI,Consumer price index,PA,Percent per annum,_T,Total,N,Neither seasonally adjusted nor calendar adjusted,GY,"Growth rate, over 1 year",2017,,0.2498078,,A,Normal value,,,,,,,2,Two
DATAFLOW,OECD.SDD.TPS:DSD_PRICES@DF_PRICES_ALL(1.0),"Consumer price indices (CPIs, HICPs), COICOP 1999",I,ISR,Israel,A,Annual,N,National,CPI,Consumer price index,PA,Percent per annum,_T,Total,N,Neither seasonally adjusted nor calendar adjusted,GY,"Growth rate, over 1 year",2018,,0.8050604,,A,Normal value,,,,,,,2,Two
DATAFLOW,OECD.SDD.TPS:DSD_PRICES@DF_PRICES_ALL(1.0),"Consumer price indices (CPIs, HICPs), COICOP 1999",I,ISR,Israel,A,Annual,N,National,CPI,Consumer price index,PA,Percent per annum,_T,Total,N,Neither seasonally adjusted nor calendar adjusted,GY,"Growth rate, over 1 year",2019,,0.817646,,A,Normal value,,,,,,,2,Two
DATAFLOW,OECD.SDD.TPS:DSD_PRICES@DF_PRICES_ALL(1.0),"Consumer price indices (CPIs, HICPs), COICOP 1999",I,ISR,Israel,A,Annual,N,National,CPI,Consumer price index,PA,Percent per annum,_T,Total,N,Neither seasonally adjusted nor calendar adjusted,GY,"Growth rate, over 1 year",2020,,-0.5752546,,A,Normal value,,,,,,,2,Two
DATAFLOW,OECD.SDD.TPS:DSD_PRICES@DF_PRICES_ALL(1.0),"Consumer price indices (CPIs, HICPs), COICOP 1999",I,ISR,Israel,A,Annual,N,National,CPI,Consumer price index,PA,Percent per annum,_T,Total,N,Neither seasonally adjusted nor calendar adjusted,GY,"Growth rate, over 1 year",2021,,1.479655,,A,Normal value,,,,,,,2,Two
DATAFLOW,OECD.SDD.TPS:DSD_PRICES@DF_PRICES_ALL(1.0),"Consumer price indices (CPIs, HICPs), COICOP 1999",I,ISR,Israel,A,Annual,N,National,CPI,Consumer price index,PA,Percent per annum,_T,Total,N,Neither seasonally adjusted nor calendar adjusted,GY,"Growth rate, over 1 year",2022,,4.411627,,A,Normal value,,,,,,,2,Two
DATAFLOW,OECD.SDD.TPS:DSD_PRICES@DF_PRICES_ALL(1.0),"Consumer price indices (CPIs, HICPs), COICOP 1999",I,ISR,Israel,A,Annual,N,National,CPI,Consumer price index,PA,Percent per annum,_T,Total,N,Neither seasonally adjusted nor calendar adjusted,GY,"Growth rate, over 1 year",2023,,4.225226,,A,Normal value,,,,,,,2,Two
DATAFLOW,OECD.SDD.TPS:DSD_PRICES@DF_PRICES_ALL(1.0),"Consumer price indices (CPIs, HICPs), COICOP 1999",I,ISR,Israel,A,Annual,N,National,CPI,Consumer price index,PA,Percent per annum,_T,Total,N,Neither seasonally adjusted nor calendar adjusted,GY,"Growth rate, over 1 year",2024,,3.074809,,A,Normal value,,,,,,,2,Two
DATAFLOW,OECD.SDD.TPS:DSD_PRICES@DF_PRICES_ALL(1.0),"Consumer price indices (CPIs, HICPs), COICOP 1999",I,ISR,Israel,A,Annual,N,National,CPI,Consumer price index,PA,Percent per annum,_T,Total,N,Neither seasonally adjusted nor calendar adjusted,GY,"Growth rate, over 1 year",2025,,3.041413,,A,Normal value,,,,,,,2,Two
DATAFLOW,OECD.SDD.TPS:DSD_PRICES@DF_PRICES_ALL(1.0),"Consumer price indices (CPIs, HICPs), COICOP 1999",I,ITA,Italy,A,Annual,N,National,CPI,Consumer price index,PA,Percent per annum,_T,Total,N,Neither seasonally adjusted nor calendar adjusted,GY,"Growth rate, over 1 year",1988,,5.058249,,A,Normal value,,,,,,,2,Two
DATAFLOW,OECD.SDD.TPS:DSD_PRICES@DF_PRICES_ALL(1.0),"Consumer price indices (CPIs, HICPs), COICOP 1999",I,ITA,Italy,A,Annual,N,National,CPI,Consumer price index,PA,Percent per annum,_T,Total,N,Neither seasonally adjusted nor calendar adjusted,GY,"Growth rate, over 1 year",1989,,6.259837,,A,Normal value,,,,,,,2,Two
DATAFLOW,OECD.SDD.TPS:DSD_PRICES@DF_PRICES_ALL(1.0),"Consumer price indices (CPIs, HICPs), COICOP 1999",I,ITA,Italy,A,Annual,N,National,CPI,Consumer price index,PA,Percent per annum,_T,Total,N,Neither seasonally adjusted nor calendar adjusted,GY,"Growth rate, over 1 year",1990,,6.456608,,A,Normal value,,,,,,,2,Two
DATAFLOW,OECD.SDD.TPS:DSD_PRICES@DF_PRICES_ALL(1.0),"Consumer price indices (CPIs, HICPs), COICOP 1999",I,ITA,Italy,A,Annual,N,National,CPI,Consumer price index,PA,Percent per annum,_T,Total,N,Neither seasonally adjusted nor calendar adjusted,GY,"Growth rate, over 1 year",1991,,6.25,,A,Normal value,,,,,,,2,Two
DATAFLOW,OECD.SDD.TPS:DSD_PRICES@DF_PRICES_ALL(1.0),"Consumer price indices (CPIs, HICPs), COICOP 1999",I,ITA,Italy,A,Annual,N,National,CPI,Consumer price index,PA,Percent per annum,_T,Total,N,Neither seasonally adjusted nor calendar adjusted,GY,"Growth rate, over 1 year",1992,,5.270588,,A,Normal value,,,,,,,2,Two
DATAFLOW,OECD.SDD.TPS:DSD_PRICES@DF_PRICES_ALL(1.0),"Consumer price indices (CPIs, HICPs), COICOP 1999",I,ITA,Italy,A,Annual,N,National,CPI,Consumer price index,PA,Percent per annum,_T,Total,N,Neither seasonally adjusted nor calendar adjusted,GY,"Growth rate, over 1 year",1993,,4.626732,,A,Normal value,,,,,,,2,Two
DATAFLOW,OECD.SDD.TPS:DSD_PRICES@DF_PRICES_ALL(1.0),"Consumer price indices (CPIs, HICPs), COICOP 1999",I,ITA,Italy,A,Annual,N,National,CPI,Consumer price index,PA,Percent per annum,_T,Total,N,Neither seasonally adjusted nor calendar adjusted,GY,"Growth rate, over 1 year",1994,,4.051841,,A,Normal value,,,,,,,2,Two
DATAFLOW,OECD.SDD.TPS:DSD_PRICES@DF_PRICES_ALL(1.0),"Consumer price indices (CPIs, HICPs), COICOP 1999",I,ITA,Italy,A,Annual,N,National,CPI,Consumer price index,PA,Percent per annum,_T,Total,N,Neither seasonally adjusted nor calendar adjusted,GY,"Growth rate, over 1 year",1995,,5.235423,,A,Normal value,,,,,,,2,Two
DATAFLOW,OECD.SDD.TPS:DSD_PRICES@DF_PRICES_ALL(1.0),"Consumer price indices (CPIs, HICPs), COICOP 1999",I,ITA,Italy,A,Annual,N,National,CPI,Consumer price index,PA,Percent per annum,_T,Total,N,Neither seasonally adjusted nor calendar adjusted,GY,"Growth rate, over 1 year",1996,,4.00698,,A,Normal value,,,,,,,2,Two
DATAFLOW,OECD.SDD.TPS:DSD_PRICES@DF_PRICES_ALL(1.0),"Consumer price indices (CPIs, HICPs), COICOP 1999",I,ITA,Italy,A,Annual,N,National,CPI,Consumer price index,PA,Percent per annum,_T,Total,N,Neither seasonally adjusted nor calendar adjusted,GY,"Growth rate, over 1 year",1997,,2.043106,,A,Normal value,,,,,,,2,Two
DATAFLOW,OECD.SDD.TPS:DSD_PRICES@DF_PRICES_ALL(1.0),"Consumer price indices (CPIs, HICPs), COICOP 1999",I,ITA,Italy,A,Annual,N,National,CPI,Consumer price index,PA,Percent per annum,_T,Total,N,Neither seasonally adjusted nor calendar adjusted,GY,"Growth rate, over 1 year",1998,,1.955088,,A,Normal value,,,,,,,2,Two
DATAFLOW,OECD.SDD.TPS:DSD_PRICES@DF_PRICES_ALL(1.0),"Consumer price indices (CPIs, HICPs), COICOP 1999",I,ITA,Italy,A,Annual,N,National,CPI,Consumer price index,PA,Percent per annum,_T,Total,N,Neither seasonally adjusted nor calendar adjusted,GY,"Growth rate, over 1 year",1999,,1.663458,,A,Normal value,,,,,,,2,Two
DATAFLOW,OECD.SDD.TPS:DSD_PRICES@DF_PRICES_ALL(1.0),"Consumer price indices (CPIs, HICPs), COICOP 1999",I,ITA,Italy,A,Annual,N,National,CPI,Consumer price index,PA,Percent per annum,_T,Total,N,Neither seasonally adjusted nor calendar adjusted,GY,"Growth rate, over 1 year",2000,,2.537687,,A,Normal value,,,,,,,2,Two
DATAFLOW,OECD.SDD.TPS:DSD_PRICES@DF_PRICES_ALL(1.0),"Consumer price indices (CPIs, HICPs), COICOP 1999",I,ITA,Italy,A,Annual,N,National,CPI,Consumer price index,PA,Percent per annum,_T,Total,N,Neither seasonally adjusted nor calendar adjusted,GY,"Growth rate, over 1 year",2001,,2.785166,,A,Normal value,,,,,,,2,Two
DATAFLOW,OECD.SDD.TPS:DSD_PRICES@DF_PRICES_ALL(1.0),"Consumer price indices (CPIs, HICPs), COICOP 1999",I,ITA,Italy,A,Annual,N,National,CPI,Consumer price index,PA,Percent per annum,_T,Total,N,Neither seasonally adjusted nor calendar adjusted,GY,"Growth rate, over 1 year",2002,,2.46532,,A,Normal value,,,,,,,2,Two
DATAFLOW,OECD.SDD.TPS:DSD_PRICES@DF_PRICES_ALL(1.0),"Consumer price indices (CPIs, HICPs), COICOP 1999",I,ITA,Italy,A,Annual,N,National,CPI,Consumer price index,PA,Percent per annum,_T,Total,N,Neither seasonally adjusted nor calendar adjusted,GY,"Growth rate, over 1 year",2003,,2.672559,,A,Normal value,,,,,,,2,Two
DATAFLOW,OECD.SDD.TPS:DSD_PRICES@DF_PRICES_ALL(1.0),"Consumer price indices (CPIs, HICPs), COICOP 1999",I,ITA,Italy,A,Annual,N,National,CPI,Consumer price index,PA,Percent per annum,_T,Total,N,Neither seasonally adjusted nor calendar adjusted,GY,"Growth rate, over 1 year",2004,,2.206736,,A,Normal value,,,,,,,2,Two
DATAFLOW,OECD.SDD.TPS:DSD_PRICES@DF_PRICES_ALL(1.0),"Consumer price indices (CPIs, HICPs), COICOP 1999",I,ITA,Italy,A,Annual,N,National,CPI,Consumer price index,PA,Percent per annum,_T,Total,N,Neither seasonally adjusted nor calendar adjusted,GY,"Growth rate, over 1 year",2005,,1.985294,,A,Normal value,,,,,,,2,Two
DATAFLOW,OECD.SDD.TPS:DSD_PRICES@DF_PRICES_ALL(1.0),"Consumer price indices (CPIs, HICPs), COICOP 1999",I,ITA,Italy,A,Annual,N,National,CPI,Consumer price index,PA,Percent per annum,_T,Total,N,Neither seasonally adjusted nor calendar adjusted,GY,"Growth rate, over 1 year",2006,,2.090843,,A,Normal value,,,,,,,2,Two
DATAFLOW,OECD.SDD.TPS:DSD_PRICES@DF_PRICES_ALL(1.0),"Consumer price indices (CPIs, HICPs), COICOP 1999",I,ISL,Iceland,A,Annual,N,National,CPI,Consumer price index,PA,Percent per annum,_T,Total,N,Neither seasonally adjusted nor calendar adjusted,GY,"Growth rate, over 1 year",1988,,25.72551,,A,Normal value,,,,,,,2,Two
DATAFLOW,OECD.SDD.TPS:DSD_PRICES@DF_PRICES_ALL(1.0),"Consumer price indices (CPIs, HICPs), COICOP 1999",I,ISL,Iceland,A,Annual,N,National,CPI,Consumer price index,PA,Percent per annum,_T,Total,N,Neither seasonally adjusted nor calendar adjusted,GY,"Growth rate, over 1 year",1989,,20.7582,,A,Normal value,,,,,,,2,Two
DATAFLOW,OECD.SDD.TPS:DSD_PRICES@DF_PRICES_ALL(1.0),"Consumer price indices (CPIs, HICPs), COICOP 1999",I,ISL,Iceland,A,Annual,N,National,CPI,Consumer price index,PA,Percent per annum,_T,Total,N,Neither seasonally adjusted nor calendar adjusted,GY,"Growth rate, over 1 year",1990,,15.51072,,A,Normal value,,,,,,,2,Two
DATAFLOW,OECD.SDD.TPS:DSD_PRICES@DF_PRICES_ALL(1.0),"Consumer price indices (CPIs, HICPs), COICOP 1999",I,ISL,Iceland,A,Annual,N,National,CPI,Consumer price index,PA,Percent per annum,_T,Total,N,Neither seasonally adjusted nor calendar adjusted,GY,"Growth rate, over 1 year",1991,,6.80878,,A,Normal value,,,,,,,2,Two
DATAFLOW,OECD.SDD.TPS:DSD_PRICES@DF_PRICES_ALL(1.0),"Consumer price indices (CPIs, HICPs), COICOP 1999",I,ISL,Iceland,A,Annual,N,National,CPI,Consumer price index,PA,Percent per annum,_T,Total,N,Neither seasonally adjusted nor calendar adjusted,GY,"Growth rate, over 1 year",1992,,3.947712,,A,Normal value,,,,,,,2,Two
DATAFLOW,OECD.SDD.TPS:DSD_PRICES@DF_PRICES_ALL(1.0),"Consumer price indices (CPIs, HICPs), COICOP 1999",I,ISL,Iceland,A,Annual,N,National,CPI,Consumer price index,PA,Percent per annum,_T,Total,N,Neither seasonally adjusted nor calendar adjusted,GY,"Growth rate, over 1 year",1993,,4.04285,,A,Normal value,,,,,,,2,Two
DATAFLOW,OECD.SDD.TPS:DSD_PRICES@DF_PRICES_ALL(1.0),"Consumer price indices (CPIs, HICPs), COICOP 1999",I,ISL,Iceland,A,Annual,N,National,CPI,Consumer price index,PA,Percent per annum,_T,Total,N,Neither seasonally adjusted nor calendar adjusted,GY,"Growth rate, over 1 year",1994,,1.552657,,A,Normal value,,,,,,,2,Two
DATAFLOW,OECD.SDD.TPS:DSD_PRICES@DF_PRICES_ALL(1.0),"Consumer price indices (CPIs, HICPs), COICOP 1999",I,ISL,Iceland,A,Annual,N,National,CPI,Consumer price index,PA,Percent per annum,_T,Total,N,Neither seasonally adjusted nor calendar adjusted,GY,"Growth rate, over 1 year",1995,,1.651232,,A,Normal value,,,,,,,2,Two
DATAFLOW,OECD.SDD.TPS:DSD_PRICES@DF_PRICES_ALL(1.0),"Consumer price indices (CPIs, HICPs), COICOP 1999",I,ISL,Iceland,A,Annual,N,National,CPI,Consumer price index,PA,Percent per annum,_T,Total,N,Neither seasonally adjusted nor calendar adjusted,GY,"Growth rate, over 1 year",1996,,2.260421,,A,Normal value,,,,,,,2,Two
DATAFLOW,OECD.SDD.TPS:DSD_PRICES@DF_PRICES_ALL(1.0),"Consumer price indices (CPIs, HICPs), COICOP 1999",I,ISL,Iceland,A,Annual,N,National,CPI,Consumer price index,PA,Percent per annum,_T,Total,N,Neither seasonally adjusted nor calendar adjusted,GY,"Growth rate, over 1 year",1997,,1.815431,,A,Normal value,,,,,,,2,Two
DATAFLOW,OECD.SDD.TPS:DSD_PRICES@DF_PRICES_ALL(1.0),"Consumer price indices (CPIs, HICPs), COICOP 1999",I,ISL,Iceland,A,Annual,N,National,CPI,Consumer price index,PA,Percent per annum,_T,Total,N,Neither seasonally adjusted nor calendar adjusted,GY,"Growth rate, over 1 year",1998,,1.659237,,A,Normal value,,,,,,,2,Two
DATAFLOW,OECD.SDD.TPS:DSD_PRICES@DF_PRICES_ALL(1.0),"Consumer price indices (CPIs, HICPs), COICOP 1999",I,ISL,Iceland,A,Annual,N,National,CPI,Consumer price index,PA,Percent per annum,_T,Total,N,Neither seasonally adjusted nor calendar adjusted,GY,"Growth rate, over 1 year",1999,,3.231831,,A,Normal value,,,,,,,2,Two
DATAFLOW,OECD.SDD.TPS:DSD_PRICES@DF_PRICES_ALL(1.0),"Consumer price indices (CPIs, HICPs), COICOP 1999",I,ISL,Iceland,A,Annual,N,National,CPI,Consumer price index,PA,Percent per annum,_T,Total,N,Neither seasonally adjusted nor calendar adjusted,GY,"Growth rate, over 1 year",2000,,5.136475,,A,Normal value,,,,,,,2,Two
DATAFLOW,OECD.SDD.TPS:DSD_PRICES@DF_PRICES_ALL(1.0),"Consumer price indices (CPIs, HICPs), COICOP 1999",I,ISL,Iceland,A,Annual,N,National,CPI,Consumer price index,PA,Percent per annum,_T,Total,N,Neither seasonally adjusted nor calendar adjusted,GY,"Growth rate, over 1 year",2001,,6.405086,,A,Normal value,,,,,,,2,Two
DATAFLOW,OECD.SDD.TPS:DSD_PRICES@DF_PRICES_ALL(1.0),"Consumer price indices (CPIs, HICPs), COICOP 1999",I,ISL,Iceland,A,Annual,N,National,CPI,Consumer price index,PA,Percent per annum,_T,Total,N,Neither seasonally adjusted nor calendar adjusted,GY,"Growth rate, over 1 year",2002,,5.197023,,A,Normal value,,,,,,,2,Two
DATAFLOW,OECD.SDD.TPS:DSD_PRICES@DF_PRICES_ALL(1.0),"Consumer price indices (CPIs, HICPs), COICOP 1999",I,ISL,Iceland,A,Annual,N,National,CPI,Consumer price index,PA,Percent per annum,_T,Total,N,Neither seasonally adjusted nor calendar adjusted,GY,"Growth rate, over 1 year",2003,,2.055662,,A,Normal value,,,,,,,2,Two
DATAFLOW,OECD.SDD.TPS:DSD_PRICES@DF_PRICES_ALL(1.0),"Consumer price indices (CPIs, HICPs), COICOP 1999",I,ISL,Iceland,A,Annual,N,National,CPI,Consumer price index,PA,Percent per annum,_T,Total,N,Neither seasonally adjusted nor calendar adjusted,GY,"Growth rate, over 1 year",2004,,3.158195,,A,Normal value,,,,,,,2,Two
DATAFLOW,OECD.SDD.TPS:DSD_PRICES@DF_PRICES_ALL(1.0),"Consumer price indices (CPIs, HICPs), COICOP 1999",I,ISL,Iceland,A,Annual,N,National,CPI,Consumer price index,PA,Percent per annum,_T,Total,N,Neither seasonally adjusted nor calendar adjusted,GY,"Growth rate, over 1 year",2005,,3.987048,,A,Normal value,,,,,,,2,Two
DATAFLOW,OECD.SDD.TPS:DSD_PRICES@DF_PRICES_ALL(1.0),"Consumer price indices (CPIs, HICPs), COICOP 1999",I,ISL,Iceland,A,Annual,N,National,CPI,Consumer price index,PA,Percent per annum,_T,Total,N,Neither seasonally adjusted nor calendar adjusted,GY,"Growth rate, over 1 year",2006,,6.687074,,A,Normal value,,,,,,,2,Two
DATAFLOW,OECD.SDD.TPS:DSD_PRICES@DF_PRICES_ALL(1.0),"Consumer price indices (CPIs, HICPs), COICOP 1999",I,ISL,Iceland,A,Annual,N,National,CPI,Consumer price index,PA,Percent per annum,_T,Total,N,Neither seasonally adjusted nor calendar adjusted,GY,"Growth rate, over 1 year",2007,,5.051564,,A,Normal value,,,,,,,2,Two
DATAFLOW,OECD.SDD.TPS:DSD_PRICES@DF_PRICES_ALL(1.0),"Consumer price indices (CPIs, HICPs), COICOP 1999",I,ISL,Iceland,A,Annual,N,National,CPI,Consumer price index,PA,Percent per annum,_T,Total,N,Neither seasonally adjusted nor calendar adjusted,GY,"Growth rate, over 1 year",2008,,12.6944,,A,Normal value,,,,,,,2,Two
DATAFLOW,OECD.SDD.TPS:DSD_PRICES@DF_PRICES_ALL(1.0),"Consumer price indices (CPIs, HICPs), COICOP 1999",I,ISL,Iceland,A,Annual,N,National,CPI,Consumer price index,PA,Percent per annum,_T,Total,N,Neither seasonally adjusted nor calendar adjusted,GY,"Growth rate, over 1 year",2009,,12.00312,,A,Normal value,,,,,,,2,Two
DATAFLOW,OECD.SDD.TPS:DSD_PRICES@DF_PRICES_ALL(1.0),"Consumer price indices (CPIs, HICPs), COICOP 1999",I,ISL,Iceland,A,Annual,N,National,CPI,Consumer price index,PA,Percent per annum,_T,Total,N,Neither seasonally adjusted nor calendar adjusted,GY,"Growth rate, over 1 year",2010,,5.396732,,A,Normal value,,,,,,,2,Two
DATAFLOW,OECD.SDD.TPS:DSD_PRICES@DF_PRICES_ALL(1.0),"Consumer price indices (CPIs, HICPs), COICOP 1999",I,ISL,Iceland,A,Annual,N,National,CPI,Consumer price index,PA,Percent per annum,_T,Total,N,Neither seasonally adjusted nor calendar adjusted,GY,"Growth rate, over 1 year",2011,,4.001026,,A,Normal value,,,,,,,2,Two
DATAFLOW,OECD.SDD.TPS:DSD_PRICES@DF_PRICES_ALL(1.0),"Consumer price indices (CPIs, HICPs), COICOP 1999",I,ISL,Iceland,A,Annual,N,National,CPI,Consumer price index,PA,Percent per annum,_T,Total,N,Neither seasonally adjusted nor calendar adjusted,GY,"Growth rate, over 1 year",2012,,5.1859,,A,Normal value,,,,,,,2,Two
DATAFLOW,OECD.SDD.TPS:DSD_PRICES@DF_PRICES_ALL(1.0),"Consumer price indices (CPIs, HICPs), COICOP 1999",I,ISL,Iceland,A,Annual,N,National,CPI,Consumer price index,PA,Percent per annum,_T,Total,N,Neither seasonally adjusted nor calendar adjusted,GY,"Growth rate, over 1 year",2013,,3.872275,,A,Normal value,,,,,,,2,Two
DATAFLOW,OECD.SDD.TPS:DSD_PRICES@DF_PRICES_ALL(1.0),"Consumer price indices (CPIs, HICPs), COICOP 1999",I,ISL,Iceland,A,Annual,N,National,CPI,Consumer price index,PA,Percent per annum,_T,Total,N,Neither seasonally adjusted nor calendar adjusted,GY,"Growth rate, over 1 year",2014,,2.044619,,A,Normal value,,,,,,,2,Two
DATAFLOW,OECD.SDD.TPS:DSD_PRICES@DF_PRICES_ALL(1.0),"Consumer price indices (CPIs, HICPs), COICOP 1999",I,ISL,Iceland,A,Annual,N,National,CPI,Consumer price index,PA,Percent per annum,_T,Total,N,Neither seasonally adjusted nor calendar adjusted,GY,"Growth rate, over 1 year",2015,,1.633058,,A,Normal value,,,,,,,2,Two
DATAFLOW,OECD.SDD.TPS:DSD_PRICES@DF_PRICES_ALL(1.0),"Consumer price indices (CPIs, HICPs), COICOP 1999",I,ISL,Iceland,A,Annual,N,National,CPI,Consumer price index,PA,Percent per annum,_T,Total,N,Neither seasonally adjusted nor calendar adjusted,GY,"Growth rate, over 1 year",2016,,1.69693,,A,Normal value,,,,,,,2,Two
DATAFLOW,OECD.SDD.TPS:DSD_PRICES@DF_PRICES_ALL(1.0),"Consumer price indices (CPIs, HICPs), COICOP 1999",I,ISL,Iceland,A,Annual,N,National,CPI,Consumer price index,PA,Percent per annum,_T,Total,N,Neither seasonally adjusted nor calendar adjusted,GY,"Growth rate, over 1 year",2017,,1.760413,,A,Normal value,,,,,,,2,Two
DATAFLOW,OECD.SDD.TPS:DSD_PRICES@DF_PRICES_ALL(1.0),"Consumer price indices (CPIs, HICPs), COICOP 1999",I,ISL,Iceland,A,Annual,N,National,CPI,Consumer price index,PA,Percent per annum,_T,Total,N,Neither seasonally adjusted nor calendar adjusted,GY,"Growth rate, over 1 year",2018,,2.682915,,A,Normal value,,,,,,,2,Two
DATAFLOW,OECD.SDD.TPS:DSD_PRICES@DF_PRICES_ALL(1.0),"Consumer price indices (CPIs, HICPs), COICOP 1999",I,ISL,Iceland,A,Annual,N,National,CPI,Consumer price index,PA,Percent per annum,_T,Total,N,Neither seasonally adjusted nor calendar adjusted,GY,"Growth rate, over 1 year",2019,,3.013977,,A,Normal value,,,,,,,2,Two
DATAFLOW,OECD.SDD.TPS:DSD_PRICES@DF_PRICES_ALL(1.0),"Consumer price indices (CPIs, HICPs), COICOP 1999",I,ISL,Iceland,A,Annual,N,National,CPI,Consumer price index,PA,Percent per annum,_T,Total,N,Neither seasonally adjusted nor calendar adjusted,GY,"Growth rate, over 1 year",2020,,2.847919,,A,Normal value,,,,,,,2,Two
DATAFLOW,OECD.SDD.TPS:DSD_PRICES@DF_PRICES_ALL(1.0),"Consumer price indices (CPIs, HICPs), COICOP 1999",I,ISL,Iceland,A,Annual,N,National,CPI,Consumer price index,PA,Percent per annum,_T,Total,N,Neither seasonally adjusted nor calendar adjusted,GY,"Growth rate, over 1 year",2021,,4.444243,,A,Normal value,,,,,,,2,Two
DATAFLOW,OECD.SDD.TPS:DSD_PRICES@DF_PRICES_ALL(1.0),"Consumer price indices (CPIs, HICPs), COICOP 1999",I,ISL,Iceland,A,Annual,N,National,CPI,Consumer price index,PA,Percent per annum,_T,Total,N,Neither seasonally adjusted nor calendar adjusted,GY,"Growth rate, over 1 year",2022,,8.308754,,A,Normal value,,,,,,,2,Two
DATAFLOW,OECD.SDD.TPS:DSD_PRICES@DF_PRICES_ALL(1.0),"Consumer price indices (CPIs, HICPs), COICOP 1999",I,ISL,Iceland,A,Annual,N,National,CPI,Consumer price index,PA,Percent per annum,_T,Total,N,Neither seasonally adjusted nor calendar adjusted,GY,"Growth rate, over 1 year",2023,,8.736306,,A,Normal value,,,,,,,2,Two
DATAFLOW,OECD.SDD.TPS:DSD_PRICES@DF_PRICES_ALL(1.0),"Consumer price indices (CPIs, HICPs), COICOP 1999",I,ISL,Iceland,A,Annual,N,National,CPI,Consumer price index,PA,Percent per annum,_T,Total,N,Neither seasonally adjusted nor calendar adjusted,GY,"Growth rate, over 1 year",2024,,5.856838,,A,Normal value,,,,,,,2,Two
DATAFLOW,OECD.SDD.TPS:DSD_PRICES@DF_PRICES_ALL(1.0),"Consumer price indices (CPIs, HICPs), COICOP 1999",I,ISL,Iceland,A,Annual,N,National,CPI,Consumer price index,PA,Percent per annum,_T,Total,N,Neither seasonally adjusted nor calendar adjusted,GY,"Growth rate, over 1 year",2025,,4.090915,,A,Normal value,,,,,,,2,Two
DATAFLOW,OECD.SDD.TPS:DSD_PRICES@DF_PRICES_ALL(1.0),"Consumer price indices (CPIs, HICPs), COICOP 1999",I,GRC,Greece,A,Annual,N,National,CPI,Consumer price index,PA,Percent per annum,_T,Total,N,Neither seasonally adjusted nor calendar adjusted,GY,"Growth rate, over 1 year",1988,,13.52886,,A,Normal value,,,,,,,2,Two
DATAFLOW,OECD.SDD.TPS:DSD_PRICES@DF_PRICES_ALL(1.0),"Consumer price indices (CPIs, HICPs), COICOP 1999",I,GRC,Greece,A,Annual,N,National,CPI,Consumer price index,PA,Percent per annum,_T,Total,N,Neither seasonally adjusted nor calendar adjusted,GY,"Growth rate, over 1 year",1989,,13.65556,,A,Normal value,,,,,,,2,Two
DATAFLOW,OECD.SDD.TPS:DSD_PRICES@DF_PRICES_ALL(1.0),"Consumer price indices (CPIs, HICPs), COICOP 1999",I,GRC,Greece,A,Annual,N,National,CPI,Consumer price index,PA,Percent per annum,_T,Total,N,Neither seasonally adjusted nor calendar adjusted,GY,"Growth rate, over 1 year",1990,,20.43349,,A,Normal value,,,,,,,2,Two
DATAFLOW,OECD.SDD.TPS:DSD_PRICES@DF_PRICES_ALL(1.0),"Consumer price indices (CPIs, HICPs), COICOP 1999",I,GRC,Greece,A,Annual,N,National,CPI,Consumer price index,PA,Percent per annum,_T,Total,N,Neither seasonally adjusted nor calendar adjusted,GY,"Growth rate, over 1 year",1991,,19.45585,,A,Normal value,,,,,,,2,Two
DATAFLOW,OECD.SDD.TPS:DSD_PRICES@DF_PRICES_ALL(1.0),"Consumer price indices (CPIs, HICPs), COICOP 1999",I,GRC,Greece,A,Annual,N,National,CPI,Consumer price index,PA,Percent per annum,_T,Total,N,Neither seasonally adjusted nor calendar adjusted,GY,"Growth rate, over 1 year",1992,,15.87707,,A,Normal value,,,,,,,2,Two
DATAFLOW,OECD.SDD.TPS:DSD_PRICES@DF_PRICES_ALL(1.0),"Consumer price indices (CPIs, HICPs), COICOP 1999",I,GRC,Greece,A,Annual,N,National,CPI,Consumer price index,PA,Percent per annum,_T,Total,N,Neither seasonally adjusted nor calendar adjusted,GY,"Growth rate, over 1 year",1993,,14.41127,,A,Normal value,,,,,,,2,Two
DATAFLOW,OECD.SDD.TPS:DSD_PRICES@DF_PRICES_ALL(1.0),"Consumer price indices (CPIs, HICPs), COICOP 1999",I,GRC,Greece,A,Annual,N,National,CPI,Consumer price index,PA,Percent per annum,_T,Total,N,Neither seasonally adjusted nor calendar adjusted,GY,"Growth rate, over 1 year",1994,,10.87408,,A,Normal value,,,,,,,2,Two
DATAFLOW,OECD.SDD.TPS:DSD_PRICES@DF_PRICES_ALL(1.0),"Consumer price indices (CPIs, HICPs), COICOP 1999",I,GRC,Greece,A,Annual,N,National,CPI,Consumer price index,PA,Percent per annum,_T,Total,N,Neither seasonally adjusted nor calendar adjusted,GY,"Growth rate, over 1 year",1995,,8.934514,,A,Normal value,,,,,,,2,Two
DATAFLOW,OECD.SDD.TPS:DSD_PRICES@DF_PRICES_ALL(1.0),"Consumer price indices (CPIs, HICPs), COICOP 1999",I,GRC,Greece,A,Annual,N,National,CPI,Consumer price index,PA,Percent per annum,_T,Total,N,Neither seasonally adjusted nor calendar adjusted,GY,"Growth rate, over 1 year",1996,,8.194549,,A,Normal value,,,,,,,2,Two
DATAFLOW,OECD.SDD.TPS:DSD_PRICES@DF_PRICES_ALL(1.0),"Consumer price indices (CPIs, HICPs), COICOP 1999",I,GRC,Greece,A,Annual,N,National,CPI,Consumer price index,PA,Percent per annum,_T,Total,N,Neither seasonally adjusted nor calendar adjusted,GY,"Growth rate, over 1 year",1997,,5.536003,,A,Normal value,,,,,,,2,Two
DATAFLOW,OECD.SDD.TPS:DSD_PRICES@DF_PRICES_ALL(1.0),"Consumer price indices (CPIs, HICPs), COICOP 1999",I,GRC,Greece,A,Annual,N,National,CPI,Consumer price index,PA,Percent per annum,_T,Total,N,Neither seasonally adjusted nor calendar adjusted,GY,"Growth rate, over 1 year",1998,,4.766226,,A,Normal value,,,,,,,2,Two
DATAFLOW,OECD.SDD.TPS:DSD_PRICES@DF_PRICES_ALL(1.0),"Consumer price indices (CPIs, HICPs), COICOP 1999",I,GRC,Greece,A,Annual,N,National,CPI,Consumer price index,PA,Percent per annum,_T,Total,N,Neither seasonally adjusted nor calendar adjusted,GY,"Growth rate, over 1 year",1999,,2.636638,,A,Normal value,,,,,,,2,Two
DATAFLOW,OECD.SDD.TPS:DSD_PRICES@DF_PRICES_ALL(1.0),"Consumer price indices (CPIs, HICPs), COICOP 1999",I,GRC,Greece,A,Annual,N,National,CPI,Consumer price index,PA,Percent per annum,_T,Total,N,Neither seasonally adjusted nor calendar adjusted,GY,"Growth rate, over 1 year",2000,,3.151177,,A,Normal value,,,,,,,2,Two
DATAFLOW,OECD.SDD.TPS:DSD_PRICES@DF_PRICES_ALL(1.0),"Consumer price indices (CPIs, HICPs), COICOP 1999",I,GRC,Greece,A,Annual,N,National,CPI,Consumer price index,PA,Percent per annum,_T,Total,N,Neither seasonally adjusted nor calendar adjusted,GY,"Growth rate, over 1 year",2001,,3.373966,,A,Normal value,,,,,,,2,Two
DATAFLOW,OECD.SDD.TPS:DSD_PRICES@DF_PRICES_ALL(1.0),"Consumer price indices (CPIs, HICPs), COICOP 1999",I,GRC,Greece,A,Annual,N,National,CPI,Consumer price index,PA,Percent per annum,_T,Total,N,Neither seasonally adjusted nor calendar adjusted,GY,"Growth rate, over 1 year",2002,,3.629363,,A,Normal value,,,,,,,2,Two
DATAFLOW,OECD.SDD.TPS:DSD_PRICES@DF_PRICES_ALL(1.0),"Consumer price indices (CPIs, HICPs), COICOP 1999",I,GRC,Greece,A,Annual,N,National,CPI,Consumer price index,PA,Percent per annum,_T,Total,N,Neither seasonally adjusted nor calendar adjusted,GY,"Growth rate, over 1 year",2003,,3.530651,,A,Normal value,,,,,,,2,Two
DATAFLOW,OECD.SDD.TPS:DSD_PRICES@DF_PRICES_ALL(1.0),"Consumer price indices (CPIs, HICPs), COICOP 1999",I,GRC,Greece,A,Annual,N,National,CPI,Consumer price index,PA,Percent per annum,_T,Total,N,Neither seasonally adjusted nor calendar adjusted,GY,"Growth rate, over 1 year",2004,,2.898848,,A,Normal value,,,,,,,2,Two
DATAFLOW,OECD.SDD.TPS:DSD_PRICES@DF_PRICES_ALL(1.0),"Consumer price indices (CPIs, HICPs), COICOP 1999",I,GRC,Greece,A,Annual,N,National,CPI,Consumer price index,PA,Percent per annum,_T,Total,N,Neither seasonally adjusted nor calendar adjusted,GY,"Growth rate, over 1 year",2005,,3.545073,,A,Normal value,,,,,,,2,Two
DATAFLOW,OECD.SDD.TPS:DSD_PRICES@DF_PRICES_ALL(1.0),"Consumer price indices (CPIs, HICPs), COICOP 1999",I,GRC,Greece,A,Annual,N,National,CPI,Consumer price index,PA,Percent per annum,_T,Total,N,Neither seasonally adjusted nor calendar adjusted,GY,"Growth rate, over 1 year",2006,,3.195946,,A,Normal value,,,,,,,2,Two
DATAFLOW,OECD.SDD.TPS:DSD_PRICES@DF_PRICES_ALL(1.0),"Consumer price indices (CPIs, HICPs), COICOP 1999",I,GRC,Greece,A,Annual,N,National,CPI,Consumer price index,PA,Percent per annum,_T,Total,N,Neither seasonally adjusted nor calendar adjusted,GY,"Growth rate, over 1 year",2007,,2.895001,,A,Normal value,,,,,,,2,Two
DATAFLOW,OECD.SDD.TPS:DSD_PRICES@DF_PRICES_ALL(1.0),"Consumer price indices (CPIs, HICPs), COICOP 1999",I,GRC,Greece,A,Annual,N,National,CPI,Consumer price index,PA,Percent per annum,_T,Total,N,Neither seasonally adjusted nor calendar adjusted,GY,"Growth rate, over 1 year",2008,,4.152796,,A,Normal value,,,,,,,2,Two
DATAFLOW,OECD.SDD.TPS:DSD_PRICES@DF_PRICES_ALL(1.0),"Consumer price indices (CPIs, HICPs), COICOP 1999",I,GRC,Greece,A,Annual,N,National,CPI,Consumer price index,PA,Percent per annum,_T,Total,N,Neither seasonally adjusted nor calendar adjusted,GY,"Growth rate, over 1 year",2009,,1.210074,,A,Normal value,,,,,,,2,Two
DATAFLOW,OECD.SDD.TPS:DSD_PRICES@DF_PRICES_ALL(1.0),"Consumer price indices (CPIs, HICPs), COICOP 1999",I,GRC,Greece,A,Annual,N,National,CPI,Consumer price index,PA,Percent per annum,_T,Total,N,Neither seasonally adjusted nor calendar adjusted,GY,"Growth rate, over 1 year",2010,,4.712982,,A,Normal value,,,,,,,2,Two
DATAFLOW,OECD.SDD.TPS:DSD_PRICES@DF_PRICES_ALL(1.0),"Consumer price indices (CPIs, HICPs), COICOP 1999",I,GRC,Greece,A,Annual,N,National,CPI,Consumer price index,PA,Percent per annum,_T,Total,N,Neither seasonally adjusted nor calendar adjusted,GY,"Growth rate, over 1 year",2011,,3.32987,,A,Normal value,,,,,,,2,Two
DATAFLOW,OECD.SDD.TPS:DSD_PRICES@DF_PRICES_ALL(1.0),"Consumer price indices (CPIs, HICPs), COICOP 1999",I,GRC,Greece,A,Annual,N,National,CPI,Consumer price index,PA,Percent per annum,_T,Total,N,Neither seasonally adjusted nor calendar adjusted,GY,"Growth rate, over 1 year",2012,,1.50152,,A,Normal value,,,,,,,2,Two
DATAFLOW,OECD.SDD.TPS:DSD_PRICES@DF_PRICES_ALL(1.0),"Consumer price indices (CPIs, HICPs), COICOP 1999",I,GRC,Greece,A,Annual,N,National,CPI,Consumer price index,PA,Percent per annum,_T,Total,N,Neither seasonally adjusted nor calendar adjusted,GY,"Growth rate, over 1 year",2013,,-0.9212719,,A,Normal value,,,,,,,2,Two
DATAFLOW,OECD.SDD.TPS:DSD_PRICES@DF_PRICES_ALL(1.0),"Consumer price indices (CPIs, HICPs), COICOP 1999",I,GRC,Greece,A,Annual,N,National,CPI,Consumer price index,PA,Percent per annum,_T,Total,N,Neither seasonally adjusted nor calendar adjusted,GY,"Growth rate, over 1 year",2014,,-1.312242,,A,Normal value,,,,,,,2,Two
DATAFLOW,OECD.SDD.TPS:DSD_PRICES@DF_PRICES_ALL(1.0),"Consumer price indices (CPIs, HICPs), COICOP 1999",I,GRC,Greece,A,Annual,N,National,CPI,Consumer price index,PA,Percent per annum,_T,Total,N,Neither seasonally adjusted nor calendar adjusted,GY,"Growth rate, over 1 year",2015,,-1.735902,,A,Normal value,,,,,,,2,Two
DATAFLOW,OECD.SDD.TPS:DSD_PRICES@DF_PRICES_ALL(1.0),"Consumer price indices (CPIs, HICPs), COICOP 1999",I,GRC,Greece,A,Annual,N,National,CPI,Consumer price index,PA,Percent per annum,_T,Total,N,Neither seasonally adjusted nor calendar adjusted,GY,"Growth rate, over 1 year",2016,,-0.8256576,,A,Normal value,,,,,,,2,Two
DATAFLOW,OECD.SDD.TPS:DSD_PRICES@DF_PRICES_ALL(1.0),"Consumer price indices (CPIs, HICPs), COICOP 1999",I,GRC,Greece,A,Annual,N,National,CPI,Consumer price index,PA,Percent per annum,_T,Total,N,Neither seasonally adjusted nor calendar adjusted,GY,"Growth rate, over 1 year",2017,,1.121259,,A,Normal value,,,,,,,2,Two
DATAFLOW,OECD.SDD.TPS:DSD_PRICES@DF_PRICES_ALL(1.0),"Consumer price indices (CPIs, HICPs), COICOP 1999",I,GRC,Greece,A,Annual,N,National,CPI,Consumer price index,PA,Percent per annum,_T,Total,N,Neither seasonally adjusted nor calendar adjusted,GY,"Growth rate, over 1 year",2018,,0.6256205,,A,Normal value,,,,,,,2,Two
DATAFLOW,OECD.SDD.TPS:DSD_PRICES@DF_PRICES_ALL(1.0),"Consumer price indices (CPIs, HICPs), COICOP 1999",I,GRC,Greece,A,Annual,N,National,CPI,Consumer price index,PA,Percent per annum,_T,Total,N,Neither seasonally adjusted nor calendar adjusted,GY,"Growth rate, over 1 year",2019,,0.2529927,,A,Normal value,,,,,,,2,Two
DATAFLOW,OECD.SDD.TPS:DSD_PRICES@DF_PRICES_ALL(1.0),"Consumer price indices (CPIs, HICPs), COICOP 1999",I,GRC,Greece,A,Annual,N,National,CPI,Consumer price index,PA,Percent per annum,_T,Total,N,Neither seasonally adjusted nor calendar adjusted,GY,"Growth rate, over 1 year",2020,,-1.247972,,A,Normal value,,,,,,,2,Two
DATAFLOW,OECD.SDD.TPS:DSD_PRICES@DF_PRICES_ALL(1.0),"Consumer price indices (CPIs, HICPs), COICOP 1999",I,GRC,Greece,A,Annual,N,National,CPI,Consumer price index,PA,Percent per annum,_T,Total,N,Neither seasonally adjusted nor calendar adjusted,GY,"Growth rate, over 1 year",2021,,1.223826,,A,Normal value,,,,,,,2,Two
DATAFLOW,OECD.SDD.TPS:DSD_PRICES@DF_PRICES_ALL(1.0),"Consumer price indices (CPIs, HICPs), COICOP 1999",I,GRC,Greece,A,Annual,N,National,CPI,Consumer price index,PA,Percent per annum,_T,Total,N,Neither seasonally adjusted nor calendar adjusted,GY,"Growth rate, over 1 year",2022,,9.645261,,A,Normal value,,,,,,,2,Two
DATAFLOW,OECD.SDD.TPS:DSD_PRICES@DF_PRICES_ALL(1.0),"Consumer price indices (CPIs, HICPs), COICOP 1999",I,GRC,Greece,A,Annual,N,National,CPI,Consumer price index,PA,Percent per annum,_T,Total,N,Neither seasonally adjusted nor calendar adjusted,GY,"Growth rate, over 1 year",2023,,3.464802,,A,Normal value,,,,,,,2,Two
DATAFLOW,OECD.SDD.TPS:DSD_PRICES@DF_PRICES_ALL(1.0),"Consumer price indices (CPIs, HICPs), COICOP 1999",I,GRC,Greece,A,Annual,N,National,CPI,Consumer price index,PA,Percent per annum,_T,Total,N,Neither seasonally adjusted nor calendar adjusted,GY,"Growth rate, over 1 year",2024,,2.741496,,A,Normal value,,,,,,,2,Two
DATAFLOW,OECD.SDD.TPS:DSD_PRICES@DF_PRICES_ALL(1.0),"Consumer price indices (CPIs, HICPs), COICOP 1999",I,GRC,Greece,A,Annual,N,National,CPI,Consumer price index,PA,Percent per annum,_T,Total,N,Neither seasonally adjusted nor calendar adjusted,GY,"Growth rate, over 1 year",2025,,2.481621,,A,Normal value,,,,,,,2,Two
DATAFLOW,OECD.SDD.TPS:DSD_PRICES@DF_PRICES_ALL(1.0),"Consumer price indices (CPIs, HICPs), COICOP 1999",I,DEU,Germany,A,Annual,N,National,CPI,Consumer price index,PA,Percent per annum,_T,Total,N,Neither seasonally adjusted nor calendar adjusted,GY,"Growth rate, over 1 year",1988,,1.274121,,A,Normal value,,,,,,,2,Two
DATAFLOW,OECD.SDD.TPS:DSD_PRICES@DF_PRICES_ALL(1.0),"Consumer price indices (CPIs, HICPs), COICOP 1999",I,DEU,Germany,A,Annual,N,National,CPI,Consumer price index,PA,Percent per annum,_T,Total,N,Neither seasonally adjusted nor calendar adjusted,GY,"Growth rate, over 1 year",1989,,2.780563,,A,Normal value,,,,,,,2,Two
DATAFLOW,OECD.SDD.TPS:DSD_PRICES@DF_PRICES_ALL(1.0),"Consumer price indices (CPIs, HICPs), COICOP 1999",I,DEU,Germany,A,Annual,N,National,CPI,Consumer price index,PA,Percent per annum,_T,Total,N,Neither seasonally adjusted nor calendar adjusted,GY,"Growth rate, over 1 year",1990,,2.69647,,A,Normal value,,,,,,,2,Two
DATAFLOW,OECD.SDD.TPS:DSD_PRICES@DF_PRICES_ALL(1.0),"Consumer price indices (CPIs, HICPs), COICOP 1999",I,DEU,Germany,A,Annual,N,National,CPI,Consumer price index,PA,Percent per annum,_T,Total,N,Neither seasonally adjusted nor calendar adjusted,GY,"Growth rate, over 1 year",1991,,4.047034,,A,Normal value,,,,,,,2,Two
DATAFLOW,OECD.SDD.TPS:DSD_PRICES@DF_PRICES_ALL(1.0),"Consumer price indices (CPIs, HICPs), COICOP 1999",I,DEU,Germany,A,Annual,N,National,CPI,Consumer price index,PA,Percent per annum,_T,Total,N,Neither seasonally adjusted nor calendar adjusted,GY,"Growth rate, over 1 year",1992,,5.05698,,A,Normal value,,,,,,,2,Two
DATAFLOW,OECD.SDD.TPS:DSD_PRICES@DF_PRICES_ALL(1.0),"Consumer price indices (CPIs, HICPs), COICOP 1999",I,DEU,Germany,A,Annual,N,National,CPI,Consumer price index,PA,Percent per annum,_T,Total,N,Neither seasonally adjusted nor calendar adjusted,GY,"Growth rate, over 1 year",1993,,4.474576,,A,Normal value,,,,,,,2,Two
DATAFLOW,OECD.SDD.TPS:DSD_PRICES@DF_PRICES_ALL(1.0),"Consumer price indices (CPIs, HICPs), COICOP 1999",I,DEU,Germany,A,Annual,N,National,CPI,Consumer price index,PA,Percent per annum,_T,Total,N,Neither seasonally adjusted nor calendar adjusted,GY,"Growth rate, over 1 year",1994,,2.693056,,A,Normal value,,,,,,,2,Two
DATAFLOW,OECD.SDD.TPS:DSD_PRICES@DF_PRICES_ALL(1.0),"Consumer price indices (CPIs, HICPs), COICOP 1999",I,DEU,Germany,A,Annual,N,National,CPI,Consumer price index,PA,Percent per annum,_T,Total,N,Neither seasonally adjusted nor calendar adjusted,GY,"Growth rate, over 1 year",1995,,1.706161,,A,Normal value,,,,,,,2,Two
DATAFLOW,OECD.SDD.TPS:DSD_PRICES@DF_PRICES_ALL(1.0),"Consumer price indices (CPIs, HICPs), COICOP 1999",I,DEU,Germany,A,Annual,N,National,CPI,Consumer price index,PA,Percent per annum,_T,Total,N,Neither seasonally adjusted nor calendar adjusted,GY,"Growth rate, over 1 year",1996,,1.449726,,A,Normal value,,,,,,,2,Two
DATAFLOW,OECD.SDD.TPS:DSD_PRICES@DF_PRICES_ALL(1.0),"Consumer price indices (CPIs, HICPs), COICOP 1999",I,DEU,Germany,A,Annual,N,National,CPI,Consumer price index,PA,Percent per annum,_T,Total,N,Neither seasonally adjusted nor calendar adjusted,GY,"Growth rate, over 1 year",1997,,1.939369,,A,Normal value,,,,,,,2,Two
DATAFLOW,OECD.SDD.TPS:DSD_PRICES@DF_PRICES_ALL(1.0),"Consumer price indices (CPIs, HICPs), COICOP 1999",I,DEU,Germany,A,Annual,N,National,CPI,Consumer price index,PA,Percent per annum,_T,Total,N,Neither seasonally adjusted nor calendar adjusted,GY,"Growth rate, over 1 year",1998,,0.9111845,,A,Normal value,,,,,,,2,Two
DATAFLOW,OECD.SDD.TPS:DSD_PRICES@DF_PRICES_ALL(1.0),"Consumer price indices (CPIs, HICPs), COICOP 1999",I,DEU,Germany,A,Annual,N,National,CPI,Consumer price index,PA,Percent per annum,_T,Total,N,Neither seasonally adjusted nor calendar adjusted,GY,"Growth rate, over 1 year",1999,,0.5854336,,A,Normal value,,,,,,,2,Two
DATAFLOW,OECD.SDD.TPS:DSD_PRICES@DF_PRICES_ALL(1.0),"Consumer price indices (CPIs, HICPs), COICOP 1999",I,DEU,Germany,A,Annual,N,National,CPI,Consumer price index,PA,Percent per annum,_T,Total,N,Neither seasonally adjusted nor calendar adjusted,GY,"Growth rate, over 1 year",2000,,1.440268,,A,Normal value,,,,,,,2,Two
DATAFLOW,OECD.SDD.TPS:DSD_PRICES@DF_PRICES_ALL(1.0),"Consumer price indices (CPIs, HICPs), COICOP 1999",I,DEU,Germany,A,Annual,N,National,CPI,Consumer price index,PA,Percent per annum,_T,Total,N,Neither seasonally adjusted nor calendar adjusted,GY,"Growth rate, over 1 year",2001,,1.983857,,A,Normal value,,,,,,,2,Two
DATAFLOW,OECD.SDD.TPS:DSD_PRICES@DF_PRICES_ALL(1.0),"Consumer price indices (CPIs, HICPs), COICOP 1999",I,DEU,Germany,A,Annual,N,National,CPI,Consumer price index,PA,Percent per annum,_T,Total,N,Neither seasonally adjusted nor calendar adjusted,GY,"Growth rate, over 1 year",2002,,1.420807,,A,Normal value,,,,,,,2,Two
DATAFLOW,OECD.SDD.TPS:DSD_PRICES@DF_PRICES_ALL(1.0),"Consumer price indices (CPIs, HICPs), COICOP 1999",I,DEU,Germany,A,Annual,N,National,CPI,Consumer price index,PA,Percent per annum,_T,Total,N,Neither seasonally adjusted nor calendar adjusted,GY,"Growth rate, over 1 year",2003,,1.034223,,A,Normal value,,,,,,,2,Two
DATAFLOW,OECD.SDD.TPS:DSD_PRICES@DF_PRICES_ALL(1.0),"Consumer price indices (CPIs, HICPs), COICOP 1999",I,DEU,Germany,A,Annual,N,National,CPI,Consumer price index,PA,Percent per annum,_T,Total,N,Neither seasonally adjusted nor calendar adjusted,GY,"Growth rate, over 1 year",2004,,1.665736,,A,Normal value,,,,,,,2,Two
DATAFLOW,OECD.SDD.TPS:DSD_PRICES@DF_PRICES_ALL(1.0),"Consumer price indices (CPIs, HICPs), COICOP 1999",I,DEU,Germany,A,Annual,N,National,CPI,Consumer price index,PA,Percent per annum,_T,Total,N,Neither seasonally adjusted nor calendar adjusted,GY,"Growth rate, over 1 year",2005,,1.546911,,A,Normal value,,,,,,,2,Two
DATAFLOW,OECD.SDD.TPS:DSD_PRICES@DF_PRICES_ALL(1.0),"Consumer price indices (CPIs, HICPs), COICOP 1999",I,DEU,Germany,A,Annual,N,National,CPI,Consumer price index,PA,Percent per annum,_T,Total,N,Neither seasonally adjusted nor calendar adjusted,GY,"Growth rate, over 1 year",2006,,1.577429,,A,Normal value,,,,,,,2,Two
DATAFLOW,OECD.SDD.TPS:DSD_PRICES@DF_PRICES_ALL(1.0),"Consumer price indices (CPIs, HICPs), COICOP 1999",I,DEU,Germany,A,Annual,N,National,CPI,Consumer price index,PA,Percent per annum,_T,Total,N,Neither seasonally adjusted nor calendar adjusted,GY,"Growth rate, over 1 year",2007,,2.298341,,A,Normal value,,,,,,,2,Two
DATAFLOW,OECD.SDD.TPS:DSD_PRICES@DF_PRICES_ALL(1.0),"Consumer price indices (CPIs, HICPs), COICOP 1999",I,DEU,Germany,A,Annual,N,National,CPI,Consumer price index,PA,Percent per annum,_T,Total,N,Neither seasonally adjusted nor calendar adjusted,GY,"Growth rate, over 1 year",2008,,2.628383,,A,Normal value,,,,,,,2,Two
DATAFLOW,OECD.SDD.TPS:DSD_PRICES@DF_PRICES_ALL(1.0),"Consumer price indices (CPIs, HICPs), COICOP 1999",I,DEU,Germany,A,Annual,N,National,CPI,Consumer price index,PA,Percent per annum,_T,Total,N,Neither seasonally adjusted nor calendar adjusted,GY,"Growth rate, over 1 year",2009,,0.3127377,,A,Normal value,,,,,,,2,Two
DATAFLOW,OECD.SDD.TPS:DSD_PRICES@DF_PRICES_ALL(1.0),"Consumer price indices (CPIs, HICPs), COICOP 1999",I,DEU,Germany,A,Annual,N,National,CPI,Consumer price index,PA,Percent per annum,_T,Total,N,Neither seasonally adjusted nor calendar adjusted,GY,"Growth rate, over 1 year",2010,,1.103809,,A,Normal value,,,,,,,2,Two
DATAFLOW,OECD.SDD.TPS:DSD_PRICES@DF_PRICES_ALL(1.0),"Consumer price indices (CPIs, HICPs), COICOP 1999",I,DEU,Germany,A,Annual,N,National,CPI,Consumer price index,PA,Percent per annum,_T,Total,N,Neither seasonally adjusted nor calendar adjusted,GY,"Growth rate, over 1 year",2011,,2.075173,,A,Normal value,,,,,,,2,Two
DATAFLOW,OECD.SDD.TPS:DSD_PRICES@DF_PRICES_ALL(1.0),"Consumer price indices (CPIs, HICPs), COICOP 1999",I,DEU,Germany,A,Annual,N,National,CPI,Consumer price index,PA,Percent per annum,_T,Total,N,Neither seasonally adjusted nor calendar adjusted,GY,"Growth rate, over 1 year",2012,,2.008491,,A,Normal value,,,,,,,2,Two
DATAFLOW,OECD.SDD.TPS:DSD_PRICES@DF_PRICES_ALL(1.0),"Consumer price indices (CPIs, HICPs), COICOP 1999",I,DEU,Germany,A,Annual,N,National,CPI,Consumer price index,PA,Percent per annum,_T,Total,N,Neither seasonally adjusted nor calendar adjusted,GY,"Growth rate, over 1 year",2013,,1.504722,,A,Normal value,,,,,,,2,Two
DATAFLOW,OECD.SDD.TPS:DSD_PRICES@DF_PRICES_ALL(1.0),"Consumer price indices (CPIs, HICPs), COICOP 1999",I,DEU,Germany,A,Annual,N,National,CPI,Consumer price index,PA,Percent per annum,_T,Total,N,Neither seasonally adjusted nor calendar adjusted,GY,"Growth rate, over 1 year",2014,,0.9067971,,A,Normal value,,,,,,,2,Two
DATAFLOW,OECD.SDD.TPS:DSD_PRICES@DF_PRICES_ALL(1.0),"Consumer price indices (CPIs, HICPs), COICOP 1999",I,DEU,Germany,A,Annual,N,National,CPI,Consumer price index,PA,Percent per annum,_T,Total,N,Neither seasonally adjusted nor calendar adjusted,GY,"Growth rate, over 1 year",2015,,0.514421,,A,Normal value,,,,,,,2,Two
DATAFLOW,OECD.SDD.TPS:DSD_PRICES@DF_PRICES_ALL(1.0),"Consumer price indices (CPIs, HICPs), COICOP 1999",I,DEU,Germany,A,Annual,N,National,CPI,Consumer price index,PA,Percent per annum,_T,Total,N,Neither seasonally adjusted nor calendar adjusted,GY,"Growth rate, over 1 year",2016,,0.4917486,,A,Normal value,,,,,,,2,Two
DATAFLOW,OECD.SDD.TPS:DSD_PRICES@DF_PRICES_ALL(1.0),"Consumer price indices (CPIs, HICPs), COICOP 1999",I,DEU,Germany,A,Annual,N,National,CPI,Consumer price index,PA,Percent per annum,_T,Total,N,Neither seasonally adjusted nor calendar adjusted,GY,"Growth rate, over 1 year",2017,,1.509497,,A,Normal value,,,,,,,2,Two
DATAFLOW,OECD.SDD.TPS:DSD_PRICES@DF_PRICES_ALL(1.0),"Consumer price indices (CPIs, HICPs), COICOP 1999",I,DEU,Germany,A,Annual,N,National,CPI,Consumer price index,PA,Percent per annum,_T,Total,N,Neither seasonally adjusted nor calendar adjusted,GY,"Growth rate, over 1 year",2018,,1.732168,,A,Normal value,,,,,,,2,Two
DATAFLOW,OECD.SDD.TPS:DSD_PRICES@DF_PRICES_ALL(1.0),"Consumer price indices (CPIs, HICPs), COICOP 1999",I,DEU,Germany,A,Annual,N,National,CPI,Consumer price index,PA,Percent per annum,_T,Total,N,Neither seasonally adjusted nor calendar adjusted,GY,"Growth rate, over 1 year",2019,,1.445667,,A,Normal value,,,,,,,2,Two
DATAFLOW,OECD.SDD.TPS:DSD_PRICES@DF_PRICES_ALL(1.0),"Consumer price indices (CPIs, HICPs), COICOP 1999",I,DEU,Germany,A,Annual,N,National,CPI,Consumer price index,PA,Percent per annum,_T,Total,N,Neither seasonally adjusted nor calendar adjusted,GY,"Growth rate, over 1 year",2020,,0.1448705,,A,Normal value,,,,,,,2,Two
DATAFLOW,OECD.SDD.TPS:DSD_PRICES@DF_PRICES_ALL(1.0),"Consumer price indices (CPIs, HICPs), COICOP 1999",I,DEU,Germany,A,Annual,N,National,CPI,Consumer price index,PA,Percent per annum,_T,Total,N,Neither seasonally adjusted nor calendar adjusted,GY,"Growth rate, over 1 year",2021,,3.066667,,A,Normal value,,,,,,,2,Two
DATAFLOW,OECD.SDD.TPS:DSD_PRICES@DF_PRICES_ALL(1.0),"Consumer price indices (CPIs, HICPs), COICOP 1999",I,DEU,Germany,A,Annual,N,National,CPI,Consumer price index,PA,Percent per annum,_T,Total,N,Neither seasonally adjusted nor calendar adjusted,GY,"Growth rate, over 1 year",2022,,6.872574,,A,Normal value,,,,,,,2,Two
DATAFLOW,OECD.SDD.TPS:DSD_PRICES@DF_PRICES_ALL(1.0),"Consumer price indices (CPIs, HICPs), COICOP 1999",I,DEU,Germany,A,Annual,N,National,CPI,Consumer price index,PA,Percent per annum,_T,Total,N,Neither seasonally adjusted nor calendar adjusted,GY,"Growth rate, over 1 year",2023,,5.946437,,A,Normal value,,,,,,,2,Two
DATAFLOW,OECD.SDD.TPS:DSD_PRICES@DF_PRICES_ALL(1.0),"Consumer price indices (CPIs, HICPs), COICOP 1999",I,DEU,Germany,A,Annual,N,National,CPI,Consumer price index,PA,Percent per annum,_T,Total,N,Neither seasonally adjusted nor calendar adjusted,GY,"Growth rate, over 1 year",2024,,2.256498,,A,Normal value,,,,,,,2,Two
DATAFLOW,OECD.SDD.TPS:DSD_PRICES@DF_PRICES_ALL(1.0),"Consumer price indices (CPIs, HICPs), COICOP 1999",I,DEU,Germany,A,Annual,N,National,CPI,Consumer price index,PA,Percent per annum,_T,Total,N,Neither seasonally adjusted nor calendar adjusted,GY,"Growth rate, over 1 year",2025,,2.171788,,A,Normal value,,,,,,,2,Two
DATAFLOW,OECD.SDD.TPS:DSD_PRICES@DF_PRICES_ALL(1.0),"Consumer price indices (CPIs, HICPs), COICOP 1999",I,FRA,France,A,Annual,N,National,CPI,Consumer price index,PA,Percent per annum,_T,Total,N,Neither seasonally adjusted nor calendar adjusted,GY,"Growth rate, over 1 year",1988,,2.700817,,A,Normal value,,,,,,,2,Two
DATAFLOW,OECD.SDD.TPS:DSD_PRICES@DF_PRICES_ALL(1.0),"Consumer price indices (CPIs, HICPs), COICOP 1999",I,FRA,France,A,Annual,N,National,CPI,Consumer price index,PA,Percent per annum,_T,Total,N,Neither seasonally adjusted nor calendar adjusted,GY,"Growth rate, over 1 year",1989,,3.498302,,A,Normal value,,,,,,,2,Two
DATAFLOW,OECD.SDD.TPS:DSD_PRICES@DF_PRICES_ALL(1.0),"Consumer price indices (CPIs, HICPs), COICOP 1999",I,FRA,France,A,Annual,N,National,CPI,Consumer price index,PA,Percent per annum,_T,Total,N,Neither seasonally adjusted nor calendar adjusted,GY,"Growth rate, over 1 year",1990,,3.194282,,A,Normal value,,,,,,,2,Two
DATAFLOW,OECD.SDD.TPS:DSD_PRICES@DF_PRICES_ALL(1.0),"Consumer price indices (CPIs, HICPs), COICOP 1999",I,FRA,France,A,Annual,N,National,CPI,Consumer price index,PA,Percent per annum,_T,Total,N,Neither seasonally adjusted nor calendar adjusted,GY,"Growth rate, over 1 year",1991,,3.213407,,A,Normal value,,,,,,,2,Two
DATAFLOW,OECD.SDD.TPS:DSD_PRICES@DF_PRICES_ALL(1.0),"Consumer price indices (CPIs, HICPs), COICOP 1999",I,FRA,France,A,Annual,N,National,CPI,Consumer price index,PA,Percent per annum,_T,Total,N,Neither seasonally adjusted nor calendar adjusted,GY,"Growth rate, over 1 year",1992,,2.36376,,A,Normal value,,,,,,,2,Two
DATAFLOW,OECD.SDD.TPS:DSD_PRICES@DF_PRICES_ALL(1.0),"Consumer price indices (CPIs, HICPs), COICOP 1999",I,FRA,France,A,Annual,N,National,CPI,Consumer price index,PA,Percent per annum,_T,Total,N,Neither seasonally adjusted nor calendar adjusted,GY,"Growth rate, over 1 year",1993,,2.104463,,A,Normal value,,,,,,,2,Two
DATAFLOW,OECD.SDD.TPS:DSD_PRICES@DF_PRICES_ALL(1.0),"Consumer price indices (CPIs, HICPs), COICOP 1999",I,FRA,France,A,Annual,N,National,CPI,Consumer price index,PA,Percent per annum,_T,Total,N,Neither seasonally adjusted nor calendar adjusted,GY,"Growth rate, over 1 year",1994,,1.655515,,A,Normal value,,,,,,,2,Two
DATAFLOW,OECD.SDD.TPS:DSD_PRICES@DF_PRICES_ALL(1.0),"Consumer price indices (CPIs, HICPs), COICOP 1999",I,FRA,France,A,Annual,N,National,CPI,Consumer price index,PA,Percent per annum,_T,Total,N,Neither seasonally adjusted nor calendar adjusted,GY,"Growth rate, over 1 year",1995,,1.796481,,A,Normal value,,,,,,,2,Two
DATAFLOW,OECD.SDD.TPS:DSD_PRICES@DF_PRICES_ALL(1.0),"Consumer price indices (CPIs, HICPs), COICOP 1999",I,FRA,France,A,Annual,N,National,CPI,Consumer price index,PA,Percent per annum,_T,Total,N,Neither seasonally adjusted nor calendar adjusted,GY,"Growth rate, over 1 year",1996,,1.982884,,A,Normal value,,,,,,,2,Two
DATAFLOW,OECD.SDD.TPS:DSD_PRICES@DF_PRICES_ALL(1.0),"Consumer price indices (CPIs, HICPs), COICOP 1999",I,FRA,France,A,Annual,N,National,CPI,Consumer price index,PA,Percent per annum,_T,Total,N,Neither seasonally adjusted nor calendar adjusted,GY,"Growth rate, over 1 year",1997,,1.203943,,A,Normal value,,,,,,,2,Two
DATAFLOW,OECD.SDD.TPS:DSD_PRICES@DF_PRICES_ALL(1.0),"Consumer price indices (CPIs, HICPs), COICOP 1999",I,FRA,France,A,Annual,N,National,CPI,Consumer price index,PA,Percent per annum,_T,Total,N,Neither seasonally adjusted nor calendar adjusted,GY,"Growth rate, over 1 year",1998,,0.6511269,,A,Normal value,,,,,,,2,Two
DATAFLOW,OECD.SDD.TPS:DSD_PRICES@DF_PRICES_ALL(1.0),"Consumer price indices (CPIs, HICPs), COICOP 1999",I,FRA,France,A,Annual,N,National,CPI,Consumer price index,PA,Percent per annum,_T,Total,N,Neither seasonally adjusted nor calendar adjusted,GY,"Growth rate, over 1 year",1999,,0.5371416,,A,Normal value,,,,,,,2,Two
DATAFLOW,OECD.SDD.TPS:DSD_PRICES@DF_PRICES_ALL(1.0),"Consumer price indices (CPIs, HICPs), COICOP 1999",I,FRA,France,A,Annual,N,National,CPI,Consumer price index,PA,Percent per annum,_T,Total,N,Neither seasonally adjusted nor calendar adjusted,GY,"Growth rate, over 1 year",2000,,1.67596,,A,Normal value,,,,,,,2,Two
DATAFLOW,OECD.SDD.TPS:DSD_PRICES@DF_PRICES_ALL(1.0),"Consumer price indices (CPIs, HICPs), COICOP 1999",I,FRA,France,A,Annual,N,National,CPI,Consumer price index,PA,Percent per annum,_T,Total,N,Neither seasonally adjusted nor calendar adjusted,GY,"Growth rate, over 1 year",2001,,1.634781,,A,Normal value,,,,,,,2,Two
DATAFLOW,OECD.SDD.TPS:DSD_PRICES@DF_PRICES_ALL(1.0),"Consumer price indices (CPIs, HICPs), COICOP 1999",I,FRA,France,A,Annual,N,National,CPI,Consumer price index,PA,Percent per annum,_T,Total,N,Neither seasonally adjusted nor calendar adjusted,GY,"Growth rate, over 1 year",2002,,1.923412,,A,Normal value,,,,,,,2,Two
DATAFLOW,OECD.SDD.TPS:DSD_PRICES@DF_PRICES_ALL(1.0),"Consumer price indices (CPIs, HICPs), COICOP 1999",I,FRA,France,A,Annual,N,National,CPI,Consumer price index,PA,Percent per annum,_T,Total,N,Neither seasonally adjusted nor calendar adjusted,GY,"Growth rate, over 1 year",2003,,2.098472,,A,Normal value,,,,,,,2,Two
DATAFLOW,OECD.SDD.TPS:DSD_PRICES@DF_PRICES_ALL(1.0),"Consumer price indices (CPIs, HICPs), COICOP 1999",I,FRA,France,A,Annual,N,National,CPI,Consumer price index,PA,Percent per annum,_T,Total,N,Neither seasonally adjusted nor calendar adjusted,GY,"Growth rate, over 1 year",2004,,2.14209,,A,Normal value,,,,,,,2,Two
DATAFLOW,OECD.SDD.TPS:DSD_PRICES@DF_PRICES_ALL(1.0),"Consumer price indices (CPIs, HICPs), COICOP 1999",I,FRA,France,A,Annual,N,National,CPI,Consumer price index,PA,Percent per annum,_T,Total,N,Neither seasonally adjusted nor calendar adjusted,GY,"Growth rate, over 1 year",2005,,1.745869,,A,Normal value,,,,,,,2,Two
DATAFLOW,OECD.SDD.TPS:DSD_PRICES@DF_PRICES_ALL(1.0),"Consumer price indices (CPIs, HICPs), COICOP 1999",I,FRA,France,A,Annual,N,National,CPI,Consumer price index,PA,Percent per annum,_T,Total,N,Neither seasonally adjusted nor calendar adjusted,GY,"Growth rate, over 1 year",2006,,1.675125,,A,Normal value,,,,,,,2,Two
DATAFLOW,OECD.SDD.TPS:DSD_PRICES@DF_PRICES_ALL(1.0),"Consumer price indices (CPIs, HICPs), COICOP 1999",I,FRA,France,A,Annual,N,National,CPI,Consumer price index,PA,Percent per annum,_T,Total,N,Neither seasonally adjusted nor calendar adjusted,GY,"Growth rate, over 1 year",2007,,1.487998,,A,Normal value,,,,,,,2,Two
DATAFLOW,OECD.SDD.TPS:DSD_PRICES@DF_PRICES_ALL(1.0),"Consumer price indices (CPIs, HICPs), COICOP 1999",I,FRA,France,A,Annual,N,National,CPI,Consumer price index,PA,Percent per annum,_T,Total,N,Neither seasonally adjusted nor calendar adjusted,GY,"Growth rate, over 1 year",2008,,2.812862,,A,Normal value,,,,,,,2,Two
DATAFLOW,OECD.SDD.TPS:DSD_PRICES@DF_PRICES_ALL(1.0),"Consumer price indices (CPIs, HICPs), COICOP 1999",I,FRA,France,A,Annual,N,National,CPI,Consumer price index,PA,Percent per annum,_T,Total,N,Neither seasonally adjusted nor calendar adjusted,GY,"Growth rate, over 1 year",2009,,0.08762048,,A,Normal value,,,,,,,2,Two
DATAFLOW,OECD.SDD.TPS:DSD_PRICES@DF_PRICES_ALL(1.0),"Consumer price indices (CPIs, HICPs), COICOP 1999",I,FRA,France,A,Annual,N,National,CPI,Consumer price index,PA,Percent per annum,_T,Total,N,Neither seasonally adjusted nor calendar adjusted,GY,"Growth rate, over 1 year",2010,,1.531123,,A,Normal value,,,,,,,2,Two
DATAFLOW,OECD.SDD.TPS:DSD_PRICES@DF_PRICES_ALL(1.0),"Consumer price indices (CPIs, HICPs), COICOP 1999",I,FRA,France,A,Annual,N,National,CPI,Consumer price index,PA,Percent per annum,_T,Total,N,Neither seasonally adjusted nor calendar adjusted,GY,"Growth rate, over 1 year",2011,,2.111598,,A,Normal value,,,,,,,2,Two
DATAFLOW,OECD.SDD.TPS:DSD_PRICES@DF_PRICES_ALL(1.0),"Consumer price indices (CPIs, HICPs), COICOP 1999",I,FRA,France,A,Annual,N,National,CPI,Consumer price index,PA,Percent per annum,_T,Total,N,Neither seasonally adjusted nor calendar adjusted,GY,"Growth rate, over 1 year",2012,,1.954195,,A,Normal value,,,,,,,2,Two
DATAFLOW,OECD.SDD.TPS:DSD_PRICES@DF_PRICES_ALL(1.0),"Consumer price indices (CPIs, HICPs), COICOP 1999",I,FRA,France,A,Annual,N,National,CPI,Consumer price index,PA,Percent per annum,_T,Total,N,Neither seasonally adjusted nor calendar adjusted,GY,"Growth rate, over 1 year",2013,,0.8637155,,A,Normal value,,,,,,,2,Two
DATAFLOW,OECD.SDD.TPS:DSD_PRICES@DF_PRICES_ALL(1.0),"Consumer price indices (CPIs, HICPs), COICOP 1999",I,FRA,France,A,Annual,N,National,CPI,Consumer price index,PA,Percent per annum,_T,Total,N,Neither seasonally adjusted nor calendar adjusted,GY,"Growth rate, over 1 year",2014,,0.5077588,,A,Normal value,,,,,,,2,Two
DATAFLOW,OECD.SDD.TPS:DSD_PRICES@DF_PRICES_ALL(1.0),"Consumer price indices (CPIs, HICPs), COICOP 1999",I,FRA,France,A,Annual,N,National,CPI,Consumer price index,PA,Percent per annum,_T,Total,N,Neither seasonally adjusted nor calendar adjusted,GY,"Growth rate, over 1 year",2015,,0.03751438,,A,Normal value,,,,,,,2,Two
DATAFLOW,OECD.SDD.TPS:DSD_PRICES@DF_PRICES_ALL(1.0),"Consumer price indices (CPIs, HICPs), COICOP 1999",I,FRA,France,A,Annual,N,National,CPI,Consumer price index,PA,Percent per annum,_T,Total,N,Neither seasonally adjusted nor calendar adjusted,GY,"Growth rate, over 1 year",2016,,0.1833349,,A,Normal value,,,,,,,2,Two
DATAFLOW,OECD.SDD.TPS:DSD_PRICES@DF_PRICES_ALL(1.0),"Consumer price indices (CPIs, HICPs), COICOP 1999",I,FRA,France,A,Annual,N,National,CPI,Consumer price index,PA,Percent per annum,_T,Total,N,Neither seasonally adjusted nor calendar adjusted,GY,"Growth rate, over 1 year",2017,,1.032283,,A,Normal value,,,,,,,2,Two
DATAFLOW,OECD.SDD.TPS:DSD_PRICES@DF_PRICES_ALL(1.0),"Consumer price indices (CPIs, HICPs), COICOP 1999",I,FRA,France,A,Annual,N,National,CPI,Consumer price index,PA,Percent per annum,_T,Total,N,Neither seasonally adjusted nor calendar adjusted,GY,"Growth rate, over 1 year",2018,,1.850815,,A,Normal value,,,,,,,2,Two
DATAFLOW,OECD.SDD.TPS:DSD_PRICES@DF_PRICES_ALL(1.0),"Consumer price indices (CPIs, HICPs), COICOP 1999",I,FRA,France,A,Annual,N,National,CPI,Consumer price index,PA,Percent per annum,_T,Total,N,Neither seasonally adjusted nor calendar adjusted,GY,"Growth rate, over 1 year",2019,,1.108255,,A,Normal value,,,,,,,2,Two
DATAFLOW,OECD.SDD.TPS:DSD_PRICES@DF_PRICES_ALL(1.0),"Consumer price indices (CPIs, HICPs), COICOP 1999",I,FRA,France,A,Annual,N,National,CPI,Consumer price index,PA,Percent per annum,_T,Total,N,Neither seasonally adjusted nor calendar adjusted,GY,"Growth rate, over 1 year",2020,,0.4764988,,A,Normal value,,,,,,,2,Two
DATAFLOW,OECD.SDD.TPS:DSD_PRICES@DF_PRICES_ALL(1.0),"Consumer price indices (CPIs, HICPs), COICOP 1999",I,FRA,France,A,Annual,N,National,CPI,Consumer price index,PA,Percent per annum,_T,Total,N,Neither seasonally adjusted nor calendar adjusted,GY,"Growth rate, over 1 year",2021,,1.642331,,A,Normal value,,,,,,,2,Two
DATAFLOW,OECD.SDD.TPS:DSD_PRICES@DF_PRICES_ALL(1.0),"Consumer price indices (CPIs, HICPs), COICOP 1999",I,FRA,France,A,Annual,N,National,CPI,Consumer price index,PA,Percent per annum,_T,Total,N,Neither seasonally adjusted nor calendar adjusted,GY,"Growth rate, over 1 year",2022,,5.222367,,A,Normal value,,,,,,,2,Two
DATAFLOW,OECD.SDD.TPS:DSD_PRICES@DF_PRICES_ALL(1.0),"Consumer price indices (CPIs, HICPs), COICOP 1999",I,FRA,France,A,Annual,N,National,CPI,Consumer price index,PA,Percent per annum,_T,Total,N,Neither seasonally adjusted nor calendar adjusted,GY,"Growth rate, over 1 year",2023,,4.878357,,A,Normal value,,,,,,,2,Two
DATAFLOW,OECD.SDD.TPS:DSD_PRICES@DF_PRICES_ALL(1.0),"Consumer price indices (CPIs, HICPs), COICOP 1999",I,FRA,France,A,Annual,N,National,CPI,Consumer price index,PA,Percent per annum,_T,Total,N,Neither seasonally adjusted nor calendar adjusted,GY,"Growth rate, over 1 year",2024,,1.999049,,A,Normal value,,,,,,,2,Two
DATAFLOW,OECD.SDD.TPS:DSD_PRICES@DF_PRICES_ALL(1.0),"Consumer price indices (CPIs, HICPs), COICOP 1999",I,FRA,France,A,Annual,N,National,CPI,Consumer price index,PA,Percent per annum,_T,Total,N,Neither seasonally adjusted nor calendar adjusted,GY,"Growth rate, over 1 year",2025,,0.9437702,,A,Normal value,,,,,,,2,Two
DATAFLOW,OECD.SDD.TPS:DSD_PRICES@DF_PRICES_ALL(1.0),"Consumer price indices (CPIs, HICPs), COICOP 1999",I,FIN,Finland,A,Annual,N,National,CPI,Consumer price index,PA,Percent per annum,_T,Total,N,Neither seasonally adjusted nor calendar adjusted,GY,"Growth rate, over 1 year",1988,,5.085932,,A,Normal value,,,,,,,2,Two
DATAFLOW,OECD.SDD.TPS:DSD_PRICES@DF_PRICES_ALL(1.0),"Consumer price indices (CPIs, HICPs), COICOP 1999",I,FIN,Finland,A,Annual,N,National,CPI,Consumer price index,PA,Percent per annum,_T,Total,N,Neither seasonally adjusted nor calendar adjusted,GY,"Growth rate, over 1 year",1989,,6.592911,,A,Normal value,,,,,,,2,Two
DATAFLOW,OECD.SDD.TPS:DSD_PRICES@DF_PRICES_ALL(1.0),"Consumer price indices (CPIs, HICPs), COICOP 1999",I,FIN,Finland,A,Annual,N,National,CPI,Consumer price index,PA,Percent per annum,_T,Total,N,Neither seasonally adjusted nor calendar adjusted,GY,"Growth rate, over 1 year",1990,,6.149561,,A,Normal value,,,,,,,2,Two
DATAFLOW,OECD.SDD.TPS:DSD_PRICES@DF_PRICES_ALL(1.0),"Consumer price indices (CPIs, HICPs), COICOP 1999",I,FIN,Finland,A,Annual,N,National,CPI,Consumer price index,PA,Percent per annum,_T,Total,N,Neither seasonally adjusted nor calendar adjusted,GY,"Growth rate, over 1 year",1991,,4.310215,,A,Normal value,,,,,,,2,Two
DATAFLOW,OECD.SDD.TPS:DSD_PRICES@DF_PRICES_ALL(1.0),"Consumer price indices (CPIs, HICPs), COICOP 1999",I,FIN,Finland,A,Annual,N,National,CPI,Consumer price index,PA,Percent per annum,_T,Total,N,Neither seasonally adjusted nor calendar adjusted,GY,"Growth rate, over 1 year",1992,,2.919323,,A,Normal value,,,,,,,2,Two
DATAFLOW,OECD.SDD.TPS:DSD_PRICES@DF_PRICES_ALL(1.0),"Consumer price indices (CPIs, HICPs), COICOP 1999",I,FIN,Finland,A,Annual,N,National,CPI,Consumer price index,PA,Percent per annum,_T,Total,N,Neither seasonally adjusted nor calendar adjusted,GY,"Growth rate, over 1 year",1993,,2.190654,,A,Normal value,,,,,,,2,Two
DATAFLOW,OECD.SDD.TPS:DSD_PRICES@DF_PRICES_ALL(1.0),"Consumer price indices (CPIs, HICPs), COICOP 1999",I,FIN,Finland,A,Annual,N,National,CPI,Consumer price index,PA,Percent per annum,_T,Total,N,Neither seasonally adjusted nor calendar adjusted,GY,"Growth rate, over 1 year",1994,,1.088558,,A,Normal value,,,,,,,2,Two
DATAFLOW,OECD.SDD.TPS:DSD_PRICES@DF_PRICES_ALL(1.0),"Consumer price indices (CPIs, HICPs), COICOP 1999",I,FIN,Finland,A,Annual,N,National,CPI,Consumer price index,PA,Percent per annum,_T,Total,N,Neither seasonally adjusted nor calendar adjusted,GY,"Growth rate, over 1 year",1995,,0.7912362,,A,Normal value,,,,,,,2,Two
DATAFLOW,OECD.SDD.TPS:DSD_PRICES@DF_PRICES_ALL(1.0),"Consumer price indices (CPIs, HICPs), COICOP 1999",I,FIN,Finland,A,Annual,N,National,CPI,Consumer price index,PA,Percent per annum,_T,Total,N,Neither seasonally adjusted nor calendar adjusted,GY,"Growth rate, over 1 year",1996,,0.6291981,,A,Normal value,,,,,,,2,Two
DATAFLOW,OECD.SDD.TPS:DSD_PRICES@DF_PRICES_ALL(1.0),"Consumer price indices (CPIs, HICPs), COICOP 1999",I,FIN,Finland,A,Annual,N,National,CPI,Consumer price index,PA,Percent per annum,_T,Total,N,Neither seasonally adjusted nor calendar adjusted,GY,"Growth rate, over 1 year",1997,,1.192557,,A,Normal value,,,,,,,2,Two
DATAFLOW,OECD.SDD.TPS:DSD_PRICES@DF_PRICES_ALL(1.0),"Consumer price indices (CPIs, HICPs), COICOP 1999",I,FIN,Finland,A,Annual,N,National,CPI,Consumer price index,PA,Percent per annum,_T,Total,N,Neither seasonally adjusted nor calendar adjusted,GY,"Growth rate, over 1 year",1998,,1.399471,,A,Normal value,,,,,,,2,Two
DATAFLOW,OECD.SDD.TPS:DSD_PRICES@DF_PRICES_ALL(1.0),"Consumer price indices (CPIs, HICPs), COICOP 1999",I,FIN,Finland,A,Annual,N,National,CPI,Consumer price index,PA,Percent per annum,_T,Total,N,Neither seasonally adjusted nor calendar adjusted,GY,"Growth rate, over 1 year",1999,,1.162237,,A,Normal value,,,,,,,2,Two
DATAFLOW,OECD.SDD.TPS:DSD_PRICES@DF_PRICES_ALL(1.0),"Consumer price indices (CPIs, HICPs), COICOP 1999",I,FIN,Finland,A,Annual,N,National,CPI,Consumer price index,PA,Percent per annum,_T,Total,N,Neither seasonally adjusted nor calendar adjusted,GY,"Growth rate, over 1 year",2000,,3.042096,,A,Normal value,,,,,,,2,Two
DATAFLOW,OECD.SDD.TPS:DSD_PRICES@DF_PRICES_ALL(1.0),"Consumer price indices (CPIs, HICPs), COICOP 1999",I,FIN,Finland,A,Annual,N,National,CPI,Consumer price index,PA,Percent per annum,_T,Total,N,Neither seasonally adjusted nor calendar adjusted,GY,"Growth rate, over 1 year",2001,,2.578441,,A,Normal value,,,,,,,2,Two
DATAFLOW,OECD.SDD.TPS:DSD_PRICES@DF_PRICES_ALL(1.0),"Consumer price indices (CPIs, HICPs), COICOP 1999",I,FIN,Finland,A,Annual,N,National,CPI,Consumer price index,PA,Percent per annum,_T,Total,N,Neither seasonally adjusted nor calendar adjusted,GY,"Growth rate, over 1 year",2002,,1.571221,,A,Normal value,,,,,,,2,Two
DATAFLOW,OECD.SDD.TPS:DSD_PRICES@DF_PRICES_ALL(1.0),"Consumer price indices (CPIs, HICPs), COICOP 1999",I,FIN,Finland,A,Annual,N,National,CPI,Consumer price index,PA,Percent per annum,_T,Total,N,Neither seasonally adjusted nor calendar adjusted,GY,"Growth rate, over 1 year",2003,,0.8774385,,A,Normal value,,,,,,,2,Two
DATAFLOW,OECD.SDD.TPS:DSD_PRICES@DF_PRICES_ALL(1.0),"Consumer price indices (CPIs, HICPs), COICOP 1999",I,FIN,Finland,A,Annual,N,National,CPI,Consumer price index,PA,Percent per annum,_T,Total,N,Neither seasonally adjusted nor calendar adjusted,GY,"Growth rate, over 1 year",2004,,0.1871234,,A,Normal value,,,,,,,2,Two
DATAFLOW,OECD.SDD.TPS:DSD_PRICES@DF_PRICES_ALL(1.0),"Consumer price indices (CPIs, HICPs), COICOP 1999",I,FIN,Finland,A,Annual,N,National,CPI,Consumer price index,PA,Percent per annum,_T,Total,N,Neither seasonally adjusted nor calendar adjusted,GY,"Growth rate, over 1 year",2005,,0.6238712,,A,Normal value,,,,,,,2,Two
DATAFLOW,OECD.SDD.TPS:DSD_PRICES@DF_PRICES_ALL(1.0),"Consumer price indices (CPIs, HICPs), COICOP 1999",I,FIN,Finland,A,Annual,N,National,CPI,Consumer price index,PA,Percent per annum,_T,Total,N,Neither seasonally adjusted nor calendar adjusted,GY,"Growth rate, over 1 year",2006,,1.566667,,A,Normal value,,,,,,,2,Two
DATAFLOW,OECD.SDD.TPS:DSD_PRICES@DF_PRICES_ALL(1.0),"Consumer price indices (CPIs, HICPs), COICOP 1999",I,FIN,Finland,A,Annual,N,National,CPI,Consumer price index,PA,Percent per annum,_T,Total,N,Neither seasonally adjusted nor calendar adjusted,GY,"Growth rate, over 1 year",2007,,2.510666,,A,Normal value,,,,,,,2,Two
DATAFLOW,OECD.SDD.TPS:DSD_PRICES@DF_PRICES_ALL(1.0),"Consumer price indices (CPIs, HICPs), COICOP 1999",I,FIN,Finland,A,Annual,N,National,CPI,Consumer price index,PA,Percent per annum,_T,Total,N,Neither seasonally adjusted nor calendar adjusted,GY,"Growth rate, over 1 year",2008,,4.065952,,A,Normal value,,,,,,,2,Two
DATAFLOW,OECD.SDD.TPS:DSD_PRICES@DF_PRICES_ALL(1.0),"Consumer price indices (CPIs, HICPs), COICOP 1999",I,FIN,Finland,A,Annual,N,National,CPI,Consumer price index,PA,Percent per annum,_T,Total,N,Neither seasonally adjusted nor calendar adjusted,GY,"Growth rate, over 1 year",2009,,1.110223E-13,,A,Normal value,,,,,,,2,Two
DATAFLOW,OECD.SDD.TPS:DSD_PRICES@DF_PRICES_ALL(1.0),"Consumer price indices (CPIs, HICPs), COICOP 1999",I,FIN,Finland,A,Annual,N,National,CPI,Consumer price index,PA,Percent per annum,_T,Total,N,Neither seasonally adjusted nor calendar adjusted,GY,"Growth rate, over 1 year",2010,,1.184135,,A,Normal value,,,,,,,2,Two
DATAFLOW,OECD.SDD.TPS:DSD_PRICES@DF_PRICES_ALL(1.0),"Consumer price indices (CPIs, HICPs), COICOP 1999",I,FIN,Finland,A,Annual,N,National,CPI,Consumer price index,PA,Percent per annum,_T,Total,N,Neither seasonally adjusted nor calendar adjusted,GY,"Growth rate, over 1 year",2011,,3.416809,,A,Normal value,,,,,,,2,Two
DATAFLOW,OECD.SDD.TPS:DSD_PRICES@DF_PRICES_ALL(1.0),"Consumer price indices (CPIs, HICPs), COICOP 1999",I,FIN,Finland,A,Annual,N,National,CPI,Consumer price index,PA,Percent per annum,_T,Total,N,Neither seasonally adjusted nor calendar adjusted,GY,"Growth rate, over 1 year",2012,,2.808332,,A,Normal value,,,,,,,2,Two
DATAFLOW,OECD.SDD.TPS:DSD_PRICES@DF_PRICES_ALL(1.0),"Consumer price indices (CPIs, HICPs), COICOP 1999",I,FIN,Finland,A,Annual,N,National,CPI,Consumer price index,PA,Percent per annum,_T,Total,N,Neither seasonally adjusted nor calendar adjusted,GY,"Growth rate, over 1 year",2013,,1.478288,,A,Normal value,,,,,,,2,Two
DATAFLOW,OECD.SDD.TPS:DSD_PRICES@DF_PRICES_ALL(1.0),"Consumer price indices (CPIs, HICPs), COICOP 1999",I,FIN,Finland,A,Annual,N,National,CPI,Consumer price index,PA,Percent per annum,_T,Total,N,Neither seasonally adjusted nor calendar adjusted,GY,"Growth rate, over 1 year",2014,,1.0412,,A,Normal value,,,,,,,2,Two
DATAFLOW,OECD.SDD.TPS:DSD_PRICES@DF_PRICES_ALL(1.0),"Consumer price indices (CPIs, HICPs), COICOP 1999",I,FIN,Finland,A,Annual,N,National,CPI,Consumer price index,PA,Percent per annum,_T,Total,N,Neither seasonally adjusted nor calendar adjusted,GY,"Growth rate, over 1 year",2015,,-0.207932,,A,Normal value,,,,,,,2,Two
DATAFLOW,OECD.SDD.TPS:DSD_PRICES@DF_PRICES_ALL(1.0),"Consumer price indices (CPIs, HICPs), COICOP 1999",I,FIN,Finland,A,Annual,N,National,CPI,Consumer price index,PA,Percent per annum,_T,Total,N,Neither seasonally adjusted nor calendar adjusted,GY,"Growth rate, over 1 year",2016,,0.3566845,,A,Normal value,,,,,,,2,Two
DATAFLOW,OECD.SDD.TPS:DSD_PRICES@DF_PRICES_ALL(1.0),"Consumer price indices (CPIs, HICPs), COICOP 1999",I,FIN,Finland,A,Annual,N,National,CPI,Consumer price index,PA,Percent per annum,_T,Total,N,Neither seasonally adjusted nor calendar adjusted,GY,"Growth rate, over 1 year",2017,,0.754015,,A,Normal value,,,,,,,2,Two
DATAFLOW,OECD.SDD.TPS:DSD_PRICES@DF_PRICES_ALL(1.0),"Consumer price indices (CPIs, HICPs), COICOP 1999",I,FIN,Finland,A,Annual,N,National,CPI,Consumer price index,PA,Percent per annum,_T,Total,N,Neither seasonally adjusted nor calendar adjusted,GY,"Growth rate, over 1 year",2018,,1.083821,,A,Normal value,,,,,,,2,Two
DATAFLOW,OECD.SDD.TPS:DSD_PRICES@DF_PRICES_ALL(1.0),"Consumer price indices (CPIs, HICPs), COICOP 1999",I,FIN,Finland,A,Annual,N,National,CPI,Consumer price index,PA,Percent per annum,_T,Total,N,Neither seasonally adjusted nor calendar adjusted,GY,"Growth rate, over 1 year",2019,,1.024094,,A,Normal value,,,,,,,2,Two
DATAFLOW,OECD.SDD.TPS:DSD_PRICES@DF_PRICES_ALL(1.0),"Consumer price indices (CPIs, HICPs), COICOP 1999",I,FIN,Finland,A,Annual,N,National,CPI,Consumer price index,PA,Percent per annum,_T,Total,N,Neither seasonally adjusted nor calendar adjusted,GY,"Growth rate, over 1 year",2020,,0.2905546,,A,Normal value,,,,,,,2,Two
DATAFLOW,OECD.SDD.TPS:DSD_PRICES@DF_PRICES_ALL(1.0),"Consumer price indices (CPIs, HICPs), COICOP 1999",I,FIN,Finland,A,Annual,N,National,CPI,Consumer price index,PA,Percent per annum,_T,Total,N,Neither seasonally adjusted nor calendar adjusted,GY,"Growth rate, over 1 year",2021,,2.194574,,A,Normal value,,,,,,,2,Two
DATAFLOW,OECD.SDD.TPS:DSD_PRICES@DF_PRICES_ALL(1.0),"Consumer price indices (CPIs, HICPs), COICOP 1999",I,FIN,Finland,A,Annual,N,National,CPI,Consumer price index,PA,Percent per annum,_T,Total,N,Neither seasonally adjusted nor calendar adjusted,GY,"Growth rate, over 1 year",2022,,7.123507,,A,Normal value,,,,,,,2,Two
DATAFLOW,OECD.SDD.TPS:DSD_PRICES@DF_PRICES_ALL(1.0),"Consumer price indices (CPIs, HICPs), COICOP 1999",I,FIN,Finland,A,Annual,N,National,CPI,Consumer price index,PA,Percent per annum,_T,Total,N,Neither seasonally adjusted nor calendar adjusted,GY,"Growth rate, over 1 year",2023,,6.250643,,A,Normal value,,,,,,,2,Two
DATAFLOW,OECD.SDD.TPS:DSD_PRICES@DF_PRICES_ALL(1.0),"Consumer price indices (CPIs, HICPs), COICOP 1999",I,FIN,Finland,A,Annual,N,National,CPI,Consumer price index,PA,Percent per annum,_T,Total,N,Neither seasonally adjusted nor calendar adjusted,GY,"Growth rate, over 1 year",2024,,1.565689,,A,Normal value,,,,,,,2,Two
DATAFLOW,OECD.SDD.TPS:DSD_PRICES@DF_PRICES_ALL(1.0),"Consumer price indices (CPIs, HICPs), COICOP 1999",I,FIN,Finland,A,Annual,N,National,CPI,Consumer price index,PA,Percent per annum,_T,Total,N,Neither seasonally adjusted nor calendar adjusted,GY,"Growth rate, over 1 year",2025,,0.3378747,,A,Normal value,,,,,,,2,Two
DATAFLOW,OECD.SDD.TPS:DSD_PRICES@DF_PRICES_ALL(1.0),"Consumer price indices (CPIs, HICPs), COICOP 1999",I,BEL,Belgium,A,Annual,N,National,CPI,Consumer price index,PA,Percent per annum,_T,Total,N,Neither seasonally adjusted nor calendar adjusted,GY,"Growth rate, over 1 year",1988,,1.160936,,A,Normal value,,,,,,,2,Two
DATAFLOW,OECD.SDD.TPS:DSD_PRICES@DF_PRICES_ALL(1.0),"Consumer price indices (CPIs, HICPs), COICOP 1999",I,BEL,Belgium,A,Annual,N,National,CPI,Consumer price index,PA,Percent per annum,_T,Total,N,Neither seasonally adjusted nor calendar adjusted,GY,"Growth rate, over 1 year",1989,,3.107053,,A,Normal value,,,,,,,2,Two
DATAFLOW,OECD.SDD.TPS:DSD_PRICES@DF_PRICES_ALL(1.0),"Consumer price indices (CPIs, HICPs), COICOP 1999",I,BEL,Belgium,A,Annual,N,National,CPI,Consumer price index,PA,Percent per annum,_T,Total,N,Neither seasonally adjusted nor calendar adjusted,GY,"Growth rate, over 1 year",1990,,3.44831,,A,Normal value,,,,,,,2,Two
DATAFLOW,OECD.SDD.TPS:DSD_PRICES@DF_PRICES_ALL(1.0),"Consumer price indices (CPIs, HICPs), COICOP 1999",I,BEL,Belgium,A,Annual,N,National,CPI,Consumer price index,PA,Percent per annum,_T,Total,N,Neither seasonally adjusted nor calendar adjusted,GY,"Growth rate, over 1 year",1991,,3.215311,,A,Normal value,,,,,,,2,Two
DATAFLOW,OECD.SDD.TPS:DSD_PRICES@DF_PRICES_ALL(1.0),"Consumer price indices (CPIs, HICPs), COICOP 1999",I,BEL,Belgium,A,Annual,N,National,CPI,Consumer price index,PA,Percent per annum,_T,Total,N,Neither seasonally adjusted nor calendar adjusted,GY,"Growth rate, over 1 year",1992,,2.427956,,A,Normal value,,,,,,,2,Two
DATAFLOW,OECD.SDD.TPS:DSD_PRICES@DF_PRICES_ALL(1.0),"Consumer price indices (CPIs, HICPs), COICOP 1999",I,BEL,Belgium,A,Annual,N,National,CPI,Consumer price index,PA,Percent per annum,_T,Total,N,Neither seasonally adjusted nor calendar adjusted,GY,"Growth rate, over 1 year",1993,,2.754426,,A,Normal value,,,,,,,2,Two
DATAFLOW,OECD.SDD.TPS:DSD_PRICES@DF_PRICES_ALL(1.0),"Consumer price indices (CPIs, HICPs), COICOP 1999",I,BEL,Belgium,A,Annual,N,National,CPI,Consumer price index,PA,Percent per annum,_T,Total,N,Neither seasonally adjusted nor calendar adjusted,GY,"Growth rate, over 1 year",1994,,2.377545,,A,Normal value,,,,,,,2,Two
DATAFLOW,OECD.SDD.TPS:DSD_PRICES@DF_PRICES_ALL(1.0),"Consumer price indices (CPIs, HICPs), COICOP 1999",I,BEL,Belgium,A,Annual,N,National,CPI,Consumer price index,PA,Percent per annum,_T,Total,N,Neither seasonally adjusted nor calendar adjusted,GY,"Growth rate, over 1 year",1995,,1.467961,,A,Normal value,,,,,,,2,Two
DATAFLOW,OECD.SDD.TPS:DSD_PRICES@DF_PRICES_ALL(1.0),"Consumer price indices (CPIs, HICPs), COICOP 1999",I,BEL,Belgium,A,Annual,N,National,CPI,Consumer price index,PA,Percent per annum,_T,Total,N,Neither seasonally adjusted nor calendar adjusted,GY,"Growth rate, over 1 year",1996,,2.077025,,A,Normal value,,,,,,,2,Two
DATAFLOW,OECD.SDD.TPS:DSD_PRICES@DF_PRICES_ALL(1.0),"Consumer price indices (CPIs, HICPs), COICOP 1999",I,BEL,Belgium,A,Annual,N,National,CPI,Consumer price index,PA,Percent per annum,_T,Total,N,Neither seasonally adjusted nor calendar adjusted,GY,"Growth rate, over 1 year",1997,,1.62816,,A,Normal value,,,,,,,2,Two
DATAFLOW,OECD.SDD.TPS:DSD_PRICES@DF_PRICES_ALL(1.0),"Consumer price indices (CPIs, HICPs), COICOP 1999",I,BEL,Belgium,A,Annual,N,National,CPI,Consumer price index,PA,Percent per annum,_T,Total,N,Neither seasonally adjusted nor calendar adjusted,GY,"Growth rate, over 1 year",1998,,0.9492503,,A,Normal value,,,,,,,2,Two
DATAFLOW,OECD.SDD.TPS:DSD_PRICES@DF_PRICES_ALL(1.0),"Consumer price indices (CPIs, HICPs), COICOP 1999",I,BEL,Belgium,A,Annual,N,National,CPI,Consumer price index,PA,Percent per annum,_T,Total,N,Neither seasonally adjusted nor calendar adjusted,GY,"Growth rate, over 1 year",1999,,1.120848,,A,Normal value,,,,,,,2,Two
DATAFLOW,OECD.SDD.TPS:DSD_PRICES@DF_PRICES_ALL(1.0),"Consumer price indices (CPIs, HICPs), COICOP 1999",I,BEL,Belgium,A,Annual,N,National,CPI,Consumer price index,PA,Percent per annum,_T,Total,N,Neither seasonally adjusted nor calendar adjusted,GY,"Growth rate, over 1 year",2000,,2.544518,,A,Normal value,,,,,,,2,Two
DATAFLOW,OECD.SDD.TPS:DSD_PRICES@DF_PRICES_ALL(1.0),"Consumer price indices (CPIs, HICPs), COICOP 1999",I,BEL,Belgium,A,Annual,N,National,CPI,Consumer price index,PA,Percent per annum,_T,Total,N,Neither seasonally adjusted nor calendar adjusted,GY,"Growth rate, over 1 year",2001,,2.469258,,A,Normal value,,,,,,,2,Two
DATAFLOW,OECD.SDD.TPS:DSD_PRICES@DF_PRICES_ALL(1.0),"Consumer price indices (CPIs, HICPs), COICOP 1999",I,BEL,Belgium,A,Annual,N,National,CPI,Consumer price index,PA,Percent per annum,_T,Total,N,Neither seasonally adjusted nor calendar adjusted,GY,"Growth rate, over 1 year",2002,,1.645214,,A,Normal value,,,,,,,2,Two
DATAFLOW,OECD.SDD.TPS:DSD_PRICES@DF_PRICES_ALL(1.0),"Consumer price indices (CPIs, HICPs), COICOP 1999",I,BEL,Belgium,A,Annual,N,National,CPI,Consumer price index,PA,Percent per annum,_T,Total,N,Neither seasonally adjusted nor calendar adjusted,GY,"Growth rate, over 1 year",2003,,1.588964,,A,Normal value,,,,,,,2,Two
DATAFLOW,OECD.SDD.TPS:DSD_PRICES@DF_PRICES_ALL(1.0),"Consumer price indices (CPIs, HICPs), COICOP 1999",I,BEL,Belgium,A,Annual,N,National,CPI,Consumer price index,PA,Percent per annum,_T,Total,N,Neither seasonally adjusted nor calendar adjusted,GY,"Growth rate, over 1 year",2004,,2.097283,,A,Normal value,,,,,,,2,Two
DATAFLOW,OECD.SDD.TPS:DSD_PRICES@DF_PRICES_ALL(1.0),"Consumer price indices (CPIs, HICPs), COICOP 1999",I,BEL,Belgium,A,Annual,N,National,CPI,Consumer price index,PA,Percent per annum,_T,Total,N,Neither seasonally adjusted nor calendar adjusted,GY,"Growth rate, over 1 year",2005,,2.781433,,A,Normal value,,,,,,,2,Two
DATAFLOW,OECD.SDD.TPS:DSD_PRICES@DF_PRICES_ALL(1.0),"Consumer price indices (CPIs, HICPs), COICOP 1999",I,BEL,Belgium,A,Annual,N,National,CPI,Consumer price index,PA,Percent per annum,_T,Total,N,Neither seasonally adjusted nor calendar adjusted,GY,"Growth rate, over 1 year",2006,,1.791208,,A,Normal value,,,,,,,2,Two
DATAFLOW,OECD.SDD.TPS:DSD_PRICES@DF_PRICES_ALL(1.0),"Consumer price indices (CPIs, HICPs), COICOP 1999",I,BEL,Belgium,A,Annual,N,National,CPI,Consumer price index,PA,Percent per annum,_T,Total,N,Neither seasonally adjusted nor calendar adjusted,GY,"Growth rate, over 1 year",2007,,1.823056,,A,Normal value,,,,,,,2,Two
DATAFLOW,OECD.SDD.TPS:DSD_PRICES@DF_PRICES_ALL(1.0),"Consumer price indices (CPIs, HICPs), COICOP 1999",I,BEL,Belgium,A,Annual,N,National,CPI,Consumer price index,PA,Percent per annum,_T,Total,N,Neither seasonally adjusted nor calendar adjusted,GY,"Growth rate, over 1 year",2008,,4.489444,,A,Normal value,,,,,,,2,Two
DATAFLOW,OECD.SDD.TPS:DSD_PRICES@DF_PRICES_ALL(1.0),"Consumer price indices (CPIs, HICPs), COICOP 1999",I,BEL,Belgium,A,Annual,N,National,CPI,Consumer price index,PA,Percent per annum,_T,Total,N,Neither seasonally adjusted nor calendar adjusted,GY,"Growth rate, over 1 year",2009,,-0.05314567,,A,Normal value,,,,,,,2,Two
DATAFLOW,OECD.SDD.TPS:DSD_PRICES@DF_PRICES_ALL(1.0),"Consumer price indices (CPIs, HICPs), COICOP 1999",I,BEL,Belgium,A,Annual,N,National,CPI,Consumer price index,PA,Percent per annum,_T,Total,N,Neither seasonally adjusted nor calendar adjusted,GY,"Growth rate, over 1 year",2010,,2.189299,,A,Normal value,,,,,,,2,Two
DATAFLOW,OECD.SDD.TPS:DSD_PRICES@DF_PRICES_ALL(1.0),"Consumer price indices (CPIs, HICPs), COICOP 1999",I,BEL,Belgium,A,Annual,N,National,CPI,Consumer price index,PA,Percent per annum,_T,Total,N,Neither seasonally adjusted nor calendar adjusted,GY,"Growth rate, over 1 year",2011,,3.532082,,A,Normal value,,,,,,,2,Two
DATAFLOW,OECD.SDD.TPS:DSD_PRICES@DF_PRICES_ALL(1.0),"Consumer price indices (CPIs, HICPs), COICOP 1999",I,BEL,Belgium,A,Annual,N,National,CPI,Consumer price index,PA,Percent per annum,_T,Total,N,Neither seasonally adjusted nor calendar adjusted,GY,"Growth rate, over 1 year",2012,,2.839664,,A,Normal value,,,,,,,2,Two
DATAFLOW,OECD.SDD.TPS:DSD_PRICES@DF_PRICES_ALL(1.0),"Consumer price indices (CPIs, HICPs), COICOP 1999",I,BEL,Belgium,A,Annual,N,National,CPI,Consumer price index,PA,Percent per annum,_T,Total,N,Neither seasonally adjusted nor calendar adjusted,GY,"Growth rate, over 1 year",2013,,1.113096,,A,Normal value,,,,,,,2,Two
DATAFLOW,OECD.SDD.TPS:DSD_PRICES@DF_PRICES_ALL(1.0),"Consumer price indices (CPIs, HICPs), COICOP 1999",I,BEL,Belgium,A,Annual,N,National,CPI,Consumer price index,PA,Percent per annum,_T,Total,N,Neither seasonally adjusted nor calendar adjusted,GY,"Growth rate, over 1 year",2014,,0.3400028,,A,Normal value,,,,,,,2,Two
DATAFLOW,OECD.SDD.TPS:DSD_PRICES@DF_PRICES_ALL(1.0),"Consumer price indices (CPIs, HICPs), COICOP 1999",I,BEL,Belgium,A,Annual,N,National,CPI,Consumer price index,PA,Percent per annum,_T,Total,N,Neither seasonally adjusted nor calendar adjusted,GY,"Growth rate, over 1 year",2015,,0.5614291,,A,Normal value,,,,,,,2,Two
DATAFLOW,OECD.SDD.TPS:DSD_PRICES@DF_PRICES_ALL(1.0),"Consumer price indices (CPIs, HICPs), COICOP 1999",I,BEL,Belgium,A,Annual,N,National,CPI,Consumer price index,PA,Percent per annum,_T,Total,N,Neither seasonally adjusted nor calendar adjusted,GY,"Growth rate, over 1 year",2016,,1.973853,,A,Normal value,,,,,,,2,Two
DATAFLOW,OECD.SDD.TPS:DSD_PRICES@DF_PRICES_ALL(1.0),"Consumer price indices (CPIs, HICPs), COICOP 1999",I,BEL,Belgium,A,Annual,N,National,CPI,Consumer price index,PA,Percent per annum,_T,Total,N,Neither seasonally adjusted nor calendar adjusted,GY,"Growth rate, over 1 year",2017,,2.125971,,A,Normal value,,,,,,,2,Two
DATAFLOW,OECD.SDD.TPS:DSD_PRICES@DF_PRICES_ALL(1.0),"Consumer price indices (CPIs, HICPs), COICOP 1999",I,BEL,Belgium,A,Annual,N,National,CPI,Consumer price index,PA,Percent per annum,_T,Total,N,Neither seasonally adjusted nor calendar adjusted,GY,"Growth rate, over 1 year",2018,,2.053165,,A,Normal value,,,,,,,2,Two
DATAFLOW,OECD.SDD.TPS:DSD_PRICES@DF_PRICES_ALL(1.0),"Consumer price indices (CPIs, HICPs), COICOP 1999",I,BEL,Belgium,A,Annual,N,National,CPI,Consumer price index,PA,Percent per annum,_T,Total,N,Neither seasonally adjusted nor calendar adjusted,GY,"Growth rate, over 1 year",2019,,1.43682,,A,Normal value,,,,,,,2,Two
DATAFLOW,OECD.SDD.TPS:DSD_PRICES@DF_PRICES_ALL(1.0),"Consumer price indices (CPIs, HICPs), COICOP 1999",I,BEL,Belgium,A,Annual,N,National,CPI,Consumer price index,PA,Percent per annum,_T,Total,N,Neither seasonally adjusted nor calendar adjusted,GY,"Growth rate, over 1 year",2020,,0.7407918,,A,Normal value,,,,,,,2,Two
DATAFLOW,OECD.SDD.TPS:DSD_PRICES@DF_PRICES_ALL(1.0),"Consumer price indices (CPIs, HICPs), COICOP 1999",I,BEL,Belgium,A,Annual,N,National,CPI,Consumer price index,PA,Percent per annum,_T,Total,N,Neither seasonally adjusted nor calendar adjusted,GY,"Growth rate, over 1 year",2021,,2.440248,,A,Normal value,,,,,,,2,Two
DATAFLOW,OECD.SDD.TPS:DSD_PRICES@DF_PRICES_ALL(1.0),"Consumer price indices (CPIs, HICPs), COICOP 1999",I,BEL,Belgium,A,Annual,N,National,CPI,Consumer price index,PA,Percent per annum,_T,Total,N,Neither seasonally adjusted nor calendar adjusted,GY,"Growth rate, over 1 year",2022,,9.597511,,A,Normal value,,,,,,,2,Two
DATAFLOW,OECD.SDD.TPS:DSD_PRICES@DF_PRICES_ALL(1.0),"Consumer price indices (CPIs, HICPs), COICOP 1999",I,BEL,Belgium,A,Annual,N,National,CPI,Consumer price index,PA,Percent per annum,_T,Total,N,Neither seasonally adjusted nor calendar adjusted,GY,"Growth rate, over 1 year",2023,,4.049011,,A,Normal value,,,,,,,2,Two
DATAFLOW,OECD.SDD.TPS:DSD_PRICES@DF_PRICES_ALL(1.0),"Consumer price indices (CPIs, HICPs), COICOP 1999",I,BEL,Belgium,A,Annual,N,National,CPI,Consumer price index,PA,Percent per annum,_T,Total,N,Neither seasonally adjusted nor calendar adjusted,GY,"Growth rate, over 1 year",2024,,3.143491,,A,Normal value,,,,,,,2,Two
DATAFLOW,OECD.SDD.TPS:DSD_PRICES@DF_PRICES_ALL(1.0),"Consumer price indices (CPIs, HICPs), COICOP 1999",I,BEL,Belgium,A,Annual,N,National,CPI,Consumer price index,PA,Percent per annum,_T,Total,N,Neither seasonally adjusted nor calendar adjusted,GY,"Growth rate, over 1 year",2025,,2.467055,,A,Normal value,,,,,,,2,Two
DATAFLOW,OECD.SDD.TPS:DSD_PRICES@DF_PRICES_ALL(1.0),"Consumer price indices (CPIs, HICPs), COICOP 1999",I,CAN,Canada,A,Annual,N,National,CPI,Consumer price index,PA,Percent per annum,_T,Total,N,Neither seasonally adjusted nor calendar adjusted,GY,"Growth rate, over 1 year",1988,,4.028234,,A,Normal value,,,,,,,2,Two
DATAFLOW,OECD.SDD.TPS:DSD_PRICES@DF_PRICES_ALL(1.0),"Consumer price indices (CPIs, HICPs), COICOP 1999",I,CAN,Canada,A,Annual,N,National,CPI,Consumer price index,PA,Percent per annum,_T,Total,N,Neither seasonally adjusted nor calendar adjusted,GY,"Growth rate, over 1 year",1989,,4.983622,,A,Normal value,,,,,,,2,Two
DATAFLOW,OECD.SDD.TPS:DSD_PRICES@DF_PRICES_ALL(1.0),"Consumer price indices (CPIs, HICPs), COICOP 1999",I,CAN,Canada,A,Annual,N,National,CPI,Consumer price index,PA,Percent per annum,_T,Total,N,Neither seasonally adjusted nor calendar adjusted,GY,"Growth rate, over 1 year",1990,,4.780477,,A,Normal value,,,,,,,2,Two
DATAFLOW,OECD.SDD.TPS:DSD_PRICES@DF_PRICES_ALL(1.0),"Consumer price indices (CPIs, HICPs), COICOP 1999",I,CAN,Canada,A,Annual,N,National,CPI,Consumer price index,PA,Percent per annum,_T,Total,N,Neither seasonally adjusted nor calendar adjusted,GY,"Growth rate, over 1 year",1991,,5.625864,,A,Normal value,,,,,,,2,Two
DATAFLOW,OECD.SDD.TPS:DSD_PRICES@DF_PRICES_ALL(1.0),"Consumer price indices (CPIs, HICPs), COICOP 1999",I,CAN,Canada,A,Annual,N,National,CPI,Consumer price index,PA,Percent per annum,_T,Total,N,Neither seasonally adjusted nor calendar adjusted,GY,"Growth rate, over 1 year",1992,,1.490133,,A,Normal value,,,,,,,2,Two
DATAFLOW,OECD.SDD.TPS:DSD_PRICES@DF_PRICES_ALL(1.0),"Consumer price indices (CPIs, HICPs), COICOP 1999",I,CAN,Canada,A,Annual,N,National,CPI,Consumer price index,PA,Percent per annum,_T,Total,N,Neither seasonally adjusted nor calendar adjusted,GY,"Growth rate, over 1 year",1993,,1.865079,,A,Normal value,,,,,,,2,Two
DATAFLOW,OECD.SDD.TPS:DSD_PRICES@DF_PRICES_ALL(1.0),"Consumer price indices (CPIs, HICPs), COICOP 1999",I,CAN,Canada,A,Annual,N,National,CPI,Consumer price index,PA,Percent per annum,_T,Total,N,Neither seasonally adjusted nor calendar adjusted,GY,"Growth rate, over 1 year",1994,,0.1655629,,A,Normal value,,,,,,,2,Two
DATAFLOW,OECD.SDD.TPS:DSD_PRICES@DF_PRICES_ALL(1.0),"Consumer price indices (CPIs, HICPs), COICOP 1999",I,CAN,Canada,A,Annual,N,National,CPI,Consumer price index,PA,Percent per annum,_T,Total,N,Neither seasonally adjusted nor calendar adjusted,GY,"Growth rate, over 1 year",1995,,2.14876,,A,Normal value,,,,,,,2,Two
DATAFLOW,OECD.SDD.TPS:DSD_PRICES@DF_PRICES_ALL(1.0),"Consumer price indices (CPIs, HICPs), COICOP 1999",I,CAN,Canada,A,Annual,N,National,CPI,Consumer price index,PA,Percent per annum,_T,Total,N,Neither seasonally adjusted nor calendar adjusted,GY,"Growth rate, over 1 year",1996,,1.570531,,A,Normal value,,,,,,,2,Two
DATAFLOW,OECD.SDD.TPS:DSD_PRICES@DF_PRICES_ALL(1.0),"Consumer price indices (CPIs, HICPs), COICOP 1999",I,CAN,Canada,A,Annual,N,National,CPI,Consumer price index,PA,Percent per annum,_T,Total,N,Neither seasonally adjusted nor calendar adjusted,GY,"Growth rate, over 1 year",1997,,1.621216,,A,Normal value,,,,,,,2,Two
DATAFLOW,OECD.SDD.TPS:DSD_PRICES@DF_PRICES_ALL(1.0),"Consumer price indices (CPIs, HICPs), COICOP 1999",I,CAN,Canada,A,Annual,N,National,CPI,Consumer price index,PA,Percent per annum,_T,Total,N,Neither seasonally adjusted nor calendar adjusted,GY,"Growth rate, over 1 year",1998,,0.9959425,,A,Normal value,,,,,,,2,Two
DATAFLOW,OECD.SDD.TPS:DSD_PRICES@DF_PRICES_ALL(1.0),"Consumer price indices (CPIs, HICPs), COICOP 1999",I,CAN,Canada,A,Annual,N,National,CPI,Consumer price index,PA,Percent per annum,_T,Total,N,Neither seasonally adjusted nor calendar adjusted,GY,"Growth rate, over 1 year",1999,,1.734843,,A,Normal value,,,,,,,2,Two
DATAFLOW,OECD.SDD.TPS:DSD_PRICES@DF_PRICES_ALL(1.0),"Consumer price indices (CPIs, HICPs), COICOP 1999",I,CAN,Canada,A,Annual,N,National,CPI,Consumer price index,PA,Percent per annum,_T,Total,N,Neither seasonally adjusted nor calendar adjusted,GY,"Growth rate, over 1 year",2000,,2.71944,,A,Normal value,,,,,,,2,Two
DATAFLOW,OECD.SDD.TPS:DSD_PRICES@DF_PRICES_ALL(1.0),"Consumer price indices (CPIs, HICPs), COICOP 1999",I,CAN,Canada,A,Annual,N,National,CPI,Consumer price index,PA,Percent per annum,_T,Total,N,Neither seasonally adjusted nor calendar adjusted,GY,"Growth rate, over 1 year",2001,,2.52512,,A,Normal value,,,,,,,2,Two
DATAFLOW,OECD.SDD.TPS:DSD_PRICES@DF_PRICES_ALL(1.0),"Consumer price indices (CPIs, HICPs), COICOP 1999",I,CAN,Canada,A,Annual,N,National,CPI,Consumer price index,PA,Percent per annum,_T,Total,N,Neither seasonally adjusted nor calendar adjusted,GY,"Growth rate, over 1 year",2002,,2.258394,,A,Normal value,,,,,,,2,Two
DATAFLOW,OECD.SDD.TPS:DSD_PRICES@DF_PRICES_ALL(1.0),"Consumer price indices (CPIs, HICPs), COICOP 1999",I,CAN,Canada,A,Annual,N,National,CPI,Consumer price index,PA,Percent per annum,_T,Total,N,Neither seasonally adjusted nor calendar adjusted,GY,"Growth rate, over 1 year",2003,,2.758563,,A,Normal value,,,,,,,2,Two
DATAFLOW,OECD.SDD.TPS:DSD_PRICES@DF_PRICES_ALL(1.0),"Consumer price indices (CPIs, HICPs), COICOP 1999",I,CAN,Canada,A,Annual,N,National,CPI,Consumer price index,PA,Percent per annum,_T,Total,N,Neither seasonally adjusted nor calendar adjusted,GY,"Growth rate, over 1 year",2004,,1.857259,,A,Normal value,,,,,,,2,Two
DATAFLOW,OECD.SDD.TPS:DSD_PRICES@DF_PRICES_ALL(1.0),"Consumer price indices (CPIs, HICPs), COICOP 1999",I,CAN,Canada,A,Annual,N,National,CPI,Consumer price index,PA,Percent per annum,_T,Total,N,Neither seasonally adjusted nor calendar adjusted,GY,"Growth rate, over 1 year",2005,,2.213552,,A,Normal value,,,,,,,2,Two
DATAFLOW,OECD.SDD.TPS:DSD_PRICES@DF_PRICES_ALL(1.0),"Consumer price indices (CPIs, HICPs), COICOP 1999",I,CAN,Canada,A,Annual,N,National,CPI,Consumer price index,PA,Percent per annum,_T,Total,N,Neither seasonally adjusted nor calendar adjusted,GY,"Growth rate, over 1 year",2006,,2.002025,,A,Normal value,,,,,,,2,Two
DATAFLOW,OECD.SDD.TPS:DSD_PRICES@DF_PRICES_ALL(1.0),"Consumer price indices (CPIs, HICPs), COICOP 1999",I,CAN,Canada,A,Annual,N,National,CPI,Consumer price index,PA,Percent per annum,_T,Total,N,Neither seasonally adjusted nor calendar adjusted,GY,"Growth rate, over 1 year",2007,,2.138384,,A,Normal value,,,,,,,2,Two
DATAFLOW,OECD.SDD.TPS:DSD_PRICES@DF_PRICES_ALL(1.0),"Consumer price indices (CPIs, HICPs), COICOP 1999",I,CAN,Canada,A,Annual,N,National,CPI,Consumer price index,PA,Percent per annum,_T,Total,N,Neither seasonally adjusted nor calendar adjusted,GY,"Growth rate, over 1 year",2008,,2.370271,,A,Normal value,,,,,,,2,Two
DATAFLOW,OECD.SDD.TPS:DSD_PRICES@DF_PRICES_ALL(1.0),"Consumer price indices (CPIs, HICPs), COICOP 1999",I,CAN,Canada,A,Annual,N,National,CPI,Consumer price index,PA,Percent per annum,_T,Total,N,Neither seasonally adjusted nor calendar adjusted,GY,"Growth rate, over 1 year",2009,,0.2994668,,A,Normal value,,,,,,,2,Two
DATAFLOW,OECD.SDD.TPS:DSD_PRICES@DF_PRICES_ALL(1.0),"Consumer price indices (CPIs, HICPs), COICOP 1999",I,CAN,Canada,A,Annual,N,National,CPI,Consumer price index,PA,Percent per annum,_T,Total,N,Neither seasonally adjusted nor calendar adjusted,GY,"Growth rate, over 1 year",2010,,1.776872,,A,Normal value,,,,,,,2,Two
DATAFLOW,OECD.SDD.TPS:DSD_PRICES@DF_PRICES_ALL(1.0),"Consumer price indices (CPIs, HICPs), COICOP 1999",I,CAN,Canada,A,Annual,N,National,CPI,Consumer price index,PA,Percent per annum,_T,Total,N,Neither seasonally adjusted nor calendar adjusted,GY,"Growth rate, over 1 year",2011,,2.912135,,A,Normal value,,,,,,,2,Two
DATAFLOW,OECD.SDD.TPS:DSD_PRICES@DF_PRICES_ALL(1.0),"Consumer price indices (CPIs, HICPs), COICOP 1999",I,CAN,Canada,A,Annual,N,National,CPI,Consumer price index,PA,Percent per annum,_T,Total,N,Neither seasonally adjusted nor calendar adjusted,GY,"Growth rate, over 1 year",2012,,1.515678,,A,Normal value,,,,,,,2,Two
DATAFLOW,OECD.SDD.TPS:DSD_PRICES@DF_PRICES_ALL(1.0),"Consumer price indices (CPIs, HICPs), COICOP 1999",I,CAN,Canada,A,Annual,N,National,CPI,Consumer price index,PA,Percent per annum,_T,Total,N,Neither seasonally adjusted nor calendar adjusted,GY,"Growth rate, over 1 year",2013,,0.9382919,,A,Normal value,,,,,,,2,Two
DATAFLOW,OECD.SDD.TPS:DSD_PRICES@DF_PRICES_ALL(1.0),"Consumer price indices (CPIs, HICPs), COICOP 1999",I,CAN,Canada,A,Annual,N,National,CPI,Consumer price index,PA,Percent per annum,_T,Total,N,Neither seasonally adjusted nor calendar adjusted,GY,"Growth rate, over 1 year",2014,,1.906636,,A,Normal value,,,,,,,2,Two
DATAFLOW,OECD.SDD.TPS:DSD_PRICES@DF_PRICES_ALL(1.0),"Consumer price indices (CPIs, HICPs), COICOP 1999",I,CAN,Canada,A,Annual,N,National,CPI,Consumer price index,PA,Percent per annum,_T,Total,N,Neither seasonally adjusted nor calendar adjusted,GY,"Growth rate, over 1 year",2015,,1.125241,,A,Normal value,,,,,,,2,Two
DATAFLOW,OECD.SDD.TPS:DSD_PRICES@DF_PRICES_ALL(1.0),"Consumer price indices (CPIs, HICPs), COICOP 1999",I,CAN,Canada,A,Annual,N,National,CPI,Consumer price index,PA,Percent per annum,_T,Total,N,Neither seasonally adjusted nor calendar adjusted,GY,"Growth rate, over 1 year",2016,,1.42876,,A,Normal value,,,,,,,2,Two
DATAFLOW,OECD.SDD.TPS:DSD_PRICES@DF_PRICES_ALL(1.0),"Consumer price indices (CPIs, HICPs), COICOP 1999",I,CAN,Canada,A,Annual,N,National,CPI,Consumer price index,PA,Percent per annum,_T,Total,N,Neither seasonally adjusted nor calendar adjusted,GY,"Growth rate, over 1 year",2017,,1.596884,,A,Normal value,,,,,,,2,Two
DATAFLOW,OECD.SDD.TPS:DSD_PRICES@DF_PRICES_ALL(1.0),"Consumer price indices (CPIs, HICPs), COICOP 1999",I,CAN,Canada,A,Annual,N,National,CPI,Consumer price index,PA,Percent per annum,_T,Total,N,Neither seasonally adjusted nor calendar adjusted,GY,"Growth rate, over 1 year",2018,,2.268226,,A,Normal value,,,,,,,2,Two
DATAFLOW,OECD.SDD.TPS:DSD_PRICES@DF_PRICES_ALL(1.0),"Consumer price indices (CPIs, HICPs), COICOP 1999",I,CAN,Canada,A,Annual,N,National,CPI,Consumer price index,PA,Percent per annum,_T,Total,N,Neither seasonally adjusted nor calendar adjusted,GY,"Growth rate, over 1 year",2019,,1.949269,,A,Normal value,,,,,,,2,Two
DATAFLOW,OECD.SDD.TPS:DSD_PRICES@DF_PRICES_ALL(1.0),"Consumer price indices (CPIs, HICPs), COICOP 1999",I,CAN,Canada,A,Annual,N,National,CPI,Consumer price index,PA,Percent per annum,_T,Total,N,Neither seasonally adjusted nor calendar adjusted,GY,"Growth rate, over 1 year",2020,,0.7169997,,A,Normal value,,,,,,,2,Two
DATAFLOW,OECD.SDD.TPS:DSD_PRICES@DF_PRICES_ALL(1.0),"Consumer price indices (CPIs, HICPs), COICOP 1999",I,CAN,Canada,A,Annual,N,National,CPI,Consumer price index,PA,Percent per annum,_T,Total,N,Neither seasonally adjusted nor calendar adjusted,GY,"Growth rate, over 1 year",2021,,3.395193,,A,Normal value,,,,,,,2,Two
DATAFLOW,OECD.SDD.TPS:DSD_PRICES@DF_PRICES_ALL(1.0),"Consumer price indices (CPIs, HICPs), COICOP 1999",I,CAN,Canada,A,Annual,N,National,CPI,Consumer price index,PA,Percent per annum,_T,Total,N,Neither seasonally adjusted nor calendar adjusted,GY,"Growth rate, over 1 year",2022,,6.802801,,A,Normal value,,,,,,,2,Two
DATAFLOW,OECD.SDD.TPS:DSD_PRICES@DF_PRICES_ALL(1.0),"Consumer price indices (CPIs, HICPs), COICOP 1999",I,CAN,Canada,A,Annual,N,National,CPI,Consumer price index,PA,Percent per annum,_T,Total,N,Neither seasonally adjusted nor calendar adjusted,GY,"Growth rate, over 1 year",2023,,3.879002,,A,Normal value,,,,,,,2,Two
DATAFLOW,OECD.SDD.TPS:DSD_PRICES@DF_PRICES_ALL(1.0),"Consumer price indices (CPIs, HICPs), COICOP 1999",I,CAN,Canada,A,Annual,N,National,CPI,Consumer price index,PA,Percent per annum,_T,Total,N,Neither seasonally adjusted nor calendar adjusted,GY,"Growth rate, over 1 year",2024,,2.381584,,A,Normal value,,,,,,,2,Two
DATAFLOW,OECD.SDD.TPS:DSD_PRICES@DF_PRICES_ALL(1.0),"Consumer price indices (CPIs, HICPs), COICOP 1999",I,CAN,Canada,A,Annual,N,National,CPI,Consumer price index,PA,Percent per annum,_T,Total,N,Neither seasonally adjusted nor calendar adjusted,GY,"Growth rate, over 1 year",2025,,2.072324,,A,Normal value,,,,,,,2,Two
