STRUCTURE,STRUCTURE_ID,STRUCTURE_NAME,ACTION,FREQ,Frequency of observation,REF_AREA,Reference area,SECTOR,Institutional sector,COUNTERPART_SECTOR,Counterpart institutional sector,TRANSACTION,Transaction,INSTR_ASSET,Financial instruments and non-financial assets,ACTIVITY,Economic activity,EXPENDITURE,Expenditure,UNIT_MEASURE,Unit of measure,PRICE_BASE,Price base,TRANSFORMATION,Transformation,TABLE_IDENTIFIER,Table identifier,TIME_PERIOD,Time period,OBS_VALUE,Observation value,REF_YEAR_PRICE,Price reference year,CONF_STATUS,Confidentiality status,DECIMALS,Decimals,OBS_STATUS,Observation status,UNIT_MULT,Unit multiplier,CURRENCY,Currency
DATAFLOW,OECD.SDD.NAD:DSD_NAMAIN10@DF_TABLE3_POP_EMPNC(2.0),"Annual population and employment, national concept",I,A,Annual,AUS,Australia,S1,Total economy,S1,Total economy,POP,Total population,_Z,Not applicable,_Z,Not applicable,_Z,Not applicable,PS,Persons,_Z,Not applicable,N,Non transformed data,T0110,Table 0110 - Population and employment,1988,,16532.2,,,,F,Free (free for publication),2,Two,A,Normal value,3,Thousands,_Z,Not applicable
DATAFLOW,OECD.SDD.NAD:DSD_NAMAIN10@DF_TABLE3_POP_EMPNC(2.0),"Annual population and employment, national concept",I,A,Annual,CAN,Canada,S1,Total economy,S1,Total economy,POP,Total population,_Z,Not applicable,_Z,Not applicable,_Z,Not applicable,PS,Persons,_Z,Not applicable,N,Non transformed data,T0110,Table 0110 - Population and employment,1988,,26791.747,,,,F,Free (free for publication),2,Two,A,Normal value,3,Thousands,_Z,Not applicable
DATAFLOW,OECD.SDD.NAD:DSD_NAMAIN10@DF_TABLE3_POP_EMPNC(2.0),"Annual population and employment, national concept",I,A,Annual,CHL,Chile,S1,Total economy,S1,Total economy,POP,Total population,_Z,Not applicable,_Z,Not applicable,_Z,Not applicable,PS,Persons,_Z,Not applicable,N,Non transformed data,T0110,Table 0110 - Population and employment,1988,,12748.135,,,,F,Free (free for publication),2,Two,A,Normal value,3,Thousands,_Z,Not applicable
DATAFLOW,OECD.SDD.NAD:DSD_NAMAIN10@DF_TABLE3_POP_EMPNC(2.0),"Annual population and employment, national concept",I,A,Annual,CRI,Costa Rica,S1,Total economy,S1,Total economy,POP,Total population,_Z,Not applicable,_Z,Not applicable,_Z,Not applicable,PS,Persons,_Z,Not applicable,N,Non transformed data,T0110,Table 0110 - Population and employment,1988,,2876.683,,,,F,Free (free for publication),2,Two,A,Normal value,3,Thousands,_Z,Not applicable
DATAFLOW,OECD.SDD.NAD:DSD_NAMAIN10@DF_TABLE3_POP_EMPNC(2.0),"Annual population and employment, national concept",I,A,Annual,DNK,Denmark,S1,Total economy,S1,Total economy,POP,Total population,_Z,Not applicable,_Z,Not applicable,_Z,Not applicable,PS,Persons,_Z,Not applicable,N,Non transformed data,T0110,Table 0110 - Population and employment,1988,,5129.775,,,,F,Free (free for publication),2,Two,A,Normal value,3,Thousands,_Z,Not applicable
DATAFLOW,OECD.SDD.NAD:DSD_NAMAIN10@DF_TABLE3_POP_EMPNC(2.0),"Annual population and employment, national concept",I,A,Annual,FIN,Finland,S1,Total economy,S1,Total economy,POP,Total population,_Z,Not applicable,_Z,Not applicable,_Z,Not applicable,PS,Persons,_Z,Not applicable,N,Non transformed data,T0110,Table 0110 - Population and employment,1988,,4946.5,,,,F,Free (free for publication),2,Two,A,Normal value,3,Thousands,_Z,Not applicable
DATAFLOW,OECD.SDD.NAD:DSD_NAMAIN10@DF_TABLE3_POP_EMPNC(2.0),"Annual population and employment, national concept",I,A,Annual,DEU,Germany,S1,Total economy,S1,Total economy,POP,Total population,_Z,Not applicable,_Z,Not applicable,_Z,Not applicable,PS,Persons,_Z,Not applicable,N,Non transformed data,T0110,Table 0110 - Population and employment,1988,,78115,,,,F,Free (free for publication),2,Two,A,Normal value,3,Thousands,_Z,Not applicable
DATAFLOW,OECD.SDD.NAD:DSD_NAMAIN10@DF_TABLE3_POP_EMPNC(2.0),"Annual population and employment, national concept",I,A,Annual,ISL,Iceland,S1,Total economy,S1,Total economy,POP,Total population,_Z,Not applicable,_Z,Not applicable,_Z,Not applicable,PS,Persons,_Z,Not applicable,N,Non transformed data,T0110,Table 0110 - Population and employment,1988,,249.885,,,,F,Free (free for publication),2,Two,A,Normal value,3,Thousands,_Z,Not applicable
DATAFLOW,OECD.SDD.NAD:DSD_NAMAIN10@DF_TABLE3_POP_EMPNC(2.0),"Annual population and employment, national concept",I,A,Annual,ITA,Italy,S1,Total economy,S1,Total economy,POP,Total population,_Z,Not applicable,_Z,Not applicable,_Z,Not applicable,PS,Persons,_Z,Not applicable,N,Non transformed data,T0110,Table 0110 - Population and employment,1988,,56629.3,,,,F,Free (free for publication),2,Two,A,Normal value,3,Thousands,_Z,Not applicable
DATAFLOW,OECD.SDD.NAD:DSD_NAMAIN10@DF_TABLE3_POP_EMPNC(2.0),"Annual population and employment, national concept",I,A,Annual,KOR,Korea,S1,Total economy,S1,Total economy,POP,Total population,_Z,Not applicable,_Z,Not applicable,_Z,Not applicable,PS,Persons,_Z,Not applicable,N,Non transformed data,T0110,Table 0110 - Population and employment,1988,,42031,,,,F,Free (free for publication),2,Two,A,Normal value,3,Thousands,_Z,Not applicable
DATAFLOW,OECD.SDD.NAD:DSD_NAMAIN10@DF_TABLE3_POP_EMPNC(2.0),"Annual population and employment, national concept",I,A,Annual,NZL,New Zealand,S1,Total economy,S1,Total economy,POP,Total population,_Z,Not applicable,_Z,Not applicable,_Z,Not applicable,PS,Persons,_Z,Not applicable,N,Non transformed data,T0110,Table 0110 - Population and employment,1988,,3318,,,,F,Free (free for publication),2,Two,A,Normal value,3,Thousands,_Z,Not applicable
DATAFLOW,OECD.SDD.NAD:DSD_NAMAIN10@DF_TABLE3_POP_EMPNC(2.0),"Annual population and employment, national concept",I,A,Annual,ESP,Spain,S1,Total economy,S1,Total economy,POP,Total population,_Z,Not applicable,_Z,Not applicable,_Z,Not applicable,PS,Persons,_Z,Not applicable,N,Non transformed data,T0110,Table 0110 - Population and employment,1988,,39206.49766,,,,F,Free (free for publication),2,Two,A,Normal value,3,Thousands,_Z,Not applicable
DATAFLOW,OECD.SDD.NAD:DSD_NAMAIN10@DF_TABLE3_POP_EMPNC(2.0),"Annual population and employment, national concept",I,A,Annual,GBR,United Kingdom,S1,Total economy,S1,Total economy,POP,Total population,_Z,Not applicable,_Z,Not applicable,_Z,Not applicable,PS,Persons,_Z,Not applicable,N,Non transformed data,T0110,Table 0110 - Population and employment,1988,,56916,,,,F,Free (free for publication),2,Two,A,Normal value,3,Thousands,_Z,Not applicable
DATAFLOW,OECD.SDD.NAD:DSD_NAMAIN10@DF_TABLE3_POP_EMPNC(2.0),"Annual population and employment, national concept",I,A,Annual,USA,United States,S1,Total economy,S1,Total economy,POP,Total population,_Z,Not applicable,_Z,Not applicable,_Z,Not applicable,PS,Persons,_Z,Not applicable,N,Non transformed data,T0110,Table 0110 - Population and employment,1988,,245061,,,,F,Free (free for publication),2,Two,A,Normal value,3,Thousands,_Z,Not applicable
DATAFLOW,OECD.SDD.NAD:DSD_NAMAIN10@DF_TABLE3_POP_EMPNC(2.0),"Annual population and employment, national concept",I,A,Annual,AUS,Australia,S1,Total economy,S1,Total economy,POP,Total population,_Z,Not applicable,_Z,Not applicable,_Z,Not applicable,PS,Persons,_Z,Not applicable,N,Non transformed data,T0110,Table 0110 - Population and employment,1989,,16814.4,,,,F,Free (free for publication),2,Two,A,Normal value,3,Thousands,_Z,Not applicable
DATAFLOW,OECD.SDD.NAD:DSD_NAMAIN10@DF_TABLE3_POP_EMPNC(2.0),"Annual population and employment, national concept",I,A,Annual,CAN,Canada,S1,Total economy,S1,Total economy,POP,Total population,_Z,Not applicable,_Z,Not applicable,_Z,Not applicable,PS,Persons,_Z,Not applicable,N,Non transformed data,T0110,Table 0110 - Population and employment,1989,,27276.781,,,,F,Free (free for publication),2,Two,A,Normal value,3,Thousands,_Z,Not applicable
DATAFLOW,OECD.SDD.NAD:DSD_NAMAIN10@DF_TABLE3_POP_EMPNC(2.0),"Annual population and employment, national concept",I,A,Annual,CHL,Chile,S1,Total economy,S1,Total economy,POP,Total population,_Z,Not applicable,_Z,Not applicable,_Z,Not applicable,PS,Persons,_Z,Not applicable,N,Non transformed data,T0110,Table 0110 - Population and employment,1989,,12963.457,,,,F,Free (free for publication),2,Two,A,Normal value,3,Thousands,_Z,Not applicable
DATAFLOW,OECD.SDD.NAD:DSD_NAMAIN10@DF_TABLE3_POP_EMPNC(2.0),"Annual population and employment, national concept",I,A,Annual,CRI,Costa Rica,S1,Total economy,S1,Total economy,POP,Total population,_Z,Not applicable,_Z,Not applicable,_Z,Not applicable,PS,Persons,_Z,Not applicable,N,Non transformed data,T0110,Table 0110 - Population and employment,1989,,2960.255,,,,F,Free (free for publication),2,Two,A,Normal value,3,Thousands,_Z,Not applicable
DATAFLOW,OECD.SDD.NAD:DSD_NAMAIN10@DF_TABLE3_POP_EMPNC(2.0),"Annual population and employment, national concept",I,A,Annual,DNK,Denmark,S1,Total economy,S1,Total economy,POP,Total population,_Z,Not applicable,_Z,Not applicable,_Z,Not applicable,PS,Persons,_Z,Not applicable,N,Non transformed data,T0110,Table 0110 - Population and employment,1989,,5131.881,,,,F,Free (free for publication),2,Two,A,Normal value,3,Thousands,_Z,Not applicable
DATAFLOW,OECD.SDD.NAD:DSD_NAMAIN10@DF_TABLE3_POP_EMPNC(2.0),"Annual population and employment, national concept",I,A,Annual,FIN,Finland,S1,Total economy,S1,Total economy,POP,Total population,_Z,Not applicable,_Z,Not applicable,_Z,Not applicable,PS,Persons,_Z,Not applicable,N,Non transformed data,T0110,Table 0110 - Population and employment,1989,,4964.4,,,,F,Free (free for publication),2,Two,A,Normal value,3,Thousands,_Z,Not applicable
DATAFLOW,OECD.SDD.NAD:DSD_NAMAIN10@DF_TABLE3_POP_EMPNC(2.0),"Annual population and employment, national concept",I,A,Annual,DEU,Germany,S1,Total economy,S1,Total economy,POP,Total population,_Z,Not applicable,_Z,Not applicable,_Z,Not applicable,PS,Persons,_Z,Not applicable,N,Non transformed data,T0110,Table 0110 - Population and employment,1989,,78677,,,,F,Free (free for publication),2,Two,A,Normal value,3,Thousands,_Z,Not applicable
DATAFLOW,OECD.SDD.NAD:DSD_NAMAIN10@DF_TABLE3_POP_EMPNC(2.0),"Annual population and employment, national concept",I,A,Annual,ISL,Iceland,S1,Total economy,S1,Total economy,POP,Total population,_Z,Not applicable,_Z,Not applicable,_Z,Not applicable,PS,Persons,_Z,Not applicable,N,Non transformed data,T0110,Table 0110 - Population and employment,1989,,252.746,,,,F,Free (free for publication),2,Two,A,Normal value,3,Thousands,_Z,Not applicable
DATAFLOW,OECD.SDD.NAD:DSD_NAMAIN10@DF_TABLE3_POP_EMPNC(2.0),"Annual population and employment, national concept",I,A,Annual,ITA,Italy,S1,Total economy,S1,Total economy,POP,Total population,_Z,Not applicable,_Z,Not applicable,_Z,Not applicable,PS,Persons,_Z,Not applicable,N,Non transformed data,T0110,Table 0110 - Population and employment,1989,,56671.8,,,,F,Free (free for publication),2,Two,A,Normal value,3,Thousands,_Z,Not applicable
DATAFLOW,OECD.SDD.NAD:DSD_NAMAIN10@DF_TABLE3_POP_EMPNC(2.0),"Annual population and employment, national concept",I,A,Annual,KOR,Korea,S1,Total economy,S1,Total economy,POP,Total population,_Z,Not applicable,_Z,Not applicable,_Z,Not applicable,PS,Persons,_Z,Not applicable,N,Non transformed data,T0110,Table 0110 - Population and employment,1989,,42449,,,,F,Free (free for publication),2,Two,A,Normal value,3,Thousands,_Z,Not applicable
DATAFLOW,OECD.SDD.NAD:DSD_NAMAIN10@DF_TABLE3_POP_EMPNC(2.0),"Annual population and employment, national concept",I,A,Annual,NZL,New Zealand,S1,Total economy,S1,Total economy,POP,Total population,_Z,Not applicable,_Z,Not applicable,_Z,Not applicable,PS,Persons,_Z,Not applicable,N,Non transformed data,T0110,Table 0110 - Population and employment,1989,,3337,,,,F,Free (free for publication),2,Two,A,Normal value,3,Thousands,_Z,Not applicable
DATAFLOW,OECD.SDD.NAD:DSD_NAMAIN10@DF_TABLE3_POP_EMPNC(2.0),"Annual population and employment, national concept",I,A,Annual,ESP,Spain,S1,Total economy,S1,Total economy,POP,Total population,_Z,Not applicable,_Z,Not applicable,_Z,Not applicable,PS,Persons,_Z,Not applicable,N,Non transformed data,T0110,Table 0110 - Population and employment,1989,,39282.445882,,,,F,Free (free for publication),2,Two,A,Normal value,3,Thousands,_Z,Not applicable
DATAFLOW,OECD.SDD.NAD:DSD_NAMAIN10@DF_TABLE3_POP_EMPNC(2.0),"Annual population and employment, national concept",I,A,Annual,GBR,United Kingdom,S1,Total economy,S1,Total economy,POP,Total population,_Z,Not applicable,_Z,Not applicable,_Z,Not applicable,PS,Persons,_Z,Not applicable,N,Non transformed data,T0110,Table 0110 - Population and employment,1989,,57077,,,,F,Free (free for publication),2,Two,A,Normal value,3,Thousands,_Z,Not applicable
DATAFLOW,OECD.SDD.NAD:DSD_NAMAIN10@DF_TABLE3_POP_EMPNC(2.0),"Annual population and employment, national concept",I,A,Annual,USA,United States,S1,Total economy,S1,Total economy,POP,Total population,_Z,Not applicable,_Z,Not applicable,_Z,Not applicable,PS,Persons,_Z,Not applicable,N,Non transformed data,T0110,Table 0110 - Population and employment,1989,,247387,,,,F,Free (free for publication),2,Two,A,Normal value,3,Thousands,_Z,Not applicable
DATAFLOW,OECD.SDD.NAD:DSD_NAMAIN10@DF_TABLE3_POP_EMPNC(2.0),"Annual population and employment, national concept",I,A,Annual,AUS,Australia,S1,Total economy,S1,Total economy,POP,Total population,_Z,Not applicable,_Z,Not applicable,_Z,Not applicable,PS,Persons,_Z,Not applicable,N,Non transformed data,T0110,Table 0110 - Population and employment,1990,,17065.1,,,,F,Free (free for publication),2,Two,A,Normal value,3,Thousands,_Z,Not applicable
DATAFLOW,OECD.SDD.NAD:DSD_NAMAIN10@DF_TABLE3_POP_EMPNC(2.0),"Annual population and employment, national concept",I,A,Annual,CAN,Canada,S1,Total economy,S1,Total economy,POP,Total population,_Z,Not applicable,_Z,Not applicable,_Z,Not applicable,PS,Persons,_Z,Not applicable,N,Non transformed data,T0110,Table 0110 - Population and employment,1990,,27691.138,,,,F,Free (free for publication),2,Two,A,Normal value,3,Thousands,_Z,Not applicable
DATAFLOW,OECD.SDD.NAD:DSD_NAMAIN10@DF_TABLE3_POP_EMPNC(2.0),"Annual population and employment, national concept",I,A,Annual,CHL,Chile,S1,Total economy,S1,Total economy,POP,Total population,_Z,Not applicable,_Z,Not applicable,_Z,Not applicable,PS,Persons,_Z,Not applicable,N,Non transformed data,T0110,Table 0110 - Population and employment,1990,,13178.782,,,,F,Free (free for publication),2,Two,A,Normal value,3,Thousands,_Z,Not applicable
DATAFLOW,OECD.SDD.NAD:DSD_NAMAIN10@DF_TABLE3_POP_EMPNC(2.0),"Annual population and employment, national concept",I,A,Annual,CRI,Costa Rica,S1,Total economy,S1,Total economy,POP,Total population,_Z,Not applicable,_Z,Not applicable,_Z,Not applicable,PS,Persons,_Z,Not applicable,N,Non transformed data,T0110,Table 0110 - Population and employment,1990,,3029.093,,,,F,Free (free for publication),2,Two,A,Normal value,3,Thousands,_Z,Not applicable
DATAFLOW,OECD.SDD.NAD:DSD_NAMAIN10@DF_TABLE3_POP_EMPNC(2.0),"Annual population and employment, national concept",I,A,Annual,DNK,Denmark,S1,Total economy,S1,Total economy,POP,Total population,_Z,Not applicable,_Z,Not applicable,_Z,Not applicable,PS,Persons,_Z,Not applicable,N,Non transformed data,T0110,Table 0110 - Population and employment,1990,,5140.29,,,,F,Free (free for publication),2,Two,A,Normal value,3,Thousands,_Z,Not applicable
DATAFLOW,OECD.SDD.NAD:DSD_NAMAIN10@DF_TABLE3_POP_EMPNC(2.0),"Annual population and employment, national concept",I,A,Annual,FIN,Finland,S1,Total economy,S1,Total economy,POP,Total population,_Z,Not applicable,_Z,Not applicable,_Z,Not applicable,PS,Persons,_Z,Not applicable,N,Non transformed data,T0110,Table 0110 - Population and employment,1990,,4986.4,,,,F,Free (free for publication),2,Two,A,Normal value,3,Thousands,_Z,Not applicable
DATAFLOW,OECD.SDD.NAD:DSD_NAMAIN10@DF_TABLE3_POP_EMPNC(2.0),"Annual population and employment, national concept",I,A,Annual,DEU,Germany,S1,Total economy,S1,Total economy,POP,Total population,_Z,Not applicable,_Z,Not applicable,_Z,Not applicable,PS,Persons,_Z,Not applicable,N,Non transformed data,T0110,Table 0110 - Population and employment,1990,,79364,,,,F,Free (free for publication),2,Two,A,Normal value,3,Thousands,_Z,Not applicable
DATAFLOW,OECD.SDD.NAD:DSD_NAMAIN10@DF_TABLE3_POP_EMPNC(2.0),"Annual population and employment, national concept",I,A,Annual,ISL,Iceland,S1,Total economy,S1,Total economy,POP,Total population,_Z,Not applicable,_Z,Not applicable,_Z,Not applicable,PS,Persons,_Z,Not applicable,N,Non transformed data,T0110,Table 0110 - Population and employment,1990,,254.788,,,,F,Free (free for publication),2,Two,A,Normal value,3,Thousands,_Z,Not applicable
DATAFLOW,OECD.SDD.NAD:DSD_NAMAIN10@DF_TABLE3_POP_EMPNC(2.0),"Annual population and employment, national concept",I,A,Annual,IRL,Ireland,S1,Total economy,S1,Total economy,POP,Total population,_Z,Not applicable,_Z,Not applicable,_Z,Not applicable,PS,Persons,_Z,Not applicable,N,Non transformed data,T0110,Table 0110 - Population and employment,1990,,3506,,,,F,Free (free for publication),2,Two,A,Normal value,3,Thousands,_Z,Not applicable
DATAFLOW,OECD.SDD.NAD:DSD_NAMAIN10@DF_TABLE3_POP_EMPNC(2.0),"Annual population and employment, national concept",I,A,Annual,ITA,Italy,S1,Total economy,S1,Total economy,POP,Total population,_Z,Not applicable,_Z,Not applicable,_Z,Not applicable,PS,Persons,_Z,Not applicable,N,Non transformed data,T0110,Table 0110 - Population and employment,1990,,56719.2,,,,F,Free (free for publication),2,Two,A,Normal value,3,Thousands,_Z,Not applicable
DATAFLOW,OECD.SDD.NAD:DSD_NAMAIN10@DF_TABLE3_POP_EMPNC(2.0),"Annual population and employment, national concept",I,A,Annual,KOR,Korea,S1,Total economy,S1,Total economy,POP,Total population,_Z,Not applicable,_Z,Not applicable,_Z,Not applicable,PS,Persons,_Z,Not applicable,N,Non transformed data,T0110,Table 0110 - Population and employment,1990,,42869,,,,F,Free (free for publication),2,Two,A,Normal value,3,Thousands,_Z,Not applicable
DATAFLOW,OECD.SDD.NAD:DSD_NAMAIN10@DF_TABLE3_POP_EMPNC(2.0),"Annual population and employment, national concept",I,A,Annual,NZL,New Zealand,S1,Total economy,S1,Total economy,POP,Total population,_Z,Not applicable,_Z,Not applicable,_Z,Not applicable,PS,Persons,_Z,Not applicable,N,Non transformed data,T0110,Table 0110 - Population and employment,1990,,3373,,,,F,Free (free for publication),2,Two,A,Normal value,3,Thousands,_Z,Not applicable
DATAFLOW,OECD.SDD.NAD:DSD_NAMAIN10@DF_TABLE3_POP_EMPNC(2.0),"Annual population and employment, national concept",I,A,Annual,ESP,Spain,S1,Total economy,S1,Total economy,POP,Total population,_Z,Not applicable,_Z,Not applicable,_Z,Not applicable,PS,Persons,_Z,Not applicable,N,Non transformed data,T0110,Table 0110 - Population and employment,1990,,39342.191817,,,,F,Free (free for publication),2,Two,A,Normal value,3,Thousands,_Z,Not applicable
DATAFLOW,OECD.SDD.NAD:DSD_NAMAIN10@DF_TABLE3_POP_EMPNC(2.0),"Annual population and employment, national concept",I,A,Annual,GBR,United Kingdom,S1,Total economy,S1,Total economy,POP,Total population,_Z,Not applicable,_Z,Not applicable,_Z,Not applicable,PS,Persons,_Z,Not applicable,N,Non transformed data,T0110,Table 0110 - Population and employment,1990,,57238,,,,F,Free (free for publication),2,Two,A,Normal value,3,Thousands,_Z,Not applicable
DATAFLOW,OECD.SDD.NAD:DSD_NAMAIN10@DF_TABLE3_POP_EMPNC(2.0),"Annual population and employment, national concept",I,A,Annual,USA,United States,S1,Total economy,S1,Total economy,POP,Total population,_Z,Not applicable,_Z,Not applicable,_Z,Not applicable,PS,Persons,_Z,Not applicable,N,Non transformed data,T0110,Table 0110 - Population and employment,1990,,250181,,,,F,Free (free for publication),2,Two,A,Normal value,3,Thousands,_Z,Not applicable
DATAFLOW,OECD.SDD.NAD:DSD_NAMAIN10@DF_TABLE3_POP_EMPNC(2.0),"Annual population and employment, national concept",I,A,Annual,AUS,Australia,S1,Total economy,S1,Total economy,POP,Total population,_Z,Not applicable,_Z,Not applicable,_Z,Not applicable,PS,Persons,_Z,Not applicable,N,Non transformed data,T0110,Table 0110 - Population and employment,1991,,17284,,,,F,Free (free for publication),2,Two,A,Normal value,3,Thousands,_Z,Not applicable
DATAFLOW,OECD.SDD.NAD:DSD_NAMAIN10@DF_TABLE3_POP_EMPNC(2.0),"Annual population and employment, national concept",I,A,Annual,CAN,Canada,S1,Total economy,S1,Total economy,POP,Total population,_Z,Not applicable,_Z,Not applicable,_Z,Not applicable,PS,Persons,_Z,Not applicable,N,Non transformed data,T0110,Table 0110 - Population and employment,1991,,28037.42,,,,F,Free (free for publication),2,Two,A,Normal value,3,Thousands,_Z,Not applicable
DATAFLOW,OECD.SDD.NAD:DSD_NAMAIN10@DF_TABLE3_POP_EMPNC(2.0),"Annual population and employment, national concept",I,A,Annual,CHL,Chile,S1,Total economy,S1,Total economy,POP,Total population,_Z,Not applicable,_Z,Not applicable,_Z,Not applicable,PS,Persons,_Z,Not applicable,N,Non transformed data,T0110,Table 0110 - Population and employment,1991,,13422.01,,,,F,Free (free for publication),2,Two,A,Normal value,3,Thousands,_Z,Not applicable
DATAFLOW,OECD.SDD.NAD:DSD_NAMAIN10@DF_TABLE3_POP_EMPNC(2.0),"Annual population and employment, national concept",I,A,Annual,CRI,Costa Rica,S1,Total economy,S1,Total economy,POP,Total population,_Z,Not applicable,_Z,Not applicable,_Z,Not applicable,PS,Persons,_Z,Not applicable,N,Non transformed data,T0110,Table 0110 - Population and employment,1991,,3099.339,,,,F,Free (free for publication),2,Two,A,Normal value,3,Thousands,_Z,Not applicable
DATAFLOW,OECD.SDD.NAD:DSD_NAMAIN10@DF_TABLE3_POP_EMPNC(2.0),"Annual population and employment, national concept",I,A,Annual,DNK,Denmark,S1,Total economy,S1,Total economy,POP,Total population,_Z,Not applicable,_Z,Not applicable,_Z,Not applicable,PS,Persons,_Z,Not applicable,N,Non transformed data,T0110,Table 0110 - Population and employment,1991,,5154.09,,,,F,Free (free for publication),2,Two,A,Normal value,3,Thousands,_Z,Not applicable
DATAFLOW,OECD.SDD.NAD:DSD_NAMAIN10@DF_TABLE3_POP_EMPNC(2.0),"Annual population and employment, national concept",I,A,Annual,FIN,Finland,S1,Total economy,S1,Total economy,POP,Total population,_Z,Not applicable,_Z,Not applicable,_Z,Not applicable,PS,Persons,_Z,Not applicable,N,Non transformed data,T0110,Table 0110 - Population and employment,1991,,5013.7,,,,F,Free (free for publication),2,Two,A,Normal value,3,Thousands,_Z,Not applicable
DATAFLOW,OECD.SDD.NAD:DSD_NAMAIN10@DF_TABLE3_POP_EMPNC(2.0),"Annual population and employment, national concept",I,A,Annual,FRA,France,S1,Total economy,S1,Total economy,POP,Total population,_Z,Not applicable,_Z,Not applicable,_Z,Not applicable,PS,Persons,_Z,Not applicable,N,Non transformed data,T0110,Table 0110 - Population and employment,1991,,58459,,,,F,Free (free for publication),2,Two,A,Normal value,3,Thousands,_Z,Not applicable
DATAFLOW,OECD.SDD.NAD:DSD_NAMAIN10@DF_TABLE3_POP_EMPNC(2.0),"Annual population and employment, national concept",I,A,Annual,DEU,Germany,S1,Total economy,S1,Total economy,POP,Total population,_Z,Not applicable,_Z,Not applicable,_Z,Not applicable,PS,Persons,_Z,Not applicable,N,Non transformed data,T0110,Table 0110 - Population and employment,1991,,79973,,,,F,Free (free for publication),2,Two,A,Normal value,3,Thousands,_Z,Not applicable
DATAFLOW,OECD.SDD.NAD:DSD_NAMAIN10@DF_TABLE3_POP_EMPNC(2.0),"Annual population and employment, national concept",I,A,Annual,IRL,Ireland,S1,Total economy,S1,Total economy,POP,Total population,_Z,Not applicable,_Z,Not applicable,_Z,Not applicable,PS,Persons,_Z,Not applicable,N,Non transformed data,T0110,Table 0110 - Population and employment,1991,,3526,,,,F,Free (free for publication),2,Two,A,Normal value,3,Thousands,_Z,Not applicable
DATAFLOW,OECD.SDD.NAD:DSD_NAMAIN10@DF_TABLE3_POP_EMPNC(2.0),"Annual population and employment, national concept",I,A,Annual,ITA,Italy,S1,Total economy,S1,Total economy,POP,Total population,_Z,Not applicable,_Z,Not applicable,_Z,Not applicable,PS,Persons,_Z,Not applicable,N,Non transformed data,T0110,Table 0110 - Population and employment,1991,,56775.5,,,,F,Free (free for publication),2,Two,A,Normal value,3,Thousands,_Z,Not applicable
DATAFLOW,OECD.SDD.NAD:DSD_NAMAIN10@DF_TABLE3_POP_EMPNC(2.0),"Annual population and employment, national concept",I,A,Annual,KOR,Korea,S1,Total economy,S1,Total economy,POP,Total population,_Z,Not applicable,_Z,Not applicable,_Z,Not applicable,PS,Persons,_Z,Not applicable,N,Non transformed data,T0110,Table 0110 - Population and employment,1991,,43296,,,,F,Free (free for publication),2,Two,A,Normal value,3,Thousands,_Z,Not applicable
DATAFLOW,OECD.SDD.NAD:DSD_NAMAIN10@DF_TABLE3_POP_EMPNC(2.0),"Annual population and employment, national concept",I,A,Annual,ESP,Spain,S1,Total economy,S1,Total economy,POP,Total population,_Z,Not applicable,_Z,Not applicable,_Z,Not applicable,PS,Persons,_Z,Not applicable,N,Non transformed data,T0110,Table 0110 - Population and employment,1991,,39411.962917,,,,F,Free (free for publication),2,Two,A,Normal value,3,Thousands,_Z,Not applicable
DATAFLOW,OECD.SDD.NAD:DSD_NAMAIN10@DF_TABLE3_POP_EMPNC(2.0),"Annual population and employment, national concept",I,A,Annual,GBR,United Kingdom,S1,Total economy,S1,Total economy,POP,Total population,_Z,Not applicable,_Z,Not applicable,_Z,Not applicable,PS,Persons,_Z,Not applicable,N,Non transformed data,T0110,Table 0110 - Population and employment,1991,,57439,,,,F,Free (free for publication),2,Two,A,Normal value,3,Thousands,_Z,Not applicable
DATAFLOW,OECD.SDD.NAD:DSD_NAMAIN10@DF_TABLE3_POP_EMPNC(2.0),"Annual population and employment, national concept",I,A,Annual,USA,United States,S1,Total economy,S1,Total economy,POP,Total population,_Z,Not applicable,_Z,Not applicable,_Z,Not applicable,PS,Persons,_Z,Not applicable,N,Non transformed data,T0110,Table 0110 - Population and employment,1991,,253530,,,,F,Free (free for publication),2,Two,A,Normal value,3,Thousands,_Z,Not applicable
DATAFLOW,OECD.SDD.NAD:DSD_NAMAIN10@DF_TABLE3_POP_EMPNC(2.0),"Annual population and employment, national concept",I,A,Annual,AUS,Australia,S1,Total economy,S1,Total economy,POP,Total population,_Z,Not applicable,_Z,Not applicable,_Z,Not applicable,PS,Persons,_Z,Not applicable,N,Non transformed data,T0110,Table 0110 - Population and employment,1992,,17478.6,,,,F,Free (free for publication),2,Two,A,Normal value,3,Thousands,_Z,Not applicable
DATAFLOW,OECD.SDD.NAD:DSD_NAMAIN10@DF_TABLE3_POP_EMPNC(2.0),"Annual population and employment, national concept",I,A,Annual,CAN,Canada,S1,Total economy,S1,Total economy,POP,Total population,_Z,Not applicable,_Z,Not applicable,_Z,Not applicable,PS,Persons,_Z,Not applicable,N,Non transformed data,T0110,Table 0110 - Population and employment,1992,,28371.264,,,,F,Free (free for publication),2,Two,A,Normal value,3,Thousands,_Z,Not applicable
DATAFLOW,OECD.SDD.NAD:DSD_NAMAIN10@DF_TABLE3_POP_EMPNC(2.0),"Annual population and employment, national concept",I,A,Annual,CHL,Chile,S1,Total economy,S1,Total economy,POP,Total population,_Z,Not applicable,_Z,Not applicable,_Z,Not applicable,PS,Persons,_Z,Not applicable,N,Non transformed data,T0110,Table 0110 - Population and employment,1992,,13665.241,,,,F,Free (free for publication),2,Two,A,Normal value,3,Thousands,_Z,Not applicable
DATAFLOW,OECD.SDD.NAD:DSD_NAMAIN10@DF_TABLE3_POP_EMPNC(2.0),"Annual population and employment, national concept",I,A,Annual,CRI,Costa Rica,S1,Total economy,S1,Total economy,POP,Total population,_Z,Not applicable,_Z,Not applicable,_Z,Not applicable,PS,Persons,_Z,Not applicable,N,Non transformed data,T0110,Table 0110 - Population and employment,1992,,3168.612,,,,F,Free (free for publication),2,Two,A,Normal value,3,Thousands,_Z,Not applicable
DATAFLOW,OECD.SDD.NAD:DSD_NAMAIN10@DF_TABLE3_POP_EMPNC(2.0),"Annual population and employment, national concept",I,A,Annual,DNK,Denmark,S1,Total economy,S1,Total economy,POP,Total population,_Z,Not applicable,_Z,Not applicable,_Z,Not applicable,PS,Persons,_Z,Not applicable,N,Non transformed data,T0110,Table 0110 - Population and employment,1992,,5171.046,,,,F,Free (free for publication),2,Two,A,Normal value,3,Thousands,_Z,Not applicable
DATAFLOW,OECD.SDD.NAD:DSD_NAMAIN10@DF_TABLE3_POP_EMPNC(2.0),"Annual population and employment, national concept",I,A,Annual,FIN,Finland,S1,Total economy,S1,Total economy,POP,Total population,_Z,Not applicable,_Z,Not applicable,_Z,Not applicable,PS,Persons,_Z,Not applicable,N,Non transformed data,T0110,Table 0110 - Population and employment,1992,,5042,,,,F,Free (free for publication),2,Two,A,Normal value,3,Thousands,_Z,Not applicable
DATAFLOW,OECD.SDD.NAD:DSD_NAMAIN10@DF_TABLE3_POP_EMPNC(2.0),"Annual population and employment, national concept",I,A,Annual,DEU,Germany,S1,Total economy,S1,Total economy,POP,Total population,_Z,Not applicable,_Z,Not applicable,_Z,Not applicable,PS,Persons,_Z,Not applicable,N,Non transformed data,T0110,Table 0110 - Population and employment,1992,,80500,,,,F,Free (free for publication),2,Two,A,Normal value,3,Thousands,_Z,Not applicable
DATAFLOW,OECD.SDD.NAD:DSD_NAMAIN10@DF_TABLE3_POP_EMPNC(2.0),"Annual population and employment, national concept",I,A,Annual,IRL,Ireland,S1,Total economy,S1,Total economy,POP,Total population,_Z,Not applicable,_Z,Not applicable,_Z,Not applicable,PS,Persons,_Z,Not applicable,N,Non transformed data,T0110,Table 0110 - Population and employment,1992,,3555,,,,F,Free (free for publication),2,Two,A,Normal value,3,Thousands,_Z,Not applicable
DATAFLOW,OECD.SDD.NAD:DSD_NAMAIN10@DF_TABLE3_POP_EMPNC(2.0),"Annual population and employment, national concept",I,A,Annual,ITA,Italy,S1,Total economy,S1,Total economy,POP,Total population,_Z,Not applicable,_Z,Not applicable,_Z,Not applicable,PS,Persons,_Z,Not applicable,N,Non transformed data,T0110,Table 0110 - Population and employment,1992,,56797.1,,,,F,Free (free for publication),2,Two,A,Normal value,3,Thousands,_Z,Not applicable
DATAFLOW,OECD.SDD.NAD:DSD_NAMAIN10@DF_TABLE3_POP_EMPNC(2.0),"Annual population and employment, national concept",I,A,Annual,KOR,Korea,S1,Total economy,S1,Total economy,POP,Total population,_Z,Not applicable,_Z,Not applicable,_Z,Not applicable,PS,Persons,_Z,Not applicable,N,Non transformed data,T0110,Table 0110 - Population and employment,1992,,43748,,,,F,Free (free for publication),2,Two,A,Normal value,3,Thousands,_Z,Not applicable
DATAFLOW,OECD.SDD.NAD:DSD_NAMAIN10@DF_TABLE3_POP_EMPNC(2.0),"Annual population and employment, national concept",I,A,Annual,PRT,Portugal,S1,Total economy,S1,Total economy,POP,Total population,_Z,Not applicable,_Z,Not applicable,_Z,Not applicable,PS,Persons,_Z,Not applicable,N,Non transformed data,T0110,Table 0110 - Population and employment,1992,,9962.7,,,,F,Free (free for publication),2,Two,A,Normal value,3,Thousands,_Z,Not applicable
DATAFLOW,OECD.SDD.NAD:DSD_NAMAIN10@DF_TABLE3_POP_EMPNC(2.0),"Annual population and employment, national concept",I,A,Annual,ESP,Spain,S1,Total economy,S1,Total economy,POP,Total population,_Z,Not applicable,_Z,Not applicable,_Z,Not applicable,PS,Persons,_Z,Not applicable,N,Non transformed data,T0110,Table 0110 - Population and employment,1992,,39504.113427,,,,F,Free (free for publication),2,Two,A,Normal value,3,Thousands,_Z,Not applicable
DATAFLOW,OECD.SDD.NAD:DSD_NAMAIN10@DF_TABLE3_POP_EMPNC(2.0),"Annual population and employment, national concept",I,A,Annual,GBR,United Kingdom,S1,Total economy,S1,Total economy,POP,Total population,_Z,Not applicable,_Z,Not applicable,_Z,Not applicable,PS,Persons,_Z,Not applicable,N,Non transformed data,T0110,Table 0110 - Population and employment,1992,,57585,,,,F,Free (free for publication),2,Two,A,Normal value,3,Thousands,_Z,Not applicable
DATAFLOW,OECD.SDD.NAD:DSD_NAMAIN10@DF_TABLE3_POP_EMPNC(2.0),"Annual population and employment, national concept",I,A,Annual,USA,United States,S1,Total economy,S1,Total economy,POP,Total population,_Z,Not applicable,_Z,Not applicable,_Z,Not applicable,PS,Persons,_Z,Not applicable,N,Non transformed data,T0110,Table 0110 - Population and employment,1992,,256922,,,,F,Free (free for publication),2,Two,A,Normal value,3,Thousands,_Z,Not applicable
DATAFLOW,OECD.SDD.NAD:DSD_NAMAIN10@DF_TABLE3_POP_EMPNC(2.0),"Annual population and employment, national concept",I,A,Annual,AUS,Australia,S1,Total economy,S1,Total economy,POP,Total population,_Z,Not applicable,_Z,Not applicable,_Z,Not applicable,PS,Persons,_Z,Not applicable,N,Non transformed data,T0110,Table 0110 - Population and employment,1993,,17634.8,,,,F,Free (free for publication),2,Two,A,Normal value,3,Thousands,_Z,Not applicable
DATAFLOW,OECD.SDD.NAD:DSD_NAMAIN10@DF_TABLE3_POP_EMPNC(2.0),"Annual population and employment, national concept",I,A,Annual,CAN,Canada,S1,Total economy,S1,Total economy,POP,Total population,_Z,Not applicable,_Z,Not applicable,_Z,Not applicable,PS,Persons,_Z,Not applicable,N,Non transformed data,T0110,Table 0110 - Population and employment,1993,,28684.764,,,,F,Free (free for publication),2,Two,A,Normal value,3,Thousands,_Z,Not applicable
DATAFLOW,OECD.SDD.NAD:DSD_NAMAIN10@DF_TABLE3_POP_EMPNC(2.0),"Annual population and employment, national concept",I,A,Annual,CHL,Chile,S1,Total economy,S1,Total economy,POP,Total population,_Z,Not applicable,_Z,Not applicable,_Z,Not applicable,PS,Persons,_Z,Not applicable,N,Non transformed data,T0110,Table 0110 - Population and employment,1993,,13908.473,,,,F,Free (free for publication),2,Two,A,Normal value,3,Thousands,_Z,Not applicable
DATAFLOW,OECD.SDD.NAD:DSD_NAMAIN10@DF_TABLE3_POP_EMPNC(2.0),"Annual population and employment, national concept",I,A,Annual,CRI,Costa Rica,S1,Total economy,S1,Total economy,POP,Total population,_Z,Not applicable,_Z,Not applicable,_Z,Not applicable,PS,Persons,_Z,Not applicable,N,Non transformed data,T0110,Table 0110 - Population and employment,1993,,3238.595,,,,F,Free (free for publication),2,Two,A,Normal value,3,Thousands,_Z,Not applicable
DATAFLOW,OECD.SDD.NAD:DSD_NAMAIN10@DF_TABLE3_POP_EMPNC(2.0),"Annual population and employment, national concept",I,A,Annual,DNK,Denmark,S1,Total economy,S1,Total economy,POP,Total population,_Z,Not applicable,_Z,Not applicable,_Z,Not applicable,PS,Persons,_Z,Not applicable,N,Non transformed data,T0110,Table 0110 - Population and employment,1993,,5189.326,,,,F,Free (free for publication),2,Two,A,Normal value,3,Thousands,_Z,Not applicable
DATAFLOW,OECD.SDD.NAD:DSD_NAMAIN10@DF_TABLE3_POP_EMPNC(2.0),"Annual population and employment, national concept",I,A,Annual,FIN,Finland,S1,Total economy,S1,Total economy,POP,Total population,_Z,Not applicable,_Z,Not applicable,_Z,Not applicable,PS,Persons,_Z,Not applicable,N,Non transformed data,T0110,Table 0110 - Population and employment,1993,,5066.4,,,,F,Free (free for publication),2,Two,A,Normal value,3,Thousands,_Z,Not applicable
DATAFLOW,OECD.SDD.NAD:DSD_NAMAIN10@DF_TABLE3_POP_EMPNC(2.0),"Annual population and employment, national concept",I,A,Annual,DEU,Germany,S1,Total economy,S1,Total economy,POP,Total population,_Z,Not applicable,_Z,Not applicable,_Z,Not applicable,PS,Persons,_Z,Not applicable,N,Non transformed data,T0110,Table 0110 - Population and employment,1993,,80946,,,,F,Free (free for publication),2,Two,A,Normal value,3,Thousands,_Z,Not applicable
DATAFLOW,OECD.SDD.NAD:DSD_NAMAIN10@DF_TABLE3_POP_EMPNC(2.0),"Annual population and employment, national concept",I,A,Annual,IRL,Ireland,S1,Total economy,S1,Total economy,POP,Total population,_Z,Not applicable,_Z,Not applicable,_Z,Not applicable,PS,Persons,_Z,Not applicable,N,Non transformed data,T0110,Table 0110 - Population and employment,1993,,3574,,,,F,Free (free for publication),2,Two,A,Normal value,3,Thousands,_Z,Not applicable
DATAFLOW,OECD.SDD.NAD:DSD_NAMAIN10@DF_TABLE3_POP_EMPNC(2.0),"Annual population and employment, national concept",I,A,Annual,ITA,Italy,S1,Total economy,S1,Total economy,POP,Total population,_Z,Not applicable,_Z,Not applicable,_Z,Not applicable,PS,Persons,_Z,Not applicable,N,Non transformed data,T0110,Table 0110 - Population and employment,1993,,56831.8,,,,F,Free (free for publication),2,Two,A,Normal value,3,Thousands,_Z,Not applicable
DATAFLOW,OECD.SDD.NAD:DSD_NAMAIN10@DF_TABLE3_POP_EMPNC(2.0),"Annual population and employment, national concept",I,A,Annual,KOR,Korea,S1,Total economy,S1,Total economy,POP,Total population,_Z,Not applicable,_Z,Not applicable,_Z,Not applicable,PS,Persons,_Z,Not applicable,N,Non transformed data,T0110,Table 0110 - Population and employment,1993,,44195,,,,F,Free (free for publication),2,Two,A,Normal value,3,Thousands,_Z,Not applicable
DATAFLOW,OECD.SDD.NAD:DSD_NAMAIN10@DF_TABLE3_POP_EMPNC(2.0),"Annual population and employment, national concept",I,A,Annual,PRT,Portugal,S1,Total economy,S1,Total economy,POP,Total population,_Z,Not applicable,_Z,Not applicable,_Z,Not applicable,PS,Persons,_Z,Not applicable,N,Non transformed data,T0110,Table 0110 - Population and employment,1993,,9973.8,,,,F,Free (free for publication),2,Two,A,Normal value,3,Thousands,_Z,Not applicable
DATAFLOW,OECD.SDD.NAD:DSD_NAMAIN10@DF_TABLE3_POP_EMPNC(2.0),"Annual population and employment, national concept",I,A,Annual,ESP,Spain,S1,Total economy,S1,Total economy,POP,Total population,_Z,Not applicable,_Z,Not applicable,_Z,Not applicable,PS,Persons,_Z,Not applicable,N,Non transformed data,T0110,Table 0110 - Population and employment,1993,,39590.491872,,,,F,Free (free for publication),2,Two,A,Normal value,3,Thousands,_Z,Not applicable
DATAFLOW,OECD.SDD.NAD:DSD_NAMAIN10@DF_TABLE3_POP_EMPNC(2.0),"Annual population and employment, national concept",I,A,Annual,SWE,Sweden,S1,Total economy,S1,Total economy,POP,Total population,_Z,Not applicable,_Z,Not applicable,_Z,Not applicable,PS,Persons,_Z,Not applicable,N,Non transformed data,T0110,Table 0110 - Population and employment,1993,,8714.5,,,,F,Free (free for publication),2,Two,A,Normal value,3,Thousands,_Z,Not applicable
DATAFLOW,OECD.SDD.NAD:DSD_NAMAIN10@DF_TABLE3_POP_EMPNC(2.0),"Annual population and employment, national concept",I,A,Annual,GBR,United Kingdom,S1,Total economy,S1,Total economy,POP,Total population,_Z,Not applicable,_Z,Not applicable,_Z,Not applicable,PS,Persons,_Z,Not applicable,N,Non transformed data,T0110,Table 0110 - Population and employment,1993,,57714,,,,F,Free (free for publication),2,Two,A,Normal value,3,Thousands,_Z,Not applicable
DATAFLOW,OECD.SDD.NAD:DSD_NAMAIN10@DF_TABLE3_POP_EMPNC(2.0),"Annual population and employment, national concept",I,A,Annual,USA,United States,S1,Total economy,S1,Total economy,POP,Total population,_Z,Not applicable,_Z,Not applicable,_Z,Not applicable,PS,Persons,_Z,Not applicable,N,Non transformed data,T0110,Table 0110 - Population and employment,1993,,260282,,,,F,Free (free for publication),2,Two,A,Normal value,3,Thousands,_Z,Not applicable
DATAFLOW,OECD.SDD.NAD:DSD_NAMAIN10@DF_TABLE3_POP_EMPNC(2.0),"Annual population and employment, national concept",I,A,Annual,AUS,Australia,S1,Total economy,S1,Total economy,POP,Total population,_Z,Not applicable,_Z,Not applicable,_Z,Not applicable,PS,Persons,_Z,Not applicable,N,Non transformed data,T0110,Table 0110 - Population and employment,1994,,17805.5,,,,F,Free (free for publication),2,Two,A,Normal value,3,Thousands,_Z,Not applicable
DATAFLOW,OECD.SDD.NAD:DSD_NAMAIN10@DF_TABLE3_POP_EMPNC(2.0),"Annual population and employment, national concept",I,A,Annual,CAN,Canada,S1,Total economy,S1,Total economy,POP,Total population,_Z,Not applicable,_Z,Not applicable,_Z,Not applicable,PS,Persons,_Z,Not applicable,N,Non transformed data,T0110,Table 0110 - Population and employment,1994,,29000.663,,,,F,Free (free for publication),2,Two,A,Normal value,3,Thousands,_Z,Not applicable
DATAFLOW,OECD.SDD.NAD:DSD_NAMAIN10@DF_TABLE3_POP_EMPNC(2.0),"Annual population and employment, national concept",I,A,Annual,CHL,Chile,S1,Total economy,S1,Total economy,POP,Total population,_Z,Not applicable,_Z,Not applicable,_Z,Not applicable,PS,Persons,_Z,Not applicable,N,Non transformed data,T0110,Table 0110 - Population and employment,1994,,14151.708,,,,F,Free (free for publication),2,Two,A,Normal value,3,Thousands,_Z,Not applicable
DATAFLOW,OECD.SDD.NAD:DSD_NAMAIN10@DF_TABLE3_POP_EMPNC(2.0),"Annual population and employment, national concept",I,A,Annual,CRI,Costa Rica,S1,Total economy,S1,Total economy,POP,Total population,_Z,Not applicable,_Z,Not applicable,_Z,Not applicable,PS,Persons,_Z,Not applicable,N,Non transformed data,T0110,Table 0110 - Population and employment,1994,,3333.719,,,,F,Free (free for publication),2,Two,A,Normal value,3,Thousands,_Z,Not applicable
DATAFLOW,OECD.SDD.NAD:DSD_NAMAIN10@DF_TABLE3_POP_EMPNC(2.0),"Annual population and employment, national concept",I,A,Annual,DNK,Denmark,S1,Total economy,S1,Total economy,POP,Total population,_Z,Not applicable,_Z,Not applicable,_Z,Not applicable,PS,Persons,_Z,Not applicable,N,Non transformed data,T0110,Table 0110 - Population and employment,1994,,5205.613,,,,F,Free (free for publication),2,Two,A,Normal value,3,Thousands,_Z,Not applicable
DATAFLOW,OECD.SDD.NAD:DSD_NAMAIN10@DF_TABLE3_POP_EMPNC(2.0),"Annual population and employment, national concept",I,A,Annual,FIN,Finland,S1,Total economy,S1,Total economy,POP,Total population,_Z,Not applicable,_Z,Not applicable,_Z,Not applicable,PS,Persons,_Z,Not applicable,N,Non transformed data,T0110,Table 0110 - Population and employment,1994,,5088.3,,,,F,Free (free for publication),2,Two,A,Normal value,3,Thousands,_Z,Not applicable
DATAFLOW,OECD.SDD.NAD:DSD_NAMAIN10@DF_TABLE3_POP_EMPNC(2.0),"Annual population and employment, national concept",I,A,Annual,DEU,Germany,S1,Total economy,S1,Total economy,POP,Total population,_Z,Not applicable,_Z,Not applicable,_Z,Not applicable,PS,Persons,_Z,Not applicable,N,Non transformed data,T0110,Table 0110 - Population and employment,1994,,81147,,,,F,Free (free for publication),2,Two,A,Normal value,3,Thousands,_Z,Not applicable
DATAFLOW,OECD.SDD.NAD:DSD_NAMAIN10@DF_TABLE3_POP_EMPNC(2.0),"Annual population and employment, national concept",I,A,Annual,IRL,Ireland,S1,Total economy,S1,Total economy,POP,Total population,_Z,Not applicable,_Z,Not applicable,_Z,Not applicable,PS,Persons,_Z,Not applicable,N,Non transformed data,T0110,Table 0110 - Population and employment,1994,,3586,,,,F,Free (free for publication),2,Two,A,Normal value,3,Thousands,_Z,Not applicable
DATAFLOW,OECD.SDD.NAD:DSD_NAMAIN10@DF_TABLE3_POP_EMPNC(2.0),"Annual population and employment, national concept",I,A,Annual,ITA,Italy,S1,Total economy,S1,Total economy,POP,Total population,_Z,Not applicable,_Z,Not applicable,_Z,Not applicable,PS,Persons,_Z,Not applicable,N,Non transformed data,T0110,Table 0110 - Population and employment,1994,,56843.4,,,,F,Free (free for publication),2,Two,A,Normal value,3,Thousands,_Z,Not applicable
DATAFLOW,OECD.SDD.NAD:DSD_NAMAIN10@DF_TABLE3_POP_EMPNC(2.0),"Annual population and employment, national concept",I,A,Annual,KOR,Korea,S1,Total economy,S1,Total economy,POP,Total population,_Z,Not applicable,_Z,Not applicable,_Z,Not applicable,PS,Persons,_Z,Not applicable,N,Non transformed data,T0110,Table 0110 - Population and employment,1994,,44642,,,,F,Free (free for publication),2,Two,A,Normal value,3,Thousands,_Z,Not applicable
DATAFLOW,OECD.SDD.NAD:DSD_NAMAIN10@DF_TABLE3_POP_EMPNC(2.0),"Annual population and employment, national concept",I,A,Annual,PRT,Portugal,S1,Total economy,S1,Total economy,POP,Total population,_Z,Not applicable,_Z,Not applicable,_Z,Not applicable,PS,Persons,_Z,Not applicable,N,Non transformed data,T0110,Table 0110 - Population and employment,1994,,9997.8,,,,F,Free (free for publication),2,Two,A,Normal value,3,Thousands,_Z,Not applicable
DATAFLOW,OECD.SDD.NAD:DSD_NAMAIN10@DF_TABLE3_POP_EMPNC(2.0),"Annual population and employment, national concept",I,A,Annual,ESP,Spain,S1,Total economy,S1,Total economy,POP,Total population,_Z,Not applicable,_Z,Not applicable,_Z,Not applicable,PS,Persons,_Z,Not applicable,N,Non transformed data,T0110,Table 0110 - Population and employment,1994,,39661.478144,,,,F,Free (free for publication),2,Two,A,Normal value,3,Thousands,_Z,Not applicable
DATAFLOW,OECD.SDD.NAD:DSD_NAMAIN10@DF_TABLE3_POP_EMPNC(2.0),"Annual population and employment, national concept",I,A,Annual,SWE,Sweden,S1,Total economy,S1,Total economy,POP,Total population,_Z,Not applicable,_Z,Not applicable,_Z,Not applicable,PS,Persons,_Z,Not applicable,N,Non transformed data,T0110,Table 0110 - Population and employment,1994,,8785.25,,,,F,Free (free for publication),2,Two,A,Normal value,3,Thousands,_Z,Not applicable
DATAFLOW,OECD.SDD.NAD:DSD_NAMAIN10@DF_TABLE3_POP_EMPNC(2.0),"Annual population and employment, national concept",I,A,Annual,GBR,United Kingdom,S1,Total economy,S1,Total economy,POP,Total population,_Z,Not applicable,_Z,Not applicable,_Z,Not applicable,PS,Persons,_Z,Not applicable,N,Non transformed data,T0110,Table 0110 - Population and employment,1994,,57862,,,,F,Free (free for publication),2,Two,A,Normal value,3,Thousands,_Z,Not applicable
DATAFLOW,OECD.SDD.NAD:DSD_NAMAIN10@DF_TABLE3_POP_EMPNC(2.0),"Annual population and employment, national concept",I,A,Annual,USA,United States,S1,Total economy,S1,Total economy,POP,Total population,_Z,Not applicable,_Z,Not applicable,_Z,Not applicable,PS,Persons,_Z,Not applicable,N,Non transformed data,T0110,Table 0110 - Population and employment,1994,,263455,,,,F,Free (free for publication),2,Two,A,Normal value,3,Thousands,_Z,Not applicable
DATAFLOW,OECD.SDD.NAD:DSD_NAMAIN10@DF_TABLE3_POP_EMPNC(2.0),"Annual population and employment, national concept",I,A,Annual,AUT,Austria,S1,Total economy,S1,Total economy,POP,Total population,_Z,Not applicable,_Z,Not applicable,_Z,Not applicable,PS,Persons,_Z,Not applicable,N,Non transformed data,T0110,Table 0110 - Population and employment,1995,,7948.278,,,,F,Free (free for publication),2,Two,A,Normal value,3,Thousands,_Z,Not applicable
DATAFLOW,OECD.SDD.NAD:DSD_NAMAIN10@DF_TABLE3_POP_EMPNC(2.0),"Annual population and employment, national concept",I,A,Annual,CAN,Canada,S1,Total economy,S1,Total economy,POP,Total population,_Z,Not applicable,_Z,Not applicable,_Z,Not applicable,PS,Persons,_Z,Not applicable,N,Non transformed data,T0110,Table 0110 - Population and employment,1995,,29302.311,,,,F,Free (free for publication),2,Two,A,Normal value,3,Thousands,_Z,Not applicable
DATAFLOW,OECD.SDD.NAD:DSD_NAMAIN10@DF_TABLE3_POP_EMPNC(2.0),"Annual population and employment, national concept",I,A,Annual,CHL,Chile,S1,Total economy,S1,Total economy,POP,Total population,_Z,Not applicable,_Z,Not applicable,_Z,Not applicable,PS,Persons,_Z,Not applicable,N,Non transformed data,T0110,Table 0110 - Population and employment,1995,,14394.94,,,,F,Free (free for publication),2,Two,A,Normal value,3,Thousands,_Z,Not applicable
DATAFLOW,OECD.SDD.NAD:DSD_NAMAIN10@DF_TABLE3_POP_EMPNC(2.0),"Annual population and employment, national concept",I,A,Annual,CRI,Costa Rica,S1,Total economy,S1,Total economy,POP,Total population,_Z,Not applicable,_Z,Not applicable,_Z,Not applicable,PS,Persons,_Z,Not applicable,N,Non transformed data,T0110,Table 0110 - Population and employment,1995,,3430.694,,,,F,Free (free for publication),2,Two,A,Normal value,3,Thousands,_Z,Not applicable
DATAFLOW,OECD.SDD.NAD:DSD_NAMAIN10@DF_TABLE3_POP_EMPNC(2.0),"Annual population and employment, national concept",I,A,Annual,CZE,Czechia,S1,Total economy,S1,Total economy,POP,Total population,_Z,Not applicable,_Z,Not applicable,_Z,Not applicable,PS,Persons,_Z,Not applicable,N,Non transformed data,T0110,Table 0110 - Population and employment,1995,,10330.759,,,,F,Free (free for publication),2,Two,A,Normal value,3,Thousands,_Z,Not applicable
DATAFLOW,OECD.SDD.NAD:DSD_NAMAIN10@DF_TABLE3_POP_EMPNC(2.0),"Annual population and employment, national concept",I,A,Annual,DNK,Denmark,S1,Total economy,S1,Total economy,POP,Total population,_Z,Not applicable,_Z,Not applicable,_Z,Not applicable,PS,Persons,_Z,Not applicable,N,Non transformed data,T0110,Table 0110 - Population and employment,1995,,5230.345,,,,F,Free (free for publication),2,Two,A,Normal value,3,Thousands,_Z,Not applicable
DATAFLOW,OECD.SDD.NAD:DSD_NAMAIN10@DF_TABLE3_POP_EMPNC(2.0),"Annual population and employment, national concept",I,A,Annual,EST,Estonia,S1,Total economy,S1,Total economy,POP,Total population,_Z,Not applicable,_Z,Not applicable,_Z,Not applicable,PS,Persons,_Z,Not applicable,N,Non transformed data,T0110,Table 0110 - Population and employment,1995,,1448.1,,,,F,Free (free for publication),2,Two,A,Normal value,3,Thousands,_Z,Not applicable
DATAFLOW,OECD.SDD.NAD:DSD_NAMAIN10@DF_TABLE3_POP_EMPNC(2.0),"Annual population and employment, national concept",I,A,Annual,FIN,Finland,S1,Total economy,S1,Total economy,POP,Total population,_Z,Not applicable,_Z,Not applicable,_Z,Not applicable,PS,Persons,_Z,Not applicable,N,Non transformed data,T0110,Table 0110 - Population and employment,1995,,5107.8,,,,F,Free (free for publication),2,Two,A,Normal value,3,Thousands,_Z,Not applicable
DATAFLOW,OECD.SDD.NAD:DSD_NAMAIN10@DF_TABLE3_POP_EMPNC(2.0),"Annual population and employment, national concept",I,A,Annual,DEU,Germany,S1,Total economy,S1,Total economy,POP,Total population,_Z,Not applicable,_Z,Not applicable,_Z,Not applicable,PS,Persons,_Z,Not applicable,N,Non transformed data,T0110,Table 0110 - Population and employment,1995,,81308,,,,F,Free (free for publication),2,Two,A,Normal value,3,Thousands,_Z,Not applicable
DATAFLOW,OECD.SDD.NAD:DSD_NAMAIN10@DF_TABLE3_POP_EMPNC(2.0),"Annual population and employment, national concept",I,A,Annual,GRC,Greece,S1,Total economy,S1,Total economy,POP,Total population,_Z,Not applicable,_Z,Not applicable,_Z,Not applicable,PS,Persons,_Z,Not applicable,N,Non transformed data,T0110,Table 0110 - Population and employment,1995,,10562.164,,,,F,Free (free for publication),2,Two,A,Normal value,3,Thousands,_Z,Not applicable
DATAFLOW,OECD.SDD.NAD:DSD_NAMAIN10@DF_TABLE3_POP_EMPNC(2.0),"Annual population and employment, national concept",I,A,Annual,HUN,Hungary,S1,Total economy,S1,Total economy,POP,Total population,_Z,Not applicable,_Z,Not applicable,_Z,Not applicable,PS,Persons,_Z,Not applicable,N,Non transformed data,T0110,Table 0110 - Population and employment,1995,,10328.965,,,,F,Free (free for publication),2,Two,A,Normal value,3,Thousands,_Z,Not applicable
DATAFLOW,OECD.SDD.NAD:DSD_NAMAIN10@DF_TABLE3_POP_EMPNC(2.0),"Annual population and employment, national concept",I,A,Annual,ITA,Italy,S1,Total economy,S1,Total economy,POP,Total population,_Z,Not applicable,_Z,Not applicable,_Z,Not applicable,PS,Persons,_Z,Not applicable,N,Non transformed data,T0110,Table 0110 - Population and employment,1995,,56844.3,,,,F,Free (free for publication),2,Two,A,Normal value,3,Thousands,_Z,Not applicable
DATAFLOW,OECD.SDD.NAD:DSD_NAMAIN10@DF_TABLE3_POP_EMPNC(2.0),"Annual population and employment, national concept",I,A,Annual,KOR,Korea,S1,Total economy,S1,Total economy,POP,Total population,_Z,Not applicable,_Z,Not applicable,_Z,Not applicable,PS,Persons,_Z,Not applicable,N,Non transformed data,T0110,Table 0110 - Population and employment,1995,,45093,,,,F,Free (free for publication),2,Two,A,Normal value,3,Thousands,_Z,Not applicable
DATAFLOW,OECD.SDD.NAD:DSD_NAMAIN10@DF_TABLE3_POP_EMPNC(2.0),"Annual population and employment, national concept",I,A,Annual,LVA,Latvia,S1,Total economy,S1,Total economy,POP,Total population,_Z,Not applicable,_Z,Not applicable,_Z,Not applicable,PS,Persons,_Z,Not applicable,N,Non transformed data,T0110,Table 0110 - Population and employment,1995,,2484.538,,,,F,Free (free for publication),2,Two,A,Normal value,3,Thousands,_Z,Not applicable
DATAFLOW,OECD.SDD.NAD:DSD_NAMAIN10@DF_TABLE3_POP_EMPNC(2.0),"Annual population and employment, national concept",I,A,Annual,LTU,Lithuania,S1,Total economy,S1,Total economy,POP,Total population,_Z,Not applicable,_Z,Not applicable,_Z,Not applicable,PS,Persons,_Z,Not applicable,N,Non transformed data,T0110,Table 0110 - Population and employment,1995,,3629.1,,,,F,Free (free for publication),2,Two,A,Normal value,3,Thousands,_Z,Not applicable
DATAFLOW,OECD.SDD.NAD:DSD_NAMAIN10@DF_TABLE3_POP_EMPNC(2.0),"Annual population and employment, national concept",I,A,Annual,LUX,Luxembourg,S1,Total economy,S1,Total economy,POP,Total population,_Z,Not applicable,_Z,Not applicable,_Z,Not applicable,PS,Persons,_Z,Not applicable,N,Non transformed data,T0110,Table 0110 - Population and employment,1995,,409.512,,,,F,Free (free for publication),2,Two,A,Normal value,3,Thousands,_Z,Not applicable
DATAFLOW,OECD.SDD.NAD:DSD_NAMAIN10@DF_TABLE3_POP_EMPNC(2.0),"Annual population and employment, national concept",I,A,Annual,NLD,Netherlands,S1,Total economy,S1,Total economy,POP,Total population,_Z,Not applicable,_Z,Not applicable,_Z,Not applicable,PS,Persons,_Z,Not applicable,N,Non transformed data,T0110,Table 0110 - Population and employment,1995,,15459,,,,F,Free (free for publication),2,Two,A,Normal value,3,Thousands,_Z,Not applicable
DATAFLOW,OECD.SDD.NAD:DSD_NAMAIN10@DF_TABLE3_POP_EMPNC(2.0),"Annual population and employment, national concept",I,A,Annual,POL,Poland,S1,Total economy,S1,Total economy,POP,Total population,_Z,Not applicable,_Z,Not applicable,_Z,Not applicable,PS,Persons,_Z,Not applicable,N,Non transformed data,T0110,Table 0110 - Population and employment,1995,,38275,,,,F,Free (free for publication),2,Two,A,Normal value,3,Thousands,_Z,Not applicable
DATAFLOW,OECD.SDD.NAD:DSD_NAMAIN10@DF_TABLE3_POP_EMPNC(2.0),"Annual population and employment, national concept",I,A,Annual,PRT,Portugal,S1,Total economy,S1,Total economy,POP,Total population,_Z,Not applicable,_Z,Not applicable,_Z,Not applicable,PS,Persons,_Z,Not applicable,N,Non transformed data,T0110,Table 0110 - Population and employment,1995,,10026.176,,,,F,Free (free for publication),2,Two,A,Normal value,3,Thousands,_Z,Not applicable
DATAFLOW,OECD.SDD.NAD:DSD_NAMAIN10@DF_TABLE3_POP_EMPNC(2.0),"Annual population and employment, national concept",I,A,Annual,SVK,Slovak Republic,S1,Total economy,S1,Total economy,POP,Total population,_Z,Not applicable,_Z,Not applicable,_Z,Not applicable,PS,Persons,_Z,Not applicable,N,Non transformed data,T0110,Table 0110 - Population and employment,1995,,5363.357,,,,F,Free (free for publication),2,Two,A,Normal value,3,Thousands,_Z,Not applicable
DATAFLOW,OECD.SDD.NAD:DSD_NAMAIN10@DF_TABLE3_POP_EMPNC(2.0),"Annual population and employment, national concept",I,A,Annual,SVN,Slovenia,S1,Total economy,S1,Total economy,POP,Total population,_Z,Not applicable,_Z,Not applicable,_Z,Not applicable,PS,Persons,_Z,Not applicable,N,Non transformed data,T0110,Table 0110 - Population and employment,1995,,1988.689,,,,F,Free (free for publication),2,Two,A,Normal value,3,Thousands,_Z,Not applicable
DATAFLOW,OECD.SDD.NAD:DSD_NAMAIN10@DF_TABLE3_POP_EMPNC(2.0),"Annual population and employment, national concept",I,A,Annual,ESP,Spain,S1,Total economy,S1,Total economy,POP,Total population,_Z,Not applicable,_Z,Not applicable,_Z,Not applicable,PS,Persons,_Z,Not applicable,N,Non transformed data,T0110,Table 0110 - Population and employment,1995,,39718.895,,,,F,Free (free for publication),2,Two,A,Normal value,3,Thousands,_Z,Not applicable
DATAFLOW,OECD.SDD.NAD:DSD_NAMAIN10@DF_TABLE3_POP_EMPNC(2.0),"Annual population and employment, national concept",I,A,Annual,SWE,Sweden,S1,Total economy,S1,Total economy,POP,Total population,_Z,Not applicable,_Z,Not applicable,_Z,Not applicable,PS,Persons,_Z,Not applicable,N,Non transformed data,T0110,Table 0110 - Population and employment,1995,,8829.75,,,,F,Free (free for publication),2,Two,A,Normal value,3,Thousands,_Z,Not applicable
DATAFLOW,OECD.SDD.NAD:DSD_NAMAIN10@DF_TABLE3_POP_EMPNC(2.0),"Annual population and employment, national concept",I,A,Annual,GBR,United Kingdom,S1,Total economy,S1,Total economy,POP,Total population,_Z,Not applicable,_Z,Not applicable,_Z,Not applicable,PS,Persons,_Z,Not applicable,N,Non transformed data,T0110,Table 0110 - Population and employment,1995,,58025,,,,F,Free (free for publication),2,Two,A,Normal value,3,Thousands,_Z,Not applicable
DATAFLOW,OECD.SDD.NAD:DSD_NAMAIN10@DF_TABLE3_POP_EMPNC(2.0),"Annual population and employment, national concept",I,A,Annual,USA,United States,S1,Total economy,S1,Total economy,POP,Total population,_Z,Not applicable,_Z,Not applicable,_Z,Not applicable,PS,Persons,_Z,Not applicable,N,Non transformed data,T0110,Table 0110 - Population and employment,1995,,266588,,,,F,Free (free for publication),2,Two,A,Normal value,3,Thousands,_Z,Not applicable
DATAFLOW,OECD.SDD.NAD:DSD_NAMAIN10@DF_TABLE3_POP_EMPNC(2.0),"Annual population and employment, national concept",I,A,Annual,AUT,Austria,S1,Total economy,S1,Total economy,POP,Total population,_Z,Not applicable,_Z,Not applicable,_Z,Not applicable,PS,Persons,_Z,Not applicable,N,Non transformed data,T0110,Table 0110 - Population and employment,1996,,7959.016,,,,F,Free (free for publication),2,Two,A,Normal value,3,Thousands,_Z,Not applicable
DATAFLOW,OECD.SDD.NAD:DSD_NAMAIN10@DF_TABLE3_POP_EMPNC(2.0),"Annual population and employment, national concept",I,A,Annual,CAN,Canada,S1,Total economy,S1,Total economy,POP,Total population,_Z,Not applicable,_Z,Not applicable,_Z,Not applicable,PS,Persons,_Z,Not applicable,N,Non transformed data,T0110,Table 0110 - Population and employment,1996,,29610.218,,,,F,Free (free for publication),2,Two,A,Normal value,3,Thousands,_Z,Not applicable
DATAFLOW,OECD.SDD.NAD:DSD_NAMAIN10@DF_TABLE3_POP_EMPNC(2.0),"Annual population and employment, national concept",I,A,Annual,CHL,Chile,S1,Total economy,S1,Total economy,POP,Total population,_Z,Not applicable,_Z,Not applicable,_Z,Not applicable,PS,Persons,_Z,Not applicable,N,Non transformed data,T0110,Table 0110 - Population and employment,1996,,14595.504,,,,F,Free (free for publication),2,Two,A,Normal value,3,Thousands,_Z,Not applicable
DATAFLOW,OECD.SDD.NAD:DSD_NAMAIN10@DF_TABLE3_POP_EMPNC(2.0),"Annual population and employment, national concept",I,A,Annual,CRI,Costa Rica,S1,Total economy,S1,Total economy,POP,Total population,_Z,Not applicable,_Z,Not applicable,_Z,Not applicable,PS,Persons,_Z,Not applicable,N,Non transformed data,T0110,Table 0110 - Population and employment,1996,,3517.828,,,,F,Free (free for publication),2,Two,A,Normal value,3,Thousands,_Z,Not applicable
DATAFLOW,OECD.SDD.NAD:DSD_NAMAIN10@DF_TABLE3_POP_EMPNC(2.0),"Annual population and employment, national concept",I,A,Annual,CZE,Czechia,S1,Total economy,S1,Total economy,POP,Total population,_Z,Not applicable,_Z,Not applicable,_Z,Not applicable,PS,Persons,_Z,Not applicable,N,Non transformed data,T0110,Table 0110 - Population and employment,1996,,10315.353,,,,F,Free (free for publication),2,Two,A,Normal value,3,Thousands,_Z,Not applicable
DATAFLOW,OECD.SDD.NAD:DSD_NAMAIN10@DF_TABLE3_POP_EMPNC(2.0),"Annual population and employment, national concept",I,A,Annual,DNK,Denmark,S1,Total economy,S1,Total economy,POP,Total population,_Z,Not applicable,_Z,Not applicable,_Z,Not applicable,PS,Persons,_Z,Not applicable,N,Non transformed data,T0110,Table 0110 - Population and employment,1996,,5262.456,,,,F,Free (free for publication),2,Two,A,Normal value,3,Thousands,_Z,Not applicable
DATAFLOW,OECD.SDD.NAD:DSD_NAMAIN10@DF_TABLE3_POP_EMPNC(2.0),"Annual population and employment, national concept",I,A,Annual,EST,Estonia,S1,Total economy,S1,Total economy,POP,Total population,_Z,Not applicable,_Z,Not applicable,_Z,Not applicable,PS,Persons,_Z,Not applicable,N,Non transformed data,T0110,Table 0110 - Population and employment,1996,,1425.2,,,,F,Free (free for publication),2,Two,A,Normal value,3,Thousands,_Z,Not applicable
DATAFLOW,OECD.SDD.NAD:DSD_NAMAIN10@DF_TABLE3_POP_EMPNC(2.0),"Annual population and employment, national concept",I,A,Annual,FIN,Finland,S1,Total economy,S1,Total economy,POP,Total population,_Z,Not applicable,_Z,Not applicable,_Z,Not applicable,PS,Persons,_Z,Not applicable,N,Non transformed data,T0110,Table 0110 - Population and employment,1996,,5124.6,,,,F,Free (free for publication),2,Two,A,Normal value,3,Thousands,_Z,Not applicable
DATAFLOW,OECD.SDD.NAD:DSD_NAMAIN10@DF_TABLE3_POP_EMPNC(2.0),"Annual population and employment, national concept",I,A,Annual,DEU,Germany,S1,Total economy,S1,Total economy,POP,Total population,_Z,Not applicable,_Z,Not applicable,_Z,Not applicable,PS,Persons,_Z,Not applicable,N,Non transformed data,T0110,Table 0110 - Population and employment,1996,,81466,,,,F,Free (free for publication),2,Two,A,Normal value,3,Thousands,_Z,Not applicable
DATAFLOW,OECD.SDD.NAD:DSD_NAMAIN10@DF_TABLE3_POP_EMPNC(2.0),"Annual population and employment, national concept",I,A,Annual,GRC,Greece,S1,Total economy,S1,Total economy,POP,Total population,_Z,Not applicable,_Z,Not applicable,_Z,Not applicable,PS,Persons,_Z,Not applicable,N,Non transformed data,T0110,Table 0110 - Population and employment,1996,,10608.821,,,,F,Free (free for publication),2,Two,A,Normal value,3,Thousands,_Z,Not applicable
DATAFLOW,OECD.SDD.NAD:DSD_NAMAIN10@DF_TABLE3_POP_EMPNC(2.0),"Annual population and employment, national concept",I,A,Annual,HUN,Hungary,S1,Total economy,S1,Total economy,POP,Total population,_Z,Not applicable,_Z,Not applicable,_Z,Not applicable,PS,Persons,_Z,Not applicable,N,Non transformed data,T0110,Table 0110 - Population and employment,1996,,10311.238,,,,F,Free (free for publication),2,Two,A,Normal value,3,Thousands,_Z,Not applicable
DATAFLOW,OECD.SDD.NAD:DSD_NAMAIN10@DF_TABLE3_POP_EMPNC(2.0),"Annual population and employment, national concept",I,A,Annual,ITA,Italy,S1,Total economy,S1,Total economy,POP,Total population,_Z,Not applicable,_Z,Not applicable,_Z,Not applicable,PS,Persons,_Z,Not applicable,N,Non transformed data,T0110,Table 0110 - Population and employment,1996,,56860.3,,,,F,Free (free for publication),2,Two,A,Normal value,3,Thousands,_Z,Not applicable
DATAFLOW,OECD.SDD.NAD:DSD_NAMAIN10@DF_TABLE3_POP_EMPNC(2.0),"Annual population and employment, national concept",I,A,Annual,KOR,Korea,S1,Total economy,S1,Total economy,POP,Total population,_Z,Not applicable,_Z,Not applicable,_Z,Not applicable,PS,Persons,_Z,Not applicable,N,Non transformed data,T0110,Table 0110 - Population and employment,1996,,45525,,,,F,Free (free for publication),2,Two,A,Normal value,3,Thousands,_Z,Not applicable
DATAFLOW,OECD.SDD.NAD:DSD_NAMAIN10@DF_TABLE3_POP_EMPNC(2.0),"Annual population and employment, national concept",I,A,Annual,LVA,Latvia,S1,Total economy,S1,Total economy,POP,Total population,_Z,Not applicable,_Z,Not applicable,_Z,Not applicable,PS,Persons,_Z,Not applicable,N,Non transformed data,T0110,Table 0110 - Population and employment,1996,,2456.95,,,,F,Free (free for publication),2,Two,A,Normal value,3,Thousands,_Z,Not applicable
DATAFLOW,OECD.SDD.NAD:DSD_NAMAIN10@DF_TABLE3_POP_EMPNC(2.0),"Annual population and employment, national concept",I,A,Annual,LTU,Lithuania,S1,Total economy,S1,Total economy,POP,Total population,_Z,Not applicable,_Z,Not applicable,_Z,Not applicable,PS,Persons,_Z,Not applicable,N,Non transformed data,T0110,Table 0110 - Population and employment,1996,,3601.613,,,,F,Free (free for publication),2,Two,A,Normal value,3,Thousands,_Z,Not applicable
DATAFLOW,OECD.SDD.NAD:DSD_NAMAIN10@DF_TABLE3_POP_EMPNC(2.0),"Annual population and employment, national concept",I,A,Annual,LUX,Luxembourg,S1,Total economy,S1,Total economy,POP,Total population,_Z,Not applicable,_Z,Not applicable,_Z,Not applicable,PS,Persons,_Z,Not applicable,N,Non transformed data,T0110,Table 0110 - Population and employment,1996,,414.462,,,,F,Free (free for publication),2,Two,A,Normal value,3,Thousands,_Z,Not applicable
DATAFLOW,OECD.SDD.NAD:DSD_NAMAIN10@DF_TABLE3_POP_EMPNC(2.0),"Annual population and employment, national concept",I,A,Annual,NLD,Netherlands,S1,Total economy,S1,Total economy,POP,Total population,_Z,Not applicable,_Z,Not applicable,_Z,Not applicable,PS,Persons,_Z,Not applicable,N,Non transformed data,T0110,Table 0110 - Population and employment,1996,,15530,,,,F,Free (free for publication),2,Two,A,Normal value,3,Thousands,_Z,Not applicable
DATAFLOW,OECD.SDD.NAD:DSD_NAMAIN10@DF_TABLE3_POP_EMPNC(2.0),"Annual population and employment, national concept",I,A,Annual,POL,Poland,S1,Total economy,S1,Total economy,POP,Total population,_Z,Not applicable,_Z,Not applicable,_Z,Not applicable,PS,Persons,_Z,Not applicable,N,Non transformed data,T0110,Table 0110 - Population and employment,1996,,38289,,,,F,Free (free for publication),2,Two,A,Normal value,3,Thousands,_Z,Not applicable
DATAFLOW,OECD.SDD.NAD:DSD_NAMAIN10@DF_TABLE3_POP_EMPNC(2.0),"Annual population and employment, national concept",I,A,Annual,PRT,Portugal,S1,Total economy,S1,Total economy,POP,Total population,_Z,Not applicable,_Z,Not applicable,_Z,Not applicable,PS,Persons,_Z,Not applicable,N,Non transformed data,T0110,Table 0110 - Population and employment,1996,,10063.945,,,,F,Free (free for publication),2,Two,A,Normal value,3,Thousands,_Z,Not applicable
DATAFLOW,OECD.SDD.NAD:DSD_NAMAIN10@DF_TABLE3_POP_EMPNC(2.0),"Annual population and employment, national concept",I,A,Annual,SVK,Slovak Republic,S1,Total economy,S1,Total economy,POP,Total population,_Z,Not applicable,_Z,Not applicable,_Z,Not applicable,PS,Persons,_Z,Not applicable,N,Non transformed data,T0110,Table 0110 - Population and employment,1996,,5373.648,,,,F,Free (free for publication),2,Two,A,Normal value,3,Thousands,_Z,Not applicable
DATAFLOW,OECD.SDD.NAD:DSD_NAMAIN10@DF_TABLE3_POP_EMPNC(2.0),"Annual population and employment, national concept",I,A,Annual,SVN,Slovenia,S1,Total economy,S1,Total economy,POP,Total population,_Z,Not applicable,_Z,Not applicable,_Z,Not applicable,PS,Persons,_Z,Not applicable,N,Non transformed data,T0110,Table 0110 - Population and employment,1996,,1989.856,,,,F,Free (free for publication),2,Two,A,Normal value,3,Thousands,_Z,Not applicable
DATAFLOW,OECD.SDD.NAD:DSD_NAMAIN10@DF_TABLE3_POP_EMPNC(2.0),"Annual population and employment, national concept",I,A,Annual,ESP,Spain,S1,Total economy,S1,Total economy,POP,Total population,_Z,Not applicable,_Z,Not applicable,_Z,Not applicable,PS,Persons,_Z,Not applicable,N,Non transformed data,T0110,Table 0110 - Population and employment,1996,,39884.246,,,,F,Free (free for publication),2,Two,A,Normal value,3,Thousands,_Z,Not applicable
DATAFLOW,OECD.SDD.NAD:DSD_NAMAIN10@DF_TABLE3_POP_EMPNC(2.0),"Annual population and employment, national concept",I,A,Annual,SWE,Sweden,S1,Total economy,S1,Total economy,POP,Total population,_Z,Not applicable,_Z,Not applicable,_Z,Not applicable,PS,Persons,_Z,Not applicable,N,Non transformed data,T0110,Table 0110 - Population and employment,1996,,8842.25,,,,F,Free (free for publication),2,Two,A,Normal value,3,Thousands,_Z,Not applicable
DATAFLOW,OECD.SDD.NAD:DSD_NAMAIN10@DF_TABLE3_POP_EMPNC(2.0),"Annual population and employment, national concept",I,A,Annual,GBR,United Kingdom,S1,Total economy,S1,Total economy,POP,Total population,_Z,Not applicable,_Z,Not applicable,_Z,Not applicable,PS,Persons,_Z,Not applicable,N,Non transformed data,T0110,Table 0110 - Population and employment,1996,,58164,,,,F,Free (free for publication),2,Two,A,Normal value,3,Thousands,_Z,Not applicable
DATAFLOW,OECD.SDD.NAD:DSD_NAMAIN10@DF_TABLE3_POP_EMPNC(2.0),"Annual population and employment, national concept",I,A,Annual,USA,United States,S1,Total economy,S1,Total economy,POP,Total population,_Z,Not applicable,_Z,Not applicable,_Z,Not applicable,PS,Persons,_Z,Not applicable,N,Non transformed data,T0110,Table 0110 - Population and employment,1996,,269714,,,,F,Free (free for publication),2,Two,A,Normal value,3,Thousands,_Z,Not applicable
DATAFLOW,OECD.SDD.NAD:DSD_NAMAIN10@DF_TABLE3_POP_EMPNC(2.0),"Annual population and employment, national concept",I,A,Annual,AUT,Austria,S1,Total economy,S1,Total economy,POP,Total population,_Z,Not applicable,_Z,Not applicable,_Z,Not applicable,PS,Persons,_Z,Not applicable,N,Non transformed data,T0110,Table 0110 - Population and employment,1997,,7968.041,,,,F,Free (free for publication),2,Two,A,Normal value,3,Thousands,_Z,Not applicable
DATAFLOW,OECD.SDD.NAD:DSD_NAMAIN10@DF_TABLE3_POP_EMPNC(2.0),"Annual population and employment, national concept",I,A,Annual,CAN,Canada,S1,Total economy,S1,Total economy,POP,Total population,_Z,Not applicable,_Z,Not applicable,_Z,Not applicable,PS,Persons,_Z,Not applicable,N,Non transformed data,T0110,Table 0110 - Population and employment,1997,,29905.948,,,,F,Free (free for publication),2,Two,A,Normal value,3,Thousands,_Z,Not applicable
DATAFLOW,OECD.SDD.NAD:DSD_NAMAIN10@DF_TABLE3_POP_EMPNC(2.0),"Annual population and employment, national concept",I,A,Annual,CHL,Chile,S1,Total economy,S1,Total economy,POP,Total population,_Z,Not applicable,_Z,Not applicable,_Z,Not applicable,PS,Persons,_Z,Not applicable,N,Non transformed data,T0110,Table 0110 - Population and employment,1997,,14796.076,,,,F,Free (free for publication),2,Two,A,Normal value,3,Thousands,_Z,Not applicable
DATAFLOW,OECD.SDD.NAD:DSD_NAMAIN10@DF_TABLE3_POP_EMPNC(2.0),"Annual population and employment, national concept",I,A,Annual,CRI,Costa Rica,S1,Total economy,S1,Total economy,POP,Total population,_Z,Not applicable,_Z,Not applicable,_Z,Not applicable,PS,Persons,_Z,Not applicable,N,Non transformed data,T0110,Table 0110 - Population and employment,1997,,3609.802,,,,F,Free (free for publication),2,Two,A,Normal value,3,Thousands,_Z,Not applicable
DATAFLOW,OECD.SDD.NAD:DSD_NAMAIN10@DF_TABLE3_POP_EMPNC(2.0),"Annual population and employment, national concept",I,A,Annual,CZE,Czechia,S1,Total economy,S1,Total economy,POP,Total population,_Z,Not applicable,_Z,Not applicable,_Z,Not applicable,PS,Persons,_Z,Not applicable,N,Non transformed data,T0110,Table 0110 - Population and employment,1997,,10303.642,,,,F,Free (free for publication),2,Two,A,Normal value,3,Thousands,_Z,Not applicable
DATAFLOW,OECD.SDD.NAD:DSD_NAMAIN10@DF_TABLE3_POP_EMPNC(2.0),"Annual population and employment, national concept",I,A,Annual,DNK,Denmark,S1,Total economy,S1,Total economy,POP,Total population,_Z,Not applicable,_Z,Not applicable,_Z,Not applicable,PS,Persons,_Z,Not applicable,N,Non transformed data,T0110,Table 0110 - Population and employment,1997,,5284.913,,,,F,Free (free for publication),2,Two,A,Normal value,3,Thousands,_Z,Not applicable
DATAFLOW,OECD.SDD.NAD:DSD_NAMAIN10@DF_TABLE3_POP_EMPNC(2.0),"Annual population and employment, national concept",I,A,Annual,EST,Estonia,S1,Total economy,S1,Total economy,POP,Total population,_Z,Not applicable,_Z,Not applicable,_Z,Not applicable,PS,Persons,_Z,Not applicable,N,Non transformed data,T0110,Table 0110 - Population and employment,1997,,1406,,,,F,Free (free for publication),2,Two,A,Normal value,3,Thousands,_Z,Not applicable
DATAFLOW,OECD.SDD.NAD:DSD_NAMAIN10@DF_TABLE3_POP_EMPNC(2.0),"Annual population and employment, national concept",I,A,Annual,FIN,Finland,S1,Total economy,S1,Total economy,POP,Total population,_Z,Not applicable,_Z,Not applicable,_Z,Not applicable,PS,Persons,_Z,Not applicable,N,Non transformed data,T0110,Table 0110 - Population and employment,1997,,5139.8,,,,F,Free (free for publication),2,Two,A,Normal value,3,Thousands,_Z,Not applicable
DATAFLOW,OECD.SDD.NAD:DSD_NAMAIN10@DF_TABLE3_POP_EMPNC(2.0),"Annual population and employment, national concept",I,A,Annual,FRA,France,S1,Total economy,S1,Total economy,POP,Total population,_Z,Not applicable,_Z,Not applicable,_Z,Not applicable,PS,Persons,_Z,Not applicable,N,Non transformed data,T0110,Table 0110 - Population and employment,1997,,59817,,,,F,Free (free for publication),2,Two,A,Normal value,3,Thousands,_Z,Not applicable
DATAFLOW,OECD.SDD.NAD:DSD_NAMAIN10@DF_TABLE3_POP_EMPNC(2.0),"Annual population and employment, national concept",I,A,Annual,DEU,Germany,S1,Total economy,S1,Total economy,POP,Total population,_Z,Not applicable,_Z,Not applicable,_Z,Not applicable,PS,Persons,_Z,Not applicable,N,Non transformed data,T0110,Table 0110 - Population and employment,1997,,81510,,,,F,Free (free for publication),2,Two,A,Normal value,3,Thousands,_Z,Not applicable
DATAFLOW,OECD.SDD.NAD:DSD_NAMAIN10@DF_TABLE3_POP_EMPNC(2.0),"Annual population and employment, national concept",I,A,Annual,GRC,Greece,S1,Total economy,S1,Total economy,POP,Total population,_Z,Not applicable,_Z,Not applicable,_Z,Not applicable,PS,Persons,_Z,Not applicable,N,Non transformed data,T0110,Table 0110 - Population and employment,1997,,10661.312,,,,F,Free (free for publication),2,Two,A,Normal value,3,Thousands,_Z,Not applicable
DATAFLOW,OECD.SDD.NAD:DSD_NAMAIN10@DF_TABLE3_POP_EMPNC(2.0),"Annual population and employment, national concept",I,A,Annual,HUN,Hungary,S1,Total economy,S1,Total economy,POP,Total population,_Z,Not applicable,_Z,Not applicable,_Z,Not applicable,PS,Persons,_Z,Not applicable,N,Non transformed data,T0110,Table 0110 - Population and employment,1997,,10290.486,,,,F,Free (free for publication),2,Two,A,Normal value,3,Thousands,_Z,Not applicable
DATAFLOW,OECD.SDD.NAD:DSD_NAMAIN10@DF_TABLE3_POP_EMPNC(2.0),"Annual population and employment, national concept",I,A,Annual,ITA,Italy,S1,Total economy,S1,Total economy,POP,Total population,_Z,Not applicable,_Z,Not applicable,_Z,Not applicable,PS,Persons,_Z,Not applicable,N,Non transformed data,T0110,Table 0110 - Population and employment,1997,,56890.4,,,,F,Free (free for publication),2,Two,A,Normal value,3,Thousands,_Z,Not applicable
DATAFLOW,OECD.SDD.NAD:DSD_NAMAIN10@DF_TABLE3_POP_EMPNC(2.0),"Annual population and employment, national concept",I,A,Annual,KOR,Korea,S1,Total economy,S1,Total economy,POP,Total population,_Z,Not applicable,_Z,Not applicable,_Z,Not applicable,PS,Persons,_Z,Not applicable,N,Non transformed data,T0110,Table 0110 - Population and employment,1997,,45954,,,,F,Free (free for publication),2,Two,A,Normal value,3,Thousands,_Z,Not applicable
DATAFLOW,OECD.SDD.NAD:DSD_NAMAIN10@DF_TABLE3_POP_EMPNC(2.0),"Annual population and employment, national concept",I,A,Annual,LVA,Latvia,S1,Total economy,S1,Total economy,POP,Total population,_Z,Not applicable,_Z,Not applicable,_Z,Not applicable,PS,Persons,_Z,Not applicable,N,Non transformed data,T0110,Table 0110 - Population and employment,1997,,2433.238,,,,F,Free (free for publication),2,Two,A,Normal value,3,Thousands,_Z,Not applicable
DATAFLOW,OECD.SDD.NAD:DSD_NAMAIN10@DF_TABLE3_POP_EMPNC(2.0),"Annual population and employment, national concept",I,A,Annual,LTU,Lithuania,S1,Total economy,S1,Total economy,POP,Total population,_Z,Not applicable,_Z,Not applicable,_Z,Not applicable,PS,Persons,_Z,Not applicable,N,Non transformed data,T0110,Table 0110 - Population and employment,1997,,3575.137,,,,F,Free (free for publication),2,Two,A,Normal value,3,Thousands,_Z,Not applicable
DATAFLOW,OECD.SDD.NAD:DSD_NAMAIN10@DF_TABLE3_POP_EMPNC(2.0),"Annual population and employment, national concept",I,A,Annual,LUX,Luxembourg,S1,Total economy,S1,Total economy,POP,Total population,_Z,Not applicable,_Z,Not applicable,_Z,Not applicable,PS,Persons,_Z,Not applicable,N,Non transformed data,T0110,Table 0110 - Population and employment,1997,,419.85,,,,F,Free (free for publication),2,Two,A,Normal value,3,Thousands,_Z,Not applicable
DATAFLOW,OECD.SDD.NAD:DSD_NAMAIN10@DF_TABLE3_POP_EMPNC(2.0),"Annual population and employment, national concept",I,A,Annual,NLD,Netherlands,S1,Total economy,S1,Total economy,POP,Total population,_Z,Not applicable,_Z,Not applicable,_Z,Not applicable,PS,Persons,_Z,Not applicable,N,Non transformed data,T0110,Table 0110 - Population and employment,1997,,15611,,,,F,Free (free for publication),2,Two,A,Normal value,3,Thousands,_Z,Not applicable
DATAFLOW,OECD.SDD.NAD:DSD_NAMAIN10@DF_TABLE3_POP_EMPNC(2.0),"Annual population and employment, national concept",I,A,Annual,POL,Poland,S1,Total economy,S1,Total economy,POP,Total population,_Z,Not applicable,_Z,Not applicable,_Z,Not applicable,PS,Persons,_Z,Not applicable,N,Non transformed data,T0110,Table 0110 - Population and employment,1997,,38292,,,,F,Free (free for publication),2,Two,A,Normal value,3,Thousands,_Z,Not applicable
DATAFLOW,OECD.SDD.NAD:DSD_NAMAIN10@DF_TABLE3_POP_EMPNC(2.0),"Annual population and employment, national concept",I,A,Annual,PRT,Portugal,S1,Total economy,S1,Total economy,POP,Total population,_Z,Not applicable,_Z,Not applicable,_Z,Not applicable,PS,Persons,_Z,Not applicable,N,Non transformed data,T0110,Table 0110 - Population and employment,1997,,10108.977,,,,F,Free (free for publication),2,Two,A,Normal value,3,Thousands,_Z,Not applicable
DATAFLOW,OECD.SDD.NAD:DSD_NAMAIN10@DF_TABLE3_POP_EMPNC(2.0),"Annual population and employment, national concept",I,A,Annual,SVK,Slovak Republic,S1,Total economy,S1,Total economy,POP,Total population,_Z,Not applicable,_Z,Not applicable,_Z,Not applicable,PS,Persons,_Z,Not applicable,N,Non transformed data,T0110,Table 0110 - Population and employment,1997,,5383.472,,,,F,Free (free for publication),2,Two,A,Normal value,3,Thousands,_Z,Not applicable
DATAFLOW,OECD.SDD.NAD:DSD_NAMAIN10@DF_TABLE3_POP_EMPNC(2.0),"Annual population and employment, national concept",I,A,Annual,SVN,Slovenia,S1,Total economy,S1,Total economy,POP,Total population,_Z,Not applicable,_Z,Not applicable,_Z,Not applicable,PS,Persons,_Z,Not applicable,N,Non transformed data,T0110,Table 0110 - Population and employment,1997,,1986.327,,,,F,Free (free for publication),2,Two,A,Normal value,3,Thousands,_Z,Not applicable
DATAFLOW,OECD.SDD.NAD:DSD_NAMAIN10@DF_TABLE3_POP_EMPNC(2.0),"Annual population and employment, national concept",I,A,Annual,ESP,Spain,S1,Total economy,S1,Total economy,POP,Total population,_Z,Not applicable,_Z,Not applicable,_Z,Not applicable,PS,Persons,_Z,Not applicable,N,Non transformed data,T0110,Table 0110 - Population and employment,1997,,40049.974,,,,F,Free (free for publication),2,Two,A,Normal value,3,Thousands,_Z,Not applicable
DATAFLOW,OECD.SDD.NAD:DSD_NAMAIN10@DF_TABLE3_POP_EMPNC(2.0),"Annual population and employment, national concept",I,A,Annual,SWE,Sweden,S1,Total economy,S1,Total economy,POP,Total population,_Z,Not applicable,_Z,Not applicable,_Z,Not applicable,PS,Persons,_Z,Not applicable,N,Non transformed data,T0110,Table 0110 - Population and employment,1997,,8846.75,,,,F,Free (free for publication),2,Two,A,Normal value,3,Thousands,_Z,Not applicable
DATAFLOW,OECD.SDD.NAD:DSD_NAMAIN10@DF_TABLE3_POP_EMPNC(2.0),"Annual population and employment, national concept",I,A,Annual,GBR,United Kingdom,S1,Total economy,S1,Total economy,POP,Total population,_Z,Not applicable,_Z,Not applicable,_Z,Not applicable,PS,Persons,_Z,Not applicable,N,Non transformed data,T0110,Table 0110 - Population and employment,1997,,58314,,,,F,Free (free for publication),2,Two,A,Normal value,3,Thousands,_Z,Not applicable
DATAFLOW,OECD.SDD.NAD:DSD_NAMAIN10@DF_TABLE3_POP_EMPNC(2.0),"Annual population and employment, national concept",I,A,Annual,USA,United States,S1,Total economy,S1,Total economy,POP,Total population,_Z,Not applicable,_Z,Not applicable,_Z,Not applicable,PS,Persons,_Z,Not applicable,N,Non transformed data,T0110,Table 0110 - Population and employment,1997,,272958,,,,F,Free (free for publication),2,Two,A,Normal value,3,Thousands,_Z,Not applicable
DATAFLOW,OECD.SDD.NAD:DSD_NAMAIN10@DF_TABLE3_POP_EMPNC(2.0),"Annual population and employment, national concept",I,A,Annual,AUT,Austria,S1,Total economy,S1,Total economy,POP,Total population,_Z,Not applicable,_Z,Not applicable,_Z,Not applicable,PS,Persons,_Z,Not applicable,N,Non transformed data,T0110,Table 0110 - Population and employment,1998,,7976.789,,,,F,Free (free for publication),2,Two,A,Normal value,3,Thousands,_Z,Not applicable
DATAFLOW,OECD.SDD.NAD:DSD_NAMAIN10@DF_TABLE3_POP_EMPNC(2.0),"Annual population and employment, national concept",I,A,Annual,CAN,Canada,S1,Total economy,S1,Total economy,POP,Total population,_Z,Not applicable,_Z,Not applicable,_Z,Not applicable,PS,Persons,_Z,Not applicable,N,Non transformed data,T0110,Table 0110 - Population and employment,1998,,30155.173,,,,F,Free (free for publication),2,Two,A,Normal value,3,Thousands,_Z,Not applicable
DATAFLOW,OECD.SDD.NAD:DSD_NAMAIN10@DF_TABLE3_POP_EMPNC(2.0),"Annual population and employment, national concept",I,A,Annual,CHL,Chile,S1,Total economy,S1,Total economy,POP,Total population,_Z,Not applicable,_Z,Not applicable,_Z,Not applicable,PS,Persons,_Z,Not applicable,N,Non transformed data,T0110,Table 0110 - Population and employment,1998,,14996.647,,,,F,Free (free for publication),2,Two,A,Normal value,3,Thousands,_Z,Not applicable
DATAFLOW,OECD.SDD.NAD:DSD_NAMAIN10@DF_TABLE3_POP_EMPNC(2.0),"Annual population and employment, national concept",I,A,Annual,CRI,Costa Rica,S1,Total economy,S1,Total economy,POP,Total population,_Z,Not applicable,_Z,Not applicable,_Z,Not applicable,PS,Persons,_Z,Not applicable,N,Non transformed data,T0110,Table 0110 - Population and employment,1998,,3697.323,,,,F,Free (free for publication),2,Two,A,Normal value,3,Thousands,_Z,Not applicable
DATAFLOW,OECD.SDD.NAD:DSD_NAMAIN10@DF_TABLE3_POP_EMPNC(2.0),"Annual population and employment, national concept",I,A,Annual,CZE,Czechia,S1,Total economy,S1,Total economy,POP,Total population,_Z,Not applicable,_Z,Not applicable,_Z,Not applicable,PS,Persons,_Z,Not applicable,N,Non transformed data,T0110,Table 0110 - Population and employment,1998,,10294.943,,,,F,Free (free for publication),2,Two,A,Normal value,3,Thousands,_Z,Not applicable
DATAFLOW,OECD.SDD.NAD:DSD_NAMAIN10@DF_TABLE3_POP_EMPNC(2.0),"Annual population and employment, national concept",I,A,Annual,DNK,Denmark,S1,Total economy,S1,Total economy,POP,Total population,_Z,Not applicable,_Z,Not applicable,_Z,Not applicable,PS,Persons,_Z,Not applicable,N,Non transformed data,T0110,Table 0110 - Population and employment,1998,,5303.229,,,,F,Free (free for publication),2,Two,A,Normal value,3,Thousands,_Z,Not applicable
DATAFLOW,OECD.SDD.NAD:DSD_NAMAIN10@DF_TABLE3_POP_EMPNC(2.0),"Annual population and employment, national concept",I,A,Annual,EST,Estonia,S1,Total economy,S1,Total economy,POP,Total population,_Z,Not applicable,_Z,Not applicable,_Z,Not applicable,PS,Persons,_Z,Not applicable,N,Non transformed data,T0110,Table 0110 - Population and employment,1998,,1393.1,,,,F,Free (free for publication),2,Two,A,Normal value,3,Thousands,_Z,Not applicable
DATAFLOW,OECD.SDD.NAD:DSD_NAMAIN10@DF_TABLE3_POP_EMPNC(2.0),"Annual population and employment, national concept",I,A,Annual,FIN,Finland,S1,Total economy,S1,Total economy,POP,Total population,_Z,Not applicable,_Z,Not applicable,_Z,Not applicable,PS,Persons,_Z,Not applicable,N,Non transformed data,T0110,Table 0110 - Population and employment,1998,,5153.5,,,,F,Free (free for publication),2,Two,A,Normal value,3,Thousands,_Z,Not applicable
DATAFLOW,OECD.SDD.NAD:DSD_NAMAIN10@DF_TABLE3_POP_EMPNC(2.0),"Annual population and employment, national concept",I,A,Annual,DEU,Germany,S1,Total economy,S1,Total economy,POP,Total population,_Z,Not applicable,_Z,Not applicable,_Z,Not applicable,PS,Persons,_Z,Not applicable,N,Non transformed data,T0110,Table 0110 - Population and employment,1998,,81446,,,,F,Free (free for publication),2,Two,A,Normal value,3,Thousands,_Z,Not applicable
DATAFLOW,OECD.SDD.NAD:DSD_NAMAIN10@DF_TABLE3_POP_EMPNC(2.0),"Annual population and employment, national concept",I,A,Annual,GRC,Greece,S1,Total economy,S1,Total economy,POP,Total population,_Z,Not applicable,_Z,Not applicable,_Z,Not applicable,PS,Persons,_Z,Not applicable,N,Non transformed data,T0110,Table 0110 - Population and employment,1998,,10720.566,,,,F,Free (free for publication),2,Two,A,Normal value,3,Thousands,_Z,Not applicable
DATAFLOW,OECD.SDD.NAD:DSD_NAMAIN10@DF_TABLE3_POP_EMPNC(2.0),"Annual population and employment, national concept",I,A,Annual,HUN,Hungary,S1,Total economy,S1,Total economy,POP,Total population,_Z,Not applicable,_Z,Not applicable,_Z,Not applicable,PS,Persons,_Z,Not applicable,N,Non transformed data,T0110,Table 0110 - Population and employment,1998,,10266.57,,,,F,Free (free for publication),2,Two,A,Normal value,3,Thousands,_Z,Not applicable
DATAFLOW,OECD.SDD.NAD:DSD_NAMAIN10@DF_TABLE3_POP_EMPNC(2.0),"Annual population and employment, national concept",I,A,Annual,ITA,Italy,S1,Total economy,S1,Total economy,POP,Total population,_Z,Not applicable,_Z,Not applicable,_Z,Not applicable,PS,Persons,_Z,Not applicable,N,Non transformed data,T0110,Table 0110 - Population and employment,1998,,56906.7,,,,F,Free (free for publication),2,Two,A,Normal value,3,Thousands,_Z,Not applicable
DATAFLOW,OECD.SDD.NAD:DSD_NAMAIN10@DF_TABLE3_POP_EMPNC(2.0),"Annual population and employment, national concept",I,A,Annual,KOR,Korea,S1,Total economy,S1,Total economy,POP,Total population,_Z,Not applicable,_Z,Not applicable,_Z,Not applicable,PS,Persons,_Z,Not applicable,N,Non transformed data,T0110,Table 0110 - Population and employment,1998,,46287,,,,F,Free (free for publication),2,Two,A,Normal value,3,Thousands,_Z,Not applicable
DATAFLOW,OECD.SDD.NAD:DSD_NAMAIN10@DF_TABLE3_POP_EMPNC(2.0),"Annual population and employment, national concept",I,A,Annual,LVA,Latvia,S1,Total economy,S1,Total economy,POP,Total population,_Z,Not applicable,_Z,Not applicable,_Z,Not applicable,PS,Persons,_Z,Not applicable,N,Non transformed data,T0110,Table 0110 - Population and employment,1998,,2409.875,,,,F,Free (free for publication),2,Two,A,Normal value,3,Thousands,_Z,Not applicable
DATAFLOW,OECD.SDD.NAD:DSD_NAMAIN10@DF_TABLE3_POP_EMPNC(2.0),"Annual population and employment, national concept",I,A,Annual,LTU,Lithuania,S1,Total economy,S1,Total economy,POP,Total population,_Z,Not applicable,_Z,Not applicable,_Z,Not applicable,PS,Persons,_Z,Not applicable,N,Non transformed data,T0110,Table 0110 - Population and employment,1998,,3549.331,,,,F,Free (free for publication),2,Two,A,Normal value,3,Thousands,_Z,Not applicable
DATAFLOW,OECD.SDD.NAD:DSD_NAMAIN10@DF_TABLE3_POP_EMPNC(2.0),"Annual population and employment, national concept",I,A,Annual,LUX,Luxembourg,S1,Total economy,S1,Total economy,POP,Total population,_Z,Not applicable,_Z,Not applicable,_Z,Not applicable,PS,Persons,_Z,Not applicable,N,Non transformed data,T0110,Table 0110 - Population and employment,1998,,425.195,,,,F,Free (free for publication),2,Two,A,Normal value,3,Thousands,_Z,Not applicable
DATAFLOW,OECD.SDD.NAD:DSD_NAMAIN10@DF_TABLE3_POP_EMPNC(2.0),"Annual population and employment, national concept",I,A,Annual,NLD,Netherlands,S1,Total economy,S1,Total economy,POP,Total population,_Z,Not applicable,_Z,Not applicable,_Z,Not applicable,PS,Persons,_Z,Not applicable,N,Non transformed data,T0110,Table 0110 - Population and employment,1998,,15707,,,,F,Free (free for publication),2,Two,A,Normal value,3,Thousands,_Z,Not applicable
DATAFLOW,OECD.SDD.NAD:DSD_NAMAIN10@DF_TABLE3_POP_EMPNC(2.0),"Annual population and employment, national concept",I,A,Annual,POL,Poland,S1,Total economy,S1,Total economy,POP,Total population,_Z,Not applicable,_Z,Not applicable,_Z,Not applicable,PS,Persons,_Z,Not applicable,N,Non transformed data,T0110,Table 0110 - Population and employment,1998,,38284,,,,F,Free (free for publication),2,Two,A,Normal value,3,Thousands,_Z,Not applicable
DATAFLOW,OECD.SDD.NAD:DSD_NAMAIN10@DF_TABLE3_POP_EMPNC(2.0),"Annual population and employment, national concept",I,A,Annual,PRT,Portugal,S1,Total economy,S1,Total economy,POP,Total population,_Z,Not applicable,_Z,Not applicable,_Z,Not applicable,PS,Persons,_Z,Not applicable,N,Non transformed data,T0110,Table 0110 - Population and employment,1998,,10160.196,,,,F,Free (free for publication),2,Two,A,Normal value,3,Thousands,_Z,Not applicable
DATAFLOW,OECD.SDD.NAD:DSD_NAMAIN10@DF_TABLE3_POP_EMPNC(2.0),"Annual population and employment, national concept",I,A,Annual,SVK,Slovak Republic,S1,Total economy,S1,Total economy,POP,Total population,_Z,Not applicable,_Z,Not applicable,_Z,Not applicable,PS,Persons,_Z,Not applicable,N,Non transformed data,T0110,Table 0110 - Population and employment,1998,,5390.838,,,,F,Free (free for publication),2,Two,A,Normal value,3,Thousands,_Z,Not applicable
DATAFLOW,OECD.SDD.NAD:DSD_NAMAIN10@DF_TABLE3_POP_EMPNC(2.0),"Annual population and employment, national concept",I,A,Annual,SVN,Slovenia,S1,Total economy,S1,Total economy,POP,Total population,_Z,Not applicable,_Z,Not applicable,_Z,Not applicable,PS,Persons,_Z,Not applicable,N,Non transformed data,T0110,Table 0110 - Population and employment,1998,,1982.353,,,,F,Free (free for publication),2,Two,A,Normal value,3,Thousands,_Z,Not applicable
DATAFLOW,OECD.SDD.NAD:DSD_NAMAIN10@DF_TABLE3_POP_EMPNC(2.0),"Annual population and employment, national concept",I,A,Annual,ESP,Spain,S1,Total economy,S1,Total economy,POP,Total population,_Z,Not applicable,_Z,Not applicable,_Z,Not applicable,PS,Persons,_Z,Not applicable,N,Non transformed data,T0110,Table 0110 - Population and employment,1998,,40214.066,,,,F,Free (free for publication),2,Two,A,Normal value,3,Thousands,_Z,Not applicable
DATAFLOW,OECD.SDD.NAD:DSD_NAMAIN10@DF_TABLE3_POP_EMPNC(2.0),"Annual population and employment, national concept",I,A,Annual,SWE,Sweden,S1,Total economy,S1,Total economy,POP,Total population,_Z,Not applicable,_Z,Not applicable,_Z,Not applicable,PS,Persons,_Z,Not applicable,N,Non transformed data,T0110,Table 0110 - Population and employment,1998,,8851.75,,,,F,Free (free for publication),2,Two,A,Normal value,3,Thousands,_Z,Not applicable
DATAFLOW,OECD.SDD.NAD:DSD_NAMAIN10@DF_TABLE3_POP_EMPNC(2.0),"Annual population and employment, national concept",I,A,Annual,GBR,United Kingdom,S1,Total economy,S1,Total economy,POP,Total population,_Z,Not applicable,_Z,Not applicable,_Z,Not applicable,PS,Persons,_Z,Not applicable,N,Non transformed data,T0110,Table 0110 - Population and employment,1998,,58475,,,,F,Free (free for publication),2,Two,A,Normal value,3,Thousands,_Z,Not applicable
DATAFLOW,OECD.SDD.NAD:DSD_NAMAIN10@DF_TABLE3_POP_EMPNC(2.0),"Annual population and employment, national concept",I,A,Annual,USA,United States,S1,Total economy,S1,Total economy,POP,Total population,_Z,Not applicable,_Z,Not applicable,_Z,Not applicable,PS,Persons,_Z,Not applicable,N,Non transformed data,T0110,Table 0110 - Population and employment,1998,,276154,,,,F,Free (free for publication),2,Two,A,Normal value,3,Thousands,_Z,Not applicable
DATAFLOW,OECD.SDD.NAD:DSD_NAMAIN10@DF_TABLE3_POP_EMPNC(2.0),"Annual population and employment, national concept",I,A,Annual,AUT,Austria,S1,Total economy,S1,Total economy,POP,Total population,_Z,Not applicable,_Z,Not applicable,_Z,Not applicable,PS,Persons,_Z,Not applicable,N,Non transformed data,T0110,Table 0110 - Population and employment,1999,,7992.323,,,,F,Free (free for publication),2,Two,A,Normal value,3,Thousands,_Z,Not applicable
DATAFLOW,OECD.SDD.NAD:DSD_NAMAIN10@DF_TABLE3_POP_EMPNC(2.0),"Annual population and employment, national concept",I,A,Annual,CAN,Canada,S1,Total economy,S1,Total economy,POP,Total population,_Z,Not applicable,_Z,Not applicable,_Z,Not applicable,PS,Persons,_Z,Not applicable,N,Non transformed data,T0110,Table 0110 - Population and employment,1999,,30401.286,,,,F,Free (free for publication),2,Two,A,Normal value,3,Thousands,_Z,Not applicable
DATAFLOW,OECD.SDD.NAD:DSD_NAMAIN10@DF_TABLE3_POP_EMPNC(2.0),"Annual population and employment, national concept",I,A,Annual,CHL,Chile,S1,Total economy,S1,Total economy,POP,Total population,_Z,Not applicable,_Z,Not applicable,_Z,Not applicable,PS,Persons,_Z,Not applicable,N,Non transformed data,T0110,Table 0110 - Population and employment,1999,,15197.213,,,,F,Free (free for publication),2,Two,A,Normal value,3,Thousands,_Z,Not applicable
DATAFLOW,OECD.SDD.NAD:DSD_NAMAIN10@DF_TABLE3_POP_EMPNC(2.0),"Annual population and employment, national concept",I,A,Annual,CRI,Costa Rica,S1,Total economy,S1,Total economy,POP,Total population,_Z,Not applicable,_Z,Not applicable,_Z,Not applicable,PS,Persons,_Z,Not applicable,N,Non transformed data,T0110,Table 0110 - Population and employment,1999,,3787.072,,,,F,Free (free for publication),2,Two,A,Normal value,3,Thousands,_Z,Not applicable
DATAFLOW,OECD.SDD.NAD:DSD_NAMAIN10@DF_TABLE3_POP_EMPNC(2.0),"Annual population and employment, national concept",I,A,Annual,CZE,Czechia,S1,Total economy,S1,Total economy,POP,Total population,_Z,Not applicable,_Z,Not applicable,_Z,Not applicable,PS,Persons,_Z,Not applicable,N,Non transformed data,T0110,Table 0110 - Population and employment,1999,,10282.784,,,,F,Free (free for publication),2,Two,A,Normal value,3,Thousands,_Z,Not applicable
DATAFLOW,OECD.SDD.NAD:DSD_NAMAIN10@DF_TABLE3_POP_EMPNC(2.0),"Annual population and employment, national concept",I,A,Annual,DNK,Denmark,S1,Total economy,S1,Total economy,POP,Total population,_Z,Not applicable,_Z,Not applicable,_Z,Not applicable,PS,Persons,_Z,Not applicable,N,Non transformed data,T0110,Table 0110 - Population and employment,1999,,5320.516,,,,F,Free (free for publication),2,Two,A,Normal value,3,Thousands,_Z,Not applicable
DATAFLOW,OECD.SDD.NAD:DSD_NAMAIN10@DF_TABLE3_POP_EMPNC(2.0),"Annual population and employment, national concept",I,A,Annual,EST,Estonia,S1,Total economy,S1,Total economy,POP,Total population,_Z,Not applicable,_Z,Not applicable,_Z,Not applicable,PS,Persons,_Z,Not applicable,N,Non transformed data,T0110,Table 0110 - Population and employment,1999,,1379.2,,,,F,Free (free for publication),2,Two,A,Normal value,3,Thousands,_Z,Not applicable
DATAFLOW,OECD.SDD.NAD:DSD_NAMAIN10@DF_TABLE3_POP_EMPNC(2.0),"Annual population and employment, national concept",I,A,Annual,FIN,Finland,S1,Total economy,S1,Total economy,POP,Total population,_Z,Not applicable,_Z,Not applicable,_Z,Not applicable,PS,Persons,_Z,Not applicable,N,Non transformed data,T0110,Table 0110 - Population and employment,1999,,5165.5,,,,F,Free (free for publication),2,Two,A,Normal value,3,Thousands,_Z,Not applicable
DATAFLOW,OECD.SDD.NAD:DSD_NAMAIN10@DF_TABLE3_POP_EMPNC(2.0),"Annual population and employment, national concept",I,A,Annual,DEU,Germany,S1,Total economy,S1,Total economy,POP,Total population,_Z,Not applicable,_Z,Not applicable,_Z,Not applicable,PS,Persons,_Z,Not applicable,N,Non transformed data,T0110,Table 0110 - Population and employment,1999,,81422,,,,F,Free (free for publication),2,Two,A,Normal value,3,Thousands,_Z,Not applicable
DATAFLOW,OECD.SDD.NAD:DSD_NAMAIN10@DF_TABLE3_POP_EMPNC(2.0),"Annual population and employment, national concept",I,A,Annual,GRC,Greece,S1,Total economy,S1,Total economy,POP,Total population,_Z,Not applicable,_Z,Not applicable,_Z,Not applicable,PS,Persons,_Z,Not applicable,N,Non transformed data,T0110,Table 0110 - Population and employment,1999,,10761.705,,,,F,Free (free for publication),2,Two,A,Normal value,3,Thousands,_Z,Not applicable
DATAFLOW,OECD.SDD.NAD:DSD_NAMAIN10@DF_TABLE3_POP_EMPNC(2.0),"Annual population and employment, national concept",I,A,Annual,HUN,Hungary,S1,Total economy,S1,Total economy,POP,Total population,_Z,Not applicable,_Z,Not applicable,_Z,Not applicable,PS,Persons,_Z,Not applicable,N,Non transformed data,T0110,Table 0110 - Population and employment,1999,,10237.53,,,,F,Free (free for publication),2,Two,A,Normal value,3,Thousands,_Z,Not applicable
DATAFLOW,OECD.SDD.NAD:DSD_NAMAIN10@DF_TABLE3_POP_EMPNC(2.0),"Annual population and employment, national concept",I,A,Annual,ITA,Italy,S1,Total economy,S1,Total economy,POP,Total population,_Z,Not applicable,_Z,Not applicable,_Z,Not applicable,PS,Persons,_Z,Not applicable,N,Non transformed data,T0110,Table 0110 - Population and employment,1999,,56916.3,,,,F,Free (free for publication),2,Two,A,Normal value,3,Thousands,_Z,Not applicable
DATAFLOW,OECD.SDD.NAD:DSD_NAMAIN10@DF_TABLE3_POP_EMPNC(2.0),"Annual population and employment, national concept",I,A,Annual,KOR,Korea,S1,Total economy,S1,Total economy,POP,Total population,_Z,Not applicable,_Z,Not applicable,_Z,Not applicable,PS,Persons,_Z,Not applicable,N,Non transformed data,T0110,Table 0110 - Population and employment,1999,,46617,,,,F,Free (free for publication),2,Two,A,Normal value,3,Thousands,_Z,Not applicable
DATAFLOW,OECD.SDD.NAD:DSD_NAMAIN10@DF_TABLE3_POP_EMPNC(2.0),"Annual population and employment, national concept",I,A,Annual,LVA,Latvia,S1,Total economy,S1,Total economy,POP,Total population,_Z,Not applicable,_Z,Not applicable,_Z,Not applicable,PS,Persons,_Z,Not applicable,N,Non transformed data,T0110,Table 0110 - Population and employment,1999,,2390.112,,,,F,Free (free for publication),2,Two,A,Normal value,3,Thousands,_Z,Not applicable
DATAFLOW,OECD.SDD.NAD:DSD_NAMAIN10@DF_TABLE3_POP_EMPNC(2.0),"Annual population and employment, national concept",I,A,Annual,LTU,Lithuania,S1,Total economy,S1,Total economy,POP,Total population,_Z,Not applicable,_Z,Not applicable,_Z,Not applicable,PS,Persons,_Z,Not applicable,N,Non transformed data,T0110,Table 0110 - Population and employment,1999,,3524.238,,,,F,Free (free for publication),2,Two,A,Normal value,3,Thousands,_Z,Not applicable
DATAFLOW,OECD.SDD.NAD:DSD_NAMAIN10@DF_TABLE3_POP_EMPNC(2.0),"Annual population and employment, national concept",I,A,Annual,LUX,Luxembourg,S1,Total economy,S1,Total economy,POP,Total population,_Z,Not applicable,_Z,Not applicable,_Z,Not applicable,PS,Persons,_Z,Not applicable,N,Non transformed data,T0110,Table 0110 - Population and employment,1999,,431.338,,,,F,Free (free for publication),2,Two,A,Normal value,3,Thousands,_Z,Not applicable
DATAFLOW,OECD.SDD.NAD:DSD_NAMAIN10@DF_TABLE3_POP_EMPNC(2.0),"Annual population and employment, national concept",I,A,Annual,NLD,Netherlands,S1,Total economy,S1,Total economy,POP,Total population,_Z,Not applicable,_Z,Not applicable,_Z,Not applicable,PS,Persons,_Z,Not applicable,N,Non transformed data,T0110,Table 0110 - Population and employment,1999,,15812,,,,F,Free (free for publication),2,Two,A,Normal value,3,Thousands,_Z,Not applicable
DATAFLOW,OECD.SDD.NAD:DSD_NAMAIN10@DF_TABLE3_POP_EMPNC(2.0),"Annual population and employment, national concept",I,A,Annual,POL,Poland,S1,Total economy,S1,Total economy,POP,Total population,_Z,Not applicable,_Z,Not applicable,_Z,Not applicable,PS,Persons,_Z,Not applicable,N,Non transformed data,T0110,Table 0110 - Population and employment,1999,,38270,,,,F,Free (free for publication),2,Two,A,Normal value,3,Thousands,_Z,Not applicable
DATAFLOW,OECD.SDD.NAD:DSD_NAMAIN10@DF_TABLE3_POP_EMPNC(2.0),"Annual population and employment, national concept",I,A,Annual,PRT,Portugal,S1,Total economy,S1,Total economy,POP,Total population,_Z,Not applicable,_Z,Not applicable,_Z,Not applicable,PS,Persons,_Z,Not applicable,N,Non transformed data,T0110,Table 0110 - Population and employment,1999,,10217.828,,,,F,Free (free for publication),2,Two,A,Normal value,3,Thousands,_Z,Not applicable
DATAFLOW,OECD.SDD.NAD:DSD_NAMAIN10@DF_TABLE3_POP_EMPNC(2.0),"Annual population and employment, national concept",I,A,Annual,SVK,Slovak Republic,S1,Total economy,S1,Total economy,POP,Total population,_Z,Not applicable,_Z,Not applicable,_Z,Not applicable,PS,Persons,_Z,Not applicable,N,Non transformed data,T0110,Table 0110 - Population and employment,1999,,5395.608,,,,F,Free (free for publication),2,Two,A,Normal value,3,Thousands,_Z,Not applicable
DATAFLOW,OECD.SDD.NAD:DSD_NAMAIN10@DF_TABLE3_POP_EMPNC(2.0),"Annual population and employment, national concept",I,A,Annual,SVN,Slovenia,S1,Total economy,S1,Total economy,POP,Total population,_Z,Not applicable,_Z,Not applicable,_Z,Not applicable,PS,Persons,_Z,Not applicable,N,Non transformed data,T0110,Table 0110 - Population and employment,1999,,1983.714,,,,F,Free (free for publication),2,Two,A,Normal value,3,Thousands,_Z,Not applicable
DATAFLOW,OECD.SDD.NAD:DSD_NAMAIN10@DF_TABLE3_POP_EMPNC(2.0),"Annual population and employment, national concept",I,A,Annual,ESP,Spain,S1,Total economy,S1,Total economy,POP,Total population,_Z,Not applicable,_Z,Not applicable,_Z,Not applicable,PS,Persons,_Z,Not applicable,N,Non transformed data,T0110,Table 0110 - Population and employment,1999,,40369.667,,,,F,Free (free for publication),2,Two,A,Normal value,3,Thousands,_Z,Not applicable
DATAFLOW,OECD.SDD.NAD:DSD_NAMAIN10@DF_TABLE3_POP_EMPNC(2.0),"Annual population and employment, national concept",I,A,Annual,SWE,Sweden,S1,Total economy,S1,Total economy,POP,Total population,_Z,Not applicable,_Z,Not applicable,_Z,Not applicable,PS,Persons,_Z,Not applicable,N,Non transformed data,T0110,Table 0110 - Population and employment,1999,,8857.5,,,,F,Free (free for publication),2,Two,A,Normal value,3,Thousands,_Z,Not applicable
DATAFLOW,OECD.SDD.NAD:DSD_NAMAIN10@DF_TABLE3_POP_EMPNC(2.0),"Annual population and employment, national concept",I,A,Annual,GBR,United Kingdom,S1,Total economy,S1,Total economy,POP,Total population,_Z,Not applicable,_Z,Not applicable,_Z,Not applicable,PS,Persons,_Z,Not applicable,N,Non transformed data,T0110,Table 0110 - Population and employment,1999,,58684,,,,F,Free (free for publication),2,Two,A,Normal value,3,Thousands,_Z,Not applicable
DATAFLOW,OECD.SDD.NAD:DSD_NAMAIN10@DF_TABLE3_POP_EMPNC(2.0),"Annual population and employment, national concept",I,A,Annual,USA,United States,S1,Total economy,S1,Total economy,POP,Total population,_Z,Not applicable,_Z,Not applicable,_Z,Not applicable,PS,Persons,_Z,Not applicable,N,Non transformed data,T0110,Table 0110 - Population and employment,1999,,279328,,,,F,Free (free for publication),2,Two,A,Normal value,3,Thousands,_Z,Not applicable
DATAFLOW,OECD.SDD.NAD:DSD_NAMAIN10@DF_TABLE3_POP_EMPNC(2.0),"Annual population and employment, national concept",I,A,Annual,AUT,Austria,S1,Total economy,S1,Total economy,POP,Total population,_Z,Not applicable,_Z,Not applicable,_Z,Not applicable,PS,Persons,_Z,Not applicable,N,Non transformed data,T0110,Table 0110 - Population and employment,2000,,8011.566,,,,F,Free (free for publication),2,Two,A,Normal value,3,Thousands,_Z,Not applicable
DATAFLOW,OECD.SDD.NAD:DSD_NAMAIN10@DF_TABLE3_POP_EMPNC(2.0),"Annual population and employment, national concept",I,A,Annual,CAN,Canada,S1,Total economy,S1,Total economy,POP,Total population,_Z,Not applicable,_Z,Not applicable,_Z,Not applicable,PS,Persons,_Z,Not applicable,N,Non transformed data,T0110,Table 0110 - Population and employment,2000,,30685.73,,,,F,Free (free for publication),2,Two,A,Normal value,3,Thousands,_Z,Not applicable
DATAFLOW,OECD.SDD.NAD:DSD_NAMAIN10@DF_TABLE3_POP_EMPNC(2.0),"Annual population and employment, national concept",I,A,Annual,CHL,Chile,S1,Total economy,S1,Total economy,POP,Total population,_Z,Not applicable,_Z,Not applicable,_Z,Not applicable,PS,Persons,_Z,Not applicable,N,Non transformed data,T0110,Table 0110 - Population and employment,2000,,15397.784,,,,F,Free (free for publication),2,Two,A,Normal value,3,Thousands,_Z,Not applicable
DATAFLOW,OECD.SDD.NAD:DSD_NAMAIN10@DF_TABLE3_POP_EMPNC(2.0),"Annual population and employment, national concept",I,A,Annual,CRI,Costa Rica,S1,Total economy,S1,Total economy,POP,Total population,_Z,Not applicable,_Z,Not applicable,_Z,Not applicable,PS,Persons,_Z,Not applicable,N,Non transformed data,T0110,Table 0110 - Population and employment,2000,,3869.832,,,,F,Free (free for publication),2,Two,A,Normal value,3,Thousands,_Z,Not applicable
DATAFLOW,OECD.SDD.NAD:DSD_NAMAIN10@DF_TABLE3_POP_EMPNC(2.0),"Annual population and employment, national concept",I,A,Annual,CZE,Czechia,S1,Total economy,S1,Total economy,POP,Total population,_Z,Not applicable,_Z,Not applicable,_Z,Not applicable,PS,Persons,_Z,Not applicable,N,Non transformed data,T0110,Table 0110 - Population and employment,2000,,10272.503,,,,F,Free (free for publication),2,Two,A,Normal value,3,Thousands,_Z,Not applicable
DATAFLOW,OECD.SDD.NAD:DSD_NAMAIN10@DF_TABLE3_POP_EMPNC(2.0),"Annual population and employment, national concept",I,A,Annual,DNK,Denmark,S1,Total economy,S1,Total economy,POP,Total population,_Z,Not applicable,_Z,Not applicable,_Z,Not applicable,PS,Persons,_Z,Not applicable,N,Non transformed data,T0110,Table 0110 - Population and employment,2000,,5338.491,,,,F,Free (free for publication),2,Two,A,Normal value,3,Thousands,_Z,Not applicable
DATAFLOW,OECD.SDD.NAD:DSD_NAMAIN10@DF_TABLE3_POP_EMPNC(2.0),"Annual population and employment, national concept",I,A,Annual,EST,Estonia,S1,Total economy,S1,Total economy,POP,Total population,_Z,Not applicable,_Z,Not applicable,_Z,Not applicable,PS,Persons,_Z,Not applicable,N,Non transformed data,T0110,Table 0110 - Population and employment,2000,,1401.3,,,,F,Free (free for publication),2,Two,A,Normal value,3,Thousands,_Z,Not applicable
DATAFLOW,OECD.SDD.NAD:DSD_NAMAIN10@DF_TABLE3_POP_EMPNC(2.0),"Annual population and employment, national concept",I,A,Annual,FIN,Finland,S1,Total economy,S1,Total economy,POP,Total population,_Z,Not applicable,_Z,Not applicable,_Z,Not applicable,PS,Persons,_Z,Not applicable,N,Non transformed data,T0110,Table 0110 - Population and employment,2000,,5176.2,,,,F,Free (free for publication),2,Two,A,Normal value,3,Thousands,_Z,Not applicable
DATAFLOW,OECD.SDD.NAD:DSD_NAMAIN10@DF_TABLE3_POP_EMPNC(2.0),"Annual population and employment, national concept",I,A,Annual,DEU,Germany,S1,Total economy,S1,Total economy,POP,Total population,_Z,Not applicable,_Z,Not applicable,_Z,Not applicable,PS,Persons,_Z,Not applicable,N,Non transformed data,T0110,Table 0110 - Population and employment,2000,,81457,,,,F,Free (free for publication),2,Two,A,Normal value,3,Thousands,_Z,Not applicable
DATAFLOW,OECD.SDD.NAD:DSD_NAMAIN10@DF_TABLE3_POP_EMPNC(2.0),"Annual population and employment, national concept",I,A,Annual,GRC,Greece,S1,Total economy,S1,Total economy,POP,Total population,_Z,Not applicable,_Z,Not applicable,_Z,Not applicable,PS,Persons,_Z,Not applicable,N,Non transformed data,T0110,Table 0110 - Population and employment,2000,,10805.796,,,,F,Free (free for publication),2,Two,A,Normal value,3,Thousands,_Z,Not applicable
DATAFLOW,OECD.SDD.NAD:DSD_NAMAIN10@DF_TABLE3_POP_EMPNC(2.0),"Annual population and employment, national concept",I,A,Annual,HUN,Hungary,S1,Total economy,S1,Total economy,POP,Total population,_Z,Not applicable,_Z,Not applicable,_Z,Not applicable,PS,Persons,_Z,Not applicable,N,Non transformed data,T0110,Table 0110 - Population and employment,2000,,10210.971,,,,F,Free (free for publication),2,Two,A,Normal value,3,Thousands,_Z,Not applicable
DATAFLOW,OECD.SDD.NAD:DSD_NAMAIN10@DF_TABLE3_POP_EMPNC(2.0),"Annual population and employment, national concept",I,A,Annual,ITA,Italy,S1,Total economy,S1,Total economy,POP,Total population,_Z,Not applicable,_Z,Not applicable,_Z,Not applicable,PS,Persons,_Z,Not applicable,N,Non transformed data,T0110,Table 0110 - Population and employment,2000,,56942.1,,,,F,Free (free for publication),2,Two,A,Normal value,3,Thousands,_Z,Not applicable
DATAFLOW,OECD.SDD.NAD:DSD_NAMAIN10@DF_TABLE3_POP_EMPNC(2.0),"Annual population and employment, national concept",I,A,Annual,KOR,Korea,S1,Total economy,S1,Total economy,POP,Total population,_Z,Not applicable,_Z,Not applicable,_Z,Not applicable,PS,Persons,_Z,Not applicable,N,Non transformed data,T0110,Table 0110 - Population and employment,2000,,47008,,,,F,Free (free for publication),2,Two,A,Normal value,3,Thousands,_Z,Not applicable
DATAFLOW,OECD.SDD.NAD:DSD_NAMAIN10@DF_TABLE3_POP_EMPNC(2.0),"Annual population and employment, national concept",I,A,Annual,LVA,Latvia,S1,Total economy,S1,Total economy,POP,Total population,_Z,Not applicable,_Z,Not applicable,_Z,Not applicable,PS,Persons,_Z,Not applicable,N,Non transformed data,T0110,Table 0110 - Population and employment,2000,,2367.612,,,,F,Free (free for publication),2,Two,A,Normal value,3,Thousands,_Z,Not applicable
DATAFLOW,OECD.SDD.NAD:DSD_NAMAIN10@DF_TABLE3_POP_EMPNC(2.0),"Annual population and employment, national concept",I,A,Annual,LTU,Lithuania,S1,Total economy,S1,Total economy,POP,Total population,_Z,Not applicable,_Z,Not applicable,_Z,Not applicable,PS,Persons,_Z,Not applicable,N,Non transformed data,T0110,Table 0110 - Population and employment,2000,,3499.536,,,,F,Free (free for publication),2,Two,A,Normal value,3,Thousands,_Z,Not applicable
DATAFLOW,OECD.SDD.NAD:DSD_NAMAIN10@DF_TABLE3_POP_EMPNC(2.0),"Annual population and employment, national concept",I,A,Annual,LUX,Luxembourg,S1,Total economy,S1,Total economy,POP,Total population,_Z,Not applicable,_Z,Not applicable,_Z,Not applicable,PS,Persons,_Z,Not applicable,N,Non transformed data,T0110,Table 0110 - Population and employment,2000,,436.975,,,,F,Free (free for publication),2,Two,A,Normal value,3,Thousands,_Z,Not applicable
DATAFLOW,OECD.SDD.NAD:DSD_NAMAIN10@DF_TABLE3_POP_EMPNC(2.0),"Annual population and employment, national concept",I,A,Annual,NLD,Netherlands,S1,Total economy,S1,Total economy,POP,Total population,_Z,Not applicable,_Z,Not applicable,_Z,Not applicable,PS,Persons,_Z,Not applicable,N,Non transformed data,T0110,Table 0110 - Population and employment,2000,,15926,,,,F,Free (free for publication),2,Two,A,Normal value,3,Thousands,_Z,Not applicable
DATAFLOW,OECD.SDD.NAD:DSD_NAMAIN10@DF_TABLE3_POP_EMPNC(2.0),"Annual population and employment, national concept",I,A,Annual,POL,Poland,S1,Total economy,S1,Total economy,POP,Total population,_Z,Not applicable,_Z,Not applicable,_Z,Not applicable,PS,Persons,_Z,Not applicable,N,Non transformed data,T0110,Table 0110 - Population and employment,2000,,38255.945,,,,F,Free (free for publication),2,Two,A,Normal value,3,Thousands,_Z,Not applicable
DATAFLOW,OECD.SDD.NAD:DSD_NAMAIN10@DF_TABLE3_POP_EMPNC(2.0),"Annual population and employment, national concept",I,A,Annual,PRT,Portugal,S1,Total economy,S1,Total economy,POP,Total population,_Z,Not applicable,_Z,Not applicable,_Z,Not applicable,PS,Persons,_Z,Not applicable,N,Non transformed data,T0110,Table 0110 - Population and employment,2000,,10289.898,,,,F,Free (free for publication),2,Two,A,Normal value,3,Thousands,_Z,Not applicable
DATAFLOW,OECD.SDD.NAD:DSD_NAMAIN10@DF_TABLE3_POP_EMPNC(2.0),"Annual population and employment, national concept",I,A,Annual,SVK,Slovak Republic,S1,Total economy,S1,Total economy,POP,Total population,_Z,Not applicable,_Z,Not applicable,_Z,Not applicable,PS,Persons,_Z,Not applicable,N,Non transformed data,T0110,Table 0110 - Population and employment,2000,,5400.704,,,,F,Free (free for publication),2,Two,A,Normal value,3,Thousands,_Z,Not applicable
DATAFLOW,OECD.SDD.NAD:DSD_NAMAIN10@DF_TABLE3_POP_EMPNC(2.0),"Annual population and employment, national concept",I,A,Annual,SVN,Slovenia,S1,Total economy,S1,Total economy,POP,Total population,_Z,Not applicable,_Z,Not applicable,_Z,Not applicable,PS,Persons,_Z,Not applicable,N,Non transformed data,T0110,Table 0110 - Population and employment,2000,,1989.395,,,,F,Free (free for publication),2,Two,A,Normal value,3,Thousands,_Z,Not applicable
DATAFLOW,OECD.SDD.NAD:DSD_NAMAIN10@DF_TABLE3_POP_EMPNC(2.0),"Annual population and employment, national concept",I,A,Annual,ESP,Spain,S1,Total economy,S1,Total economy,POP,Total population,_Z,Not applicable,_Z,Not applicable,_Z,Not applicable,PS,Persons,_Z,Not applicable,N,Non transformed data,T0110,Table 0110 - Population and employment,2000,,40554.387,,,,F,Free (free for publication),2,Two,A,Normal value,3,Thousands,_Z,Not applicable
DATAFLOW,OECD.SDD.NAD:DSD_NAMAIN10@DF_TABLE3_POP_EMPNC(2.0),"Annual population and employment, national concept",I,A,Annual,SWE,Sweden,S1,Total economy,S1,Total economy,POP,Total population,_Z,Not applicable,_Z,Not applicable,_Z,Not applicable,PS,Persons,_Z,Not applicable,N,Non transformed data,T0110,Table 0110 - Population and employment,2000,,8871.25,,,,F,Free (free for publication),2,Two,A,Normal value,3,Thousands,_Z,Not applicable
DATAFLOW,OECD.SDD.NAD:DSD_NAMAIN10@DF_TABLE3_POP_EMPNC(2.0),"Annual population and employment, national concept",I,A,Annual,GBR,United Kingdom,S1,Total economy,S1,Total economy,POP,Total population,_Z,Not applicable,_Z,Not applicable,_Z,Not applicable,PS,Persons,_Z,Not applicable,N,Non transformed data,T0110,Table 0110 - Population and employment,2000,,58886,,,,F,Free (free for publication),2,Two,A,Normal value,3,Thousands,_Z,Not applicable
DATAFLOW,OECD.SDD.NAD:DSD_NAMAIN10@DF_TABLE3_POP_EMPNC(2.0),"Annual population and employment, national concept",I,A,Annual,USA,United States,S1,Total economy,S1,Total economy,POP,Total population,_Z,Not applicable,_Z,Not applicable,_Z,Not applicable,PS,Persons,_Z,Not applicable,N,Non transformed data,T0110,Table 0110 - Population and employment,2000,,282398,,,,F,Free (free for publication),2,Two,A,Normal value,3,Thousands,_Z,Not applicable
DATAFLOW,OECD.SDD.NAD:DSD_NAMAIN10@DF_TABLE3_POP_EMPNC(2.0),"Annual population and employment, national concept",I,A,Annual,AUT,Austria,S1,Total economy,S1,Total economy,POP,Total population,_Z,Not applicable,_Z,Not applicable,_Z,Not applicable,PS,Persons,_Z,Not applicable,N,Non transformed data,T0110,Table 0110 - Population and employment,2001,,8042.293,,,,F,Free (free for publication),2,Two,A,Normal value,3,Thousands,_Z,Not applicable
DATAFLOW,OECD.SDD.NAD:DSD_NAMAIN10@DF_TABLE3_POP_EMPNC(2.0),"Annual population and employment, national concept",I,A,Annual,CAN,Canada,S1,Total economy,S1,Total economy,POP,Total population,_Z,Not applicable,_Z,Not applicable,_Z,Not applicable,PS,Persons,_Z,Not applicable,N,Non transformed data,T0110,Table 0110 - Population and employment,2001,,31020.855,,,,F,Free (free for publication),2,Two,A,Normal value,3,Thousands,_Z,Not applicable
DATAFLOW,OECD.SDD.NAD:DSD_NAMAIN10@DF_TABLE3_POP_EMPNC(2.0),"Annual population and employment, national concept",I,A,Annual,CHL,Chile,S1,Total economy,S1,Total economy,POP,Total population,_Z,Not applicable,_Z,Not applicable,_Z,Not applicable,PS,Persons,_Z,Not applicable,N,Non transformed data,T0110,Table 0110 - Population and employment,2001,,15571.679,,,,F,Free (free for publication),2,Two,A,Normal value,3,Thousands,_Z,Not applicable
DATAFLOW,OECD.SDD.NAD:DSD_NAMAIN10@DF_TABLE3_POP_EMPNC(2.0),"Annual population and employment, national concept",I,A,Annual,COL,Colombia,S1,Total economy,S1,Total economy,POP,Total population,_Z,Not applicable,_Z,Not applicable,_Z,Not applicable,PS,Persons,_Z,Not applicable,N,Non transformed data,T0110,Table 0110 - Population and employment,2001,,38609.398,,,,F,Free (free for publication),2,Two,A,Normal value,3,Thousands,_Z,Not applicable
DATAFLOW,OECD.SDD.NAD:DSD_NAMAIN10@DF_TABLE3_POP_EMPNC(2.0),"Annual population and employment, national concept",I,A,Annual,CRI,Costa Rica,S1,Total economy,S1,Total economy,POP,Total population,_Z,Not applicable,_Z,Not applicable,_Z,Not applicable,PS,Persons,_Z,Not applicable,N,Non transformed data,T0110,Table 0110 - Population and employment,2001,,3953.042,,,,F,Free (free for publication),2,Two,A,Normal value,3,Thousands,_Z,Not applicable
DATAFLOW,OECD.SDD.NAD:DSD_NAMAIN10@DF_TABLE3_POP_EMPNC(2.0),"Annual population and employment, national concept",I,A,Annual,CZE,Czechia,S1,Total economy,S1,Total economy,POP,Total population,_Z,Not applicable,_Z,Not applicable,_Z,Not applicable,PS,Persons,_Z,Not applicable,N,Non transformed data,T0110,Table 0110 - Population and employment,2001,,10224.192,,,,F,Free (free for publication),2,Two,A,Normal value,3,Thousands,_Z,Not applicable
DATAFLOW,OECD.SDD.NAD:DSD_NAMAIN10@DF_TABLE3_POP_EMPNC(2.0),"Annual population and employment, national concept",I,A,Annual,DNK,Denmark,S1,Total economy,S1,Total economy,POP,Total population,_Z,Not applicable,_Z,Not applicable,_Z,Not applicable,PS,Persons,_Z,Not applicable,N,Non transformed data,T0110,Table 0110 - Population and employment,2001,,5357.285,,,,F,Free (free for publication),2,Two,A,Normal value,3,Thousands,_Z,Not applicable
DATAFLOW,OECD.SDD.NAD:DSD_NAMAIN10@DF_TABLE3_POP_EMPNC(2.0),"Annual population and employment, national concept",I,A,Annual,EST,Estonia,S1,Total economy,S1,Total economy,POP,Total population,_Z,Not applicable,_Z,Not applicable,_Z,Not applicable,PS,Persons,_Z,Not applicable,N,Non transformed data,T0110,Table 0110 - Population and employment,2001,,1392.7,,,,F,Free (free for publication),2,Two,A,Normal value,3,Thousands,_Z,Not applicable
DATAFLOW,OECD.SDD.NAD:DSD_NAMAIN10@DF_TABLE3_POP_EMPNC(2.0),"Annual population and employment, national concept",I,A,Annual,FIN,Finland,S1,Total economy,S1,Total economy,POP,Total population,_Z,Not applicable,_Z,Not applicable,_Z,Not applicable,PS,Persons,_Z,Not applicable,N,Non transformed data,T0110,Table 0110 - Population and employment,2001,,5188,,,,F,Free (free for publication),2,Two,A,Normal value,3,Thousands,_Z,Not applicable
DATAFLOW,OECD.SDD.NAD:DSD_NAMAIN10@DF_TABLE3_POP_EMPNC(2.0),"Annual population and employment, national concept",I,A,Annual,DEU,Germany,S1,Total economy,S1,Total economy,POP,Total population,_Z,Not applicable,_Z,Not applicable,_Z,Not applicable,PS,Persons,_Z,Not applicable,N,Non transformed data,T0110,Table 0110 - Population and employment,2001,,81517,,,,F,Free (free for publication),2,Two,A,Normal value,3,Thousands,_Z,Not applicable
DATAFLOW,OECD.SDD.NAD:DSD_NAMAIN10@DF_TABLE3_POP_EMPNC(2.0),"Annual population and employment, national concept",I,A,Annual,GRC,Greece,S1,Total economy,S1,Total economy,POP,Total population,_Z,Not applicable,_Z,Not applicable,_Z,Not applicable,PS,Persons,_Z,Not applicable,N,Non transformed data,T0110,Table 0110 - Population and employment,2001,,10862.146,,,,F,Free (free for publication),2,Two,A,Normal value,3,Thousands,_Z,Not applicable
DATAFLOW,OECD.SDD.NAD:DSD_NAMAIN10@DF_TABLE3_POP_EMPNC(2.0),"Annual population and employment, national concept",I,A,Annual,HUN,Hungary,S1,Total economy,S1,Total economy,POP,Total population,_Z,Not applicable,_Z,Not applicable,_Z,Not applicable,PS,Persons,_Z,Not applicable,N,Non transformed data,T0110,Table 0110 - Population and employment,2001,,10187.576,,,,F,Free (free for publication),2,Two,A,Normal value,3,Thousands,_Z,Not applicable
DATAFLOW,OECD.SDD.NAD:DSD_NAMAIN10@DF_TABLE3_POP_EMPNC(2.0),"Annual population and employment, national concept",I,A,Annual,ITA,Italy,S1,Total economy,S1,Total economy,POP,Total population,_Z,Not applicable,_Z,Not applicable,_Z,Not applicable,PS,Persons,_Z,Not applicable,N,Non transformed data,T0110,Table 0110 - Population and employment,2001,,56979.8,,,,F,Free (free for publication),2,Two,A,Normal value,3,Thousands,_Z,Not applicable
DATAFLOW,OECD.SDD.NAD:DSD_NAMAIN10@DF_TABLE3_POP_EMPNC(2.0),"Annual population and employment, national concept",I,A,Annual,KOR,Korea,S1,Total economy,S1,Total economy,POP,Total population,_Z,Not applicable,_Z,Not applicable,_Z,Not applicable,PS,Persons,_Z,Not applicable,N,Non transformed data,T0110,Table 0110 - Population and employment,2001,,47370,,,,F,Free (free for publication),2,Two,A,Normal value,3,Thousands,_Z,Not applicable
DATAFLOW,OECD.SDD.NAD:DSD_NAMAIN10@DF_TABLE3_POP_EMPNC(2.0),"Annual population and employment, national concept",I,A,Annual,LVA,Latvia,S1,Total economy,S1,Total economy,POP,Total population,_Z,Not applicable,_Z,Not applicable,_Z,Not applicable,PS,Persons,_Z,Not applicable,N,Non transformed data,T0110,Table 0110 - Population and employment,2001,,2337.7,,,,F,Free (free for publication),2,Two,A,Normal value,3,Thousands,_Z,Not applicable
DATAFLOW,OECD.SDD.NAD:DSD_NAMAIN10@DF_TABLE3_POP_EMPNC(2.0),"Annual population and employment, national concept",I,A,Annual,LTU,Lithuania,S1,Total economy,S1,Total economy,POP,Total population,_Z,Not applicable,_Z,Not applicable,_Z,Not applicable,PS,Persons,_Z,Not applicable,N,Non transformed data,T0110,Table 0110 - Population and employment,2001,,3470.818,,,,F,Free (free for publication),2,Two,A,Normal value,3,Thousands,_Z,Not applicable
DATAFLOW,OECD.SDD.NAD:DSD_NAMAIN10@DF_TABLE3_POP_EMPNC(2.0),"Annual population and employment, national concept",I,A,Annual,LUX,Luxembourg,S1,Total economy,S1,Total economy,POP,Total population,_Z,Not applicable,_Z,Not applicable,_Z,Not applicable,PS,Persons,_Z,Not applicable,N,Non transformed data,T0110,Table 0110 - Population and employment,2001,,441.862,,,,F,Free (free for publication),2,Two,A,Normal value,3,Thousands,_Z,Not applicable
DATAFLOW,OECD.SDD.NAD:DSD_NAMAIN10@DF_TABLE3_POP_EMPNC(2.0),"Annual population and employment, national concept",I,A,Annual,NLD,Netherlands,S1,Total economy,S1,Total economy,POP,Total population,_Z,Not applicable,_Z,Not applicable,_Z,Not applicable,PS,Persons,_Z,Not applicable,N,Non transformed data,T0110,Table 0110 - Population and employment,2001,,16046,,,,F,Free (free for publication),2,Two,A,Normal value,3,Thousands,_Z,Not applicable
DATAFLOW,OECD.SDD.NAD:DSD_NAMAIN10@DF_TABLE3_POP_EMPNC(2.0),"Annual population and employment, national concept",I,A,Annual,POL,Poland,S1,Total economy,S1,Total economy,POP,Total population,_Z,Not applicable,_Z,Not applicable,_Z,Not applicable,PS,Persons,_Z,Not applicable,N,Non transformed data,T0110,Table 0110 - Population and employment,2001,,38250.79,,,,F,Free (free for publication),2,Two,A,Normal value,3,Thousands,_Z,Not applicable
DATAFLOW,OECD.SDD.NAD:DSD_NAMAIN10@DF_TABLE3_POP_EMPNC(2.0),"Annual population and employment, national concept",I,A,Annual,PRT,Portugal,S1,Total economy,S1,Total economy,POP,Total population,_Z,Not applicable,_Z,Not applicable,_Z,Not applicable,PS,Persons,_Z,Not applicable,N,Non transformed data,T0110,Table 0110 - Population and employment,2001,,10362.722,,,,F,Free (free for publication),2,Two,A,Normal value,3,Thousands,_Z,Not applicable
DATAFLOW,OECD.SDD.NAD:DSD_NAMAIN10@DF_TABLE3_POP_EMPNC(2.0),"Annual population and employment, national concept",I,A,Annual,SVN,Slovenia,S1,Total economy,S1,Total economy,POP,Total population,_Z,Not applicable,_Z,Not applicable,_Z,Not applicable,PS,Persons,_Z,Not applicable,N,Non transformed data,T0110,Table 0110 - Population and employment,2001,,1991.951,,,,F,Free (free for publication),2,Two,A,Normal value,3,Thousands,_Z,Not applicable
DATAFLOW,OECD.SDD.NAD:DSD_NAMAIN10@DF_TABLE3_POP_EMPNC(2.0),"Annual population and employment, national concept",I,A,Annual,ESP,Spain,S1,Total economy,S1,Total economy,POP,Total population,_Z,Not applicable,_Z,Not applicable,_Z,Not applicable,PS,Persons,_Z,Not applicable,N,Non transformed data,T0110,Table 0110 - Population and employment,2001,,40766.049,,,,F,Free (free for publication),2,Two,A,Normal value,3,Thousands,_Z,Not applicable
DATAFLOW,OECD.SDD.NAD:DSD_NAMAIN10@DF_TABLE3_POP_EMPNC(2.0),"Annual population and employment, national concept",I,A,Annual,SWE,Sweden,S1,Total economy,S1,Total economy,POP,Total population,_Z,Not applicable,_Z,Not applicable,_Z,Not applicable,PS,Persons,_Z,Not applicable,N,Non transformed data,T0110,Table 0110 - Population and employment,2001,,8896.75,,,,F,Free (free for publication),2,Two,A,Normal value,3,Thousands,_Z,Not applicable
DATAFLOW,OECD.SDD.NAD:DSD_NAMAIN10@DF_TABLE3_POP_EMPNC(2.0),"Annual population and employment, national concept",I,A,Annual,GBR,United Kingdom,S1,Total economy,S1,Total economy,POP,Total population,_Z,Not applicable,_Z,Not applicable,_Z,Not applicable,PS,Persons,_Z,Not applicable,N,Non transformed data,T0110,Table 0110 - Population and employment,2001,,59113,,,,F,Free (free for publication),2,Two,A,Normal value,3,Thousands,_Z,Not applicable
DATAFLOW,OECD.SDD.NAD:DSD_NAMAIN10@DF_TABLE3_POP_EMPNC(2.0),"Annual population and employment, national concept",I,A,Annual,CAN,Canada,S1,Total economy,S1,Total economy,POP,Total population,_Z,Not applicable,_Z,Not applicable,_Z,Not applicable,PS,Persons,_Z,Not applicable,N,Non transformed data,T0110,Table 0110 - Population and employment,2002,,31359.199,,,,F,Free (free for publication),2,Two,A,Normal value,3,Thousands,_Z,Not applicable
DATAFLOW,OECD.SDD.NAD:DSD_NAMAIN10@DF_TABLE3_POP_EMPNC(2.0),"Annual population and employment, national concept",I,A,Annual,CHL,Chile,S1,Total economy,S1,Total economy,POP,Total population,_Z,Not applicable,_Z,Not applicable,_Z,Not applicable,PS,Persons,_Z,Not applicable,N,Non transformed data,T0110,Table 0110 - Population and employment,2002,,15745.583,,,,F,Free (free for publication),2,Two,A,Normal value,3,Thousands,_Z,Not applicable
DATAFLOW,OECD.SDD.NAD:DSD_NAMAIN10@DF_TABLE3_POP_EMPNC(2.0),"Annual population and employment, national concept",I,A,Annual,COL,Colombia,S1,Total economy,S1,Total economy,POP,Total population,_Z,Not applicable,_Z,Not applicable,_Z,Not applicable,PS,Persons,_Z,Not applicable,N,Non transformed data,T0110,Table 0110 - Population and employment,2002,,39106.6975,,,,F,Free (free for publication),2,Two,A,Normal value,3,Thousands,_Z,Not applicable
DATAFLOW,OECD.SDD.NAD:DSD_NAMAIN10@DF_TABLE3_POP_EMPNC(2.0),"Annual population and employment, national concept",I,A,Annual,CRI,Costa Rica,S1,Total economy,S1,Total economy,POP,Total population,_Z,Not applicable,_Z,Not applicable,_Z,Not applicable,PS,Persons,_Z,Not applicable,N,Non transformed data,T0110,Table 0110 - Population and employment,2002,,4023.422,,,,F,Free (free for publication),2,Two,A,Normal value,3,Thousands,_Z,Not applicable
DATAFLOW,OECD.SDD.NAD:DSD_NAMAIN10@DF_TABLE3_POP_EMPNC(2.0),"Annual population and employment, national concept",I,A,Annual,CZE,Czechia,S1,Total economy,S1,Total economy,POP,Total population,_Z,Not applicable,_Z,Not applicable,_Z,Not applicable,PS,Persons,_Z,Not applicable,N,Non transformed data,T0110,Table 0110 - Population and employment,2002,,10200.774,,,,F,Free (free for publication),2,Two,A,Normal value,3,Thousands,_Z,Not applicable
DATAFLOW,OECD.SDD.NAD:DSD_NAMAIN10@DF_TABLE3_POP_EMPNC(2.0),"Annual population and employment, national concept",I,A,Annual,DNK,Denmark,S1,Total economy,S1,Total economy,POP,Total population,_Z,Not applicable,_Z,Not applicable,_Z,Not applicable,PS,Persons,_Z,Not applicable,N,Non transformed data,T0110,Table 0110 - Population and employment,2002,,5375.575,,,,F,Free (free for publication),2,Two,A,Normal value,3,Thousands,_Z,Not applicable
DATAFLOW,OECD.SDD.NAD:DSD_NAMAIN10@DF_TABLE3_POP_EMPNC(2.0),"Annual population and employment, national concept",I,A,Annual,EST,Estonia,S1,Total economy,S1,Total economy,POP,Total population,_Z,Not applicable,_Z,Not applicable,_Z,Not applicable,PS,Persons,_Z,Not applicable,N,Non transformed data,T0110,Table 0110 - Population and employment,2002,,1383.5,,,,F,Free (free for publication),2,Two,A,Normal value,3,Thousands,_Z,Not applicable
DATAFLOW,OECD.SDD.NAD:DSD_NAMAIN10@DF_TABLE3_POP_EMPNC(2.0),"Annual population and employment, national concept",I,A,Annual,FIN,Finland,S1,Total economy,S1,Total economy,POP,Total population,_Z,Not applicable,_Z,Not applicable,_Z,Not applicable,PS,Persons,_Z,Not applicable,N,Non transformed data,T0110,Table 0110 - Population and employment,2002,,5200.6,,,,F,Free (free for publication),2,Two,A,Normal value,3,Thousands,_Z,Not applicable
DATAFLOW,OECD.SDD.NAD:DSD_NAMAIN10@DF_TABLE3_POP_EMPNC(2.0),"Annual population and employment, national concept",I,A,Annual,DEU,Germany,S1,Total economy,S1,Total economy,POP,Total population,_Z,Not applicable,_Z,Not applicable,_Z,Not applicable,PS,Persons,_Z,Not applicable,N,Non transformed data,T0110,Table 0110 - Population and employment,2002,,81578,,,,F,Free (free for publication),2,Two,A,Normal value,3,Thousands,_Z,Not applicable
DATAFLOW,OECD.SDD.NAD:DSD_NAMAIN10@DF_TABLE3_POP_EMPNC(2.0),"Annual population and employment, national concept",I,A,Annual,GRC,Greece,S1,Total economy,S1,Total economy,POP,Total population,_Z,Not applicable,_Z,Not applicable,_Z,Not applicable,PS,Persons,_Z,Not applicable,N,Non transformed data,T0110,Table 0110 - Population and employment,2002,,10902.005,,,,F,Free (free for publication),2,Two,A,Normal value,3,Thousands,_Z,Not applicable
DATAFLOW,OECD.SDD.NAD:DSD_NAMAIN10@DF_TABLE3_POP_EMPNC(2.0),"Annual population and employment, national concept",I,A,Annual,HUN,Hungary,S1,Total economy,S1,Total economy,POP,Total population,_Z,Not applicable,_Z,Not applicable,_Z,Not applicable,PS,Persons,_Z,Not applicable,N,Non transformed data,T0110,Table 0110 - Population and employment,2002,,10158.608,,,,F,Free (free for publication),2,Two,A,Normal value,3,Thousands,_Z,Not applicable
DATAFLOW,OECD.SDD.NAD:DSD_NAMAIN10@DF_TABLE3_POP_EMPNC(2.0),"Annual population and employment, national concept",I,A,Annual,ITA,Italy,S1,Total economy,S1,Total economy,POP,Total population,_Z,Not applicable,_Z,Not applicable,_Z,Not applicable,PS,Persons,_Z,Not applicable,N,Non transformed data,T0110,Table 0110 - Population and employment,2002,,57089.8,,,,F,Free (free for publication),2,Two,A,Normal value,3,Thousands,_Z,Not applicable
DATAFLOW,OECD.SDD.NAD:DSD_NAMAIN10@DF_TABLE3_POP_EMPNC(2.0),"Annual population and employment, national concept",I,A,Annual,KOR,Korea,S1,Total economy,S1,Total economy,POP,Total population,_Z,Not applicable,_Z,Not applicable,_Z,Not applicable,PS,Persons,_Z,Not applicable,N,Non transformed data,T0110,Table 0110 - Population and employment,2002,,47645,,,,F,Free (free for publication),2,Two,A,Normal value,3,Thousands,_Z,Not applicable
DATAFLOW,OECD.SDD.NAD:DSD_NAMAIN10@DF_TABLE3_POP_EMPNC(2.0),"Annual population and employment, national concept",I,A,Annual,LVA,Latvia,S1,Total economy,S1,Total economy,POP,Total population,_Z,Not applicable,_Z,Not applicable,_Z,Not applicable,PS,Persons,_Z,Not applicable,N,Non transformed data,T0110,Table 0110 - Population and employment,2002,,2310.375,,,,F,Free (free for publication),2,Two,A,Normal value,3,Thousands,_Z,Not applicable
DATAFLOW,OECD.SDD.NAD:DSD_NAMAIN10@DF_TABLE3_POP_EMPNC(2.0),"Annual population and employment, national concept",I,A,Annual,LTU,Lithuania,S1,Total economy,S1,Total economy,POP,Total population,_Z,Not applicable,_Z,Not applicable,_Z,Not applicable,PS,Persons,_Z,Not applicable,N,Non transformed data,T0110,Table 0110 - Population and employment,2002,,3443.067,,,,F,Free (free for publication),2,Two,A,Normal value,3,Thousands,_Z,Not applicable
DATAFLOW,OECD.SDD.NAD:DSD_NAMAIN10@DF_TABLE3_POP_EMPNC(2.0),"Annual population and employment, national concept",I,A,Annual,LUX,Luxembourg,S1,Total economy,S1,Total economy,POP,Total population,_Z,Not applicable,_Z,Not applicable,_Z,Not applicable,PS,Persons,_Z,Not applicable,N,Non transformed data,T0110,Table 0110 - Population and employment,2002,,446.65,,,,F,Free (free for publication),2,Two,A,Normal value,3,Thousands,_Z,Not applicable
DATAFLOW,OECD.SDD.NAD:DSD_NAMAIN10@DF_TABLE3_POP_EMPNC(2.0),"Annual population and employment, national concept",I,A,Annual,NLD,Netherlands,S1,Total economy,S1,Total economy,POP,Total population,_Z,Not applicable,_Z,Not applicable,_Z,Not applicable,PS,Persons,_Z,Not applicable,N,Non transformed data,T0110,Table 0110 - Population and employment,2002,,16149,,,,F,Free (free for publication),2,Two,A,Normal value,3,Thousands,_Z,Not applicable
DATAFLOW,OECD.SDD.NAD:DSD_NAMAIN10@DF_TABLE3_POP_EMPNC(2.0),"Annual population and employment, national concept",I,A,Annual,POL,Poland,S1,Total economy,S1,Total economy,POP,Total population,_Z,Not applicable,_Z,Not applicable,_Z,Not applicable,PS,Persons,_Z,Not applicable,N,Non transformed data,T0110,Table 0110 - Population and employment,2002,,38232.301,,,,F,Free (free for publication),2,Two,A,Normal value,3,Thousands,_Z,Not applicable
DATAFLOW,OECD.SDD.NAD:DSD_NAMAIN10@DF_TABLE3_POP_EMPNC(2.0),"Annual population and employment, national concept",I,A,Annual,PRT,Portugal,S1,Total economy,S1,Total economy,POP,Total population,_Z,Not applicable,_Z,Not applicable,_Z,Not applicable,PS,Persons,_Z,Not applicable,N,Non transformed data,T0110,Table 0110 - Population and employment,2002,,10419.631,,,,F,Free (free for publication),2,Two,A,Normal value,3,Thousands,_Z,Not applicable
DATAFLOW,OECD.SDD.NAD:DSD_NAMAIN10@DF_TABLE3_POP_EMPNC(2.0),"Annual population and employment, national concept",I,A,Annual,SVK,Slovak Republic,S1,Total economy,S1,Total economy,POP,Total population,_Z,Not applicable,_Z,Not applicable,_Z,Not applicable,PS,Persons,_Z,Not applicable,N,Non transformed data,T0110,Table 0110 - Population and employment,2002,,5378.661,,,,F,Free (free for publication),2,Two,A,Normal value,3,Thousands,_Z,Not applicable
DATAFLOW,OECD.SDD.NAD:DSD_NAMAIN10@DF_TABLE3_POP_EMPNC(2.0),"Annual population and employment, national concept",I,A,Annual,SVN,Slovenia,S1,Total economy,S1,Total economy,POP,Total population,_Z,Not applicable,_Z,Not applicable,_Z,Not applicable,PS,Persons,_Z,Not applicable,N,Non transformed data,T0110,Table 0110 - Population and employment,2002,,1995.032,,,,F,Free (free for publication),2,Two,A,Normal value,3,Thousands,_Z,Not applicable
DATAFLOW,OECD.SDD.NAD:DSD_NAMAIN10@DF_TABLE3_POP_EMPNC(2.0),"Annual population and employment, national concept",I,A,Annual,ESP,Spain,S1,Total economy,S1,Total economy,POP,Total population,_Z,Not applicable,_Z,Not applicable,_Z,Not applicable,PS,Persons,_Z,Not applicable,N,Non transformed data,T0110,Table 0110 - Population and employment,2002,,41423.52,,,,F,Free (free for publication),2,Two,A,Normal value,3,Thousands,_Z,Not applicable
DATAFLOW,OECD.SDD.NAD:DSD_NAMAIN10@DF_TABLE3_POP_EMPNC(2.0),"Annual population and employment, national concept",I,A,Annual,SWE,Sweden,S1,Total economy,S1,Total economy,POP,Total population,_Z,Not applicable,_Z,Not applicable,_Z,Not applicable,PS,Persons,_Z,Not applicable,N,Non transformed data,T0110,Table 0110 - Population and employment,2002,,8926.75,,,,F,Free (free for publication),2,Two,A,Normal value,3,Thousands,_Z,Not applicable
DATAFLOW,OECD.SDD.NAD:DSD_NAMAIN10@DF_TABLE3_POP_EMPNC(2.0),"Annual population and employment, national concept",I,A,Annual,GBR,United Kingdom,S1,Total economy,S1,Total economy,POP,Total population,_Z,Not applicable,_Z,Not applicable,_Z,Not applicable,PS,Persons,_Z,Not applicable,N,Non transformed data,T0110,Table 0110 - Population and employment,2002,,59366,,,,F,Free (free for publication),2,Two,A,Normal value,3,Thousands,_Z,Not applicable
DATAFLOW,OECD.SDD.NAD:DSD_NAMAIN10@DF_TABLE3_POP_EMPNC(2.0),"Annual population and employment, national concept",I,A,Annual,CAN,Canada,S1,Total economy,S1,Total economy,POP,Total population,_Z,Not applicable,_Z,Not applicable,_Z,Not applicable,PS,Persons,_Z,Not applicable,N,Non transformed data,T0110,Table 0110 - Population and employment,2003,,31642.461,,,,F,Free (free for publication),2,Two,A,Normal value,3,Thousands,_Z,Not applicable
DATAFLOW,OECD.SDD.NAD:DSD_NAMAIN10@DF_TABLE3_POP_EMPNC(2.0),"Annual population and employment, national concept",I,A,Annual,CHL,Chile,S1,Total economy,S1,Total economy,POP,Total population,_Z,Not applicable,_Z,Not applicable,_Z,Not applicable,PS,Persons,_Z,Not applicable,N,Non transformed data,T0110,Table 0110 - Population and employment,2003,,15919.479,,,,F,Free (free for publication),2,Two,A,Normal value,3,Thousands,_Z,Not applicable
DATAFLOW,OECD.SDD.NAD:DSD_NAMAIN10@DF_TABLE3_POP_EMPNC(2.0),"Annual population and employment, national concept",I,A,Annual,COL,Colombia,S1,Total economy,S1,Total economy,POP,Total population,_Z,Not applicable,_Z,Not applicable,_Z,Not applicable,PS,Persons,_Z,Not applicable,N,Non transformed data,T0110,Table 0110 - Population and employment,2003,,39593.788333,,,,F,Free (free for publication),2,Two,A,Normal value,3,Thousands,_Z,Not applicable
DATAFLOW,OECD.SDD.NAD:DSD_NAMAIN10@DF_TABLE3_POP_EMPNC(2.0),"Annual population and employment, national concept",I,A,Annual,CRI,Costa Rica,S1,Total economy,S1,Total economy,POP,Total population,_Z,Not applicable,_Z,Not applicable,_Z,Not applicable,PS,Persons,_Z,Not applicable,N,Non transformed data,T0110,Table 0110 - Population and employment,2003,,4081.883,,,,F,Free (free for publication),2,Two,A,Normal value,3,Thousands,_Z,Not applicable
DATAFLOW,OECD.SDD.NAD:DSD_NAMAIN10@DF_TABLE3_POP_EMPNC(2.0),"Annual population and employment, national concept",I,A,Annual,CZE,Czechia,S1,Total economy,S1,Total economy,POP,Total population,_Z,Not applicable,_Z,Not applicable,_Z,Not applicable,PS,Persons,_Z,Not applicable,N,Non transformed data,T0110,Table 0110 - Population and employment,2003,,10201.651,,,,F,Free (free for publication),2,Two,A,Normal value,3,Thousands,_Z,Not applicable
DATAFLOW,OECD.SDD.NAD:DSD_NAMAIN10@DF_TABLE3_POP_EMPNC(2.0),"Annual population and employment, national concept",I,A,Annual,DNK,Denmark,S1,Total economy,S1,Total economy,POP,Total population,_Z,Not applicable,_Z,Not applicable,_Z,Not applicable,PS,Persons,_Z,Not applicable,N,Non transformed data,T0110,Table 0110 - Population and employment,2003,,5389.521,,,,F,Free (free for publication),2,Two,A,Normal value,3,Thousands,_Z,Not applicable
DATAFLOW,OECD.SDD.NAD:DSD_NAMAIN10@DF_TABLE3_POP_EMPNC(2.0),"Annual population and employment, national concept",I,A,Annual,EST,Estonia,S1,Total economy,S1,Total economy,POP,Total population,_Z,Not applicable,_Z,Not applicable,_Z,Not applicable,PS,Persons,_Z,Not applicable,N,Non transformed data,T0110,Table 0110 - Population and employment,2003,,1375.2,,,,F,Free (free for publication),2,Two,A,Normal value,3,Thousands,_Z,Not applicable
DATAFLOW,OECD.SDD.NAD:DSD_NAMAIN10@DF_TABLE3_POP_EMPNC(2.0),"Annual population and employment, national concept",I,A,Annual,FIN,Finland,S1,Total economy,S1,Total economy,POP,Total population,_Z,Not applicable,_Z,Not applicable,_Z,Not applicable,PS,Persons,_Z,Not applicable,N,Non transformed data,T0110,Table 0110 - Population and employment,2003,,5213,,,,F,Free (free for publication),2,Two,A,Normal value,3,Thousands,_Z,Not applicable
DATAFLOW,OECD.SDD.NAD:DSD_NAMAIN10@DF_TABLE3_POP_EMPNC(2.0),"Annual population and employment, national concept",I,A,Annual,DEU,Germany,S1,Total economy,S1,Total economy,POP,Total population,_Z,Not applicable,_Z,Not applicable,_Z,Not applicable,PS,Persons,_Z,Not applicable,N,Non transformed data,T0110,Table 0110 - Population and employment,2003,,81549,,,,F,Free (free for publication),2,Two,A,Normal value,3,Thousands,_Z,Not applicable
DATAFLOW,OECD.SDD.NAD:DSD_NAMAIN10@DF_TABLE3_POP_EMPNC(2.0),"Annual population and employment, national concept",I,A,Annual,GRC,Greece,S1,Total economy,S1,Total economy,POP,Total population,_Z,Not applicable,_Z,Not applicable,_Z,Not applicable,PS,Persons,_Z,Not applicable,N,Non transformed data,T0110,Table 0110 - Population and employment,2003,,10928.091,,,,F,Free (free for publication),2,Two,A,Normal value,3,Thousands,_Z,Not applicable
DATAFLOW,OECD.SDD.NAD:DSD_NAMAIN10@DF_TABLE3_POP_EMPNC(2.0),"Annual population and employment, national concept",I,A,Annual,HUN,Hungary,S1,Total economy,S1,Total economy,POP,Total population,_Z,Not applicable,_Z,Not applicable,_Z,Not applicable,PS,Persons,_Z,Not applicable,N,Non transformed data,T0110,Table 0110 - Population and employment,2003,,10129.552,,,,F,Free (free for publication),2,Two,A,Normal value,3,Thousands,_Z,Not applicable
DATAFLOW,OECD.SDD.NAD:DSD_NAMAIN10@DF_TABLE3_POP_EMPNC(2.0),"Annual population and employment, national concept",I,A,Annual,ITA,Italy,S1,Total economy,S1,Total economy,POP,Total population,_Z,Not applicable,_Z,Not applicable,_Z,Not applicable,PS,Persons,_Z,Not applicable,N,Non transformed data,T0110,Table 0110 - Population and employment,2003,,57399.2,,,,F,Free (free for publication),2,Two,A,Normal value,3,Thousands,_Z,Not applicable
DATAFLOW,OECD.SDD.NAD:DSD_NAMAIN10@DF_TABLE3_POP_EMPNC(2.0),"Annual population and employment, national concept",I,A,Annual,KOR,Korea,S1,Total economy,S1,Total economy,POP,Total population,_Z,Not applicable,_Z,Not applicable,_Z,Not applicable,PS,Persons,_Z,Not applicable,N,Non transformed data,T0110,Table 0110 - Population and employment,2003,,47892,,,,F,Free (free for publication),2,Two,A,Normal value,3,Thousands,_Z,Not applicable
DATAFLOW,OECD.SDD.NAD:DSD_NAMAIN10@DF_TABLE3_POP_EMPNC(2.0),"Annual population and employment, national concept",I,A,Annual,LVA,Latvia,S1,Total economy,S1,Total economy,POP,Total population,_Z,Not applicable,_Z,Not applicable,_Z,Not applicable,PS,Persons,_Z,Not applicable,N,Non transformed data,T0110,Table 0110 - Population and employment,2003,,2288.088,,,,F,Free (free for publication),2,Two,A,Normal value,3,Thousands,_Z,Not applicable
DATAFLOW,OECD.SDD.NAD:DSD_NAMAIN10@DF_TABLE3_POP_EMPNC(2.0),"Annual population and employment, national concept",I,A,Annual,LTU,Lithuania,S1,Total economy,S1,Total economy,POP,Total population,_Z,Not applicable,_Z,Not applicable,_Z,Not applicable,PS,Persons,_Z,Not applicable,N,Non transformed data,T0110,Table 0110 - Population and employment,2003,,3415.213,,,,F,Free (free for publication),2,Two,A,Normal value,3,Thousands,_Z,Not applicable
DATAFLOW,OECD.SDD.NAD:DSD_NAMAIN10@DF_TABLE3_POP_EMPNC(2.0),"Annual population and employment, national concept",I,A,Annual,LUX,Luxembourg,S1,Total economy,S1,Total economy,POP,Total population,_Z,Not applicable,_Z,Not applicable,_Z,Not applicable,PS,Persons,_Z,Not applicable,N,Non transformed data,T0110,Table 0110 - Population and employment,2003,,452.262,,,,F,Free (free for publication),2,Two,A,Normal value,3,Thousands,_Z,Not applicable
DATAFLOW,OECD.SDD.NAD:DSD_NAMAIN10@DF_TABLE3_POP_EMPNC(2.0),"Annual population and employment, national concept",I,A,Annual,NLD,Netherlands,S1,Total economy,S1,Total economy,POP,Total population,_Z,Not applicable,_Z,Not applicable,_Z,Not applicable,PS,Persons,_Z,Not applicable,N,Non transformed data,T0110,Table 0110 - Population and employment,2003,,16225,,,,F,Free (free for publication),2,Two,A,Normal value,3,Thousands,_Z,Not applicable
DATAFLOW,OECD.SDD.NAD:DSD_NAMAIN10@DF_TABLE3_POP_EMPNC(2.0),"Annual population and employment, national concept",I,A,Annual,POL,Poland,S1,Total economy,S1,Total economy,POP,Total population,_Z,Not applicable,_Z,Not applicable,_Z,Not applicable,PS,Persons,_Z,Not applicable,N,Non transformed data,T0110,Table 0110 - Population and employment,2003,,38195.177,,,,F,Free (free for publication),2,Two,A,Normal value,3,Thousands,_Z,Not applicable
DATAFLOW,OECD.SDD.NAD:DSD_NAMAIN10@DF_TABLE3_POP_EMPNC(2.0),"Annual population and employment, national concept",I,A,Annual,PRT,Portugal,S1,Total economy,S1,Total economy,POP,Total population,_Z,Not applicable,_Z,Not applicable,_Z,Not applicable,PS,Persons,_Z,Not applicable,N,Non transformed data,T0110,Table 0110 - Population and employment,2003,,10458.821,,,,F,Free (free for publication),2,Two,A,Normal value,3,Thousands,_Z,Not applicable
DATAFLOW,OECD.SDD.NAD:DSD_NAMAIN10@DF_TABLE3_POP_EMPNC(2.0),"Annual population and employment, national concept",I,A,Annual,SVK,Slovak Republic,S1,Total economy,S1,Total economy,POP,Total population,_Z,Not applicable,_Z,Not applicable,_Z,Not applicable,PS,Persons,_Z,Not applicable,N,Non transformed data,T0110,Table 0110 - Population and employment,2003,,5379.331,,,,F,Free (free for publication),2,Two,A,Normal value,3,Thousands,_Z,Not applicable
DATAFLOW,OECD.SDD.NAD:DSD_NAMAIN10@DF_TABLE3_POP_EMPNC(2.0),"Annual population and employment, national concept",I,A,Annual,SVN,Slovenia,S1,Total economy,S1,Total economy,POP,Total population,_Z,Not applicable,_Z,Not applicable,_Z,Not applicable,PS,Persons,_Z,Not applicable,N,Non transformed data,T0110,Table 0110 - Population and employment,2003,,1996.278,,,,F,Free (free for publication),2,Two,A,Normal value,3,Thousands,_Z,Not applicable
DATAFLOW,OECD.SDD.NAD:DSD_NAMAIN10@DF_TABLE3_POP_EMPNC(2.0),"Annual population and employment, national concept",I,A,Annual,ESP,Spain,S1,Total economy,S1,Total economy,POP,Total population,_Z,Not applicable,_Z,Not applicable,_Z,Not applicable,PS,Persons,_Z,Not applicable,N,Non transformed data,T0110,Table 0110 - Population and employment,2003,,42196.231,,,,F,Free (free for publication),2,Two,A,Normal value,3,Thousands,_Z,Not applicable
DATAFLOW,OECD.SDD.NAD:DSD_NAMAIN10@DF_TABLE3_POP_EMPNC(2.0),"Annual population and employment, national concept",I,A,Annual,SWE,Sweden,S1,Total economy,S1,Total economy,POP,Total population,_Z,Not applicable,_Z,Not applicable,_Z,Not applicable,PS,Persons,_Z,Not applicable,N,Non transformed data,T0110,Table 0110 - Population and employment,2003,,8957.75,,,,F,Free (free for publication),2,Two,A,Normal value,3,Thousands,_Z,Not applicable
DATAFLOW,OECD.SDD.NAD:DSD_NAMAIN10@DF_TABLE3_POP_EMPNC(2.0),"Annual population and employment, national concept",I,A,Annual,GBR,United Kingdom,S1,Total economy,S1,Total economy,POP,Total population,_Z,Not applicable,_Z,Not applicable,_Z,Not applicable,PS,Persons,_Z,Not applicable,N,Non transformed data,T0110,Table 0110 - Population and employment,2003,,59637,,,,F,Free (free for publication),2,Two,A,Normal value,3,Thousands,_Z,Not applicable
DATAFLOW,OECD.SDD.NAD:DSD_NAMAIN10@DF_TABLE3_POP_EMPNC(2.0),"Annual population and employment, national concept",I,A,Annual,CAN,Canada,S1,Total economy,S1,Total economy,POP,Total population,_Z,Not applicable,_Z,Not applicable,_Z,Not applicable,PS,Persons,_Z,Not applicable,N,Non transformed data,T0110,Table 0110 - Population and employment,2004,,31938.807,,,,F,Free (free for publication),2,Two,A,Normal value,3,Thousands,_Z,Not applicable
DATAFLOW,OECD.SDD.NAD:DSD_NAMAIN10@DF_TABLE3_POP_EMPNC(2.0),"Annual population and employment, national concept",I,A,Annual,CHL,Chile,S1,Total economy,S1,Total economy,POP,Total population,_Z,Not applicable,_Z,Not applicable,_Z,Not applicable,PS,Persons,_Z,Not applicable,N,Non transformed data,T0110,Table 0110 - Population and employment,2004,,16090.05447,,,,F,Free (free for publication),2,Two,A,Normal value,3,Thousands,_Z,Not applicable
DATAFLOW,OECD.SDD.NAD:DSD_NAMAIN10@DF_TABLE3_POP_EMPNC(2.0),"Annual population and employment, national concept",I,A,Annual,COL,Colombia,S1,Total economy,S1,Total economy,POP,Total population,_Z,Not applicable,_Z,Not applicable,_Z,Not applicable,PS,Persons,_Z,Not applicable,N,Non transformed data,T0110,Table 0110 - Population and employment,2004,,40066.908,,,,F,Free (free for publication),2,Two,A,Normal value,3,Thousands,_Z,Not applicable
DATAFLOW,OECD.SDD.NAD:DSD_NAMAIN10@DF_TABLE3_POP_EMPNC(2.0),"Annual population and employment, national concept",I,A,Annual,CRI,Costa Rica,S1,Total economy,S1,Total economy,POP,Total population,_Z,Not applicable,_Z,Not applicable,_Z,Not applicable,PS,Persons,_Z,Not applicable,N,Non transformed data,T0110,Table 0110 - Population and employment,2004,,4147.673,,,,F,Free (free for publication),2,Two,A,Normal value,3,Thousands,_Z,Not applicable
DATAFLOW,OECD.SDD.NAD:DSD_NAMAIN10@DF_TABLE3_POP_EMPNC(2.0),"Annual population and employment, national concept",I,A,Annual,CZE,Czechia,S1,Total economy,S1,Total economy,POP,Total population,_Z,Not applicable,_Z,Not applicable,_Z,Not applicable,PS,Persons,_Z,Not applicable,N,Non transformed data,T0110,Table 0110 - Population and employment,2004,,10206.923,,,,F,Free (free for publication),2,Two,A,Normal value,3,Thousands,_Z,Not applicable
DATAFLOW,OECD.SDD.NAD:DSD_NAMAIN10@DF_TABLE3_POP_EMPNC(2.0),"Annual population and employment, national concept",I,A,Annual,DNK,Denmark,S1,Total economy,S1,Total economy,POP,Total population,_Z,Not applicable,_Z,Not applicable,_Z,Not applicable,PS,Persons,_Z,Not applicable,N,Non transformed data,T0110,Table 0110 - Population and employment,2004,,5403.04,,,,F,Free (free for publication),2,Two,A,Normal value,3,Thousands,_Z,Not applicable
DATAFLOW,OECD.SDD.NAD:DSD_NAMAIN10@DF_TABLE3_POP_EMPNC(2.0),"Annual population and employment, national concept",I,A,Annual,EST,Estonia,S1,Total economy,S1,Total economy,POP,Total population,_Z,Not applicable,_Z,Not applicable,_Z,Not applicable,PS,Persons,_Z,Not applicable,N,Non transformed data,T0110,Table 0110 - Population and employment,2004,,1366.3,,,,F,Free (free for publication),2,Two,A,Normal value,3,Thousands,_Z,Not applicable
DATAFLOW,OECD.SDD.NAD:DSD_NAMAIN10@DF_TABLE3_POP_EMPNC(2.0),"Annual population and employment, national concept",I,A,Annual,FIN,Finland,S1,Total economy,S1,Total economy,POP,Total population,_Z,Not applicable,_Z,Not applicable,_Z,Not applicable,PS,Persons,_Z,Not applicable,N,Non transformed data,T0110,Table 0110 - Population and employment,2004,,5228.2,,,,F,Free (free for publication),2,Two,A,Normal value,3,Thousands,_Z,Not applicable
DATAFLOW,OECD.SDD.NAD:DSD_NAMAIN10@DF_TABLE3_POP_EMPNC(2.0),"Annual population and employment, national concept",I,A,Annual,DEU,Germany,S1,Total economy,S1,Total economy,POP,Total population,_Z,Not applicable,_Z,Not applicable,_Z,Not applicable,PS,Persons,_Z,Not applicable,N,Non transformed data,T0110,Table 0110 - Population and employment,2004,,81456,,,,F,Free (free for publication),2,Two,A,Normal value,3,Thousands,_Z,Not applicable
DATAFLOW,OECD.SDD.NAD:DSD_NAMAIN10@DF_TABLE3_POP_EMPNC(2.0),"Annual population and employment, national concept",I,A,Annual,GRC,Greece,S1,Total economy,S1,Total economy,POP,Total population,_Z,Not applicable,_Z,Not applicable,_Z,Not applicable,PS,Persons,_Z,Not applicable,N,Non transformed data,T0110,Table 0110 - Population and employment,2004,,10955.163,,,,F,Free (free for publication),2,Two,A,Normal value,3,Thousands,_Z,Not applicable
DATAFLOW,OECD.SDD.NAD:DSD_NAMAIN10@DF_TABLE3_POP_EMPNC(2.0),"Annual population and employment, national concept",I,A,Annual,HUN,Hungary,S1,Total economy,S1,Total economy,POP,Total population,_Z,Not applicable,_Z,Not applicable,_Z,Not applicable,PS,Persons,_Z,Not applicable,N,Non transformed data,T0110,Table 0110 - Population and employment,2004,,10107.146,,,,F,Free (free for publication),2,Two,A,Normal value,3,Thousands,_Z,Not applicable
DATAFLOW,OECD.SDD.NAD:DSD_NAMAIN10@DF_TABLE3_POP_EMPNC(2.0),"Annual population and employment, national concept",I,A,Annual,ITA,Italy,S1,Total economy,S1,Total economy,POP,Total population,_Z,Not applicable,_Z,Not applicable,_Z,Not applicable,PS,Persons,_Z,Not applicable,N,Non transformed data,T0110,Table 0110 - Population and employment,2004,,57828.2,,,,F,Free (free for publication),2,Two,A,Normal value,3,Thousands,_Z,Not applicable
DATAFLOW,OECD.SDD.NAD:DSD_NAMAIN10@DF_TABLE3_POP_EMPNC(2.0),"Annual population and employment, national concept",I,A,Annual,KOR,Korea,S1,Total economy,S1,Total economy,POP,Total population,_Z,Not applicable,_Z,Not applicable,_Z,Not applicable,PS,Persons,_Z,Not applicable,N,Non transformed data,T0110,Table 0110 - Population and employment,2004,,48083,,,,F,Free (free for publication),2,Two,A,Normal value,3,Thousands,_Z,Not applicable
DATAFLOW,OECD.SDD.NAD:DSD_NAMAIN10@DF_TABLE3_POP_EMPNC(2.0),"Annual population and employment, national concept",I,A,Annual,LVA,Latvia,S1,Total economy,S1,Total economy,POP,Total population,_Z,Not applicable,_Z,Not applicable,_Z,Not applicable,PS,Persons,_Z,Not applicable,N,Non transformed data,T0110,Table 0110 - Population and employment,2004,,2263,,,,F,Free (free for publication),2,Two,A,Normal value,3,Thousands,_Z,Not applicable
DATAFLOW,OECD.SDD.NAD:DSD_NAMAIN10@DF_TABLE3_POP_EMPNC(2.0),"Annual population and employment, national concept",I,A,Annual,LTU,Lithuania,S1,Total economy,S1,Total economy,POP,Total population,_Z,Not applicable,_Z,Not applicable,_Z,Not applicable,PS,Persons,_Z,Not applicable,N,Non transformed data,T0110,Table 0110 - Population and employment,2004,,3377.075,,,,F,Free (free for publication),2,Two,A,Normal value,3,Thousands,_Z,Not applicable
DATAFLOW,OECD.SDD.NAD:DSD_NAMAIN10@DF_TABLE3_POP_EMPNC(2.0),"Annual population and employment, national concept",I,A,Annual,LUX,Luxembourg,S1,Total economy,S1,Total economy,POP,Total population,_Z,Not applicable,_Z,Not applicable,_Z,Not applicable,PS,Persons,_Z,Not applicable,N,Non transformed data,T0110,Table 0110 - Population and employment,2004,,458.512,,,,F,Free (free for publication),2,Two,A,Normal value,3,Thousands,_Z,Not applicable
DATAFLOW,OECD.SDD.NAD:DSD_NAMAIN10@DF_TABLE3_POP_EMPNC(2.0),"Annual population and employment, national concept",I,A,Annual,NLD,Netherlands,S1,Total economy,S1,Total economy,POP,Total population,_Z,Not applicable,_Z,Not applicable,_Z,Not applicable,PS,Persons,_Z,Not applicable,N,Non transformed data,T0110,Table 0110 - Population and employment,2004,,16282,,,,F,Free (free for publication),2,Two,A,Normal value,3,Thousands,_Z,Not applicable
DATAFLOW,OECD.SDD.NAD:DSD_NAMAIN10@DF_TABLE3_POP_EMPNC(2.0),"Annual population and employment, national concept",I,A,Annual,POL,Poland,S1,Total economy,S1,Total economy,POP,Total population,_Z,Not applicable,_Z,Not applicable,_Z,Not applicable,PS,Persons,_Z,Not applicable,N,Non transformed data,T0110,Table 0110 - Population and employment,2004,,38180.249,,,,F,Free (free for publication),2,Two,A,Normal value,3,Thousands,_Z,Not applicable
DATAFLOW,OECD.SDD.NAD:DSD_NAMAIN10@DF_TABLE3_POP_EMPNC(2.0),"Annual population and employment, national concept",I,A,Annual,PRT,Portugal,S1,Total economy,S1,Total economy,POP,Total population,_Z,Not applicable,_Z,Not applicable,_Z,Not applicable,PS,Persons,_Z,Not applicable,N,Non transformed data,T0110,Table 0110 - Population and employment,2004,,10483.861,,,,F,Free (free for publication),2,Two,A,Normal value,3,Thousands,_Z,Not applicable
DATAFLOW,OECD.SDD.NAD:DSD_NAMAIN10@DF_TABLE3_POP_EMPNC(2.0),"Annual population and employment, national concept",I,A,Annual,SVK,Slovak Republic,S1,Total economy,S1,Total economy,POP,Total population,_Z,Not applicable,_Z,Not applicable,_Z,Not applicable,PS,Persons,_Z,Not applicable,N,Non transformed data,T0110,Table 0110 - Population and employment,2004,,5382.364,,,,F,Free (free for publication),2,Two,A,Normal value,3,Thousands,_Z,Not applicable
DATAFLOW,OECD.SDD.NAD:DSD_NAMAIN10@DF_TABLE3_POP_EMPNC(2.0),"Annual population and employment, national concept",I,A,Annual,SVN,Slovenia,S1,Total economy,S1,Total economy,POP,Total population,_Z,Not applicable,_Z,Not applicable,_Z,Not applicable,PS,Persons,_Z,Not applicable,N,Non transformed data,T0110,Table 0110 - Population and employment,2004,,1997.271,,,,F,Free (free for publication),2,Two,A,Normal value,3,Thousands,_Z,Not applicable
DATAFLOW,OECD.SDD.NAD:DSD_NAMAIN10@DF_TABLE3_POP_EMPNC(2.0),"Annual population and employment, national concept",I,A,Annual,ESP,Spain,S1,Total economy,S1,Total economy,POP,Total population,_Z,Not applicable,_Z,Not applicable,_Z,Not applicable,PS,Persons,_Z,Not applicable,N,Non transformed data,T0110,Table 0110 - Population and employment,2004,,42859.172,,,,F,Free (free for publication),2,Two,A,Normal value,3,Thousands,_Z,Not applicable
DATAFLOW,OECD.SDD.NAD:DSD_NAMAIN10@DF_TABLE3_POP_EMPNC(2.0),"Annual population and employment, national concept",I,A,Annual,SWE,Sweden,S1,Total economy,S1,Total economy,POP,Total population,_Z,Not applicable,_Z,Not applicable,_Z,Not applicable,PS,Persons,_Z,Not applicable,N,Non transformed data,T0110,Table 0110 - Population and employment,2004,,8993.5,,,,F,Free (free for publication),2,Two,A,Normal value,3,Thousands,_Z,Not applicable
DATAFLOW,OECD.SDD.NAD:DSD_NAMAIN10@DF_TABLE3_POP_EMPNC(2.0),"Annual population and employment, national concept",I,A,Annual,GBR,United Kingdom,S1,Total economy,S1,Total economy,POP,Total population,_Z,Not applicable,_Z,Not applicable,_Z,Not applicable,PS,Persons,_Z,Not applicable,N,Non transformed data,T0110,Table 0110 - Population and employment,2004,,59950,,,,F,Free (free for publication),2,Two,A,Normal value,3,Thousands,_Z,Not applicable
DATAFLOW,OECD.SDD.NAD:DSD_NAMAIN10@DF_TABLE3_POP_EMPNC(2.0),"Annual population and employment, national concept",I,A,Annual,CAN,Canada,S1,Total economy,S1,Total economy,POP,Total population,_Z,Not applicable,_Z,Not applicable,_Z,Not applicable,PS,Persons,_Z,Not applicable,N,Non transformed data,T0110,Table 0110 - Population and employment,2005,,32242.732,,,,F,Free (free for publication),2,Two,A,Normal value,3,Thousands,_Z,Not applicable
DATAFLOW,OECD.SDD.NAD:DSD_NAMAIN10@DF_TABLE3_POP_EMPNC(2.0),"Annual population and employment, national concept",I,A,Annual,CHL,Chile,S1,Total economy,S1,Total economy,POP,Total population,_Z,Not applicable,_Z,Not applicable,_Z,Not applicable,PS,Persons,_Z,Not applicable,N,Non transformed data,T0110,Table 0110 - Population and employment,2005,,16283.29545,,,,F,Free (free for publication),2,Two,A,Normal value,3,Thousands,_Z,Not applicable
DATAFLOW,OECD.SDD.NAD:DSD_NAMAIN10@DF_TABLE3_POP_EMPNC(2.0),"Annual population and employment, national concept",I,A,Annual,COL,Colombia,S1,Total economy,S1,Total economy,POP,Total population,_Z,Not applicable,_Z,Not applicable,_Z,Not applicable,PS,Persons,_Z,Not applicable,N,Non transformed data,T0110,Table 0110 - Population and employment,2005,,40532.688083,,,,F,Free (free for publication),2,Two,A,Normal value,3,Thousands,_Z,Not applicable
DATAFLOW,OECD.SDD.NAD:DSD_NAMAIN10@DF_TABLE3_POP_EMPNC(2.0),"Annual population and employment, national concept",I,A,Annual,CRI,Costa Rica,S1,Total economy,S1,Total economy,POP,Total population,_Z,Not applicable,_Z,Not applicable,_Z,Not applicable,PS,Persons,_Z,Not applicable,N,Non transformed data,T0110,Table 0110 - Population and employment,2005,,4214.242,,,,F,Free (free for publication),2,Two,A,Normal value,3,Thousands,_Z,Not applicable
DATAFLOW,OECD.SDD.NAD:DSD_NAMAIN10@DF_TABLE3_POP_EMPNC(2.0),"Annual population and employment, national concept",I,A,Annual,CZE,Czechia,S1,Total economy,S1,Total economy,POP,Total population,_Z,Not applicable,_Z,Not applicable,_Z,Not applicable,PS,Persons,_Z,Not applicable,N,Non transformed data,T0110,Table 0110 - Population and employment,2005,,10234.092,,,,F,Free (free for publication),2,Two,A,Normal value,3,Thousands,_Z,Not applicable
DATAFLOW,OECD.SDD.NAD:DSD_NAMAIN10@DF_TABLE3_POP_EMPNC(2.0),"Annual population and employment, national concept",I,A,Annual,DNK,Denmark,S1,Total economy,S1,Total economy,POP,Total population,_Z,Not applicable,_Z,Not applicable,_Z,Not applicable,PS,Persons,_Z,Not applicable,N,Non transformed data,T0110,Table 0110 - Population and employment,2005,,5418.559,,,,F,Free (free for publication),2,Two,A,Normal value,3,Thousands,_Z,Not applicable
DATAFLOW,OECD.SDD.NAD:DSD_NAMAIN10@DF_TABLE3_POP_EMPNC(2.0),"Annual population and employment, national concept",I,A,Annual,EST,Estonia,S1,Total economy,S1,Total economy,POP,Total population,_Z,Not applicable,_Z,Not applicable,_Z,Not applicable,PS,Persons,_Z,Not applicable,N,Non transformed data,T0110,Table 0110 - Population and employment,2005,,1358.9,,,,F,Free (free for publication),2,Two,A,Normal value,3,Thousands,_Z,Not applicable
DATAFLOW,OECD.SDD.NAD:DSD_NAMAIN10@DF_TABLE3_POP_EMPNC(2.0),"Annual population and employment, national concept",I,A,Annual,FIN,Finland,S1,Total economy,S1,Total economy,POP,Total population,_Z,Not applicable,_Z,Not applicable,_Z,Not applicable,PS,Persons,_Z,Not applicable,N,Non transformed data,T0110,Table 0110 - Population and employment,2005,,5246.1,,,,F,Free (free for publication),2,Two,A,Normal value,3,Thousands,_Z,Not applicable
DATAFLOW,OECD.SDD.NAD:DSD_NAMAIN10@DF_TABLE3_POP_EMPNC(2.0),"Annual population and employment, national concept",I,A,Annual,DEU,Germany,S1,Total economy,S1,Total economy,POP,Total population,_Z,Not applicable,_Z,Not applicable,_Z,Not applicable,PS,Persons,_Z,Not applicable,N,Non transformed data,T0110,Table 0110 - Population and employment,2005,,81337,,,,F,Free (free for publication),2,Two,A,Normal value,3,Thousands,_Z,Not applicable
DATAFLOW,OECD.SDD.NAD:DSD_NAMAIN10@DF_TABLE3_POP_EMPNC(2.0),"Annual population and employment, national concept",I,A,Annual,GRC,Greece,S1,Total economy,S1,Total economy,POP,Total population,_Z,Not applicable,_Z,Not applicable,_Z,Not applicable,PS,Persons,_Z,Not applicable,N,Non transformed data,T0110,Table 0110 - Population and employment,2005,,10987.352,,,,F,Free (free for publication),2,Two,A,Normal value,3,Thousands,_Z,Not applicable
DATAFLOW,OECD.SDD.NAD:DSD_NAMAIN10@DF_TABLE3_POP_EMPNC(2.0),"Annual population and employment, national concept",I,A,Annual,HUN,Hungary,S1,Total economy,S1,Total economy,POP,Total population,_Z,Not applicable,_Z,Not applicable,_Z,Not applicable,PS,Persons,_Z,Not applicable,N,Non transformed data,T0110,Table 0110 - Population and employment,2005,,10087.065,,,,F,Free (free for publication),2,Two,A,Normal value,3,Thousands,_Z,Not applicable
DATAFLOW,OECD.SDD.NAD:DSD_NAMAIN10@DF_TABLE3_POP_EMPNC(2.0),"Annual population and employment, national concept",I,A,Annual,ITA,Italy,S1,Total economy,S1,Total economy,POP,Total population,_Z,Not applicable,_Z,Not applicable,_Z,Not applicable,PS,Persons,_Z,Not applicable,N,Non transformed data,T0110,Table 0110 - Population and employment,2005,,58166.7,,,,F,Free (free for publication),2,Two,A,Normal value,3,Thousands,_Z,Not applicable
DATAFLOW,OECD.SDD.NAD:DSD_NAMAIN10@DF_TABLE3_POP_EMPNC(2.0),"Annual population and employment, national concept",I,A,Annual,KOR,Korea,S1,Total economy,S1,Total economy,POP,Total population,_Z,Not applicable,_Z,Not applicable,_Z,Not applicable,PS,Persons,_Z,Not applicable,N,Non transformed data,T0110,Table 0110 - Population and employment,2005,,48185,,,,F,Free (free for publication),2,Two,A,Normal value,3,Thousands,_Z,Not applicable
DATAFLOW,OECD.SDD.NAD:DSD_NAMAIN10@DF_TABLE3_POP_EMPNC(2.0),"Annual population and employment, national concept",I,A,Annual,LVA,Latvia,S1,Total economy,S1,Total economy,POP,Total population,_Z,Not applicable,_Z,Not applicable,_Z,Not applicable,PS,Persons,_Z,Not applicable,N,Non transformed data,T0110,Table 0110 - Population and employment,2005,,2238.75,,,,F,Free (free for publication),2,Two,A,Normal value,3,Thousands,_Z,Not applicable
DATAFLOW,OECD.SDD.NAD:DSD_NAMAIN10@DF_TABLE3_POP_EMPNC(2.0),"Annual population and employment, national concept",I,A,Annual,LTU,Lithuania,S1,Total economy,S1,Total economy,POP,Total population,_Z,Not applicable,_Z,Not applicable,_Z,Not applicable,PS,Persons,_Z,Not applicable,N,Non transformed data,T0110,Table 0110 - Population and employment,2005,,3322.528,,,,F,Free (free for publication),2,Two,A,Normal value,3,Thousands,_Z,Not applicable
DATAFLOW,OECD.SDD.NAD:DSD_NAMAIN10@DF_TABLE3_POP_EMPNC(2.0),"Annual population and employment, national concept",I,A,Annual,LUX,Luxembourg,S1,Total economy,S1,Total economy,POP,Total population,_Z,Not applicable,_Z,Not applicable,_Z,Not applicable,PS,Persons,_Z,Not applicable,N,Non transformed data,T0110,Table 0110 - Population and employment,2005,,465.7,,,,F,Free (free for publication),2,Two,A,Normal value,3,Thousands,_Z,Not applicable
DATAFLOW,OECD.SDD.NAD:DSD_NAMAIN10@DF_TABLE3_POP_EMPNC(2.0),"Annual population and employment, national concept",I,A,Annual,NLD,Netherlands,S1,Total economy,S1,Total economy,POP,Total population,_Z,Not applicable,_Z,Not applicable,_Z,Not applicable,PS,Persons,_Z,Not applicable,N,Non transformed data,T0110,Table 0110 - Population and employment,2005,,16320,,,,F,Free (free for publication),2,Two,A,Normal value,3,Thousands,_Z,Not applicable
DATAFLOW,OECD.SDD.NAD:DSD_NAMAIN10@DF_TABLE3_POP_EMPNC(2.0),"Annual population and employment, national concept",I,A,Annual,POL,Poland,S1,Total economy,S1,Total economy,POP,Total population,_Z,Not applicable,_Z,Not applicable,_Z,Not applicable,PS,Persons,_Z,Not applicable,N,Non transformed data,T0110,Table 0110 - Population and employment,2005,,38161.313,,,,F,Free (free for publication),2,Two,A,Normal value,3,Thousands,_Z,Not applicable
DATAFLOW,OECD.SDD.NAD:DSD_NAMAIN10@DF_TABLE3_POP_EMPNC(2.0),"Annual population and employment, national concept",I,A,Annual,PRT,Portugal,S1,Total economy,S1,Total economy,POP,Total population,_Z,Not applicable,_Z,Not applicable,_Z,Not applicable,PS,Persons,_Z,Not applicable,N,Non transformed data,T0110,Table 0110 - Population and employment,2005,,10503.33,,,,F,Free (free for publication),2,Two,A,Normal value,3,Thousands,_Z,Not applicable
DATAFLOW,OECD.SDD.NAD:DSD_NAMAIN10@DF_TABLE3_POP_EMPNC(2.0),"Annual population and employment, national concept",I,A,Annual,SVK,Slovak Republic,S1,Total economy,S1,Total economy,POP,Total population,_Z,Not applicable,_Z,Not applicable,_Z,Not applicable,PS,Persons,_Z,Not applicable,N,Non transformed data,T0110,Table 0110 - Population and employment,2005,,5387.099,,,,F,Free (free for publication),2,Two,A,Normal value,3,Thousands,_Z,Not applicable
DATAFLOW,OECD.SDD.NAD:DSD_NAMAIN10@DF_TABLE3_POP_EMPNC(2.0),"Annual population and employment, national concept",I,A,Annual,SVN,Slovenia,S1,Total economy,S1,Total economy,POP,Total population,_Z,Not applicable,_Z,Not applicable,_Z,Not applicable,PS,Persons,_Z,Not applicable,N,Non transformed data,T0110,Table 0110 - Population and employment,2005,,2000.813,,,,F,Free (free for publication),2,Two,A,Normal value,3,Thousands,_Z,Not applicable
DATAFLOW,OECD.SDD.NAD:DSD_NAMAIN10@DF_TABLE3_POP_EMPNC(2.0),"Annual population and employment, national concept",I,A,Annual,ESP,Spain,S1,Total economy,S1,Total economy,POP,Total population,_Z,Not applicable,_Z,Not applicable,_Z,Not applicable,PS,Persons,_Z,Not applicable,N,Non transformed data,T0110,Table 0110 - Population and employment,2005,,43662.613,,,,F,Free (free for publication),2,Two,A,Normal value,3,Thousands,_Z,Not applicable
DATAFLOW,OECD.SDD.NAD:DSD_NAMAIN10@DF_TABLE3_POP_EMPNC(2.0),"Annual population and employment, national concept",I,A,Annual,SWE,Sweden,S1,Total economy,S1,Total economy,POP,Total population,_Z,Not applicable,_Z,Not applicable,_Z,Not applicable,PS,Persons,_Z,Not applicable,N,Non transformed data,T0110,Table 0110 - Population and employment,2005,,9026.75,,,,F,Free (free for publication),2,Two,A,Normal value,3,Thousands,_Z,Not applicable
DATAFLOW,OECD.SDD.NAD:DSD_NAMAIN10@DF_TABLE3_POP_EMPNC(2.0),"Annual population and employment, national concept",I,A,Annual,GBR,United Kingdom,S1,Total economy,S1,Total economy,POP,Total population,_Z,Not applicable,_Z,Not applicable,_Z,Not applicable,PS,Persons,_Z,Not applicable,N,Non transformed data,T0110,Table 0110 - Population and employment,2005,,60413,,,,F,Free (free for publication),2,Two,A,Normal value,3,Thousands,_Z,Not applicable
DATAFLOW,OECD.SDD.NAD:DSD_NAMAIN10@DF_TABLE3_POP_EMPNC(2.0),"Annual population and employment, national concept",I,A,Annual,BEL,Belgium,S1,Total economy,S1,Total economy,POP,Total population,_Z,Not applicable,_Z,Not applicable,_Z,Not applicable,PS,Persons,_Z,Not applicable,N,Non transformed data,T0110,Table 0110 - Population and employment,2006,,10548,,,,F,Free (free for publication),2,Two,A,Normal value,3,Thousands,_Z,Not applicable
DATAFLOW,OECD.SDD.NAD:DSD_NAMAIN10@DF_TABLE3_POP_EMPNC(2.0),"Annual population and employment, national concept",I,A,Annual,CAN,Canada,S1,Total economy,S1,Total economy,POP,Total population,_Z,Not applicable,_Z,Not applicable,_Z,Not applicable,PS,Persons,_Z,Not applicable,N,Non transformed data,T0110,Table 0110 - Population and employment,2006,,32571.193,,,,F,Free (free for publication),2,Two,A,Normal value,3,Thousands,_Z,Not applicable
DATAFLOW,OECD.SDD.NAD:DSD_NAMAIN10@DF_TABLE3_POP_EMPNC(2.0),"Annual population and employment, national concept",I,A,Annual,CHL,Chile,S1,Total economy,S1,Total economy,POP,Total population,_Z,Not applicable,_Z,Not applicable,_Z,Not applicable,PS,Persons,_Z,Not applicable,N,Non transformed data,T0110,Table 0110 - Population and employment,2006,,16426.18131,,,,F,Free (free for publication),2,Two,A,Normal value,3,Thousands,_Z,Not applicable
DATAFLOW,OECD.SDD.NAD:DSD_NAMAIN10@DF_TABLE3_POP_EMPNC(2.0),"Annual population and employment, national concept",I,A,Annual,COL,Colombia,S1,Total economy,S1,Total economy,POP,Total population,_Z,Not applicable,_Z,Not applicable,_Z,Not applicable,PS,Persons,_Z,Not applicable,N,Non transformed data,T0110,Table 0110 - Population and employment,2006,,41010.995167,,,,F,Free (free for publication),2,Two,A,Normal value,3,Thousands,_Z,Not applicable
DATAFLOW,OECD.SDD.NAD:DSD_NAMAIN10@DF_TABLE3_POP_EMPNC(2.0),"Annual population and employment, national concept",I,A,Annual,CRI,Costa Rica,S1,Total economy,S1,Total economy,POP,Total population,_Z,Not applicable,_Z,Not applicable,_Z,Not applicable,PS,Persons,_Z,Not applicable,N,Non transformed data,T0110,Table 0110 - Population and employment,2006,,4280.966,,,,F,Free (free for publication),2,Two,A,Normal value,3,Thousands,_Z,Not applicable
DATAFLOW,OECD.SDD.NAD:DSD_NAMAIN10@DF_TABLE3_POP_EMPNC(2.0),"Annual population and employment, national concept",I,A,Annual,CZE,Czechia,S1,Total economy,S1,Total economy,POP,Total population,_Z,Not applicable,_Z,Not applicable,_Z,Not applicable,PS,Persons,_Z,Not applicable,N,Non transformed data,T0110,Table 0110 - Population and employment,2006,,10266.646,,,,F,Free (free for publication),2,Two,A,Normal value,3,Thousands,_Z,Not applicable
DATAFLOW,OECD.SDD.NAD:DSD_NAMAIN10@DF_TABLE3_POP_EMPNC(2.0),"Annual population and employment, national concept",I,A,Annual,DNK,Denmark,S1,Total economy,S1,Total economy,POP,Total population,_Z,Not applicable,_Z,Not applicable,_Z,Not applicable,PS,Persons,_Z,Not applicable,N,Non transformed data,T0110,Table 0110 - Population and employment,2006,,5436.756,,,,F,Free (free for publication),2,Two,A,Normal value,3,Thousands,_Z,Not applicable
DATAFLOW,OECD.SDD.NAD:DSD_NAMAIN10@DF_TABLE3_POP_EMPNC(2.0),"Annual population and employment, national concept",I,A,Annual,EST,Estonia,S1,Total economy,S1,Total economy,POP,Total population,_Z,Not applicable,_Z,Not applicable,_Z,Not applicable,PS,Persons,_Z,Not applicable,N,Non transformed data,T0110,Table 0110 - Population and employment,2006,,1350.7,,,,F,Free (free for publication),2,Two,A,Normal value,3,Thousands,_Z,Not applicable
DATAFLOW,OECD.SDD.NAD:DSD_NAMAIN10@DF_TABLE3_POP_EMPNC(2.0),"Annual population and employment, national concept",I,A,Annual,FIN,Finland,S1,Total economy,S1,Total economy,POP,Total population,_Z,Not applicable,_Z,Not applicable,_Z,Not applicable,PS,Persons,_Z,Not applicable,N,Non transformed data,T0110,Table 0110 - Population and employment,2006,,5266.3,,,,F,Free (free for publication),2,Two,A,Normal value,3,Thousands,_Z,Not applicable
DATAFLOW,OECD.SDD.NAD:DSD_NAMAIN10@DF_TABLE3_POP_EMPNC(2.0),"Annual population and employment, national concept",I,A,Annual,DEU,Germany,S1,Total economy,S1,Total economy,POP,Total population,_Z,Not applicable,_Z,Not applicable,_Z,Not applicable,PS,Persons,_Z,Not applicable,N,Non transformed data,T0110,Table 0110 - Population and employment,2006,,81173,,,,F,Free (free for publication),2,Two,A,Normal value,3,Thousands,_Z,Not applicable
DATAFLOW,OECD.SDD.NAD:DSD_NAMAIN10@DF_TABLE3_POP_EMPNC(2.0),"Annual population and employment, national concept",I,A,Annual,GRC,Greece,S1,Total economy,S1,Total economy,POP,Total population,_Z,Not applicable,_Z,Not applicable,_Z,Not applicable,PS,Persons,_Z,Not applicable,N,Non transformed data,T0110,Table 0110 - Population and employment,2006,,11020.393,,,,F,Free (free for publication),2,Two,A,Normal value,3,Thousands,_Z,Not applicable
DATAFLOW,OECD.SDD.NAD:DSD_NAMAIN10@DF_TABLE3_POP_EMPNC(2.0),"Annual population and employment, national concept",I,A,Annual,HUN,Hungary,S1,Total economy,S1,Total economy,POP,Total population,_Z,Not applicable,_Z,Not applicable,_Z,Not applicable,PS,Persons,_Z,Not applicable,N,Non transformed data,T0110,Table 0110 - Population and employment,2006,,10071.37,,,,F,Free (free for publication),2,Two,A,Normal value,3,Thousands,_Z,Not applicable
DATAFLOW,OECD.SDD.NAD:DSD_NAMAIN10@DF_TABLE3_POP_EMPNC(2.0),"Annual population and employment, national concept",I,A,Annual,IRL,Ireland,S1,Total economy,S1,Total economy,POP,Total population,_Z,Not applicable,_Z,Not applicable,_Z,Not applicable,PS,Persons,_Z,Not applicable,N,Non transformed data,T0110,Table 0110 - Population and employment,2006,,4269.823,,,,F,Free (free for publication),2,Two,A,Normal value,3,Thousands,_Z,Not applicable
DATAFLOW,OECD.SDD.NAD:DSD_NAMAIN10@DF_TABLE3_POP_EMPNC(2.0),"Annual population and employment, national concept",I,A,Annual,ITA,Italy,S1,Total economy,S1,Total economy,POP,Total population,_Z,Not applicable,_Z,Not applicable,_Z,Not applicable,PS,Persons,_Z,Not applicable,N,Non transformed data,T0110,Table 0110 - Population and employment,2006,,58399.9,,,,F,Free (free for publication),2,Two,A,Normal value,3,Thousands,_Z,Not applicable
DATAFLOW,OECD.SDD.NAD:DSD_NAMAIN10@DF_TABLE3_POP_EMPNC(2.0),"Annual population and employment, national concept",I,A,Annual,KOR,Korea,S1,Total economy,S1,Total economy,POP,Total population,_Z,Not applicable,_Z,Not applicable,_Z,Not applicable,PS,Persons,_Z,Not applicable,N,Non transformed data,T0110,Table 0110 - Population and employment,2006,,48438,,,,F,Free (free for publication),2,Two,A,Normal value,3,Thousands,_Z,Not applicable
DATAFLOW,OECD.SDD.NAD:DSD_NAMAIN10@DF_TABLE3_POP_EMPNC(2.0),"Annual population and employment, national concept",I,A,Annual,LVA,Latvia,S1,Total economy,S1,Total economy,POP,Total population,_Z,Not applicable,_Z,Not applicable,_Z,Not applicable,PS,Persons,_Z,Not applicable,N,Non transformed data,T0110,Table 0110 - Population and employment,2006,,2218.662,,,,F,Free (free for publication),2,Two,A,Normal value,3,Thousands,_Z,Not applicable
DATAFLOW,OECD.SDD.NAD:DSD_NAMAIN10@DF_TABLE3_POP_EMPNC(2.0),"Annual population and employment, national concept",I,A,Annual,LTU,Lithuania,S1,Total economy,S1,Total economy,POP,Total population,_Z,Not applicable,_Z,Not applicable,_Z,Not applicable,PS,Persons,_Z,Not applicable,N,Non transformed data,T0110,Table 0110 - Population and employment,2006,,3269.909,,,,F,Free (free for publication),2,Two,A,Normal value,3,Thousands,_Z,Not applicable
DATAFLOW,OECD.SDD.NAD:DSD_NAMAIN10@DF_TABLE3_POP_EMPNC(2.0),"Annual population and employment, national concept",I,A,Annual,LUX,Luxembourg,S1,Total economy,S1,Total economy,POP,Total population,_Z,Not applicable,_Z,Not applicable,_Z,Not applicable,PS,Persons,_Z,Not applicable,N,Non transformed data,T0110,Table 0110 - Population and employment,2006,,472.925,,,,F,Free (free for publication),2,Two,A,Normal value,3,Thousands,_Z,Not applicable
DATAFLOW,OECD.SDD.NAD:DSD_NAMAIN10@DF_TABLE3_POP_EMPNC(2.0),"Annual population and employment, national concept",I,A,Annual,NLD,Netherlands,S1,Total economy,S1,Total economy,POP,Total population,_Z,Not applicable,_Z,Not applicable,_Z,Not applicable,PS,Persons,_Z,Not applicable,N,Non transformed data,T0110,Table 0110 - Population and employment,2006,,16346,,,,F,Free (free for publication),2,Two,A,Normal value,3,Thousands,_Z,Not applicable
DATAFLOW,OECD.SDD.NAD:DSD_NAMAIN10@DF_TABLE3_POP_EMPNC(2.0),"Annual population and employment, national concept",I,A,Annual,POL,Poland,S1,Total economy,S1,Total economy,POP,Total population,_Z,Not applicable,_Z,Not applicable,_Z,Not applicable,PS,Persons,_Z,Not applicable,N,Non transformed data,T0110,Table 0110 - Population and employment,2006,,38132.277,,,,F,Free (free for publication),2,Two,A,Normal value,3,Thousands,_Z,Not applicable
DATAFLOW,OECD.SDD.NAD:DSD_NAMAIN10@DF_TABLE3_POP_EMPNC(2.0),"Annual population and employment, national concept",I,A,Annual,PRT,Portugal,S1,Total economy,S1,Total economy,POP,Total population,_Z,Not applicable,_Z,Not applicable,_Z,Not applicable,PS,Persons,_Z,Not applicable,N,Non transformed data,T0110,Table 0110 - Population and employment,2006,,10522.288,,,,F,Free (free for publication),2,Two,A,Normal value,3,Thousands,_Z,Not applicable
DATAFLOW,OECD.SDD.NAD:DSD_NAMAIN10@DF_TABLE3_POP_EMPNC(2.0),"Annual population and employment, national concept",I,A,Annual,SVK,Slovak Republic,S1,Total economy,S1,Total economy,POP,Total population,_Z,Not applicable,_Z,Not applicable,_Z,Not applicable,PS,Persons,_Z,Not applicable,N,Non transformed data,T0110,Table 0110 - Population and employment,2006,,5390.92,,,,F,Free (free for publication),2,Two,A,Normal value,3,Thousands,_Z,Not applicable
DATAFLOW,OECD.SDD.NAD:DSD_NAMAIN10@DF_TABLE3_POP_EMPNC(2.0),"Annual population and employment, national concept",I,A,Annual,SVN,Slovenia,S1,Total economy,S1,Total economy,POP,Total population,_Z,Not applicable,_Z,Not applicable,_Z,Not applicable,PS,Persons,_Z,Not applicable,N,Non transformed data,T0110,Table 0110 - Population and employment,2006,,2007.848,,,,F,Free (free for publication),2,Two,A,Normal value,3,Thousands,_Z,Not applicable
DATAFLOW,OECD.SDD.NAD:DSD_NAMAIN10@DF_TABLE3_POP_EMPNC(2.0),"Annual population and employment, national concept",I,A,Annual,ESP,Spain,S1,Total economy,S1,Total economy,POP,Total population,_Z,Not applicable,_Z,Not applicable,_Z,Not applicable,PS,Persons,_Z,Not applicable,N,Non transformed data,T0110,Table 0110 - Population and employment,2006,,44360.521,,,,F,Free (free for publication),2,Two,A,Normal value,3,Thousands,_Z,Not applicable
DATAFLOW,OECD.SDD.NAD:DSD_NAMAIN10@DF_TABLE3_POP_EMPNC(2.0),"Annual population and employment, national concept",I,A,Annual,SWE,Sweden,S1,Total economy,S1,Total economy,POP,Total population,_Z,Not applicable,_Z,Not applicable,_Z,Not applicable,PS,Persons,_Z,Not applicable,N,Non transformed data,T0110,Table 0110 - Population and employment,2006,,9083.25,,,,F,Free (free for publication),2,Two,A,Normal value,3,Thousands,_Z,Not applicable
DATAFLOW,OECD.SDD.NAD:DSD_NAMAIN10@DF_TABLE3_POP_EMPNC(2.0),"Annual population and employment, national concept",I,A,Annual,GBR,United Kingdom,S1,Total economy,S1,Total economy,POP,Total population,_Z,Not applicable,_Z,Not applicable,_Z,Not applicable,PS,Persons,_Z,Not applicable,N,Non transformed data,T0110,Table 0110 - Population and employment,2006,,60827,,,,F,Free (free for publication),2,Two,A,Normal value,3,Thousands,_Z,Not applicable
DATAFLOW,OECD.SDD.NAD:DSD_NAMAIN10@DF_TABLE3_POP_EMPNC(2.0),"Annual population and employment, national concept",I,A,Annual,CAN,Canada,S1,Total economy,S1,Total economy,POP,Total population,_Z,Not applicable,_Z,Not applicable,_Z,Not applicable,PS,Persons,_Z,Not applicable,N,Non transformed data,T0110,Table 0110 - Population and employment,2007,,32888.886,,,,F,Free (free for publication),2,Two,A,Normal value,3,Thousands,_Z,Not applicable
DATAFLOW,OECD.SDD.NAD:DSD_NAMAIN10@DF_TABLE3_POP_EMPNC(2.0),"Annual population and employment, national concept",I,A,Annual,CHL,Chile,S1,Total economy,S1,Total economy,POP,Total population,_Z,Not applicable,_Z,Not applicable,_Z,Not applicable,PS,Persons,_Z,Not applicable,N,Non transformed data,T0110,Table 0110 - Population and employment,2007,,16598.35175,,,,F,Free (free for publication),2,Two,A,Normal value,3,Thousands,_Z,Not applicable
DATAFLOW,OECD.SDD.NAD:DSD_NAMAIN10@DF_TABLE3_POP_EMPNC(2.0),"Annual population and employment, national concept",I,A,Annual,COL,Colombia,S1,Total economy,S1,Total economy,POP,Total population,_Z,Not applicable,_Z,Not applicable,_Z,Not applicable,PS,Persons,_Z,Not applicable,N,Non transformed data,T0110,Table 0110 - Population and employment,2007,,41463.28575,,,,F,Free (free for publication),2,Two,A,Normal value,3,Thousands,_Z,Not applicable
DATAFLOW,OECD.SDD.NAD:DSD_NAMAIN10@DF_TABLE3_POP_EMPNC(2.0),"Annual population and employment, national concept",I,A,Annual,CRI,Costa Rica,S1,Total economy,S1,Total economy,POP,Total population,_Z,Not applicable,_Z,Not applicable,_Z,Not applicable,PS,Persons,_Z,Not applicable,N,Non transformed data,T0110,Table 0110 - Population and employment,2007,,4340.634,,,,F,Free (free for publication),2,Two,A,Normal value,3,Thousands,_Z,Not applicable
DATAFLOW,OECD.SDD.NAD:DSD_NAMAIN10@DF_TABLE3_POP_EMPNC(2.0),"Annual population and employment, national concept",I,A,Annual,CZE,Czechia,S1,Total economy,S1,Total economy,POP,Total population,_Z,Not applicable,_Z,Not applicable,_Z,Not applicable,PS,Persons,_Z,Not applicable,N,Non transformed data,T0110,Table 0110 - Population and employment,2007,,10322.689,,,,F,Free (free for publication),2,Two,A,Normal value,3,Thousands,_Z,Not applicable
DATAFLOW,OECD.SDD.NAD:DSD_NAMAIN10@DF_TABLE3_POP_EMPNC(2.0),"Annual population and employment, national concept",I,A,Annual,DNK,Denmark,S1,Total economy,S1,Total economy,POP,Total population,_Z,Not applicable,_Z,Not applicable,_Z,Not applicable,PS,Persons,_Z,Not applicable,N,Non transformed data,T0110,Table 0110 - Population and employment,2007,,5460.399,,,,F,Free (free for publication),2,Two,A,Normal value,3,Thousands,_Z,Not applicable
DATAFLOW,OECD.SDD.NAD:DSD_NAMAIN10@DF_TABLE3_POP_EMPNC(2.0),"Annual population and employment, national concept",I,A,Annual,EST,Estonia,S1,Total economy,S1,Total economy,POP,Total population,_Z,Not applicable,_Z,Not applicable,_Z,Not applicable,PS,Persons,_Z,Not applicable,N,Non transformed data,T0110,Table 0110 - Population and employment,2007,,1342.9,,,,F,Free (free for publication),2,Two,A,Normal value,3,Thousands,_Z,Not applicable
DATAFLOW,OECD.SDD.NAD:DSD_NAMAIN10@DF_TABLE3_POP_EMPNC(2.0),"Annual population and employment, national concept",I,A,Annual,FIN,Finland,S1,Total economy,S1,Total economy,POP,Total population,_Z,Not applicable,_Z,Not applicable,_Z,Not applicable,PS,Persons,_Z,Not applicable,N,Non transformed data,T0110,Table 0110 - Population and employment,2007,,5288.7,,,,F,Free (free for publication),2,Two,A,Normal value,3,Thousands,_Z,Not applicable
DATAFLOW,OECD.SDD.NAD:DSD_NAMAIN10@DF_TABLE3_POP_EMPNC(2.0),"Annual population and employment, national concept",I,A,Annual,DEU,Germany,S1,Total economy,S1,Total economy,POP,Total population,_Z,Not applicable,_Z,Not applicable,_Z,Not applicable,PS,Persons,_Z,Not applicable,N,Non transformed data,T0110,Table 0110 - Population and employment,2007,,80992,,,,F,Free (free for publication),2,Two,A,Normal value,3,Thousands,_Z,Not applicable
DATAFLOW,OECD.SDD.NAD:DSD_NAMAIN10@DF_TABLE3_POP_EMPNC(2.0),"Annual population and employment, national concept",I,A,Annual,GRC,Greece,S1,Total economy,S1,Total economy,POP,Total population,_Z,Not applicable,_Z,Not applicable,_Z,Not applicable,PS,Persons,_Z,Not applicable,N,Non transformed data,T0110,Table 0110 - Population and employment,2007,,11048.499,,,,F,Free (free for publication),2,Two,A,Normal value,3,Thousands,_Z,Not applicable
DATAFLOW,OECD.SDD.NAD:DSD_NAMAIN10@DF_TABLE3_POP_EMPNC(2.0),"Annual population and employment, national concept",I,A,Annual,HUN,Hungary,S1,Total economy,S1,Total economy,POP,Total population,_Z,Not applicable,_Z,Not applicable,_Z,Not applicable,PS,Persons,_Z,Not applicable,N,Non transformed data,T0110,Table 0110 - Population and employment,2007,,10055.78,,,,F,Free (free for publication),2,Two,A,Normal value,3,Thousands,_Z,Not applicable
DATAFLOW,OECD.SDD.NAD:DSD_NAMAIN10@DF_TABLE3_POP_EMPNC(2.0),"Annual population and employment, national concept",I,A,Annual,IRL,Ireland,S1,Total economy,S1,Total economy,POP,Total population,_Z,Not applicable,_Z,Not applicable,_Z,Not applicable,PS,Persons,_Z,Not applicable,N,Non transformed data,T0110,Table 0110 - Population and employment,2007,,4400.184,,,,F,Free (free for publication),2,Two,A,Normal value,3,Thousands,_Z,Not applicable
DATAFLOW,OECD.SDD.NAD:DSD_NAMAIN10@DF_TABLE3_POP_EMPNC(2.0),"Annual population and employment, national concept",I,A,Annual,ITA,Italy,S1,Total economy,S1,Total economy,POP,Total population,_Z,Not applicable,_Z,Not applicable,_Z,Not applicable,PS,Persons,_Z,Not applicable,N,Non transformed data,T0110,Table 0110 - Population and employment,2007,,58756.2,,,,F,Free (free for publication),2,Two,A,Normal value,3,Thousands,_Z,Not applicable
DATAFLOW,OECD.SDD.NAD:DSD_NAMAIN10@DF_TABLE3_POP_EMPNC(2.0),"Annual population and employment, national concept",I,A,Annual,KOR,Korea,S1,Total economy,S1,Total economy,POP,Total population,_Z,Not applicable,_Z,Not applicable,_Z,Not applicable,PS,Persons,_Z,Not applicable,N,Non transformed data,T0110,Table 0110 - Population and employment,2007,,48684,,,,F,Free (free for publication),2,Two,A,Normal value,3,Thousands,_Z,Not applicable
DATAFLOW,OECD.SDD.NAD:DSD_NAMAIN10@DF_TABLE3_POP_EMPNC(2.0),"Annual population and employment, national concept",I,A,Annual,LVA,Latvia,S1,Total economy,S1,Total economy,POP,Total population,_Z,Not applicable,_Z,Not applicable,_Z,Not applicable,PS,Persons,_Z,Not applicable,N,Non transformed data,T0110,Table 0110 - Population and employment,2007,,2201.025,,,,F,Free (free for publication),2,Two,A,Normal value,3,Thousands,_Z,Not applicable
DATAFLOW,OECD.SDD.NAD:DSD_NAMAIN10@DF_TABLE3_POP_EMPNC(2.0),"Annual population and employment, national concept",I,A,Annual,LTU,Lithuania,S1,Total economy,S1,Total economy,POP,Total population,_Z,Not applicable,_Z,Not applicable,_Z,Not applicable,PS,Persons,_Z,Not applicable,N,Non transformed data,T0110,Table 0110 - Population and employment,2007,,3231.294,,,,F,Free (free for publication),2,Two,A,Normal value,3,Thousands,_Z,Not applicable
DATAFLOW,OECD.SDD.NAD:DSD_NAMAIN10@DF_TABLE3_POP_EMPNC(2.0),"Annual population and employment, national concept",I,A,Annual,LUX,Luxembourg,S1,Total economy,S1,Total economy,POP,Total population,_Z,Not applicable,_Z,Not applicable,_Z,Not applicable,PS,Persons,_Z,Not applicable,N,Non transformed data,T0110,Table 0110 - Population and employment,2007,,480.7,,,,F,Free (free for publication),2,Two,A,Normal value,3,Thousands,_Z,Not applicable
DATAFLOW,OECD.SDD.NAD:DSD_NAMAIN10@DF_TABLE3_POP_EMPNC(2.0),"Annual population and employment, national concept",I,A,Annual,NLD,Netherlands,S1,Total economy,S1,Total economy,POP,Total population,_Z,Not applicable,_Z,Not applicable,_Z,Not applicable,PS,Persons,_Z,Not applicable,N,Non transformed data,T0110,Table 0110 - Population and employment,2007,,16382,,,,F,Free (free for publication),2,Two,A,Normal value,3,Thousands,_Z,Not applicable
DATAFLOW,OECD.SDD.NAD:DSD_NAMAIN10@DF_TABLE3_POP_EMPNC(2.0),"Annual population and employment, national concept",I,A,Annual,POL,Poland,S1,Total economy,S1,Total economy,POP,Total population,_Z,Not applicable,_Z,Not applicable,_Z,Not applicable,PS,Persons,_Z,Not applicable,N,Non transformed data,T0110,Table 0110 - Population and employment,2007,,38115.967,,,,F,Free (free for publication),2,Two,A,Normal value,3,Thousands,_Z,Not applicable
DATAFLOW,OECD.SDD.NAD:DSD_NAMAIN10@DF_TABLE3_POP_EMPNC(2.0),"Annual population and employment, national concept",I,A,Annual,PRT,Portugal,S1,Total economy,S1,Total economy,POP,Total population,_Z,Not applicable,_Z,Not applicable,_Z,Not applicable,PS,Persons,_Z,Not applicable,N,Non transformed data,T0110,Table 0110 - Population and employment,2007,,10542.964,,,,F,Free (free for publication),2,Two,A,Normal value,3,Thousands,_Z,Not applicable
DATAFLOW,OECD.SDD.NAD:DSD_NAMAIN10@DF_TABLE3_POP_EMPNC(2.0),"Annual population and employment, national concept",I,A,Annual,SVK,Slovak Republic,S1,Total economy,S1,Total economy,POP,Total population,_Z,Not applicable,_Z,Not applicable,_Z,Not applicable,PS,Persons,_Z,Not applicable,N,Non transformed data,T0110,Table 0110 - Population and employment,2007,,5396.568,,,,F,Free (free for publication),2,Two,A,Normal value,3,Thousands,_Z,Not applicable
DATAFLOW,OECD.SDD.NAD:DSD_NAMAIN10@DF_TABLE3_POP_EMPNC(2.0),"Annual population and employment, national concept",I,A,Annual,SVN,Slovenia,S1,Total economy,S1,Total economy,POP,Total population,_Z,Not applicable,_Z,Not applicable,_Z,Not applicable,PS,Persons,_Z,Not applicable,N,Non transformed data,T0110,Table 0110 - Population and employment,2007,,2018.865,,,,F,Free (free for publication),2,Two,A,Normal value,3,Thousands,_Z,Not applicable
DATAFLOW,OECD.SDD.NAD:DSD_NAMAIN10@DF_TABLE3_POP_EMPNC(2.0),"Annual population and employment, national concept",I,A,Annual,ESP,Spain,S1,Total economy,S1,Total economy,POP,Total population,_Z,Not applicable,_Z,Not applicable,_Z,Not applicable,PS,Persons,_Z,Not applicable,N,Non transformed data,T0110,Table 0110 - Population and employment,2007,,45236.004,,,,F,Free (free for publication),2,Two,A,Normal value,3,Thousands,_Z,Not applicable
DATAFLOW,OECD.SDD.NAD:DSD_NAMAIN10@DF_TABLE3_POP_EMPNC(2.0),"Annual population and employment, national concept",I,A,Annual,SWE,Sweden,S1,Total economy,S1,Total economy,POP,Total population,_Z,Not applicable,_Z,Not applicable,_Z,Not applicable,PS,Persons,_Z,Not applicable,N,Non transformed data,T0110,Table 0110 - Population and employment,2007,,9146,,,,F,Free (free for publication),2,Two,A,Normal value,3,Thousands,_Z,Not applicable
DATAFLOW,OECD.SDD.NAD:DSD_NAMAIN10@DF_TABLE3_POP_EMPNC(2.0),"Annual population and employment, national concept",I,A,Annual,GBR,United Kingdom,S1,Total economy,S1,Total economy,POP,Total population,_Z,Not applicable,_Z,Not applicable,_Z,Not applicable,PS,Persons,_Z,Not applicable,N,Non transformed data,T0110,Table 0110 - Population and employment,2007,,61319,,,,F,Free (free for publication),2,Two,A,Normal value,3,Thousands,_Z,Not applicable
DATAFLOW,OECD.SDD.NAD:DSD_NAMAIN10@DF_TABLE3_POP_EMPNC(2.0),"Annual population and employment, national concept",I,A,Annual,BEL,Belgium,S1,Total economy,S1,Total economy,POP,Total population,_Z,Not applicable,_Z,Not applicable,_Z,Not applicable,PS,Persons,_Z,Not applicable,N,Non transformed data,T0110,Table 0110 - Population and employment,2008,,10710,,,,F,Free (free for publication),2,Two,A,Normal value,3,Thousands,_Z,Not applicable
DATAFLOW,OECD.SDD.NAD:DSD_NAMAIN10@DF_TABLE3_POP_EMPNC(2.0),"Annual population and employment, national concept",I,A,Annual,CAN,Canada,S1,Total economy,S1,Total economy,POP,Total population,_Z,Not applicable,_Z,Not applicable,_Z,Not applicable,PS,Persons,_Z,Not applicable,N,Non transformed data,T0110,Table 0110 - Population and employment,2008,,33247.298,,,,F,Free (free for publication),2,Two,A,Normal value,3,Thousands,_Z,Not applicable
DATAFLOW,OECD.SDD.NAD:DSD_NAMAIN10@DF_TABLE3_POP_EMPNC(2.0),"Annual population and employment, national concept",I,A,Annual,CHL,Chile,S1,Total economy,S1,Total economy,POP,Total population,_Z,Not applicable,_Z,Not applicable,_Z,Not applicable,PS,Persons,_Z,Not applicable,N,Non transformed data,T0110,Table 0110 - Population and employment,2008,,16763.59525,,,,F,Free (free for publication),2,Two,A,Normal value,3,Thousands,_Z,Not applicable
DATAFLOW,OECD.SDD.NAD:DSD_NAMAIN10@DF_TABLE3_POP_EMPNC(2.0),"Annual population and employment, national concept",I,A,Annual,COL,Colombia,S1,Total economy,S1,Total economy,POP,Total population,_Z,Not applicable,_Z,Not applicable,_Z,Not applicable,PS,Persons,_Z,Not applicable,N,Non transformed data,T0110,Table 0110 - Population and employment,2008,,41911.459083,,,,F,Free (free for publication),2,Two,A,Normal value,3,Thousands,_Z,Not applicable
DATAFLOW,OECD.SDD.NAD:DSD_NAMAIN10@DF_TABLE3_POP_EMPNC(2.0),"Annual population and employment, national concept",I,A,Annual,CRI,Costa Rica,S1,Total economy,S1,Total economy,POP,Total population,_Z,Not applicable,_Z,Not applicable,_Z,Not applicable,PS,Persons,_Z,Not applicable,N,Non transformed data,T0110,Table 0110 - Population and employment,2008,,4402.775,,,,F,Free (free for publication),2,Two,A,Normal value,3,Thousands,_Z,Not applicable
DATAFLOW,OECD.SDD.NAD:DSD_NAMAIN10@DF_TABLE3_POP_EMPNC(2.0),"Annual population and employment, national concept",I,A,Annual,CZE,Czechia,S1,Total economy,S1,Total economy,POP,Total population,_Z,Not applicable,_Z,Not applicable,_Z,Not applicable,PS,Persons,_Z,Not applicable,N,Non transformed data,T0110,Table 0110 - Population and employment,2008,,10429.692,,,,F,Free (free for publication),2,Two,A,Normal value,3,Thousands,_Z,Not applicable
DATAFLOW,OECD.SDD.NAD:DSD_NAMAIN10@DF_TABLE3_POP_EMPNC(2.0),"Annual population and employment, national concept",I,A,Annual,DNK,Denmark,S1,Total economy,S1,Total economy,POP,Total population,_Z,Not applicable,_Z,Not applicable,_Z,Not applicable,PS,Persons,_Z,Not applicable,N,Non transformed data,T0110,Table 0110 - Population and employment,2008,,5492.726,,,,F,Free (free for publication),2,Two,A,Normal value,3,Thousands,_Z,Not applicable
DATAFLOW,OECD.SDD.NAD:DSD_NAMAIN10@DF_TABLE3_POP_EMPNC(2.0),"Annual population and employment, national concept",I,A,Annual,EST,Estonia,S1,Total economy,S1,Total economy,POP,Total population,_Z,Not applicable,_Z,Not applicable,_Z,Not applicable,PS,Persons,_Z,Not applicable,N,Non transformed data,T0110,Table 0110 - Population and employment,2008,,1338.4,,,,F,Free (free for publication),2,Two,A,Normal value,3,Thousands,_Z,Not applicable
DATAFLOW,OECD.SDD.NAD:DSD_NAMAIN10@DF_TABLE3_POP_EMPNC(2.0),"Annual population and employment, national concept",I,A,Annual,FIN,Finland,S1,Total economy,S1,Total economy,POP,Total population,_Z,Not applicable,_Z,Not applicable,_Z,Not applicable,PS,Persons,_Z,Not applicable,N,Non transformed data,T0110,Table 0110 - Population and employment,2008,,5313.4,,,,F,Free (free for publication),2,Two,A,Normal value,3,Thousands,_Z,Not applicable
DATAFLOW,OECD.SDD.NAD:DSD_NAMAIN10@DF_TABLE3_POP_EMPNC(2.0),"Annual population and employment, national concept",I,A,Annual,DEU,Germany,S1,Total economy,S1,Total economy,POP,Total population,_Z,Not applicable,_Z,Not applicable,_Z,Not applicable,PS,Persons,_Z,Not applicable,N,Non transformed data,T0110,Table 0110 - Population and employment,2008,,80764,,,,F,Free (free for publication),2,Two,A,Normal value,3,Thousands,_Z,Not applicable
DATAFLOW,OECD.SDD.NAD:DSD_NAMAIN10@DF_TABLE3_POP_EMPNC(2.0),"Annual population and employment, national concept",I,A,Annual,GRC,Greece,S1,Total economy,S1,Total economy,POP,Total population,_Z,Not applicable,_Z,Not applicable,_Z,Not applicable,PS,Persons,_Z,Not applicable,N,Non transformed data,T0110,Table 0110 - Population and employment,2008,,11077.863,,,,F,Free (free for publication),2,Two,A,Normal value,3,Thousands,_Z,Not applicable
DATAFLOW,OECD.SDD.NAD:DSD_NAMAIN10@DF_TABLE3_POP_EMPNC(2.0),"Annual population and employment, national concept",I,A,Annual,HUN,Hungary,S1,Total economy,S1,Total economy,POP,Total population,_Z,Not applicable,_Z,Not applicable,_Z,Not applicable,PS,Persons,_Z,Not applicable,N,Non transformed data,T0110,Table 0110 - Population and employment,2008,,10038.188,,,,F,Free (free for publication),2,Two,A,Normal value,3,Thousands,_Z,Not applicable
DATAFLOW,OECD.SDD.NAD:DSD_NAMAIN10@DF_TABLE3_POP_EMPNC(2.0),"Annual population and employment, national concept",I,A,Annual,IRL,Ireland,S1,Total economy,S1,Total economy,POP,Total population,_Z,Not applicable,_Z,Not applicable,_Z,Not applicable,PS,Persons,_Z,Not applicable,N,Non transformed data,T0110,Table 0110 - Population and employment,2008,,4496.032,,,,F,Free (free for publication),2,Two,A,Normal value,3,Thousands,_Z,Not applicable
DATAFLOW,OECD.SDD.NAD:DSD_NAMAIN10@DF_TABLE3_POP_EMPNC(2.0),"Annual population and employment, national concept",I,A,Annual,ITA,Italy,S1,Total economy,S1,Total economy,POP,Total population,_Z,Not applicable,_Z,Not applicable,_Z,Not applicable,PS,Persons,_Z,Not applicable,N,Non transformed data,T0110,Table 0110 - Population and employment,2008,,59211.2,,,,F,Free (free for publication),2,Two,A,Normal value,3,Thousands,_Z,Not applicable
DATAFLOW,OECD.SDD.NAD:DSD_NAMAIN10@DF_TABLE3_POP_EMPNC(2.0),"Annual population and employment, national concept",I,A,Annual,KOR,Korea,S1,Total economy,S1,Total economy,POP,Total population,_Z,Not applicable,_Z,Not applicable,_Z,Not applicable,PS,Persons,_Z,Not applicable,N,Non transformed data,T0110,Table 0110 - Population and employment,2008,,49055,,,,F,Free (free for publication),2,Two,A,Normal value,3,Thousands,_Z,Not applicable
DATAFLOW,OECD.SDD.NAD:DSD_NAMAIN10@DF_TABLE3_POP_EMPNC(2.0),"Annual population and employment, national concept",I,A,Annual,LVA,Latvia,S1,Total economy,S1,Total economy,POP,Total population,_Z,Not applicable,_Z,Not applicable,_Z,Not applicable,PS,Persons,_Z,Not applicable,N,Non transformed data,T0110,Table 0110 - Population and employment,2008,,2177.725,,,,F,Free (free for publication),2,Two,A,Normal value,3,Thousands,_Z,Not applicable
DATAFLOW,OECD.SDD.NAD:DSD_NAMAIN10@DF_TABLE3_POP_EMPNC(2.0),"Annual population and employment, national concept",I,A,Annual,LTU,Lithuania,S1,Total economy,S1,Total economy,POP,Total population,_Z,Not applicable,_Z,Not applicable,_Z,Not applicable,PS,Persons,_Z,Not applicable,N,Non transformed data,T0110,Table 0110 - Population and employment,2008,,3198.231,,,,F,Free (free for publication),2,Two,A,Normal value,3,Thousands,_Z,Not applicable
DATAFLOW,OECD.SDD.NAD:DSD_NAMAIN10@DF_TABLE3_POP_EMPNC(2.0),"Annual population and employment, national concept",I,A,Annual,LUX,Luxembourg,S1,Total economy,S1,Total economy,POP,Total population,_Z,Not applicable,_Z,Not applicable,_Z,Not applicable,PS,Persons,_Z,Not applicable,N,Non transformed data,T0110,Table 0110 - Population and employment,2008,,489.225,,,,F,Free (free for publication),2,Two,A,Normal value,3,Thousands,_Z,Not applicable
DATAFLOW,OECD.SDD.NAD:DSD_NAMAIN10@DF_TABLE3_POP_EMPNC(2.0),"Annual population and employment, national concept",I,A,Annual,NLD,Netherlands,S1,Total economy,S1,Total economy,POP,Total population,_Z,Not applicable,_Z,Not applicable,_Z,Not applicable,PS,Persons,_Z,Not applicable,N,Non transformed data,T0110,Table 0110 - Population and employment,2008,,16446,,,,F,Free (free for publication),2,Two,A,Normal value,3,Thousands,_Z,Not applicable
DATAFLOW,OECD.SDD.NAD:DSD_NAMAIN10@DF_TABLE3_POP_EMPNC(2.0),"Annual population and employment, national concept",I,A,Annual,POL,Poland,S1,Total economy,S1,Total economy,POP,Total population,_Z,Not applicable,_Z,Not applicable,_Z,Not applicable,PS,Persons,_Z,Not applicable,N,Non transformed data,T0110,Table 0110 - Population and employment,2008,,38115.909,,,,F,Free (free for publication),2,Two,A,Normal value,3,Thousands,_Z,Not applicable
DATAFLOW,OECD.SDD.NAD:DSD_NAMAIN10@DF_TABLE3_POP_EMPNC(2.0),"Annual population and employment, national concept",I,A,Annual,PRT,Portugal,S1,Total economy,S1,Total economy,POP,Total population,_Z,Not applicable,_Z,Not applicable,_Z,Not applicable,PS,Persons,_Z,Not applicable,N,Non transformed data,T0110,Table 0110 - Population and employment,2008,,10558.177,,,,F,Free (free for publication),2,Two,A,Normal value,3,Thousands,_Z,Not applicable
DATAFLOW,OECD.SDD.NAD:DSD_NAMAIN10@DF_TABLE3_POP_EMPNC(2.0),"Annual population and employment, national concept",I,A,Annual,SVK,Slovak Republic,S1,Total economy,S1,Total economy,POP,Total population,_Z,Not applicable,_Z,Not applicable,_Z,Not applicable,PS,Persons,_Z,Not applicable,N,Non transformed data,T0110,Table 0110 - Population and employment,2008,,5405.86,,,,F,Free (free for publication),2,Two,A,Normal value,3,Thousands,_Z,Not applicable
DATAFLOW,OECD.SDD.NAD:DSD_NAMAIN10@DF_TABLE3_POP_EMPNC(2.0),"Annual population and employment, national concept",I,A,Annual,ESP,Spain,S1,Total economy,S1,Total economy,POP,Total population,_Z,Not applicable,_Z,Not applicable,_Z,Not applicable,PS,Persons,_Z,Not applicable,N,Non transformed data,T0110,Table 0110 - Population and employment,2008,,45983.169,,,,F,Free (free for publication),2,Two,A,Normal value,3,Thousands,_Z,Not applicable
DATAFLOW,OECD.SDD.NAD:DSD_NAMAIN10@DF_TABLE3_POP_EMPNC(2.0),"Annual population and employment, national concept",I,A,Annual,SWE,Sweden,S1,Total economy,S1,Total economy,POP,Total population,_Z,Not applicable,_Z,Not applicable,_Z,Not applicable,PS,Persons,_Z,Not applicable,N,Non transformed data,T0110,Table 0110 - Population and employment,2008,,9218.1,,,,F,Free (free for publication),2,Two,A,Normal value,3,Thousands,_Z,Not applicable
DATAFLOW,OECD.SDD.NAD:DSD_NAMAIN10@DF_TABLE3_POP_EMPNC(2.0),"Annual population and employment, national concept",I,A,Annual,GBR,United Kingdom,S1,Total economy,S1,Total economy,POP,Total population,_Z,Not applicable,_Z,Not applicable,_Z,Not applicable,PS,Persons,_Z,Not applicable,N,Non transformed data,T0110,Table 0110 - Population and employment,2008,,61824,,,,F,Free (free for publication),2,Two,A,Normal value,3,Thousands,_Z,Not applicable
DATAFLOW,OECD.SDD.NAD:DSD_NAMAIN10@DF_TABLE3_POP_EMPNC(2.0),"Annual population and employment, national concept",I,A,Annual,CAN,Canada,S1,Total economy,S1,Total economy,POP,Total population,_Z,Not applicable,_Z,Not applicable,_Z,Not applicable,PS,Persons,_Z,Not applicable,N,Non transformed data,T0110,Table 0110 - Population and employment,2009,,33630.069,,,,F,Free (free for publication),2,Two,A,Normal value,3,Thousands,_Z,Not applicable
DATAFLOW,OECD.SDD.NAD:DSD_NAMAIN10@DF_TABLE3_POP_EMPNC(2.0),"Annual population and employment, national concept",I,A,Annual,CHL,Chile,S1,Total economy,S1,Total economy,POP,Total population,_Z,Not applicable,_Z,Not applicable,_Z,Not applicable,PS,Persons,_Z,Not applicable,N,Non transformed data,T0110,Table 0110 - Population and employment,2009,,16927.785,,,,F,Free (free for publication),2,Two,A,Normal value,3,Thousands,_Z,Not applicable
DATAFLOW,OECD.SDD.NAD:DSD_NAMAIN10@DF_TABLE3_POP_EMPNC(2.0),"Annual population and employment, national concept",I,A,Annual,COL,Colombia,S1,Total economy,S1,Total economy,POP,Total population,_Z,Not applicable,_Z,Not applicable,_Z,Not applicable,PS,Persons,_Z,Not applicable,N,Non transformed data,T0110,Table 0110 - Population and employment,2009,,42384.604833,,,,F,Free (free for publication),2,Two,A,Normal value,3,Thousands,_Z,Not applicable
DATAFLOW,OECD.SDD.NAD:DSD_NAMAIN10@DF_TABLE3_POP_EMPNC(2.0),"Annual population and employment, national concept",I,A,Annual,CRI,Costa Rica,S1,Total economy,S1,Total economy,POP,Total population,_Z,Not applicable,_Z,Not applicable,_Z,Not applicable,PS,Persons,_Z,Not applicable,N,Non transformed data,T0110,Table 0110 - Population and employment,2009,,4470.132,,,,F,Free (free for publication),2,Two,A,Normal value,3,Thousands,_Z,Not applicable
DATAFLOW,OECD.SDD.NAD:DSD_NAMAIN10@DF_TABLE3_POP_EMPNC(2.0),"Annual population and employment, national concept",I,A,Annual,CZE,Czechia,S1,Total economy,S1,Total economy,POP,Total population,_Z,Not applicable,_Z,Not applicable,_Z,Not applicable,PS,Persons,_Z,Not applicable,N,Non transformed data,T0110,Table 0110 - Population and employment,2009,,10491.492,,,,F,Free (free for publication),2,Two,A,Normal value,3,Thousands,_Z,Not applicable
DATAFLOW,OECD.SDD.NAD:DSD_NAMAIN10@DF_TABLE3_POP_EMPNC(2.0),"Annual population and employment, national concept",I,A,Annual,DNK,Denmark,S1,Total economy,S1,Total economy,POP,Total population,_Z,Not applicable,_Z,Not applicable,_Z,Not applicable,PS,Persons,_Z,Not applicable,N,Non transformed data,T0110,Table 0110 - Population and employment,2009,,5522.588,,,,F,Free (free for publication),2,Two,A,Normal value,3,Thousands,_Z,Not applicable
DATAFLOW,OECD.SDD.NAD:DSD_NAMAIN10@DF_TABLE3_POP_EMPNC(2.0),"Annual population and employment, national concept",I,A,Annual,EST,Estonia,S1,Total economy,S1,Total economy,POP,Total population,_Z,Not applicable,_Z,Not applicable,_Z,Not applicable,PS,Persons,_Z,Not applicable,N,Non transformed data,T0110,Table 0110 - Population and employment,2009,,1335.7,,,,F,Free (free for publication),2,Two,A,Normal value,3,Thousands,_Z,Not applicable
DATAFLOW,OECD.SDD.NAD:DSD_NAMAIN10@DF_TABLE3_POP_EMPNC(2.0),"Annual population and employment, national concept",I,A,Annual,FIN,Finland,S1,Total economy,S1,Total economy,POP,Total population,_Z,Not applicable,_Z,Not applicable,_Z,Not applicable,PS,Persons,_Z,Not applicable,N,Non transformed data,T0110,Table 0110 - Population and employment,2009,,5338.9,,,,F,Free (free for publication),2,Two,A,Normal value,3,Thousands,_Z,Not applicable
DATAFLOW,OECD.SDD.NAD:DSD_NAMAIN10@DF_TABLE3_POP_EMPNC(2.0),"Annual population and employment, national concept",I,A,Annual,DEU,Germany,S1,Total economy,S1,Total economy,POP,Total population,_Z,Not applicable,_Z,Not applicable,_Z,Not applicable,PS,Persons,_Z,Not applicable,N,Non transformed data,T0110,Table 0110 - Population and employment,2009,,80483,,,,F,Free (free for publication),2,Two,A,Normal value,3,Thousands,_Z,Not applicable
DATAFLOW,OECD.SDD.NAD:DSD_NAMAIN10@DF_TABLE3_POP_EMPNC(2.0),"Annual population and employment, national concept",I,A,Annual,GRC,Greece,S1,Total economy,S1,Total economy,POP,Total population,_Z,Not applicable,_Z,Not applicable,_Z,Not applicable,PS,Persons,_Z,Not applicable,N,Non transformed data,T0110,Table 0110 - Population and employment,2009,,11107.024,,,,F,Free (free for publication),2,Two,A,Normal value,3,Thousands,_Z,Not applicable
DATAFLOW,OECD.SDD.NAD:DSD_NAMAIN10@DF_TABLE3_POP_EMPNC(2.0),"Annual population and employment, national concept",I,A,Annual,HUN,Hungary,S1,Total economy,S1,Total economy,POP,Total population,_Z,Not applicable,_Z,Not applicable,_Z,Not applicable,PS,Persons,_Z,Not applicable,N,Non transformed data,T0110,Table 0110 - Population and employment,2009,,10022.65,,,,F,Free (free for publication),2,Two,A,Normal value,3,Thousands,_Z,Not applicable
DATAFLOW,OECD.SDD.NAD:DSD_NAMAIN10@DF_TABLE3_POP_EMPNC(2.0),"Annual population and employment, national concept",I,A,Annual,IRL,Ireland,S1,Total economy,S1,Total economy,POP,Total population,_Z,Not applicable,_Z,Not applicable,_Z,Not applicable,PS,Persons,_Z,Not applicable,N,Non transformed data,T0110,Table 0110 - Population and employment,2009,,4539.158,,,,F,Free (free for publication),2,Two,A,Normal value,3,Thousands,_Z,Not applicable
DATAFLOW,OECD.SDD.NAD:DSD_NAMAIN10@DF_TABLE3_POP_EMPNC(2.0),"Annual population and employment, national concept",I,A,Annual,ITA,Italy,S1,Total economy,S1,Total economy,POP,Total population,_Z,Not applicable,_Z,Not applicable,_Z,Not applicable,PS,Persons,_Z,Not applicable,N,Non transformed data,T0110,Table 0110 - Population and employment,2009,,59555.5,,,,F,Free (free for publication),2,Two,A,Normal value,3,Thousands,_Z,Not applicable
DATAFLOW,OECD.SDD.NAD:DSD_NAMAIN10@DF_TABLE3_POP_EMPNC(2.0),"Annual population and employment, national concept",I,A,Annual,KOR,Korea,S1,Total economy,S1,Total economy,POP,Total population,_Z,Not applicable,_Z,Not applicable,_Z,Not applicable,PS,Persons,_Z,Not applicable,N,Non transformed data,T0110,Table 0110 - Population and employment,2009,,49308,,,,F,Free (free for publication),2,Two,A,Normal value,3,Thousands,_Z,Not applicable
DATAFLOW,OECD.SDD.NAD:DSD_NAMAIN10@DF_TABLE3_POP_EMPNC(2.0),"Annual population and employment, national concept",I,A,Annual,LVA,Latvia,S1,Total economy,S1,Total economy,POP,Total population,_Z,Not applicable,_Z,Not applicable,_Z,Not applicable,PS,Persons,_Z,Not applicable,N,Non transformed data,T0110,Table 0110 - Population and employment,2009,,2141.988,,,,F,Free (free for publication),2,Two,A,Normal value,3,Thousands,_Z,Not applicable
DATAFLOW,OECD.SDD.NAD:DSD_NAMAIN10@DF_TABLE3_POP_EMPNC(2.0),"Annual population and employment, national concept",I,A,Annual,LTU,Lithuania,S1,Total economy,S1,Total economy,POP,Total population,_Z,Not applicable,_Z,Not applicable,_Z,Not applicable,PS,Persons,_Z,Not applicable,N,Non transformed data,T0110,Table 0110 - Population and employment,2009,,3162.916,,,,F,Free (free for publication),2,Two,A,Normal value,3,Thousands,_Z,Not applicable
DATAFLOW,OECD.SDD.NAD:DSD_NAMAIN10@DF_TABLE3_POP_EMPNC(2.0),"Annual population and employment, national concept",I,A,Annual,LUX,Luxembourg,S1,Total economy,S1,Total economy,POP,Total population,_Z,Not applicable,_Z,Not applicable,_Z,Not applicable,PS,Persons,_Z,Not applicable,N,Non transformed data,T0110,Table 0110 - Population and employment,2009,,498.218,,,,F,Free (free for publication),2,Two,A,Normal value,3,Thousands,_Z,Not applicable
DATAFLOW,OECD.SDD.NAD:DSD_NAMAIN10@DF_TABLE3_POP_EMPNC(2.0),"Annual population and employment, national concept",I,A,Annual,NLD,Netherlands,S1,Total economy,S1,Total economy,POP,Total population,_Z,Not applicable,_Z,Not applicable,_Z,Not applicable,PS,Persons,_Z,Not applicable,N,Non transformed data,T0110,Table 0110 - Population and employment,2009,,16530,,,,F,Free (free for publication),2,Two,A,Normal value,3,Thousands,_Z,Not applicable
DATAFLOW,OECD.SDD.NAD:DSD_NAMAIN10@DF_TABLE3_POP_EMPNC(2.0),"Annual population and employment, national concept",I,A,Annual,PRT,Portugal,S1,Total economy,S1,Total economy,POP,Total population,_Z,Not applicable,_Z,Not applicable,_Z,Not applicable,PS,Persons,_Z,Not applicable,N,Non transformed data,T0110,Table 0110 - Population and employment,2009,,10568.247,,,,F,Free (free for publication),2,Two,A,Normal value,3,Thousands,_Z,Not applicable
DATAFLOW,OECD.SDD.NAD:DSD_NAMAIN10@DF_TABLE3_POP_EMPNC(2.0),"Annual population and employment, national concept",I,A,Annual,SVK,Slovak Republic,S1,Total economy,S1,Total economy,POP,Total population,_Z,Not applicable,_Z,Not applicable,_Z,Not applicable,PS,Persons,_Z,Not applicable,N,Non transformed data,T0110,Table 0110 - Population and employment,2009,,5417.758,,,,F,Free (free for publication),2,Two,A,Normal value,3,Thousands,_Z,Not applicable
DATAFLOW,OECD.SDD.NAD:DSD_NAMAIN10@DF_TABLE3_POP_EMPNC(2.0),"Annual population and employment, national concept",I,A,Annual,SVN,Slovenia,S1,Total economy,S1,Total economy,POP,Total population,_Z,Not applicable,_Z,Not applicable,_Z,Not applicable,PS,Persons,_Z,Not applicable,N,Non transformed data,T0110,Table 0110 - Population and employment,2009,,2041.66,,,,F,Free (free for publication),2,Two,A,Normal value,3,Thousands,_Z,Not applicable
DATAFLOW,OECD.SDD.NAD:DSD_NAMAIN10@DF_TABLE3_POP_EMPNC(2.0),"Annual population and employment, national concept",I,A,Annual,ESP,Spain,S1,Total economy,S1,Total economy,POP,Total population,_Z,Not applicable,_Z,Not applicable,_Z,Not applicable,PS,Persons,_Z,Not applicable,N,Non transformed data,T0110,Table 0110 - Population and employment,2009,,46367.55,,,,F,Free (free for publication),2,Two,A,Normal value,3,Thousands,_Z,Not applicable
DATAFLOW,OECD.SDD.NAD:DSD_NAMAIN10@DF_TABLE3_POP_EMPNC(2.0),"Annual population and employment, national concept",I,A,Annual,SWE,Sweden,S1,Total economy,S1,Total economy,POP,Total population,_Z,Not applicable,_Z,Not applicable,_Z,Not applicable,PS,Persons,_Z,Not applicable,N,Non transformed data,T0110,Table 0110 - Population and employment,2009,,9296.5,,,,F,Free (free for publication),2,Two,A,Normal value,3,Thousands,_Z,Not applicable
DATAFLOW,OECD.SDD.NAD:DSD_NAMAIN10@DF_TABLE3_POP_EMPNC(2.0),"Annual population and employment, national concept",I,A,Annual,GBR,United Kingdom,S1,Total economy,S1,Total economy,POP,Total population,_Z,Not applicable,_Z,Not applicable,_Z,Not applicable,PS,Persons,_Z,Not applicable,N,Non transformed data,T0110,Table 0110 - Population and employment,2009,,62261,,,,F,Free (free for publication),2,Two,A,Normal value,3,Thousands,_Z,Not applicable
DATAFLOW,OECD.SDD.NAD:DSD_NAMAIN10@DF_TABLE3_POP_EMPNC(2.0),"Annual population and employment, national concept",I,A,Annual,CAN,Canada,S1,Total economy,S1,Total economy,POP,Total population,_Z,Not applicable,_Z,Not applicable,_Z,Not applicable,PS,Persons,_Z,Not applicable,N,Non transformed data,T0110,Table 0110 - Population and employment,2010,,34005.902,,,,F,Free (free for publication),2,Two,A,Normal value,3,Thousands,_Z,Not applicable
DATAFLOW,OECD.SDD.NAD:DSD_NAMAIN10@DF_TABLE3_POP_EMPNC(2.0),"Annual population and employment, national concept",I,A,Annual,CHL,Chile,S1,Total economy,S1,Total economy,POP,Total population,_Z,Not applicable,_Z,Not applicable,_Z,Not applicable,PS,Persons,_Z,Not applicable,N,Non transformed data,T0110,Table 0110 - Population and employment,2010,,17063.927,,,,F,Free (free for publication),2,Two,A,Normal value,3,Thousands,_Z,Not applicable
DATAFLOW,OECD.SDD.NAD:DSD_NAMAIN10@DF_TABLE3_POP_EMPNC(2.0),"Annual population and employment, national concept",I,A,Annual,COL,Colombia,S1,Total economy,S1,Total economy,POP,Total population,_Z,Not applicable,_Z,Not applicable,_Z,Not applicable,PS,Persons,_Z,Not applicable,N,Non transformed data,T0110,Table 0110 - Population and employment,2010,,42880.824833,,,,F,Free (free for publication),2,Two,A,Normal value,3,Thousands,_Z,Not applicable
DATAFLOW,OECD.SDD.NAD:DSD_NAMAIN10@DF_TABLE3_POP_EMPNC(2.0),"Annual population and employment, national concept",I,A,Annual,CRI,Costa Rica,S1,Total economy,S1,Total economy,POP,Total population,_Z,Not applicable,_Z,Not applicable,_Z,Not applicable,PS,Persons,_Z,Not applicable,N,Non transformed data,T0110,Table 0110 - Population and employment,2010,,4546.674,,,,F,Free (free for publication),2,Two,A,Normal value,3,Thousands,_Z,Not applicable
DATAFLOW,OECD.SDD.NAD:DSD_NAMAIN10@DF_TABLE3_POP_EMPNC(2.0),"Annual population and employment, national concept",I,A,Annual,CZE,Czechia,S1,Total economy,S1,Total economy,POP,Total population,_Z,Not applicable,_Z,Not applicable,_Z,Not applicable,PS,Persons,_Z,Not applicable,N,Non transformed data,T0110,Table 0110 - Population and employment,2010,,10517.247,,,,F,Free (free for publication),2,Two,A,Normal value,3,Thousands,_Z,Not applicable
DATAFLOW,OECD.SDD.NAD:DSD_NAMAIN10@DF_TABLE3_POP_EMPNC(2.0),"Annual population and employment, national concept",I,A,Annual,DNK,Denmark,S1,Total economy,S1,Total economy,POP,Total population,_Z,Not applicable,_Z,Not applicable,_Z,Not applicable,PS,Persons,_Z,Not applicable,N,Non transformed data,T0110,Table 0110 - Population and employment,2010,,5547.363,,,,F,Free (free for publication),2,Two,A,Normal value,3,Thousands,_Z,Not applicable
DATAFLOW,OECD.SDD.NAD:DSD_NAMAIN10@DF_TABLE3_POP_EMPNC(2.0),"Annual population and employment, national concept",I,A,Annual,EST,Estonia,S1,Total economy,S1,Total economy,POP,Total population,_Z,Not applicable,_Z,Not applicable,_Z,Not applicable,PS,Persons,_Z,Not applicable,N,Non transformed data,T0110,Table 0110 - Population and employment,2010,,1333.3,,,,F,Free (free for publication),2,Two,A,Normal value,3,Thousands,_Z,Not applicable
DATAFLOW,OECD.SDD.NAD:DSD_NAMAIN10@DF_TABLE3_POP_EMPNC(2.0),"Annual population and employment, national concept",I,A,Annual,FIN,Finland,S1,Total economy,S1,Total economy,POP,Total population,_Z,Not applicable,_Z,Not applicable,_Z,Not applicable,PS,Persons,_Z,Not applicable,N,Non transformed data,T0110,Table 0110 - Population and employment,2010,,5363.4,,,,F,Free (free for publication),2,Two,A,Normal value,3,Thousands,_Z,Not applicable
DATAFLOW,OECD.SDD.NAD:DSD_NAMAIN10@DF_TABLE3_POP_EMPNC(2.0),"Annual population and employment, national concept",I,A,Annual,DEU,Germany,S1,Total economy,S1,Total economy,POP,Total population,_Z,Not applicable,_Z,Not applicable,_Z,Not applicable,PS,Persons,_Z,Not applicable,N,Non transformed data,T0110,Table 0110 - Population and employment,2010,,80284,,,,F,Free (free for publication),2,Two,A,Normal value,3,Thousands,_Z,Not applicable
DATAFLOW,OECD.SDD.NAD:DSD_NAMAIN10@DF_TABLE3_POP_EMPNC(2.0),"Annual population and employment, national concept",I,A,Annual,GRC,Greece,S1,Total economy,S1,Total economy,POP,Total population,_Z,Not applicable,_Z,Not applicable,_Z,Not applicable,PS,Persons,_Z,Not applicable,N,Non transformed data,T0110,Table 0110 - Population and employment,2010,,11121.383,,,,F,Free (free for publication),2,Two,A,Normal value,3,Thousands,_Z,Not applicable
DATAFLOW,OECD.SDD.NAD:DSD_NAMAIN10@DF_TABLE3_POP_EMPNC(2.0),"Annual population and employment, national concept",I,A,Annual,HUN,Hungary,S1,Total economy,S1,Total economy,POP,Total population,_Z,Not applicable,_Z,Not applicable,_Z,Not applicable,PS,Persons,_Z,Not applicable,N,Non transformed data,T0110,Table 0110 - Population and employment,2010,,10000.023,,,,F,Free (free for publication),2,Two,A,Normal value,3,Thousands,_Z,Not applicable
DATAFLOW,OECD.SDD.NAD:DSD_NAMAIN10@DF_TABLE3_POP_EMPNC(2.0),"Annual population and employment, national concept",I,A,Annual,IRL,Ireland,S1,Total economy,S1,Total economy,POP,Total population,_Z,Not applicable,_Z,Not applicable,_Z,Not applicable,PS,Persons,_Z,Not applicable,N,Non transformed data,T0110,Table 0110 - Population and employment,2010,,4559.769,,,,F,Free (free for publication),2,Two,A,Normal value,3,Thousands,_Z,Not applicable
DATAFLOW,OECD.SDD.NAD:DSD_NAMAIN10@DF_TABLE3_POP_EMPNC(2.0),"Annual population and employment, national concept",I,A,Annual,ITA,Italy,S1,Total economy,S1,Total economy,POP,Total population,_Z,Not applicable,_Z,Not applicable,_Z,Not applicable,PS,Persons,_Z,Not applicable,N,Non transformed data,T0110,Table 0110 - Population and employment,2010,,59819.4,,,,F,Free (free for publication),2,Two,A,Normal value,3,Thousands,_Z,Not applicable
DATAFLOW,OECD.SDD.NAD:DSD_NAMAIN10@DF_TABLE3_POP_EMPNC(2.0),"Annual population and employment, national concept",I,A,Annual,KOR,Korea,S1,Total economy,S1,Total economy,POP,Total population,_Z,Not applicable,_Z,Not applicable,_Z,Not applicable,PS,Persons,_Z,Not applicable,N,Non transformed data,T0110,Table 0110 - Population and employment,2010,,49554,,,,F,Free (free for publication),2,Two,A,Normal value,3,Thousands,_Z,Not applicable
DATAFLOW,OECD.SDD.NAD:DSD_NAMAIN10@DF_TABLE3_POP_EMPNC(2.0),"Annual population and employment, national concept",I,A,Annual,LVA,Latvia,S1,Total economy,S1,Total economy,POP,Total population,_Z,Not applicable,_Z,Not applicable,_Z,Not applicable,PS,Persons,_Z,Not applicable,N,Non transformed data,T0110,Table 0110 - Population and employment,2010,,2097.288,,,,F,Free (free for publication),2,Two,A,Normal value,3,Thousands,_Z,Not applicable
DATAFLOW,OECD.SDD.NAD:DSD_NAMAIN10@DF_TABLE3_POP_EMPNC(2.0),"Annual population and employment, national concept",I,A,Annual,LTU,Lithuania,S1,Total economy,S1,Total economy,POP,Total population,_Z,Not applicable,_Z,Not applicable,_Z,Not applicable,PS,Persons,_Z,Not applicable,N,Non transformed data,T0110,Table 0110 - Population and employment,2010,,3097.282,,,,F,Free (free for publication),2,Two,A,Normal value,3,Thousands,_Z,Not applicable
DATAFLOW,OECD.SDD.NAD:DSD_NAMAIN10@DF_TABLE3_POP_EMPNC(2.0),"Annual population and employment, national concept",I,A,Annual,LUX,Luxembourg,S1,Total economy,S1,Total economy,POP,Total population,_Z,Not applicable,_Z,Not applicable,_Z,Not applicable,PS,Persons,_Z,Not applicable,N,Non transformed data,T0110,Table 0110 - Population and employment,2010,,507.538,,,,F,Free (free for publication),2,Two,A,Normal value,3,Thousands,_Z,Not applicable
DATAFLOW,OECD.SDD.NAD:DSD_NAMAIN10@DF_TABLE3_POP_EMPNC(2.0),"Annual population and employment, national concept",I,A,Annual,MEX,Mexico,S1,Total economy,S1,Total economy,POP,Total population,_Z,Not applicable,_Z,Not applicable,_Z,Not applicable,PS,Persons,_Z,Not applicable,N,Non transformed data,T0110,Table 0110 - Population and employment,2010,,112363.037,,,,F,Free (free for publication),2,Two,A,Normal value,3,Thousands,_Z,Not applicable
DATAFLOW,OECD.SDD.NAD:DSD_NAMAIN10@DF_TABLE3_POP_EMPNC(2.0),"Annual population and employment, national concept",I,A,Annual,NLD,Netherlands,S1,Total economy,S1,Total economy,POP,Total population,_Z,Not applicable,_Z,Not applicable,_Z,Not applicable,PS,Persons,_Z,Not applicable,N,Non transformed data,T0110,Table 0110 - Population and employment,2010,,16615,,,,F,Free (free for publication),2,Two,A,Normal value,3,Thousands,_Z,Not applicable
DATAFLOW,OECD.SDD.NAD:DSD_NAMAIN10@DF_TABLE3_POP_EMPNC(2.0),"Annual population and employment, national concept",I,A,Annual,PRT,Portugal,S1,Total economy,S1,Total economy,POP,Total population,_Z,Not applicable,_Z,Not applicable,_Z,Not applicable,PS,Persons,_Z,Not applicable,N,Non transformed data,T0110,Table 0110 - Population and employment,2010,,10573.1,,,,F,Free (free for publication),2,Two,A,Normal value,3,Thousands,_Z,Not applicable
DATAFLOW,OECD.SDD.NAD:DSD_NAMAIN10@DF_TABLE3_POP_EMPNC(2.0),"Annual population and employment, national concept",I,A,Annual,SVK,Slovak Republic,S1,Total economy,S1,Total economy,POP,Total population,_Z,Not applicable,_Z,Not applicable,_Z,Not applicable,PS,Persons,_Z,Not applicable,N,Non transformed data,T0110,Table 0110 - Population and employment,2010,,5429.973,,,,F,Free (free for publication),2,Two,A,Normal value,3,Thousands,_Z,Not applicable
DATAFLOW,OECD.SDD.NAD:DSD_NAMAIN10@DF_TABLE3_POP_EMPNC(2.0),"Annual population and employment, national concept",I,A,Annual,SVN,Slovenia,S1,Total economy,S1,Total economy,POP,Total population,_Z,Not applicable,_Z,Not applicable,_Z,Not applicable,PS,Persons,_Z,Not applicable,N,Non transformed data,T0110,Table 0110 - Population and employment,2010,,2048.821,,,,F,Free (free for publication),2,Two,A,Normal value,3,Thousands,_Z,Not applicable
DATAFLOW,OECD.SDD.NAD:DSD_NAMAIN10@DF_TABLE3_POP_EMPNC(2.0),"Annual population and employment, national concept",I,A,Annual,ESP,Spain,S1,Total economy,S1,Total economy,POP,Total population,_Z,Not applicable,_Z,Not applicable,_Z,Not applicable,PS,Persons,_Z,Not applicable,N,Non transformed data,T0110,Table 0110 - Population and employment,2010,,46562.483,,,,F,Free (free for publication),2,Two,A,Normal value,3,Thousands,_Z,Not applicable
DATAFLOW,OECD.SDD.NAD:DSD_NAMAIN10@DF_TABLE3_POP_EMPNC(2.0),"Annual population and employment, national concept",I,A,Annual,SWE,Sweden,S1,Total economy,S1,Total economy,POP,Total population,_Z,Not applicable,_Z,Not applicable,_Z,Not applicable,PS,Persons,_Z,Not applicable,N,Non transformed data,T0110,Table 0110 - Population and employment,2010,,9377,,,,F,Free (free for publication),2,Two,A,Normal value,3,Thousands,_Z,Not applicable
DATAFLOW,OECD.SDD.NAD:DSD_NAMAIN10@DF_TABLE3_POP_EMPNC(2.0),"Annual population and employment, national concept",I,A,Annual,GBR,United Kingdom,S1,Total economy,S1,Total economy,POP,Total population,_Z,Not applicable,_Z,Not applicable,_Z,Not applicable,PS,Persons,_Z,Not applicable,N,Non transformed data,T0110,Table 0110 - Population and employment,2010,,62760,,,,F,Free (free for publication),2,Two,A,Normal value,3,Thousands,_Z,Not applicable
DATAFLOW,OECD.SDD.NAD:DSD_NAMAIN10@DF_TABLE3_POP_EMPNC(2.0),"Annual population and employment, national concept",I,A,Annual,CAN,Canada,S1,Total economy,S1,Total economy,POP,Total population,_Z,Not applicable,_Z,Not applicable,_Z,Not applicable,PS,Persons,_Z,Not applicable,N,Non transformed data,T0110,Table 0110 - Population and employment,2011,,34339.221,,,,F,Free (free for publication),2,Two,A,Normal value,3,Thousands,_Z,Not applicable
DATAFLOW,OECD.SDD.NAD:DSD_NAMAIN10@DF_TABLE3_POP_EMPNC(2.0),"Annual population and employment, national concept",I,A,Annual,CHL,Chile,S1,Total economy,S1,Total economy,POP,Total population,_Z,Not applicable,_Z,Not applicable,_Z,Not applicable,PS,Persons,_Z,Not applicable,N,Non transformed data,T0110,Table 0110 - Population and employment,2011,,17254.159,,,,F,Free (free for publication),2,Two,A,Normal value,3,Thousands,_Z,Not applicable
DATAFLOW,OECD.SDD.NAD:DSD_NAMAIN10@DF_TABLE3_POP_EMPNC(2.0),"Annual population and employment, national concept",I,A,Annual,COL,Colombia,S1,Total economy,S1,Total economy,POP,Total population,_Z,Not applicable,_Z,Not applicable,_Z,Not applicable,PS,Persons,_Z,Not applicable,N,Non transformed data,T0110,Table 0110 - Population and employment,2011,,43325.6005,,,,F,Free (free for publication),2,Two,A,Normal value,3,Thousands,_Z,Not applicable
DATAFLOW,OECD.SDD.NAD:DSD_NAMAIN10@DF_TABLE3_POP_EMPNC(2.0),"Annual population and employment, national concept",I,A,Annual,CRI,Costa Rica,S1,Total economy,S1,Total economy,POP,Total population,_Z,Not applicable,_Z,Not applicable,_Z,Not applicable,PS,Persons,_Z,Not applicable,N,Non transformed data,T0110,Table 0110 - Population and employment,2011,,4589.639,,,,F,Free (free for publication),2,Two,A,Normal value,3,Thousands,_Z,Not applicable
DATAFLOW,OECD.SDD.NAD:DSD_NAMAIN10@DF_TABLE3_POP_EMPNC(2.0),"Annual population and employment, national concept",I,A,Annual,CZE,Czechia,S1,Total economy,S1,Total economy,POP,Total population,_Z,Not applicable,_Z,Not applicable,_Z,Not applicable,PS,Persons,_Z,Not applicable,N,Non transformed data,T0110,Table 0110 - Population and employment,2011,,10496.672,,,,F,Free (free for publication),2,Two,A,Normal value,3,Thousands,_Z,Not applicable
DATAFLOW,OECD.SDD.NAD:DSD_NAMAIN10@DF_TABLE3_POP_EMPNC(2.0),"Annual population and employment, national concept",I,A,Annual,DNK,Denmark,S1,Total economy,S1,Total economy,POP,Total population,_Z,Not applicable,_Z,Not applicable,_Z,Not applicable,PS,Persons,_Z,Not applicable,N,Non transformed data,T0110,Table 0110 - Population and employment,2011,,5570.213,,,,F,Free (free for publication),2,Two,A,Normal value,3,Thousands,_Z,Not applicable
DATAFLOW,OECD.SDD.NAD:DSD_NAMAIN10@DF_TABLE3_POP_EMPNC(2.0),"Annual population and employment, national concept",I,A,Annual,EST,Estonia,S1,Total economy,S1,Total economy,POP,Total population,_Z,Not applicable,_Z,Not applicable,_Z,Not applicable,PS,Persons,_Z,Not applicable,N,Non transformed data,T0110,Table 0110 - Population and employment,2011,,1329.7,,,,F,Free (free for publication),2,Two,A,Normal value,3,Thousands,_Z,Not applicable
DATAFLOW,OECD.SDD.NAD:DSD_NAMAIN10@DF_TABLE3_POP_EMPNC(2.0),"Annual population and employment, national concept",I,A,Annual,FIN,Finland,S1,Total economy,S1,Total economy,POP,Total population,_Z,Not applicable,_Z,Not applicable,_Z,Not applicable,PS,Persons,_Z,Not applicable,N,Non transformed data,T0110,Table 0110 - Population and employment,2011,,5388.3,,,,F,Free (free for publication),2,Two,A,Normal value,3,Thousands,_Z,Not applicable
DATAFLOW,OECD.SDD.NAD:DSD_NAMAIN10@DF_TABLE3_POP_EMPNC(2.0),"Annual population and employment, national concept",I,A,Annual,DEU,Germany,S1,Total economy,S1,Total economy,POP,Total population,_Z,Not applicable,_Z,Not applicable,_Z,Not applicable,PS,Persons,_Z,Not applicable,N,Non transformed data,T0110,Table 0110 - Population and employment,2011,,80275,,,,F,Free (free for publication),2,Two,A,Normal value,3,Thousands,_Z,Not applicable
DATAFLOW,OECD.SDD.NAD:DSD_NAMAIN10@DF_TABLE3_POP_EMPNC(2.0),"Annual population and employment, national concept",I,A,Annual,GRC,Greece,S1,Total economy,S1,Total economy,POP,Total population,_Z,Not applicable,_Z,Not applicable,_Z,Not applicable,PS,Persons,_Z,Not applicable,N,Non transformed data,T0110,Table 0110 - Population and employment,2011,,11104.944,,,,F,Free (free for publication),2,Two,A,Normal value,3,Thousands,_Z,Not applicable
DATAFLOW,OECD.SDD.NAD:DSD_NAMAIN10@DF_TABLE3_POP_EMPNC(2.0),"Annual population and employment, national concept",I,A,Annual,HUN,Hungary,S1,Total economy,S1,Total economy,POP,Total population,_Z,Not applicable,_Z,Not applicable,_Z,Not applicable,PS,Persons,_Z,Not applicable,N,Non transformed data,T0110,Table 0110 - Population and employment,2011,,9971.727,,,,F,Free (free for publication),2,Two,A,Normal value,3,Thousands,_Z,Not applicable
DATAFLOW,OECD.SDD.NAD:DSD_NAMAIN10@DF_TABLE3_POP_EMPNC(2.0),"Annual population and employment, national concept",I,A,Annual,IRL,Ireland,S1,Total economy,S1,Total economy,POP,Total population,_Z,Not applicable,_Z,Not applicable,_Z,Not applicable,PS,Persons,_Z,Not applicable,N,Non transformed data,T0110,Table 0110 - Population and employment,2011,,4578.543,,,,F,Free (free for publication),2,Two,A,Normal value,3,Thousands,_Z,Not applicable
DATAFLOW,OECD.SDD.NAD:DSD_NAMAIN10@DF_TABLE3_POP_EMPNC(2.0),"Annual population and employment, national concept",I,A,Annual,ITA,Italy,S1,Total economy,S1,Total economy,POP,Total population,_Z,Not applicable,_Z,Not applicable,_Z,Not applicable,PS,Persons,_Z,Not applicable,N,Non transformed data,T0110,Table 0110 - Population and employment,2011,,60026.8,,,,F,Free (free for publication),2,Two,A,Normal value,3,Thousands,_Z,Not applicable
DATAFLOW,OECD.SDD.NAD:DSD_NAMAIN10@DF_TABLE3_POP_EMPNC(2.0),"Annual population and employment, national concept",I,A,Annual,KOR,Korea,S1,Total economy,S1,Total economy,POP,Total population,_Z,Not applicable,_Z,Not applicable,_Z,Not applicable,PS,Persons,_Z,Not applicable,N,Non transformed data,T0110,Table 0110 - Population and employment,2011,,49937,,,,F,Free (free for publication),2,Two,A,Normal value,3,Thousands,_Z,Not applicable
DATAFLOW,OECD.SDD.NAD:DSD_NAMAIN10@DF_TABLE3_POP_EMPNC(2.0),"Annual population and employment, national concept",I,A,Annual,LVA,Latvia,S1,Total economy,S1,Total economy,POP,Total population,_Z,Not applicable,_Z,Not applicable,_Z,Not applicable,PS,Persons,_Z,Not applicable,N,Non transformed data,T0110,Table 0110 - Population and employment,2011,,2058.825,,,,F,Free (free for publication),2,Two,A,Normal value,3,Thousands,_Z,Not applicable
DATAFLOW,OECD.SDD.NAD:DSD_NAMAIN10@DF_TABLE3_POP_EMPNC(2.0),"Annual population and employment, national concept",I,A,Annual,LTU,Lithuania,S1,Total economy,S1,Total economy,POP,Total population,_Z,Not applicable,_Z,Not applicable,_Z,Not applicable,PS,Persons,_Z,Not applicable,N,Non transformed data,T0110,Table 0110 - Population and employment,2011,,3028.115,,,,F,Free (free for publication),2,Two,A,Normal value,3,Thousands,_Z,Not applicable
DATAFLOW,OECD.SDD.NAD:DSD_NAMAIN10@DF_TABLE3_POP_EMPNC(2.0),"Annual population and employment, national concept",I,A,Annual,LUX,Luxembourg,S1,Total economy,S1,Total economy,POP,Total population,_Z,Not applicable,_Z,Not applicable,_Z,Not applicable,PS,Persons,_Z,Not applicable,N,Non transformed data,T0110,Table 0110 - Population and employment,2011,,519.425,,,,F,Free (free for publication),2,Two,A,Normal value,3,Thousands,_Z,Not applicable
DATAFLOW,OECD.SDD.NAD:DSD_NAMAIN10@DF_TABLE3_POP_EMPNC(2.0),"Annual population and employment, national concept",I,A,Annual,NLD,Netherlands,S1,Total economy,S1,Total economy,POP,Total population,_Z,Not applicable,_Z,Not applicable,_Z,Not applicable,PS,Persons,_Z,Not applicable,N,Non transformed data,T0110,Table 0110 - Population and employment,2011,,16693,,,,F,Free (free for publication),2,Two,A,Normal value,3,Thousands,_Z,Not applicable
DATAFLOW,OECD.SDD.NAD:DSD_NAMAIN10@DF_TABLE3_POP_EMPNC(2.0),"Annual population and employment, national concept",I,A,Annual,POL,Poland,S1,Total economy,S1,Total economy,POP,Total population,_Z,Not applicable,_Z,Not applicable,_Z,Not applicable,PS,Persons,_Z,Not applicable,N,Non transformed data,T0110,Table 0110 - Population and employment,2011,,38051.032,,,,F,Free (free for publication),2,Two,A,Normal value,3,Thousands,_Z,Not applicable
DATAFLOW,OECD.SDD.NAD:DSD_NAMAIN10@DF_TABLE3_POP_EMPNC(2.0),"Annual population and employment, national concept",I,A,Annual,SVN,Slovenia,S1,Total economy,S1,Total economy,POP,Total population,_Z,Not applicable,_Z,Not applicable,_Z,Not applicable,PS,Persons,_Z,Not applicable,N,Non transformed data,T0110,Table 0110 - Population and employment,2011,,2052.839,,,,F,Free (free for publication),2,Two,A,Normal value,3,Thousands,_Z,Not applicable
DATAFLOW,OECD.SDD.NAD:DSD_NAMAIN10@DF_TABLE3_POP_EMPNC(2.0),"Annual population and employment, national concept",I,A,Annual,ESP,Spain,S1,Total economy,S1,Total economy,POP,Total population,_Z,Not applicable,_Z,Not applicable,_Z,Not applicable,PS,Persons,_Z,Not applicable,N,Non transformed data,T0110,Table 0110 - Population and employment,2011,,46736.257,,,,F,Free (free for publication),2,Two,A,Normal value,3,Thousands,_Z,Not applicable
DATAFLOW,OECD.SDD.NAD:DSD_NAMAIN10@DF_TABLE3_POP_EMPNC(2.0),"Annual population and employment, national concept",I,A,Annual,SWE,Sweden,S1,Total economy,S1,Total economy,POP,Total population,_Z,Not applicable,_Z,Not applicable,_Z,Not applicable,PS,Persons,_Z,Not applicable,N,Non transformed data,T0110,Table 0110 - Population and employment,2011,,9448.8,,,,F,Free (free for publication),2,Two,A,Normal value,3,Thousands,_Z,Not applicable
DATAFLOW,OECD.SDD.NAD:DSD_NAMAIN10@DF_TABLE3_POP_EMPNC(2.0),"Annual population and employment, national concept",I,A,Annual,GBR,United Kingdom,S1,Total economy,S1,Total economy,POP,Total population,_Z,Not applicable,_Z,Not applicable,_Z,Not applicable,PS,Persons,_Z,Not applicable,N,Non transformed data,T0110,Table 0110 - Population and employment,2011,,63285,,,,F,Free (free for publication),2,Two,A,Normal value,3,Thousands,_Z,Not applicable
DATAFLOW,OECD.SDD.NAD:DSD_NAMAIN10@DF_TABLE3_POP_EMPNC(2.0),"Annual population and employment, national concept",I,A,Annual,CAN,Canada,S1,Total economy,S1,Total economy,POP,Total population,_Z,Not applicable,_Z,Not applicable,_Z,Not applicable,PS,Persons,_Z,Not applicable,N,Non transformed data,T0110,Table 0110 - Population and employment,2012,,34713.395,,,,F,Free (free for publication),2,Two,A,Normal value,3,Thousands,_Z,Not applicable
DATAFLOW,OECD.SDD.NAD:DSD_NAMAIN10@DF_TABLE3_POP_EMPNC(2.0),"Annual population and employment, national concept",I,A,Annual,CHL,Chile,S1,Total economy,S1,Total economy,POP,Total population,_Z,Not applicable,_Z,Not applicable,_Z,Not applicable,PS,Persons,_Z,Not applicable,N,Non transformed data,T0110,Table 0110 - Population and employment,2012,,17443.491,,,,F,Free (free for publication),2,Two,A,Normal value,3,Thousands,_Z,Not applicable
DATAFLOW,OECD.SDD.NAD:DSD_NAMAIN10@DF_TABLE3_POP_EMPNC(2.0),"Annual population and employment, national concept",I,A,Annual,COL,Colombia,S1,Total economy,S1,Total economy,POP,Total population,_Z,Not applicable,_Z,Not applicable,_Z,Not applicable,PS,Persons,_Z,Not applicable,N,Non transformed data,T0110,Table 0110 - Population and employment,2012,,43752.2765,,,,F,Free (free for publication),2,Two,A,Normal value,3,Thousands,_Z,Not applicable
DATAFLOW,OECD.SDD.NAD:DSD_NAMAIN10@DF_TABLE3_POP_EMPNC(2.0),"Annual population and employment, national concept",I,A,Annual,CRI,Costa Rica,S1,Total economy,S1,Total economy,POP,Total population,_Z,Not applicable,_Z,Not applicable,_Z,Not applicable,PS,Persons,_Z,Not applicable,N,Non transformed data,T0110,Table 0110 - Population and employment,2012,,4650.517,,,,F,Free (free for publication),2,Two,A,Normal value,3,Thousands,_Z,Not applicable
DATAFLOW,OECD.SDD.NAD:DSD_NAMAIN10@DF_TABLE3_POP_EMPNC(2.0),"Annual population and employment, national concept",I,A,Annual,CZE,Czechia,S1,Total economy,S1,Total economy,POP,Total population,_Z,Not applicable,_Z,Not applicable,_Z,Not applicable,PS,Persons,_Z,Not applicable,N,Non transformed data,T0110,Table 0110 - Population and employment,2012,,10506.87,,,,F,Free (free for publication),2,Two,A,Normal value,3,Thousands,_Z,Not applicable
DATAFLOW,OECD.SDD.NAD:DSD_NAMAIN10@DF_TABLE3_POP_EMPNC(2.0),"Annual population and employment, national concept",I,A,Annual,DNK,Denmark,S1,Total economy,S1,Total economy,POP,Total population,_Z,Not applicable,_Z,Not applicable,_Z,Not applicable,PS,Persons,_Z,Not applicable,N,Non transformed data,T0110,Table 0110 - Population and employment,2012,,5590.77,,,,F,Free (free for publication),2,Two,A,Normal value,3,Thousands,_Z,Not applicable
DATAFLOW,OECD.SDD.NAD:DSD_NAMAIN10@DF_TABLE3_POP_EMPNC(2.0),"Annual population and employment, national concept",I,A,Annual,EST,Estonia,S1,Total economy,S1,Total economy,POP,Total population,_Z,Not applicable,_Z,Not applicable,_Z,Not applicable,PS,Persons,_Z,Not applicable,N,Non transformed data,T0110,Table 0110 - Population and employment,2012,,1325.2,,,,F,Free (free for publication),2,Two,A,Normal value,3,Thousands,_Z,Not applicable
DATAFLOW,OECD.SDD.NAD:DSD_NAMAIN10@DF_TABLE3_POP_EMPNC(2.0),"Annual population and employment, national concept",I,A,Annual,FIN,Finland,S1,Total economy,S1,Total economy,POP,Total population,_Z,Not applicable,_Z,Not applicable,_Z,Not applicable,PS,Persons,_Z,Not applicable,N,Non transformed data,T0110,Table 0110 - Population and employment,2012,,5414,,,,F,Free (free for publication),2,Two,A,Normal value,3,Thousands,_Z,Not applicable
DATAFLOW,OECD.SDD.NAD:DSD_NAMAIN10@DF_TABLE3_POP_EMPNC(2.0),"Annual population and employment, national concept",I,A,Annual,ITA,Italy,S1,Total economy,S1,Total economy,POP,Total population,_Z,Not applicable,_Z,Not applicable,_Z,Not applicable,PS,Persons,_Z,Not applicable,N,Non transformed data,T0110,Table 0110 - Population and employment,2012,,60191.2,,,,F,Free (free for publication),2,Two,A,Normal value,3,Thousands,_Z,Not applicable
DATAFLOW,OECD.SDD.NAD:DSD_NAMAIN10@DF_TABLE3_POP_EMPNC(2.0),"Annual population and employment, national concept",I,A,Annual,KOR,Korea,S1,Total economy,S1,Total economy,POP,Total population,_Z,Not applicable,_Z,Not applicable,_Z,Not applicable,PS,Persons,_Z,Not applicable,N,Non transformed data,T0110,Table 0110 - Population and employment,2012,,50200,,,,F,Free (free for publication),2,Two,A,Normal value,3,Thousands,_Z,Not applicable
DATAFLOW,OECD.SDD.NAD:DSD_NAMAIN10@DF_TABLE3_POP_EMPNC(2.0),"Annual population and employment, national concept",I,A,Annual,LVA,Latvia,S1,Total economy,S1,Total economy,POP,Total population,_Z,Not applicable,_Z,Not applicable,_Z,Not applicable,PS,Persons,_Z,Not applicable,N,Non transformed data,T0110,Table 0110 - Population and employment,2012,,2033.65,,,,F,Free (free for publication),2,Two,A,Normal value,3,Thousands,_Z,Not applicable
DATAFLOW,OECD.SDD.NAD:DSD_NAMAIN10@DF_TABLE3_POP_EMPNC(2.0),"Annual population and employment, national concept",I,A,Annual,LTU,Lithuania,S1,Total economy,S1,Total economy,POP,Total population,_Z,Not applicable,_Z,Not applicable,_Z,Not applicable,PS,Persons,_Z,Not applicable,N,Non transformed data,T0110,Table 0110 - Population and employment,2012,,2989.139,,,,F,Free (free for publication),2,Two,A,Normal value,3,Thousands,_Z,Not applicable
DATAFLOW,OECD.SDD.NAD:DSD_NAMAIN10@DF_TABLE3_POP_EMPNC(2.0),"Annual population and employment, national concept",I,A,Annual,LUX,Luxembourg,S1,Total economy,S1,Total economy,POP,Total population,_Z,Not applicable,_Z,Not applicable,_Z,Not applicable,PS,Persons,_Z,Not applicable,N,Non transformed data,T0110,Table 0110 - Population and employment,2012,,531.5,,,,F,Free (free for publication),2,Two,A,Normal value,3,Thousands,_Z,Not applicable
DATAFLOW,OECD.SDD.NAD:DSD_NAMAIN10@DF_TABLE3_POP_EMPNC(2.0),"Annual population and employment, national concept",I,A,Annual,MEX,Mexico,S1,Total economy,S1,Total economy,POP,Total population,_Z,Not applicable,_Z,Not applicable,_Z,Not applicable,PS,Persons,_Z,Not applicable,N,Non transformed data,T0110,Table 0110 - Population and employment,2012,,115013.177,,,,F,Free (free for publication),2,Two,A,Normal value,3,Thousands,_Z,Not applicable
DATAFLOW,OECD.SDD.NAD:DSD_NAMAIN10@DF_TABLE3_POP_EMPNC(2.0),"Annual population and employment, national concept",I,A,Annual,NLD,Netherlands,S1,Total economy,S1,Total economy,POP,Total population,_Z,Not applicable,_Z,Not applicable,_Z,Not applicable,PS,Persons,_Z,Not applicable,N,Non transformed data,T0110,Table 0110 - Population and employment,2012,,16755,,,,F,Free (free for publication),2,Two,A,Normal value,3,Thousands,_Z,Not applicable
DATAFLOW,OECD.SDD.NAD:DSD_NAMAIN10@DF_TABLE3_POP_EMPNC(2.0),"Annual population and employment, national concept",I,A,Annual,POL,Poland,S1,Total economy,S1,Total economy,POP,Total population,_Z,Not applicable,_Z,Not applicable,_Z,Not applicable,PS,Persons,_Z,Not applicable,N,Non transformed data,T0110,Table 0110 - Population and employment,2012,,38059.134,,,,F,Free (free for publication),2,Two,A,Normal value,3,Thousands,_Z,Not applicable
DATAFLOW,OECD.SDD.NAD:DSD_NAMAIN10@DF_TABLE3_POP_EMPNC(2.0),"Annual population and employment, national concept",I,A,Annual,PRT,Portugal,S1,Total economy,S1,Total economy,POP,Total population,_Z,Not applicable,_Z,Not applicable,_Z,Not applicable,PS,Persons,_Z,Not applicable,N,Non transformed data,T0110,Table 0110 - Population and employment,2012,,10531.42,,,,F,Free (free for publication),2,Two,A,Normal value,3,Thousands,_Z,Not applicable
DATAFLOW,OECD.SDD.NAD:DSD_NAMAIN10@DF_TABLE3_POP_EMPNC(2.0),"Annual population and employment, national concept",I,A,Annual,SVK,Slovak Republic,S1,Total economy,S1,Total economy,POP,Total population,_Z,Not applicable,_Z,Not applicable,_Z,Not applicable,PS,Persons,_Z,Not applicable,N,Non transformed data,T0110,Table 0110 - Population and employment,2012,,5406.244,,,,F,Free (free for publication),2,Two,A,Normal value,3,Thousands,_Z,Not applicable
DATAFLOW,OECD.SDD.NAD:DSD_NAMAIN10@DF_TABLE3_POP_EMPNC(2.0),"Annual population and employment, national concept",I,A,Annual,SVN,Slovenia,S1,Total economy,S1,Total economy,POP,Total population,_Z,Not applicable,_Z,Not applicable,_Z,Not applicable,PS,Persons,_Z,Not applicable,N,Non transformed data,T0110,Table 0110 - Population and employment,2012,,2056.768,,,,F,Free (free for publication),2,Two,A,Normal value,3,Thousands,_Z,Not applicable
DATAFLOW,OECD.SDD.NAD:DSD_NAMAIN10@DF_TABLE3_POP_EMPNC(2.0),"Annual population and employment, national concept",I,A,Annual,ESP,Spain,S1,Total economy,S1,Total economy,POP,Total population,_Z,Not applicable,_Z,Not applicable,_Z,Not applicable,PS,Persons,_Z,Not applicable,N,Non transformed data,T0110,Table 0110 - Population and employment,2012,,46749.303,,,,F,Free (free for publication),2,Two,A,Normal value,3,Thousands,_Z,Not applicable
DATAFLOW,OECD.SDD.NAD:DSD_NAMAIN10@DF_TABLE3_POP_EMPNC(2.0),"Annual population and employment, national concept",I,A,Annual,SWE,Sweden,S1,Total economy,S1,Total economy,POP,Total population,_Z,Not applicable,_Z,Not applicable,_Z,Not applicable,PS,Persons,_Z,Not applicable,N,Non transformed data,T0110,Table 0110 - Population and employment,2012,,9517.25,,,,F,Free (free for publication),2,Two,A,Normal value,3,Thousands,_Z,Not applicable
DATAFLOW,OECD.SDD.NAD:DSD_NAMAIN10@DF_TABLE3_POP_EMPNC(2.0),"Annual population and employment, national concept",I,A,Annual,GBR,United Kingdom,S1,Total economy,S1,Total economy,POP,Total population,_Z,Not applicable,_Z,Not applicable,_Z,Not applicable,PS,Persons,_Z,Not applicable,N,Non transformed data,T0110,Table 0110 - Population and employment,2012,,63711,,,,F,Free (free for publication),2,Two,A,Normal value,3,Thousands,_Z,Not applicable
DATAFLOW,OECD.SDD.NAD:DSD_NAMAIN10@DF_TABLE3_POP_EMPNC(2.0),"Annual population and employment, national concept",I,A,Annual,CAN,Canada,S1,Total economy,S1,Total economy,POP,Total population,_Z,Not applicable,_Z,Not applicable,_Z,Not applicable,PS,Persons,_Z,Not applicable,N,Non transformed data,T0110,Table 0110 - Population and employment,2013,,35080.992,,,,F,Free (free for publication),2,Two,A,Normal value,3,Thousands,_Z,Not applicable
DATAFLOW,OECD.SDD.NAD:DSD_NAMAIN10@DF_TABLE3_POP_EMPNC(2.0),"Annual population and employment, national concept",I,A,Annual,COL,Colombia,S1,Total economy,S1,Total economy,POP,Total population,_Z,Not applicable,_Z,Not applicable,_Z,Not applicable,PS,Persons,_Z,Not applicable,N,Non transformed data,T0110,Table 0110 - Population and employment,2013,,44164.648083,,,,F,Free (free for publication),2,Two,A,Normal value,3,Thousands,_Z,Not applicable
DATAFLOW,OECD.SDD.NAD:DSD_NAMAIN10@DF_TABLE3_POP_EMPNC(2.0),"Annual population and employment, national concept",I,A,Annual,CRI,Costa Rica,S1,Total economy,S1,Total economy,POP,Total population,_Z,Not applicable,_Z,Not applicable,_Z,Not applicable,PS,Persons,_Z,Not applicable,N,Non transformed data,T0110,Table 0110 - Population and employment,2013,,4710.354,,,,F,Free (free for publication),2,Two,A,Normal value,3,Thousands,_Z,Not applicable
DATAFLOW,OECD.SDD.NAD:DSD_NAMAIN10@DF_TABLE3_POP_EMPNC(2.0),"Annual population and employment, national concept",I,A,Annual,CZE,Czechia,S1,Total economy,S1,Total economy,POP,Total population,_Z,Not applicable,_Z,Not applicable,_Z,Not applicable,PS,Persons,_Z,Not applicable,N,Non transformed data,T0110,Table 0110 - Population and employment,2013,,10502.381,,,,F,Free (free for publication),2,Two,A,Normal value,3,Thousands,_Z,Not applicable
DATAFLOW,OECD.SDD.NAD:DSD_NAMAIN10@DF_TABLE3_POP_EMPNC(2.0),"Annual population and employment, national concept",I,A,Annual,DNK,Denmark,S1,Total economy,S1,Total economy,POP,Total population,_Z,Not applicable,_Z,Not applicable,_Z,Not applicable,PS,Persons,_Z,Not applicable,N,Non transformed data,T0110,Table 0110 - Population and employment,2013,,5613.263,,,,F,Free (free for publication),2,Two,A,Normal value,3,Thousands,_Z,Not applicable
DATAFLOW,OECD.SDD.NAD:DSD_NAMAIN10@DF_TABLE3_POP_EMPNC(2.0),"Annual population and employment, national concept",I,A,Annual,EST,Estonia,S1,Total economy,S1,Total economy,POP,Total population,_Z,Not applicable,_Z,Not applicable,_Z,Not applicable,PS,Persons,_Z,Not applicable,N,Non transformed data,T0110,Table 0110 - Population and employment,2013,,1320.2,,,,F,Free (free for publication),2,Two,A,Normal value,3,Thousands,_Z,Not applicable
DATAFLOW,OECD.SDD.NAD:DSD_NAMAIN10@DF_TABLE3_POP_EMPNC(2.0),"Annual population and employment, national concept",I,A,Annual,FIN,Finland,S1,Total economy,S1,Total economy,POP,Total population,_Z,Not applicable,_Z,Not applicable,_Z,Not applicable,PS,Persons,_Z,Not applicable,N,Non transformed data,T0110,Table 0110 - Population and employment,2013,,5439,,,,F,Free (free for publication),2,Two,A,Normal value,3,Thousands,_Z,Not applicable
DATAFLOW,OECD.SDD.NAD:DSD_NAMAIN10@DF_TABLE3_POP_EMPNC(2.0),"Annual population and employment, national concept",I,A,Annual,HUN,Hungary,S1,Total economy,S1,Total economy,POP,Total population,_Z,Not applicable,_Z,Not applicable,_Z,Not applicable,PS,Persons,_Z,Not applicable,N,Non transformed data,T0110,Table 0110 - Population and employment,2013,,9872.734,,,,F,Free (free for publication),2,Two,A,Normal value,3,Thousands,_Z,Not applicable
DATAFLOW,OECD.SDD.NAD:DSD_NAMAIN10@DF_TABLE3_POP_EMPNC(2.0),"Annual population and employment, national concept",I,A,Annual,IRL,Ireland,S1,Total economy,S1,Total economy,POP,Total population,_Z,Not applicable,_Z,Not applicable,_Z,Not applicable,PS,Persons,_Z,Not applicable,N,Non transformed data,T0110,Table 0110 - Population and employment,2013,,4620.042,,,,F,Free (free for publication),2,Two,A,Normal value,3,Thousands,_Z,Not applicable
DATAFLOW,OECD.SDD.NAD:DSD_NAMAIN10@DF_TABLE3_POP_EMPNC(2.0),"Annual population and employment, national concept",I,A,Annual,ITA,Italy,S1,Total economy,S1,Total economy,POP,Total population,_Z,Not applicable,_Z,Not applicable,_Z,Not applicable,PS,Persons,_Z,Not applicable,N,Non transformed data,T0110,Table 0110 - Population and employment,2013,,60311.6,,,,F,Free (free for publication),2,Two,A,Normal value,3,Thousands,_Z,Not applicable
DATAFLOW,OECD.SDD.NAD:DSD_NAMAIN10@DF_TABLE3_POP_EMPNC(2.0),"Annual population and employment, national concept",I,A,Annual,KOR,Korea,S1,Total economy,S1,Total economy,POP,Total population,_Z,Not applicable,_Z,Not applicable,_Z,Not applicable,PS,Persons,_Z,Not applicable,N,Non transformed data,T0110,Table 0110 - Population and employment,2013,,50429,,,,F,Free (free for publication),2,Two,A,Normal value,3,Thousands,_Z,Not applicable
DATAFLOW,OECD.SDD.NAD:DSD_NAMAIN10@DF_TABLE3_POP_EMPNC(2.0),"Annual population and employment, national concept",I,A,Annual,LVA,Latvia,S1,Total economy,S1,Total economy,POP,Total population,_Z,Not applicable,_Z,Not applicable,_Z,Not applicable,PS,Persons,_Z,Not applicable,N,Non transformed data,T0110,Table 0110 - Population and employment,2013,,2012.812,,,,F,Free (free for publication),2,Two,A,Normal value,3,Thousands,_Z,Not applicable
DATAFLOW,OECD.SDD.NAD:DSD_NAMAIN10@DF_TABLE3_POP_EMPNC(2.0),"Annual population and employment, national concept",I,A,Annual,LTU,Lithuania,S1,Total economy,S1,Total economy,POP,Total population,_Z,Not applicable,_Z,Not applicable,_Z,Not applicable,PS,Persons,_Z,Not applicable,N,Non transformed data,T0110,Table 0110 - Population and employment,2013,,2961.25,,,,F,Free (free for publication),2,Two,A,Normal value,3,Thousands,_Z,Not applicable
DATAFLOW,OECD.SDD.NAD:DSD_NAMAIN10@DF_TABLE3_POP_EMPNC(2.0),"Annual population and employment, national concept",I,A,Annual,LUX,Luxembourg,S1,Total economy,S1,Total economy,POP,Total population,_Z,Not applicable,_Z,Not applicable,_Z,Not applicable,PS,Persons,_Z,Not applicable,N,Non transformed data,T0110,Table 0110 - Population and employment,2013,,545.325,,,,F,Free (free for publication),2,Two,A,Normal value,3,Thousands,_Z,Not applicable
DATAFLOW,OECD.SDD.NAD:DSD_NAMAIN10@DF_TABLE3_POP_EMPNC(2.0),"Annual population and employment, national concept",I,A,Annual,NLD,Netherlands,S1,Total economy,S1,Total economy,POP,Total population,_Z,Not applicable,_Z,Not applicable,_Z,Not applicable,PS,Persons,_Z,Not applicable,N,Non transformed data,T0110,Table 0110 - Population and employment,2013,,16804,,,,F,Free (free for publication),2,Two,A,Normal value,3,Thousands,_Z,Not applicable
DATAFLOW,OECD.SDD.NAD:DSD_NAMAIN10@DF_TABLE3_POP_EMPNC(2.0),"Annual population and employment, national concept",I,A,Annual,POL,Poland,S1,Total economy,S1,Total economy,POP,Total population,_Z,Not applicable,_Z,Not applicable,_Z,Not applicable,PS,Persons,_Z,Not applicable,N,Non transformed data,T0110,Table 0110 - Population and employment,2013,,38031.632,,,,F,Free (free for publication),2,Two,A,Normal value,3,Thousands,_Z,Not applicable
DATAFLOW,OECD.SDD.NAD:DSD_NAMAIN10@DF_TABLE3_POP_EMPNC(2.0),"Annual population and employment, national concept",I,A,Annual,PRT,Portugal,S1,Total economy,S1,Total economy,POP,Total population,_Z,Not applicable,_Z,Not applicable,_Z,Not applicable,PS,Persons,_Z,Not applicable,N,Non transformed data,T0110,Table 0110 - Population and employment,2013,,10473.991,,,,F,Free (free for publication),2,Two,A,Normal value,3,Thousands,_Z,Not applicable
DATAFLOW,OECD.SDD.NAD:DSD_NAMAIN10@DF_TABLE3_POP_EMPNC(2.0),"Annual population and employment, national concept",I,A,Annual,SVK,Slovak Republic,S1,Total economy,S1,Total economy,POP,Total population,_Z,Not applicable,_Z,Not applicable,_Z,Not applicable,PS,Persons,_Z,Not applicable,N,Non transformed data,T0110,Table 0110 - Population and employment,2013,,5413.003,,,,F,Free (free for publication),2,Two,A,Normal value,3,Thousands,_Z,Not applicable
DATAFLOW,OECD.SDD.NAD:DSD_NAMAIN10@DF_TABLE3_POP_EMPNC(2.0),"Annual population and employment, national concept",I,A,Annual,SVN,Slovenia,S1,Total economy,S1,Total economy,POP,Total population,_Z,Not applicable,_Z,Not applicable,_Z,Not applicable,PS,Persons,_Z,Not applicable,N,Non transformed data,T0110,Table 0110 - Population and employment,2013,,2059.547,,,,F,Free (free for publication),2,Two,A,Normal value,3,Thousands,_Z,Not applicable
DATAFLOW,OECD.SDD.NAD:DSD_NAMAIN10@DF_TABLE3_POP_EMPNC(2.0),"Annual population and employment, national concept",I,A,Annual,ESP,Spain,S1,Total economy,S1,Total economy,POP,Total population,_Z,Not applicable,_Z,Not applicable,_Z,Not applicable,PS,Persons,_Z,Not applicable,N,Non transformed data,T0110,Table 0110 - Population and employment,2013,,46581.124,,,,F,Free (free for publication),2,Two,A,Normal value,3,Thousands,_Z,Not applicable
DATAFLOW,OECD.SDD.NAD:DSD_NAMAIN10@DF_TABLE3_POP_EMPNC(2.0),"Annual population and employment, national concept",I,A,Annual,SWE,Sweden,S1,Total economy,S1,Total economy,POP,Total population,_Z,Not applicable,_Z,Not applicable,_Z,Not applicable,PS,Persons,_Z,Not applicable,N,Non transformed data,T0110,Table 0110 - Population and employment,2013,,9598.95,,,,F,Free (free for publication),2,Two,A,Normal value,3,Thousands,_Z,Not applicable
DATAFLOW,OECD.SDD.NAD:DSD_NAMAIN10@DF_TABLE3_POP_EMPNC(2.0),"Annual population and employment, national concept",I,A,Annual,CAN,Canada,S1,Total economy,S1,Total economy,POP,Total population,_Z,Not applicable,_Z,Not applicable,_Z,Not applicable,PS,Persons,_Z,Not applicable,N,Non transformed data,T0110,Table 0110 - Population and employment,2014,,35434.066,,,,F,Free (free for publication),2,Two,A,Normal value,3,Thousands,_Z,Not applicable
DATAFLOW,OECD.SDD.NAD:DSD_NAMAIN10@DF_TABLE3_POP_EMPNC(2.0),"Annual population and employment, national concept",I,A,Annual,COL,Colombia,S1,Total economy,S1,Total economy,POP,Total population,_Z,Not applicable,_Z,Not applicable,_Z,Not applicable,PS,Persons,_Z,Not applicable,N,Non transformed data,T0110,Table 0110 - Population and employment,2014,,44914.122417,,,,F,Free (free for publication),2,Two,A,Normal value,3,Thousands,_Z,Not applicable
DATAFLOW,OECD.SDD.NAD:DSD_NAMAIN10@DF_TABLE3_POP_EMPNC(2.0),"Annual population and employment, national concept",I,A,Annual,CRI,Costa Rica,S1,Total economy,S1,Total economy,POP,Total population,_Z,Not applicable,_Z,Not applicable,_Z,Not applicable,PS,Persons,_Z,Not applicable,N,Non transformed data,T0110,Table 0110 - Population and employment,2014,,4770.658,,,,F,Free (free for publication),2,Two,A,Normal value,3,Thousands,_Z,Not applicable
DATAFLOW,OECD.SDD.NAD:DSD_NAMAIN10@DF_TABLE3_POP_EMPNC(2.0),"Annual population and employment, national concept",I,A,Annual,CZE,Czechia,S1,Total economy,S1,Total economy,POP,Total population,_Z,Not applicable,_Z,Not applicable,_Z,Not applicable,PS,Persons,_Z,Not applicable,N,Non transformed data,T0110,Table 0110 - Population and employment,2014,,10503.791,,,,F,Free (free for publication),2,Two,A,Normal value,3,Thousands,_Z,Not applicable
DATAFLOW,OECD.SDD.NAD:DSD_NAMAIN10@DF_TABLE3_POP_EMPNC(2.0),"Annual population and employment, national concept",I,A,Annual,DNK,Denmark,S1,Total economy,S1,Total economy,POP,Total population,_Z,Not applicable,_Z,Not applicable,_Z,Not applicable,PS,Persons,_Z,Not applicable,N,Non transformed data,T0110,Table 0110 - Population and employment,2014,,5643.346,,,,F,Free (free for publication),2,Two,A,Normal value,3,Thousands,_Z,Not applicable
DATAFLOW,OECD.SDD.NAD:DSD_NAMAIN10@DF_TABLE3_POP_EMPNC(2.0),"Annual population and employment, national concept",I,A,Annual,EST,Estonia,S1,Total economy,S1,Total economy,POP,Total population,_Z,Not applicable,_Z,Not applicable,_Z,Not applicable,PS,Persons,_Z,Not applicable,N,Non transformed data,T0110,Table 0110 - Population and employment,2014,,1315.8,,,,F,Free (free for publication),2,Two,A,Normal value,3,Thousands,_Z,Not applicable
DATAFLOW,OECD.SDD.NAD:DSD_NAMAIN10@DF_TABLE3_POP_EMPNC(2.0),"Annual population and employment, national concept",I,A,Annual,FIN,Finland,S1,Total economy,S1,Total economy,POP,Total population,_Z,Not applicable,_Z,Not applicable,_Z,Not applicable,PS,Persons,_Z,Not applicable,N,Non transformed data,T0110,Table 0110 - Population and employment,2014,,5462.5,,,,F,Free (free for publication),2,Two,A,Normal value,3,Thousands,_Z,Not applicable
DATAFLOW,OECD.SDD.NAD:DSD_NAMAIN10@DF_TABLE3_POP_EMPNC(2.0),"Annual population and employment, national concept",I,A,Annual,HUN,Hungary,S1,Total economy,S1,Total economy,POP,Total population,_Z,Not applicable,_Z,Not applicable,_Z,Not applicable,PS,Persons,_Z,Not applicable,N,Non transformed data,T0110,Table 0110 - Population and employment,2014,,9833.038,,,,F,Free (free for publication),2,Two,A,Normal value,3,Thousands,_Z,Not applicable
DATAFLOW,OECD.SDD.NAD:DSD_NAMAIN10@DF_TABLE3_POP_EMPNC(2.0),"Annual population and employment, national concept",I,A,Annual,ITA,Italy,S1,Total economy,S1,Total economy,POP,Total population,_Z,Not applicable,_Z,Not applicable,_Z,Not applicable,PS,Persons,_Z,Not applicable,N,Non transformed data,T0110,Table 0110 - Population and employment,2014,,60320.7,,,,F,Free (free for publication),2,Two,A,Normal value,3,Thousands,_Z,Not applicable
DATAFLOW,OECD.SDD.NAD:DSD_NAMAIN10@DF_TABLE3_POP_EMPNC(2.0),"Annual population and employment, national concept",I,A,Annual,KOR,Korea,S1,Total economy,S1,Total economy,POP,Total population,_Z,Not applicable,_Z,Not applicable,_Z,Not applicable,PS,Persons,_Z,Not applicable,N,Non transformed data,T0110,Table 0110 - Population and employment,2014,,50747,,,,F,Free (free for publication),2,Two,A,Normal value,3,Thousands,_Z,Not applicable
DATAFLOW,OECD.SDD.NAD:DSD_NAMAIN10@DF_TABLE3_POP_EMPNC(2.0),"Annual population and employment, national concept",I,A,Annual,LVA,Latvia,S1,Total economy,S1,Total economy,POP,Total population,_Z,Not applicable,_Z,Not applicable,_Z,Not applicable,PS,Persons,_Z,Not applicable,N,Non transformed data,T0110,Table 0110 - Population and employment,2014,,1994.25,,,,F,Free (free for publication),2,Two,A,Normal value,3,Thousands,_Z,Not applicable
DATAFLOW,OECD.SDD.NAD:DSD_NAMAIN10@DF_TABLE3_POP_EMPNC(2.0),"Annual population and employment, national concept",I,A,Annual,LTU,Lithuania,S1,Total economy,S1,Total economy,POP,Total population,_Z,Not applicable,_Z,Not applicable,_Z,Not applicable,PS,Persons,_Z,Not applicable,N,Non transformed data,T0110,Table 0110 - Population and employment,2014,,2937.253,,,,F,Free (free for publication),2,Two,A,Normal value,3,Thousands,_Z,Not applicable
DATAFLOW,OECD.SDD.NAD:DSD_NAMAIN10@DF_TABLE3_POP_EMPNC(2.0),"Annual population and employment, national concept",I,A,Annual,LUX,Luxembourg,S1,Total economy,S1,Total economy,POP,Total population,_Z,Not applicable,_Z,Not applicable,_Z,Not applicable,PS,Persons,_Z,Not applicable,N,Non transformed data,T0110,Table 0110 - Population and employment,2014,,558.325,,,,F,Free (free for publication),2,Two,A,Normal value,3,Thousands,_Z,Not applicable
DATAFLOW,OECD.SDD.NAD:DSD_NAMAIN10@DF_TABLE3_POP_EMPNC(2.0),"Annual population and employment, national concept",I,A,Annual,MEX,Mexico,S1,Total economy,S1,Total economy,POP,Total population,_Z,Not applicable,_Z,Not applicable,_Z,Not applicable,PS,Persons,_Z,Not applicable,N,Non transformed data,T0110,Table 0110 - Population and employment,2014,,117701.008,,,,F,Free (free for publication),2,Two,A,Normal value,3,Thousands,_Z,Not applicable
DATAFLOW,OECD.SDD.NAD:DSD_NAMAIN10@DF_TABLE3_POP_EMPNC(2.0),"Annual population and employment, national concept",I,A,Annual,NLD,Netherlands,S1,Total economy,S1,Total economy,POP,Total population,_Z,Not applicable,_Z,Not applicable,_Z,Not applicable,PS,Persons,_Z,Not applicable,N,Non transformed data,T0110,Table 0110 - Population and employment,2014,,16865,,,,F,Free (free for publication),2,Two,A,Normal value,3,Thousands,_Z,Not applicable
DATAFLOW,OECD.SDD.NAD:DSD_NAMAIN10@DF_TABLE3_POP_EMPNC(2.0),"Annual population and employment, national concept",I,A,Annual,POL,Poland,S1,Total economy,S1,Total economy,POP,Total population,_Z,Not applicable,_Z,Not applicable,_Z,Not applicable,PS,Persons,_Z,Not applicable,N,Non transformed data,T0110,Table 0110 - Population and employment,2014,,38006.154,,,,F,Free (free for publication),2,Two,A,Normal value,3,Thousands,_Z,Not applicable
DATAFLOW,OECD.SDD.NAD:DSD_NAMAIN10@DF_TABLE3_POP_EMPNC(2.0),"Annual population and employment, national concept",I,A,Annual,PRT,Portugal,S1,Total economy,S1,Total economy,POP,Total population,_Z,Not applicable,_Z,Not applicable,_Z,Not applicable,PS,Persons,_Z,Not applicable,N,Non transformed data,T0110,Table 0110 - Population and employment,2014,,10419.607,,,,F,Free (free for publication),2,Two,A,Normal value,3,Thousands,_Z,Not applicable
DATAFLOW,OECD.SDD.NAD:DSD_NAMAIN10@DF_TABLE3_POP_EMPNC(2.0),"Annual population and employment, national concept",I,A,Annual,SVK,Slovak Republic,S1,Total economy,S1,Total economy,POP,Total population,_Z,Not applicable,_Z,Not applicable,_Z,Not applicable,PS,Persons,_Z,Not applicable,N,Non transformed data,T0110,Table 0110 - Population and employment,2014,,5418.559,,,,F,Free (free for publication),2,Two,A,Normal value,3,Thousands,_Z,Not applicable
DATAFLOW,OECD.SDD.NAD:DSD_NAMAIN10@DF_TABLE3_POP_EMPNC(2.0),"Annual population and employment, national concept",I,A,Annual,SVN,Slovenia,S1,Total economy,S1,Total economy,POP,Total population,_Z,Not applicable,_Z,Not applicable,_Z,Not applicable,PS,Persons,_Z,Not applicable,N,Non transformed data,T0110,Table 0110 - Population and employment,2014,,2061.8,,,,F,Free (free for publication),2,Two,A,Normal value,3,Thousands,_Z,Not applicable
DATAFLOW,OECD.SDD.NAD:DSD_NAMAIN10@DF_TABLE3_POP_EMPNC(2.0),"Annual population and employment, national concept",I,A,Annual,ESP,Spain,S1,Total economy,S1,Total economy,POP,Total population,_Z,Not applicable,_Z,Not applicable,_Z,Not applicable,PS,Persons,_Z,Not applicable,N,Non transformed data,T0110,Table 0110 - Population and employment,2014,,46433.05,,,,F,Free (free for publication),2,Two,A,Normal value,3,Thousands,_Z,Not applicable
DATAFLOW,OECD.SDD.NAD:DSD_NAMAIN10@DF_TABLE3_POP_EMPNC(2.0),"Annual population and employment, national concept",I,A,Annual,SWE,Sweden,S1,Total economy,S1,Total economy,POP,Total population,_Z,Not applicable,_Z,Not applicable,_Z,Not applicable,PS,Persons,_Z,Not applicable,N,Non transformed data,T0110,Table 0110 - Population and employment,2014,,9697.025,,,,F,Free (free for publication),2,Two,A,Normal value,3,Thousands,_Z,Not applicable
DATAFLOW,OECD.SDD.NAD:DSD_NAMAIN10@DF_TABLE3_POP_EMPNC(2.0),"Annual population and employment, national concept",I,A,Annual,CAN,Canada,S1,Total economy,S1,Total economy,POP,Total population,_Z,Not applicable,_Z,Not applicable,_Z,Not applicable,PS,Persons,_Z,Not applicable,N,Non transformed data,T0110,Table 0110 - Population and employment,2015,,35704.498,,,,F,Free (free for publication),2,Two,A,Normal value,3,Thousands,_Z,Not applicable
DATAFLOW,OECD.SDD.NAD:DSD_NAMAIN10@DF_TABLE3_POP_EMPNC(2.0),"Annual population and employment, national concept",I,A,Annual,CHL,Chile,S1,Total economy,S1,Total economy,POP,Total population,_Z,Not applicable,_Z,Not applicable,_Z,Not applicable,PS,Persons,_Z,Not applicable,N,Non transformed data,T0110,Table 0110 - Population and employment,2015,,17971.423,,,,F,Free (free for publication),2,Two,A,Normal value,3,Thousands,_Z,Not applicable
DATAFLOW,OECD.SDD.NAD:DSD_NAMAIN10@DF_TABLE3_POP_EMPNC(2.0),"Annual population and employment, national concept",I,A,Annual,COL,Colombia,S1,Total economy,S1,Total economy,POP,Total population,_Z,Not applicable,_Z,Not applicable,_Z,Not applicable,PS,Persons,_Z,Not applicable,N,Non transformed data,T0110,Table 0110 - Population and employment,2015,,45348.453167,,,,F,Free (free for publication),2,Two,A,Normal value,3,Thousands,_Z,Not applicable
DATAFLOW,OECD.SDD.NAD:DSD_NAMAIN10@DF_TABLE3_POP_EMPNC(2.0),"Annual population and employment, national concept",I,A,Annual,CRI,Costa Rica,S1,Total economy,S1,Total economy,POP,Total population,_Z,Not applicable,_Z,Not applicable,_Z,Not applicable,PS,Persons,_Z,Not applicable,N,Non transformed data,T0110,Table 0110 - Population and employment,2015,,4829.654,,,,F,Free (free for publication),2,Two,A,Normal value,3,Thousands,_Z,Not applicable
DATAFLOW,OECD.SDD.NAD:DSD_NAMAIN10@DF_TABLE3_POP_EMPNC(2.0),"Annual population and employment, national concept",I,A,Annual,CZE,Czechia,S1,Total economy,S1,Total economy,POP,Total population,_Z,Not applicable,_Z,Not applicable,_Z,Not applicable,PS,Persons,_Z,Not applicable,N,Non transformed data,T0110,Table 0110 - Population and employment,2015,,10507.55,,,,F,Free (free for publication),2,Two,A,Normal value,3,Thousands,_Z,Not applicable
DATAFLOW,OECD.SDD.NAD:DSD_NAMAIN10@DF_TABLE3_POP_EMPNC(2.0),"Annual population and employment, national concept",I,A,Annual,DNK,Denmark,S1,Total economy,S1,Total economy,POP,Total population,_Z,Not applicable,_Z,Not applicable,_Z,Not applicable,PS,Persons,_Z,Not applicable,N,Non transformed data,T0110,Table 0110 - Population and employment,2015,,5682.449,,,,F,Free (free for publication),2,Two,A,Normal value,3,Thousands,_Z,Not applicable
DATAFLOW,OECD.SDD.NAD:DSD_NAMAIN10@DF_TABLE3_POP_EMPNC(2.0),"Annual population and employment, national concept",I,A,Annual,EST,Estonia,S1,Total economy,S1,Total economy,POP,Total population,_Z,Not applicable,_Z,Not applicable,_Z,Not applicable,PS,Persons,_Z,Not applicable,N,Non transformed data,T0110,Table 0110 - Population and employment,2015,,1313.3,,,,F,Free (free for publication),2,Two,A,Normal value,3,Thousands,_Z,Not applicable
DATAFLOW,OECD.SDD.NAD:DSD_NAMAIN10@DF_TABLE3_POP_EMPNC(2.0),"Annual population and employment, national concept",I,A,Annual,FIN,Finland,S1,Total economy,S1,Total economy,POP,Total population,_Z,Not applicable,_Z,Not applicable,_Z,Not applicable,PS,Persons,_Z,Not applicable,N,Non transformed data,T0110,Table 0110 - Population and employment,2015,,5480.5,,,,F,Free (free for publication),2,Two,A,Normal value,3,Thousands,_Z,Not applicable
DATAFLOW,OECD.SDD.NAD:DSD_NAMAIN10@DF_TABLE3_POP_EMPNC(2.0),"Annual population and employment, national concept",I,A,Annual,HUN,Hungary,S1,Total economy,S1,Total economy,POP,Total population,_Z,Not applicable,_Z,Not applicable,_Z,Not applicable,PS,Persons,_Z,Not applicable,N,Non transformed data,T0110,Table 0110 - Population and employment,2015,,9797.755,,,,F,Free (free for publication),2,Two,A,Normal value,3,Thousands,_Z,Not applicable
DATAFLOW,OECD.SDD.NAD:DSD_NAMAIN10@DF_TABLE3_POP_EMPNC(2.0),"Annual population and employment, national concept",I,A,Annual,IRL,Ireland,S1,Total economy,S1,Total economy,POP,Total population,_Z,Not applicable,_Z,Not applicable,_Z,Not applicable,PS,Persons,_Z,Not applicable,N,Non transformed data,T0110,Table 0110 - Population and employment,2015,,4695.773,,,,F,Free (free for publication),2,Two,A,Normal value,3,Thousands,_Z,Not applicable
DATAFLOW,OECD.SDD.NAD:DSD_NAMAIN10@DF_TABLE3_POP_EMPNC(2.0),"Annual population and employment, national concept",I,A,Annual,ITA,Italy,S1,Total economy,S1,Total economy,POP,Total population,_Z,Not applicable,_Z,Not applicable,_Z,Not applicable,PS,Persons,_Z,Not applicable,N,Non transformed data,T0110,Table 0110 - Population and employment,2015,,60229.6,,,,F,Free (free for publication),2,Two,A,Normal value,3,Thousands,_Z,Not applicable
DATAFLOW,OECD.SDD.NAD:DSD_NAMAIN10@DF_TABLE3_POP_EMPNC(2.0),"Annual population and employment, national concept",I,A,Annual,KOR,Korea,S1,Total economy,S1,Total economy,POP,Total population,_Z,Not applicable,_Z,Not applicable,_Z,Not applicable,PS,Persons,_Z,Not applicable,N,Non transformed data,T0110,Table 0110 - Population and employment,2015,,51015,,,,F,Free (free for publication),2,Two,A,Normal value,3,Thousands,_Z,Not applicable
DATAFLOW,OECD.SDD.NAD:DSD_NAMAIN10@DF_TABLE3_POP_EMPNC(2.0),"Annual population and employment, national concept",I,A,Annual,LVA,Latvia,S1,Total economy,S1,Total economy,POP,Total population,_Z,Not applicable,_Z,Not applicable,_Z,Not applicable,PS,Persons,_Z,Not applicable,N,Non transformed data,T0110,Table 0110 - Population and employment,2015,,1977.312,,,,F,Free (free for publication),2,Two,A,Normal value,3,Thousands,_Z,Not applicable
DATAFLOW,OECD.SDD.NAD:DSD_NAMAIN10@DF_TABLE3_POP_EMPNC(2.0),"Annual population and employment, national concept",I,A,Annual,LTU,Lithuania,S1,Total economy,S1,Total economy,POP,Total population,_Z,Not applicable,_Z,Not applicable,_Z,Not applicable,PS,Persons,_Z,Not applicable,N,Non transformed data,T0110,Table 0110 - Population and employment,2015,,2911.109,,,,F,Free (free for publication),2,Two,A,Normal value,3,Thousands,_Z,Not applicable
DATAFLOW,OECD.SDD.NAD:DSD_NAMAIN10@DF_TABLE3_POP_EMPNC(2.0),"Annual population and employment, national concept",I,A,Annual,LUX,Luxembourg,S1,Total economy,S1,Total economy,POP,Total population,_Z,Not applicable,_Z,Not applicable,_Z,Not applicable,PS,Persons,_Z,Not applicable,N,Non transformed data,T0110,Table 0110 - Population and employment,2015,,569.4,,,,F,Free (free for publication),2,Two,A,Normal value,3,Thousands,_Z,Not applicable
DATAFLOW,OECD.SDD.NAD:DSD_NAMAIN10@DF_TABLE3_POP_EMPNC(2.0),"Annual population and employment, national concept",I,A,Annual,NLD,Netherlands,S1,Total economy,S1,Total economy,POP,Total population,_Z,Not applicable,_Z,Not applicable,_Z,Not applicable,PS,Persons,_Z,Not applicable,N,Non transformed data,T0110,Table 0110 - Population and employment,2015,,16940,,,,F,Free (free for publication),2,Two,A,Normal value,3,Thousands,_Z,Not applicable
DATAFLOW,OECD.SDD.NAD:DSD_NAMAIN10@DF_TABLE3_POP_EMPNC(2.0),"Annual population and employment, national concept",I,A,Annual,POL,Poland,S1,Total economy,S1,Total economy,POP,Total population,_Z,Not applicable,_Z,Not applicable,_Z,Not applicable,PS,Persons,_Z,Not applicable,N,Non transformed data,T0110,Table 0110 - Population and employment,2015,,37981.588,,,,F,Free (free for publication),2,Two,A,Normal value,3,Thousands,_Z,Not applicable
DATAFLOW,OECD.SDD.NAD:DSD_NAMAIN10@DF_TABLE3_POP_EMPNC(2.0),"Annual population and employment, national concept",I,A,Annual,PRT,Portugal,S1,Total economy,S1,Total economy,POP,Total population,_Z,Not applicable,_Z,Not applicable,_Z,Not applicable,PS,Persons,_Z,Not applicable,N,Non transformed data,T0110,Table 0110 - Population and employment,2015,,10381.838,,,,F,Free (free for publication),2,Two,A,Normal value,3,Thousands,_Z,Not applicable
DATAFLOW,OECD.SDD.NAD:DSD_NAMAIN10@DF_TABLE3_POP_EMPNC(2.0),"Annual population and employment, national concept",I,A,Annual,SVK,Slovak Republic,S1,Total economy,S1,Total economy,POP,Total population,_Z,Not applicable,_Z,Not applicable,_Z,Not applicable,PS,Persons,_Z,Not applicable,N,Non transformed data,T0110,Table 0110 - Population and employment,2015,,5422.343,,,,F,Free (free for publication),2,Two,A,Normal value,3,Thousands,_Z,Not applicable
DATAFLOW,OECD.SDD.NAD:DSD_NAMAIN10@DF_TABLE3_POP_EMPNC(2.0),"Annual population and employment, national concept",I,A,Annual,SVN,Slovenia,S1,Total economy,S1,Total economy,POP,Total population,_Z,Not applicable,_Z,Not applicable,_Z,Not applicable,PS,Persons,_Z,Not applicable,N,Non transformed data,T0110,Table 0110 - Population and employment,2015,,2063.298,,,,F,Free (free for publication),2,Two,A,Normal value,3,Thousands,_Z,Not applicable
DATAFLOW,OECD.SDD.NAD:DSD_NAMAIN10@DF_TABLE3_POP_EMPNC(2.0),"Annual population and employment, national concept",I,A,Annual,ESP,Spain,S1,Total economy,S1,Total economy,POP,Total population,_Z,Not applicable,_Z,Not applicable,_Z,Not applicable,PS,Persons,_Z,Not applicable,N,Non transformed data,T0110,Table 0110 - Population and employment,2015,,46384.379,,,,F,Free (free for publication),2,Two,A,Normal value,3,Thousands,_Z,Not applicable
DATAFLOW,OECD.SDD.NAD:DSD_NAMAIN10@DF_TABLE3_POP_EMPNC(2.0),"Annual population and employment, national concept",I,A,Annual,SWE,Sweden,S1,Total economy,S1,Total economy,POP,Total population,_Z,Not applicable,_Z,Not applicable,_Z,Not applicable,PS,Persons,_Z,Not applicable,N,Non transformed data,T0110,Table 0110 - Population and employment,2015,,9799.186,,,,F,Free (free for publication),2,Two,A,Normal value,3,Thousands,_Z,Not applicable
DATAFLOW,OECD.SDD.NAD:DSD_NAMAIN10@DF_TABLE3_POP_EMPNC(2.0),"Annual population and employment, national concept",I,A,Annual,CAN,Canada,S1,Total economy,S1,Total economy,POP,Total population,_Z,Not applicable,_Z,Not applicable,_Z,Not applicable,PS,Persons,_Z,Not applicable,N,Non transformed data,T0110,Table 0110 - Population and employment,2016,,36110.803,,,,F,Free (free for publication),2,Two,A,Normal value,3,Thousands,_Z,Not applicable
DATAFLOW,OECD.SDD.NAD:DSD_NAMAIN10@DF_TABLE3_POP_EMPNC(2.0),"Annual population and employment, national concept",I,A,Annual,CHL,Chile,S1,Total economy,S1,Total economy,POP,Total population,_Z,Not applicable,_Z,Not applicable,_Z,Not applicable,PS,Persons,_Z,Not applicable,N,Non transformed data,T0110,Table 0110 - Population and employment,2016,,18167.147,,,,F,Free (free for publication),2,Two,A,Normal value,3,Thousands,_Z,Not applicable
DATAFLOW,OECD.SDD.NAD:DSD_NAMAIN10@DF_TABLE3_POP_EMPNC(2.0),"Annual population and employment, national concept",I,A,Annual,COL,Colombia,S1,Total economy,S1,Total economy,POP,Total population,_Z,Not applicable,_Z,Not applicable,_Z,Not applicable,PS,Persons,_Z,Not applicable,N,Non transformed data,T0110,Table 0110 - Population and employment,2016,,45844.571,,,,F,Free (free for publication),2,Two,A,Normal value,3,Thousands,_Z,Not applicable
DATAFLOW,OECD.SDD.NAD:DSD_NAMAIN10@DF_TABLE3_POP_EMPNC(2.0),"Annual population and employment, national concept",I,A,Annual,CRI,Costa Rica,S1,Total economy,S1,Total economy,POP,Total population,_Z,Not applicable,_Z,Not applicable,_Z,Not applicable,PS,Persons,_Z,Not applicable,N,Non transformed data,T0110,Table 0110 - Population and employment,2016,,4887.976,,,,F,Free (free for publication),2,Two,A,Normal value,3,Thousands,_Z,Not applicable
DATAFLOW,OECD.SDD.NAD:DSD_NAMAIN10@DF_TABLE3_POP_EMPNC(2.0),"Annual population and employment, national concept",I,A,Annual,CZE,Czechia,S1,Total economy,S1,Total economy,POP,Total population,_Z,Not applicable,_Z,Not applicable,_Z,Not applicable,PS,Persons,_Z,Not applicable,N,Non transformed data,T0110,Table 0110 - Population and employment,2016,,10513.668,,,,F,Free (free for publication),2,Two,A,Normal value,3,Thousands,_Z,Not applicable
DATAFLOW,OECD.SDD.NAD:DSD_NAMAIN10@DF_TABLE3_POP_EMPNC(2.0),"Annual population and employment, national concept",I,A,Annual,DNK,Denmark,S1,Total economy,S1,Total economy,POP,Total population,_Z,Not applicable,_Z,Not applicable,_Z,Not applicable,PS,Persons,_Z,Not applicable,N,Non transformed data,T0110,Table 0110 - Population and employment,2016,,5728.752,,,,F,Free (free for publication),2,Two,A,Normal value,3,Thousands,_Z,Not applicable
DATAFLOW,OECD.SDD.NAD:DSD_NAMAIN10@DF_TABLE3_POP_EMPNC(2.0),"Annual population and employment, national concept",I,A,Annual,EST,Estonia,S1,Total economy,S1,Total economy,POP,Total population,_Z,Not applicable,_Z,Not applicable,_Z,Not applicable,PS,Persons,_Z,Not applicable,N,Non transformed data,T0110,Table 0110 - Population and employment,2016,,1315.9,,,,F,Free (free for publication),2,Two,A,Normal value,3,Thousands,_Z,Not applicable
DATAFLOW,OECD.SDD.NAD:DSD_NAMAIN10@DF_TABLE3_POP_EMPNC(2.0),"Annual population and employment, national concept",I,A,Annual,FIN,Finland,S1,Total economy,S1,Total economy,POP,Total population,_Z,Not applicable,_Z,Not applicable,_Z,Not applicable,PS,Persons,_Z,Not applicable,N,Non transformed data,T0110,Table 0110 - Population and employment,2016,,5495.3,,,,F,Free (free for publication),2,Two,A,Normal value,3,Thousands,_Z,Not applicable
DATAFLOW,OECD.SDD.NAD:DSD_NAMAIN10@DF_TABLE3_POP_EMPNC(2.0),"Annual population and employment, national concept",I,A,Annual,HUN,Hungary,S1,Total economy,S1,Total economy,POP,Total population,_Z,Not applicable,_Z,Not applicable,_Z,Not applicable,PS,Persons,_Z,Not applicable,N,Non transformed data,T0110,Table 0110 - Population and employment,2016,,9759.755,,,,F,Free (free for publication),2,Two,A,Normal value,3,Thousands,_Z,Not applicable
DATAFLOW,OECD.SDD.NAD:DSD_NAMAIN10@DF_TABLE3_POP_EMPNC(2.0),"Annual population and employment, national concept",I,A,Annual,IRL,Ireland,S1,Total economy,S1,Total economy,POP,Total population,_Z,Not applicable,_Z,Not applicable,_Z,Not applicable,PS,Persons,_Z,Not applicable,N,Non transformed data,T0110,Table 0110 - Population and employment,2016,,4752.464,,,,F,Free (free for publication),2,Two,A,Normal value,3,Thousands,_Z,Not applicable
DATAFLOW,OECD.SDD.NAD:DSD_NAMAIN10@DF_TABLE3_POP_EMPNC(2.0),"Annual population and employment, national concept",I,A,Annual,ITA,Italy,S1,Total economy,S1,Total economy,POP,Total population,_Z,Not applicable,_Z,Not applicable,_Z,Not applicable,PS,Persons,_Z,Not applicable,N,Non transformed data,T0110,Table 0110 - Population and employment,2016,,60115.2,,,,F,Free (free for publication),2,Two,A,Normal value,3,Thousands,_Z,Not applicable
DATAFLOW,OECD.SDD.NAD:DSD_NAMAIN10@DF_TABLE3_POP_EMPNC(2.0),"Annual population and employment, national concept",I,A,Annual,KOR,Korea,S1,Total economy,S1,Total economy,POP,Total population,_Z,Not applicable,_Z,Not applicable,_Z,Not applicable,PS,Persons,_Z,Not applicable,N,Non transformed data,T0110,Table 0110 - Population and employment,2016,,51218,,,,F,Free (free for publication),2,Two,A,Normal value,3,Thousands,_Z,Not applicable
DATAFLOW,OECD.SDD.NAD:DSD_NAMAIN10@DF_TABLE3_POP_EMPNC(2.0),"Annual population and employment, national concept",I,A,Annual,LVA,Latvia,S1,Total economy,S1,Total economy,POP,Total population,_Z,Not applicable,_Z,Not applicable,_Z,Not applicable,PS,Persons,_Z,Not applicable,N,Non transformed data,T0110,Table 0110 - Population and employment,2016,,1959.338,,,,F,Free (free for publication),2,Two,A,Normal value,3,Thousands,_Z,Not applicable
DATAFLOW,OECD.SDD.NAD:DSD_NAMAIN10@DF_TABLE3_POP_EMPNC(2.0),"Annual population and employment, national concept",I,A,Annual,LTU,Lithuania,S1,Total economy,S1,Total economy,POP,Total population,_Z,Not applicable,_Z,Not applicable,_Z,Not applicable,PS,Persons,_Z,Not applicable,N,Non transformed data,T0110,Table 0110 - Population and employment,2016,,2877.325,,,,F,Free (free for publication),2,Two,A,Normal value,3,Thousands,_Z,Not applicable
DATAFLOW,OECD.SDD.NAD:DSD_NAMAIN10@DF_TABLE3_POP_EMPNC(2.0),"Annual population and employment, national concept",I,A,Annual,LUX,Luxembourg,S1,Total economy,S1,Total economy,POP,Total population,_Z,Not applicable,_Z,Not applicable,_Z,Not applicable,PS,Persons,_Z,Not applicable,N,Non transformed data,T0110,Table 0110 - Population and employment,2016,,584.125,,,,F,Free (free for publication),2,Two,A,Normal value,3,Thousands,_Z,Not applicable
DATAFLOW,OECD.SDD.NAD:DSD_NAMAIN10@DF_TABLE3_POP_EMPNC(2.0),"Annual population and employment, national concept",I,A,Annual,NLD,Netherlands,S1,Total economy,S1,Total economy,POP,Total population,_Z,Not applicable,_Z,Not applicable,_Z,Not applicable,PS,Persons,_Z,Not applicable,N,Non transformed data,T0110,Table 0110 - Population and employment,2016,,17030,,,,F,Free (free for publication),2,Two,A,Normal value,3,Thousands,_Z,Not applicable
DATAFLOW,OECD.SDD.NAD:DSD_NAMAIN10@DF_TABLE3_POP_EMPNC(2.0),"Annual population and employment, national concept",I,A,Annual,POL,Poland,S1,Total economy,S1,Total economy,POP,Total population,_Z,Not applicable,_Z,Not applicable,_Z,Not applicable,PS,Persons,_Z,Not applicable,N,Non transformed data,T0110,Table 0110 - Population and employment,2016,,37956.779,,,,F,Free (free for publication),2,Two,A,Normal value,3,Thousands,_Z,Not applicable
DATAFLOW,OECD.SDD.NAD:DSD_NAMAIN10@DF_TABLE3_POP_EMPNC(2.0),"Annual population and employment, national concept",I,A,Annual,PRT,Portugal,S1,Total economy,S1,Total economy,POP,Total population,_Z,Not applicable,_Z,Not applicable,_Z,Not applicable,PS,Persons,_Z,Not applicable,N,Non transformed data,T0110,Table 0110 - Population and employment,2016,,10356.516,,,,F,Free (free for publication),2,Two,A,Normal value,3,Thousands,_Z,Not applicable
DATAFLOW,OECD.SDD.NAD:DSD_NAMAIN10@DF_TABLE3_POP_EMPNC(2.0),"Annual population and employment, national concept",I,A,Annual,SVK,Slovak Republic,S1,Total economy,S1,Total economy,POP,Total population,_Z,Not applicable,_Z,Not applicable,_Z,Not applicable,PS,Persons,_Z,Not applicable,N,Non transformed data,T0110,Table 0110 - Population and employment,2016,,5430.804,,,,F,Free (free for publication),2,Two,A,Normal value,3,Thousands,_Z,Not applicable
DATAFLOW,OECD.SDD.NAD:DSD_NAMAIN10@DF_TABLE3_POP_EMPNC(2.0),"Annual population and employment, national concept",I,A,Annual,SVN,Slovenia,S1,Total economy,S1,Total economy,POP,Total population,_Z,Not applicable,_Z,Not applicable,_Z,Not applicable,PS,Persons,_Z,Not applicable,N,Non transformed data,T0110,Table 0110 - Population and employment,2016,,2064.633,,,,F,Free (free for publication),2,Two,A,Normal value,3,Thousands,_Z,Not applicable
DATAFLOW,OECD.SDD.NAD:DSD_NAMAIN10@DF_TABLE3_POP_EMPNC(2.0),"Annual population and employment, national concept",I,A,Annual,ESP,Spain,S1,Total economy,S1,Total economy,POP,Total population,_Z,Not applicable,_Z,Not applicable,_Z,Not applicable,PS,Persons,_Z,Not applicable,N,Non transformed data,T0110,Table 0110 - Population and employment,2016,,46427.1,,,,F,Free (free for publication),2,Two,A,Normal value,3,Thousands,_Z,Not applicable
DATAFLOW,OECD.SDD.NAD:DSD_NAMAIN10@DF_TABLE3_POP_EMPNC(2.0),"Annual population and employment, national concept",I,A,Annual,SWE,Sweden,S1,Total economy,S1,Total economy,POP,Total population,_Z,Not applicable,_Z,Not applicable,_Z,Not applicable,PS,Persons,_Z,Not applicable,N,Non transformed data,T0110,Table 0110 - Population and employment,2016,,9915.43725,,,,F,Free (free for publication),2,Two,A,Normal value,3,Thousands,_Z,Not applicable
DATAFLOW,OECD.SDD.NAD:DSD_NAMAIN10@DF_TABLE3_POP_EMPNC(2.0),"Annual population and employment, national concept",I,A,Annual,AUS,Australia,S1,Total economy,S1,Total economy,POP,Total population,_Z,Not applicable,_Z,Not applicable,_Z,Not applicable,PS,Persons,_Z,Not applicable,N,Non transformed data,T0110,Table 0110 - Population and employment,2017,,24592.588,,,,F,Free (free for publication),2,Two,A,Normal value,3,Thousands,_Z,Not applicable
DATAFLOW,OECD.SDD.NAD:DSD_NAMAIN10@DF_TABLE3_POP_EMPNC(2.0),"Annual population and employment, national concept",I,A,Annual,CAN,Canada,S1,Total economy,S1,Total economy,POP,Total population,_Z,Not applicable,_Z,Not applicable,_Z,Not applicable,PS,Persons,_Z,Not applicable,N,Non transformed data,T0110,Table 0110 - Population and employment,2017,,36545.075,,,,F,Free (free for publication),2,Two,A,Normal value,3,Thousands,_Z,Not applicable
DATAFLOW,OECD.SDD.NAD:DSD_NAMAIN10@DF_TABLE3_POP_EMPNC(2.0),"Annual population and employment, national concept",I,A,Annual,COL,Colombia,S1,Total economy,S1,Total economy,POP,Total population,_Z,Not applicable,_Z,Not applicable,_Z,Not applicable,PS,Persons,_Z,Not applicable,N,Non transformed data,T0110,Table 0110 - Population and employment,2017,,46421.760667,,,,F,Free (free for publication),2,Two,A,Normal value,3,Thousands,_Z,Not applicable
DATAFLOW,OECD.SDD.NAD:DSD_NAMAIN10@DF_TABLE3_POP_EMPNC(2.0),"Annual population and employment, national concept",I,A,Annual,CRI,Costa Rica,S1,Total economy,S1,Total economy,POP,Total population,_Z,Not applicable,_Z,Not applicable,_Z,Not applicable,PS,Persons,_Z,Not applicable,N,Non transformed data,T0110,Table 0110 - Population and employment,2017,,4944.804,,,,F,Free (free for publication),2,Two,A,Normal value,3,Thousands,_Z,Not applicable
DATAFLOW,OECD.SDD.NAD:DSD_NAMAIN10@DF_TABLE3_POP_EMPNC(2.0),"Annual population and employment, national concept",I,A,Annual,CZE,Czechia,S1,Total economy,S1,Total economy,POP,Total population,_Z,Not applicable,_Z,Not applicable,_Z,Not applicable,PS,Persons,_Z,Not applicable,N,Non transformed data,T0110,Table 0110 - Population and employment,2017,,10520.948,,,,F,Free (free for publication),2,Two,A,Normal value,3,Thousands,_Z,Not applicable
DATAFLOW,OECD.SDD.NAD:DSD_NAMAIN10@DF_TABLE3_POP_EMPNC(2.0),"Annual population and employment, national concept",I,A,Annual,DNK,Denmark,S1,Total economy,S1,Total economy,POP,Total population,_Z,Not applicable,_Z,Not applicable,_Z,Not applicable,PS,Persons,_Z,Not applicable,N,Non transformed data,T0110,Table 0110 - Population and employment,2017,,5765.103,,,,F,Free (free for publication),2,Two,A,Normal value,3,Thousands,_Z,Not applicable
DATAFLOW,OECD.SDD.NAD:DSD_NAMAIN10@DF_TABLE3_POP_EMPNC(2.0),"Annual population and employment, national concept",I,A,Annual,EST,Estonia,S1,Total economy,S1,Total economy,POP,Total population,_Z,Not applicable,_Z,Not applicable,_Z,Not applicable,PS,Persons,_Z,Not applicable,N,Non transformed data,T0110,Table 0110 - Population and employment,2017,,1315.6,,,,F,Free (free for publication),2,Two,A,Normal value,3,Thousands,_Z,Not applicable
DATAFLOW,OECD.SDD.NAD:DSD_NAMAIN10@DF_TABLE3_POP_EMPNC(2.0),"Annual population and employment, national concept",I,A,Annual,FIN,Finland,S1,Total economy,S1,Total economy,POP,Total population,_Z,Not applicable,_Z,Not applicable,_Z,Not applicable,PS,Persons,_Z,Not applicable,N,Non transformed data,T0110,Table 0110 - Population and employment,2017,,5508.2,,,,F,Free (free for publication),2,Two,A,Normal value,3,Thousands,_Z,Not applicable
DATAFLOW,OECD.SDD.NAD:DSD_NAMAIN10@DF_TABLE3_POP_EMPNC(2.0),"Annual population and employment, national concept",I,A,Annual,HUN,Hungary,S1,Total economy,S1,Total economy,POP,Total population,_Z,Not applicable,_Z,Not applicable,_Z,Not applicable,PS,Persons,_Z,Not applicable,N,Non transformed data,T0110,Table 0110 - Population and employment,2017,,9726.756,,,,F,Free (free for publication),2,Two,A,Normal value,3,Thousands,_Z,Not applicable
DATAFLOW,OECD.SDD.NAD:DSD_NAMAIN10@DF_TABLE3_POP_EMPNC(2.0),"Annual population and employment, national concept",I,A,Annual,IRL,Ireland,S1,Total economy,S1,Total economy,POP,Total population,_Z,Not applicable,_Z,Not applicable,_Z,Not applicable,PS,Persons,_Z,Not applicable,N,Non transformed data,T0110,Table 0110 - Population and employment,2017,,4821.083,,,,F,Free (free for publication),2,Two,A,Normal value,3,Thousands,_Z,Not applicable
DATAFLOW,OECD.SDD.NAD:DSD_NAMAIN10@DF_TABLE3_POP_EMPNC(2.0),"Annual population and employment, national concept",I,A,Annual,ITA,Italy,S1,Total economy,S1,Total economy,POP,Total population,_Z,Not applicable,_Z,Not applicable,_Z,Not applicable,PS,Persons,_Z,Not applicable,N,Non transformed data,T0110,Table 0110 - Population and employment,2017,,60002.3,,,,F,Free (free for publication),2,Two,A,Normal value,3,Thousands,_Z,Not applicable
DATAFLOW,OECD.SDD.NAD:DSD_NAMAIN10@DF_TABLE3_POP_EMPNC(2.0),"Annual population and employment, national concept",I,A,Annual,KOR,Korea,S1,Total economy,S1,Total economy,POP,Total population,_Z,Not applicable,_Z,Not applicable,_Z,Not applicable,PS,Persons,_Z,Not applicable,N,Non transformed data,T0110,Table 0110 - Population and employment,2017,,51362,,,,F,Free (free for publication),2,Two,A,Normal value,3,Thousands,_Z,Not applicable
DATAFLOW,OECD.SDD.NAD:DSD_NAMAIN10@DF_TABLE3_POP_EMPNC(2.0),"Annual population and employment, national concept",I,A,Annual,LVA,Latvia,S1,Total economy,S1,Total economy,POP,Total population,_Z,Not applicable,_Z,Not applicable,_Z,Not applicable,PS,Persons,_Z,Not applicable,N,Non transformed data,T0110,Table 0110 - Population and employment,2017,,1941.162,,,,F,Free (free for publication),2,Two,A,Normal value,3,Thousands,_Z,Not applicable
DATAFLOW,OECD.SDD.NAD:DSD_NAMAIN10@DF_TABLE3_POP_EMPNC(2.0),"Annual population and employment, national concept",I,A,Annual,LTU,Lithuania,S1,Total economy,S1,Total economy,POP,Total population,_Z,Not applicable,_Z,Not applicable,_Z,Not applicable,PS,Persons,_Z,Not applicable,N,Non transformed data,T0110,Table 0110 - Population and employment,2017,,2842.639,,,,F,Free (free for publication),2,Two,A,Normal value,3,Thousands,_Z,Not applicable
DATAFLOW,OECD.SDD.NAD:DSD_NAMAIN10@DF_TABLE3_POP_EMPNC(2.0),"Annual population and employment, national concept",I,A,Annual,LUX,Luxembourg,S1,Total economy,S1,Total economy,POP,Total population,_Z,Not applicable,_Z,Not applicable,_Z,Not applicable,PS,Persons,_Z,Not applicable,N,Non transformed data,T0110,Table 0110 - Population and employment,2017,,596.976,,,,F,Free (free for publication),2,Two,A,Normal value,3,Thousands,_Z,Not applicable
DATAFLOW,OECD.SDD.NAD:DSD_NAMAIN10@DF_TABLE3_POP_EMPNC(2.0),"Annual population and employment, national concept",I,A,Annual,NLD,Netherlands,S1,Total economy,S1,Total economy,POP,Total population,_Z,Not applicable,_Z,Not applicable,_Z,Not applicable,PS,Persons,_Z,Not applicable,N,Non transformed data,T0110,Table 0110 - Population and employment,2017,,17131,,,,F,Free (free for publication),2,Two,A,Normal value,3,Thousands,_Z,Not applicable
DATAFLOW,OECD.SDD.NAD:DSD_NAMAIN10@DF_TABLE3_POP_EMPNC(2.0),"Annual population and employment, national concept",I,A,Annual,POL,Poland,S1,Total economy,S1,Total economy,POP,Total population,_Z,Not applicable,_Z,Not applicable,_Z,Not applicable,PS,Persons,_Z,Not applicable,N,Non transformed data,T0110,Table 0110 - Population and employment,2017,,37962.318,,,,F,Free (free for publication),2,Two,A,Normal value,3,Thousands,_Z,Not applicable
DATAFLOW,OECD.SDD.NAD:DSD_NAMAIN10@DF_TABLE3_POP_EMPNC(2.0),"Annual population and employment, national concept",I,A,Annual,PRT,Portugal,S1,Total economy,S1,Total economy,POP,Total population,_Z,Not applicable,_Z,Not applicable,_Z,Not applicable,PS,Persons,_Z,Not applicable,N,Non transformed data,T0110,Table 0110 - Population and employment,2017,,10340.124,,,,F,Free (free for publication),2,Two,A,Normal value,3,Thousands,_Z,Not applicable
DATAFLOW,OECD.SDD.NAD:DSD_NAMAIN10@DF_TABLE3_POP_EMPNC(2.0),"Annual population and employment, national concept",I,A,Annual,SVK,Slovak Republic,S1,Total economy,S1,Total economy,POP,Total population,_Z,Not applicable,_Z,Not applicable,_Z,Not applicable,PS,Persons,_Z,Not applicable,N,Non transformed data,T0110,Table 0110 - Population and employment,2017,,5438.389,,,,F,Free (free for publication),2,Two,A,Normal value,3,Thousands,_Z,Not applicable
DATAFLOW,OECD.SDD.NAD:DSD_NAMAIN10@DF_TABLE3_POP_EMPNC(2.0),"Annual population and employment, national concept",I,A,Annual,SVN,Slovenia,S1,Total economy,S1,Total economy,POP,Total population,_Z,Not applicable,_Z,Not applicable,_Z,Not applicable,PS,Persons,_Z,Not applicable,N,Non transformed data,T0110,Table 0110 - Population and employment,2017,,2065.819,,,,F,Free (free for publication),2,Two,A,Normal value,3,Thousands,_Z,Not applicable
DATAFLOW,OECD.SDD.NAD:DSD_NAMAIN10@DF_TABLE3_POP_EMPNC(2.0),"Annual population and employment, national concept",I,A,Annual,ESP,Spain,S1,Total economy,S1,Total economy,POP,Total population,_Z,Not applicable,_Z,Not applicable,_Z,Not applicable,PS,Persons,_Z,Not applicable,N,Non transformed data,T0110,Table 0110 - Population and employment,2017,,46510.461,,,,F,Free (free for publication),2,Two,A,Normal value,3,Thousands,_Z,Not applicable
DATAFLOW,OECD.SDD.NAD:DSD_NAMAIN10@DF_TABLE3_POP_EMPNC(2.0),"Annual population and employment, national concept",I,A,Annual,SWE,Sweden,S1,Total economy,S1,Total economy,POP,Total population,_Z,Not applicable,_Z,Not applicable,_Z,Not applicable,PS,Persons,_Z,Not applicable,N,Non transformed data,T0110,Table 0110 - Population and employment,2017,,10057.6975,,,,F,Free (free for publication),2,Two,A,Normal value,3,Thousands,_Z,Not applicable
DATAFLOW,OECD.SDD.NAD:DSD_NAMAIN10@DF_TABLE3_POP_EMPNC(2.0),"Annual population and employment, national concept",I,A,Annual,AUS,Australia,S1,Total economy,S1,Total economy,POP,Total population,_Z,Not applicable,_Z,Not applicable,_Z,Not applicable,PS,Persons,_Z,Not applicable,N,Non transformed data,T0110,Table 0110 - Population and employment,2018,,24963.258,,,,F,Free (free for publication),2,Two,A,Normal value,3,Thousands,_Z,Not applicable
DATAFLOW,OECD.SDD.NAD:DSD_NAMAIN10@DF_TABLE3_POP_EMPNC(2.0),"Annual population and employment, national concept",I,A,Annual,CAN,Canada,S1,Total economy,S1,Total economy,POP,Total population,_Z,Not applicable,_Z,Not applicable,_Z,Not applicable,PS,Persons,_Z,Not applicable,N,Non transformed data,T0110,Table 0110 - Population and employment,2018,,37072.62,,,,F,Free (free for publication),2,Two,A,Normal value,3,Thousands,_Z,Not applicable
DATAFLOW,OECD.SDD.NAD:DSD_NAMAIN10@DF_TABLE3_POP_EMPNC(2.0),"Annual population and employment, national concept",I,A,Annual,COL,Colombia,S1,Total economy,S1,Total economy,POP,Total population,_Z,Not applicable,_Z,Not applicable,_Z,Not applicable,PS,Persons,_Z,Not applicable,N,Non transformed data,T0110,Table 0110 - Population and employment,2018,,47241.101333,,,,F,Free (free for publication),2,Two,A,Normal value,3,Thousands,_Z,Not applicable
DATAFLOW,OECD.SDD.NAD:DSD_NAMAIN10@DF_TABLE3_POP_EMPNC(2.0),"Annual population and employment, national concept",I,A,Annual,CRI,Costa Rica,S1,Total economy,S1,Total economy,POP,Total population,_Z,Not applicable,_Z,Not applicable,_Z,Not applicable,PS,Persons,_Z,Not applicable,N,Non transformed data,T0110,Table 0110 - Population and employment,2018,,5000.928,,,,F,Free (free for publication),2,Two,A,Normal value,3,Thousands,_Z,Not applicable
DATAFLOW,OECD.SDD.NAD:DSD_NAMAIN10@DF_TABLE3_POP_EMPNC(2.0),"Annual population and employment, national concept",I,A,Annual,CZE,Czechia,S1,Total economy,S1,Total economy,POP,Total population,_Z,Not applicable,_Z,Not applicable,_Z,Not applicable,PS,Persons,_Z,Not applicable,N,Non transformed data,T0110,Table 0110 - Population and employment,2018,,10534.226,,,,F,Free (free for publication),2,Two,A,Normal value,3,Thousands,_Z,Not applicable
DATAFLOW,OECD.SDD.NAD:DSD_NAMAIN10@DF_TABLE3_POP_EMPNC(2.0),"Annual population and employment, national concept",I,A,Annual,DNK,Denmark,S1,Total economy,S1,Total economy,POP,Total population,_Z,Not applicable,_Z,Not applicable,_Z,Not applicable,PS,Persons,_Z,Not applicable,N,Non transformed data,T0110,Table 0110 - Population and employment,2018,,5793.868,,,,F,Free (free for publication),2,Two,A,Normal value,3,Thousands,_Z,Not applicable
DATAFLOW,OECD.SDD.NAD:DSD_NAMAIN10@DF_TABLE3_POP_EMPNC(2.0),"Annual population and employment, national concept",I,A,Annual,EST,Estonia,S1,Total economy,S1,Total economy,POP,Total population,_Z,Not applicable,_Z,Not applicable,_Z,Not applicable,PS,Persons,_Z,Not applicable,N,Non transformed data,T0110,Table 0110 - Population and employment,2018,,1319.133,,,,F,Free (free for publication),2,Two,A,Normal value,3,Thousands,_Z,Not applicable
DATAFLOW,OECD.SDD.NAD:DSD_NAMAIN10@DF_TABLE3_POP_EMPNC(2.0),"Annual population and employment, national concept",I,A,Annual,FIN,Finland,S1,Total economy,S1,Total economy,POP,Total population,_Z,Not applicable,_Z,Not applicable,_Z,Not applicable,PS,Persons,_Z,Not applicable,N,Non transformed data,T0110,Table 0110 - Population and employment,2018,,5516.2,,,,F,Free (free for publication),2,Two,A,Normal value,3,Thousands,_Z,Not applicable
DATAFLOW,OECD.SDD.NAD:DSD_NAMAIN10@DF_TABLE3_POP_EMPNC(2.0),"Annual population and employment, national concept",I,A,Annual,HUN,Hungary,S1,Total economy,S1,Total economy,POP,Total population,_Z,Not applicable,_Z,Not applicable,_Z,Not applicable,PS,Persons,_Z,Not applicable,N,Non transformed data,T0110,Table 0110 - Population and employment,2018,,9706.964,,,,F,Free (free for publication),2,Two,A,Normal value,3,Thousands,_Z,Not applicable
DATAFLOW,OECD.SDD.NAD:DSD_NAMAIN10@DF_TABLE3_POP_EMPNC(2.0),"Annual population and employment, national concept",I,A,Annual,IRL,Ireland,S1,Total economy,S1,Total economy,POP,Total population,_Z,Not applicable,_Z,Not applicable,_Z,Not applicable,PS,Persons,_Z,Not applicable,N,Non transformed data,T0110,Table 0110 - Population and employment,2018,,4890.407,,,,F,Free (free for publication),2,Two,A,Normal value,3,Thousands,_Z,Not applicable
DATAFLOW,OECD.SDD.NAD:DSD_NAMAIN10@DF_TABLE3_POP_EMPNC(2.0),"Annual population and employment, national concept",I,A,Annual,ITA,Italy,S1,Total economy,S1,Total economy,POP,Total population,_Z,Not applicable,_Z,Not applicable,_Z,Not applicable,PS,Persons,_Z,Not applicable,N,Non transformed data,T0110,Table 0110 - Population and employment,2018,,59877.2,,,,F,Free (free for publication),2,Two,A,Normal value,3,Thousands,_Z,Not applicable
DATAFLOW,OECD.SDD.NAD:DSD_NAMAIN10@DF_TABLE3_POP_EMPNC(2.0),"Annual population and employment, national concept",I,A,Annual,KOR,Korea,S1,Total economy,S1,Total economy,POP,Total population,_Z,Not applicable,_Z,Not applicable,_Z,Not applicable,PS,Persons,_Z,Not applicable,N,Non transformed data,T0110,Table 0110 - Population and employment,2018,,51585,,,,F,Free (free for publication),2,Two,A,Normal value,3,Thousands,_Z,Not applicable
DATAFLOW,OECD.SDD.NAD:DSD_NAMAIN10@DF_TABLE3_POP_EMPNC(2.0),"Annual population and employment, national concept",I,A,Annual,LVA,Latvia,S1,Total economy,S1,Total economy,POP,Total population,_Z,Not applicable,_Z,Not applicable,_Z,Not applicable,PS,Persons,_Z,Not applicable,N,Non transformed data,T0110,Table 0110 - Population and employment,2018,,1926.25,,,,F,Free (free for publication),2,Two,A,Normal value,3,Thousands,_Z,Not applicable
DATAFLOW,OECD.SDD.NAD:DSD_NAMAIN10@DF_TABLE3_POP_EMPNC(2.0),"Annual population and employment, national concept",I,A,Annual,LTU,Lithuania,S1,Total economy,S1,Total economy,POP,Total population,_Z,Not applicable,_Z,Not applicable,_Z,Not applicable,PS,Persons,_Z,Not applicable,N,Non transformed data,T0110,Table 0110 - Population and employment,2018,,2819.2,,,,F,Free (free for publication),2,Two,A,Normal value,3,Thousands,_Z,Not applicable
DATAFLOW,OECD.SDD.NAD:DSD_NAMAIN10@DF_TABLE3_POP_EMPNC(2.0),"Annual population and employment, national concept",I,A,Annual,LUX,Luxembourg,S1,Total economy,S1,Total economy,POP,Total population,_Z,Not applicable,_Z,Not applicable,_Z,Not applicable,PS,Persons,_Z,Not applicable,N,Non transformed data,T0110,Table 0110 - Population and employment,2018,,608.805,,,,F,Free (free for publication),2,Two,A,Normal value,3,Thousands,_Z,Not applicable
DATAFLOW,OECD.SDD.NAD:DSD_NAMAIN10@DF_TABLE3_POP_EMPNC(2.0),"Annual population and employment, national concept",I,A,Annual,NLD,Netherlands,S1,Total economy,S1,Total economy,POP,Total population,_Z,Not applicable,_Z,Not applicable,_Z,Not applicable,PS,Persons,_Z,Not applicable,N,Non transformed data,T0110,Table 0110 - Population and employment,2018,,17232,,,,F,Free (free for publication),2,Two,A,Normal value,3,Thousands,_Z,Not applicable
DATAFLOW,OECD.SDD.NAD:DSD_NAMAIN10@DF_TABLE3_POP_EMPNC(2.0),"Annual population and employment, national concept",I,A,Annual,POL,Poland,S1,Total economy,S1,Total economy,POP,Total population,_Z,Not applicable,_Z,Not applicable,_Z,Not applicable,PS,Persons,_Z,Not applicable,N,Non transformed data,T0110,Table 0110 - Population and employment,2018,,37956.268,,,,F,Free (free for publication),2,Two,A,Normal value,3,Thousands,_Z,Not applicable
DATAFLOW,OECD.SDD.NAD:DSD_NAMAIN10@DF_TABLE3_POP_EMPNC(2.0),"Annual population and employment, national concept",I,A,Annual,PRT,Portugal,S1,Total economy,S1,Total economy,POP,Total population,_Z,Not applicable,_Z,Not applicable,_Z,Not applicable,PS,Persons,_Z,Not applicable,N,Non transformed data,T0110,Table 0110 - Population and employment,2018,,10334.633,,,,F,Free (free for publication),2,Two,A,Normal value,3,Thousands,_Z,Not applicable
DATAFLOW,OECD.SDD.NAD:DSD_NAMAIN10@DF_TABLE3_POP_EMPNC(2.0),"Annual population and employment, national concept",I,A,Annual,SVK,Slovak Republic,S1,Total economy,S1,Total economy,POP,Total population,_Z,Not applicable,_Z,Not applicable,_Z,Not applicable,PS,Persons,_Z,Not applicable,N,Non transformed data,T0110,Table 0110 - Population and employment,2018,,5446.011,,,,F,Free (free for publication),2,Two,A,Normal value,3,Thousands,_Z,Not applicable
DATAFLOW,OECD.SDD.NAD:DSD_NAMAIN10@DF_TABLE3_POP_EMPNC(2.0),"Annual population and employment, national concept",I,A,Annual,SVN,Slovenia,S1,Total economy,S1,Total economy,POP,Total population,_Z,Not applicable,_Z,Not applicable,_Z,Not applicable,PS,Persons,_Z,Not applicable,N,Non transformed data,T0110,Table 0110 - Population and employment,2018,,2071.956,,,,F,Free (free for publication),2,Two,A,Normal value,3,Thousands,_Z,Not applicable
DATAFLOW,OECD.SDD.NAD:DSD_NAMAIN10@DF_TABLE3_POP_EMPNC(2.0),"Annual population and employment, national concept",I,A,Annual,ESP,Spain,S1,Total economy,S1,Total economy,POP,Total population,_Z,Not applicable,_Z,Not applicable,_Z,Not applicable,PS,Persons,_Z,Not applicable,N,Non transformed data,T0110,Table 0110 - Population and employment,2018,,46715.383,,,,F,Free (free for publication),2,Two,A,Normal value,3,Thousands,_Z,Not applicable
DATAFLOW,OECD.SDD.NAD:DSD_NAMAIN10@DF_TABLE3_POP_EMPNC(2.0),"Annual population and employment, national concept",I,A,Annual,SWE,Sweden,S1,Total economy,S1,Total economy,POP,Total population,_Z,Not applicable,_Z,Not applicable,_Z,Not applicable,PS,Persons,_Z,Not applicable,N,Non transformed data,T0110,Table 0110 - Population and employment,2018,,10175.2135,,,,F,Free (free for publication),2,Two,A,Normal value,3,Thousands,_Z,Not applicable
DATAFLOW,OECD.SDD.NAD:DSD_NAMAIN10@DF_TABLE3_POP_EMPNC(2.0),"Annual population and employment, national concept",I,A,Annual,AUS,Australia,S1,Total economy,S1,Total economy,POP,Total population,_Z,Not applicable,_Z,Not applicable,_Z,Not applicable,PS,Persons,_Z,Not applicable,N,Non transformed data,T0110,Table 0110 - Population and employment,2019,,25334.826,,,,F,Free (free for publication),2,Two,A,Normal value,3,Thousands,_Z,Not applicable
DATAFLOW,OECD.SDD.NAD:DSD_NAMAIN10@DF_TABLE3_POP_EMPNC(2.0),"Annual population and employment, national concept",I,A,Annual,BEL,Belgium,S1,Total economy,S1,Total economy,POP,Total population,_Z,Not applicable,_Z,Not applicable,_Z,Not applicable,PS,Persons,_Z,Not applicable,N,Non transformed data,T0110,Table 0110 - Population and employment,2019,,11489,,,,F,Free (free for publication),2,Two,A,Normal value,3,Thousands,_Z,Not applicable
DATAFLOW,OECD.SDD.NAD:DSD_NAMAIN10@DF_TABLE3_POP_EMPNC(2.0),"Annual population and employment, national concept",I,A,Annual,CAN,Canada,S1,Total economy,S1,Total economy,POP,Total population,_Z,Not applicable,_Z,Not applicable,_Z,Not applicable,PS,Persons,_Z,Not applicable,N,Non transformed data,T0110,Table 0110 - Population and employment,2019,,37618.495,,,,F,Free (free for publication),2,Two,A,Normal value,3,Thousands,_Z,Not applicable
DATAFLOW,OECD.SDD.NAD:DSD_NAMAIN10@DF_TABLE3_POP_EMPNC(2.0),"Annual population and employment, national concept",I,A,Annual,CHL,Chile,S1,Total economy,S1,Total economy,POP,Total population,_Z,Not applicable,_Z,Not applicable,_Z,Not applicable,PS,Persons,_Z,Not applicable,N,Non transformed data,T0110,Table 0110 - Population and employment,2019,,19107.216,,,,F,Free (free for publication),2,Two,A,Normal value,3,Thousands,_Z,Not applicable
DATAFLOW,OECD.SDD.NAD:DSD_NAMAIN10@DF_TABLE3_POP_EMPNC(2.0),"Annual population and employment, national concept",I,A,Annual,COL,Colombia,S1,Total economy,S1,Total economy,POP,Total population,_Z,Not applicable,_Z,Not applicable,_Z,Not applicable,PS,Persons,_Z,Not applicable,N,Non transformed data,T0110,Table 0110 - Population and employment,2019,,48322.80725,,,,F,Free (free for publication),2,Two,A,Normal value,3,Thousands,_Z,Not applicable
DATAFLOW,OECD.SDD.NAD:DSD_NAMAIN10@DF_TABLE3_POP_EMPNC(2.0),"Annual population and employment, national concept",I,A,Annual,CRI,Costa Rica,S1,Total economy,S1,Total economy,POP,Total population,_Z,Not applicable,_Z,Not applicable,_Z,Not applicable,PS,Persons,_Z,Not applicable,N,Non transformed data,T0110,Table 0110 - Population and employment,2019,,5055.238,,,,F,Free (free for publication),2,Two,A,Normal value,3,Thousands,_Z,Not applicable
DATAFLOW,OECD.SDD.NAD:DSD_NAMAIN10@DF_TABLE3_POP_EMPNC(2.0),"Annual population and employment, national concept",I,A,Annual,CZE,Czechia,S1,Total economy,S1,Total economy,POP,Total population,_Z,Not applicable,_Z,Not applicable,_Z,Not applicable,PS,Persons,_Z,Not applicable,N,Non transformed data,T0110,Table 0110 - Population and employment,2019,,10550.313,,,,F,Free (free for publication),2,Two,A,Normal value,3,Thousands,_Z,Not applicable
DATAFLOW,OECD.SDD.NAD:DSD_NAMAIN10@DF_TABLE3_POP_EMPNC(2.0),"Annual population and employment, national concept",I,A,Annual,DNK,Denmark,S1,Total economy,S1,Total economy,POP,Total population,_Z,Not applicable,_Z,Not applicable,_Z,Not applicable,PS,Persons,_Z,Not applicable,N,Non transformed data,T0110,Table 0110 - Population and employment,2019,,5816.94,,,,F,Free (free for publication),2,Two,A,Normal value,3,Thousands,_Z,Not applicable
DATAFLOW,OECD.SDD.NAD:DSD_NAMAIN10@DF_TABLE3_POP_EMPNC(2.0),"Annual population and employment, national concept",I,A,Annual,EST,Estonia,S1,Total economy,S1,Total economy,POP,Total population,_Z,Not applicable,_Z,Not applicable,_Z,Not applicable,PS,Persons,_Z,Not applicable,N,Non transformed data,T0110,Table 0110 - Population and employment,2019,,1324.82,,,,F,Free (free for publication),2,Two,A,Normal value,3,Thousands,_Z,Not applicable
DATAFLOW,OECD.SDD.NAD:DSD_NAMAIN10@DF_TABLE3_POP_EMPNC(2.0),"Annual population and employment, national concept",I,A,Annual,FIN,Finland,S1,Total economy,S1,Total economy,POP,Total population,_Z,Not applicable,_Z,Not applicable,_Z,Not applicable,PS,Persons,_Z,Not applicable,N,Non transformed data,T0110,Table 0110 - Population and employment,2019,,5521.6,,,,F,Free (free for publication),2,Two,A,Normal value,3,Thousands,_Z,Not applicable
DATAFLOW,OECD.SDD.NAD:DSD_NAMAIN10@DF_TABLE3_POP_EMPNC(2.0),"Annual population and employment, national concept",I,A,Annual,HUN,Hungary,S1,Total economy,S1,Total economy,POP,Total population,_Z,Not applicable,_Z,Not applicable,_Z,Not applicable,PS,Persons,_Z,Not applicable,N,Non transformed data,T0110,Table 0110 - Population and employment,2019,,9694.824,,,,F,Free (free for publication),2,Two,A,Normal value,3,Thousands,_Z,Not applicable
DATAFLOW,OECD.SDD.NAD:DSD_NAMAIN10@DF_TABLE3_POP_EMPNC(2.0),"Annual population and employment, national concept",I,A,Annual,IRL,Ireland,S1,Total economy,S1,Total economy,POP,Total population,_Z,Not applicable,_Z,Not applicable,_Z,Not applicable,PS,Persons,_Z,Not applicable,N,Non transformed data,T0110,Table 0110 - Population and employment,2019,,4967.462,,,,F,Free (free for publication),2,Two,A,Normal value,3,Thousands,_Z,Not applicable
DATAFLOW,OECD.SDD.NAD:DSD_NAMAIN10@DF_TABLE3_POP_EMPNC(2.0),"Annual population and employment, national concept",I,A,Annual,ITA,Italy,S1,Total economy,S1,Total economy,POP,Total population,_Z,Not applicable,_Z,Not applicable,_Z,Not applicable,PS,Persons,_Z,Not applicable,N,Non transformed data,T0110,Table 0110 - Population and employment,2019,,59729.1,,,,F,Free (free for publication),2,Two,A,Normal value,3,Thousands,_Z,Not applicable
DATAFLOW,OECD.SDD.NAD:DSD_NAMAIN10@DF_TABLE3_POP_EMPNC(2.0),"Annual population and employment, national concept",I,A,Annual,KOR,Korea,S1,Total economy,S1,Total economy,POP,Total population,_Z,Not applicable,_Z,Not applicable,_Z,Not applicable,PS,Persons,_Z,Not applicable,N,Non transformed data,T0110,Table 0110 - Population and employment,2019,,51765,,,,F,Free (free for publication),2,Two,A,Normal value,3,Thousands,_Z,Not applicable
DATAFLOW,OECD.SDD.NAD:DSD_NAMAIN10@DF_TABLE3_POP_EMPNC(2.0),"Annual population and employment, national concept",I,A,Annual,LVA,Latvia,S1,Total economy,S1,Total economy,POP,Total population,_Z,Not applicable,_Z,Not applicable,_Z,Not applicable,PS,Persons,_Z,Not applicable,N,Non transformed data,T0110,Table 0110 - Population and employment,2019,,1913.188,,,,F,Free (free for publication),2,Two,A,Normal value,3,Thousands,_Z,Not applicable
DATAFLOW,OECD.SDD.NAD:DSD_NAMAIN10@DF_TABLE3_POP_EMPNC(2.0),"Annual population and employment, national concept",I,A,Annual,LTU,Lithuania,S1,Total economy,S1,Total economy,POP,Total population,_Z,Not applicable,_Z,Not applicable,_Z,Not applicable,PS,Persons,_Z,Not applicable,N,Non transformed data,T0110,Table 0110 - Population and employment,2019,,2811.089,,,,F,Free (free for publication),2,Two,A,Normal value,3,Thousands,_Z,Not applicable
DATAFLOW,OECD.SDD.NAD:DSD_NAMAIN10@DF_TABLE3_POP_EMPNC(2.0),"Annual population and employment, national concept",I,A,Annual,LUX,Luxembourg,S1,Total economy,S1,Total economy,POP,Total population,_Z,Not applicable,_Z,Not applicable,_Z,Not applicable,PS,Persons,_Z,Not applicable,N,Non transformed data,T0110,Table 0110 - Population and employment,2019,,621.527,,,,F,Free (free for publication),2,Two,A,Normal value,3,Thousands,_Z,Not applicable
DATAFLOW,OECD.SDD.NAD:DSD_NAMAIN10@DF_TABLE3_POP_EMPNC(2.0),"Annual population and employment, national concept",I,A,Annual,MEX,Mexico,S1,Total economy,S1,Total economy,POP,Total population,_Z,Not applicable,_Z,Not applicable,_Z,Not applicable,PS,Persons,_Z,Not applicable,N,Non transformed data,T0110,Table 0110 - Population and employment,2019,,124960.089,,,,F,Free (free for publication),2,Two,A,Normal value,3,Thousands,_Z,Not applicable
DATAFLOW,OECD.SDD.NAD:DSD_NAMAIN10@DF_TABLE3_POP_EMPNC(2.0),"Annual population and employment, national concept",I,A,Annual,NLD,Netherlands,S1,Total economy,S1,Total economy,POP,Total population,_Z,Not applicable,_Z,Not applicable,_Z,Not applicable,PS,Persons,_Z,Not applicable,N,Non transformed data,T0110,Table 0110 - Population and employment,2019,,17345,,,,F,Free (free for publication),2,Two,A,Normal value,3,Thousands,_Z,Not applicable
DATAFLOW,OECD.SDD.NAD:DSD_NAMAIN10@DF_TABLE3_POP_EMPNC(2.0),"Annual population and employment, national concept",I,A,Annual,POL,Poland,S1,Total economy,S1,Total economy,POP,Total population,_Z,Not applicable,_Z,Not applicable,_Z,Not applicable,PS,Persons,_Z,Not applicable,N,Non transformed data,T0110,Table 0110 - Population and employment,2019,,37948.14,,,,F,Free (free for publication),2,Two,A,Normal value,3,Thousands,_Z,Not applicable
DATAFLOW,OECD.SDD.NAD:DSD_NAMAIN10@DF_TABLE3_POP_EMPNC(2.0),"Annual population and employment, national concept",I,A,Annual,PRT,Portugal,S1,Total economy,S1,Total economy,POP,Total population,_Z,Not applicable,_Z,Not applicable,_Z,Not applicable,PS,Persons,_Z,Not applicable,N,Non transformed data,T0110,Table 0110 - Population and employment,2019,,10354.446,,,,F,Free (free for publication),2,Two,A,Normal value,3,Thousands,_Z,Not applicable
DATAFLOW,OECD.SDD.NAD:DSD_NAMAIN10@DF_TABLE3_POP_EMPNC(2.0),"Annual population and employment, national concept",I,A,Annual,SVK,Slovak Republic,S1,Total economy,S1,Total economy,POP,Total population,_Z,Not applicable,_Z,Not applicable,_Z,Not applicable,PS,Persons,_Z,Not applicable,N,Non transformed data,T0110,Table 0110 - Population and employment,2019,,5453.244,,,,F,Free (free for publication),2,Two,A,Normal value,3,Thousands,_Z,Not applicable
DATAFLOW,OECD.SDD.NAD:DSD_NAMAIN10@DF_TABLE3_POP_EMPNC(2.0),"Annual population and employment, national concept",I,A,Annual,SVN,Slovenia,S1,Total economy,S1,Total economy,POP,Total population,_Z,Not applicable,_Z,Not applicable,_Z,Not applicable,PS,Persons,_Z,Not applicable,N,Non transformed data,T0110,Table 0110 - Population and employment,2019,,2089.014,,,,F,Free (free for publication),2,Two,A,Normal value,3,Thousands,_Z,Not applicable
DATAFLOW,OECD.SDD.NAD:DSD_NAMAIN10@DF_TABLE3_POP_EMPNC(2.0),"Annual population and employment, national concept",I,A,Annual,ESP,Spain,S1,Total economy,S1,Total economy,POP,Total population,_Z,Not applicable,_Z,Not applicable,_Z,Not applicable,PS,Persons,_Z,Not applicable,N,Non transformed data,T0110,Table 0110 - Population and employment,2019,,47087.778,,,,F,Free (free for publication),2,Two,A,Normal value,3,Thousands,_Z,Not applicable
DATAFLOW,OECD.SDD.NAD:DSD_NAMAIN10@DF_TABLE3_POP_EMPNC(2.0),"Annual population and employment, national concept",I,A,Annual,SWE,Sweden,S1,Total economy,S1,Total economy,POP,Total population,_Z,Not applicable,_Z,Not applicable,_Z,Not applicable,PS,Persons,_Z,Not applicable,N,Non transformed data,T0110,Table 0110 - Population and employment,2019,,10284.0735,,,,F,Free (free for publication),2,Two,A,Normal value,3,Thousands,_Z,Not applicable
DATAFLOW,OECD.SDD.NAD:DSD_NAMAIN10@DF_TABLE3_POP_EMPNC(2.0),"Annual population and employment, national concept",I,A,Annual,AUS,Australia,S1,Total economy,S1,Total economy,POP,Total population,_Z,Not applicable,_Z,Not applicable,_Z,Not applicable,PS,Persons,_Z,Not applicable,N,Non transformed data,T0110,Table 0110 - Population and employment,2020,,25649.248,,,,F,Free (free for publication),2,Two,A,Normal value,3,Thousands,_Z,Not applicable
DATAFLOW,OECD.SDD.NAD:DSD_NAMAIN10@DF_TABLE3_POP_EMPNC(2.0),"Annual population and employment, national concept",I,A,Annual,CAN,Canada,S1,Total economy,S1,Total economy,POP,Total population,_Z,Not applicable,_Z,Not applicable,_Z,Not applicable,PS,Persons,_Z,Not applicable,N,Non transformed data,T0110,Table 0110 - Population and employment,2020,,38028.638,,,,F,Free (free for publication),2,Two,A,Normal value,3,Thousands,_Z,Not applicable
DATAFLOW,OECD.SDD.NAD:DSD_NAMAIN10@DF_TABLE3_POP_EMPNC(2.0),"Annual population and employment, national concept",I,A,Annual,CHL,Chile,S1,Total economy,S1,Total economy,POP,Total population,_Z,Not applicable,_Z,Not applicable,_Z,Not applicable,PS,Persons,_Z,Not applicable,N,Non transformed data,T0110,Table 0110 - Population and employment,2020,,19458.31,,,,F,Free (free for publication),2,Two,A,Normal value,3,Thousands,_Z,Not applicable
DATAFLOW,OECD.SDD.NAD:DSD_NAMAIN10@DF_TABLE3_POP_EMPNC(2.0),"Annual population and employment, national concept",I,A,Annual,COL,Colombia,S1,Total economy,S1,Total economy,POP,Total population,_Z,Not applicable,_Z,Not applicable,_Z,Not applicable,PS,Persons,_Z,Not applicable,N,Non transformed data,T0110,Table 0110 - Population and employment,2020,,49260.97125,,,,F,Free (free for publication),2,Two,A,Normal value,3,Thousands,_Z,Not applicable
DATAFLOW,OECD.SDD.NAD:DSD_NAMAIN10@DF_TABLE3_POP_EMPNC(2.0),"Annual population and employment, national concept",I,A,Annual,CRI,Costa Rica,S1,Total economy,S1,Total economy,POP,Total population,_Z,Not applicable,_Z,Not applicable,_Z,Not applicable,PS,Persons,_Z,Not applicable,N,Non transformed data,T0110,Table 0110 - Population and employment,2020,,5108.539,,,,F,Free (free for publication),2,Two,A,Normal value,3,Thousands,_Z,Not applicable
DATAFLOW,OECD.SDD.NAD:DSD_NAMAIN10@DF_TABLE3_POP_EMPNC(2.0),"Annual population and employment, national concept",I,A,Annual,CZE,Czechia,S1,Total economy,S1,Total economy,POP,Total population,_Z,Not applicable,_Z,Not applicable,_Z,Not applicable,PS,Persons,_Z,Not applicable,N,Non transformed data,T0110,Table 0110 - Population and employment,2020,,10502.151,,,,F,Free (free for publication),2,Two,A,Normal value,3,Thousands,_Z,Not applicable
DATAFLOW,OECD.SDD.NAD:DSD_NAMAIN10@DF_TABLE3_POP_EMPNC(2.0),"Annual population and employment, national concept",I,A,Annual,DNK,Denmark,S1,Total economy,S1,Total economy,POP,Total population,_Z,Not applicable,_Z,Not applicable,_Z,Not applicable,PS,Persons,_Z,Not applicable,N,Non transformed data,T0110,Table 0110 - Population and employment,2020,,5829.703,,,,F,Free (free for publication),2,Two,A,Normal value,3,Thousands,_Z,Not applicable
DATAFLOW,OECD.SDD.NAD:DSD_NAMAIN10@DF_TABLE3_POP_EMPNC(2.0),"Annual population and employment, national concept",I,A,Annual,EST,Estonia,S1,Total economy,S1,Total economy,POP,Total population,_Z,Not applicable,_Z,Not applicable,_Z,Not applicable,PS,Persons,_Z,Not applicable,N,Non transformed data,T0110,Table 0110 - Population and employment,2020,,1328.889,,,,F,Free (free for publication),2,Two,A,Normal value,3,Thousands,_Z,Not applicable
DATAFLOW,OECD.SDD.NAD:DSD_NAMAIN10@DF_TABLE3_POP_EMPNC(2.0),"Annual population and employment, national concept",I,A,Annual,FIN,Finland,S1,Total economy,S1,Total economy,POP,Total population,_Z,Not applicable,_Z,Not applicable,_Z,Not applicable,PS,Persons,_Z,Not applicable,N,Non transformed data,T0110,Table 0110 - Population and employment,2020,,5530.7,,,,F,Free (free for publication),2,Two,A,Normal value,3,Thousands,_Z,Not applicable
DATAFLOW,OECD.SDD.NAD:DSD_NAMAIN10@DF_TABLE3_POP_EMPNC(2.0),"Annual population and employment, national concept",I,A,Annual,HUN,Hungary,S1,Total economy,S1,Total economy,POP,Total population,_Z,Not applicable,_Z,Not applicable,_Z,Not applicable,PS,Persons,_Z,Not applicable,N,Non transformed data,T0110,Table 0110 - Population and employment,2020,,9670.419,,,,F,Free (free for publication),2,Two,A,Normal value,3,Thousands,_Z,Not applicable
DATAFLOW,OECD.SDD.NAD:DSD_NAMAIN10@DF_TABLE3_POP_EMPNC(2.0),"Annual population and employment, national concept",I,A,Annual,IRL,Ireland,S1,Total economy,S1,Total economy,POP,Total population,_Z,Not applicable,_Z,Not applicable,_Z,Not applicable,PS,Persons,_Z,Not applicable,N,Non transformed data,T0110,Table 0110 - Population and employment,2020,,5034.43,,,,F,Free (free for publication),2,Two,A,Normal value,3,Thousands,_Z,Not applicable
DATAFLOW,OECD.SDD.NAD:DSD_NAMAIN10@DF_TABLE3_POP_EMPNC(2.0),"Annual population and employment, national concept",I,A,Annual,ITA,Italy,S1,Total economy,S1,Total economy,POP,Total population,_Z,Not applicable,_Z,Not applicable,_Z,Not applicable,PS,Persons,_Z,Not applicable,N,Non transformed data,T0110,Table 0110 - Population and employment,2020,,59438.9,,,,F,Free (free for publication),2,Two,A,Normal value,3,Thousands,_Z,Not applicable
DATAFLOW,OECD.SDD.NAD:DSD_NAMAIN10@DF_TABLE3_POP_EMPNC(2.0),"Annual population and employment, national concept",I,A,Annual,KOR,Korea,S1,Total economy,S1,Total economy,POP,Total population,_Z,Not applicable,_Z,Not applicable,_Z,Not applicable,PS,Persons,_Z,Not applicable,N,Non transformed data,T0110,Table 0110 - Population and employment,2020,,51836,,,,F,Free (free for publication),2,Two,A,Normal value,3,Thousands,_Z,Not applicable
DATAFLOW,OECD.SDD.NAD:DSD_NAMAIN10@DF_TABLE3_POP_EMPNC(2.0),"Annual population and employment, national concept",I,A,Annual,LVA,Latvia,S1,Total economy,S1,Total economy,POP,Total population,_Z,Not applicable,_Z,Not applicable,_Z,Not applicable,PS,Persons,_Z,Not applicable,N,Non transformed data,T0110,Table 0110 - Population and employment,2020,,1900.862,,,,F,Free (free for publication),2,Two,A,Normal value,3,Thousands,_Z,Not applicable
DATAFLOW,OECD.SDD.NAD:DSD_NAMAIN10@DF_TABLE3_POP_EMPNC(2.0),"Annual population and employment, national concept",I,A,Annual,LTU,Lithuania,S1,Total economy,S1,Total economy,POP,Total population,_Z,Not applicable,_Z,Not applicable,_Z,Not applicable,PS,Persons,_Z,Not applicable,N,Non transformed data,T0110,Table 0110 - Population and employment,2020,,2810.369,,,,F,Free (free for publication),2,Two,A,Normal value,3,Thousands,_Z,Not applicable
DATAFLOW,OECD.SDD.NAD:DSD_NAMAIN10@DF_TABLE3_POP_EMPNC(2.0),"Annual population and employment, national concept",I,A,Annual,LUX,Luxembourg,S1,Total economy,S1,Total economy,POP,Total population,_Z,Not applicable,_Z,Not applicable,_Z,Not applicable,PS,Persons,_Z,Not applicable,N,Non transformed data,T0110,Table 0110 - Population and employment,2020,,631.145,,,,F,Free (free for publication),2,Two,A,Normal value,3,Thousands,_Z,Not applicable
DATAFLOW,OECD.SDD.NAD:DSD_NAMAIN10@DF_TABLE3_POP_EMPNC(2.0),"Annual population and employment, national concept",I,A,Annual,NLD,Netherlands,S1,Total economy,S1,Total economy,POP,Total population,_Z,Not applicable,_Z,Not applicable,_Z,Not applicable,PS,Persons,_Z,Not applicable,N,Non transformed data,T0110,Table 0110 - Population and employment,2020,,17442,,,,F,Free (free for publication),2,Two,A,Normal value,3,Thousands,_Z,Not applicable
DATAFLOW,OECD.SDD.NAD:DSD_NAMAIN10@DF_TABLE3_POP_EMPNC(2.0),"Annual population and employment, national concept",I,A,Annual,PRT,Portugal,S1,Total economy,S1,Total economy,POP,Total population,_Z,Not applicable,_Z,Not applicable,_Z,Not applicable,PS,Persons,_Z,Not applicable,N,Non transformed data,T0110,Table 0110 - Population and employment,2020,,10384.846,,,,F,Free (free for publication),2,Two,A,Normal value,3,Thousands,_Z,Not applicable
DATAFLOW,OECD.SDD.NAD:DSD_NAMAIN10@DF_TABLE3_POP_EMPNC(2.0),"Annual population and employment, national concept",I,A,Annual,SVK,Slovak Republic,S1,Total economy,S1,Total economy,POP,Total population,_Z,Not applicable,_Z,Not applicable,_Z,Not applicable,PS,Persons,_Z,Not applicable,N,Non transformed data,T0110,Table 0110 - Population and employment,2020,,5460.51,,,,F,Free (free for publication),2,Two,A,Normal value,3,Thousands,_Z,Not applicable
DATAFLOW,OECD.SDD.NAD:DSD_NAMAIN10@DF_TABLE3_POP_EMPNC(2.0),"Annual population and employment, national concept",I,A,Annual,SVN,Slovenia,S1,Total economy,S1,Total economy,POP,Total population,_Z,Not applicable,_Z,Not applicable,_Z,Not applicable,PS,Persons,_Z,Not applicable,N,Non transformed data,T0110,Table 0110 - Population and employment,2020,,2102.8,,,,F,Free (free for publication),2,Two,A,Normal value,3,Thousands,_Z,Not applicable
DATAFLOW,OECD.SDD.NAD:DSD_NAMAIN10@DF_TABLE3_POP_EMPNC(2.0),"Annual population and employment, national concept",I,A,Annual,ESP,Spain,S1,Total economy,S1,Total economy,POP,Total population,_Z,Not applicable,_Z,Not applicable,_Z,Not applicable,PS,Persons,_Z,Not applicable,N,Non transformed data,T0110,Table 0110 - Population and employment,2020,,47344.852,,,,F,Free (free for publication),2,Two,A,Normal value,3,Thousands,_Z,Not applicable
DATAFLOW,OECD.SDD.NAD:DSD_NAMAIN10@DF_TABLE3_POP_EMPNC(2.0),"Annual population and employment, national concept",I,A,Annual,SWE,Sweden,S1,Total economy,S1,Total economy,POP,Total population,_Z,Not applicable,_Z,Not applicable,_Z,Not applicable,PS,Persons,_Z,Not applicable,N,Non transformed data,T0110,Table 0110 - Population and employment,2020,,10353.442,,,,F,Free (free for publication),2,Two,A,Normal value,3,Thousands,_Z,Not applicable
DATAFLOW,OECD.SDD.NAD:DSD_NAMAIN10@DF_TABLE3_POP_EMPNC(2.0),"Annual population and employment, national concept",I,A,Annual,AUS,Australia,S1,Total economy,S1,Total economy,POP,Total population,_Z,Not applicable,_Z,Not applicable,_Z,Not applicable,PS,Persons,_Z,Not applicable,N,Non transformed data,T0110,Table 0110 - Population and employment,2021,,25685.412,,,,F,Free (free for publication),2,Two,A,Normal value,3,Thousands,_Z,Not applicable
DATAFLOW,OECD.SDD.NAD:DSD_NAMAIN10@DF_TABLE3_POP_EMPNC(2.0),"Annual population and employment, national concept",I,A,Annual,CAN,Canada,S1,Total economy,S1,Total economy,POP,Total population,_Z,Not applicable,_Z,Not applicable,_Z,Not applicable,PS,Persons,_Z,Not applicable,N,Non transformed data,T0110,Table 0110 - Population and employment,2021,,38239.864,,,,F,Free (free for publication),2,Two,A,Normal value,3,Thousands,_Z,Not applicable
DATAFLOW,OECD.SDD.NAD:DSD_NAMAIN10@DF_TABLE3_POP_EMPNC(2.0),"Annual population and employment, national concept",I,A,Annual,COL,Colombia,S1,Total economy,S1,Total economy,POP,Total population,_Z,Not applicable,_Z,Not applicable,_Z,Not applicable,PS,Persons,_Z,Not applicable,N,Non transformed data,T0110,Table 0110 - Population and employment,2021,,49941.37375,,,,F,Free (free for publication),2,Two,A,Normal value,3,Thousands,_Z,Not applicable
DATAFLOW,OECD.SDD.NAD:DSD_NAMAIN10@DF_TABLE3_POP_EMPNC(2.0),"Annual population and employment, national concept",I,A,Annual,CRI,Costa Rica,S1,Total economy,S1,Total economy,POP,Total population,_Z,Not applicable,_Z,Not applicable,_Z,Not applicable,PS,Persons,_Z,Not applicable,N,Non transformed data,T0110,Table 0110 - Population and employment,2021,,5161.05,,,,F,Free (free for publication),2,Two,A,Normal value,3,Thousands,_Z,Not applicable
DATAFLOW,OECD.SDD.NAD:DSD_NAMAIN10@DF_TABLE3_POP_EMPNC(2.0),"Annual population and employment, national concept",I,A,Annual,CZE,Czechia,S1,Total economy,S1,Total economy,POP,Total population,_Z,Not applicable,_Z,Not applicable,_Z,Not applicable,PS,Persons,_Z,Not applicable,N,Non transformed data,T0110,Table 0110 - Population and employment,2021,,10500.85,,,,F,Free (free for publication),2,Two,A,Normal value,3,Thousands,_Z,Not applicable
DATAFLOW,OECD.SDD.NAD:DSD_NAMAIN10@DF_TABLE3_POP_EMPNC(2.0),"Annual population and employment, national concept",I,A,Annual,DNK,Denmark,S1,Total economy,S1,Total economy,POP,Total population,_Z,Not applicable,_Z,Not applicable,_Z,Not applicable,PS,Persons,_Z,Not applicable,N,Non transformed data,T0110,Table 0110 - Population and employment,2021,,5854.42,,,,F,Free (free for publication),2,Two,A,Normal value,3,Thousands,_Z,Not applicable
DATAFLOW,OECD.SDD.NAD:DSD_NAMAIN10@DF_TABLE3_POP_EMPNC(2.0),"Annual population and employment, national concept",I,A,Annual,EST,Estonia,S1,Total economy,S1,Total economy,POP,Total population,_Z,Not applicable,_Z,Not applicable,_Z,Not applicable,PS,Persons,_Z,Not applicable,N,Non transformed data,T0110,Table 0110 - Population and employment,2021,,1330.068,,,,F,Free (free for publication),2,Two,A,Normal value,3,Thousands,_Z,Not applicable
DATAFLOW,OECD.SDD.NAD:DSD_NAMAIN10@DF_TABLE3_POP_EMPNC(2.0),"Annual population and employment, national concept",I,A,Annual,FIN,Finland,S1,Total economy,S1,Total economy,POP,Total population,_Z,Not applicable,_Z,Not applicable,_Z,Not applicable,PS,Persons,_Z,Not applicable,N,Non transformed data,T0110,Table 0110 - Population and employment,2021,,5541.5,,,,F,Free (free for publication),2,Two,A,Normal value,3,Thousands,_Z,Not applicable
DATAFLOW,OECD.SDD.NAD:DSD_NAMAIN10@DF_TABLE3_POP_EMPNC(2.0),"Annual population and employment, national concept",I,A,Annual,HUN,Hungary,S1,Total economy,S1,Total economy,POP,Total population,_Z,Not applicable,_Z,Not applicable,_Z,Not applicable,PS,Persons,_Z,Not applicable,N,Non transformed data,T0110,Table 0110 - Population and employment,2021,,9630.932,,,,F,Free (free for publication),2,Two,A,Normal value,3,Thousands,_Z,Not applicable
DATAFLOW,OECD.SDD.NAD:DSD_NAMAIN10@DF_TABLE3_POP_EMPNC(2.0),"Annual population and employment, national concept",I,A,Annual,IRL,Ireland,S1,Total economy,S1,Total economy,POP,Total population,_Z,Not applicable,_Z,Not applicable,_Z,Not applicable,PS,Persons,_Z,Not applicable,N,Non transformed data,T0110,Table 0110 - Population and employment,2021,,5091.848,,,,F,Free (free for publication),2,Two,A,Normal value,3,Thousands,_Z,Not applicable
DATAFLOW,OECD.SDD.NAD:DSD_NAMAIN10@DF_TABLE3_POP_EMPNC(2.0),"Annual population and employment, national concept",I,A,Annual,ITA,Italy,S1,Total economy,S1,Total economy,POP,Total population,_Z,Not applicable,_Z,Not applicable,_Z,Not applicable,PS,Persons,_Z,Not applicable,N,Non transformed data,T0110,Table 0110 - Population and employment,2021,,59133.2,,,,F,Free (free for publication),2,Two,A,Normal value,3,Thousands,_Z,Not applicable
DATAFLOW,OECD.SDD.NAD:DSD_NAMAIN10@DF_TABLE3_POP_EMPNC(2.0),"Annual population and employment, national concept",I,A,Annual,KOR,Korea,S1,Total economy,S1,Total economy,POP,Total population,_Z,Not applicable,_Z,Not applicable,_Z,Not applicable,PS,Persons,_Z,Not applicable,N,Non transformed data,T0110,Table 0110 - Population and employment,2021,,51770,,,,F,Free (free for publication),2,Two,A,Normal value,3,Thousands,_Z,Not applicable
DATAFLOW,OECD.SDD.NAD:DSD_NAMAIN10@DF_TABLE3_POP_EMPNC(2.0),"Annual population and employment, national concept",I,A,Annual,LVA,Latvia,S1,Total economy,S1,Total economy,POP,Total population,_Z,Not applicable,_Z,Not applicable,_Z,Not applicable,PS,Persons,_Z,Not applicable,N,Non transformed data,T0110,Table 0110 - Population and employment,2021,,1884.75,,,,F,Free (free for publication),2,Two,A,Normal value,3,Thousands,_Z,Not applicable
DATAFLOW,OECD.SDD.NAD:DSD_NAMAIN10@DF_TABLE3_POP_EMPNC(2.0),"Annual population and employment, national concept",I,A,Annual,LTU,Lithuania,S1,Total economy,S1,Total economy,POP,Total population,_Z,Not applicable,_Z,Not applicable,_Z,Not applicable,PS,Persons,_Z,Not applicable,N,Non transformed data,T0110,Table 0110 - Population and employment,2021,,2808.38,,,,F,Free (free for publication),2,Two,A,Normal value,3,Thousands,_Z,Not applicable
DATAFLOW,OECD.SDD.NAD:DSD_NAMAIN10@DF_TABLE3_POP_EMPNC(2.0),"Annual population and employment, national concept",I,A,Annual,LUX,Luxembourg,S1,Total economy,S1,Total economy,POP,Total population,_Z,Not applicable,_Z,Not applicable,_Z,Not applicable,PS,Persons,_Z,Not applicable,N,Non transformed data,T0110,Table 0110 - Population and employment,2021,,641.137,,,,F,Free (free for publication),2,Two,A,Normal value,3,Thousands,_Z,Not applicable
DATAFLOW,OECD.SDD.NAD:DSD_NAMAIN10@DF_TABLE3_POP_EMPNC(2.0),"Annual population and employment, national concept",I,A,Annual,NLD,Netherlands,S1,Total economy,S1,Total economy,POP,Total population,_Z,Not applicable,_Z,Not applicable,_Z,Not applicable,PS,Persons,_Z,Not applicable,N,Non transformed data,T0110,Table 0110 - Population and employment,2021,,17533,,,,F,Free (free for publication),2,Two,A,Normal value,3,Thousands,_Z,Not applicable
DATAFLOW,OECD.SDD.NAD:DSD_NAMAIN10@DF_TABLE3_POP_EMPNC(2.0),"Annual population and employment, national concept",I,A,Annual,POL,Poland,S1,Total economy,S1,Total economy,POP,Total population,_Z,Not applicable,_Z,Not applicable,_Z,Not applicable,PS,Persons,_Z,Not applicable,N,Non transformed data,T0110,Table 0110 - Population and employment,2021,,36972.726,,,,F,Free (free for publication),2,Two,A,Normal value,3,Thousands,_Z,Not applicable
DATAFLOW,OECD.SDD.NAD:DSD_NAMAIN10@DF_TABLE3_POP_EMPNC(2.0),"Annual population and employment, national concept",I,A,Annual,PRT,Portugal,S1,Total economy,S1,Total economy,POP,Total population,_Z,Not applicable,_Z,Not applicable,_Z,Not applicable,PS,Persons,_Z,Not applicable,N,Non transformed data,T0110,Table 0110 - Population and employment,2021,,10407.707,,,,F,Free (free for publication),2,Two,A,Normal value,3,Thousands,_Z,Not applicable
DATAFLOW,OECD.SDD.NAD:DSD_NAMAIN10@DF_TABLE3_POP_EMPNC(2.0),"Annual population and employment, national concept",I,A,Annual,SVN,Slovenia,S1,Total economy,S1,Total economy,POP,Total population,_Z,Not applicable,_Z,Not applicable,_Z,Not applicable,PS,Persons,_Z,Not applicable,N,Non transformed data,T0110,Table 0110 - Population and employment,2021,,2107.73,,,,F,Free (free for publication),2,Two,A,Normal value,3,Thousands,_Z,Not applicable
DATAFLOW,OECD.SDD.NAD:DSD_NAMAIN10@DF_TABLE3_POP_EMPNC(2.0),"Annual population and employment, national concept",I,A,Annual,ESP,Spain,S1,Total economy,S1,Total economy,POP,Total population,_Z,Not applicable,_Z,Not applicable,_Z,Not applicable,PS,Persons,_Z,Not applicable,N,Non transformed data,T0110,Table 0110 - Population and employment,2021,,47346.836,,,,F,Free (free for publication),2,Two,A,Normal value,3,Thousands,_Z,Not applicable
DATAFLOW,OECD.SDD.NAD:DSD_NAMAIN10@DF_TABLE3_POP_EMPNC(2.0),"Annual population and employment, national concept",I,A,Annual,SWE,Sweden,S1,Total economy,S1,Total economy,POP,Total population,_Z,Not applicable,_Z,Not applicable,_Z,Not applicable,PS,Persons,_Z,Not applicable,N,Non transformed data,T0110,Table 0110 - Population and employment,2021,,10415.8105,,,,F,Free (free for publication),2,Two,A,Normal value,3,Thousands,_Z,Not applicable
DATAFLOW,OECD.SDD.NAD:DSD_NAMAIN10@DF_TABLE3_POP_EMPNC(2.0),"Annual population and employment, national concept",I,A,Annual,AUS,Australia,S1,Total economy,S1,Total economy,POP,Total population,_Z,Not applicable,_Z,Not applicable,_Z,Not applicable,PS,Persons,_Z,Not applicable,N,Non transformed data,T0110,Table 0110 - Population and employment,2022,,26014.399,,,,F,Free (free for publication),2,Two,A,Normal value,3,Thousands,_Z,Not applicable
DATAFLOW,OECD.SDD.NAD:DSD_NAMAIN10@DF_TABLE3_POP_EMPNC(2.0),"Annual population and employment, national concept",I,A,Annual,CHL,Chile,S1,Total economy,S1,Total economy,POP,Total population,_Z,Not applicable,_Z,Not applicable,_Z,Not applicable,PS,Persons,_Z,Not applicable,N,Non transformed data,T0110,Table 0110 - Population and employment,2022,,19828.563,,,,F,Free (free for publication),2,Two,A,Normal value,3,Thousands,_Z,Not applicable
DATAFLOW,OECD.SDD.NAD:DSD_NAMAIN10@DF_TABLE3_POP_EMPNC(2.0),"Annual population and employment, national concept",I,A,Annual,COL,Colombia,S1,Total economy,S1,Total economy,POP,Total population,_Z,Not applicable,_Z,Not applicable,_Z,Not applicable,PS,Persons,_Z,Not applicable,N,Non transformed data,T0110,Table 0110 - Population and employment,2022,,50495.179417,,,,F,Free (free for publication),2,Two,A,Normal value,3,Thousands,_Z,Not applicable
DATAFLOW,OECD.SDD.NAD:DSD_NAMAIN10@DF_TABLE3_POP_EMPNC(2.0),"Annual population and employment, national concept",I,A,Annual,CRI,Costa Rica,S1,Total economy,S1,Total economy,POP,Total population,_Z,Not applicable,_Z,Not applicable,_Z,Not applicable,PS,Persons,_Z,Not applicable,N,Non transformed data,T0110,Table 0110 - Population and employment,2022,,5211.341,,,,F,Free (free for publication),2,Two,A,Normal value,3,Thousands,_Z,Not applicable
DATAFLOW,OECD.SDD.NAD:DSD_NAMAIN10@DF_TABLE3_POP_EMPNC(2.0),"Annual population and employment, national concept",I,A,Annual,CZE,Czechia,S1,Total economy,S1,Total economy,POP,Total population,_Z,Not applicable,_Z,Not applicable,_Z,Not applicable,PS,Persons,_Z,Not applicable,N,Non transformed data,T0110,Table 0110 - Population and employment,2022,,10759.525,,,,F,Free (free for publication),2,Two,A,Normal value,3,Thousands,_Z,Not applicable
DATAFLOW,OECD.SDD.NAD:DSD_NAMAIN10@DF_TABLE3_POP_EMPNC(2.0),"Annual population and employment, national concept",I,A,Annual,DNK,Denmark,S1,Total economy,S1,Total economy,POP,Total population,_Z,Not applicable,_Z,Not applicable,_Z,Not applicable,PS,Persons,_Z,Not applicable,N,Non transformed data,T0110,Table 0110 - Population and employment,2022,,5906.385,,,,F,Free (free for publication),2,Two,A,Normal value,3,Thousands,_Z,Not applicable
DATAFLOW,OECD.SDD.NAD:DSD_NAMAIN10@DF_TABLE3_POP_EMPNC(2.0),"Annual population and employment, national concept",I,A,Annual,EST,Estonia,S1,Total economy,S1,Total economy,POP,Total population,_Z,Not applicable,_Z,Not applicable,_Z,Not applicable,PS,Persons,_Z,Not applicable,N,Non transformed data,T0110,Table 0110 - Population and employment,2022,,1331.796,,,,F,Free (free for publication),2,Two,A,Normal value,3,Thousands,_Z,Not applicable
DATAFLOW,OECD.SDD.NAD:DSD_NAMAIN10@DF_TABLE3_POP_EMPNC(2.0),"Annual population and employment, national concept",I,A,Annual,FIN,Finland,S1,Total economy,S1,Total economy,POP,Total population,_Z,Not applicable,_Z,Not applicable,_Z,Not applicable,PS,Persons,_Z,Not applicable,N,Non transformed data,T0110,Table 0110 - Population and employment,2022,,5556.9,,,,F,Free (free for publication),2,Two,A,Normal value,3,Thousands,_Z,Not applicable
DATAFLOW,OECD.SDD.NAD:DSD_NAMAIN10@DF_TABLE3_POP_EMPNC(2.0),"Annual population and employment, national concept",I,A,Annual,HUN,Hungary,S1,Total economy,S1,Total economy,POP,Total population,_Z,Not applicable,_Z,Not applicable,_Z,Not applicable,PS,Persons,_Z,Not applicable,N,Non transformed data,T0110,Table 0110 - Population and employment,2022,,9605.074,,,,F,Free (free for publication),2,Two,A,Normal value,3,Thousands,_Z,Not applicable
DATAFLOW,OECD.SDD.NAD:DSD_NAMAIN10@DF_TABLE3_POP_EMPNC(2.0),"Annual population and employment, national concept",I,A,Annual,IRL,Ireland,S1,Total economy,S1,Total economy,POP,Total population,_Z,Not applicable,_Z,Not applicable,_Z,Not applicable,PS,Persons,_Z,Not applicable,N,Non transformed data,T0110,Table 0110 - Population and employment,2022,,5199.746,,,,F,Free (free for publication),2,Two,A,Normal value,3,Thousands,_Z,Not applicable
DATAFLOW,OECD.SDD.NAD:DSD_NAMAIN10@DF_TABLE3_POP_EMPNC(2.0),"Annual population and employment, national concept",I,A,Annual,ITA,Italy,S1,Total economy,S1,Total economy,POP,Total population,_Z,Not applicable,_Z,Not applicable,_Z,Not applicable,PS,Persons,_Z,Not applicable,N,Non transformed data,T0110,Table 0110 - Population and employment,2022,,59013.7,,,,F,Free (free for publication),2,Two,A,Normal value,3,Thousands,_Z,Not applicable
DATAFLOW,OECD.SDD.NAD:DSD_NAMAIN10@DF_TABLE3_POP_EMPNC(2.0),"Annual population and employment, national concept",I,A,Annual,KOR,Korea,S1,Total economy,S1,Total economy,POP,Total population,_Z,Not applicable,_Z,Not applicable,_Z,Not applicable,PS,Persons,_Z,Not applicable,N,Non transformed data,T0110,Table 0110 - Population and employment,2022,,51673,,,,F,Free (free for publication),2,Two,A,Normal value,3,Thousands,_Z,Not applicable
DATAFLOW,OECD.SDD.NAD:DSD_NAMAIN10@DF_TABLE3_POP_EMPNC(2.0),"Annual population and employment, national concept",I,A,Annual,LVA,Latvia,S1,Total economy,S1,Total economy,POP,Total population,_Z,Not applicable,_Z,Not applicable,_Z,Not applicable,PS,Persons,_Z,Not applicable,N,Non transformed data,T0110,Table 0110 - Population and employment,2022,,1886.225,,,,F,Free (free for publication),2,Two,A,Normal value,3,Thousands,_Z,Not applicable
DATAFLOW,OECD.SDD.NAD:DSD_NAMAIN10@DF_TABLE3_POP_EMPNC(2.0),"Annual population and employment, national concept",I,A,Annual,LTU,Lithuania,S1,Total economy,S1,Total economy,POP,Total population,_Z,Not applicable,_Z,Not applicable,_Z,Not applicable,PS,Persons,_Z,Not applicable,N,Non transformed data,T0110,Table 0110 - Population and employment,2022,,2831.638,,,,F,Free (free for publication),2,Two,A,Normal value,3,Thousands,_Z,Not applicable
DATAFLOW,OECD.SDD.NAD:DSD_NAMAIN10@DF_TABLE3_POP_EMPNC(2.0),"Annual population and employment, national concept",I,A,Annual,LUX,Luxembourg,S1,Total economy,S1,Total economy,POP,Total population,_Z,Not applicable,_Z,Not applicable,_Z,Not applicable,PS,Persons,_Z,Not applicable,N,Non transformed data,T0110,Table 0110 - Population and employment,2022,,655.277,,,,F,Free (free for publication),2,Two,A,Normal value,3,Thousands,_Z,Not applicable
DATAFLOW,OECD.SDD.NAD:DSD_NAMAIN10@DF_TABLE3_POP_EMPNC(2.0),"Annual population and employment, national concept",I,A,Annual,PRT,Portugal,S1,Total economy,S1,Total economy,POP,Total population,_Z,Not applicable,_Z,Not applicable,_Z,Not applicable,PS,Persons,_Z,Not applicable,N,Non transformed data,T0110,Table 0110 - Population and employment,2022,,10468.869,,,,F,Free (free for publication),2,Two,A,Normal value,3,Thousands,_Z,Not applicable
DATAFLOW,OECD.SDD.NAD:DSD_NAMAIN10@DF_TABLE3_POP_EMPNC(2.0),"Annual population and employment, national concept",I,A,Annual,SVK,Slovak Republic,S1,Total economy,S1,Total economy,POP,Total population,_Z,Not applicable,_Z,Not applicable,_Z,Not applicable,PS,Persons,_Z,Not applicable,N,Non transformed data,T0110,Table 0110 - Population and employment,2022,,5457.173,,,,F,Free (free for publication),2,Two,A,Normal value,3,Thousands,_Z,Not applicable
DATAFLOW,OECD.SDD.NAD:DSD_NAMAIN10@DF_TABLE3_POP_EMPNC(2.0),"Annual population and employment, national concept",I,A,Annual,SVN,Slovenia,S1,Total economy,S1,Total economy,POP,Total population,_Z,Not applicable,_Z,Not applicable,_Z,Not applicable,PS,Persons,_Z,Not applicable,N,Non transformed data,T0110,Table 0110 - Population and employment,2022,,2109.393,,,,F,Free (free for publication),2,Two,A,Normal value,3,Thousands,_Z,Not applicable
DATAFLOW,OECD.SDD.NAD:DSD_NAMAIN10@DF_TABLE3_POP_EMPNC(2.0),"Annual population and employment, national concept",I,A,Annual,SWE,Sweden,S1,Total economy,S1,Total economy,POP,Total population,_Z,Not applicable,_Z,Not applicable,_Z,Not applicable,PS,Persons,_Z,Not applicable,N,Non transformed data,T0110,Table 0110 - Population and employment,2022,,10527.17775,,,,F,Free (free for publication),2,Two,A,Normal value,3,Thousands,_Z,Not applicable
DATAFLOW,OECD.SDD.NAD:DSD_NAMAIN10@DF_TABLE3_POP_EMPNC(2.0),"Annual population and employment, national concept",I,A,Annual,COL,Colombia,S1,Total economy,S1,Total economy,POP,Total population,_Z,Not applicable,_Z,Not applicable,_Z,Not applicable,PS,Persons,_Z,Not applicable,N,Non transformed data,T0110,Table 0110 - Population and employment,2023,,51027.875574,,,,F,Free (free for publication),2,Two,A,Normal value,3,Thousands,_Z,Not applicable
DATAFLOW,OECD.SDD.NAD:DSD_NAMAIN10@DF_TABLE3_POP_EMPNC(2.0),"Annual population and employment, national concept",I,A,Annual,CRI,Costa Rica,S1,Total economy,S1,Total economy,POP,Total population,_Z,Not applicable,_Z,Not applicable,_Z,Not applicable,PS,Persons,_Z,Not applicable,N,Non transformed data,T0110,Table 0110 - Population and employment,2023,,5260.078,,,,F,Free (free for publication),2,Two,A,Normal value,3,Thousands,_Z,Not applicable
DATAFLOW,OECD.SDD.NAD:DSD_NAMAIN10@DF_TABLE3_POP_EMPNC(2.0),"Annual population and employment, national concept",I,A,Annual,CZE,Czechia,S1,Total economy,S1,Total economy,POP,Total population,_Z,Not applicable,_Z,Not applicable,_Z,Not applicable,PS,Persons,_Z,Not applicable,N,Non transformed data,T0110,Table 0110 - Population and employment,2023,,10878.042,,,,F,Free (free for publication),2,Two,A,Normal value,3,Thousands,_Z,Not applicable
DATAFLOW,OECD.SDD.NAD:DSD_NAMAIN10@DF_TABLE3_POP_EMPNC(2.0),"Annual population and employment, national concept",I,A,Annual,DNK,Denmark,S1,Total economy,S1,Total economy,POP,Total population,_Z,Not applicable,_Z,Not applicable,_Z,Not applicable,PS,Persons,_Z,Not applicable,N,Non transformed data,T0110,Table 0110 - Population and employment,2023,,5947.987,,,,F,Free (free for publication),2,Two,A,Normal value,3,Thousands,_Z,Not applicable
DATAFLOW,OECD.SDD.NAD:DSD_NAMAIN10@DF_TABLE3_POP_EMPNC(2.0),"Annual population and employment, national concept",I,A,Annual,EST,Estonia,S1,Total economy,S1,Total economy,POP,Total population,_Z,Not applicable,_Z,Not applicable,_Z,Not applicable,PS,Persons,_Z,Not applicable,N,Non transformed data,T0110,Table 0110 - Population and employment,2023,,1365.884,,,,F,Free (free for publication),2,Two,A,Normal value,3,Thousands,_Z,Not applicable
DATAFLOW,OECD.SDD.NAD:DSD_NAMAIN10@DF_TABLE3_POP_EMPNC(2.0),"Annual population and employment, national concept",I,A,Annual,FIN,Finland,S1,Total economy,S1,Total economy,POP,Total population,_Z,Not applicable,_Z,Not applicable,_Z,Not applicable,PS,Persons,_Z,Not applicable,N,Non transformed data,T0110,Table 0110 - Population and employment,2023,,5577.4,,,,F,Free (free for publication),2,Two,A,Normal value,3,Thousands,_Z,Not applicable
DATAFLOW,OECD.SDD.NAD:DSD_NAMAIN10@DF_TABLE3_POP_EMPNC(2.0),"Annual population and employment, national concept",I,A,Annual,IRL,Ireland,S1,Total economy,S1,Total economy,POP,Total population,_Z,Not applicable,_Z,Not applicable,_Z,Not applicable,PS,Persons,_Z,Not applicable,N,Non transformed data,T0110,Table 0110 - Population and employment,2023,,5295.866,,,,F,Free (free for publication),2,Two,A,Normal value,3,Thousands,_Z,Not applicable
DATAFLOW,OECD.SDD.NAD:DSD_NAMAIN10@DF_TABLE3_POP_EMPNC(2.0),"Annual population and employment, national concept",I,A,Annual,KOR,Korea,S1,Total economy,S1,Total economy,POP,Total population,_Z,Not applicable,_Z,Not applicable,_Z,Not applicable,PS,Persons,_Z,Not applicable,N,Non transformed data,T0110,Table 0110 - Population and employment,2023,,51713,,,,F,Free (free for publication),2,Two,A,Normal value,3,Thousands,_Z,Not applicable
DATAFLOW,OECD.SDD.NAD:DSD_NAMAIN10@DF_TABLE3_POP_EMPNC(2.0),"Annual population and employment, national concept",I,A,Annual,LVA,Latvia,S1,Total economy,S1,Total economy,POP,Total population,_Z,Not applicable,_Z,Not applicable,_Z,Not applicable,PS,Persons,_Z,Not applicable,N,Non transformed data,T0110,Table 0110 - Population and employment,2023,,1881.538,,,,F,Free (free for publication),2,Two,A,Normal value,3,Thousands,_Z,Not applicable
DATAFLOW,OECD.SDD.NAD:DSD_NAMAIN10@DF_TABLE3_POP_EMPNC(2.0),"Annual population and employment, national concept",I,A,Annual,LTU,Lithuania,S1,Total economy,S1,Total economy,POP,Total population,_Z,Not applicable,_Z,Not applicable,_Z,Not applicable,PS,Persons,_Z,Not applicable,N,Non transformed data,T0110,Table 0110 - Population and employment,2023,,2871.585,,,,F,Free (free for publication),2,Two,A,Normal value,3,Thousands,_Z,Not applicable
DATAFLOW,OECD.SDD.NAD:DSD_NAMAIN10@DF_TABLE3_POP_EMPNC(2.0),"Annual population and employment, national concept",I,A,Annual,LUX,Luxembourg,S1,Total economy,S1,Total economy,POP,Total population,_Z,Not applicable,_Z,Not applicable,_Z,Not applicable,PS,Persons,_Z,Not applicable,N,Non transformed data,T0110,Table 0110 - Population and employment,2023,,667.755,,,,F,Free (free for publication),2,Two,A,Normal value,3,Thousands,_Z,Not applicable
DATAFLOW,OECD.SDD.NAD:DSD_NAMAIN10@DF_TABLE3_POP_EMPNC(2.0),"Annual population and employment, national concept",I,A,Annual,POL,Poland,S1,Total economy,S1,Total economy,POP,Total population,_Z,Not applicable,_Z,Not applicable,_Z,Not applicable,PS,Persons,_Z,Not applicable,N,Non transformed data,T0110,Table 0110 - Population and employment,2023,,37630.448,,,,F,Free (free for publication),2,Two,A,Normal value,3,Thousands,_Z,Not applicable
DATAFLOW,OECD.SDD.NAD:DSD_NAMAIN10@DF_TABLE3_POP_EMPNC(2.0),"Annual population and employment, national concept",I,A,Annual,SVK,Slovak Republic,S1,Total economy,S1,Total economy,POP,Total population,_Z,Not applicable,_Z,Not applicable,_Z,Not applicable,PS,Persons,_Z,Not applicable,N,Non transformed data,T0110,Table 0110 - Population and employment,2023,,5457.49,,,,F,Free (free for publication),2,Two,A,Normal value,3,Thousands,_Z,Not applicable
DATAFLOW,OECD.SDD.NAD:DSD_NAMAIN10@DF_TABLE3_POP_EMPNC(2.0),"Annual population and employment, national concept",I,A,Annual,SVN,Slovenia,S1,Total economy,S1,Total economy,POP,Total population,_Z,Not applicable,_Z,Not applicable,_Z,Not applicable,PS,Persons,_Z,Not applicable,N,Non transformed data,T0110,Table 0110 - Population and employment,2023,,2120.544,,,,F,Free (free for publication),2,Two,A,Normal value,3,Thousands,_Z,Not applicable
DATAFLOW,OECD.SDD.NAD:DSD_NAMAIN10@DF_TABLE3_POP_EMPNC(2.0),"Annual population and employment, national concept",I,A,Annual,SWE,Sweden,S1,Total economy,S1,Total economy,POP,Total population,_Z,Not applicable,_Z,Not applicable,_Z,Not applicable,PS,Persons,_Z,Not applicable,N,Non transformed data,T0110,Table 0110 - Population and employment,2023,,10599.407,,,,F,Free (free for publication),2,Two,A,Normal value,3,Thousands,_Z,Not applicable
DATAFLOW,OECD.SDD.NAD:DSD_NAMAIN10@DF_TABLE3_POP_EMPNC(2.0),"Annual population and employment, national concept",I,A,Annual,AUT,Austria,S1,Total economy,S1,Total economy,POP,Total population,_Z,Not applicable,_Z,Not applicable,_Z,Not applicable,PS,Persons,_Z,Not applicable,N,Non transformed data,T0110,Table 0110 - Population and employment,1988,,7585.317,,,,F,Free (free for publication),2,Two,E,Estimated value,3,Thousands,_Z,Not applicable
DATAFLOW,OECD.SDD.NAD:DSD_NAMAIN10@DF_TABLE3_POP_EMPNC(2.0),"Annual population and employment, national concept",I,A,Annual,COL,Colombia,S1,Total economy,S1,Total economy,POP,Total population,_Z,Not applicable,_Z,Not applicable,_Z,Not applicable,PS,Persons,_Z,Not applicable,N,Non transformed data,T0110,Table 0110 - Population and employment,1988,,30997.516028,,,,F,Free (free for publication),2,Two,E,Estimated value,3,Thousands,_Z,Not applicable
DATAFLOW,OECD.SDD.NAD:DSD_NAMAIN10@DF_TABLE3_POP_EMPNC(2.0),"Annual population and employment, national concept",I,A,Annual,CZE,Czechia,S1,Total economy,S1,Total economy,POP,Total population,_Z,Not applicable,_Z,Not applicable,_Z,Not applicable,PS,Persons,_Z,Not applicable,N,Non transformed data,T0110,Table 0110 - Population and employment,1988,,10356,,,,F,Free (free for publication),2,Two,E,Estimated value,3,Thousands,_Z,Not applicable
DATAFLOW,OECD.SDD.NAD:DSD_NAMAIN10@DF_TABLE3_POP_EMPNC(2.0),"Annual population and employment, national concept",I,A,Annual,GRC,Greece,S1,Total economy,S1,Total economy,POP,Total population,_Z,Not applicable,_Z,Not applicable,_Z,Not applicable,PS,Persons,_Z,Not applicable,N,Non transformed data,T0110,Table 0110 - Population and employment,1988,,10140.953355,,,,F,Free (free for publication),2,Two,E,Estimated value,3,Thousands,_Z,Not applicable
DATAFLOW,OECD.SDD.NAD:DSD_NAMAIN10@DF_TABLE3_POP_EMPNC(2.0),"Annual population and employment, national concept",I,A,Annual,HUN,Hungary,S1,Total economy,S1,Total economy,POP,Total population,_Z,Not applicable,_Z,Not applicable,_Z,Not applicable,PS,Persons,_Z,Not applicable,N,Non transformed data,T0110,Table 0110 - Population and employment,1988,,10443,,,,F,Free (free for publication),2,Two,E,Estimated value,3,Thousands,_Z,Not applicable
DATAFLOW,OECD.SDD.NAD:DSD_NAMAIN10@DF_TABLE3_POP_EMPNC(2.0),"Annual population and employment, national concept",I,A,Annual,IRL,Ireland,S1,Total economy,S1,Total economy,POP,Total population,_Z,Not applicable,_Z,Not applicable,_Z,Not applicable,PS,Persons,_Z,Not applicable,N,Non transformed data,T0110,Table 0110 - Population and employment,1988,,3531,,,,F,Free (free for publication),2,Two,E,Estimated value,3,Thousands,_Z,Not applicable
DATAFLOW,OECD.SDD.NAD:DSD_NAMAIN10@DF_TABLE3_POP_EMPNC(2.0),"Annual population and employment, national concept",I,A,Annual,LUX,Luxembourg,S1,Total economy,S1,Total economy,POP,Total population,_Z,Not applicable,_Z,Not applicable,_Z,Not applicable,PS,Persons,_Z,Not applicable,N,Non transformed data,T0110,Table 0110 - Population and employment,1988,,373.910957,,,,F,Free (free for publication),2,Two,E,Estimated value,3,Thousands,_Z,Not applicable
DATAFLOW,OECD.SDD.NAD:DSD_NAMAIN10@DF_TABLE3_POP_EMPNC(2.0),"Annual population and employment, national concept",I,A,Annual,NLD,Netherlands,S1,Total economy,S1,Total economy,POP,Total population,_Z,Not applicable,_Z,Not applicable,_Z,Not applicable,PS,Persons,_Z,Not applicable,N,Non transformed data,T0110,Table 0110 - Population and employment,1988,,14759.360442,,,,F,Free (free for publication),2,Two,E,Estimated value,3,Thousands,_Z,Not applicable
DATAFLOW,OECD.SDD.NAD:DSD_NAMAIN10@DF_TABLE3_POP_EMPNC(2.0),"Annual population and employment, national concept",I,A,Annual,POL,Poland,S1,Total economy,S1,Total economy,POP,Total population,_Z,Not applicable,_Z,Not applicable,_Z,Not applicable,PS,Persons,_Z,Not applicable,N,Non transformed data,T0110,Table 0110 - Population and employment,1988,,37862.494611,,,,F,Free (free for publication),2,Two,E,Estimated value,3,Thousands,_Z,Not applicable
DATAFLOW,OECD.SDD.NAD:DSD_NAMAIN10@DF_TABLE3_POP_EMPNC(2.0),"Annual population and employment, national concept",I,A,Annual,PRT,Portugal,S1,Total economy,S1,Total economy,POP,Total population,_Z,Not applicable,_Z,Not applicable,_Z,Not applicable,PS,Persons,_Z,Not applicable,N,Non transformed data,T0110,Table 0110 - Population and employment,1988,,10064.651312,,,,F,Free (free for publication),2,Two,E,Estimated value,3,Thousands,_Z,Not applicable
DATAFLOW,OECD.SDD.NAD:DSD_NAMAIN10@DF_TABLE3_POP_EMPNC(2.0),"Annual population and employment, national concept",I,A,Annual,SWE,Sweden,S1,Total economy,S1,Total economy,POP,Total population,_Z,Not applicable,_Z,Not applicable,_Z,Not applicable,PS,Persons,_Z,Not applicable,N,Non transformed data,T0110,Table 0110 - Population and employment,1988,,8438.628186,,,,F,Free (free for publication),2,Two,E,Estimated value,3,Thousands,_Z,Not applicable
DATAFLOW,OECD.SDD.NAD:DSD_NAMAIN10@DF_TABLE3_POP_EMPNC(2.0),"Annual population and employment, national concept",I,A,Annual,AUT,Austria,S1,Total economy,S1,Total economy,POP,Total population,_Z,Not applicable,_Z,Not applicable,_Z,Not applicable,PS,Persons,_Z,Not applicable,N,Non transformed data,T0110,Table 0110 - Population and employment,1989,,7619.566,,,,F,Free (free for publication),2,Two,E,Estimated value,3,Thousands,_Z,Not applicable
DATAFLOW,OECD.SDD.NAD:DSD_NAMAIN10@DF_TABLE3_POP_EMPNC(2.0),"Annual population and employment, national concept",I,A,Annual,COL,Colombia,S1,Total economy,S1,Total economy,POP,Total population,_Z,Not applicable,_Z,Not applicable,_Z,Not applicable,PS,Persons,_Z,Not applicable,N,Non transformed data,T0110,Table 0110 - Population and employment,1989,,31640.605192,,,,F,Free (free for publication),2,Two,E,Estimated value,3,Thousands,_Z,Not applicable
DATAFLOW,OECD.SDD.NAD:DSD_NAMAIN10@DF_TABLE3_POP_EMPNC(2.0),"Annual population and employment, national concept",I,A,Annual,CZE,Czechia,S1,Total economy,S1,Total economy,POP,Total population,_Z,Not applicable,_Z,Not applicable,_Z,Not applicable,PS,Persons,_Z,Not applicable,N,Non transformed data,T0110,Table 0110 - Population and employment,1989,,10362,,,,F,Free (free for publication),2,Two,E,Estimated value,3,Thousands,_Z,Not applicable
DATAFLOW,OECD.SDD.NAD:DSD_NAMAIN10@DF_TABLE3_POP_EMPNC(2.0),"Annual population and employment, national concept",I,A,Annual,GRC,Greece,S1,Total economy,S1,Total economy,POP,Total population,_Z,Not applicable,_Z,Not applicable,_Z,Not applicable,PS,Persons,_Z,Not applicable,N,Non transformed data,T0110,Table 0110 - Population and employment,1989,,10194.487275,,,,F,Free (free for publication),2,Two,E,Estimated value,3,Thousands,_Z,Not applicable
DATAFLOW,OECD.SDD.NAD:DSD_NAMAIN10@DF_TABLE3_POP_EMPNC(2.0),"Annual population and employment, national concept",I,A,Annual,HUN,Hungary,S1,Total economy,S1,Total economy,POP,Total population,_Z,Not applicable,_Z,Not applicable,_Z,Not applicable,PS,Persons,_Z,Not applicable,N,Non transformed data,T0110,Table 0110 - Population and employment,1989,,10398,,,,F,Free (free for publication),2,Two,E,Estimated value,3,Thousands,_Z,Not applicable
DATAFLOW,OECD.SDD.NAD:DSD_NAMAIN10@DF_TABLE3_POP_EMPNC(2.0),"Annual population and employment, national concept",I,A,Annual,IRL,Ireland,S1,Total economy,S1,Total economy,POP,Total population,_Z,Not applicable,_Z,Not applicable,_Z,Not applicable,PS,Persons,_Z,Not applicable,N,Non transformed data,T0110,Table 0110 - Population and employment,1989,,3510,,,,F,Free (free for publication),2,Two,E,Estimated value,3,Thousands,_Z,Not applicable
DATAFLOW,OECD.SDD.NAD:DSD_NAMAIN10@DF_TABLE3_POP_EMPNC(2.0),"Annual population and employment, national concept",I,A,Annual,LUX,Luxembourg,S1,Total economy,S1,Total economy,POP,Total population,_Z,Not applicable,_Z,Not applicable,_Z,Not applicable,PS,Persons,_Z,Not applicable,N,Non transformed data,T0110,Table 0110 - Population and employment,1989,,377.611065,,,,F,Free (free for publication),2,Two,E,Estimated value,3,Thousands,_Z,Not applicable
DATAFLOW,OECD.SDD.NAD:DSD_NAMAIN10@DF_TABLE3_POP_EMPNC(2.0),"Annual population and employment, national concept",I,A,Annual,NLD,Netherlands,S1,Total economy,S1,Total economy,POP,Total population,_Z,Not applicable,_Z,Not applicable,_Z,Not applicable,PS,Persons,_Z,Not applicable,N,Non transformed data,T0110,Table 0110 - Population and employment,1989,,14845.356716,,,,F,Free (free for publication),2,Two,E,Estimated value,3,Thousands,_Z,Not applicable
DATAFLOW,OECD.SDD.NAD:DSD_NAMAIN10@DF_TABLE3_POP_EMPNC(2.0),"Annual population and employment, national concept",I,A,Annual,POL,Poland,S1,Total economy,S1,Total economy,POP,Total population,_Z,Not applicable,_Z,Not applicable,_Z,Not applicable,PS,Persons,_Z,Not applicable,N,Non transformed data,T0110,Table 0110 - Population and employment,1989,,37937.495591,,,,F,Free (free for publication),2,Two,E,Estimated value,3,Thousands,_Z,Not applicable
DATAFLOW,OECD.SDD.NAD:DSD_NAMAIN10@DF_TABLE3_POP_EMPNC(2.0),"Annual population and employment, national concept",I,A,Annual,PRT,Portugal,S1,Total economy,S1,Total economy,POP,Total population,_Z,Not applicable,_Z,Not applicable,_Z,Not applicable,PS,Persons,_Z,Not applicable,N,Non transformed data,T0110,Table 0110 - Population and employment,1989,,10033.350731,,,,F,Free (free for publication),2,Two,E,Estimated value,3,Thousands,_Z,Not applicable
DATAFLOW,OECD.SDD.NAD:DSD_NAMAIN10@DF_TABLE3_POP_EMPNC(2.0),"Annual population and employment, national concept",I,A,Annual,SWE,Sweden,S1,Total economy,S1,Total economy,POP,Total population,_Z,Not applicable,_Z,Not applicable,_Z,Not applicable,PS,Persons,_Z,Not applicable,N,Non transformed data,T0110,Table 0110 - Population and employment,1989,,8495.645944,,,,F,Free (free for publication),2,Two,E,Estimated value,3,Thousands,_Z,Not applicable
DATAFLOW,OECD.SDD.NAD:DSD_NAMAIN10@DF_TABLE3_POP_EMPNC(2.0),"Annual population and employment, national concept",I,A,Annual,AUT,Austria,S1,Total economy,S1,Total economy,POP,Total population,_Z,Not applicable,_Z,Not applicable,_Z,Not applicable,PS,Persons,_Z,Not applicable,N,Non transformed data,T0110,Table 0110 - Population and employment,1990,,7677.85,,,,F,Free (free for publication),2,Two,E,Estimated value,3,Thousands,_Z,Not applicable
DATAFLOW,OECD.SDD.NAD:DSD_NAMAIN10@DF_TABLE3_POP_EMPNC(2.0),"Annual population and employment, national concept",I,A,Annual,COL,Colombia,S1,Total economy,S1,Total economy,POP,Total population,_Z,Not applicable,_Z,Not applicable,_Z,Not applicable,PS,Persons,_Z,Not applicable,N,Non transformed data,T0110,Table 0110 - Population and employment,1990,,32286.823708,,,,F,Free (free for publication),2,Two,E,Estimated value,3,Thousands,_Z,Not applicable
DATAFLOW,OECD.SDD.NAD:DSD_NAMAIN10@DF_TABLE3_POP_EMPNC(2.0),"Annual population and employment, national concept",I,A,Annual,CZE,Czechia,S1,Total economy,S1,Total economy,POP,Total population,_Z,Not applicable,_Z,Not applicable,_Z,Not applicable,PS,Persons,_Z,Not applicable,N,Non transformed data,T0110,Table 0110 - Population and employment,1990,,10362.74,,,,F,Free (free for publication),2,Two,E,Estimated value,3,Thousands,_Z,Not applicable
DATAFLOW,OECD.SDD.NAD:DSD_NAMAIN10@DF_TABLE3_POP_EMPNC(2.0),"Annual population and employment, national concept",I,A,Annual,GRC,Greece,S1,Total economy,S1,Total economy,POP,Total population,_Z,Not applicable,_Z,Not applicable,_Z,Not applicable,PS,Persons,_Z,Not applicable,N,Non transformed data,T0110,Table 0110 - Population and employment,1990,,10266.296226,,,,F,Free (free for publication),2,Two,E,Estimated value,3,Thousands,_Z,Not applicable
DATAFLOW,OECD.SDD.NAD:DSD_NAMAIN10@DF_TABLE3_POP_EMPNC(2.0),"Annual population and employment, national concept",I,A,Annual,HUN,Hungary,S1,Total economy,S1,Total economy,POP,Total population,_Z,Not applicable,_Z,Not applicable,_Z,Not applicable,PS,Persons,_Z,Not applicable,N,Non transformed data,T0110,Table 0110 - Population and employment,1990,,10365,,,,F,Free (free for publication),2,Two,E,Estimated value,3,Thousands,_Z,Not applicable
DATAFLOW,OECD.SDD.NAD:DSD_NAMAIN10@DF_TABLE3_POP_EMPNC(2.0),"Annual population and employment, national concept",I,A,Annual,LUX,Luxembourg,S1,Total economy,S1,Total economy,POP,Total population,_Z,Not applicable,_Z,Not applicable,_Z,Not applicable,PS,Persons,_Z,Not applicable,N,Non transformed data,T0110,Table 0110 - Population and employment,1990,,381.911191,,,,F,Free (free for publication),2,Two,E,Estimated value,3,Thousands,_Z,Not applicable
DATAFLOW,OECD.SDD.NAD:DSD_NAMAIN10@DF_TABLE3_POP_EMPNC(2.0),"Annual population and employment, national concept",I,A,Annual,NLD,Netherlands,S1,Total economy,S1,Total economy,POP,Total population,_Z,Not applicable,_Z,Not applicable,_Z,Not applicable,PS,Persons,_Z,Not applicable,N,Non transformed data,T0110,Table 0110 - Population and employment,1990,,14946.352339,,,,F,Free (free for publication),2,Two,E,Estimated value,3,Thousands,_Z,Not applicable
DATAFLOW,OECD.SDD.NAD:DSD_NAMAIN10@DF_TABLE3_POP_EMPNC(2.0),"Annual population and employment, national concept",I,A,Annual,POL,Poland,S1,Total economy,S1,Total economy,POP,Total population,_Z,Not applicable,_Z,Not applicable,_Z,Not applicable,PS,Persons,_Z,Not applicable,N,Non transformed data,T0110,Table 0110 - Population and employment,1990,,38031.496819,,,,F,Free (free for publication),2,Two,E,Estimated value,3,Thousands,_Z,Not applicable
DATAFLOW,OECD.SDD.NAD:DSD_NAMAIN10@DF_TABLE3_POP_EMPNC(2.0),"Annual population and employment, national concept",I,A,Annual,PRT,Portugal,S1,Total economy,S1,Total economy,POP,Total population,_Z,Not applicable,_Z,Not applicable,_Z,Not applicable,PS,Persons,_Z,Not applicable,N,Non transformed data,T0110,Table 0110 - Population and employment,1990,,9994.982277,,,,F,Free (free for publication),2,Two,E,Estimated value,3,Thousands,_Z,Not applicable
DATAFLOW,OECD.SDD.NAD:DSD_NAMAIN10@DF_TABLE3_POP_EMPNC(2.0),"Annual population and employment, national concept",I,A,Annual,SVK,Slovak Republic,S1,Total economy,S1,Total economy,POP,Total population,_Z,Not applicable,_Z,Not applicable,_Z,Not applicable,PS,Persons,_Z,Not applicable,N,Non transformed data,T0110,Table 0110 - Population and employment,1990,,5297.999753,,,,F,Free (free for publication),2,Two,E,Estimated value,3,Thousands,_Z,Not applicable
DATAFLOW,OECD.SDD.NAD:DSD_NAMAIN10@DF_TABLE3_POP_EMPNC(2.0),"Annual population and employment, national concept",I,A,Annual,SWE,Sweden,S1,Total economy,S1,Total economy,POP,Total population,_Z,Not applicable,_Z,Not applicable,_Z,Not applicable,PS,Persons,_Z,Not applicable,N,Non transformed data,T0110,Table 0110 - Population and employment,1990,,8561.666506,,,,F,Free (free for publication),2,Two,E,Estimated value,3,Thousands,_Z,Not applicable
DATAFLOW,OECD.SDD.NAD:DSD_NAMAIN10@DF_TABLE3_POP_EMPNC(2.0),"Annual population and employment, national concept",I,A,Annual,AUT,Austria,S1,Total economy,S1,Total economy,POP,Total population,_Z,Not applicable,_Z,Not applicable,_Z,Not applicable,PS,Persons,_Z,Not applicable,N,Non transformed data,T0110,Table 0110 - Population and employment,1991,,7754.891,,,,F,Free (free for publication),2,Two,E,Estimated value,3,Thousands,_Z,Not applicable
DATAFLOW,OECD.SDD.NAD:DSD_NAMAIN10@DF_TABLE3_POP_EMPNC(2.0),"Annual population and employment, national concept",I,A,Annual,COL,Colombia,S1,Total economy,S1,Total economy,POP,Total population,_Z,Not applicable,_Z,Not applicable,_Z,Not applicable,PS,Persons,_Z,Not applicable,N,Non transformed data,T0110,Table 0110 - Population and employment,1991,,32949.53848,,,,F,Free (free for publication),2,Two,E,Estimated value,3,Thousands,_Z,Not applicable
DATAFLOW,OECD.SDD.NAD:DSD_NAMAIN10@DF_TABLE3_POP_EMPNC(2.0),"Annual population and employment, national concept",I,A,Annual,CZE,Czechia,S1,Total economy,S1,Total economy,POP,Total population,_Z,Not applicable,_Z,Not applicable,_Z,Not applicable,PS,Persons,_Z,Not applicable,N,Non transformed data,T0110,Table 0110 - Population and employment,1991,,10308.682,,,,F,Free (free for publication),2,Two,E,Estimated value,3,Thousands,_Z,Not applicable
DATAFLOW,OECD.SDD.NAD:DSD_NAMAIN10@DF_TABLE3_POP_EMPNC(2.0),"Annual population and employment, national concept",I,A,Annual,GRC,Greece,S1,Total economy,S1,Total economy,POP,Total population,_Z,Not applicable,_Z,Not applicable,_Z,Not applicable,PS,Persons,_Z,Not applicable,N,Non transformed data,T0110,Table 0110 - Population and employment,1991,,10353.20194,,,,F,Free (free for publication),2,Two,E,Estimated value,3,Thousands,_Z,Not applicable
DATAFLOW,OECD.SDD.NAD:DSD_NAMAIN10@DF_TABLE3_POP_EMPNC(2.0),"Annual population and employment, national concept",I,A,Annual,HUN,Hungary,S1,Total economy,S1,Total economy,POP,Total population,_Z,Not applicable,_Z,Not applicable,_Z,Not applicable,PS,Persons,_Z,Not applicable,N,Non transformed data,T0110,Table 0110 - Population and employment,1991,,10346,,,,F,Free (free for publication),2,Two,E,Estimated value,3,Thousands,_Z,Not applicable
DATAFLOW,OECD.SDD.NAD:DSD_NAMAIN10@DF_TABLE3_POP_EMPNC(2.0),"Annual population and employment, national concept",I,A,Annual,LUX,Luxembourg,S1,Total economy,S1,Total economy,POP,Total population,_Z,Not applicable,_Z,Not applicable,_Z,Not applicable,PS,Persons,_Z,Not applicable,N,Non transformed data,T0110,Table 0110 - Population and employment,1991,,387.111344,,,,F,Free (free for publication),2,Two,E,Estimated value,3,Thousands,_Z,Not applicable
DATAFLOW,OECD.SDD.NAD:DSD_NAMAIN10@DF_TABLE3_POP_EMPNC(2.0),"Annual population and employment, national concept",I,A,Annual,NLD,Netherlands,S1,Total economy,S1,Total economy,POP,Total population,_Z,Not applicable,_Z,Not applicable,_Z,Not applicable,PS,Persons,_Z,Not applicable,N,Non transformed data,T0110,Table 0110 - Population and employment,1991,,15067.347096,,,,F,Free (free for publication),2,Two,E,Estimated value,3,Thousands,_Z,Not applicable
DATAFLOW,OECD.SDD.NAD:DSD_NAMAIN10@DF_TABLE3_POP_EMPNC(2.0),"Annual population and employment, national concept",I,A,Annual,POL,Poland,S1,Total economy,S1,Total economy,POP,Total population,_Z,Not applicable,_Z,Not applicable,_Z,Not applicable,PS,Persons,_Z,Not applicable,N,Non transformed data,T0110,Table 0110 - Population and employment,1991,,38109.497838,,,,F,Free (free for publication),2,Two,E,Estimated value,3,Thousands,_Z,Not applicable
DATAFLOW,OECD.SDD.NAD:DSD_NAMAIN10@DF_TABLE3_POP_EMPNC(2.0),"Annual population and employment, national concept",I,A,Annual,PRT,Portugal,S1,Total economy,S1,Total economy,POP,Total population,_Z,Not applicable,_Z,Not applicable,_Z,Not applicable,PS,Persons,_Z,Not applicable,N,Non transformed data,T0110,Table 0110 - Population and employment,1991,,9966.710785,,,,F,Free (free for publication),2,Two,E,Estimated value,3,Thousands,_Z,Not applicable
DATAFLOW,OECD.SDD.NAD:DSD_NAMAIN10@DF_TABLE3_POP_EMPNC(2.0),"Annual population and employment, national concept",I,A,Annual,SVK,Slovak Republic,S1,Total economy,S1,Total economy,POP,Total population,_Z,Not applicable,_Z,Not applicable,_Z,Not applicable,PS,Persons,_Z,Not applicable,N,Non transformed data,T0110,Table 0110 - Population and employment,1991,,5282.999754,,,,F,Free (free for publication),2,Two,E,Estimated value,3,Thousands,_Z,Not applicable
DATAFLOW,OECD.SDD.NAD:DSD_NAMAIN10@DF_TABLE3_POP_EMPNC(2.0),"Annual population and employment, national concept",I,A,Annual,SWE,Sweden,S1,Total economy,S1,Total economy,POP,Total population,_Z,Not applicable,_Z,Not applicable,_Z,Not applicable,PS,Persons,_Z,Not applicable,N,Non transformed data,T0110,Table 0110 - Population and employment,1991,,8619.684576,,,,F,Free (free for publication),2,Two,E,Estimated value,3,Thousands,_Z,Not applicable
DATAFLOW,OECD.SDD.NAD:DSD_NAMAIN10@DF_TABLE3_POP_EMPNC(2.0),"Annual population and employment, national concept",I,A,Annual,AUT,Austria,S1,Total economy,S1,Total economy,POP,Total population,_Z,Not applicable,_Z,Not applicable,_Z,Not applicable,PS,Persons,_Z,Not applicable,N,Non transformed data,T0110,Table 0110 - Population and employment,1992,,7840.709,,,,F,Free (free for publication),2,Two,E,Estimated value,3,Thousands,_Z,Not applicable
DATAFLOW,OECD.SDD.NAD:DSD_NAMAIN10@DF_TABLE3_POP_EMPNC(2.0),"Annual population and employment, national concept",I,A,Annual,COL,Colombia,S1,Total economy,S1,Total economy,POP,Total population,_Z,Not applicable,_Z,Not applicable,_Z,Not applicable,PS,Persons,_Z,Not applicable,N,Non transformed data,T0110,Table 0110 - Population and employment,1992,,33602.624918,,,,F,Free (free for publication),2,Two,E,Estimated value,3,Thousands,_Z,Not applicable
DATAFLOW,OECD.SDD.NAD:DSD_NAMAIN10@DF_TABLE3_POP_EMPNC(2.0),"Annual population and employment, national concept",I,A,Annual,CZE,Czechia,S1,Total economy,S1,Total economy,POP,Total population,_Z,Not applicable,_Z,Not applicable,_Z,Not applicable,PS,Persons,_Z,Not applicable,N,Non transformed data,T0110,Table 0110 - Population and employment,1992,,10317.807,,,,F,Free (free for publication),2,Two,E,Estimated value,3,Thousands,_Z,Not applicable
DATAFLOW,OECD.SDD.NAD:DSD_NAMAIN10@DF_TABLE3_POP_EMPNC(2.0),"Annual population and employment, national concept",I,A,Annual,GRC,Greece,S1,Total economy,S1,Total economy,POP,Total population,_Z,Not applicable,_Z,Not applicable,_Z,Not applicable,PS,Persons,_Z,Not applicable,N,Non transformed data,T0110,Table 0110 - Population and employment,1992,,10428.983724,,,,F,Free (free for publication),2,Two,E,Estimated value,3,Thousands,_Z,Not applicable
DATAFLOW,OECD.SDD.NAD:DSD_NAMAIN10@DF_TABLE3_POP_EMPNC(2.0),"Annual population and employment, national concept",I,A,Annual,HUN,Hungary,S1,Total economy,S1,Total economy,POP,Total population,_Z,Not applicable,_Z,Not applicable,_Z,Not applicable,PS,Persons,_Z,Not applicable,N,Non transformed data,T0110,Table 0110 - Population and employment,1992,,10324,,,,F,Free (free for publication),2,Two,E,Estimated value,3,Thousands,_Z,Not applicable
DATAFLOW,OECD.SDD.NAD:DSD_NAMAIN10@DF_TABLE3_POP_EMPNC(2.0),"Annual population and employment, national concept",I,A,Annual,LUX,Luxembourg,S1,Total economy,S1,Total economy,POP,Total population,_Z,Not applicable,_Z,Not applicable,_Z,Not applicable,PS,Persons,_Z,Not applicable,N,Non transformed data,T0110,Table 0110 - Population and employment,1992,,392.411499,,,,F,Free (free for publication),2,Two,E,Estimated value,3,Thousands,_Z,Not applicable
DATAFLOW,OECD.SDD.NAD:DSD_NAMAIN10@DF_TABLE3_POP_EMPNC(2.0),"Annual population and employment, national concept",I,A,Annual,NLD,Netherlands,S1,Total economy,S1,Total economy,POP,Total population,_Z,Not applicable,_Z,Not applicable,_Z,Not applicable,PS,Persons,_Z,Not applicable,N,Non transformed data,T0110,Table 0110 - Population and employment,1992,,15181.342157,,,,F,Free (free for publication),2,Two,E,Estimated value,3,Thousands,_Z,Not applicable
DATAFLOW,OECD.SDD.NAD:DSD_NAMAIN10@DF_TABLE3_POP_EMPNC(2.0),"Annual population and employment, national concept",I,A,Annual,POL,Poland,S1,Total economy,S1,Total economy,POP,Total population,_Z,Not applicable,_Z,Not applicable,_Z,Not applicable,PS,Persons,_Z,Not applicable,N,Non transformed data,T0110,Table 0110 - Population and employment,1992,,38173.498674,,,,F,Free (free for publication),2,Two,E,Estimated value,3,Thousands,_Z,Not applicable
DATAFLOW,OECD.SDD.NAD:DSD_NAMAIN10@DF_TABLE3_POP_EMPNC(2.0),"Annual population and employment, national concept",I,A,Annual,SVK,Slovak Republic,S1,Total economy,S1,Total economy,POP,Total population,_Z,Not applicable,_Z,Not applicable,_Z,Not applicable,PS,Persons,_Z,Not applicable,N,Non transformed data,T0110,Table 0110 - Population and employment,1992,,5306.999753,,,,F,Free (free for publication),2,Two,E,Estimated value,3,Thousands,_Z,Not applicable
DATAFLOW,OECD.SDD.NAD:DSD_NAMAIN10@DF_TABLE3_POP_EMPNC(2.0),"Annual population and employment, national concept",I,A,Annual,SWE,Sweden,S1,Total economy,S1,Total economy,POP,Total population,_Z,Not applicable,_Z,Not applicable,_Z,Not applicable,PS,Persons,_Z,Not applicable,N,Non transformed data,T0110,Table 0110 - Population and employment,1992,,8670.700464,,,,F,Free (free for publication),2,Two,E,Estimated value,3,Thousands,_Z,Not applicable
DATAFLOW,OECD.SDD.NAD:DSD_NAMAIN10@DF_TABLE3_POP_EMPNC(2.0),"Annual population and employment, national concept",I,A,Annual,AUT,Austria,S1,Total economy,S1,Total economy,POP,Total population,_Z,Not applicable,_Z,Not applicable,_Z,Not applicable,PS,Persons,_Z,Not applicable,N,Non transformed data,T0110,Table 0110 - Population and employment,1993,,7905.632,,,,F,Free (free for publication),2,Two,E,Estimated value,3,Thousands,_Z,Not applicable
DATAFLOW,OECD.SDD.NAD:DSD_NAMAIN10@DF_TABLE3_POP_EMPNC(2.0),"Annual population and employment, national concept",I,A,Annual,COL,Colombia,S1,Total economy,S1,Total economy,POP,Total population,_Z,Not applicable,_Z,Not applicable,_Z,Not applicable,PS,Persons,_Z,Not applicable,N,Non transformed data,T0110,Table 0110 - Population and employment,1993,,34251.736285,,,,F,Free (free for publication),2,Two,E,Estimated value,3,Thousands,_Z,Not applicable
DATAFLOW,OECD.SDD.NAD:DSD_NAMAIN10@DF_TABLE3_POP_EMPNC(2.0),"Annual population and employment, national concept",I,A,Annual,CZE,Czechia,S1,Total economy,S1,Total economy,POP,Total population,_Z,Not applicable,_Z,Not applicable,_Z,Not applicable,PS,Persons,_Z,Not applicable,N,Non transformed data,T0110,Table 0110 - Population and employment,1993,,10330.607,,,,F,Free (free for publication),2,Two,E,Estimated value,3,Thousands,_Z,Not applicable
DATAFLOW,OECD.SDD.NAD:DSD_NAMAIN10@DF_TABLE3_POP_EMPNC(2.0),"Annual population and employment, national concept",I,A,Annual,EST,Estonia,S1,Total economy,S1,Total economy,POP,Total population,_Z,Not applicable,_Z,Not applicable,_Z,Not applicable,PS,Persons,_Z,Not applicable,N,Non transformed data,T0110,Table 0110 - Population and employment,1993,,1511.3,,,,F,Free (free for publication),2,Two,E,Estimated value,3,Thousands,_Z,Not applicable
DATAFLOW,OECD.SDD.NAD:DSD_NAMAIN10@DF_TABLE3_POP_EMPNC(2.0),"Annual population and employment, national concept",I,A,Annual,GRC,Greece,S1,Total economy,S1,Total economy,POP,Total population,_Z,Not applicable,_Z,Not applicable,_Z,Not applicable,PS,Persons,_Z,Not applicable,N,Non transformed data,T0110,Table 0110 - Population and employment,1993,,10486.490476,,,,F,Free (free for publication),2,Two,E,Estimated value,3,Thousands,_Z,Not applicable
DATAFLOW,OECD.SDD.NAD:DSD_NAMAIN10@DF_TABLE3_POP_EMPNC(2.0),"Annual population and employment, national concept",I,A,Annual,HUN,Hungary,S1,Total economy,S1,Total economy,POP,Total population,_Z,Not applicable,_Z,Not applicable,_Z,Not applicable,PS,Persons,_Z,Not applicable,N,Non transformed data,T0110,Table 0110 - Population and employment,1993,,10294,,,,F,Free (free for publication),2,Two,E,Estimated value,3,Thousands,_Z,Not applicable
DATAFLOW,OECD.SDD.NAD:DSD_NAMAIN10@DF_TABLE3_POP_EMPNC(2.0),"Annual population and employment, national concept",I,A,Annual,LUX,Luxembourg,S1,Total economy,S1,Total economy,POP,Total population,_Z,Not applicable,_Z,Not applicable,_Z,Not applicable,PS,Persons,_Z,Not applicable,N,Non transformed data,T0110,Table 0110 - Population and employment,1993,,398.011663,,,,F,Free (free for publication),2,Two,E,Estimated value,3,Thousands,_Z,Not applicable
DATAFLOW,OECD.SDD.NAD:DSD_NAMAIN10@DF_TABLE3_POP_EMPNC(2.0),"Annual population and employment, national concept",I,A,Annual,NLD,Netherlands,S1,Total economy,S1,Total economy,POP,Total population,_Z,Not applicable,_Z,Not applicable,_Z,Not applicable,PS,Persons,_Z,Not applicable,N,Non transformed data,T0110,Table 0110 - Population and employment,1993,,15289.337477,,,,F,Free (free for publication),2,Two,E,Estimated value,3,Thousands,_Z,Not applicable
DATAFLOW,OECD.SDD.NAD:DSD_NAMAIN10@DF_TABLE3_POP_EMPNC(2.0),"Annual population and employment, national concept",I,A,Annual,POL,Poland,S1,Total economy,S1,Total economy,POP,Total population,_Z,Not applicable,_Z,Not applicable,_Z,Not applicable,PS,Persons,_Z,Not applicable,N,Non transformed data,T0110,Table 0110 - Population and employment,1993,,38221.499301,,,,F,Free (free for publication),2,Two,E,Estimated value,3,Thousands,_Z,Not applicable
DATAFLOW,OECD.SDD.NAD:DSD_NAMAIN10@DF_TABLE3_POP_EMPNC(2.0),"Annual population and employment, national concept",I,A,Annual,SVK,Slovak Republic,S1,Total economy,S1,Total economy,POP,Total population,_Z,Not applicable,_Z,Not applicable,_Z,Not applicable,PS,Persons,_Z,Not applicable,N,Non transformed data,T0110,Table 0110 - Population and employment,1993,,5324.999752,,,,F,Free (free for publication),2,Two,E,Estimated value,3,Thousands,_Z,Not applicable
DATAFLOW,OECD.SDD.NAD:DSD_NAMAIN10@DF_TABLE3_POP_EMPNC(2.0),"Annual population and employment, national concept",I,A,Annual,AUT,Austria,S1,Total economy,S1,Total economy,POP,Total population,_Z,Not applicable,_Z,Not applicable,_Z,Not applicable,PS,Persons,_Z,Not applicable,N,Non transformed data,T0110,Table 0110 - Population and employment,1994,,7936.118,,,,F,Free (free for publication),2,Two,E,Estimated value,3,Thousands,_Z,Not applicable
DATAFLOW,OECD.SDD.NAD:DSD_NAMAIN10@DF_TABLE3_POP_EMPNC(2.0),"Annual population and employment, national concept",I,A,Annual,COL,Colombia,S1,Total economy,S1,Total economy,POP,Total population,_Z,Not applicable,_Z,Not applicable,_Z,Not applicable,PS,Persons,_Z,Not applicable,N,Non transformed data,T0110,Table 0110 - Population and employment,1994,,34863.602891,,,,F,Free (free for publication),2,Two,E,Estimated value,3,Thousands,_Z,Not applicable
DATAFLOW,OECD.SDD.NAD:DSD_NAMAIN10@DF_TABLE3_POP_EMPNC(2.0),"Annual population and employment, national concept",I,A,Annual,CZE,Czechia,S1,Total economy,S1,Total economy,POP,Total population,_Z,Not applicable,_Z,Not applicable,_Z,Not applicable,PS,Persons,_Z,Not applicable,N,Non transformed data,T0110,Table 0110 - Population and employment,1994,,10336.162,,,,F,Free (free for publication),2,Two,E,Estimated value,3,Thousands,_Z,Not applicable
DATAFLOW,OECD.SDD.NAD:DSD_NAMAIN10@DF_TABLE3_POP_EMPNC(2.0),"Annual population and employment, national concept",I,A,Annual,EST,Estonia,S1,Total economy,S1,Total economy,POP,Total population,_Z,Not applicable,_Z,Not applicable,_Z,Not applicable,PS,Persons,_Z,Not applicable,N,Non transformed data,T0110,Table 0110 - Population and employment,1994,,1477,,,,F,Free (free for publication),2,Two,E,Estimated value,3,Thousands,_Z,Not applicable
DATAFLOW,OECD.SDD.NAD:DSD_NAMAIN10@DF_TABLE3_POP_EMPNC(2.0),"Annual population and employment, national concept",I,A,Annual,GRC,Greece,S1,Total economy,S1,Total economy,POP,Total population,_Z,Not applicable,_Z,Not applicable,_Z,Not applicable,PS,Persons,_Z,Not applicable,N,Non transformed data,T0110,Table 0110 - Population and employment,1994,,10534.065148,,,,F,Free (free for publication),2,Two,E,Estimated value,3,Thousands,_Z,Not applicable
DATAFLOW,OECD.SDD.NAD:DSD_NAMAIN10@DF_TABLE3_POP_EMPNC(2.0),"Annual population and employment, national concept",I,A,Annual,HUN,Hungary,S1,Total economy,S1,Total economy,POP,Total population,_Z,Not applicable,_Z,Not applicable,_Z,Not applicable,PS,Persons,_Z,Not applicable,N,Non transformed data,T0110,Table 0110 - Population and employment,1994,,10261,,,,F,Free (free for publication),2,Two,E,Estimated value,3,Thousands,_Z,Not applicable
DATAFLOW,OECD.SDD.NAD:DSD_NAMAIN10@DF_TABLE3_POP_EMPNC(2.0),"Annual population and employment, national concept",I,A,Annual,LUX,Luxembourg,S1,Total economy,S1,Total economy,POP,Total population,_Z,Not applicable,_Z,Not applicable,_Z,Not applicable,PS,Persons,_Z,Not applicable,N,Non transformed data,T0110,Table 0110 - Population and employment,1994,,403.811833,,,,F,Free (free for publication),2,Two,E,Estimated value,3,Thousands,_Z,Not applicable
DATAFLOW,OECD.SDD.NAD:DSD_NAMAIN10@DF_TABLE3_POP_EMPNC(2.0),"Annual population and employment, national concept",I,A,Annual,NLD,Netherlands,S1,Total economy,S1,Total economy,POP,Total population,_Z,Not applicable,_Z,Not applicable,_Z,Not applicable,PS,Persons,_Z,Not applicable,N,Non transformed data,T0110,Table 0110 - Population and employment,1994,,15380.333534,,,,F,Free (free for publication),2,Two,E,Estimated value,3,Thousands,_Z,Not applicable
DATAFLOW,OECD.SDD.NAD:DSD_NAMAIN10@DF_TABLE3_POP_EMPNC(2.0),"Annual population and employment, national concept",I,A,Annual,POL,Poland,S1,Total economy,S1,Total economy,POP,Total population,_Z,Not applicable,_Z,Not applicable,_Z,Not applicable,PS,Persons,_Z,Not applicable,N,Non transformed data,T0110,Table 0110 - Population and employment,1994,,38252.499706,,,,F,Free (free for publication),2,Two,E,Estimated value,3,Thousands,_Z,Not applicable
DATAFLOW,OECD.SDD.NAD:DSD_NAMAIN10@DF_TABLE3_POP_EMPNC(2.0),"Annual population and employment, national concept",I,A,Annual,SVK,Slovak Republic,S1,Total economy,S1,Total economy,POP,Total population,_Z,Not applicable,_Z,Not applicable,_Z,Not applicable,PS,Persons,_Z,Not applicable,N,Non transformed data,T0110,Table 0110 - Population and employment,1994,,5346.899751,,,,F,Free (free for publication),2,Two,E,Estimated value,3,Thousands,_Z,Not applicable
DATAFLOW,OECD.SDD.NAD:DSD_NAMAIN10@DF_TABLE3_POP_EMPNC(2.0),"Annual population and employment, national concept",I,A,Annual,COL,Colombia,S1,Total economy,S1,Total economy,POP,Total population,_Z,Not applicable,_Z,Not applicable,_Z,Not applicable,PS,Persons,_Z,Not applicable,N,Non transformed data,T0110,Table 0110 - Population and employment,1995,,35448.491617,,,,F,Free (free for publication),2,Two,E,Estimated value,3,Thousands,_Z,Not applicable
DATAFLOW,OECD.SDD.NAD:DSD_NAMAIN10@DF_TABLE3_POP_EMPNC(2.0),"Annual population and employment, national concept",I,A,Annual,COL,Colombia,S1,Total economy,S1,Total economy,POP,Total population,_Z,Not applicable,_Z,Not applicable,_Z,Not applicable,PS,Persons,_Z,Not applicable,N,Non transformed data,T0110,Table 0110 - Population and employment,1996,,36012.177761,,,,F,Free (free for publication),2,Two,E,Estimated value,3,Thousands,_Z,Not applicable
DATAFLOW,OECD.SDD.NAD:DSD_NAMAIN10@DF_TABLE3_POP_EMPNC(2.0),"Annual population and employment, national concept",I,A,Annual,COL,Colombia,S1,Total economy,S1,Total economy,POP,Total population,_Z,Not applicable,_Z,Not applicable,_Z,Not applicable,PS,Persons,_Z,Not applicable,N,Non transformed data,T0110,Table 0110 - Population and employment,1997,,36549.163201,,,,F,Free (free for publication),2,Two,E,Estimated value,3,Thousands,_Z,Not applicable
DATAFLOW,OECD.SDD.NAD:DSD_NAMAIN10@DF_TABLE3_POP_EMPNC(2.0),"Annual population and employment, national concept",I,A,Annual,COL,Colombia,S1,Total economy,S1,Total economy,POP,Total population,_Z,Not applicable,_Z,Not applicable,_Z,Not applicable,PS,Persons,_Z,Not applicable,N,Non transformed data,T0110,Table 0110 - Population and employment,1998,,37068.292044,,,,F,Free (free for publication),2,Two,E,Estimated value,3,Thousands,_Z,Not applicable
DATAFLOW,OECD.SDD.NAD:DSD_NAMAIN10@DF_TABLE3_POP_EMPNC(2.0),"Annual population and employment, national concept",I,A,Annual,COL,Colombia,S1,Total economy,S1,Total economy,POP,Total population,_Z,Not applicable,_Z,Not applicable,_Z,Not applicable,PS,Persons,_Z,Not applicable,N,Non transformed data,T0110,Table 0110 - Population and employment,1999,,37585.12874,,,,F,Free (free for publication),2,Two,E,Estimated value,3,Thousands,_Z,Not applicable
DATAFLOW,OECD.SDD.NAD:DSD_NAMAIN10@DF_TABLE3_POP_EMPNC(2.0),"Annual population and employment, national concept",I,A,Annual,COL,Colombia,S1,Total economy,S1,Total economy,POP,Total population,_Z,Not applicable,_Z,Not applicable,_Z,Not applicable,PS,Persons,_Z,Not applicable,N,Non transformed data,T0110,Table 0110 - Population and employment,2000,,38119.3935,,,,F,Free (free for publication),2,Two,E,Estimated value,3,Thousands,_Z,Not applicable
DATAFLOW,OECD.SDD.NAD:DSD_NAMAIN10@DF_TABLE3_POP_EMPNC(2.0),"Annual population and employment, national concept",I,A,Annual,SVK,Slovak Republic,S1,Total economy,S1,Total economy,POP,Total population,_Z,Not applicable,_Z,Not applicable,_Z,Not applicable,PS,Persons,_Z,Not applicable,N,Non transformed data,T0110,Table 0110 - Population and employment,2001,,5379.528,,,,F,Free (free for publication),2,Two,B,Time series break,3,Thousands,_Z,Not applicable
DATAFLOW,OECD.SDD.NAD:DSD_NAMAIN10@DF_TABLE3_POP_EMPNC(2.0),"Annual population and employment, national concept",I,A,Annual,SVN,Slovenia,S1,Total economy,S1,Total economy,POP,Total population,_Z,Not applicable,_Z,Not applicable,_Z,Not applicable,PS,Persons,_Z,Not applicable,N,Non transformed data,T0110,Table 0110 - Population and employment,2008,,2021.972,,,,F,Free (free for publication),2,Two,B,Time series break,3,Thousands,_Z,Not applicable
DATAFLOW,OECD.SDD.NAD:DSD_NAMAIN10@DF_TABLE3_POP_EMPNC(2.0),"Annual population and employment, national concept",I,A,Annual,POL,Poland,S1,Total economy,S1,Total economy,POP,Total population,_Z,Not applicable,_Z,Not applicable,_Z,Not applicable,PS,Persons,_Z,Not applicable,N,Non transformed data,T0110,Table 0110 - Population and employment,2010,,38042.403,,,,F,Free (free for publication),2,Two,B,Time series break,3,Thousands,_Z,Not applicable
DATAFLOW,OECD.SDD.NAD:DSD_NAMAIN10@DF_TABLE3_POP_EMPNC(2.0),"Annual population and employment, national concept",I,A,Annual,SVK,Slovak Republic,S1,Total economy,S1,Total economy,POP,Total population,_Z,Not applicable,_Z,Not applicable,_Z,Not applicable,PS,Persons,_Z,Not applicable,N,Non transformed data,T0110,Table 0110 - Population and employment,2011,,5398.108,,,,F,Free (free for publication),2,Two,B,Time series break,3,Thousands,_Z,Not applicable
DATAFLOW,OECD.SDD.NAD:DSD_NAMAIN10@DF_TABLE3_POP_EMPNC(2.0),"Annual population and employment, national concept",I,A,Annual,HUN,Hungary,S1,Total economy,S1,Total economy,POP,Total population,_Z,Not applicable,_Z,Not applicable,_Z,Not applicable,PS,Persons,_Z,Not applicable,N,Non transformed data,T0110,Table 0110 - Population and employment,2012,,9913.588,,,,F,Free (free for publication),2,Two,B,Time series break,3,Thousands,_Z,Not applicable
DATAFLOW,OECD.SDD.NAD:DSD_NAMAIN10@DF_TABLE3_POP_EMPNC(2.0),"Annual population and employment, national concept",I,A,Annual,POL,Poland,S1,Total economy,S1,Total economy,POP,Total population,_Z,Not applicable,_Z,Not applicable,_Z,Not applicable,PS,Persons,_Z,Not applicable,N,Non transformed data,T0110,Table 0110 - Population and employment,2020,,37165.86,,,,F,Free (free for publication),2,Two,B,Time series break,3,Thousands,_Z,Not applicable
DATAFLOW,OECD.SDD.NAD:DSD_NAMAIN10@DF_TABLE3_POP_EMPNC(2.0),"Annual population and employment, national concept",I,A,Annual,SVK,Slovak Republic,S1,Total economy,S1,Total economy,POP,Total population,_Z,Not applicable,_Z,Not applicable,_Z,Not applicable,PS,Persons,_Z,Not applicable,N,Non transformed data,T0110,Table 0110 - Population and employment,2021,,5440.661,,,,F,Free (free for publication),2,Two,B,Time series break,3,Thousands,_Z,Not applicable
DATAFLOW,OECD.SDD.NAD:DSD_NAMAIN10@DF_TABLE3_POP_EMPNC(2.0),"Annual population and employment, national concept",I,A,Annual,GRC,Greece,S1,Total economy,S1,Total economy,POP,Total population,_Z,Not applicable,_Z,Not applicable,_Z,Not applicable,PS,Persons,_Z,Not applicable,N,Non transformed data,T0110,Table 0110 - Population and employment,2022,,10579.183,,,,F,Free (free for publication),2,Two,P,Provisional value,3,Thousands,_Z,Not applicable
DATAFLOW,OECD.SDD.NAD:DSD_NAMAIN10@DF_TABLE3_POP_EMPNC(2.0),"Annual population and employment, national concept",I,A,Annual,POL,Poland,S1,Total economy,S1,Total economy,POP,Total population,_Z,Not applicable,_Z,Not applicable,_Z,Not applicable,PS,Persons,_Z,Not applicable,N,Non transformed data,T0110,Table 0110 - Population and employment,2022,,37779.208,,,,F,Free (free for publication),2,Two,B,Time series break,3,Thousands,_Z,Not applicable
DATAFLOW,OECD.SDD.NAD:DSD_NAMAIN10@DF_TABLE3_POP_EMPNC(2.0),"Annual population and employment, national concept",I,A,Annual,GRC,Greece,S1,Total economy,S1,Total economy,POP,Total population,_Z,Not applicable,_Z,Not applicable,_Z,Not applicable,PS,Persons,_Z,Not applicable,N,Non transformed data,T0110,Table 0110 - Population and employment,2023,,10548.14,,,,F,Free (free for publication),2,Two,P,Provisional value,3,Thousands,_Z,Not applicable
DATAFLOW,OECD.SDD.NAD:DSD_NAMAIN10@DF_TABLE3_POP_EMPNC(2.0),"Annual population and employment, national concept",I,A,Annual,NLD,Netherlands,S1,Total economy,S1,Total economy,POP,Total population,_Z,Not applicable,_Z,Not applicable,_Z,Not applicable,PS,Persons,_Z,Not applicable,N,Non transformed data,T0110,Table 0110 - Population and employment,2023,,17877,,,,F,Free (free for publication),2,Two,P,Provisional value,3,Thousands,_Z,Not applicable
DATAFLOW,OECD.SDD.NAD:DSD_NAMAIN10@DF_TABLE3_POP_EMPNC(2.0),"Annual population and employment, national concept",I,A,Annual,BEL,Belgium,S1,Total economy,S1,Total economy,POP,Total population,_Z,Not applicable,_Z,Not applicable,_Z,Not applicable,PS,Persons,_Z,Not applicable,N,Non transformed data,T0110,Table 0110 - Population and employment,2009,,10796.5,,,,F,Free (free for publication),2,Two,B,Time series break,3,Thousands,_Z,Not applicable
DATAFLOW,OECD.SDD.NAD:DSD_NAMAIN10@DF_TABLE3_POP_EMPNC(2.0),"Annual population and employment, national concept",I,A,Annual,ISL,Iceland,S1,Total economy,S1,Total economy,POP,Total population,_Z,Not applicable,_Z,Not applicable,_Z,Not applicable,PS,Persons,_Z,Not applicable,N,Non transformed data,T0110,Table 0110 - Population and employment,1991,,258,,,,F,Free (free for publication),2,Two,P,Provisional value,3,Thousands,_Z,Not applicable
DATAFLOW,OECD.SDD.NAD:DSD_NAMAIN10@DF_TABLE3_POP_EMPNC(2.0),"Annual population and employment, national concept",I,A,Annual,ISL,Iceland,S1,Total economy,S1,Total economy,POP,Total population,_Z,Not applicable,_Z,Not applicable,_Z,Not applicable,PS,Persons,_Z,Not applicable,N,Non transformed data,T0110,Table 0110 - Population and employment,1992,,261.1,,,,F,Free (free for publication),2,Two,P,Provisional value,3,Thousands,_Z,Not applicable
DATAFLOW,OECD.SDD.NAD:DSD_NAMAIN10@DF_TABLE3_POP_EMPNC(2.0),"Annual population and employment, national concept",I,A,Annual,ISL,Iceland,S1,Total economy,S1,Total economy,POP,Total population,_Z,Not applicable,_Z,Not applicable,_Z,Not applicable,PS,Persons,_Z,Not applicable,N,Non transformed data,T0110,Table 0110 - Population and employment,1993,,263.8,,,,F,Free (free for publication),2,Two,P,Provisional value,3,Thousands,_Z,Not applicable
DATAFLOW,OECD.SDD.NAD:DSD_NAMAIN10@DF_TABLE3_POP_EMPNC(2.0),"Annual population and employment, national concept",I,A,Annual,ISL,Iceland,S1,Total economy,S1,Total economy,POP,Total population,_Z,Not applicable,_Z,Not applicable,_Z,Not applicable,PS,Persons,_Z,Not applicable,N,Non transformed data,T0110,Table 0110 - Population and employment,1994,,266,,,,F,Free (free for publication),2,Two,P,Provisional value,3,Thousands,_Z,Not applicable
DATAFLOW,OECD.SDD.NAD:DSD_NAMAIN10@DF_TABLE3_POP_EMPNC(2.0),"Annual population and employment, national concept",I,A,Annual,ISL,Iceland,S1,Total economy,S1,Total economy,POP,Total population,_Z,Not applicable,_Z,Not applicable,_Z,Not applicable,PS,Persons,_Z,Not applicable,N,Non transformed data,T0110,Table 0110 - Population and employment,1995,,267.4,,,,F,Free (free for publication),2,Two,P,Provisional value,3,Thousands,_Z,Not applicable
DATAFLOW,OECD.SDD.NAD:DSD_NAMAIN10@DF_TABLE3_POP_EMPNC(2.0),"Annual population and employment, national concept",I,A,Annual,ISL,Iceland,S1,Total economy,S1,Total economy,POP,Total population,_Z,Not applicable,_Z,Not applicable,_Z,Not applicable,PS,Persons,_Z,Not applicable,N,Non transformed data,T0110,Table 0110 - Population and employment,1996,,268.9,,,,F,Free (free for publication),2,Two,P,Provisional value,3,Thousands,_Z,Not applicable
DATAFLOW,OECD.SDD.NAD:DSD_NAMAIN10@DF_TABLE3_POP_EMPNC(2.0),"Annual population and employment, national concept",I,A,Annual,ISL,Iceland,S1,Total economy,S1,Total economy,POP,Total population,_Z,Not applicable,_Z,Not applicable,_Z,Not applicable,PS,Persons,_Z,Not applicable,N,Non transformed data,T0110,Table 0110 - Population and employment,1997,,270.9,,,,F,Free (free for publication),2,Two,P,Provisional value,3,Thousands,_Z,Not applicable
DATAFLOW,OECD.SDD.NAD:DSD_NAMAIN10@DF_TABLE3_POP_EMPNC(2.0),"Annual population and employment, national concept",I,A,Annual,ISL,Iceland,S1,Total economy,S1,Total economy,POP,Total population,_Z,Not applicable,_Z,Not applicable,_Z,Not applicable,PS,Persons,_Z,Not applicable,N,Non transformed data,T0110,Table 0110 - Population and employment,1998,,274,,,,F,Free (free for publication),2,Two,P,Provisional value,3,Thousands,_Z,Not applicable
DATAFLOW,OECD.SDD.NAD:DSD_NAMAIN10@DF_TABLE3_POP_EMPNC(2.0),"Annual population and employment, national concept",I,A,Annual,ISL,Iceland,S1,Total economy,S1,Total economy,POP,Total population,_Z,Not applicable,_Z,Not applicable,_Z,Not applicable,PS,Persons,_Z,Not applicable,N,Non transformed data,T0110,Table 0110 - Population and employment,1999,,277.4,,,,F,Free (free for publication),2,Two,P,Provisional value,3,Thousands,_Z,Not applicable
DATAFLOW,OECD.SDD.NAD:DSD_NAMAIN10@DF_TABLE3_POP_EMPNC(2.0),"Annual population and employment, national concept",I,A,Annual,ISL,Iceland,S1,Total economy,S1,Total economy,POP,Total population,_Z,Not applicable,_Z,Not applicable,_Z,Not applicable,PS,Persons,_Z,Not applicable,N,Non transformed data,T0110,Table 0110 - Population and employment,2000,,281.2,,,,F,Free (free for publication),2,Two,P,Provisional value,3,Thousands,_Z,Not applicable
DATAFLOW,OECD.SDD.NAD:DSD_NAMAIN10@DF_TABLE3_POP_EMPNC(2.0),"Annual population and employment, national concept",I,A,Annual,ISL,Iceland,S1,Total economy,S1,Total economy,POP,Total population,_Z,Not applicable,_Z,Not applicable,_Z,Not applicable,PS,Persons,_Z,Not applicable,N,Non transformed data,T0110,Table 0110 - Population and employment,2001,,285,,,,F,Free (free for publication),2,Two,P,Provisional value,3,Thousands,_Z,Not applicable
DATAFLOW,OECD.SDD.NAD:DSD_NAMAIN10@DF_TABLE3_POP_EMPNC(2.0),"Annual population and employment, national concept",I,A,Annual,ISL,Iceland,S1,Total economy,S1,Total economy,POP,Total population,_Z,Not applicable,_Z,Not applicable,_Z,Not applicable,PS,Persons,_Z,Not applicable,N,Non transformed data,T0110,Table 0110 - Population and employment,2002,,287.5,,,,F,Free (free for publication),2,Two,P,Provisional value,3,Thousands,_Z,Not applicable
DATAFLOW,OECD.SDD.NAD:DSD_NAMAIN10@DF_TABLE3_POP_EMPNC(2.0),"Annual population and employment, national concept",I,A,Annual,ISL,Iceland,S1,Total economy,S1,Total economy,POP,Total population,_Z,Not applicable,_Z,Not applicable,_Z,Not applicable,PS,Persons,_Z,Not applicable,N,Non transformed data,T0110,Table 0110 - Population and employment,2003,,289.5,,,,F,Free (free for publication),2,Two,P,Provisional value,3,Thousands,_Z,Not applicable
DATAFLOW,OECD.SDD.NAD:DSD_NAMAIN10@DF_TABLE3_POP_EMPNC(2.0),"Annual population and employment, national concept",I,A,Annual,ISL,Iceland,S1,Total economy,S1,Total economy,POP,Total population,_Z,Not applicable,_Z,Not applicable,_Z,Not applicable,PS,Persons,_Z,Not applicable,N,Non transformed data,T0110,Table 0110 - Population and employment,2004,,292.1,,,,F,Free (free for publication),2,Two,P,Provisional value,3,Thousands,_Z,Not applicable
DATAFLOW,OECD.SDD.NAD:DSD_NAMAIN10@DF_TABLE3_POP_EMPNC(2.0),"Annual population and employment, national concept",I,A,Annual,ISL,Iceland,S1,Total economy,S1,Total economy,POP,Total population,_Z,Not applicable,_Z,Not applicable,_Z,Not applicable,PS,Persons,_Z,Not applicable,N,Non transformed data,T0110,Table 0110 - Population and employment,2005,,296.7,,,,F,Free (free for publication),2,Two,P,Provisional value,3,Thousands,_Z,Not applicable
DATAFLOW,OECD.SDD.NAD:DSD_NAMAIN10@DF_TABLE3_POP_EMPNC(2.0),"Annual population and employment, national concept",I,A,Annual,ISL,Iceland,S1,Total economy,S1,Total economy,POP,Total population,_Z,Not applicable,_Z,Not applicable,_Z,Not applicable,PS,Persons,_Z,Not applicable,N,Non transformed data,T0110,Table 0110 - Population and employment,2006,,303.8,,,,F,Free (free for publication),2,Two,P,Provisional value,3,Thousands,_Z,Not applicable
DATAFLOW,OECD.SDD.NAD:DSD_NAMAIN10@DF_TABLE3_POP_EMPNC(2.0),"Annual population and employment, national concept",I,A,Annual,ISL,Iceland,S1,Total economy,S1,Total economy,POP,Total population,_Z,Not applicable,_Z,Not applicable,_Z,Not applicable,PS,Persons,_Z,Not applicable,N,Non transformed data,T0110,Table 0110 - Population and employment,2007,,311.6,,,,F,Free (free for publication),2,Two,P,Provisional value,3,Thousands,_Z,Not applicable
DATAFLOW,OECD.SDD.NAD:DSD_NAMAIN10@DF_TABLE3_POP_EMPNC(2.0),"Annual population and employment, national concept",I,A,Annual,ISL,Iceland,S1,Total economy,S1,Total economy,POP,Total population,_Z,Not applicable,_Z,Not applicable,_Z,Not applicable,PS,Persons,_Z,Not applicable,N,Non transformed data,T0110,Table 0110 - Population and employment,2008,,317.4,,,,F,Free (free for publication),2,Two,P,Provisional value,3,Thousands,_Z,Not applicable
DATAFLOW,OECD.SDD.NAD:DSD_NAMAIN10@DF_TABLE3_POP_EMPNC(2.0),"Annual population and employment, national concept",I,A,Annual,ISL,Iceland,S1,Total economy,S1,Total economy,POP,Total population,_Z,Not applicable,_Z,Not applicable,_Z,Not applicable,PS,Persons,_Z,Not applicable,N,Non transformed data,T0110,Table 0110 - Population and employment,2009,,318.5,,,,F,Free (free for publication),2,Two,P,Provisional value,3,Thousands,_Z,Not applicable
DATAFLOW,OECD.SDD.NAD:DSD_NAMAIN10@DF_TABLE3_POP_EMPNC(2.0),"Annual population and employment, national concept",I,A,Annual,ISL,Iceland,S1,Total economy,S1,Total economy,POP,Total population,_Z,Not applicable,_Z,Not applicable,_Z,Not applicable,PS,Persons,_Z,Not applicable,N,Non transformed data,T0110,Table 0110 - Population and employment,2010,,314.7,,,,F,Free (free for publication),2,Two,P,Provisional value,3,Thousands,_Z,Not applicable
DATAFLOW,OECD.SDD.NAD:DSD_NAMAIN10@DF_TABLE3_POP_EMPNC(2.0),"Annual population and employment, national concept",I,A,Annual,ISL,Iceland,S1,Total economy,S1,Total economy,POP,Total population,_Z,Not applicable,_Z,Not applicable,_Z,Not applicable,PS,Persons,_Z,Not applicable,N,Non transformed data,T0110,Table 0110 - Population and employment,2011,,312.5,,,,F,Free (free for publication),2,Two,P,Provisional value,3,Thousands,_Z,Not applicable
DATAFLOW,OECD.SDD.NAD:DSD_NAMAIN10@DF_TABLE3_POP_EMPNC(2.0),"Annual population and employment, national concept",I,A,Annual,GRC,Greece,S1,Total economy,S1,Total economy,POP,Total population,_Z,Not applicable,_Z,Not applicable,_Z,Not applicable,PS,Persons,_Z,Not applicable,N,Non transformed data,T0110,Table 0110 - Population and employment,2012,,11045.01,,,,F,Free (free for publication),2,Two,P,Provisional value,3,Thousands,_Z,Not applicable
DATAFLOW,OECD.SDD.NAD:DSD_NAMAIN10@DF_TABLE3_POP_EMPNC(2.0),"Annual population and employment, national concept",I,A,Annual,ISL,Iceland,S1,Total economy,S1,Total economy,POP,Total population,_Z,Not applicable,_Z,Not applicable,_Z,Not applicable,PS,Persons,_Z,Not applicable,N,Non transformed data,T0110,Table 0110 - Population and employment,2012,,314.5,,,,F,Free (free for publication),2,Two,P,Provisional value,3,Thousands,_Z,Not applicable
DATAFLOW,OECD.SDD.NAD:DSD_NAMAIN10@DF_TABLE3_POP_EMPNC(2.0),"Annual population and employment, national concept",I,A,Annual,GRC,Greece,S1,Total economy,S1,Total economy,POP,Total population,_Z,Not applicable,_Z,Not applicable,_Z,Not applicable,PS,Persons,_Z,Not applicable,N,Non transformed data,T0110,Table 0110 - Population and employment,2013,,10965.214,,,,F,Free (free for publication),2,Two,P,Provisional value,3,Thousands,_Z,Not applicable
DATAFLOW,OECD.SDD.NAD:DSD_NAMAIN10@DF_TABLE3_POP_EMPNC(2.0),"Annual population and employment, national concept",I,A,Annual,ISL,Iceland,S1,Total economy,S1,Total economy,POP,Total population,_Z,Not applicable,_Z,Not applicable,_Z,Not applicable,PS,Persons,_Z,Not applicable,N,Non transformed data,T0110,Table 0110 - Population and employment,2013,,317.8,,,,F,Free (free for publication),2,Two,P,Provisional value,3,Thousands,_Z,Not applicable
DATAFLOW,OECD.SDD.NAD:DSD_NAMAIN10@DF_TABLE3_POP_EMPNC(2.0),"Annual population and employment, national concept",I,A,Annual,GRC,Greece,S1,Total economy,S1,Total economy,POP,Total population,_Z,Not applicable,_Z,Not applicable,_Z,Not applicable,PS,Persons,_Z,Not applicable,N,Non transformed data,T0110,Table 0110 - Population and employment,2014,,10892.381,,,,F,Free (free for publication),2,Two,P,Provisional value,3,Thousands,_Z,Not applicable
DATAFLOW,OECD.SDD.NAD:DSD_NAMAIN10@DF_TABLE3_POP_EMPNC(2.0),"Annual population and employment, national concept",I,A,Annual,ISL,Iceland,S1,Total economy,S1,Total economy,POP,Total population,_Z,Not applicable,_Z,Not applicable,_Z,Not applicable,PS,Persons,_Z,Not applicable,N,Non transformed data,T0110,Table 0110 - Population and employment,2014,,321.4,,,,F,Free (free for publication),2,Two,P,Provisional value,3,Thousands,_Z,Not applicable
DATAFLOW,OECD.SDD.NAD:DSD_NAMAIN10@DF_TABLE3_POP_EMPNC(2.0),"Annual population and employment, national concept",I,A,Annual,GRC,Greece,S1,Total economy,S1,Total economy,POP,Total population,_Z,Not applicable,_Z,Not applicable,_Z,Not applicable,PS,Persons,_Z,Not applicable,N,Non transformed data,T0110,Table 0110 - Population and employment,2015,,10820.912,,,,F,Free (free for publication),2,Two,P,Provisional value,3,Thousands,_Z,Not applicable
DATAFLOW,OECD.SDD.NAD:DSD_NAMAIN10@DF_TABLE3_POP_EMPNC(2.0),"Annual population and employment, national concept",I,A,Annual,ISL,Iceland,S1,Total economy,S1,Total economy,POP,Total population,_Z,Not applicable,_Z,Not applicable,_Z,Not applicable,PS,Persons,_Z,Not applicable,N,Non transformed data,T0110,Table 0110 - Population and employment,2015,,324.5,,,,F,Free (free for publication),2,Two,P,Provisional value,3,Thousands,_Z,Not applicable
DATAFLOW,OECD.SDD.NAD:DSD_NAMAIN10@DF_TABLE3_POP_EMPNC(2.0),"Annual population and employment, national concept",I,A,Annual,GRC,Greece,S1,Total economy,S1,Total economy,POP,Total population,_Z,Not applicable,_Z,Not applicable,_Z,Not applicable,PS,Persons,_Z,Not applicable,N,Non transformed data,T0110,Table 0110 - Population and employment,2016,,10775.979,,,,F,Free (free for publication),2,Two,P,Provisional value,3,Thousands,_Z,Not applicable
DATAFLOW,OECD.SDD.NAD:DSD_NAMAIN10@DF_TABLE3_POP_EMPNC(2.0),"Annual population and employment, national concept",I,A,Annual,ISL,Iceland,S1,Total economy,S1,Total economy,POP,Total population,_Z,Not applicable,_Z,Not applicable,_Z,Not applicable,PS,Persons,_Z,Not applicable,N,Non transformed data,T0110,Table 0110 - Population and employment,2016,,329.3,,,,F,Free (free for publication),2,Two,P,Provisional value,3,Thousands,_Z,Not applicable
DATAFLOW,OECD.SDD.NAD:DSD_NAMAIN10@DF_TABLE3_POP_EMPNC(2.0),"Annual population and employment, national concept",I,A,Annual,GRC,Greece,S1,Total economy,S1,Total economy,POP,Total population,_Z,Not applicable,_Z,Not applicable,_Z,Not applicable,PS,Persons,_Z,Not applicable,N,Non transformed data,T0110,Table 0110 - Population and employment,2017,,10754.688,,,,F,Free (free for publication),2,Two,P,Provisional value,3,Thousands,_Z,Not applicable
DATAFLOW,OECD.SDD.NAD:DSD_NAMAIN10@DF_TABLE3_POP_EMPNC(2.0),"Annual population and employment, national concept",I,A,Annual,ISL,Iceland,S1,Total economy,S1,Total economy,POP,Total population,_Z,Not applicable,_Z,Not applicable,_Z,Not applicable,PS,Persons,_Z,Not applicable,N,Non transformed data,T0110,Table 0110 - Population and employment,2017,,337.3,,,,F,Free (free for publication),2,Two,P,Provisional value,3,Thousands,_Z,Not applicable
DATAFLOW,OECD.SDD.NAD:DSD_NAMAIN10@DF_TABLE3_POP_EMPNC(2.0),"Annual population and employment, national concept",I,A,Annual,GRC,Greece,S1,Total economy,S1,Total economy,POP,Total population,_Z,Not applicable,_Z,Not applicable,_Z,Not applicable,PS,Persons,_Z,Not applicable,N,Non transformed data,T0110,Table 0110 - Population and employment,2018,,10732.887,,,,F,Free (free for publication),2,Two,P,Provisional value,3,Thousands,_Z,Not applicable
DATAFLOW,OECD.SDD.NAD:DSD_NAMAIN10@DF_TABLE3_POP_EMPNC(2.0),"Annual population and employment, national concept",I,A,Annual,ISL,Iceland,S1,Total economy,S1,Total economy,POP,Total population,_Z,Not applicable,_Z,Not applicable,_Z,Not applicable,PS,Persons,_Z,Not applicable,N,Non transformed data,T0110,Table 0110 - Population and employment,2018,,345.8,,,,F,Free (free for publication),2,Two,P,Provisional value,3,Thousands,_Z,Not applicable
DATAFLOW,OECD.SDD.NAD:DSD_NAMAIN10@DF_TABLE3_POP_EMPNC(2.0),"Annual population and employment, national concept",I,A,Annual,GRC,Greece,S1,Total economy,S1,Total economy,POP,Total population,_Z,Not applicable,_Z,Not applicable,_Z,Not applicable,PS,Persons,_Z,Not applicable,N,Non transformed data,T0110,Table 0110 - Population and employment,2019,,10721.566,,,,F,Free (free for publication),2,Two,P,Provisional value,3,Thousands,_Z,Not applicable
DATAFLOW,OECD.SDD.NAD:DSD_NAMAIN10@DF_TABLE3_POP_EMPNC(2.0),"Annual population and employment, national concept",I,A,Annual,ISL,Iceland,S1,Total economy,S1,Total economy,POP,Total population,_Z,Not applicable,_Z,Not applicable,_Z,Not applicable,PS,Persons,_Z,Not applicable,N,Non transformed data,T0110,Table 0110 - Population and employment,2019,,351.8,,,,F,Free (free for publication),2,Two,P,Provisional value,3,Thousands,_Z,Not applicable
DATAFLOW,OECD.SDD.NAD:DSD_NAMAIN10@DF_TABLE3_POP_EMPNC(2.0),"Annual population and employment, national concept",I,A,Annual,GRC,Greece,S1,Total economy,S1,Total economy,POP,Total population,_Z,Not applicable,_Z,Not applicable,_Z,Not applicable,PS,Persons,_Z,Not applicable,N,Non transformed data,T0110,Table 0110 - Population and employment,2020,,10698.59,,,,F,Free (free for publication),2,Two,P,Provisional value,3,Thousands,_Z,Not applicable
DATAFLOW,OECD.SDD.NAD:DSD_NAMAIN10@DF_TABLE3_POP_EMPNC(2.0),"Annual population and employment, national concept",I,A,Annual,ISL,Iceland,S1,Total economy,S1,Total economy,POP,Total population,_Z,Not applicable,_Z,Not applicable,_Z,Not applicable,PS,Persons,_Z,Not applicable,N,Non transformed data,T0110,Table 0110 - Population and employment,2020,,356.2,,,,F,Free (free for publication),2,Two,P,Provisional value,3,Thousands,_Z,Not applicable
DATAFLOW,OECD.SDD.NAD:DSD_NAMAIN10@DF_TABLE3_POP_EMPNC(2.0),"Annual population and employment, national concept",I,A,Annual,GRC,Greece,S1,Total economy,S1,Total economy,POP,Total population,_Z,Not applicable,_Z,Not applicable,_Z,Not applicable,PS,Persons,_Z,Not applicable,N,Non transformed data,T0110,Table 0110 - Population and employment,2021,,10640.409,,,,F,Free (free for publication),2,Two,P,Provisional value,3,Thousands,_Z,Not applicable
DATAFLOW,OECD.SDD.NAD:DSD_NAMAIN10@DF_TABLE3_POP_EMPNC(2.0),"Annual population and employment, national concept",I,A,Annual,ISL,Iceland,S1,Total economy,S1,Total economy,POP,Total population,_Z,Not applicable,_Z,Not applicable,_Z,Not applicable,PS,Persons,_Z,Not applicable,N,Non transformed data,T0110,Table 0110 - Population and employment,2021,,361.6,,,,F,Free (free for publication),2,Two,P,Provisional value,3,Thousands,_Z,Not applicable
DATAFLOW,OECD.SDD.NAD:DSD_NAMAIN10@DF_TABLE3_POP_EMPNC(2.0),"Annual population and employment, national concept",I,A,Annual,DEU,Germany,S1,Total economy,S1,Total economy,POP,Total population,_Z,Not applicable,_Z,Not applicable,_Z,Not applicable,PS,Persons,_Z,Not applicable,N,Non transformed data,T0110,Table 0110 - Population and employment,2022,,82529,,,,F,Free (free for publication),2,Two,P,Provisional value,3,Thousands,_Z,Not applicable
DATAFLOW,OECD.SDD.NAD:DSD_NAMAIN10@DF_TABLE3_POP_EMPNC(2.0),"Annual population and employment, national concept",I,A,Annual,ISL,Iceland,S1,Total economy,S1,Total economy,POP,Total population,_Z,Not applicable,_Z,Not applicable,_Z,Not applicable,PS,Persons,_Z,Not applicable,N,Non transformed data,T0110,Table 0110 - Population and employment,2022,,370.1,,,,F,Free (free for publication),2,Two,P,Provisional value,3,Thousands,_Z,Not applicable
DATAFLOW,OECD.SDD.NAD:DSD_NAMAIN10@DF_TABLE3_POP_EMPNC(2.0),"Annual population and employment, national concept",I,A,Annual,NLD,Netherlands,S1,Total economy,S1,Total economy,POP,Total population,_Z,Not applicable,_Z,Not applicable,_Z,Not applicable,PS,Persons,_Z,Not applicable,N,Non transformed data,T0110,Table 0110 - Population and employment,2022,,17701,,,,F,Free (free for publication),2,Two,P,Provisional value,3,Thousands,_Z,Not applicable
DATAFLOW,OECD.SDD.NAD:DSD_NAMAIN10@DF_TABLE3_POP_EMPNC(2.0),"Annual population and employment, national concept",I,A,Annual,FRA,France,S1,Total economy,S1,Total economy,POP,Total population,_Z,Not applicable,_Z,Not applicable,_Z,Not applicable,PS,Persons,_Z,Not applicable,N,Non transformed data,T0110,Table 0110 - Population and employment,2023,,68372,,,,F,Free (free for publication),2,Two,P,Provisional value,3,Thousands,_Z,Not applicable
DATAFLOW,OECD.SDD.NAD:DSD_NAMAIN10@DF_TABLE3_POP_EMPNC(2.0),"Annual population and employment, national concept",I,A,Annual,DEU,Germany,S1,Total economy,S1,Total economy,POP,Total population,_Z,Not applicable,_Z,Not applicable,_Z,Not applicable,PS,Persons,_Z,Not applicable,N,Non transformed data,T0110,Table 0110 - Population and employment,2023,,83287,,,,F,Free (free for publication),2,Two,P,Provisional value,3,Thousands,_Z,Not applicable
DATAFLOW,OECD.SDD.NAD:DSD_NAMAIN10@DF_TABLE3_POP_EMPNC(2.0),"Annual population and employment, national concept",I,A,Annual,ISL,Iceland,S1,Total economy,S1,Total economy,POP,Total population,_Z,Not applicable,_Z,Not applicable,_Z,Not applicable,PS,Persons,_Z,Not applicable,N,Non transformed data,T0110,Table 0110 - Population and employment,2023,,379.5,,,,F,Free (free for publication),2,Two,P,Provisional value,3,Thousands,_Z,Not applicable
DATAFLOW,OECD.SDD.NAD:DSD_NAMAIN10@DF_TABLE3_POP_EMPNC(2.0),"Annual population and employment, national concept",I,A,Annual,ESP,Spain,S1,Total economy,S1,Total economy,POP,Total population,_Z,Not applicable,_Z,Not applicable,_Z,Not applicable,PS,Persons,_Z,Not applicable,N,Non transformed data,T0110,Table 0110 - Population and employment,2023,,48352.528,,,,F,Free (free for publication),2,Two,P,Provisional value,3,Thousands,_Z,Not applicable
DATAFLOW,OECD.SDD.NAD:DSD_NAMAIN10@DF_TABLE3_POP_EMPNC(2.0),"Annual population and employment, national concept",I,A,Annual,BEL,Belgium,S1,Total economy,S1,Total economy,POP,Total population,_Z,Not applicable,_Z,Not applicable,_Z,Not applicable,PS,Persons,_Z,Not applicable,N,Non transformed data,T0110,Table 0110 - Population and employment,2024,,11850.3,,,,F,Free (free for publication),2,Two,P,Provisional value,3,Thousands,_Z,Not applicable
DATAFLOW,OECD.SDD.NAD:DSD_NAMAIN10@DF_TABLE3_POP_EMPNC(2.0),"Annual population and employment, national concept",I,A,Annual,FRA,France,S1,Total economy,S1,Total economy,POP,Total population,_Z,Not applicable,_Z,Not applicable,_Z,Not applicable,PS,Persons,_Z,Not applicable,N,Non transformed data,T0110,Table 0110 - Population and employment,2024,,68552,,,,F,Free (free for publication),2,Two,P,Provisional value,3,Thousands,_Z,Not applicable
DATAFLOW,OECD.SDD.NAD:DSD_NAMAIN10@DF_TABLE3_POP_EMPNC(2.0),"Annual population and employment, national concept",I,A,Annual,DEU,Germany,S1,Total economy,S1,Total economy,POP,Total population,_Z,Not applicable,_Z,Not applicable,_Z,Not applicable,PS,Persons,_Z,Not applicable,N,Non transformed data,T0110,Table 0110 - Population and employment,2024,,83517,,,,F,Free (free for publication),2,Two,P,Provisional value,3,Thousands,_Z,Not applicable
DATAFLOW,OECD.SDD.NAD:DSD_NAMAIN10@DF_TABLE3_POP_EMPNC(2.0),"Annual population and employment, national concept",I,A,Annual,GRC,Greece,S1,Total economy,S1,Total economy,POP,Total population,_Z,Not applicable,_Z,Not applicable,_Z,Not applicable,PS,Persons,_Z,Not applicable,N,Non transformed data,T0110,Table 0110 - Population and employment,2024,,10531.287,,,,F,Free (free for publication),2,Two,P,Provisional value,3,Thousands,_Z,Not applicable
DATAFLOW,OECD.SDD.NAD:DSD_NAMAIN10@DF_TABLE3_POP_EMPNC(2.0),"Annual population and employment, national concept",I,A,Annual,ISL,Iceland,S1,Total economy,S1,Total economy,POP,Total population,_Z,Not applicable,_Z,Not applicable,_Z,Not applicable,PS,Persons,_Z,Not applicable,N,Non transformed data,T0110,Table 0110 - Population and employment,2024,,386.6,,,,F,Free (free for publication),2,Two,P,Provisional value,3,Thousands,_Z,Not applicable
DATAFLOW,OECD.SDD.NAD:DSD_NAMAIN10@DF_TABLE3_POP_EMPNC(2.0),"Annual population and employment, national concept",I,A,Annual,NLD,Netherlands,S1,Total economy,S1,Total economy,POP,Total population,_Z,Not applicable,_Z,Not applicable,_Z,Not applicable,PS,Persons,_Z,Not applicable,N,Non transformed data,T0110,Table 0110 - Population and employment,2024,,17994,,,,F,Free (free for publication),2,Two,P,Provisional value,3,Thousands,_Z,Not applicable
DATAFLOW,OECD.SDD.NAD:DSD_NAMAIN10@DF_TABLE3_POP_EMPNC(2.0),"Annual population and employment, national concept",I,A,Annual,PRT,Portugal,S1,Total economy,S1,Total economy,POP,Total population,_Z,Not applicable,_Z,Not applicable,_Z,Not applicable,PS,Persons,_Z,Not applicable,N,Non transformed data,T0110,Table 0110 - Population and employment,2024,,10694.681,,,,F,Free (free for publication),2,Two,P,Provisional value,3,Thousands,_Z,Not applicable
DATAFLOW,OECD.SDD.NAD:DSD_NAMAIN10@DF_TABLE3_POP_EMPNC(2.0),"Annual population and employment, national concept",I,A,Annual,ESP,Spain,S1,Total economy,S1,Total economy,POP,Total population,_Z,Not applicable,_Z,Not applicable,_Z,Not applicable,PS,Persons,_Z,Not applicable,N,Non transformed data,T0110,Table 0110 - Population and employment,2024,,48856.621,,,,F,Free (free for publication),2,Two,P,Provisional value,3,Thousands,_Z,Not applicable
DATAFLOW,OECD.SDD.NAD:DSD_NAMAIN10@DF_TABLE3_POP_EMPNC(2.0),"Annual population and employment, national concept",I,A,Annual,BEL,Belgium,S1,Total economy,S1,Total economy,POP,Total population,_Z,Not applicable,_Z,Not applicable,_Z,Not applicable,PS,Persons,_Z,Not applicable,N,Non transformed data,T0110,Table 0110 - Population and employment,2025,,11904.4,,,,F,Free (free for publication),2,Two,P,Provisional value,3,Thousands,_Z,Not applicable
DATAFLOW,OECD.SDD.NAD:DSD_NAMAIN10@DF_TABLE3_POP_EMPNC(2.0),"Annual population and employment, national concept",I,A,Annual,FRA,France,S1,Total economy,S1,Total economy,POP,Total population,_Z,Not applicable,_Z,Not applicable,_Z,Not applicable,PS,Persons,_Z,Not applicable,N,Non transformed data,T0110,Table 0110 - Population and employment,2025,,68723,,,,F,Free (free for publication),2,Two,P,Provisional value,3,Thousands,_Z,Not applicable
DATAFLOW,OECD.SDD.NAD:DSD_NAMAIN10@DF_TABLE3_POP_EMPNC(2.0),"Annual population and employment, national concept",I,A,Annual,DEU,Germany,S1,Total economy,S1,Total economy,POP,Total population,_Z,Not applicable,_Z,Not applicable,_Z,Not applicable,PS,Persons,_Z,Not applicable,N,Non transformed data,T0110,Table 0110 - Population and employment,2025,,83524,,,,F,Free (free for publication),2,Two,P,Provisional value,3,Thousands,_Z,Not applicable
DATAFLOW,OECD.SDD.NAD:DSD_NAMAIN10@DF_TABLE3_POP_EMPNC(2.0),"Annual population and employment, national concept",I,A,Annual,GRC,Greece,S1,Total economy,S1,Total economy,POP,Total population,_Z,Not applicable,_Z,Not applicable,_Z,Not applicable,PS,Persons,_Z,Not applicable,N,Non transformed data,T0110,Table 0110 - Population and employment,2025,,10537.635,,,,F,Free (free for publication),2,Two,P,Provisional value,3,Thousands,_Z,Not applicable
DATAFLOW,OECD.SDD.NAD:DSD_NAMAIN10@DF_TABLE3_POP_EMPNC(2.0),"Annual population and employment, national concept",I,A,Annual,HUN,Hungary,S1,Total economy,S1,Total economy,POP,Total population,_Z,Not applicable,_Z,Not applicable,_Z,Not applicable,PS,Persons,_Z,Not applicable,N,Non transformed data,T0110,Table 0110 - Population and employment,2025,,9514.18,,,,F,Free (free for publication),2,Two,P,Provisional value,3,Thousands,_Z,Not applicable
DATAFLOW,OECD.SDD.NAD:DSD_NAMAIN10@DF_TABLE3_POP_EMPNC(2.0),"Annual population and employment, national concept",I,A,Annual,ISL,Iceland,S1,Total economy,S1,Total economy,POP,Total population,_Z,Not applicable,_Z,Not applicable,_Z,Not applicable,PS,Persons,_Z,Not applicable,N,Non transformed data,T0110,Table 0110 - Population and employment,2025,,392,,,,F,Free (free for publication),2,Two,P,Provisional value,3,Thousands,_Z,Not applicable
DATAFLOW,OECD.SDD.NAD:DSD_NAMAIN10@DF_TABLE3_POP_EMPNC(2.0),"Annual population and employment, national concept",I,A,Annual,LUX,Luxembourg,S1,Total economy,S1,Total economy,POP,Total population,_Z,Not applicable,_Z,Not applicable,_Z,Not applicable,PS,Persons,_Z,Not applicable,N,Non transformed data,T0110,Table 0110 - Population and employment,2025,,687.038,,,,F,Free (free for publication),2,Two,P,Provisional value,3,Thousands,_Z,Not applicable
DATAFLOW,OECD.SDD.NAD:DSD_NAMAIN10@DF_TABLE3_POP_EMPNC(2.0),"Annual population and employment, national concept",I,A,Annual,NLD,Netherlands,S1,Total economy,S1,Total economy,POP,Total population,_Z,Not applicable,_Z,Not applicable,_Z,Not applicable,PS,Persons,_Z,Not applicable,N,Non transformed data,T0110,Table 0110 - Population and employment,2025,,18087,,,,F,Free (free for publication),2,Two,P,Provisional value,3,Thousands,_Z,Not applicable
DATAFLOW,OECD.SDD.NAD:DSD_NAMAIN10@DF_TABLE3_POP_EMPNC(2.0),"Annual population and employment, national concept",I,A,Annual,POL,Poland,S1,Total economy,S1,Total economy,POP,Total population,_Z,Not applicable,_Z,Not applicable,_Z,Not applicable,PS,Persons,_Z,Not applicable,N,Non transformed data,T0110,Table 0110 - Population and employment,2025,,37388.559,,,,F,Free (free for publication),2,Two,P,Provisional value,3,Thousands,_Z,Not applicable
DATAFLOW,OECD.SDD.NAD:DSD_NAMAIN10@DF_TABLE3_POP_EMPNC(2.0),"Annual population and employment, national concept",I,A,Annual,PRT,Portugal,S1,Total economy,S1,Total economy,POP,Total population,_Z,Not applicable,_Z,Not applicable,_Z,Not applicable,PS,Persons,_Z,Not applicable,N,Non transformed data,T0110,Table 0110 - Population and employment,2025,,10804.161,,,,F,Free (free for publication),2,Two,P,Provisional value,3,Thousands,_Z,Not applicable
DATAFLOW,OECD.SDD.NAD:DSD_NAMAIN10@DF_TABLE3_POP_EMPNC(2.0),"Annual population and employment, national concept",I,A,Annual,ESP,Spain,S1,Total economy,S1,Total economy,POP,Total population,_Z,Not applicable,_Z,Not applicable,_Z,Not applicable,PS,Persons,_Z,Not applicable,N,Non transformed data,T0110,Table 0110 - Population and employment,2025,,49312.42,,,,F,Free (free for publication),2,Two,P,Provisional value,3,Thousands,_Z,Not applicable
DATAFLOW,OECD.SDD.NAD:DSD_NAMAIN10@DF_TABLE3_POP_EMPNC(2.0),"Annual population and employment, national concept",I,A,Annual,BEL,Belgium,S1,Total economy,S1,Total economy,POP,Total population,_Z,Not applicable,_Z,Not applicable,_Z,Not applicable,PS,Persons,_Z,Not applicable,N,Non transformed data,T0110,Table 0110 - Population and employment,1988,,9903.804597,,,,F,Free (free for publication),2,Two,E,Estimated value,3,Thousands,_Z,Not applicable
DATAFLOW,OECD.SDD.NAD:DSD_NAMAIN10@DF_TABLE3_POP_EMPNC(2.0),"Annual population and employment, national concept",I,A,Annual,MEX,Mexico,S1,Total economy,S1,Total economy,POP,Total population,_Z,Not applicable,_Z,Not applicable,_Z,Not applicable,PS,Persons,_Z,Not applicable,N,Non transformed data,T0110,Table 0110 - Population and employment,1988,,81960.351287,,,,F,Free (free for publication),2,Two,E,Estimated value,3,Thousands,_Z,Not applicable
DATAFLOW,OECD.SDD.NAD:DSD_NAMAIN10@DF_TABLE3_POP_EMPNC(2.0),"Annual population and employment, national concept",I,A,Annual,CHE,Switzerland,S1,Total economy,S1,Total economy,POP,Total population,_Z,Not applicable,_Z,Not applicable,_Z,Not applicable,PS,Persons,_Z,Not applicable,N,Non transformed data,T0110,Table 0110 - Population and employment,1988,,6671.536,,,,F,Free (free for publication),2,Two,E,Estimated value,3,Thousands,_Z,Not applicable
DATAFLOW,OECD.SDD.NAD:DSD_NAMAIN10@DF_TABLE3_POP_EMPNC(2.0),"Annual population and employment, national concept",I,A,Annual,TUR,Türkiye,S1,Total economy,S1,Total economy,POP,Total population,_Z,Not applicable,_Z,Not applicable,_Z,Not applicable,PS,Persons,_Z,Not applicable,N,Non transformed data,T0110,Table 0110 - Population and employment,1988,,53268,,,,F,Free (free for publication),2,Two,E,Estimated value,3,Thousands,_Z,Not applicable
DATAFLOW,OECD.SDD.NAD:DSD_NAMAIN10@DF_TABLE3_POP_EMPNC(2.0),"Annual population and employment, national concept",I,A,Annual,BEL,Belgium,S1,Total economy,S1,Total economy,POP,Total population,_Z,Not applicable,_Z,Not applicable,_Z,Not applicable,PS,Persons,_Z,Not applicable,N,Non transformed data,T0110,Table 0110 - Population and employment,1989,,9939.803887,,,,F,Free (free for publication),2,Two,E,Estimated value,3,Thousands,_Z,Not applicable
DATAFLOW,OECD.SDD.NAD:DSD_NAMAIN10@DF_TABLE3_POP_EMPNC(2.0),"Annual population and employment, national concept",I,A,Annual,MEX,Mexico,S1,Total economy,S1,Total economy,POP,Total population,_Z,Not applicable,_Z,Not applicable,_Z,Not applicable,PS,Persons,_Z,Not applicable,N,Non transformed data,T0110,Table 0110 - Population and employment,1989,,83590.889628,,,,F,Free (free for publication),2,Two,E,Estimated value,3,Thousands,_Z,Not applicable
DATAFLOW,OECD.SDD.NAD:DSD_NAMAIN10@DF_TABLE3_POP_EMPNC(2.0),"Annual population and employment, national concept",I,A,Annual,CHE,Switzerland,S1,Total economy,S1,Total economy,POP,Total population,_Z,Not applicable,_Z,Not applicable,_Z,Not applicable,PS,Persons,_Z,Not applicable,N,Non transformed data,T0110,Table 0110 - Population and employment,1989,,6723.042,,,,F,Free (free for publication),2,Two,E,Estimated value,3,Thousands,_Z,Not applicable
DATAFLOW,OECD.SDD.NAD:DSD_NAMAIN10@DF_TABLE3_POP_EMPNC(2.0),"Annual population and employment, national concept",I,A,Annual,TUR,Türkiye,S1,Total economy,S1,Total economy,POP,Total population,_Z,Not applicable,_Z,Not applicable,_Z,Not applicable,PS,Persons,_Z,Not applicable,N,Non transformed data,T0110,Table 0110 - Population and employment,1989,,54192,,,,F,Free (free for publication),2,Two,E,Estimated value,3,Thousands,_Z,Not applicable
DATAFLOW,OECD.SDD.NAD:DSD_NAMAIN10@DF_TABLE3_POP_EMPNC(2.0),"Annual population and employment, national concept",I,A,Annual,BEL,Belgium,S1,Total economy,S1,Total economy,POP,Total population,_Z,Not applicable,_Z,Not applicable,_Z,Not applicable,PS,Persons,_Z,Not applicable,N,Non transformed data,T0110,Table 0110 - Population and employment,1990,,9967.803334,,,,F,Free (free for publication),2,Two,E,Estimated value,3,Thousands,_Z,Not applicable
DATAFLOW,OECD.SDD.NAD:DSD_NAMAIN10@DF_TABLE3_POP_EMPNC(2.0),"Annual population and employment, national concept",I,A,Annual,MEX,Mexico,S1,Total economy,S1,Total economy,POP,Total population,_Z,Not applicable,_Z,Not applicable,_Z,Not applicable,PS,Persons,_Z,Not applicable,N,Non transformed data,T0110,Table 0110 - Population and employment,1990,,85230.715845,,,,F,Free (free for publication),2,Two,E,Estimated value,3,Thousands,_Z,Not applicable
DATAFLOW,OECD.SDD.NAD:DSD_NAMAIN10@DF_TABLE3_POP_EMPNC(2.0),"Annual population and employment, national concept",I,A,Annual,CHE,Switzerland,S1,Total economy,S1,Total economy,POP,Total population,_Z,Not applicable,_Z,Not applicable,_Z,Not applicable,PS,Persons,_Z,Not applicable,N,Non transformed data,T0110,Table 0110 - Population and employment,1990,,6796.279,,,,F,Free (free for publication),2,Two,E,Estimated value,3,Thousands,_Z,Not applicable
DATAFLOW,OECD.SDD.NAD:DSD_NAMAIN10@DF_TABLE3_POP_EMPNC(2.0),"Annual population and employment, national concept",I,A,Annual,TUR,Türkiye,S1,Total economy,S1,Total economy,POP,Total population,_Z,Not applicable,_Z,Not applicable,_Z,Not applicable,PS,Persons,_Z,Not applicable,N,Non transformed data,T0110,Table 0110 - Population and employment,1990,,55120,,,,F,Free (free for publication),2,Two,E,Estimated value,3,Thousands,_Z,Not applicable
DATAFLOW,OECD.SDD.NAD:DSD_NAMAIN10@DF_TABLE3_POP_EMPNC(2.0),"Annual population and employment, national concept",I,A,Annual,BEL,Belgium,S1,Total economy,S1,Total economy,POP,Total population,_Z,Not applicable,_Z,Not applicable,_Z,Not applicable,PS,Persons,_Z,Not applicable,N,Non transformed data,T0110,Table 0110 - Population and employment,1991,,10005.802585,,,,F,Free (free for publication),2,Two,E,Estimated value,3,Thousands,_Z,Not applicable
DATAFLOW,OECD.SDD.NAD:DSD_NAMAIN10@DF_TABLE3_POP_EMPNC(2.0),"Annual population and employment, national concept",I,A,Annual,MEX,Mexico,S1,Total economy,S1,Total economy,POP,Total population,_Z,Not applicable,_Z,Not applicable,_Z,Not applicable,PS,Persons,_Z,Not applicable,N,Non transformed data,T0110,Table 0110 - Population and employment,1991,,86763.72338,,,,F,Free (free for publication),2,Two,E,Estimated value,3,Thousands,_Z,Not applicable
DATAFLOW,OECD.SDD.NAD:DSD_NAMAIN10@DF_TABLE3_POP_EMPNC(2.0),"Annual population and employment, national concept",I,A,Annual,CHE,Switzerland,S1,Total economy,S1,Total economy,POP,Total population,_Z,Not applicable,_Z,Not applicable,_Z,Not applicable,PS,Persons,_Z,Not applicable,N,Non transformed data,T0110,Table 0110 - Population and employment,1991,,6880.088,,,,F,Free (free for publication),2,Two,E,Estimated value,3,Thousands,_Z,Not applicable
DATAFLOW,OECD.SDD.NAD:DSD_NAMAIN10@DF_TABLE3_POP_EMPNC(2.0),"Annual population and employment, national concept",I,A,Annual,TUR,Türkiye,S1,Total economy,S1,Total economy,POP,Total population,_Z,Not applicable,_Z,Not applicable,_Z,Not applicable,PS,Persons,_Z,Not applicable,N,Non transformed data,T0110,Table 0110 - Population and employment,1991,,56055,,,,F,Free (free for publication),2,Two,E,Estimated value,3,Thousands,_Z,Not applicable
DATAFLOW,OECD.SDD.NAD:DSD_NAMAIN10@DF_TABLE3_POP_EMPNC(2.0),"Annual population and employment, national concept",I,A,Annual,BEL,Belgium,S1,Total economy,S1,Total economy,POP,Total population,_Z,Not applicable,_Z,Not applicable,_Z,Not applicable,PS,Persons,_Z,Not applicable,N,Non transformed data,T0110,Table 0110 - Population and employment,1992,,10046.801776,,,,F,Free (free for publication),2,Two,E,Estimated value,3,Thousands,_Z,Not applicable
DATAFLOW,OECD.SDD.NAD:DSD_NAMAIN10@DF_TABLE3_POP_EMPNC(2.0),"Annual population and employment, national concept",I,A,Annual,MEX,Mexico,S1,Total economy,S1,Total economy,POP,Total population,_Z,Not applicable,_Z,Not applicable,_Z,Not applicable,PS,Persons,_Z,Not applicable,N,Non transformed data,T0110,Table 0110 - Population and employment,1992,,88234.079266,,,,F,Free (free for publication),2,Two,E,Estimated value,3,Thousands,_Z,Not applicable
DATAFLOW,OECD.SDD.NAD:DSD_NAMAIN10@DF_TABLE3_POP_EMPNC(2.0),"Annual population and employment, national concept",I,A,Annual,CHE,Switzerland,S1,Total economy,S1,Total economy,POP,Total population,_Z,Not applicable,_Z,Not applicable,_Z,Not applicable,PS,Persons,_Z,Not applicable,N,Non transformed data,T0110,Table 0110 - Population and employment,1992,,6943.095,,,,F,Free (free for publication),2,Two,E,Estimated value,3,Thousands,_Z,Not applicable
DATAFLOW,OECD.SDD.NAD:DSD_NAMAIN10@DF_TABLE3_POP_EMPNC(2.0),"Annual population and employment, national concept",I,A,Annual,TUR,Türkiye,S1,Total economy,S1,Total economy,POP,Total population,_Z,Not applicable,_Z,Not applicable,_Z,Not applicable,PS,Persons,_Z,Not applicable,N,Non transformed data,T0110,Table 0110 - Population and employment,1992,,56986,,,,F,Free (free for publication),2,Two,E,Estimated value,3,Thousands,_Z,Not applicable
DATAFLOW,OECD.SDD.NAD:DSD_NAMAIN10@DF_TABLE3_POP_EMPNC(2.0),"Annual population and employment, national concept",I,A,Annual,BEL,Belgium,S1,Total economy,S1,Total economy,POP,Total population,_Z,Not applicable,_Z,Not applicable,_Z,Not applicable,PS,Persons,_Z,Not applicable,N,Non transformed data,T0110,Table 0110 - Population and employment,1993,,10085.801006,,,,F,Free (free for publication),2,Two,E,Estimated value,3,Thousands,_Z,Not applicable
DATAFLOW,OECD.SDD.NAD:DSD_NAMAIN10@DF_TABLE3_POP_EMPNC(2.0),"Annual population and employment, national concept",I,A,Annual,MEX,Mexico,S1,Total economy,S1,Total economy,POP,Total population,_Z,Not applicable,_Z,Not applicable,_Z,Not applicable,PS,Persons,_Z,Not applicable,N,Non transformed data,T0110,Table 0110 - Population and employment,1993,,89671.151463,,,,F,Free (free for publication),2,Two,E,Estimated value,3,Thousands,_Z,Not applicable
DATAFLOW,OECD.SDD.NAD:DSD_NAMAIN10@DF_TABLE3_POP_EMPNC(2.0),"Annual population and employment, national concept",I,A,Annual,CHE,Switzerland,S1,Total economy,S1,Total economy,POP,Total population,_Z,Not applicable,_Z,Not applicable,_Z,Not applicable,PS,Persons,_Z,Not applicable,N,Non transformed data,T0110,Table 0110 - Population and employment,1993,,6988.858,,,,F,Free (free for publication),2,Two,E,Estimated value,3,Thousands,_Z,Not applicable
DATAFLOW,OECD.SDD.NAD:DSD_NAMAIN10@DF_TABLE3_POP_EMPNC(2.0),"Annual population and employment, national concept",I,A,Annual,TUR,Türkiye,S1,Total economy,S1,Total economy,POP,Total population,_Z,Not applicable,_Z,Not applicable,_Z,Not applicable,PS,Persons,_Z,Not applicable,N,Non transformed data,T0110,Table 0110 - Population and employment,1993,,57913,,,,F,Free (free for publication),2,Two,E,Estimated value,3,Thousands,_Z,Not applicable
DATAFLOW,OECD.SDD.NAD:DSD_NAMAIN10@DF_TABLE3_POP_EMPNC(2.0),"Annual population and employment, national concept",I,A,Annual,BEL,Belgium,S1,Total economy,S1,Total economy,POP,Total population,_Z,Not applicable,_Z,Not applicable,_Z,Not applicable,PS,Persons,_Z,Not applicable,N,Non transformed data,T0110,Table 0110 - Population and employment,1994,,10115.800414,,,,F,Free (free for publication),2,Two,E,Estimated value,3,Thousands,_Z,Not applicable
DATAFLOW,OECD.SDD.NAD:DSD_NAMAIN10@DF_TABLE3_POP_EMPNC(2.0),"Annual population and employment, national concept",I,A,Annual,MEX,Mexico,S1,Total economy,S1,Total economy,POP,Total population,_Z,Not applicable,_Z,Not applicable,_Z,Not applicable,PS,Persons,_Z,Not applicable,N,Non transformed data,T0110,Table 0110 - Population and employment,1994,,91094.518612,,,,F,Free (free for publication),2,Two,E,Estimated value,3,Thousands,_Z,Not applicable
DATAFLOW,OECD.SDD.NAD:DSD_NAMAIN10@DF_TABLE3_POP_EMPNC(2.0),"Annual population and employment, national concept",I,A,Annual,CHE,Switzerland,S1,Total economy,S1,Total economy,POP,Total population,_Z,Not applicable,_Z,Not applicable,_Z,Not applicable,PS,Persons,_Z,Not applicable,N,Non transformed data,T0110,Table 0110 - Population and employment,1994,,7036.852,,,,F,Free (free for publication),2,Two,E,Estimated value,3,Thousands,_Z,Not applicable
DATAFLOW,OECD.SDD.NAD:DSD_NAMAIN10@DF_TABLE3_POP_EMPNC(2.0),"Annual population and employment, national concept",I,A,Annual,TUR,Türkiye,S1,Total economy,S1,Total economy,POP,Total population,_Z,Not applicable,_Z,Not applicable,_Z,Not applicable,PS,Persons,_Z,Not applicable,N,Non transformed data,T0110,Table 0110 - Population and employment,1994,,58837,,,,F,Free (free for publication),2,Two,E,Estimated value,3,Thousands,_Z,Not applicable
DATAFLOW,OECD.SDD.NAD:DSD_NAMAIN10@DF_TABLE3_POP_EMPNC(2.0),"Annual population and employment, national concept",I,A,Annual,MEX,Mexico,S1,Total economy,S1,Total economy,POP,Total population,_Z,Not applicable,_Z,Not applicable,_Z,Not applicable,PS,Persons,_Z,Not applicable,N,Non transformed data,T0110,Table 0110 - Population and employment,1995,,92499.286053,,,,F,Free (free for publication),2,Two,E,Estimated value,3,Thousands,_Z,Not applicable
DATAFLOW,OECD.SDD.NAD:DSD_NAMAIN10@DF_TABLE3_POP_EMPNC(2.0),"Annual population and employment, national concept",I,A,Annual,MEX,Mexico,S1,Total economy,S1,Total economy,POP,Total population,_Z,Not applicable,_Z,Not applicable,_Z,Not applicable,PS,Persons,_Z,Not applicable,N,Non transformed data,T0110,Table 0110 - Population and employment,1996,,93857.064757,,,,F,Free (free for publication),2,Two,E,Estimated value,3,Thousands,_Z,Not applicable
DATAFLOW,OECD.SDD.NAD:DSD_NAMAIN10@DF_TABLE3_POP_EMPNC(2.0),"Annual population and employment, national concept",I,A,Annual,MEX,Mexico,S1,Total economy,S1,Total economy,POP,Total population,_Z,Not applicable,_Z,Not applicable,_Z,Not applicable,PS,Persons,_Z,Not applicable,N,Non transformed data,T0110,Table 0110 - Population and employment,1997,,95157.086473,,,,F,Free (free for publication),2,Two,E,Estimated value,3,Thousands,_Z,Not applicable
DATAFLOW,OECD.SDD.NAD:DSD_NAMAIN10@DF_TABLE3_POP_EMPNC(2.0),"Annual population and employment, national concept",I,A,Annual,MEX,Mexico,S1,Total economy,S1,Total economy,POP,Total population,_Z,Not applicable,_Z,Not applicable,_Z,Not applicable,PS,Persons,_Z,Not applicable,N,Non transformed data,T0110,Table 0110 - Population and employment,1998,,96410.119451,,,,F,Free (free for publication),2,Two,E,Estimated value,3,Thousands,_Z,Not applicable
DATAFLOW,OECD.SDD.NAD:DSD_NAMAIN10@DF_TABLE3_POP_EMPNC(2.0),"Annual population and employment, national concept",I,A,Annual,MEX,Mexico,S1,Total economy,S1,Total economy,POP,Total population,_Z,Not applicable,_Z,Not applicable,_Z,Not applicable,PS,Persons,_Z,Not applicable,N,Non transformed data,T0110,Table 0110 - Population and employment,1999,,97605.395441,,,,F,Free (free for publication),2,Two,E,Estimated value,3,Thousands,_Z,Not applicable
DATAFLOW,OECD.SDD.NAD:DSD_NAMAIN10@DF_TABLE3_POP_EMPNC(2.0),"Annual population and employment, national concept",I,A,Annual,MEX,Mexico,S1,Total economy,S1,Total economy,POP,Total population,_Z,Not applicable,_Z,Not applicable,_Z,Not applicable,PS,Persons,_Z,Not applicable,N,Non transformed data,T0110,Table 0110 - Population and employment,2000,,98770.324538,,,,F,Free (free for publication),2,Two,E,Estimated value,3,Thousands,_Z,Not applicable
DATAFLOW,OECD.SDD.NAD:DSD_NAMAIN10@DF_TABLE3_POP_EMPNC(2.0),"Annual population and employment, national concept",I,A,Annual,MEX,Mexico,S1,Total economy,S1,Total economy,POP,Total population,_Z,Not applicable,_Z,Not applicable,_Z,Not applicable,PS,Persons,_Z,Not applicable,N,Non transformed data,T0110,Table 0110 - Population and employment,2001,,99970.495188,,,,F,Free (free for publication),2,Two,E,Estimated value,3,Thousands,_Z,Not applicable
DATAFLOW,OECD.SDD.NAD:DSD_NAMAIN10@DF_TABLE3_POP_EMPNC(2.0),"Annual population and employment, national concept",I,A,Annual,MEX,Mexico,S1,Total economy,S1,Total economy,POP,Total population,_Z,Not applicable,_Z,Not applicable,_Z,Not applicable,PS,Persons,_Z,Not applicable,N,Non transformed data,T0110,Table 0110 - Population and employment,2002,,101239.191079,,,,F,Free (free for publication),2,Two,E,Estimated value,3,Thousands,_Z,Not applicable
DATAFLOW,OECD.SDD.NAD:DSD_NAMAIN10@DF_TABLE3_POP_EMPNC(2.0),"Annual population and employment, national concept",I,A,Annual,MEX,Mexico,S1,Total economy,S1,Total economy,POP,Total population,_Z,Not applicable,_Z,Not applicable,_Z,Not applicable,PS,Persons,_Z,Not applicable,N,Non transformed data,T0110,Table 0110 - Population and employment,2003,,102513.760562,,,,F,Free (free for publication),2,Two,E,Estimated value,3,Thousands,_Z,Not applicable
DATAFLOW,OECD.SDD.NAD:DSD_NAMAIN10@DF_TABLE3_POP_EMPNC(2.0),"Annual population and employment, national concept",I,A,Annual,MEX,Mexico,S1,Total economy,S1,Total economy,POP,Total population,_Z,Not applicable,_Z,Not applicable,_Z,Not applicable,PS,Persons,_Z,Not applicable,N,Non transformed data,T0110,Table 0110 - Population and employment,2004,,103719.804804,,,,F,Free (free for publication),2,Two,E,Estimated value,3,Thousands,_Z,Not applicable
DATAFLOW,OECD.SDD.NAD:DSD_NAMAIN10@DF_TABLE3_POP_EMPNC(2.0),"Annual population and employment, national concept",I,A,Annual,CRI,Costa Rica,S1,Total economy,S1,Total economy,POP,Total population,_Z,Not applicable,_Z,Not applicable,_Z,Not applicable,PS,Persons,_Z,Not applicable,N,Non transformed data,T0110,Table 0110 - Population and employment,2024,,5307.8,,,,F,Free (free for publication),2,Two,E,Estimated value,3,Thousands,_Z,Not applicable
DATAFLOW,OECD.SDD.NAD:DSD_NAMAIN10@DF_TABLE3_POP_EMPNC(2.0),"Annual population and employment, national concept",I,A,Annual,COL,Colombia,S1,Total economy,S1,Total economy,POP,Total population,_Z,Not applicable,_Z,Not applicable,_Z,Not applicable,PS,Persons,_Z,Not applicable,N,Non transformed data,T0110,Table 0110 - Population and employment,2025,,51895.4,,,,F,Free (free for publication),2,Two,E,Estimated value,3,Thousands,_Z,Not applicable
DATAFLOW,OECD.SDD.NAD:DSD_NAMAIN10@DF_TABLE3_POP_EMPNC(2.0),"Annual population and employment, national concept",I,A,Annual,CRI,Costa Rica,S1,Total economy,S1,Total economy,POP,Total population,_Z,Not applicable,_Z,Not applicable,_Z,Not applicable,PS,Persons,_Z,Not applicable,N,Non transformed data,T0110,Table 0110 - Population and employment,2025,,5353.8,,,,F,Free (free for publication),2,Two,E,Estimated value,3,Thousands,_Z,Not applicable
DATAFLOW,OECD.SDD.NAD:DSD_NAMAIN10@DF_TABLE3_POP_EMPNC(2.0),"Annual population and employment, national concept",I,A,Annual,ISR,Israel,S1,Total economy,S1,Total economy,POP,Total population,_Z,Not applicable,_Z,Not applicable,_Z,Not applicable,PS,Persons,_Z,Not applicable,N,Non transformed data,T0110,Table 0110 - Population and employment,2025,,10106.5,,,,F,Free (free for publication),2,Two,E,Estimated value,3,Thousands,_Z,Not applicable
DATAFLOW,OECD.SDD.NAD:DSD_NAMAIN10@DF_TABLE3_POP_EMPNC(2.0),"Annual population and employment, national concept",I,A,Annual,ITA,Italy,S1,Total economy,S1,Total economy,POP,Total population,_Z,Not applicable,_Z,Not applicable,_Z,Not applicable,PS,Persons,_Z,Not applicable,N,Non transformed data,T0110,Table 0110 - Population and employment,2025,,58947.2,,,,F,Free (free for publication),2,Two,E,Estimated value,3,Thousands,_Z,Not applicable
DATAFLOW,OECD.SDD.NAD:DSD_NAMAIN10@DF_TABLE3_POP_EMPNC(2.0),"Annual population and employment, national concept",I,A,Annual,KOR,Korea,S1,Total economy,S1,Total economy,POP,Total population,_Z,Not applicable,_Z,Not applicable,_Z,Not applicable,PS,Persons,_Z,Not applicable,N,Non transformed data,T0110,Table 0110 - Population and employment,2025,,51650.1,,,,F,Free (free for publication),2,Two,E,Estimated value,3,Thousands,_Z,Not applicable
DATAFLOW,OECD.SDD.NAD:DSD_NAMAIN10@DF_TABLE3_POP_EMPNC(2.0),"Annual population and employment, national concept",I,A,Annual,MEX,Mexico,S1,Total economy,S1,Total economy,POP,Total population,_Z,Not applicable,_Z,Not applicable,_Z,Not applicable,PS,Persons,_Z,Not applicable,N,Non transformed data,T0110,Table 0110 - Population and employment,2025,,130688.7,,,,F,Free (free for publication),2,Two,E,Estimated value,3,Thousands,_Z,Not applicable
DATAFLOW,OECD.SDD.NAD:DSD_NAMAIN10@DF_TABLE3_POP_EMPNC(2.0),"Annual population and employment, national concept",I,A,Annual,NZL,New Zealand,S1,Total economy,S1,Total economy,POP,Total population,_Z,Not applicable,_Z,Not applicable,_Z,Not applicable,PS,Persons,_Z,Not applicable,N,Non transformed data,T0110,Table 0110 - Population and employment,2025,,5333,,,,F,Free (free for publication),2,Two,E,Estimated value,3,Thousands,_Z,Not applicable
DATAFLOW,OECD.SDD.NAD:DSD_NAMAIN10@DF_TABLE3_POP_EMPNC(2.0),"Annual population and employment, national concept",I,A,Annual,FRA,France,S1,Total economy,S1,Total economy,POP,Total population,_Z,Not applicable,_Z,Not applicable,_Z,Not applicable,PS,Persons,_Z,Not applicable,N,Non transformed data,T0110,Table 0110 - Population and employment,1988,,57530,,,,F,Free (free for publication),2,Two,A,Normal value,3,Thousands,_Z,Not applicable
DATAFLOW,OECD.SDD.NAD:DSD_NAMAIN10@DF_TABLE3_POP_EMPNC(2.0),"Annual population and employment, national concept",I,A,Annual,JPN,Japan,S1,Total economy,S1,Total economy,POP,Total population,_Z,Not applicable,_Z,Not applicable,_Z,Not applicable,PS,Persons,_Z,Not applicable,N,Non transformed data,T0110,Table 0110 - Population and employment,1988,,122745,,,,F,Free (free for publication),2,Two,A,Normal value,3,Thousands,_Z,Not applicable
DATAFLOW,OECD.SDD.NAD:DSD_NAMAIN10@DF_TABLE3_POP_EMPNC(2.0),"Annual population and employment, national concept",I,A,Annual,FRA,France,S1,Total economy,S1,Total economy,POP,Total population,_Z,Not applicable,_Z,Not applicable,_Z,Not applicable,PS,Persons,_Z,Not applicable,N,Non transformed data,T0110,Table 0110 - Population and employment,1989,,57867,,,,F,Free (free for publication),2,Two,A,Normal value,3,Thousands,_Z,Not applicable
DATAFLOW,OECD.SDD.NAD:DSD_NAMAIN10@DF_TABLE3_POP_EMPNC(2.0),"Annual population and employment, national concept",I,A,Annual,JPN,Japan,S1,Total economy,S1,Total economy,POP,Total population,_Z,Not applicable,_Z,Not applicable,_Z,Not applicable,PS,Persons,_Z,Not applicable,N,Non transformed data,T0110,Table 0110 - Population and employment,1989,,123205,,,,F,Free (free for publication),2,Two,A,Normal value,3,Thousands,_Z,Not applicable
DATAFLOW,OECD.SDD.NAD:DSD_NAMAIN10@DF_TABLE3_POP_EMPNC(2.0),"Annual population and employment, national concept",I,A,Annual,FRA,France,S1,Total economy,S1,Total economy,POP,Total population,_Z,Not applicable,_Z,Not applicable,_Z,Not applicable,PS,Persons,_Z,Not applicable,N,Non transformed data,T0110,Table 0110 - Population and employment,1990,,58176,,,,F,Free (free for publication),2,Two,A,Normal value,3,Thousands,_Z,Not applicable
DATAFLOW,OECD.SDD.NAD:DSD_NAMAIN10@DF_TABLE3_POP_EMPNC(2.0),"Annual population and employment, national concept",I,A,Annual,JPN,Japan,S1,Total economy,S1,Total economy,POP,Total population,_Z,Not applicable,_Z,Not applicable,_Z,Not applicable,PS,Persons,_Z,Not applicable,N,Non transformed data,T0110,Table 0110 - Population and employment,1990,,123611,,,,F,Free (free for publication),2,Two,A,Normal value,3,Thousands,_Z,Not applicable
DATAFLOW,OECD.SDD.NAD:DSD_NAMAIN10@DF_TABLE3_POP_EMPNC(2.0),"Annual population and employment, national concept",I,A,Annual,JPN,Japan,S1,Total economy,S1,Total economy,POP,Total population,_Z,Not applicable,_Z,Not applicable,_Z,Not applicable,PS,Persons,_Z,Not applicable,N,Non transformed data,T0110,Table 0110 - Population and employment,1991,,124101,,,,F,Free (free for publication),2,Two,A,Normal value,3,Thousands,_Z,Not applicable
DATAFLOW,OECD.SDD.NAD:DSD_NAMAIN10@DF_TABLE3_POP_EMPNC(2.0),"Annual population and employment, national concept",I,A,Annual,NZL,New Zealand,S1,Total economy,S1,Total economy,POP,Total population,_Z,Not applicable,_Z,Not applicable,_Z,Not applicable,PS,Persons,_Z,Not applicable,N,Non transformed data,T0110,Table 0110 - Population and employment,1991,,3505.7,,,,F,Free (free for publication),2,Two,A,Normal value,3,Thousands,_Z,Not applicable
DATAFLOW,OECD.SDD.NAD:DSD_NAMAIN10@DF_TABLE3_POP_EMPNC(2.0),"Annual population and employment, national concept",I,A,Annual,FRA,France,S1,Total economy,S1,Total economy,POP,Total population,_Z,Not applicable,_Z,Not applicable,_Z,Not applicable,PS,Persons,_Z,Not applicable,N,Non transformed data,T0110,Table 0110 - Population and employment,1992,,58740,,,,F,Free (free for publication),2,Two,A,Normal value,3,Thousands,_Z,Not applicable
DATAFLOW,OECD.SDD.NAD:DSD_NAMAIN10@DF_TABLE3_POP_EMPNC(2.0),"Annual population and employment, national concept",I,A,Annual,JPN,Japan,S1,Total economy,S1,Total economy,POP,Total population,_Z,Not applicable,_Z,Not applicable,_Z,Not applicable,PS,Persons,_Z,Not applicable,N,Non transformed data,T0110,Table 0110 - Population and employment,1992,,124567,,,,F,Free (free for publication),2,Two,A,Normal value,3,Thousands,_Z,Not applicable
DATAFLOW,OECD.SDD.NAD:DSD_NAMAIN10@DF_TABLE3_POP_EMPNC(2.0),"Annual population and employment, national concept",I,A,Annual,NZL,New Zealand,S1,Total economy,S1,Total economy,POP,Total population,_Z,Not applicable,_Z,Not applicable,_Z,Not applicable,PS,Persons,_Z,Not applicable,N,Non transformed data,T0110,Table 0110 - Population and employment,1992,,3542.2,,,,F,Free (free for publication),2,Two,A,Normal value,3,Thousands,_Z,Not applicable
DATAFLOW,OECD.SDD.NAD:DSD_NAMAIN10@DF_TABLE3_POP_EMPNC(2.0),"Annual population and employment, national concept",I,A,Annual,FRA,France,S1,Total economy,S1,Total economy,POP,Total population,_Z,Not applicable,_Z,Not applicable,_Z,Not applicable,PS,Persons,_Z,Not applicable,N,Non transformed data,T0110,Table 0110 - Population and employment,1993,,58986,,,,F,Free (free for publication),2,Two,A,Normal value,3,Thousands,_Z,Not applicable
DATAFLOW,OECD.SDD.NAD:DSD_NAMAIN10@DF_TABLE3_POP_EMPNC(2.0),"Annual population and employment, national concept",I,A,Annual,JPN,Japan,S1,Total economy,S1,Total economy,POP,Total population,_Z,Not applicable,_Z,Not applicable,_Z,Not applicable,PS,Persons,_Z,Not applicable,N,Non transformed data,T0110,Table 0110 - Population and employment,1993,,124938,,,,F,Free (free for publication),2,Two,A,Normal value,3,Thousands,_Z,Not applicable
DATAFLOW,OECD.SDD.NAD:DSD_NAMAIN10@DF_TABLE3_POP_EMPNC(2.0),"Annual population and employment, national concept",I,A,Annual,NZL,New Zealand,S1,Total economy,S1,Total economy,POP,Total population,_Z,Not applicable,_Z,Not applicable,_Z,Not applicable,PS,Persons,_Z,Not applicable,N,Non transformed data,T0110,Table 0110 - Population and employment,1993,,3585.2,,,,F,Free (free for publication),2,Two,A,Normal value,3,Thousands,_Z,Not applicable
DATAFLOW,OECD.SDD.NAD:DSD_NAMAIN10@DF_TABLE3_POP_EMPNC(2.0),"Annual population and employment, national concept",I,A,Annual,FRA,France,S1,Total economy,S1,Total economy,POP,Total population,_Z,Not applicable,_Z,Not applicable,_Z,Not applicable,PS,Persons,_Z,Not applicable,N,Non transformed data,T0110,Table 0110 - Population and employment,1994,,59199,,,,F,Free (free for publication),2,Two,A,Normal value,3,Thousands,_Z,Not applicable
DATAFLOW,OECD.SDD.NAD:DSD_NAMAIN10@DF_TABLE3_POP_EMPNC(2.0),"Annual population and employment, national concept",I,A,Annual,JPN,Japan,S1,Total economy,S1,Total economy,POP,Total population,_Z,Not applicable,_Z,Not applicable,_Z,Not applicable,PS,Persons,_Z,Not applicable,N,Non transformed data,T0110,Table 0110 - Population and employment,1994,,125265,,,,F,Free (free for publication),2,Two,A,Normal value,3,Thousands,_Z,Not applicable
DATAFLOW,OECD.SDD.NAD:DSD_NAMAIN10@DF_TABLE3_POP_EMPNC(2.0),"Annual population and employment, national concept",I,A,Annual,NZL,New Zealand,S1,Total economy,S1,Total economy,POP,Total population,_Z,Not applicable,_Z,Not applicable,_Z,Not applicable,PS,Persons,_Z,Not applicable,N,Non transformed data,T0110,Table 0110 - Population and employment,1994,,3634.4,,,,F,Free (free for publication),2,Two,A,Normal value,3,Thousands,_Z,Not applicable
DATAFLOW,OECD.SDD.NAD:DSD_NAMAIN10@DF_TABLE3_POP_EMPNC(2.0),"Annual population and employment, national concept",I,A,Annual,AUS,Australia,S1,Total economy,S1,Total economy,POP,Total population,_Z,Not applicable,_Z,Not applicable,_Z,Not applicable,PS,Persons,_Z,Not applicable,N,Non transformed data,T0110,Table 0110 - Population and employment,1995,,18004.882,,,,F,Free (free for publication),2,Two,A,Normal value,3,Thousands,_Z,Not applicable
DATAFLOW,OECD.SDD.NAD:DSD_NAMAIN10@DF_TABLE3_POP_EMPNC(2.0),"Annual population and employment, national concept",I,A,Annual,BEL,Belgium,S1,Total economy,S1,Total economy,POP,Total population,_Z,Not applicable,_Z,Not applicable,_Z,Not applicable,PS,Persons,_Z,Not applicable,N,Non transformed data,T0110,Table 0110 - Population and employment,1995,,10136.8,,,,F,Free (free for publication),2,Two,A,Normal value,3,Thousands,_Z,Not applicable
DATAFLOW,OECD.SDD.NAD:DSD_NAMAIN10@DF_TABLE3_POP_EMPNC(2.0),"Annual population and employment, national concept",I,A,Annual,FRA,France,S1,Total economy,S1,Total economy,POP,Total population,_Z,Not applicable,_Z,Not applicable,_Z,Not applicable,PS,Persons,_Z,Not applicable,N,Non transformed data,T0110,Table 0110 - Population and employment,1995,,59407,,,,F,Free (free for publication),2,Two,A,Normal value,3,Thousands,_Z,Not applicable
DATAFLOW,OECD.SDD.NAD:DSD_NAMAIN10@DF_TABLE3_POP_EMPNC(2.0),"Annual population and employment, national concept",I,A,Annual,IRL,Ireland,S1,Total economy,S1,Total economy,POP,Total population,_Z,Not applicable,_Z,Not applicable,_Z,Not applicable,PS,Persons,_Z,Not applicable,N,Non transformed data,T0110,Table 0110 - Population and employment,1995,,3601.3,,,,F,Free (free for publication),2,Two,A,Normal value,3,Thousands,_Z,Not applicable
DATAFLOW,OECD.SDD.NAD:DSD_NAMAIN10@DF_TABLE3_POP_EMPNC(2.0),"Annual population and employment, national concept",I,A,Annual,ISR,Israel,S1,Total economy,S1,Total economy,POP,Total population,_Z,Not applicable,_Z,Not applicable,_Z,Not applicable,PS,Persons,_Z,Not applicable,N,Non transformed data,T0110,Table 0110 - Population and employment,1995,,5603.4,,,,F,Free (free for publication),2,Two,A,Normal value,3,Thousands,_Z,Not applicable
DATAFLOW,OECD.SDD.NAD:DSD_NAMAIN10@DF_TABLE3_POP_EMPNC(2.0),"Annual population and employment, national concept",I,A,Annual,JPN,Japan,S1,Total economy,S1,Total economy,POP,Total population,_Z,Not applicable,_Z,Not applicable,_Z,Not applicable,PS,Persons,_Z,Not applicable,N,Non transformed data,T0110,Table 0110 - Population and employment,1995,,125570,,,,F,Free (free for publication),2,Two,A,Normal value,3,Thousands,_Z,Not applicable
DATAFLOW,OECD.SDD.NAD:DSD_NAMAIN10@DF_TABLE3_POP_EMPNC(2.0),"Annual population and employment, national concept",I,A,Annual,NZL,New Zealand,S1,Total economy,S1,Total economy,POP,Total population,_Z,Not applicable,_Z,Not applicable,_Z,Not applicable,PS,Persons,_Z,Not applicable,N,Non transformed data,T0110,Table 0110 - Population and employment,1995,,3690.6,,,,F,Free (free for publication),2,Two,A,Normal value,3,Thousands,_Z,Not applicable
DATAFLOW,OECD.SDD.NAD:DSD_NAMAIN10@DF_TABLE3_POP_EMPNC(2.0),"Annual population and employment, national concept",I,A,Annual,CHE,Switzerland,S1,Total economy,S1,Total economy,POP,Total population,_Z,Not applicable,_Z,Not applicable,_Z,Not applicable,PS,Persons,_Z,Not applicable,N,Non transformed data,T0110,Table 0110 - Population and employment,1995,,7099.85921,,,,F,Free (free for publication),2,Two,A,Normal value,3,Thousands,_Z,Not applicable
DATAFLOW,OECD.SDD.NAD:DSD_NAMAIN10@DF_TABLE3_POP_EMPNC(2.0),"Annual population and employment, national concept",I,A,Annual,TUR,Türkiye,S1,Total economy,S1,Total economy,POP,Total population,_Z,Not applicable,_Z,Not applicable,_Z,Not applicable,PS,Persons,_Z,Not applicable,N,Non transformed data,T0110,Table 0110 - Population and employment,1995,,59756,,,,F,Free (free for publication),2,Two,A,Normal value,3,Thousands,_Z,Not applicable
DATAFLOW,OECD.SDD.NAD:DSD_NAMAIN10@DF_TABLE3_POP_EMPNC(2.0),"Annual population and employment, national concept",I,A,Annual,AUS,Australia,S1,Total economy,S1,Total economy,POP,Total population,_Z,Not applicable,_Z,Not applicable,_Z,Not applicable,PS,Persons,_Z,Not applicable,N,Non transformed data,T0110,Table 0110 - Population and employment,1996,,18224.767,,,,F,Free (free for publication),2,Two,A,Normal value,3,Thousands,_Z,Not applicable
DATAFLOW,OECD.SDD.NAD:DSD_NAMAIN10@DF_TABLE3_POP_EMPNC(2.0),"Annual population and employment, national concept",I,A,Annual,BEL,Belgium,S1,Total economy,S1,Total economy,POP,Total population,_Z,Not applicable,_Z,Not applicable,_Z,Not applicable,PS,Persons,_Z,Not applicable,N,Non transformed data,T0110,Table 0110 - Population and employment,1996,,10156.6,,,,F,Free (free for publication),2,Two,A,Normal value,3,Thousands,_Z,Not applicable
DATAFLOW,OECD.SDD.NAD:DSD_NAMAIN10@DF_TABLE3_POP_EMPNC(2.0),"Annual population and employment, national concept",I,A,Annual,FRA,France,S1,Total economy,S1,Total economy,POP,Total population,_Z,Not applicable,_Z,Not applicable,_Z,Not applicable,PS,Persons,_Z,Not applicable,N,Non transformed data,T0110,Table 0110 - Population and employment,1996,,59612,,,,F,Free (free for publication),2,Two,A,Normal value,3,Thousands,_Z,Not applicable
DATAFLOW,OECD.SDD.NAD:DSD_NAMAIN10@DF_TABLE3_POP_EMPNC(2.0),"Annual population and employment, national concept",I,A,Annual,IRL,Ireland,S1,Total economy,S1,Total economy,POP,Total population,_Z,Not applicable,_Z,Not applicable,_Z,Not applicable,PS,Persons,_Z,Not applicable,N,Non transformed data,T0110,Table 0110 - Population and employment,1996,,3626.1,,,,F,Free (free for publication),2,Two,A,Normal value,3,Thousands,_Z,Not applicable
DATAFLOW,OECD.SDD.NAD:DSD_NAMAIN10@DF_TABLE3_POP_EMPNC(2.0),"Annual population and employment, national concept",I,A,Annual,ISR,Israel,S1,Total economy,S1,Total economy,POP,Total population,_Z,Not applicable,_Z,Not applicable,_Z,Not applicable,PS,Persons,_Z,Not applicable,N,Non transformed data,T0110,Table 0110 - Population and employment,1996,,5790.2,,,,F,Free (free for publication),2,Two,A,Normal value,3,Thousands,_Z,Not applicable
DATAFLOW,OECD.SDD.NAD:DSD_NAMAIN10@DF_TABLE3_POP_EMPNC(2.0),"Annual population and employment, national concept",I,A,Annual,JPN,Japan,S1,Total economy,S1,Total economy,POP,Total population,_Z,Not applicable,_Z,Not applicable,_Z,Not applicable,PS,Persons,_Z,Not applicable,N,Non transformed data,T0110,Table 0110 - Population and employment,1996,,125859,,,,F,Free (free for publication),2,Two,A,Normal value,3,Thousands,_Z,Not applicable
DATAFLOW,OECD.SDD.NAD:DSD_NAMAIN10@DF_TABLE3_POP_EMPNC(2.0),"Annual population and employment, national concept",I,A,Annual,NZL,New Zealand,S1,Total economy,S1,Total economy,POP,Total population,_Z,Not applicable,_Z,Not applicable,_Z,Not applicable,PS,Persons,_Z,Not applicable,N,Non transformed data,T0110,Table 0110 - Population and employment,1996,,3747.3,,,,F,Free (free for publication),2,Two,A,Normal value,3,Thousands,_Z,Not applicable
DATAFLOW,OECD.SDD.NAD:DSD_NAMAIN10@DF_TABLE3_POP_EMPNC(2.0),"Annual population and employment, national concept",I,A,Annual,CHE,Switzerland,S1,Total economy,S1,Total economy,POP,Total population,_Z,Not applicable,_Z,Not applicable,_Z,Not applicable,PS,Persons,_Z,Not applicable,N,Non transformed data,T0110,Table 0110 - Population and employment,1996,,7132.094406,,,,F,Free (free for publication),2,Two,A,Normal value,3,Thousands,_Z,Not applicable
DATAFLOW,OECD.SDD.NAD:DSD_NAMAIN10@DF_TABLE3_POP_EMPNC(2.0),"Annual population and employment, national concept",I,A,Annual,TUR,Türkiye,S1,Total economy,S1,Total economy,POP,Total population,_Z,Not applicable,_Z,Not applicable,_Z,Not applicable,PS,Persons,_Z,Not applicable,N,Non transformed data,T0110,Table 0110 - Population and employment,1996,,60671,,,,F,Free (free for publication),2,Two,A,Normal value,3,Thousands,_Z,Not applicable
DATAFLOW,OECD.SDD.NAD:DSD_NAMAIN10@DF_TABLE3_POP_EMPNC(2.0),"Annual population and employment, national concept",I,A,Annual,AUS,Australia,S1,Total economy,S1,Total economy,POP,Total population,_Z,Not applicable,_Z,Not applicable,_Z,Not applicable,PS,Persons,_Z,Not applicable,N,Non transformed data,T0110,Table 0110 - Population and employment,1997,,18423.037,,,,F,Free (free for publication),2,Two,A,Normal value,3,Thousands,_Z,Not applicable
DATAFLOW,OECD.SDD.NAD:DSD_NAMAIN10@DF_TABLE3_POP_EMPNC(2.0),"Annual population and employment, national concept",I,A,Annual,BEL,Belgium,S1,Total economy,S1,Total economy,POP,Total population,_Z,Not applicable,_Z,Not applicable,_Z,Not applicable,PS,Persons,_Z,Not applicable,N,Non transformed data,T0110,Table 0110 - Population and employment,1997,,10180.7,,,,F,Free (free for publication),2,Two,A,Normal value,3,Thousands,_Z,Not applicable
DATAFLOW,OECD.SDD.NAD:DSD_NAMAIN10@DF_TABLE3_POP_EMPNC(2.0),"Annual population and employment, national concept",I,A,Annual,IRL,Ireland,S1,Total economy,S1,Total economy,POP,Total population,_Z,Not applicable,_Z,Not applicable,_Z,Not applicable,PS,Persons,_Z,Not applicable,N,Non transformed data,T0110,Table 0110 - Population and employment,1997,,3664.3,,,,F,Free (free for publication),2,Two,A,Normal value,3,Thousands,_Z,Not applicable
DATAFLOW,OECD.SDD.NAD:DSD_NAMAIN10@DF_TABLE3_POP_EMPNC(2.0),"Annual population and employment, national concept",I,A,Annual,ISR,Israel,S1,Total economy,S1,Total economy,POP,Total population,_Z,Not applicable,_Z,Not applicable,_Z,Not applicable,PS,Persons,_Z,Not applicable,N,Non transformed data,T0110,Table 0110 - Population and employment,1997,,5938,,,,F,Free (free for publication),2,Two,A,Normal value,3,Thousands,_Z,Not applicable
DATAFLOW,OECD.SDD.NAD:DSD_NAMAIN10@DF_TABLE3_POP_EMPNC(2.0),"Annual population and employment, national concept",I,A,Annual,JPN,Japan,S1,Total economy,S1,Total economy,POP,Total population,_Z,Not applicable,_Z,Not applicable,_Z,Not applicable,PS,Persons,_Z,Not applicable,N,Non transformed data,T0110,Table 0110 - Population and employment,1997,,126157,,,,F,Free (free for publication),2,Two,A,Normal value,3,Thousands,_Z,Not applicable
DATAFLOW,OECD.SDD.NAD:DSD_NAMAIN10@DF_TABLE3_POP_EMPNC(2.0),"Annual population and employment, national concept",I,A,Annual,NZL,New Zealand,S1,Total economy,S1,Total economy,POP,Total population,_Z,Not applicable,_Z,Not applicable,_Z,Not applicable,PS,Persons,_Z,Not applicable,N,Non transformed data,T0110,Table 0110 - Population and employment,1997,,3792.1,,,,F,Free (free for publication),2,Two,A,Normal value,3,Thousands,_Z,Not applicable
DATAFLOW,OECD.SDD.NAD:DSD_NAMAIN10@DF_TABLE3_POP_EMPNC(2.0),"Annual population and employment, national concept",I,A,Annual,CHE,Switzerland,S1,Total economy,S1,Total economy,POP,Total population,_Z,Not applicable,_Z,Not applicable,_Z,Not applicable,PS,Persons,_Z,Not applicable,N,Non transformed data,T0110,Table 0110 - Population and employment,1997,,7152.972156,,,,F,Free (free for publication),2,Two,A,Normal value,3,Thousands,_Z,Not applicable
DATAFLOW,OECD.SDD.NAD:DSD_NAMAIN10@DF_TABLE3_POP_EMPNC(2.0),"Annual population and employment, national concept",I,A,Annual,TUR,Türkiye,S1,Total economy,S1,Total economy,POP,Total population,_Z,Not applicable,_Z,Not applicable,_Z,Not applicable,PS,Persons,_Z,Not applicable,N,Non transformed data,T0110,Table 0110 - Population and employment,1997,,61582,,,,F,Free (free for publication),2,Two,A,Normal value,3,Thousands,_Z,Not applicable
DATAFLOW,OECD.SDD.NAD:DSD_NAMAIN10@DF_TABLE3_POP_EMPNC(2.0),"Annual population and employment, national concept",I,A,Annual,AUS,Australia,S1,Total economy,S1,Total economy,POP,Total population,_Z,Not applicable,_Z,Not applicable,_Z,Not applicable,PS,Persons,_Z,Not applicable,N,Non transformed data,T0110,Table 0110 - Population and employment,1998,,18607.584,,,,F,Free (free for publication),2,Two,A,Normal value,3,Thousands,_Z,Not applicable
DATAFLOW,OECD.SDD.NAD:DSD_NAMAIN10@DF_TABLE3_POP_EMPNC(2.0),"Annual population and employment, national concept",I,A,Annual,BEL,Belgium,S1,Total economy,S1,Total economy,POP,Total population,_Z,Not applicable,_Z,Not applicable,_Z,Not applicable,PS,Persons,_Z,Not applicable,N,Non transformed data,T0110,Table 0110 - Population and employment,1998,,10202.4,,,,F,Free (free for publication),2,Two,A,Normal value,3,Thousands,_Z,Not applicable
DATAFLOW,OECD.SDD.NAD:DSD_NAMAIN10@DF_TABLE3_POP_EMPNC(2.0),"Annual population and employment, national concept",I,A,Annual,FRA,France,S1,Total economy,S1,Total economy,POP,Total population,_Z,Not applicable,_Z,Not applicable,_Z,Not applicable,PS,Persons,_Z,Not applicable,N,Non transformed data,T0110,Table 0110 - Population and employment,1998,,60032,,,,F,Free (free for publication),2,Two,A,Normal value,3,Thousands,_Z,Not applicable
DATAFLOW,OECD.SDD.NAD:DSD_NAMAIN10@DF_TABLE3_POP_EMPNC(2.0),"Annual population and employment, national concept",I,A,Annual,IRL,Ireland,S1,Total economy,S1,Total economy,POP,Total population,_Z,Not applicable,_Z,Not applicable,_Z,Not applicable,PS,Persons,_Z,Not applicable,N,Non transformed data,T0110,Table 0110 - Population and employment,1998,,3714.18,,,,F,Free (free for publication),2,Two,A,Normal value,3,Thousands,_Z,Not applicable
DATAFLOW,OECD.SDD.NAD:DSD_NAMAIN10@DF_TABLE3_POP_EMPNC(2.0),"Annual population and employment, national concept",I,A,Annual,ISR,Israel,S1,Total economy,S1,Total economy,POP,Total population,_Z,Not applicable,_Z,Not applicable,_Z,Not applicable,PS,Persons,_Z,Not applicable,N,Non transformed data,T0110,Table 0110 - Population and employment,1998,,6096.1,,,,F,Free (free for publication),2,Two,A,Normal value,3,Thousands,_Z,Not applicable
DATAFLOW,OECD.SDD.NAD:DSD_NAMAIN10@DF_TABLE3_POP_EMPNC(2.0),"Annual population and employment, national concept",I,A,Annual,JPN,Japan,S1,Total economy,S1,Total economy,POP,Total population,_Z,Not applicable,_Z,Not applicable,_Z,Not applicable,PS,Persons,_Z,Not applicable,N,Non transformed data,T0110,Table 0110 - Population and employment,1998,,126472,,,,F,Free (free for publication),2,Two,A,Normal value,3,Thousands,_Z,Not applicable
DATAFLOW,OECD.SDD.NAD:DSD_NAMAIN10@DF_TABLE3_POP_EMPNC(2.0),"Annual population and employment, national concept",I,A,Annual,NZL,New Zealand,S1,Total economy,S1,Total economy,POP,Total population,_Z,Not applicable,_Z,Not applicable,_Z,Not applicable,PS,Persons,_Z,Not applicable,N,Non transformed data,T0110,Table 0110 - Population and employment,1998,,3821.8,,,,F,Free (free for publication),2,Two,A,Normal value,3,Thousands,_Z,Not applicable
DATAFLOW,OECD.SDD.NAD:DSD_NAMAIN10@DF_TABLE3_POP_EMPNC(2.0),"Annual population and employment, national concept",I,A,Annual,CHE,Switzerland,S1,Total economy,S1,Total economy,POP,Total population,_Z,Not applicable,_Z,Not applicable,_Z,Not applicable,PS,Persons,_Z,Not applicable,N,Non transformed data,T0110,Table 0110 - Population and employment,1998,,7176.775813,,,,F,Free (free for publication),2,Two,A,Normal value,3,Thousands,_Z,Not applicable
DATAFLOW,OECD.SDD.NAD:DSD_NAMAIN10@DF_TABLE3_POP_EMPNC(2.0),"Annual population and employment, national concept",I,A,Annual,TUR,Türkiye,S1,Total economy,S1,Total economy,POP,Total population,_Z,Not applicable,_Z,Not applicable,_Z,Not applicable,PS,Persons,_Z,Not applicable,N,Non transformed data,T0110,Table 0110 - Population and employment,1998,,62464,,,,F,Free (free for publication),2,Two,A,Normal value,3,Thousands,_Z,Not applicable
DATAFLOW,OECD.SDD.NAD:DSD_NAMAIN10@DF_TABLE3_POP_EMPNC(2.0),"Annual population and employment, national concept",I,A,Annual,AUS,Australia,S1,Total economy,S1,Total economy,POP,Total population,_Z,Not applicable,_Z,Not applicable,_Z,Not applicable,PS,Persons,_Z,Not applicable,N,Non transformed data,T0110,Table 0110 - Population and employment,1999,,18812.264,,,,F,Free (free for publication),2,Two,A,Normal value,3,Thousands,_Z,Not applicable
DATAFLOW,OECD.SDD.NAD:DSD_NAMAIN10@DF_TABLE3_POP_EMPNC(2.0),"Annual population and employment, national concept",I,A,Annual,BEL,Belgium,S1,Total economy,S1,Total economy,POP,Total population,_Z,Not applicable,_Z,Not applicable,_Z,Not applicable,PS,Persons,_Z,Not applicable,N,Non transformed data,T0110,Table 0110 - Population and employment,1999,,10226.4,,,,F,Free (free for publication),2,Two,A,Normal value,3,Thousands,_Z,Not applicable
DATAFLOW,OECD.SDD.NAD:DSD_NAMAIN10@DF_TABLE3_POP_EMPNC(2.0),"Annual population and employment, national concept",I,A,Annual,FRA,France,S1,Total economy,S1,Total economy,POP,Total population,_Z,Not applicable,_Z,Not applicable,_Z,Not applicable,PS,Persons,_Z,Not applicable,N,Non transformed data,T0110,Table 0110 - Population and employment,1999,,60336,,,,F,Free (free for publication),2,Two,A,Normal value,3,Thousands,_Z,Not applicable
DATAFLOW,OECD.SDD.NAD:DSD_NAMAIN10@DF_TABLE3_POP_EMPNC(2.0),"Annual population and employment, national concept",I,A,Annual,IRL,Ireland,S1,Total economy,S1,Total economy,POP,Total population,_Z,Not applicable,_Z,Not applicable,_Z,Not applicable,PS,Persons,_Z,Not applicable,N,Non transformed data,T0110,Table 0110 - Population and employment,1999,,3754.775,,,,F,Free (free for publication),2,Two,A,Normal value,3,Thousands,_Z,Not applicable
DATAFLOW,OECD.SDD.NAD:DSD_NAMAIN10@DF_TABLE3_POP_EMPNC(2.0),"Annual population and employment, national concept",I,A,Annual,ISR,Israel,S1,Total economy,S1,Total economy,POP,Total population,_Z,Not applicable,_Z,Not applicable,_Z,Not applicable,PS,Persons,_Z,Not applicable,N,Non transformed data,T0110,Table 0110 - Population and employment,1999,,6257.3,,,,F,Free (free for publication),2,Two,A,Normal value,3,Thousands,_Z,Not applicable
DATAFLOW,OECD.SDD.NAD:DSD_NAMAIN10@DF_TABLE3_POP_EMPNC(2.0),"Annual population and employment, national concept",I,A,Annual,JPN,Japan,S1,Total economy,S1,Total economy,POP,Total population,_Z,Not applicable,_Z,Not applicable,_Z,Not applicable,PS,Persons,_Z,Not applicable,N,Non transformed data,T0110,Table 0110 - Population and employment,1999,,126667,,,,F,Free (free for publication),2,Two,A,Normal value,3,Thousands,_Z,Not applicable
DATAFLOW,OECD.SDD.NAD:DSD_NAMAIN10@DF_TABLE3_POP_EMPNC(2.0),"Annual population and employment, national concept",I,A,Annual,NZL,New Zealand,S1,Total economy,S1,Total economy,POP,Total population,_Z,Not applicable,_Z,Not applicable,_Z,Not applicable,PS,Persons,_Z,Not applicable,N,Non transformed data,T0110,Table 0110 - Population and employment,1999,,3842.9,,,,F,Free (free for publication),2,Two,A,Normal value,3,Thousands,_Z,Not applicable
DATAFLOW,OECD.SDD.NAD:DSD_NAMAIN10@DF_TABLE3_POP_EMPNC(2.0),"Annual population and employment, national concept",I,A,Annual,CHE,Switzerland,S1,Total economy,S1,Total economy,POP,Total population,_Z,Not applicable,_Z,Not applicable,_Z,Not applicable,PS,Persons,_Z,Not applicable,N,Non transformed data,T0110,Table 0110 - Population and employment,1999,,7214.76625,,,,F,Free (free for publication),2,Two,A,Normal value,3,Thousands,_Z,Not applicable
DATAFLOW,OECD.SDD.NAD:DSD_NAMAIN10@DF_TABLE3_POP_EMPNC(2.0),"Annual population and employment, national concept",I,A,Annual,TUR,Türkiye,S1,Total economy,S1,Total economy,POP,Total population,_Z,Not applicable,_Z,Not applicable,_Z,Not applicable,PS,Persons,_Z,Not applicable,N,Non transformed data,T0110,Table 0110 - Population and employment,1999,,63364,,,,F,Free (free for publication),2,Two,A,Normal value,3,Thousands,_Z,Not applicable
DATAFLOW,OECD.SDD.NAD:DSD_NAMAIN10@DF_TABLE3_POP_EMPNC(2.0),"Annual population and employment, national concept",I,A,Annual,AUS,Australia,S1,Total economy,S1,Total economy,POP,Total population,_Z,Not applicable,_Z,Not applicable,_Z,Not applicable,PS,Persons,_Z,Not applicable,N,Non transformed data,T0110,Table 0110 - Population and employment,2000,,19028.802,,,,F,Free (free for publication),2,Two,A,Normal value,3,Thousands,_Z,Not applicable
DATAFLOW,OECD.SDD.NAD:DSD_NAMAIN10@DF_TABLE3_POP_EMPNC(2.0),"Annual population and employment, national concept",I,A,Annual,BEL,Belgium,S1,Total economy,S1,Total economy,POP,Total population,_Z,Not applicable,_Z,Not applicable,_Z,Not applicable,PS,Persons,_Z,Not applicable,N,Non transformed data,T0110,Table 0110 - Population and employment,2000,,10251.2,,,,F,Free (free for publication),2,Two,A,Normal value,3,Thousands,_Z,Not applicable
DATAFLOW,OECD.SDD.NAD:DSD_NAMAIN10@DF_TABLE3_POP_EMPNC(2.0),"Annual population and employment, national concept",I,A,Annual,FRA,France,S1,Total economy,S1,Total economy,POP,Total population,_Z,Not applicable,_Z,Not applicable,_Z,Not applicable,PS,Persons,_Z,Not applicable,N,Non transformed data,T0110,Table 0110 - Population and employment,2000,,60746,,,,F,Free (free for publication),2,Two,A,Normal value,3,Thousands,_Z,Not applicable
DATAFLOW,OECD.SDD.NAD:DSD_NAMAIN10@DF_TABLE3_POP_EMPNC(2.0),"Annual population and employment, national concept",I,A,Annual,IRL,Ireland,S1,Total economy,S1,Total economy,POP,Total population,_Z,Not applicable,_Z,Not applicable,_Z,Not applicable,PS,Persons,_Z,Not applicable,N,Non transformed data,T0110,Table 0110 - Population and employment,2000,,3804.254,,,,F,Free (free for publication),2,Two,A,Normal value,3,Thousands,_Z,Not applicable
DATAFLOW,OECD.SDD.NAD:DSD_NAMAIN10@DF_TABLE3_POP_EMPNC(2.0),"Annual population and employment, national concept",I,A,Annual,ISR,Israel,S1,Total economy,S1,Total economy,POP,Total population,_Z,Not applicable,_Z,Not applicable,_Z,Not applicable,PS,Persons,_Z,Not applicable,N,Non transformed data,T0110,Table 0110 - Population and employment,2000,,6437.3,,,,F,Free (free for publication),2,Two,A,Normal value,3,Thousands,_Z,Not applicable
DATAFLOW,OECD.SDD.NAD:DSD_NAMAIN10@DF_TABLE3_POP_EMPNC(2.0),"Annual population and employment, national concept",I,A,Annual,JPN,Japan,S1,Total economy,S1,Total economy,POP,Total population,_Z,Not applicable,_Z,Not applicable,_Z,Not applicable,PS,Persons,_Z,Not applicable,N,Non transformed data,T0110,Table 0110 - Population and employment,2000,,126926,,,,F,Free (free for publication),2,Two,A,Normal value,3,Thousands,_Z,Not applicable
DATAFLOW,OECD.SDD.NAD:DSD_NAMAIN10@DF_TABLE3_POP_EMPNC(2.0),"Annual population and employment, national concept",I,A,Annual,NZL,New Zealand,S1,Total economy,S1,Total economy,POP,Total population,_Z,Not applicable,_Z,Not applicable,_Z,Not applicable,PS,Persons,_Z,Not applicable,N,Non transformed data,T0110,Table 0110 - Population and employment,2000,,3865.4,,,,F,Free (free for publication),2,Two,A,Normal value,3,Thousands,_Z,Not applicable
DATAFLOW,OECD.SDD.NAD:DSD_NAMAIN10@DF_TABLE3_POP_EMPNC(2.0),"Annual population and employment, national concept",I,A,Annual,CHE,Switzerland,S1,Total economy,S1,Total economy,POP,Total population,_Z,Not applicable,_Z,Not applicable,_Z,Not applicable,PS,Persons,_Z,Not applicable,N,Non transformed data,T0110,Table 0110 - Population and employment,2000,,7252.603844,,,,F,Free (free for publication),2,Two,A,Normal value,3,Thousands,_Z,Not applicable
DATAFLOW,OECD.SDD.NAD:DSD_NAMAIN10@DF_TABLE3_POP_EMPNC(2.0),"Annual population and employment, national concept",I,A,Annual,TUR,Türkiye,S1,Total economy,S1,Total economy,POP,Total population,_Z,Not applicable,_Z,Not applicable,_Z,Not applicable,PS,Persons,_Z,Not applicable,N,Non transformed data,T0110,Table 0110 - Population and employment,2000,,64268.751,,,,F,Free (free for publication),2,Two,A,Normal value,3,Thousands,_Z,Not applicable
DATAFLOW,OECD.SDD.NAD:DSD_NAMAIN10@DF_TABLE3_POP_EMPNC(2.0),"Annual population and employment, national concept",I,A,Annual,AUS,Australia,S1,Total economy,S1,Total economy,POP,Total population,_Z,Not applicable,_Z,Not applicable,_Z,Not applicable,PS,Persons,_Z,Not applicable,N,Non transformed data,T0110,Table 0110 - Population and employment,2001,,19274.701,,,,F,Free (free for publication),2,Two,A,Normal value,3,Thousands,_Z,Not applicable
DATAFLOW,OECD.SDD.NAD:DSD_NAMAIN10@DF_TABLE3_POP_EMPNC(2.0),"Annual population and employment, national concept",I,A,Annual,BEL,Belgium,S1,Total economy,S1,Total economy,POP,Total population,_Z,Not applicable,_Z,Not applicable,_Z,Not applicable,PS,Persons,_Z,Not applicable,N,Non transformed data,T0110,Table 0110 - Population and employment,2001,,10286.6,,,,F,Free (free for publication),2,Two,A,Normal value,3,Thousands,_Z,Not applicable
DATAFLOW,OECD.SDD.NAD:DSD_NAMAIN10@DF_TABLE3_POP_EMPNC(2.0),"Annual population and employment, national concept",I,A,Annual,FRA,France,S1,Total economy,S1,Total economy,POP,Total population,_Z,Not applicable,_Z,Not applicable,_Z,Not applicable,PS,Persons,_Z,Not applicable,N,Non transformed data,T0110,Table 0110 - Population and employment,2001,,61184,,,,F,Free (free for publication),2,Two,A,Normal value,3,Thousands,_Z,Not applicable
DATAFLOW,OECD.SDD.NAD:DSD_NAMAIN10@DF_TABLE3_POP_EMPNC(2.0),"Annual population and employment, national concept",I,A,Annual,IRL,Ireland,S1,Total economy,S1,Total economy,POP,Total population,_Z,Not applicable,_Z,Not applicable,_Z,Not applicable,PS,Persons,_Z,Not applicable,N,Non transformed data,T0110,Table 0110 - Population and employment,2001,,3863.795,,,,F,Free (free for publication),2,Two,A,Normal value,3,Thousands,_Z,Not applicable
DATAFLOW,OECD.SDD.NAD:DSD_NAMAIN10@DF_TABLE3_POP_EMPNC(2.0),"Annual population and employment, national concept",I,A,Annual,ISR,Israel,S1,Total economy,S1,Total economy,POP,Total population,_Z,Not applicable,_Z,Not applicable,_Z,Not applicable,PS,Persons,_Z,Not applicable,N,Non transformed data,T0110,Table 0110 - Population and employment,2001,,6595.3,,,,F,Free (free for publication),2,Two,A,Normal value,3,Thousands,_Z,Not applicable
DATAFLOW,OECD.SDD.NAD:DSD_NAMAIN10@DF_TABLE3_POP_EMPNC(2.0),"Annual population and employment, national concept",I,A,Annual,JPN,Japan,S1,Total economy,S1,Total economy,POP,Total population,_Z,Not applicable,_Z,Not applicable,_Z,Not applicable,PS,Persons,_Z,Not applicable,N,Non transformed data,T0110,Table 0110 - Population and employment,2001,,127316,,,,F,Free (free for publication),2,Two,A,Normal value,3,Thousands,_Z,Not applicable
DATAFLOW,OECD.SDD.NAD:DSD_NAMAIN10@DF_TABLE3_POP_EMPNC(2.0),"Annual population and employment, national concept",I,A,Annual,NZL,New Zealand,S1,Total economy,S1,Total economy,POP,Total population,_Z,Not applicable,_Z,Not applicable,_Z,Not applicable,PS,Persons,_Z,Not applicable,N,Non transformed data,T0110,Table 0110 - Population and employment,2001,,3899.5,,,,F,Free (free for publication),2,Two,A,Normal value,3,Thousands,_Z,Not applicable
DATAFLOW,OECD.SDD.NAD:DSD_NAMAIN10@DF_TABLE3_POP_EMPNC(2.0),"Annual population and employment, national concept",I,A,Annual,CHE,Switzerland,S1,Total economy,S1,Total economy,POP,Total population,_Z,Not applicable,_Z,Not applicable,_Z,Not applicable,PS,Persons,_Z,Not applicable,N,Non transformed data,T0110,Table 0110 - Population and employment,2001,,7288.489531,,,,F,Free (free for publication),2,Two,A,Normal value,3,Thousands,_Z,Not applicable
DATAFLOW,OECD.SDD.NAD:DSD_NAMAIN10@DF_TABLE3_POP_EMPNC(2.0),"Annual population and employment, national concept",I,A,Annual,TUR,Türkiye,S1,Total economy,S1,Total economy,POP,Total population,_Z,Not applicable,_Z,Not applicable,_Z,Not applicable,PS,Persons,_Z,Not applicable,N,Non transformed data,T0110,Table 0110 - Population and employment,2001,,65166.3305,,,,F,Free (free for publication),2,Two,A,Normal value,3,Thousands,_Z,Not applicable
DATAFLOW,OECD.SDD.NAD:DSD_NAMAIN10@DF_TABLE3_POP_EMPNC(2.0),"Annual population and employment, national concept",I,A,Annual,USA,United States,S1,Total economy,S1,Total economy,POP,Total population,_Z,Not applicable,_Z,Not applicable,_Z,Not applicable,PS,Persons,_Z,Not applicable,N,Non transformed data,T0110,Table 0110 - Population and employment,2001,,285225.199,,,,F,Free (free for publication),2,Two,A,Normal value,3,Thousands,_Z,Not applicable
DATAFLOW,OECD.SDD.NAD:DSD_NAMAIN10@DF_TABLE3_POP_EMPNC(2.0),"Annual population and employment, national concept",I,A,Annual,AUS,Australia,S1,Total economy,S1,Total economy,POP,Total population,_Z,Not applicable,_Z,Not applicable,_Z,Not applicable,PS,Persons,_Z,Not applicable,N,Non transformed data,T0110,Table 0110 - Population and employment,2002,,19495.21,,,,F,Free (free for publication),2,Two,A,Normal value,3,Thousands,_Z,Not applicable
DATAFLOW,OECD.SDD.NAD:DSD_NAMAIN10@DF_TABLE3_POP_EMPNC(2.0),"Annual population and employment, national concept",I,A,Annual,AUT,Austria,S1,Total economy,S1,Total economy,POP,Total population,_Z,Not applicable,_Z,Not applicable,_Z,Not applicable,PS,Persons,_Z,Not applicable,N,Non transformed data,T0110,Table 0110 - Population and employment,2002,,8082.104,,,,F,Free (free for publication),2,Two,A,Normal value,3,Thousands,_Z,Not applicable
DATAFLOW,OECD.SDD.NAD:DSD_NAMAIN10@DF_TABLE3_POP_EMPNC(2.0),"Annual population and employment, national concept",I,A,Annual,BEL,Belgium,S1,Total economy,S1,Total economy,POP,Total population,_Z,Not applicable,_Z,Not applicable,_Z,Not applicable,PS,Persons,_Z,Not applicable,N,Non transformed data,T0110,Table 0110 - Population and employment,2002,,10332.8,,,,F,Free (free for publication),2,Two,A,Normal value,3,Thousands,_Z,Not applicable
DATAFLOW,OECD.SDD.NAD:DSD_NAMAIN10@DF_TABLE3_POP_EMPNC(2.0),"Annual population and employment, national concept",I,A,Annual,FRA,France,S1,Total economy,S1,Total economy,POP,Total population,_Z,Not applicable,_Z,Not applicable,_Z,Not applicable,PS,Persons,_Z,Not applicable,N,Non transformed data,T0110,Table 0110 - Population and employment,2002,,61624,,,,F,Free (free for publication),2,Two,A,Normal value,3,Thousands,_Z,Not applicable
DATAFLOW,OECD.SDD.NAD:DSD_NAMAIN10@DF_TABLE3_POP_EMPNC(2.0),"Annual population and employment, national concept",I,A,Annual,IRL,Ireland,S1,Total economy,S1,Total economy,POP,Total population,_Z,Not applicable,_Z,Not applicable,_Z,Not applicable,PS,Persons,_Z,Not applicable,N,Non transformed data,T0110,Table 0110 - Population and employment,2002,,3931.85,,,,F,Free (free for publication),2,Two,A,Normal value,3,Thousands,_Z,Not applicable
DATAFLOW,OECD.SDD.NAD:DSD_NAMAIN10@DF_TABLE3_POP_EMPNC(2.0),"Annual population and employment, national concept",I,A,Annual,ISR,Israel,S1,Total economy,S1,Total economy,POP,Total population,_Z,Not applicable,_Z,Not applicable,_Z,Not applicable,PS,Persons,_Z,Not applicable,N,Non transformed data,T0110,Table 0110 - Population and employment,2002,,6724.5,,,,F,Free (free for publication),2,Two,A,Normal value,3,Thousands,_Z,Not applicable
DATAFLOW,OECD.SDD.NAD:DSD_NAMAIN10@DF_TABLE3_POP_EMPNC(2.0),"Annual population and employment, national concept",I,A,Annual,JPN,Japan,S1,Total economy,S1,Total economy,POP,Total population,_Z,Not applicable,_Z,Not applicable,_Z,Not applicable,PS,Persons,_Z,Not applicable,N,Non transformed data,T0110,Table 0110 - Population and employment,2002,,127486,,,,F,Free (free for publication),2,Two,A,Normal value,3,Thousands,_Z,Not applicable
DATAFLOW,OECD.SDD.NAD:DSD_NAMAIN10@DF_TABLE3_POP_EMPNC(2.0),"Annual population and employment, national concept",I,A,Annual,NZL,New Zealand,S1,Total economy,S1,Total economy,POP,Total population,_Z,Not applicable,_Z,Not applicable,_Z,Not applicable,PS,Persons,_Z,Not applicable,N,Non transformed data,T0110,Table 0110 - Population and employment,2002,,3970,,,,F,Free (free for publication),2,Two,A,Normal value,3,Thousands,_Z,Not applicable
DATAFLOW,OECD.SDD.NAD:DSD_NAMAIN10@DF_TABLE3_POP_EMPNC(2.0),"Annual population and employment, national concept",I,A,Annual,CHE,Switzerland,S1,Total economy,S1,Total economy,POP,Total population,_Z,Not applicable,_Z,Not applicable,_Z,Not applicable,PS,Persons,_Z,Not applicable,N,Non transformed data,T0110,Table 0110 - Population and employment,2002,,7340.577344,,,,F,Free (free for publication),2,Two,A,Normal value,3,Thousands,_Z,Not applicable
DATAFLOW,OECD.SDD.NAD:DSD_NAMAIN10@DF_TABLE3_POP_EMPNC(2.0),"Annual population and employment, national concept",I,A,Annual,TUR,Türkiye,S1,Total economy,S1,Total economy,POP,Total population,_Z,Not applicable,_Z,Not applicable,_Z,Not applicable,PS,Persons,_Z,Not applicable,N,Non transformed data,T0110,Table 0110 - Population and employment,2002,,66002.5055,,,,F,Free (free for publication),2,Two,A,Normal value,3,Thousands,_Z,Not applicable
DATAFLOW,OECD.SDD.NAD:DSD_NAMAIN10@DF_TABLE3_POP_EMPNC(2.0),"Annual population and employment, national concept",I,A,Annual,USA,United States,S1,Total economy,S1,Total economy,POP,Total population,_Z,Not applicable,_Z,Not applicable,_Z,Not applicable,PS,Persons,_Z,Not applicable,N,Non transformed data,T0110,Table 0110 - Population and employment,2002,,287954.747,,,,F,Free (free for publication),2,Two,A,Normal value,3,Thousands,_Z,Not applicable
DATAFLOW,OECD.SDD.NAD:DSD_NAMAIN10@DF_TABLE3_POP_EMPNC(2.0),"Annual population and employment, national concept",I,A,Annual,AUS,Australia,S1,Total economy,S1,Total economy,POP,Total population,_Z,Not applicable,_Z,Not applicable,_Z,Not applicable,PS,Persons,_Z,Not applicable,N,Non transformed data,T0110,Table 0110 - Population and employment,2003,,19720.737,,,,F,Free (free for publication),2,Two,A,Normal value,3,Thousands,_Z,Not applicable
DATAFLOW,OECD.SDD.NAD:DSD_NAMAIN10@DF_TABLE3_POP_EMPNC(2.0),"Annual population and employment, national concept",I,A,Annual,AUT,Austria,S1,Total economy,S1,Total economy,POP,Total population,_Z,Not applicable,_Z,Not applicable,_Z,Not applicable,PS,Persons,_Z,Not applicable,N,Non transformed data,T0110,Table 0110 - Population and employment,2003,,8118.278,,,,F,Free (free for publication),2,Two,A,Normal value,3,Thousands,_Z,Not applicable
DATAFLOW,OECD.SDD.NAD:DSD_NAMAIN10@DF_TABLE3_POP_EMPNC(2.0),"Annual population and employment, national concept",I,A,Annual,BEL,Belgium,S1,Total economy,S1,Total economy,POP,Total population,_Z,Not applicable,_Z,Not applicable,_Z,Not applicable,PS,Persons,_Z,Not applicable,N,Non transformed data,T0110,Table 0110 - Population and employment,2003,,10376.1,,,,F,Free (free for publication),2,Two,A,Normal value,3,Thousands,_Z,Not applicable
DATAFLOW,OECD.SDD.NAD:DSD_NAMAIN10@DF_TABLE3_POP_EMPNC(2.0),"Annual population and employment, national concept",I,A,Annual,FRA,France,S1,Total economy,S1,Total economy,POP,Total population,_Z,Not applicable,_Z,Not applicable,_Z,Not applicable,PS,Persons,_Z,Not applicable,N,Non transformed data,T0110,Table 0110 - Population and employment,2003,,62053,,,,F,Free (free for publication),2,Two,A,Normal value,3,Thousands,_Z,Not applicable
DATAFLOW,OECD.SDD.NAD:DSD_NAMAIN10@DF_TABLE3_POP_EMPNC(2.0),"Annual population and employment, national concept",I,A,Annual,IRL,Ireland,S1,Total economy,S1,Total economy,POP,Total population,_Z,Not applicable,_Z,Not applicable,_Z,Not applicable,PS,Persons,_Z,Not applicable,N,Non transformed data,T0110,Table 0110 - Population and employment,2003,,3996.994,,,,F,Free (free for publication),2,Two,A,Normal value,3,Thousands,_Z,Not applicable
DATAFLOW,OECD.SDD.NAD:DSD_NAMAIN10@DF_TABLE3_POP_EMPNC(2.0),"Annual population and employment, national concept",I,A,Annual,ISR,Israel,S1,Total economy,S1,Total economy,POP,Total population,_Z,Not applicable,_Z,Not applicable,_Z,Not applicable,PS,Persons,_Z,Not applicable,N,Non transformed data,T0110,Table 0110 - Population and employment,2003,,6809.4,,,,F,Free (free for publication),2,Two,A,Normal value,3,Thousands,_Z,Not applicable
DATAFLOW,OECD.SDD.NAD:DSD_NAMAIN10@DF_TABLE3_POP_EMPNC(2.0),"Annual population and employment, national concept",I,A,Annual,JPN,Japan,S1,Total economy,S1,Total economy,POP,Total population,_Z,Not applicable,_Z,Not applicable,_Z,Not applicable,PS,Persons,_Z,Not applicable,N,Non transformed data,T0110,Table 0110 - Population and employment,2003,,127694,,,,F,Free (free for publication),2,Two,A,Normal value,3,Thousands,_Z,Not applicable
DATAFLOW,OECD.SDD.NAD:DSD_NAMAIN10@DF_TABLE3_POP_EMPNC(2.0),"Annual population and employment, national concept",I,A,Annual,NZL,New Zealand,S1,Total economy,S1,Total economy,POP,Total population,_Z,Not applicable,_Z,Not applicable,_Z,Not applicable,PS,Persons,_Z,Not applicable,N,Non transformed data,T0110,Table 0110 - Population and employment,2003,,4044.9,,,,F,Free (free for publication),2,Two,A,Normal value,3,Thousands,_Z,Not applicable
DATAFLOW,OECD.SDD.NAD:DSD_NAMAIN10@DF_TABLE3_POP_EMPNC(2.0),"Annual population and employment, national concept",I,A,Annual,CHE,Switzerland,S1,Total economy,S1,Total economy,POP,Total population,_Z,Not applicable,_Z,Not applicable,_Z,Not applicable,PS,Persons,_Z,Not applicable,N,Non transformed data,T0110,Table 0110 - Population and employment,2003,,7394.05275,,,,F,Free (free for publication),2,Two,A,Normal value,3,Thousands,_Z,Not applicable
DATAFLOW,OECD.SDD.NAD:DSD_NAMAIN10@DF_TABLE3_POP_EMPNC(2.0),"Annual population and employment, national concept",I,A,Annual,TUR,Türkiye,S1,Total economy,S1,Total economy,POP,Total population,_Z,Not applicable,_Z,Not applicable,_Z,Not applicable,PS,Persons,_Z,Not applicable,N,Non transformed data,T0110,Table 0110 - Population and employment,2003,,66794.551,,,,F,Free (free for publication),2,Two,A,Normal value,3,Thousands,_Z,Not applicable
DATAFLOW,OECD.SDD.NAD:DSD_NAMAIN10@DF_TABLE3_POP_EMPNC(2.0),"Annual population and employment, national concept",I,A,Annual,USA,United States,S1,Total economy,S1,Total economy,POP,Total population,_Z,Not applicable,_Z,Not applicable,_Z,Not applicable,PS,Persons,_Z,Not applicable,N,Non transformed data,T0110,Table 0110 - Population and employment,2003,,290626.159,,,,F,Free (free for publication),2,Two,A,Normal value,3,Thousands,_Z,Not applicable
DATAFLOW,OECD.SDD.NAD:DSD_NAMAIN10@DF_TABLE3_POP_EMPNC(2.0),"Annual population and employment, national concept",I,A,Annual,AUS,Australia,S1,Total economy,S1,Total economy,POP,Total population,_Z,Not applicable,_Z,Not applicable,_Z,Not applicable,PS,Persons,_Z,Not applicable,N,Non transformed data,T0110,Table 0110 - Population and employment,2004,,19932.722,,,,F,Free (free for publication),2,Two,A,Normal value,3,Thousands,_Z,Not applicable
DATAFLOW,OECD.SDD.NAD:DSD_NAMAIN10@DF_TABLE3_POP_EMPNC(2.0),"Annual population and employment, national concept",I,A,Annual,AUT,Austria,S1,Total economy,S1,Total economy,POP,Total population,_Z,Not applicable,_Z,Not applicable,_Z,Not applicable,PS,Persons,_Z,Not applicable,N,Non transformed data,T0110,Table 0110 - Population and employment,2004,,8169.464,,,,F,Free (free for publication),2,Two,A,Normal value,3,Thousands,_Z,Not applicable
DATAFLOW,OECD.SDD.NAD:DSD_NAMAIN10@DF_TABLE3_POP_EMPNC(2.0),"Annual population and employment, national concept",I,A,Annual,BEL,Belgium,S1,Total economy,S1,Total economy,POP,Total population,_Z,Not applicable,_Z,Not applicable,_Z,Not applicable,PS,Persons,_Z,Not applicable,N,Non transformed data,T0110,Table 0110 - Population and employment,2004,,10421.1,,,,F,Free (free for publication),2,Two,A,Normal value,3,Thousands,_Z,Not applicable
DATAFLOW,OECD.SDD.NAD:DSD_NAMAIN10@DF_TABLE3_POP_EMPNC(2.0),"Annual population and employment, national concept",I,A,Annual,FRA,France,S1,Total economy,S1,Total economy,POP,Total population,_Z,Not applicable,_Z,Not applicable,_Z,Not applicable,PS,Persons,_Z,Not applicable,N,Non transformed data,T0110,Table 0110 - Population and employment,2004,,62501,,,,F,Free (free for publication),2,Two,A,Normal value,3,Thousands,_Z,Not applicable
DATAFLOW,OECD.SDD.NAD:DSD_NAMAIN10@DF_TABLE3_POP_EMPNC(2.0),"Annual population and employment, national concept",I,A,Annual,IRL,Ireland,S1,Total economy,S1,Total economy,POP,Total population,_Z,Not applicable,_Z,Not applicable,_Z,Not applicable,PS,Persons,_Z,Not applicable,N,Non transformed data,T0110,Table 0110 - Population and employment,2004,,4067.346,,,,F,Free (free for publication),2,Two,A,Normal value,3,Thousands,_Z,Not applicable
DATAFLOW,OECD.SDD.NAD:DSD_NAMAIN10@DF_TABLE3_POP_EMPNC(2.0),"Annual population and employment, national concept",I,A,Annual,ISR,Israel,S1,Total economy,S1,Total economy,POP,Total population,_Z,Not applicable,_Z,Not applicable,_Z,Not applicable,PS,Persons,_Z,Not applicable,N,Non transformed data,T0110,Table 0110 - Population and employment,2004,,6922.1,,,,F,Free (free for publication),2,Two,A,Normal value,3,Thousands,_Z,Not applicable
DATAFLOW,OECD.SDD.NAD:DSD_NAMAIN10@DF_TABLE3_POP_EMPNC(2.0),"Annual population and employment, national concept",I,A,Annual,JPN,Japan,S1,Total economy,S1,Total economy,POP,Total population,_Z,Not applicable,_Z,Not applicable,_Z,Not applicable,PS,Persons,_Z,Not applicable,N,Non transformed data,T0110,Table 0110 - Population and employment,2004,,127787,,,,F,Free (free for publication),2,Two,A,Normal value,3,Thousands,_Z,Not applicable
DATAFLOW,OECD.SDD.NAD:DSD_NAMAIN10@DF_TABLE3_POP_EMPNC(2.0),"Annual population and employment, national concept",I,A,Annual,NZL,New Zealand,S1,Total economy,S1,Total economy,POP,Total population,_Z,Not applicable,_Z,Not applicable,_Z,Not applicable,PS,Persons,_Z,Not applicable,N,Non transformed data,T0110,Table 0110 - Population and employment,2004,,4101.3,,,,F,Free (free for publication),2,Two,A,Normal value,3,Thousands,_Z,Not applicable
DATAFLOW,OECD.SDD.NAD:DSD_NAMAIN10@DF_TABLE3_POP_EMPNC(2.0),"Annual population and employment, national concept",I,A,Annual,CHE,Switzerland,S1,Total economy,S1,Total economy,POP,Total population,_Z,Not applicable,_Z,Not applicable,_Z,Not applicable,PS,Persons,_Z,Not applicable,N,Non transformed data,T0110,Table 0110 - Population and employment,2004,,7443.493906,,,,F,Free (free for publication),2,Two,A,Normal value,3,Thousands,_Z,Not applicable
DATAFLOW,OECD.SDD.NAD:DSD_NAMAIN10@DF_TABLE3_POP_EMPNC(2.0),"Annual population and employment, national concept",I,A,Annual,TUR,Türkiye,S1,Total economy,S1,Total economy,POP,Total population,_Z,Not applicable,_Z,Not applicable,_Z,Not applicable,PS,Persons,_Z,Not applicable,N,Non transformed data,T0110,Table 0110 - Population and employment,2004,,67598.733,,,,F,Free (free for publication),2,Two,A,Normal value,3,Thousands,_Z,Not applicable
DATAFLOW,OECD.SDD.NAD:DSD_NAMAIN10@DF_TABLE3_POP_EMPNC(2.0),"Annual population and employment, national concept",I,A,Annual,USA,United States,S1,Total economy,S1,Total economy,POP,Total population,_Z,Not applicable,_Z,Not applicable,_Z,Not applicable,PS,Persons,_Z,Not applicable,N,Non transformed data,T0110,Table 0110 - Population and employment,2004,,293262.347,,,,F,Free (free for publication),2,Two,A,Normal value,3,Thousands,_Z,Not applicable
DATAFLOW,OECD.SDD.NAD:DSD_NAMAIN10@DF_TABLE3_POP_EMPNC(2.0),"Annual population and employment, national concept",I,A,Annual,AUS,Australia,S1,Total economy,S1,Total economy,POP,Total population,_Z,Not applicable,_Z,Not applicable,_Z,Not applicable,PS,Persons,_Z,Not applicable,N,Non transformed data,T0110,Table 0110 - Population and employment,2005,,20176.844,,,,F,Free (free for publication),2,Two,A,Normal value,3,Thousands,_Z,Not applicable
DATAFLOW,OECD.SDD.NAD:DSD_NAMAIN10@DF_TABLE3_POP_EMPNC(2.0),"Annual population and employment, national concept",I,A,Annual,AUT,Austria,S1,Total economy,S1,Total economy,POP,Total population,_Z,Not applicable,_Z,Not applicable,_Z,Not applicable,PS,Persons,_Z,Not applicable,N,Non transformed data,T0110,Table 0110 - Population and employment,2005,,8225.274,,,,F,Free (free for publication),2,Two,A,Normal value,3,Thousands,_Z,Not applicable
DATAFLOW,OECD.SDD.NAD:DSD_NAMAIN10@DF_TABLE3_POP_EMPNC(2.0),"Annual population and employment, national concept",I,A,Annual,BEL,Belgium,S1,Total economy,S1,Total economy,POP,Total population,_Z,Not applicable,_Z,Not applicable,_Z,Not applicable,PS,Persons,_Z,Not applicable,N,Non transformed data,T0110,Table 0110 - Population and employment,2005,,10478.6,,,,F,Free (free for publication),2,Two,A,Normal value,3,Thousands,_Z,Not applicable
DATAFLOW,OECD.SDD.NAD:DSD_NAMAIN10@DF_TABLE3_POP_EMPNC(2.0),"Annual population and employment, national concept",I,A,Annual,FRA,France,S1,Total economy,S1,Total economy,POP,Total population,_Z,Not applicable,_Z,Not applicable,_Z,Not applicable,PS,Persons,_Z,Not applicable,N,Non transformed data,T0110,Table 0110 - Population and employment,2005,,62964,,,,F,Free (free for publication),2,Two,A,Normal value,3,Thousands,_Z,Not applicable
DATAFLOW,OECD.SDD.NAD:DSD_NAMAIN10@DF_TABLE3_POP_EMPNC(2.0),"Annual population and employment, national concept",I,A,Annual,IRL,Ireland,S1,Total economy,S1,Total economy,POP,Total population,_Z,Not applicable,_Z,Not applicable,_Z,Not applicable,PS,Persons,_Z,Not applicable,N,Non transformed data,T0110,Table 0110 - Population and employment,2005,,4160.009,,,,F,Free (free for publication),2,Two,A,Normal value,3,Thousands,_Z,Not applicable
DATAFLOW,OECD.SDD.NAD:DSD_NAMAIN10@DF_TABLE3_POP_EMPNC(2.0),"Annual population and employment, national concept",I,A,Annual,ISR,Israel,S1,Total economy,S1,Total economy,POP,Total population,_Z,Not applicable,_Z,Not applicable,_Z,Not applicable,PS,Persons,_Z,Not applicable,N,Non transformed data,T0110,Table 0110 - Population and employment,2005,,7033.9,,,,F,Free (free for publication),2,Two,A,Normal value,3,Thousands,_Z,Not applicable
DATAFLOW,OECD.SDD.NAD:DSD_NAMAIN10@DF_TABLE3_POP_EMPNC(2.0),"Annual population and employment, national concept",I,A,Annual,JPN,Japan,S1,Total economy,S1,Total economy,POP,Total population,_Z,Not applicable,_Z,Not applicable,_Z,Not applicable,PS,Persons,_Z,Not applicable,N,Non transformed data,T0110,Table 0110 - Population and employment,2005,,127768,,,,F,Free (free for publication),2,Two,A,Normal value,3,Thousands,_Z,Not applicable
DATAFLOW,OECD.SDD.NAD:DSD_NAMAIN10@DF_TABLE3_POP_EMPNC(2.0),"Annual population and employment, national concept",I,A,Annual,MEX,Mexico,S1,Total economy,S1,Total economy,POP,Total population,_Z,Not applicable,_Z,Not applicable,_Z,Not applicable,PS,Persons,_Z,Not applicable,N,Non transformed data,T0110,Table 0110 - Population and employment,2005,,104898.2275,,,,F,Free (free for publication),2,Two,A,Normal value,3,Thousands,_Z,Not applicable
DATAFLOW,OECD.SDD.NAD:DSD_NAMAIN10@DF_TABLE3_POP_EMPNC(2.0),"Annual population and employment, national concept",I,A,Annual,NZL,New Zealand,S1,Total economy,S1,Total economy,POP,Total population,_Z,Not applicable,_Z,Not applicable,_Z,Not applicable,PS,Persons,_Z,Not applicable,N,Non transformed data,T0110,Table 0110 - Population and employment,2005,,4148,,,,F,Free (free for publication),2,Two,A,Normal value,3,Thousands,_Z,Not applicable
DATAFLOW,OECD.SDD.NAD:DSD_NAMAIN10@DF_TABLE3_POP_EMPNC(2.0),"Annual population and employment, national concept",I,A,Annual,CHE,Switzerland,S1,Total economy,S1,Total economy,POP,Total population,_Z,Not applicable,_Z,Not applicable,_Z,Not applicable,PS,Persons,_Z,Not applicable,N,Non transformed data,T0110,Table 0110 - Population and employment,2005,,7487.641344,,,,F,Free (free for publication),2,Two,A,Normal value,3,Thousands,_Z,Not applicable
DATAFLOW,OECD.SDD.NAD:DSD_NAMAIN10@DF_TABLE3_POP_EMPNC(2.0),"Annual population and employment, national concept",I,A,Annual,TUR,Türkiye,S1,Total economy,S1,Total economy,POP,Total population,_Z,Not applicable,_Z,Not applicable,_Z,Not applicable,PS,Persons,_Z,Not applicable,N,Non transformed data,T0110,Table 0110 - Population and employment,2005,,68435.377,,,,F,Free (free for publication),2,Two,A,Normal value,3,Thousands,_Z,Not applicable
DATAFLOW,OECD.SDD.NAD:DSD_NAMAIN10@DF_TABLE3_POP_EMPNC(2.0),"Annual population and employment, national concept",I,A,Annual,USA,United States,S1,Total economy,S1,Total economy,POP,Total population,_Z,Not applicable,_Z,Not applicable,_Z,Not applicable,PS,Persons,_Z,Not applicable,N,Non transformed data,T0110,Table 0110 - Population and employment,2005,,295992.882,,,,F,Free (free for publication),2,Two,A,Normal value,3,Thousands,_Z,Not applicable
DATAFLOW,OECD.SDD.NAD:DSD_NAMAIN10@DF_TABLE3_POP_EMPNC(2.0),"Annual population and employment, national concept",I,A,Annual,AUS,Australia,S1,Total economy,S1,Total economy,POP,Total population,_Z,Not applicable,_Z,Not applicable,_Z,Not applicable,PS,Persons,_Z,Not applicable,N,Non transformed data,T0110,Table 0110 - Population and employment,2006,,20450.966,,,,F,Free (free for publication),2,Two,A,Normal value,3,Thousands,_Z,Not applicable
DATAFLOW,OECD.SDD.NAD:DSD_NAMAIN10@DF_TABLE3_POP_EMPNC(2.0),"Annual population and employment, national concept",I,A,Annual,AUT,Austria,S1,Total economy,S1,Total economy,POP,Total population,_Z,Not applicable,_Z,Not applicable,_Z,Not applicable,PS,Persons,_Z,Not applicable,N,Non transformed data,T0110,Table 0110 - Population and employment,2006,,8267.968,,,,F,Free (free for publication),2,Two,A,Normal value,3,Thousands,_Z,Not applicable
DATAFLOW,OECD.SDD.NAD:DSD_NAMAIN10@DF_TABLE3_POP_EMPNC(2.0),"Annual population and employment, national concept",I,A,Annual,FRA,France,S1,Total economy,S1,Total economy,POP,Total population,_Z,Not applicable,_Z,Not applicable,_Z,Not applicable,PS,Persons,_Z,Not applicable,N,Non transformed data,T0110,Table 0110 - Population and employment,2006,,63394,,,,F,Free (free for publication),2,Two,A,Normal value,3,Thousands,_Z,Not applicable
DATAFLOW,OECD.SDD.NAD:DSD_NAMAIN10@DF_TABLE3_POP_EMPNC(2.0),"Annual population and employment, national concept",I,A,Annual,ISR,Israel,S1,Total economy,S1,Total economy,POP,Total population,_Z,Not applicable,_Z,Not applicable,_Z,Not applicable,PS,Persons,_Z,Not applicable,N,Non transformed data,T0110,Table 0110 - Population and employment,2006,,7173.9,,,,F,Free (free for publication),2,Two,A,Normal value,3,Thousands,_Z,Not applicable
DATAFLOW,OECD.SDD.NAD:DSD_NAMAIN10@DF_TABLE3_POP_EMPNC(2.0),"Annual population and employment, national concept",I,A,Annual,JPN,Japan,S1,Total economy,S1,Total economy,POP,Total population,_Z,Not applicable,_Z,Not applicable,_Z,Not applicable,PS,Persons,_Z,Not applicable,N,Non transformed data,T0110,Table 0110 - Population and employment,2006,,127901,,,,F,Free (free for publication),2,Two,A,Normal value,3,Thousands,_Z,Not applicable
DATAFLOW,OECD.SDD.NAD:DSD_NAMAIN10@DF_TABLE3_POP_EMPNC(2.0),"Annual population and employment, national concept",I,A,Annual,MEX,Mexico,S1,Total economy,S1,Total economy,POP,Total population,_Z,Not applicable,_Z,Not applicable,_Z,Not applicable,PS,Persons,_Z,Not applicable,N,Non transformed data,T0110,Table 0110 - Population and employment,2006,,106350.33975,,,,F,Free (free for publication),2,Two,A,Normal value,3,Thousands,_Z,Not applicable
DATAFLOW,OECD.SDD.NAD:DSD_NAMAIN10@DF_TABLE3_POP_EMPNC(2.0),"Annual population and employment, national concept",I,A,Annual,NZL,New Zealand,S1,Total economy,S1,Total economy,POP,Total population,_Z,Not applicable,_Z,Not applicable,_Z,Not applicable,PS,Persons,_Z,Not applicable,N,Non transformed data,T0110,Table 0110 - Population and employment,2006,,4196.7,,,,F,Free (free for publication),2,Two,A,Normal value,3,Thousands,_Z,Not applicable
DATAFLOW,OECD.SDD.NAD:DSD_NAMAIN10@DF_TABLE3_POP_EMPNC(2.0),"Annual population and employment, national concept",I,A,Annual,CHE,Switzerland,S1,Total economy,S1,Total economy,POP,Total population,_Z,Not applicable,_Z,Not applicable,_Z,Not applicable,PS,Persons,_Z,Not applicable,N,Non transformed data,T0110,Table 0110 - Population and employment,2006,,7534.377719,,,,F,Free (free for publication),2,Two,A,Normal value,3,Thousands,_Z,Not applicable
DATAFLOW,OECD.SDD.NAD:DSD_NAMAIN10@DF_TABLE3_POP_EMPNC(2.0),"Annual population and employment, national concept",I,A,Annual,TUR,Türkiye,S1,Total economy,S1,Total economy,POP,Total population,_Z,Not applicable,_Z,Not applicable,_Z,Not applicable,PS,Persons,_Z,Not applicable,N,Non transformed data,T0110,Table 0110 - Population and employment,2006,,69295.253,,,,F,Free (free for publication),2,Two,A,Normal value,3,Thousands,_Z,Not applicable
DATAFLOW,OECD.SDD.NAD:DSD_NAMAIN10@DF_TABLE3_POP_EMPNC(2.0),"Annual population and employment, national concept",I,A,Annual,USA,United States,S1,Total economy,S1,Total economy,POP,Total population,_Z,Not applicable,_Z,Not applicable,_Z,Not applicable,PS,Persons,_Z,Not applicable,N,Non transformed data,T0110,Table 0110 - Population and employment,2006,,298817.626,,,,F,Free (free for publication),2,Two,A,Normal value,3,Thousands,_Z,Not applicable
DATAFLOW,OECD.SDD.NAD:DSD_NAMAIN10@DF_TABLE3_POP_EMPNC(2.0),"Annual population and employment, national concept",I,A,Annual,AUS,Australia,S1,Total economy,S1,Total economy,POP,Total population,_Z,Not applicable,_Z,Not applicable,_Z,Not applicable,PS,Persons,_Z,Not applicable,N,Non transformed data,T0110,Table 0110 - Population and employment,2007,,20827.622,,,,F,Free (free for publication),2,Two,A,Normal value,3,Thousands,_Z,Not applicable
DATAFLOW,OECD.SDD.NAD:DSD_NAMAIN10@DF_TABLE3_POP_EMPNC(2.0),"Annual population and employment, national concept",I,A,Annual,AUT,Austria,S1,Total economy,S1,Total economy,POP,Total population,_Z,Not applicable,_Z,Not applicable,_Z,Not applicable,PS,Persons,_Z,Not applicable,N,Non transformed data,T0110,Table 0110 - Population and employment,2007,,8295.187,,,,F,Free (free for publication),2,Two,A,Normal value,3,Thousands,_Z,Not applicable
DATAFLOW,OECD.SDD.NAD:DSD_NAMAIN10@DF_TABLE3_POP_EMPNC(2.0),"Annual population and employment, national concept",I,A,Annual,BEL,Belgium,S1,Total economy,S1,Total economy,POP,Total population,_Z,Not applicable,_Z,Not applicable,_Z,Not applicable,PS,Persons,_Z,Not applicable,N,Non transformed data,T0110,Table 0110 - Population and employment,2007,,10625.7,,,,F,Free (free for publication),2,Two,A,Normal value,3,Thousands,_Z,Not applicable
DATAFLOW,OECD.SDD.NAD:DSD_NAMAIN10@DF_TABLE3_POP_EMPNC(2.0),"Annual population and employment, national concept",I,A,Annual,FRA,France,S1,Total economy,S1,Total economy,POP,Total population,_Z,Not applicable,_Z,Not applicable,_Z,Not applicable,PS,Persons,_Z,Not applicable,N,Non transformed data,T0110,Table 0110 - Population and employment,2007,,63775,,,,F,Free (free for publication),2,Two,A,Normal value,3,Thousands,_Z,Not applicable
DATAFLOW,OECD.SDD.NAD:DSD_NAMAIN10@DF_TABLE3_POP_EMPNC(2.0),"Annual population and employment, national concept",I,A,Annual,ISR,Israel,S1,Total economy,S1,Total economy,POP,Total population,_Z,Not applicable,_Z,Not applicable,_Z,Not applicable,PS,Persons,_Z,Not applicable,N,Non transformed data,T0110,Table 0110 - Population and employment,2007,,7318.7,,,,F,Free (free for publication),2,Two,A,Normal value,3,Thousands,_Z,Not applicable
DATAFLOW,OECD.SDD.NAD:DSD_NAMAIN10@DF_TABLE3_POP_EMPNC(2.0),"Annual population and employment, national concept",I,A,Annual,JPN,Japan,S1,Total economy,S1,Total economy,POP,Total population,_Z,Not applicable,_Z,Not applicable,_Z,Not applicable,PS,Persons,_Z,Not applicable,N,Non transformed data,T0110,Table 0110 - Population and employment,2007,,128033,,,,F,Free (free for publication),2,Two,A,Normal value,3,Thousands,_Z,Not applicable
DATAFLOW,OECD.SDD.NAD:DSD_NAMAIN10@DF_TABLE3_POP_EMPNC(2.0),"Annual population and employment, national concept",I,A,Annual,MEX,Mexico,S1,Total economy,S1,Total economy,POP,Total population,_Z,Not applicable,_Z,Not applicable,_Z,Not applicable,PS,Persons,_Z,Not applicable,N,Non transformed data,T0110,Table 0110 - Population and employment,2007,,107826.30725,,,,F,Free (free for publication),2,Two,A,Normal value,3,Thousands,_Z,Not applicable
DATAFLOW,OECD.SDD.NAD:DSD_NAMAIN10@DF_TABLE3_POP_EMPNC(2.0),"Annual population and employment, national concept",I,A,Annual,NZL,New Zealand,S1,Total economy,S1,Total economy,POP,Total population,_Z,Not applicable,_Z,Not applicable,_Z,Not applicable,PS,Persons,_Z,Not applicable,N,Non transformed data,T0110,Table 0110 - Population and employment,2007,,4235.3,,,,F,Free (free for publication),2,Two,A,Normal value,3,Thousands,_Z,Not applicable
DATAFLOW,OECD.SDD.NAD:DSD_NAMAIN10@DF_TABLE3_POP_EMPNC(2.0),"Annual population and employment, national concept",I,A,Annual,CHE,Switzerland,S1,Total economy,S1,Total economy,POP,Total population,_Z,Not applicable,_Z,Not applicable,_Z,Not applicable,PS,Persons,_Z,Not applicable,N,Non transformed data,T0110,Table 0110 - Population and employment,2007,,7601.839063,,,,F,Free (free for publication),2,Two,A,Normal value,3,Thousands,_Z,Not applicable
DATAFLOW,OECD.SDD.NAD:DSD_NAMAIN10@DF_TABLE3_POP_EMPNC(2.0),"Annual population and employment, national concept",I,A,Annual,TUR,Türkiye,S1,Total economy,S1,Total economy,POP,Total population,_Z,Not applicable,_Z,Not applicable,_Z,Not applicable,PS,Persons,_Z,Not applicable,N,Non transformed data,T0110,Table 0110 - Population and employment,2007,,70158.1115,,,,F,Free (free for publication),2,Two,A,Normal value,3,Thousands,_Z,Not applicable
DATAFLOW,OECD.SDD.NAD:DSD_NAMAIN10@DF_TABLE3_POP_EMPNC(2.0),"Annual population and employment, national concept",I,A,Annual,USA,United States,S1,Total economy,S1,Total economy,POP,Total population,_Z,Not applicable,_Z,Not applicable,_Z,Not applicable,PS,Persons,_Z,Not applicable,N,Non transformed data,T0110,Table 0110 - Population and employment,2007,,301696.105,,,,F,Free (free for publication),2,Two,A,Normal value,3,Thousands,_Z,Not applicable
DATAFLOW,OECD.SDD.NAD:DSD_NAMAIN10@DF_TABLE3_POP_EMPNC(2.0),"Annual population and employment, national concept",I,A,Annual,AUS,Australia,S1,Total economy,S1,Total economy,POP,Total population,_Z,Not applicable,_Z,Not applicable,_Z,Not applicable,PS,Persons,_Z,Not applicable,N,Non transformed data,T0110,Table 0110 - Population and employment,2008,,21249.199,,,,F,Free (free for publication),2,Two,A,Normal value,3,Thousands,_Z,Not applicable
DATAFLOW,OECD.SDD.NAD:DSD_NAMAIN10@DF_TABLE3_POP_EMPNC(2.0),"Annual population and employment, national concept",I,A,Annual,AUT,Austria,S1,Total economy,S1,Total economy,POP,Total population,_Z,Not applicable,_Z,Not applicable,_Z,Not applicable,PS,Persons,_Z,Not applicable,N,Non transformed data,T0110,Table 0110 - Population and employment,2008,,8321.56,,,,F,Free (free for publication),2,Two,A,Normal value,3,Thousands,_Z,Not applicable
DATAFLOW,OECD.SDD.NAD:DSD_NAMAIN10@DF_TABLE3_POP_EMPNC(2.0),"Annual population and employment, national concept",I,A,Annual,FRA,France,S1,Total economy,S1,Total economy,POP,Total population,_Z,Not applicable,_Z,Not applicable,_Z,Not applicable,PS,Persons,_Z,Not applicable,N,Non transformed data,T0110,Table 0110 - Population and employment,2008,,64121,,,,F,Free (free for publication),2,Two,A,Normal value,3,Thousands,_Z,Not applicable
DATAFLOW,OECD.SDD.NAD:DSD_NAMAIN10@DF_TABLE3_POP_EMPNC(2.0),"Annual population and employment, national concept",I,A,Annual,ISR,Israel,S1,Total economy,S1,Total economy,POP,Total population,_Z,Not applicable,_Z,Not applicable,_Z,Not applicable,PS,Persons,_Z,Not applicable,N,Non transformed data,T0110,Table 0110 - Population and employment,2008,,7481.9,,,,F,Free (free for publication),2,Two,A,Normal value,3,Thousands,_Z,Not applicable
DATAFLOW,OECD.SDD.NAD:DSD_NAMAIN10@DF_TABLE3_POP_EMPNC(2.0),"Annual population and employment, national concept",I,A,Annual,JPN,Japan,S1,Total economy,S1,Total economy,POP,Total population,_Z,Not applicable,_Z,Not applicable,_Z,Not applicable,PS,Persons,_Z,Not applicable,N,Non transformed data,T0110,Table 0110 - Population and employment,2008,,128084,,,,F,Free (free for publication),2,Two,A,Normal value,3,Thousands,_Z,Not applicable
DATAFLOW,OECD.SDD.NAD:DSD_NAMAIN10@DF_TABLE3_POP_EMPNC(2.0),"Annual population and employment, national concept",I,A,Annual,MEX,Mexico,S1,Total economy,S1,Total economy,POP,Total population,_Z,Not applicable,_Z,Not applicable,_Z,Not applicable,PS,Persons,_Z,Not applicable,N,Non transformed data,T0110,Table 0110 - Population and employment,2008,,109326.76775,,,,F,Free (free for publication),2,Two,A,Normal value,3,Thousands,_Z,Not applicable
DATAFLOW,OECD.SDD.NAD:DSD_NAMAIN10@DF_TABLE3_POP_EMPNC(2.0),"Annual population and employment, national concept",I,A,Annual,NZL,New Zealand,S1,Total economy,S1,Total economy,POP,Total population,_Z,Not applicable,_Z,Not applicable,_Z,Not applicable,PS,Persons,_Z,Not applicable,N,Non transformed data,T0110,Table 0110 - Population and employment,2008,,4271,,,,F,Free (free for publication),2,Two,A,Normal value,3,Thousands,_Z,Not applicable
DATAFLOW,OECD.SDD.NAD:DSD_NAMAIN10@DF_TABLE3_POP_EMPNC(2.0),"Annual population and employment, national concept",I,A,Annual,CHE,Switzerland,S1,Total economy,S1,Total economy,POP,Total population,_Z,Not applicable,_Z,Not applicable,_Z,Not applicable,PS,Persons,_Z,Not applicable,N,Non transformed data,T0110,Table 0110 - Population and employment,2008,,7692.100906,,,,F,Free (free for publication),2,Two,A,Normal value,3,Thousands,_Z,Not applicable
DATAFLOW,OECD.SDD.NAD:DSD_NAMAIN10@DF_TABLE3_POP_EMPNC(2.0),"Annual population and employment, national concept",I,A,Annual,TUR,Türkiye,S1,Total economy,S1,Total economy,POP,Total population,_Z,Not applicable,_Z,Not applicable,_Z,Not applicable,PS,Persons,_Z,Not applicable,N,Non transformed data,T0110,Table 0110 - Population and employment,2008,,71051.678,,,,F,Free (free for publication),2,Two,A,Normal value,3,Thousands,_Z,Not applicable
DATAFLOW,OECD.SDD.NAD:DSD_NAMAIN10@DF_TABLE3_POP_EMPNC(2.0),"Annual population and employment, national concept",I,A,Annual,USA,United States,S1,Total economy,S1,Total economy,POP,Total population,_Z,Not applicable,_Z,Not applicable,_Z,Not applicable,PS,Persons,_Z,Not applicable,N,Non transformed data,T0110,Table 0110 - Population and employment,2008,,304542.946,,,,F,Free (free for publication),2,Two,A,Normal value,3,Thousands,_Z,Not applicable
DATAFLOW,OECD.SDD.NAD:DSD_NAMAIN10@DF_TABLE3_POP_EMPNC(2.0),"Annual population and employment, national concept",I,A,Annual,AUS,Australia,S1,Total economy,S1,Total economy,POP,Total population,_Z,Not applicable,_Z,Not applicable,_Z,Not applicable,PS,Persons,_Z,Not applicable,N,Non transformed data,T0110,Table 0110 - Population and employment,2009,,21691.653,,,,F,Free (free for publication),2,Two,A,Normal value,3,Thousands,_Z,Not applicable
DATAFLOW,OECD.SDD.NAD:DSD_NAMAIN10@DF_TABLE3_POP_EMPNC(2.0),"Annual population and employment, national concept",I,A,Annual,AUT,Austria,S1,Total economy,S1,Total economy,POP,Total population,_Z,Not applicable,_Z,Not applicable,_Z,Not applicable,PS,Persons,_Z,Not applicable,N,Non transformed data,T0110,Table 0110 - Population and employment,2009,,8341.473,,,,F,Free (free for publication),2,Two,A,Normal value,3,Thousands,_Z,Not applicable
DATAFLOW,OECD.SDD.NAD:DSD_NAMAIN10@DF_TABLE3_POP_EMPNC(2.0),"Annual population and employment, national concept",I,A,Annual,FRA,France,S1,Total economy,S1,Total economy,POP,Total population,_Z,Not applicable,_Z,Not applicable,_Z,Not applicable,PS,Persons,_Z,Not applicable,N,Non transformed data,T0110,Table 0110 - Population and employment,2009,,64441,,,,F,Free (free for publication),2,Two,A,Normal value,3,Thousands,_Z,Not applicable
DATAFLOW,OECD.SDD.NAD:DSD_NAMAIN10@DF_TABLE3_POP_EMPNC(2.0),"Annual population and employment, national concept",I,A,Annual,ISR,Israel,S1,Total economy,S1,Total economy,POP,Total population,_Z,Not applicable,_Z,Not applicable,_Z,Not applicable,PS,Persons,_Z,Not applicable,N,Non transformed data,T0110,Table 0110 - Population and employment,2009,,7617.4,,,,F,Free (free for publication),2,Two,A,Normal value,3,Thousands,_Z,Not applicable
DATAFLOW,OECD.SDD.NAD:DSD_NAMAIN10@DF_TABLE3_POP_EMPNC(2.0),"Annual population and employment, national concept",I,A,Annual,JPN,Japan,S1,Total economy,S1,Total economy,POP,Total population,_Z,Not applicable,_Z,Not applicable,_Z,Not applicable,PS,Persons,_Z,Not applicable,N,Non transformed data,T0110,Table 0110 - Population and employment,2009,,128032,,,,F,Free (free for publication),2,Two,A,Normal value,3,Thousands,_Z,Not applicable
DATAFLOW,OECD.SDD.NAD:DSD_NAMAIN10@DF_TABLE3_POP_EMPNC(2.0),"Annual population and employment, national concept",I,A,Annual,MEX,Mexico,S1,Total economy,S1,Total economy,POP,Total population,_Z,Not applicable,_Z,Not applicable,_Z,Not applicable,PS,Persons,_Z,Not applicable,N,Non transformed data,T0110,Table 0110 - Population and employment,2009,,110852.0115,,,,F,Free (free for publication),2,Two,A,Normal value,3,Thousands,_Z,Not applicable
DATAFLOW,OECD.SDD.NAD:DSD_NAMAIN10@DF_TABLE3_POP_EMPNC(2.0),"Annual population and employment, national concept",I,A,Annual,NZL,New Zealand,S1,Total economy,S1,Total economy,POP,Total population,_Z,Not applicable,_Z,Not applicable,_Z,Not applicable,PS,Persons,_Z,Not applicable,N,Non transformed data,T0110,Table 0110 - Population and employment,2009,,4317.9,,,,F,Free (free for publication),2,Two,A,Normal value,3,Thousands,_Z,Not applicable
DATAFLOW,OECD.SDD.NAD:DSD_NAMAIN10@DF_TABLE3_POP_EMPNC(2.0),"Annual population and employment, national concept",I,A,Annual,POL,Poland,S1,Total economy,S1,Total economy,POP,Total population,_Z,Not applicable,_Z,Not applicable,_Z,Not applicable,PS,Persons,_Z,Not applicable,N,Non transformed data,T0110,Table 0110 - Population and employment,2009,,38153.389,,,,F,Free (free for publication),2,Two,A,Normal value,3,Thousands,_Z,Not applicable
DATAFLOW,OECD.SDD.NAD:DSD_NAMAIN10@DF_TABLE3_POP_EMPNC(2.0),"Annual population and employment, national concept",I,A,Annual,CHE,Switzerland,S1,Total economy,S1,Total economy,POP,Total population,_Z,Not applicable,_Z,Not applicable,_Z,Not applicable,PS,Persons,_Z,Not applicable,N,Non transformed data,T0110,Table 0110 - Population and employment,2009,,7779.185844,,,,F,Free (free for publication),2,Two,A,Normal value,3,Thousands,_Z,Not applicable
DATAFLOW,OECD.SDD.NAD:DSD_NAMAIN10@DF_TABLE3_POP_EMPNC(2.0),"Annual population and employment, national concept",I,A,Annual,TUR,Türkiye,S1,Total economy,S1,Total economy,POP,Total population,_Z,Not applicable,_Z,Not applicable,_Z,Not applicable,PS,Persons,_Z,Not applicable,N,Non transformed data,T0110,Table 0110 - Population and employment,2009,,72039.206,,,,F,Free (free for publication),2,Two,A,Normal value,3,Thousands,_Z,Not applicable
DATAFLOW,OECD.SDD.NAD:DSD_NAMAIN10@DF_TABLE3_POP_EMPNC(2.0),"Annual population and employment, national concept",I,A,Annual,USA,United States,S1,Total economy,S1,Total economy,POP,Total population,_Z,Not applicable,_Z,Not applicable,_Z,Not applicable,PS,Persons,_Z,Not applicable,N,Non transformed data,T0110,Table 0110 - Population and employment,2009,,307240.077,,,,F,Free (free for publication),2,Two,A,Normal value,3,Thousands,_Z,Not applicable
DATAFLOW,OECD.SDD.NAD:DSD_NAMAIN10@DF_TABLE3_POP_EMPNC(2.0),"Annual population and employment, national concept",I,A,Annual,AUS,Australia,S1,Total economy,S1,Total economy,POP,Total population,_Z,Not applicable,_Z,Not applicable,_Z,Not applicable,PS,Persons,_Z,Not applicable,N,Non transformed data,T0110,Table 0110 - Population and employment,2010,,22031.75,,,,F,Free (free for publication),2,Two,A,Normal value,3,Thousands,_Z,Not applicable
DATAFLOW,OECD.SDD.NAD:DSD_NAMAIN10@DF_TABLE3_POP_EMPNC(2.0),"Annual population and employment, national concept",I,A,Annual,AUT,Austria,S1,Total economy,S1,Total economy,POP,Total population,_Z,Not applicable,_Z,Not applicable,_Z,Not applicable,PS,Persons,_Z,Not applicable,N,Non transformed data,T0110,Table 0110 - Population and employment,2010,,8361.055,,,,F,Free (free for publication),2,Two,A,Normal value,3,Thousands,_Z,Not applicable
DATAFLOW,OECD.SDD.NAD:DSD_NAMAIN10@DF_TABLE3_POP_EMPNC(2.0),"Annual population and employment, national concept",I,A,Annual,BEL,Belgium,S1,Total economy,S1,Total economy,POP,Total population,_Z,Not applicable,_Z,Not applicable,_Z,Not applicable,PS,Persons,_Z,Not applicable,N,Non transformed data,T0110,Table 0110 - Population and employment,2010,,10895.6,,,,F,Free (free for publication),2,Two,A,Normal value,3,Thousands,_Z,Not applicable
DATAFLOW,OECD.SDD.NAD:DSD_NAMAIN10@DF_TABLE3_POP_EMPNC(2.0),"Annual population and employment, national concept",I,A,Annual,FRA,France,S1,Total economy,S1,Total economy,POP,Total population,_Z,Not applicable,_Z,Not applicable,_Z,Not applicable,PS,Persons,_Z,Not applicable,N,Non transformed data,T0110,Table 0110 - Population and employment,2010,,64748,,,,F,Free (free for publication),2,Two,A,Normal value,3,Thousands,_Z,Not applicable
DATAFLOW,OECD.SDD.NAD:DSD_NAMAIN10@DF_TABLE3_POP_EMPNC(2.0),"Annual population and employment, national concept",I,A,Annual,ISR,Israel,S1,Total economy,S1,Total economy,POP,Total population,_Z,Not applicable,_Z,Not applicable,_Z,Not applicable,PS,Persons,_Z,Not applicable,N,Non transformed data,T0110,Table 0110 - Population and employment,2010,,7761.1,,,,F,Free (free for publication),2,Two,A,Normal value,3,Thousands,_Z,Not applicable
DATAFLOW,OECD.SDD.NAD:DSD_NAMAIN10@DF_TABLE3_POP_EMPNC(2.0),"Annual population and employment, national concept",I,A,Annual,JPN,Japan,S1,Total economy,S1,Total economy,POP,Total population,_Z,Not applicable,_Z,Not applicable,_Z,Not applicable,PS,Persons,_Z,Not applicable,N,Non transformed data,T0110,Table 0110 - Population and employment,2010,,128057,,,,F,Free (free for publication),2,Two,A,Normal value,3,Thousands,_Z,Not applicable
DATAFLOW,OECD.SDD.NAD:DSD_NAMAIN10@DF_TABLE3_POP_EMPNC(2.0),"Annual population and employment, national concept",I,A,Annual,NZL,New Zealand,S1,Total economy,S1,Total economy,POP,Total population,_Z,Not applicable,_Z,Not applicable,_Z,Not applicable,PS,Persons,_Z,Not applicable,N,Non transformed data,T0110,Table 0110 - Population and employment,2010,,4362.8,,,,F,Free (free for publication),2,Two,A,Normal value,3,Thousands,_Z,Not applicable
DATAFLOW,OECD.SDD.NAD:DSD_NAMAIN10@DF_TABLE3_POP_EMPNC(2.0),"Annual population and employment, national concept",I,A,Annual,CHE,Switzerland,S1,Total economy,S1,Total economy,POP,Total population,_Z,Not applicable,_Z,Not applicable,_Z,Not applicable,PS,Persons,_Z,Not applicable,N,Non transformed data,T0110,Table 0110 - Population and employment,2010,,7839.1045,,,,F,Free (free for publication),2,Two,A,Normal value,3,Thousands,_Z,Not applicable
DATAFLOW,OECD.SDD.NAD:DSD_NAMAIN10@DF_TABLE3_POP_EMPNC(2.0),"Annual population and employment, national concept",I,A,Annual,TUR,Türkiye,S1,Total economy,S1,Total economy,POP,Total population,_Z,Not applicable,_Z,Not applicable,_Z,Not applicable,PS,Persons,_Z,Not applicable,N,Non transformed data,T0110,Table 0110 - Population and employment,2010,,73142.15,,,,F,Free (free for publication),2,Two,A,Normal value,3,Thousands,_Z,Not applicable
DATAFLOW,OECD.SDD.NAD:DSD_NAMAIN10@DF_TABLE3_POP_EMPNC(2.0),"Annual population and employment, national concept",I,A,Annual,USA,United States,S1,Total economy,S1,Total economy,POP,Total population,_Z,Not applicable,_Z,Not applicable,_Z,Not applicable,PS,Persons,_Z,Not applicable,N,Non transformed data,T0110,Table 0110 - Population and employment,2010,,309838.658,,,,F,Free (free for publication),2,Two,A,Normal value,3,Thousands,_Z,Not applicable
DATAFLOW,OECD.SDD.NAD:DSD_NAMAIN10@DF_TABLE3_POP_EMPNC(2.0),"Annual population and employment, national concept",I,A,Annual,AUS,Australia,S1,Total economy,S1,Total economy,POP,Total population,_Z,Not applicable,_Z,Not applicable,_Z,Not applicable,PS,Persons,_Z,Not applicable,N,Non transformed data,T0110,Table 0110 - Population and employment,2011,,22340.024,,,,F,Free (free for publication),2,Two,A,Normal value,3,Thousands,_Z,Not applicable
DATAFLOW,OECD.SDD.NAD:DSD_NAMAIN10@DF_TABLE3_POP_EMPNC(2.0),"Annual population and employment, national concept",I,A,Annual,AUT,Austria,S1,Total economy,S1,Total economy,POP,Total population,_Z,Not applicable,_Z,Not applicable,_Z,Not applicable,PS,Persons,_Z,Not applicable,N,Non transformed data,T0110,Table 0110 - Population and employment,2011,,8388.547,,,,F,Free (free for publication),2,Two,A,Normal value,3,Thousands,_Z,Not applicable
DATAFLOW,OECD.SDD.NAD:DSD_NAMAIN10@DF_TABLE3_POP_EMPNC(2.0),"Annual population and employment, national concept",I,A,Annual,BEL,Belgium,S1,Total economy,S1,Total economy,POP,Total population,_Z,Not applicable,_Z,Not applicable,_Z,Not applicable,PS,Persons,_Z,Not applicable,N,Non transformed data,T0110,Table 0110 - Population and employment,2011,,11038.3,,,,F,Free (free for publication),2,Two,A,Normal value,3,Thousands,_Z,Not applicable
DATAFLOW,OECD.SDD.NAD:DSD_NAMAIN10@DF_TABLE3_POP_EMPNC(2.0),"Annual population and employment, national concept",I,A,Annual,FRA,France,S1,Total economy,S1,Total economy,POP,Total population,_Z,Not applicable,_Z,Not applicable,_Z,Not applicable,PS,Persons,_Z,Not applicable,N,Non transformed data,T0110,Table 0110 - Population and employment,2011,,65055,,,,F,Free (free for publication),2,Two,A,Normal value,3,Thousands,_Z,Not applicable
DATAFLOW,OECD.SDD.NAD:DSD_NAMAIN10@DF_TABLE3_POP_EMPNC(2.0),"Annual population and employment, national concept",I,A,Annual,ISR,Israel,S1,Total economy,S1,Total economy,POP,Total population,_Z,Not applicable,_Z,Not applicable,_Z,Not applicable,PS,Persons,_Z,Not applicable,N,Non transformed data,T0110,Table 0110 - Population and employment,2011,,7919.9,,,,F,Free (free for publication),2,Two,A,Normal value,3,Thousands,_Z,Not applicable
DATAFLOW,OECD.SDD.NAD:DSD_NAMAIN10@DF_TABLE3_POP_EMPNC(2.0),"Annual population and employment, national concept",I,A,Annual,JPN,Japan,S1,Total economy,S1,Total economy,POP,Total population,_Z,Not applicable,_Z,Not applicable,_Z,Not applicable,PS,Persons,_Z,Not applicable,N,Non transformed data,T0110,Table 0110 - Population and employment,2011,,127834,,,,F,Free (free for publication),2,Two,A,Normal value,3,Thousands,_Z,Not applicable
DATAFLOW,OECD.SDD.NAD:DSD_NAMAIN10@DF_TABLE3_POP_EMPNC(2.0),"Annual population and employment, national concept",I,A,Annual,MEX,Mexico,S1,Total economy,S1,Total economy,POP,Total population,_Z,Not applicable,_Z,Not applicable,_Z,Not applicable,PS,Persons,_Z,Not applicable,N,Non transformed data,T0110,Table 0110 - Population and employment,2011,,113692.4245,,,,F,Free (free for publication),2,Two,A,Normal value,3,Thousands,_Z,Not applicable
DATAFLOW,OECD.SDD.NAD:DSD_NAMAIN10@DF_TABLE3_POP_EMPNC(2.0),"Annual population and employment, national concept",I,A,Annual,NZL,New Zealand,S1,Total economy,S1,Total economy,POP,Total population,_Z,Not applicable,_Z,Not applicable,_Z,Not applicable,PS,Persons,_Z,Not applicable,N,Non transformed data,T0110,Table 0110 - Population and employment,2011,,4392.5,,,,F,Free (free for publication),2,Two,A,Normal value,3,Thousands,_Z,Not applicable
DATAFLOW,OECD.SDD.NAD:DSD_NAMAIN10@DF_TABLE3_POP_EMPNC(2.0),"Annual population and employment, national concept",I,A,Annual,PRT,Portugal,S1,Total economy,S1,Total economy,POP,Total population,_Z,Not applicable,_Z,Not applicable,_Z,Not applicable,PS,Persons,_Z,Not applicable,N,Non transformed data,T0110,Table 0110 - Population and employment,2011,,10574.536,,,,F,Free (free for publication),2,Two,A,Normal value,3,Thousands,_Z,Not applicable
DATAFLOW,OECD.SDD.NAD:DSD_NAMAIN10@DF_TABLE3_POP_EMPNC(2.0),"Annual population and employment, national concept",I,A,Annual,CHE,Switzerland,S1,Total economy,S1,Total economy,POP,Total population,_Z,Not applicable,_Z,Not applicable,_Z,Not applicable,PS,Persons,_Z,Not applicable,N,Non transformed data,T0110,Table 0110 - Population and employment,2011,,7909.4155,,,,F,Free (free for publication),2,Two,A,Normal value,3,Thousands,_Z,Not applicable
DATAFLOW,OECD.SDD.NAD:DSD_NAMAIN10@DF_TABLE3_POP_EMPNC(2.0),"Annual population and employment, national concept",I,A,Annual,TUR,Türkiye,S1,Total economy,S1,Total economy,POP,Total population,_Z,Not applicable,_Z,Not applicable,_Z,Not applicable,PS,Persons,_Z,Not applicable,N,Non transformed data,T0110,Table 0110 - Population and employment,2011,,74223.6285,,,,F,Free (free for publication),2,Two,A,Normal value,3,Thousands,_Z,Not applicable
DATAFLOW,OECD.SDD.NAD:DSD_NAMAIN10@DF_TABLE3_POP_EMPNC(2.0),"Annual population and employment, national concept",I,A,Annual,USA,United States,S1,Total economy,S1,Total economy,POP,Total population,_Z,Not applicable,_Z,Not applicable,_Z,Not applicable,PS,Persons,_Z,Not applicable,N,Non transformed data,T0110,Table 0110 - Population and employment,2011,,312295.116,,,,F,Free (free for publication),2,Two,A,Normal value,3,Thousands,_Z,Not applicable
DATAFLOW,OECD.SDD.NAD:DSD_NAMAIN10@DF_TABLE3_POP_EMPNC(2.0),"Annual population and employment, national concept",I,A,Annual,AUS,Australia,S1,Total economy,S1,Total economy,POP,Total population,_Z,Not applicable,_Z,Not applicable,_Z,Not applicable,PS,Persons,_Z,Not applicable,N,Non transformed data,T0110,Table 0110 - Population and employment,2012,,22733.465,,,,F,Free (free for publication),2,Two,A,Normal value,3,Thousands,_Z,Not applicable
DATAFLOW,OECD.SDD.NAD:DSD_NAMAIN10@DF_TABLE3_POP_EMPNC(2.0),"Annual population and employment, national concept",I,A,Annual,AUT,Austria,S1,Total economy,S1,Total economy,POP,Total population,_Z,Not applicable,_Z,Not applicable,_Z,Not applicable,PS,Persons,_Z,Not applicable,N,Non transformed data,T0110,Table 0110 - Population and employment,2012,,8426.314,,,,F,Free (free for publication),2,Two,A,Normal value,3,Thousands,_Z,Not applicable
DATAFLOW,OECD.SDD.NAD:DSD_NAMAIN10@DF_TABLE3_POP_EMPNC(2.0),"Annual population and employment, national concept",I,A,Annual,BEL,Belgium,S1,Total economy,S1,Total economy,POP,Total population,_Z,Not applicable,_Z,Not applicable,_Z,Not applicable,PS,Persons,_Z,Not applicable,N,Non transformed data,T0110,Table 0110 - Population and employment,2012,,11106.9,,,,F,Free (free for publication),2,Two,A,Normal value,3,Thousands,_Z,Not applicable
DATAFLOW,OECD.SDD.NAD:DSD_NAMAIN10@DF_TABLE3_POP_EMPNC(2.0),"Annual population and employment, national concept",I,A,Annual,FRA,France,S1,Total economy,S1,Total economy,POP,Total population,_Z,Not applicable,_Z,Not applicable,_Z,Not applicable,PS,Persons,_Z,Not applicable,N,Non transformed data,T0110,Table 0110 - Population and employment,2012,,65362,,,,F,Free (free for publication),2,Two,A,Normal value,3,Thousands,_Z,Not applicable
DATAFLOW,OECD.SDD.NAD:DSD_NAMAIN10@DF_TABLE3_POP_EMPNC(2.0),"Annual population and employment, national concept",I,A,Annual,DEU,Germany,S1,Total economy,S1,Total economy,POP,Total population,_Z,Not applicable,_Z,Not applicable,_Z,Not applicable,PS,Persons,_Z,Not applicable,N,Non transformed data,T0110,Table 0110 - Population and employment,2012,,80385,,,,F,Free (free for publication),2,Two,A,Normal value,3,Thousands,_Z,Not applicable
DATAFLOW,OECD.SDD.NAD:DSD_NAMAIN10@DF_TABLE3_POP_EMPNC(2.0),"Annual population and employment, national concept",I,A,Annual,IRL,Ireland,S1,Total economy,S1,Total economy,POP,Total population,_Z,Not applicable,_Z,Not applicable,_Z,Not applicable,PS,Persons,_Z,Not applicable,N,Non transformed data,T0110,Table 0110 - Population and employment,2012,,4597.439,,,,F,Free (free for publication),2,Two,A,Normal value,3,Thousands,_Z,Not applicable
DATAFLOW,OECD.SDD.NAD:DSD_NAMAIN10@DF_TABLE3_POP_EMPNC(2.0),"Annual population and employment, national concept",I,A,Annual,ISR,Israel,S1,Total economy,S1,Total economy,POP,Total population,_Z,Not applicable,_Z,Not applicable,_Z,Not applicable,PS,Persons,_Z,Not applicable,N,Non transformed data,T0110,Table 0110 - Population and employment,2012,,8078.9,,,,F,Free (free for publication),2,Two,A,Normal value,3,Thousands,_Z,Not applicable
DATAFLOW,OECD.SDD.NAD:DSD_NAMAIN10@DF_TABLE3_POP_EMPNC(2.0),"Annual population and employment, national concept",I,A,Annual,JPN,Japan,S1,Total economy,S1,Total economy,POP,Total population,_Z,Not applicable,_Z,Not applicable,_Z,Not applicable,PS,Persons,_Z,Not applicable,N,Non transformed data,T0110,Table 0110 - Population and employment,2012,,127593,,,,F,Free (free for publication),2,Two,A,Normal value,3,Thousands,_Z,Not applicable
DATAFLOW,OECD.SDD.NAD:DSD_NAMAIN10@DF_TABLE3_POP_EMPNC(2.0),"Annual population and employment, national concept",I,A,Annual,NZL,New Zealand,S1,Total economy,S1,Total economy,POP,Total population,_Z,Not applicable,_Z,Not applicable,_Z,Not applicable,PS,Persons,_Z,Not applicable,N,Non transformed data,T0110,Table 0110 - Population and employment,2012,,4417.7,,,,F,Free (free for publication),2,Two,A,Normal value,3,Thousands,_Z,Not applicable
DATAFLOW,OECD.SDD.NAD:DSD_NAMAIN10@DF_TABLE3_POP_EMPNC(2.0),"Annual population and employment, national concept",I,A,Annual,CHE,Switzerland,S1,Total economy,S1,Total economy,POP,Total population,_Z,Not applicable,_Z,Not applicable,_Z,Not applicable,PS,Persons,_Z,Not applicable,N,Non transformed data,T0110,Table 0110 - Population and employment,2012,,7995.89,,,,F,Free (free for publication),2,Two,A,Normal value,3,Thousands,_Z,Not applicable
DATAFLOW,OECD.SDD.NAD:DSD_NAMAIN10@DF_TABLE3_POP_EMPNC(2.0),"Annual population and employment, national concept",I,A,Annual,TUR,Türkiye,S1,Total economy,S1,Total economy,POP,Total population,_Z,Not applicable,_Z,Not applicable,_Z,Not applicable,PS,Persons,_Z,Not applicable,N,Non transformed data,T0110,Table 0110 - Population and employment,2012,,75175.8265,,,,F,Free (free for publication),2,Two,A,Normal value,3,Thousands,_Z,Not applicable
DATAFLOW,OECD.SDD.NAD:DSD_NAMAIN10@DF_TABLE3_POP_EMPNC(2.0),"Annual population and employment, national concept",I,A,Annual,USA,United States,S1,Total economy,S1,Total economy,POP,Total population,_Z,Not applicable,_Z,Not applicable,_Z,Not applicable,PS,Persons,_Z,Not applicable,N,Non transformed data,T0110,Table 0110 - Population and employment,2012,,314725.442,,,,F,Free (free for publication),2,Two,A,Normal value,3,Thousands,_Z,Not applicable
DATAFLOW,OECD.SDD.NAD:DSD_NAMAIN10@DF_TABLE3_POP_EMPNC(2.0),"Annual population and employment, national concept",I,A,Annual,AUS,Australia,S1,Total economy,S1,Total economy,POP,Total population,_Z,Not applicable,_Z,Not applicable,_Z,Not applicable,PS,Persons,_Z,Not applicable,N,Non transformed data,T0110,Table 0110 - Population and employment,2013,,23128.129,,,,F,Free (free for publication),2,Two,A,Normal value,3,Thousands,_Z,Not applicable
DATAFLOW,OECD.SDD.NAD:DSD_NAMAIN10@DF_TABLE3_POP_EMPNC(2.0),"Annual population and employment, national concept",I,A,Annual,AUT,Austria,S1,Total economy,S1,Total economy,POP,Total population,_Z,Not applicable,_Z,Not applicable,_Z,Not applicable,PS,Persons,_Z,Not applicable,N,Non transformed data,T0110,Table 0110 - Population and employment,2013,,8477.259,,,,F,Free (free for publication),2,Two,A,Normal value,3,Thousands,_Z,Not applicable
DATAFLOW,OECD.SDD.NAD:DSD_NAMAIN10@DF_TABLE3_POP_EMPNC(2.0),"Annual population and employment, national concept",I,A,Annual,BEL,Belgium,S1,Total economy,S1,Total economy,POP,Total population,_Z,Not applicable,_Z,Not applicable,_Z,Not applicable,PS,Persons,_Z,Not applicable,N,Non transformed data,T0110,Table 0110 - Population and employment,2013,,11159.4,,,,F,Free (free for publication),2,Two,A,Normal value,3,Thousands,_Z,Not applicable
DATAFLOW,OECD.SDD.NAD:DSD_NAMAIN10@DF_TABLE3_POP_EMPNC(2.0),"Annual population and employment, national concept",I,A,Annual,CHL,Chile,S1,Total economy,S1,Total economy,POP,Total population,_Z,Not applicable,_Z,Not applicable,_Z,Not applicable,PS,Persons,_Z,Not applicable,N,Non transformed data,T0110,Table 0110 - Population and employment,2013,,17611.902,,,,F,Free (free for publication),2,Two,A,Normal value,3,Thousands,_Z,Not applicable
DATAFLOW,OECD.SDD.NAD:DSD_NAMAIN10@DF_TABLE3_POP_EMPNC(2.0),"Annual population and employment, national concept",I,A,Annual,FRA,France,S1,Total economy,S1,Total economy,POP,Total population,_Z,Not applicable,_Z,Not applicable,_Z,Not applicable,PS,Persons,_Z,Not applicable,N,Non transformed data,T0110,Table 0110 - Population and employment,2013,,65684,,,,F,Free (free for publication),2,Two,A,Normal value,3,Thousands,_Z,Not applicable
DATAFLOW,OECD.SDD.NAD:DSD_NAMAIN10@DF_TABLE3_POP_EMPNC(2.0),"Annual population and employment, national concept",I,A,Annual,DEU,Germany,S1,Total economy,S1,Total economy,POP,Total population,_Z,Not applicable,_Z,Not applicable,_Z,Not applicable,PS,Persons,_Z,Not applicable,N,Non transformed data,T0110,Table 0110 - Population and employment,2013,,80517,,,,F,Free (free for publication),2,Two,A,Normal value,3,Thousands,_Z,Not applicable
DATAFLOW,OECD.SDD.NAD:DSD_NAMAIN10@DF_TABLE3_POP_EMPNC(2.0),"Annual population and employment, national concept",I,A,Annual,ISR,Israel,S1,Total economy,S1,Total economy,POP,Total population,_Z,Not applicable,_Z,Not applicable,_Z,Not applicable,PS,Persons,_Z,Not applicable,N,Non transformed data,T0110,Table 0110 - Population and employment,2013,,8223.9,,,,F,Free (free for publication),2,Two,A,Normal value,3,Thousands,_Z,Not applicable
DATAFLOW,OECD.SDD.NAD:DSD_NAMAIN10@DF_TABLE3_POP_EMPNC(2.0),"Annual population and employment, national concept",I,A,Annual,JPN,Japan,S1,Total economy,S1,Total economy,POP,Total population,_Z,Not applicable,_Z,Not applicable,_Z,Not applicable,PS,Persons,_Z,Not applicable,N,Non transformed data,T0110,Table 0110 - Population and employment,2013,,127414,,,,F,Free (free for publication),2,Two,A,Normal value,3,Thousands,_Z,Not applicable
DATAFLOW,OECD.SDD.NAD:DSD_NAMAIN10@DF_TABLE3_POP_EMPNC(2.0),"Annual population and employment, national concept",I,A,Annual,MEX,Mexico,S1,Total economy,S1,Total economy,POP,Total population,_Z,Not applicable,_Z,Not applicable,_Z,Not applicable,PS,Persons,_Z,Not applicable,N,Non transformed data,T0110,Table 0110 - Population and employment,2013,,116353.58375,,,,F,Free (free for publication),2,Two,A,Normal value,3,Thousands,_Z,Not applicable
DATAFLOW,OECD.SDD.NAD:DSD_NAMAIN10@DF_TABLE3_POP_EMPNC(2.0),"Annual population and employment, national concept",I,A,Annual,NZL,New Zealand,S1,Total economy,S1,Total economy,POP,Total population,_Z,Not applicable,_Z,Not applicable,_Z,Not applicable,PS,Persons,_Z,Not applicable,N,Non transformed data,T0110,Table 0110 - Population and employment,2013,,4461.5,,,,F,Free (free for publication),2,Two,A,Normal value,3,Thousands,_Z,Not applicable
DATAFLOW,OECD.SDD.NAD:DSD_NAMAIN10@DF_TABLE3_POP_EMPNC(2.0),"Annual population and employment, national concept",I,A,Annual,CHE,Switzerland,S1,Total economy,S1,Total economy,POP,Total population,_Z,Not applicable,_Z,Not applicable,_Z,Not applicable,PS,Persons,_Z,Not applicable,N,Non transformed data,T0110,Table 0110 - Population and employment,2013,,8089.15775,,,,F,Free (free for publication),2,Two,A,Normal value,3,Thousands,_Z,Not applicable
DATAFLOW,OECD.SDD.NAD:DSD_NAMAIN10@DF_TABLE3_POP_EMPNC(2.0),"Annual population and employment, national concept",I,A,Annual,TUR,Türkiye,S1,Total economy,S1,Total economy,POP,Total population,_Z,Not applicable,_Z,Not applicable,_Z,Not applicable,PS,Persons,_Z,Not applicable,N,Non transformed data,T0110,Table 0110 - Population and employment,2013,,76267.07,,,,F,Free (free for publication),2,Two,A,Normal value,3,Thousands,_Z,Not applicable
DATAFLOW,OECD.SDD.NAD:DSD_NAMAIN10@DF_TABLE3_POP_EMPNC(2.0),"Annual population and employment, national concept",I,A,Annual,GBR,United Kingdom,S1,Total economy,S1,Total economy,POP,Total population,_Z,Not applicable,_Z,Not applicable,_Z,Not applicable,PS,Persons,_Z,Not applicable,N,Non transformed data,T0110,Table 0110 - Population and employment,2013,,64138,,,,F,Free (free for publication),2,Two,A,Normal value,3,Thousands,_Z,Not applicable
DATAFLOW,OECD.SDD.NAD:DSD_NAMAIN10@DF_TABLE3_POP_EMPNC(2.0),"Annual population and employment, national concept",I,A,Annual,USA,United States,S1,Total economy,S1,Total economy,POP,Total population,_Z,Not applicable,_Z,Not applicable,_Z,Not applicable,PS,Persons,_Z,Not applicable,N,Non transformed data,T0110,Table 0110 - Population and employment,2013,,317099.044,,,,F,Free (free for publication),2,Two,A,Normal value,3,Thousands,_Z,Not applicable
DATAFLOW,OECD.SDD.NAD:DSD_NAMAIN10@DF_TABLE3_POP_EMPNC(2.0),"Annual population and employment, national concept",I,A,Annual,AUS,Australia,S1,Total economy,S1,Total economy,POP,Total population,_Z,Not applicable,_Z,Not applicable,_Z,Not applicable,PS,Persons,_Z,Not applicable,N,Non transformed data,T0110,Table 0110 - Population and employment,2014,,23475.686,,,,F,Free (free for publication),2,Two,A,Normal value,3,Thousands,_Z,Not applicable
DATAFLOW,OECD.SDD.NAD:DSD_NAMAIN10@DF_TABLE3_POP_EMPNC(2.0),"Annual population and employment, national concept",I,A,Annual,AUT,Austria,S1,Total economy,S1,Total economy,POP,Total population,_Z,Not applicable,_Z,Not applicable,_Z,Not applicable,PS,Persons,_Z,Not applicable,N,Non transformed data,T0110,Table 0110 - Population and employment,2014,,8543.974,,,,F,Free (free for publication),2,Two,A,Normal value,3,Thousands,_Z,Not applicable
DATAFLOW,OECD.SDD.NAD:DSD_NAMAIN10@DF_TABLE3_POP_EMPNC(2.0),"Annual population and employment, national concept",I,A,Annual,BEL,Belgium,S1,Total economy,S1,Total economy,POP,Total population,_Z,Not applicable,_Z,Not applicable,_Z,Not applicable,PS,Persons,_Z,Not applicable,N,Non transformed data,T0110,Table 0110 - Population and employment,2014,,11209.1,,,,F,Free (free for publication),2,Two,A,Normal value,3,Thousands,_Z,Not applicable
DATAFLOW,OECD.SDD.NAD:DSD_NAMAIN10@DF_TABLE3_POP_EMPNC(2.0),"Annual population and employment, national concept",I,A,Annual,CHL,Chile,S1,Total economy,S1,Total economy,POP,Total population,_Z,Not applicable,_Z,Not applicable,_Z,Not applicable,PS,Persons,_Z,Not applicable,N,Non transformed data,T0110,Table 0110 - Population and employment,2014,,17787.61701,,,,F,Free (free for publication),2,Two,A,Normal value,3,Thousands,_Z,Not applicable
DATAFLOW,OECD.SDD.NAD:DSD_NAMAIN10@DF_TABLE3_POP_EMPNC(2.0),"Annual population and employment, national concept",I,A,Annual,FRA,France,S1,Total economy,S1,Total economy,POP,Total population,_Z,Not applicable,_Z,Not applicable,_Z,Not applicable,PS,Persons,_Z,Not applicable,N,Non transformed data,T0110,Table 0110 - Population and employment,2014,,66021,,,,F,Free (free for publication),2,Two,A,Normal value,3,Thousands,_Z,Not applicable
DATAFLOW,OECD.SDD.NAD:DSD_NAMAIN10@DF_TABLE3_POP_EMPNC(2.0),"Annual population and employment, national concept",I,A,Annual,DEU,Germany,S1,Total economy,S1,Total economy,POP,Total population,_Z,Not applicable,_Z,Not applicable,_Z,Not applicable,PS,Persons,_Z,Not applicable,N,Non transformed data,T0110,Table 0110 - Population and employment,2014,,80758,,,,F,Free (free for publication),2,Two,A,Normal value,3,Thousands,_Z,Not applicable
DATAFLOW,OECD.SDD.NAD:DSD_NAMAIN10@DF_TABLE3_POP_EMPNC(2.0),"Annual population and employment, national concept",I,A,Annual,IRL,Ireland,S1,Total economy,S1,Total economy,POP,Total population,_Z,Not applicable,_Z,Not applicable,_Z,Not applicable,PS,Persons,_Z,Not applicable,N,Non transformed data,T0110,Table 0110 - Population and employment,2014,,4652.46,,,,F,Free (free for publication),2,Two,A,Normal value,3,Thousands,_Z,Not applicable
DATAFLOW,OECD.SDD.NAD:DSD_NAMAIN10@DF_TABLE3_POP_EMPNC(2.0),"Annual population and employment, national concept",I,A,Annual,ISR,Israel,S1,Total economy,S1,Total economy,POP,Total population,_Z,Not applicable,_Z,Not applicable,_Z,Not applicable,PS,Persons,_Z,Not applicable,N,Non transformed data,T0110,Table 0110 - Population and employment,2014,,8374.8,,,,F,Free (free for publication),2,Two,A,Normal value,3,Thousands,_Z,Not applicable
DATAFLOW,OECD.SDD.NAD:DSD_NAMAIN10@DF_TABLE3_POP_EMPNC(2.0),"Annual population and employment, national concept",I,A,Annual,JPN,Japan,S1,Total economy,S1,Total economy,POP,Total population,_Z,Not applicable,_Z,Not applicable,_Z,Not applicable,PS,Persons,_Z,Not applicable,N,Non transformed data,T0110,Table 0110 - Population and employment,2014,,127237,,,,F,Free (free for publication),2,Two,A,Normal value,3,Thousands,_Z,Not applicable
DATAFLOW,OECD.SDD.NAD:DSD_NAMAIN10@DF_TABLE3_POP_EMPNC(2.0),"Annual population and employment, national concept",I,A,Annual,NZL,New Zealand,S1,Total economy,S1,Total economy,POP,Total population,_Z,Not applicable,_Z,Not applicable,_Z,Not applicable,PS,Persons,_Z,Not applicable,N,Non transformed data,T0110,Table 0110 - Population and employment,2014,,4541.9,,,,F,Free (free for publication),2,Two,A,Normal value,3,Thousands,_Z,Not applicable
DATAFLOW,OECD.SDD.NAD:DSD_NAMAIN10@DF_TABLE3_POP_EMPNC(2.0),"Annual population and employment, national concept",I,A,Annual,CHE,Switzerland,S1,Total economy,S1,Total economy,POP,Total population,_Z,Not applicable,_Z,Not applicable,_Z,Not applicable,PS,Persons,_Z,Not applicable,N,Non transformed data,T0110,Table 0110 - Population and employment,2014,,8188.5415,,,,F,Free (free for publication),2,Two,A,Normal value,3,Thousands,_Z,Not applicable
DATAFLOW,OECD.SDD.NAD:DSD_NAMAIN10@DF_TABLE3_POP_EMPNC(2.0),"Annual population and employment, national concept",I,A,Annual,TUR,Türkiye,S1,Total economy,S1,Total economy,POP,Total population,_Z,Not applicable,_Z,Not applicable,_Z,Not applicable,PS,Persons,_Z,Not applicable,N,Non transformed data,T0110,Table 0110 - Population and employment,2014,,78053.8545,,,,F,Free (free for publication),2,Two,A,Normal value,3,Thousands,_Z,Not applicable
DATAFLOW,OECD.SDD.NAD:DSD_NAMAIN10@DF_TABLE3_POP_EMPNC(2.0),"Annual population and employment, national concept",I,A,Annual,GBR,United Kingdom,S1,Total economy,S1,Total economy,POP,Total population,_Z,Not applicable,_Z,Not applicable,_Z,Not applicable,PS,Persons,_Z,Not applicable,N,Non transformed data,T0110,Table 0110 - Population and employment,2014,,64619,,,,F,Free (free for publication),2,Two,A,Normal value,3,Thousands,_Z,Not applicable
DATAFLOW,OECD.SDD.NAD:DSD_NAMAIN10@DF_TABLE3_POP_EMPNC(2.0),"Annual population and employment, national concept",I,A,Annual,USA,United States,S1,Total economy,S1,Total economy,POP,Total population,_Z,Not applicable,_Z,Not applicable,_Z,Not applicable,PS,Persons,_Z,Not applicable,N,Non transformed data,T0110,Table 0110 - Population and employment,2014,,319600.572,,,,F,Free (free for publication),2,Two,A,Normal value,3,Thousands,_Z,Not applicable
DATAFLOW,OECD.SDD.NAD:DSD_NAMAIN10@DF_TABLE3_POP_EMPNC(2.0),"Annual population and employment, national concept",I,A,Annual,AUS,Australia,S1,Total economy,S1,Total economy,POP,Total population,_Z,Not applicable,_Z,Not applicable,_Z,Not applicable,PS,Persons,_Z,Not applicable,N,Non transformed data,T0110,Table 0110 - Population and employment,2015,,23815.995,,,,F,Free (free for publication),2,Two,A,Normal value,3,Thousands,_Z,Not applicable
DATAFLOW,OECD.SDD.NAD:DSD_NAMAIN10@DF_TABLE3_POP_EMPNC(2.0),"Annual population and employment, national concept",I,A,Annual,AUT,Austria,S1,Total economy,S1,Total economy,POP,Total population,_Z,Not applicable,_Z,Not applicable,_Z,Not applicable,PS,Persons,_Z,Not applicable,N,Non transformed data,T0110,Table 0110 - Population and employment,2015,,8629.496,,,,F,Free (free for publication),2,Two,A,Normal value,3,Thousands,_Z,Not applicable
DATAFLOW,OECD.SDD.NAD:DSD_NAMAIN10@DF_TABLE3_POP_EMPNC(2.0),"Annual population and employment, national concept",I,A,Annual,BEL,Belgium,S1,Total economy,S1,Total economy,POP,Total population,_Z,Not applicable,_Z,Not applicable,_Z,Not applicable,PS,Persons,_Z,Not applicable,N,Non transformed data,T0110,Table 0110 - Population and employment,2015,,11274.2,,,,F,Free (free for publication),2,Two,A,Normal value,3,Thousands,_Z,Not applicable
DATAFLOW,OECD.SDD.NAD:DSD_NAMAIN10@DF_TABLE3_POP_EMPNC(2.0),"Annual population and employment, national concept",I,A,Annual,FRA,France,S1,Total economy,S1,Total economy,POP,Total population,_Z,Not applicable,_Z,Not applicable,_Z,Not applicable,PS,Persons,_Z,Not applicable,N,Non transformed data,T0110,Table 0110 - Population and employment,2015,,66314,,,,F,Free (free for publication),2,Two,A,Normal value,3,Thousands,_Z,Not applicable
DATAFLOW,OECD.SDD.NAD:DSD_NAMAIN10@DF_TABLE3_POP_EMPNC(2.0),"Annual population and employment, national concept",I,A,Annual,DEU,Germany,S1,Total economy,S1,Total economy,POP,Total population,_Z,Not applicable,_Z,Not applicable,_Z,Not applicable,PS,Persons,_Z,Not applicable,N,Non transformed data,T0110,Table 0110 - Population and employment,2015,,81346,,,,F,Free (free for publication),2,Two,A,Normal value,3,Thousands,_Z,Not applicable
DATAFLOW,OECD.SDD.NAD:DSD_NAMAIN10@DF_TABLE3_POP_EMPNC(2.0),"Annual population and employment, national concept",I,A,Annual,ISR,Israel,S1,Total economy,S1,Total economy,POP,Total population,_Z,Not applicable,_Z,Not applicable,_Z,Not applicable,PS,Persons,_Z,Not applicable,N,Non transformed data,T0110,Table 0110 - Population and employment,2015,,8532.8,,,,F,Free (free for publication),2,Two,A,Normal value,3,Thousands,_Z,Not applicable
DATAFLOW,OECD.SDD.NAD:DSD_NAMAIN10@DF_TABLE3_POP_EMPNC(2.0),"Annual population and employment, national concept",I,A,Annual,JPN,Japan,S1,Total economy,S1,Total economy,POP,Total population,_Z,Not applicable,_Z,Not applicable,_Z,Not applicable,PS,Persons,_Z,Not applicable,N,Non transformed data,T0110,Table 0110 - Population and employment,2015,,127095,,,,F,Free (free for publication),2,Two,A,Normal value,3,Thousands,_Z,Not applicable
DATAFLOW,OECD.SDD.NAD:DSD_NAMAIN10@DF_TABLE3_POP_EMPNC(2.0),"Annual population and employment, national concept",I,A,Annual,MEX,Mexico,S1,Total economy,S1,Total economy,POP,Total population,_Z,Not applicable,_Z,Not applicable,_Z,Not applicable,PS,Persons,_Z,Not applicable,N,Non transformed data,T0110,Table 0110 - Population and employment,2015,,119050.4865,,,,F,Free (free for publication),2,Two,A,Normal value,3,Thousands,_Z,Not applicable
DATAFLOW,OECD.SDD.NAD:DSD_NAMAIN10@DF_TABLE3_POP_EMPNC(2.0),"Annual population and employment, national concept",I,A,Annual,NZL,New Zealand,S1,Total economy,S1,Total economy,POP,Total population,_Z,Not applicable,_Z,Not applicable,_Z,Not applicable,PS,Persons,_Z,Not applicable,N,Non transformed data,T0110,Table 0110 - Population and employment,2015,,4638.2,,,,F,Free (free for publication),2,Two,A,Normal value,3,Thousands,_Z,Not applicable
DATAFLOW,OECD.SDD.NAD:DSD_NAMAIN10@DF_TABLE3_POP_EMPNC(2.0),"Annual population and employment, national concept",I,A,Annual,CHE,Switzerland,S1,Total economy,S1,Total economy,POP,Total population,_Z,Not applicable,_Z,Not applicable,_Z,Not applicable,PS,Persons,_Z,Not applicable,N,Non transformed data,T0110,Table 0110 - Population and employment,2015,,8289.76675,,,,F,Free (free for publication),2,Two,A,Normal value,3,Thousands,_Z,Not applicable
DATAFLOW,OECD.SDD.NAD:DSD_NAMAIN10@DF_TABLE3_POP_EMPNC(2.0),"Annual population and employment, national concept",I,A,Annual,TUR,Türkiye,S1,Total economy,S1,Total economy,POP,Total population,_Z,Not applicable,_Z,Not applicable,_Z,Not applicable,PS,Persons,_Z,Not applicable,N,Non transformed data,T0110,Table 0110 - Population and employment,2015,,80229.896,,,,F,Free (free for publication),2,Two,A,Normal value,3,Thousands,_Z,Not applicable
DATAFLOW,OECD.SDD.NAD:DSD_NAMAIN10@DF_TABLE3_POP_EMPNC(2.0),"Annual population and employment, national concept",I,A,Annual,GBR,United Kingdom,S1,Total economy,S1,Total economy,POP,Total population,_Z,Not applicable,_Z,Not applicable,_Z,Not applicable,PS,Persons,_Z,Not applicable,N,Non transformed data,T0110,Table 0110 - Population and employment,2015,,65087,,,,F,Free (free for publication),2,Two,A,Normal value,3,Thousands,_Z,Not applicable
DATAFLOW,OECD.SDD.NAD:DSD_NAMAIN10@DF_TABLE3_POP_EMPNC(2.0),"Annual population and employment, national concept",I,A,Annual,USA,United States,S1,Total economy,S1,Total economy,POP,Total population,_Z,Not applicable,_Z,Not applicable,_Z,Not applicable,PS,Persons,_Z,Not applicable,N,Non transformed data,T0110,Table 0110 - Population and employment,2015,,322112.544,,,,F,Free (free for publication),2,Two,A,Normal value,3,Thousands,_Z,Not applicable
DATAFLOW,OECD.SDD.NAD:DSD_NAMAIN10@DF_TABLE3_POP_EMPNC(2.0),"Annual population and employment, national concept",I,A,Annual,AUS,Australia,S1,Total economy,S1,Total economy,POP,Total population,_Z,Not applicable,_Z,Not applicable,_Z,Not applicable,PS,Persons,_Z,Not applicable,N,Non transformed data,T0110,Table 0110 - Population and employment,2016,,24190.907,,,,F,Free (free for publication),2,Two,A,Normal value,3,Thousands,_Z,Not applicable
DATAFLOW,OECD.SDD.NAD:DSD_NAMAIN10@DF_TABLE3_POP_EMPNC(2.0),"Annual population and employment, national concept",I,A,Annual,AUT,Austria,S1,Total economy,S1,Total economy,POP,Total population,_Z,Not applicable,_Z,Not applicable,_Z,Not applicable,PS,Persons,_Z,Not applicable,N,Non transformed data,T0110,Table 0110 - Population and employment,2016,,8739.808,,,,F,Free (free for publication),2,Two,A,Normal value,3,Thousands,_Z,Not applicable
DATAFLOW,OECD.SDD.NAD:DSD_NAMAIN10@DF_TABLE3_POP_EMPNC(2.0),"Annual population and employment, national concept",I,A,Annual,BEL,Belgium,S1,Total economy,S1,Total economy,POP,Total population,_Z,Not applicable,_Z,Not applicable,_Z,Not applicable,PS,Persons,_Z,Not applicable,N,Non transformed data,T0110,Table 0110 - Population and employment,2016,,11331.4,,,,F,Free (free for publication),2,Two,A,Normal value,3,Thousands,_Z,Not applicable
DATAFLOW,OECD.SDD.NAD:DSD_NAMAIN10@DF_TABLE3_POP_EMPNC(2.0),"Annual population and employment, national concept",I,A,Annual,FRA,France,S1,Total economy,S1,Total economy,POP,Total population,_Z,Not applicable,_Z,Not applicable,_Z,Not applicable,PS,Persons,_Z,Not applicable,N,Non transformed data,T0110,Table 0110 - Population and employment,2016,,66563,,,,F,Free (free for publication),2,Two,A,Normal value,3,Thousands,_Z,Not applicable
DATAFLOW,OECD.SDD.NAD:DSD_NAMAIN10@DF_TABLE3_POP_EMPNC(2.0),"Annual population and employment, national concept",I,A,Annual,DEU,Germany,S1,Total economy,S1,Total economy,POP,Total population,_Z,Not applicable,_Z,Not applicable,_Z,Not applicable,PS,Persons,_Z,Not applicable,N,Non transformed data,T0110,Table 0110 - Population and employment,2016,,81867,,,,F,Free (free for publication),2,Two,A,Normal value,3,Thousands,_Z,Not applicable
DATAFLOW,OECD.SDD.NAD:DSD_NAMAIN10@DF_TABLE3_POP_EMPNC(2.0),"Annual population and employment, national concept",I,A,Annual,ISR,Israel,S1,Total economy,S1,Total economy,POP,Total population,_Z,Not applicable,_Z,Not applicable,_Z,Not applicable,PS,Persons,_Z,Not applicable,N,Non transformed data,T0110,Table 0110 - Population and employment,2016,,8690.8,,,,F,Free (free for publication),2,Two,A,Normal value,3,Thousands,_Z,Not applicable
DATAFLOW,OECD.SDD.NAD:DSD_NAMAIN10@DF_TABLE3_POP_EMPNC(2.0),"Annual population and employment, national concept",I,A,Annual,JPN,Japan,S1,Total economy,S1,Total economy,POP,Total population,_Z,Not applicable,_Z,Not applicable,_Z,Not applicable,PS,Persons,_Z,Not applicable,N,Non transformed data,T0110,Table 0110 - Population and employment,2016,,127042,,,,F,Free (free for publication),2,Two,A,Normal value,3,Thousands,_Z,Not applicable
DATAFLOW,OECD.SDD.NAD:DSD_NAMAIN10@DF_TABLE3_POP_EMPNC(2.0),"Annual population and employment, national concept",I,A,Annual,MEX,Mexico,S1,Total economy,S1,Total economy,POP,Total population,_Z,Not applicable,_Z,Not applicable,_Z,Not applicable,PS,Persons,_Z,Not applicable,N,Non transformed data,T0110,Table 0110 - Population and employment,2016,,120419.4735,,,,F,Free (free for publication),2,Two,A,Normal value,3,Thousands,_Z,Not applicable
DATAFLOW,OECD.SDD.NAD:DSD_NAMAIN10@DF_TABLE3_POP_EMPNC(2.0),"Annual population and employment, national concept",I,A,Annual,NZL,New Zealand,S1,Total economy,S1,Total economy,POP,Total population,_Z,Not applicable,_Z,Not applicable,_Z,Not applicable,PS,Persons,_Z,Not applicable,N,Non transformed data,T0110,Table 0110 - Population and employment,2016,,4742.2,,,,F,Free (free for publication),2,Two,A,Normal value,3,Thousands,_Z,Not applicable
DATAFLOW,OECD.SDD.NAD:DSD_NAMAIN10@DF_TABLE3_POP_EMPNC(2.0),"Annual population and employment, national concept",I,A,Annual,CHE,Switzerland,S1,Total economy,S1,Total economy,POP,Total population,_Z,Not applicable,_Z,Not applicable,_Z,Not applicable,PS,Persons,_Z,Not applicable,N,Non transformed data,T0110,Table 0110 - Population and employment,2016,,8379.319,,,,F,Free (free for publication),2,Two,A,Normal value,3,Thousands,_Z,Not applicable
DATAFLOW,OECD.SDD.NAD:DSD_NAMAIN10@DF_TABLE3_POP_EMPNC(2.0),"Annual population and employment, national concept",I,A,Annual,TUR,Türkiye,S1,Total economy,S1,Total economy,POP,Total population,_Z,Not applicable,_Z,Not applicable,_Z,Not applicable,PS,Persons,_Z,Not applicable,N,Non transformed data,T0110,Table 0110 - Population and employment,2016,,81946.957,,,,F,Free (free for publication),2,Two,A,Normal value,3,Thousands,_Z,Not applicable
DATAFLOW,OECD.SDD.NAD:DSD_NAMAIN10@DF_TABLE3_POP_EMPNC(2.0),"Annual population and employment, national concept",I,A,Annual,GBR,United Kingdom,S1,Total economy,S1,Total economy,POP,Total population,_Z,Not applicable,_Z,Not applicable,_Z,Not applicable,PS,Persons,_Z,Not applicable,N,Non transformed data,T0110,Table 0110 - Population and employment,2016,,65606,,,,F,Free (free for publication),2,Two,A,Normal value,3,Thousands,_Z,Not applicable
DATAFLOW,OECD.SDD.NAD:DSD_NAMAIN10@DF_TABLE3_POP_EMPNC(2.0),"Annual population and employment, national concept",I,A,Annual,USA,United States,S1,Total economy,S1,Total economy,POP,Total population,_Z,Not applicable,_Z,Not applicable,_Z,Not applicable,PS,Persons,_Z,Not applicable,N,Non transformed data,T0110,Table 0110 - Population and employment,2016,,324609.296,,,,F,Free (free for publication),2,Two,A,Normal value,3,Thousands,_Z,Not applicable
DATAFLOW,OECD.SDD.NAD:DSD_NAMAIN10@DF_TABLE3_POP_EMPNC(2.0),"Annual population and employment, national concept",I,A,Annual,AUT,Austria,S1,Total economy,S1,Total economy,POP,Total population,_Z,Not applicable,_Z,Not applicable,_Z,Not applicable,PS,Persons,_Z,Not applicable,N,Non transformed data,T0110,Table 0110 - Population and employment,2017,,8795.105,,,,F,Free (free for publication),2,Two,A,Normal value,3,Thousands,_Z,Not applicable
DATAFLOW,OECD.SDD.NAD:DSD_NAMAIN10@DF_TABLE3_POP_EMPNC(2.0),"Annual population and employment, national concept",I,A,Annual,BEL,Belgium,S1,Total economy,S1,Total economy,POP,Total population,_Z,Not applicable,_Z,Not applicable,_Z,Not applicable,PS,Persons,_Z,Not applicable,N,Non transformed data,T0110,Table 0110 - Population and employment,2017,,11375.2,,,,F,Free (free for publication),2,Two,A,Normal value,3,Thousands,_Z,Not applicable
DATAFLOW,OECD.SDD.NAD:DSD_NAMAIN10@DF_TABLE3_POP_EMPNC(2.0),"Annual population and employment, national concept",I,A,Annual,CHL,Chile,S1,Total economy,S1,Total economy,POP,Total population,_Z,Not applicable,_Z,Not applicable,_Z,Not applicable,PS,Persons,_Z,Not applicable,N,Non transformed data,T0110,Table 0110 - Population and employment,2017,,18419.192,,,,F,Free (free for publication),2,Two,A,Normal value,3,Thousands,_Z,Not applicable
DATAFLOW,OECD.SDD.NAD:DSD_NAMAIN10@DF_TABLE3_POP_EMPNC(2.0),"Annual population and employment, national concept",I,A,Annual,FRA,France,S1,Total economy,S1,Total economy,POP,Total population,_Z,Not applicable,_Z,Not applicable,_Z,Not applicable,PS,Persons,_Z,Not applicable,N,Non transformed data,T0110,Table 0110 - Population and employment,2017,,66830,,,,F,Free (free for publication),2,Two,A,Normal value,3,Thousands,_Z,Not applicable
DATAFLOW,OECD.SDD.NAD:DSD_NAMAIN10@DF_TABLE3_POP_EMPNC(2.0),"Annual population and employment, national concept",I,A,Annual,DEU,Germany,S1,Total economy,S1,Total economy,POP,Total population,_Z,Not applicable,_Z,Not applicable,_Z,Not applicable,PS,Persons,_Z,Not applicable,N,Non transformed data,T0110,Table 0110 - Population and employment,2017,,82038,,,,F,Free (free for publication),2,Two,A,Normal value,3,Thousands,_Z,Not applicable
DATAFLOW,OECD.SDD.NAD:DSD_NAMAIN10@DF_TABLE3_POP_EMPNC(2.0),"Annual population and employment, national concept",I,A,Annual,ISR,Israel,S1,Total economy,S1,Total economy,POP,Total population,_Z,Not applicable,_Z,Not applicable,_Z,Not applicable,PS,Persons,_Z,Not applicable,N,Non transformed data,T0110,Table 0110 - Population and employment,2017,,8849.4,,,,F,Free (free for publication),2,Two,A,Normal value,3,Thousands,_Z,Not applicable
DATAFLOW,OECD.SDD.NAD:DSD_NAMAIN10@DF_TABLE3_POP_EMPNC(2.0),"Annual population and employment, national concept",I,A,Annual,JPN,Japan,S1,Total economy,S1,Total economy,POP,Total population,_Z,Not applicable,_Z,Not applicable,_Z,Not applicable,PS,Persons,_Z,Not applicable,N,Non transformed data,T0110,Table 0110 - Population and employment,2017,,126919,,,,F,Free (free for publication),2,Two,A,Normal value,3,Thousands,_Z,Not applicable
DATAFLOW,OECD.SDD.NAD:DSD_NAMAIN10@DF_TABLE3_POP_EMPNC(2.0),"Annual population and employment, national concept",I,A,Annual,MEX,Mexico,S1,Total economy,S1,Total economy,POP,Total population,_Z,Not applicable,_Z,Not applicable,_Z,Not applicable,PS,Persons,_Z,Not applicable,N,Non transformed data,T0110,Table 0110 - Population and employment,2017,,121808.9085,,,,F,Free (free for publication),2,Two,A,Normal value,3,Thousands,_Z,Not applicable
DATAFLOW,OECD.SDD.NAD:DSD_NAMAIN10@DF_TABLE3_POP_EMPNC(2.0),"Annual population and employment, national concept",I,A,Annual,NZL,New Zealand,S1,Total economy,S1,Total economy,POP,Total population,_Z,Not applicable,_Z,Not applicable,_Z,Not applicable,PS,Persons,_Z,Not applicable,N,Non transformed data,T0110,Table 0110 - Population and employment,2017,,4837.7,,,,F,Free (free for publication),2,Two,A,Normal value,3,Thousands,_Z,Not applicable
DATAFLOW,OECD.SDD.NAD:DSD_NAMAIN10@DF_TABLE3_POP_EMPNC(2.0),"Annual population and employment, national concept",I,A,Annual,CHE,Switzerland,S1,Total economy,S1,Total economy,POP,Total population,_Z,Not applicable,_Z,Not applicable,_Z,Not applicable,PS,Persons,_Z,Not applicable,N,Non transformed data,T0110,Table 0110 - Population and employment,2017,,8457.41275,,,,F,Free (free for publication),2,Two,A,Normal value,3,Thousands,_Z,Not applicable
DATAFLOW,OECD.SDD.NAD:DSD_NAMAIN10@DF_TABLE3_POP_EMPNC(2.0),"Annual population and employment, national concept",I,A,Annual,TUR,Türkiye,S1,Total economy,S1,Total economy,POP,Total population,_Z,Not applicable,_Z,Not applicable,_Z,Not applicable,PS,Persons,_Z,Not applicable,N,Non transformed data,T0110,Table 0110 - Population and employment,2017,,83443.3115,,,,F,Free (free for publication),2,Two,A,Normal value,3,Thousands,_Z,Not applicable
DATAFLOW,OECD.SDD.NAD:DSD_NAMAIN10@DF_TABLE3_POP_EMPNC(2.0),"Annual population and employment, national concept",I,A,Annual,GBR,United Kingdom,S1,Total economy,S1,Total economy,POP,Total population,_Z,Not applicable,_Z,Not applicable,_Z,Not applicable,PS,Persons,_Z,Not applicable,N,Non transformed data,T0110,Table 0110 - Population and employment,2017,,65964,,,,F,Free (free for publication),2,Two,A,Normal value,3,Thousands,_Z,Not applicable
DATAFLOW,OECD.SDD.NAD:DSD_NAMAIN10@DF_TABLE3_POP_EMPNC(2.0),"Annual population and employment, national concept",I,A,Annual,USA,United States,S1,Total economy,S1,Total economy,POP,Total population,_Z,Not applicable,_Z,Not applicable,_Z,Not applicable,PS,Persons,_Z,Not applicable,N,Non transformed data,T0110,Table 0110 - Population and employment,2017,,326859.753,,,,F,Free (free for publication),2,Two,A,Normal value,3,Thousands,_Z,Not applicable
DATAFLOW,OECD.SDD.NAD:DSD_NAMAIN10@DF_TABLE3_POP_EMPNC(2.0),"Annual population and employment, national concept",I,A,Annual,AUT,Austria,S1,Total economy,S1,Total economy,POP,Total population,_Z,Not applicable,_Z,Not applicable,_Z,Not applicable,PS,Persons,_Z,Not applicable,N,Non transformed data,T0110,Table 0110 - Population and employment,2018,,8837.709,,,,F,Free (free for publication),2,Two,A,Normal value,3,Thousands,_Z,Not applicable
DATAFLOW,OECD.SDD.NAD:DSD_NAMAIN10@DF_TABLE3_POP_EMPNC(2.0),"Annual population and employment, national concept",I,A,Annual,BEL,Belgium,S1,Total economy,S1,Total economy,POP,Total population,_Z,Not applicable,_Z,Not applicable,_Z,Not applicable,PS,Persons,_Z,Not applicable,N,Non transformed data,T0110,Table 0110 - Population and employment,2018,,11427.1,,,,F,Free (free for publication),2,Two,A,Normal value,3,Thousands,_Z,Not applicable
DATAFLOW,OECD.SDD.NAD:DSD_NAMAIN10@DF_TABLE3_POP_EMPNC(2.0),"Annual population and employment, national concept",I,A,Annual,CHL,Chile,S1,Total economy,S1,Total economy,POP,Total population,_Z,Not applicable,_Z,Not applicable,_Z,Not applicable,PS,Persons,_Z,Not applicable,N,Non transformed data,T0110,Table 0110 - Population and employment,2018,,18751.405,,,,F,Free (free for publication),2,Two,A,Normal value,3,Thousands,_Z,Not applicable
DATAFLOW,OECD.SDD.NAD:DSD_NAMAIN10@DF_TABLE3_POP_EMPNC(2.0),"Annual population and employment, national concept",I,A,Annual,FRA,France,S1,Total economy,S1,Total economy,POP,Total population,_Z,Not applicable,_Z,Not applicable,_Z,Not applicable,PS,Persons,_Z,Not applicable,N,Non transformed data,T0110,Table 0110 - Population and employment,2018,,67135,,,,F,Free (free for publication),2,Two,A,Normal value,3,Thousands,_Z,Not applicable
DATAFLOW,OECD.SDD.NAD:DSD_NAMAIN10@DF_TABLE3_POP_EMPNC(2.0),"Annual population and employment, national concept",I,A,Annual,DEU,Germany,S1,Total economy,S1,Total economy,POP,Total population,_Z,Not applicable,_Z,Not applicable,_Z,Not applicable,PS,Persons,_Z,Not applicable,N,Non transformed data,T0110,Table 0110 - Population and employment,2018,,82157,,,,F,Free (free for publication),2,Two,A,Normal value,3,Thousands,_Z,Not applicable
DATAFLOW,OECD.SDD.NAD:DSD_NAMAIN10@DF_TABLE3_POP_EMPNC(2.0),"Annual population and employment, national concept",I,A,Annual,ISR,Israel,S1,Total economy,S1,Total economy,POP,Total population,_Z,Not applicable,_Z,Not applicable,_Z,Not applicable,PS,Persons,_Z,Not applicable,N,Non transformed data,T0110,Table 0110 - Population and employment,2018,,9010.3,,,,F,Free (free for publication),2,Two,A,Normal value,3,Thousands,_Z,Not applicable
DATAFLOW,OECD.SDD.NAD:DSD_NAMAIN10@DF_TABLE3_POP_EMPNC(2.0),"Annual population and employment, national concept",I,A,Annual,JPN,Japan,S1,Total economy,S1,Total economy,POP,Total population,_Z,Not applicable,_Z,Not applicable,_Z,Not applicable,PS,Persons,_Z,Not applicable,N,Non transformed data,T0110,Table 0110 - Population and employment,2018,,126749,,,,F,Free (free for publication),2,Two,A,Normal value,3,Thousands,_Z,Not applicable
DATAFLOW,OECD.SDD.NAD:DSD_NAMAIN10@DF_TABLE3_POP_EMPNC(2.0),"Annual population and employment, national concept",I,A,Annual,MEX,Mexico,S1,Total economy,S1,Total economy,POP,Total population,_Z,Not applicable,_Z,Not applicable,_Z,Not applicable,PS,Persons,_Z,Not applicable,N,Non transformed data,T0110,Table 0110 - Population and employment,2018,,123336.3755,,,,F,Free (free for publication),2,Two,A,Normal value,3,Thousands,_Z,Not applicable
DATAFLOW,OECD.SDD.NAD:DSD_NAMAIN10@DF_TABLE3_POP_EMPNC(2.0),"Annual population and employment, national concept",I,A,Annual,NZL,New Zealand,S1,Total economy,S1,Total economy,POP,Total population,_Z,Not applicable,_Z,Not applicable,_Z,Not applicable,PS,Persons,_Z,Not applicable,N,Non transformed data,T0110,Table 0110 - Population and employment,2018,,4919.7,,,,F,Free (free for publication),2,Two,A,Normal value,3,Thousands,_Z,Not applicable
DATAFLOW,OECD.SDD.NAD:DSD_NAMAIN10@DF_TABLE3_POP_EMPNC(2.0),"Annual population and employment, national concept",I,A,Annual,CHE,Switzerland,S1,Total economy,S1,Total economy,POP,Total population,_Z,Not applicable,_Z,Not applicable,_Z,Not applicable,PS,Persons,_Z,Not applicable,N,Non transformed data,T0110,Table 0110 - Population and employment,2018,,8518.32975,,,,F,Free (free for publication),2,Two,A,Normal value,3,Thousands,_Z,Not applicable
DATAFLOW,OECD.SDD.NAD:DSD_NAMAIN10@DF_TABLE3_POP_EMPNC(2.0),"Annual population and employment, national concept",I,A,Annual,TUR,Türkiye,S1,Total economy,S1,Total economy,POP,Total population,_Z,Not applicable,_Z,Not applicable,_Z,Not applicable,PS,Persons,_Z,Not applicable,N,Non transformed data,T0110,Table 0110 - Population and employment,2018,,84961.2755,,,,F,Free (free for publication),2,Two,A,Normal value,3,Thousands,_Z,Not applicable
DATAFLOW,OECD.SDD.NAD:DSD_NAMAIN10@DF_TABLE3_POP_EMPNC(2.0),"Annual population and employment, national concept",I,A,Annual,GBR,United Kingdom,S1,Total economy,S1,Total economy,POP,Total population,_Z,Not applicable,_Z,Not applicable,_Z,Not applicable,PS,Persons,_Z,Not applicable,N,Non transformed data,T0110,Table 0110 - Population and employment,2018,,66287,,,,F,Free (free for publication),2,Two,A,Normal value,3,Thousands,_Z,Not applicable
DATAFLOW,OECD.SDD.NAD:DSD_NAMAIN10@DF_TABLE3_POP_EMPNC(2.0),"Annual population and employment, national concept",I,A,Annual,USA,United States,S1,Total economy,S1,Total economy,POP,Total population,_Z,Not applicable,_Z,Not applicable,_Z,Not applicable,PS,Persons,_Z,Not applicable,N,Non transformed data,T0110,Table 0110 - Population and employment,2018,,328794.493,,,,F,Free (free for publication),2,Two,A,Normal value,3,Thousands,_Z,Not applicable
DATAFLOW,OECD.SDD.NAD:DSD_NAMAIN10@DF_TABLE3_POP_EMPNC(2.0),"Annual population and employment, national concept",I,A,Annual,AUT,Austria,S1,Total economy,S1,Total economy,POP,Total population,_Z,Not applicable,_Z,Not applicable,_Z,Not applicable,PS,Persons,_Z,Not applicable,N,Non transformed data,T0110,Table 0110 - Population and employment,2019,,8877.634,,,,F,Free (free for publication),2,Two,A,Normal value,3,Thousands,_Z,Not applicable
DATAFLOW,OECD.SDD.NAD:DSD_NAMAIN10@DF_TABLE3_POP_EMPNC(2.0),"Annual population and employment, national concept",I,A,Annual,FRA,France,S1,Total economy,S1,Total economy,POP,Total population,_Z,Not applicable,_Z,Not applicable,_Z,Not applicable,PS,Persons,_Z,Not applicable,N,Non transformed data,T0110,Table 0110 - Population and employment,2019,,67396,,,,F,Free (free for publication),2,Two,A,Normal value,3,Thousands,_Z,Not applicable
DATAFLOW,OECD.SDD.NAD:DSD_NAMAIN10@DF_TABLE3_POP_EMPNC(2.0),"Annual population and employment, national concept",I,A,Annual,DEU,Germany,S1,Total economy,S1,Total economy,POP,Total population,_Z,Not applicable,_Z,Not applicable,_Z,Not applicable,PS,Persons,_Z,Not applicable,N,Non transformed data,T0110,Table 0110 - Population and employment,2019,,82203,,,,F,Free (free for publication),2,Two,A,Normal value,3,Thousands,_Z,Not applicable
DATAFLOW,OECD.SDD.NAD:DSD_NAMAIN10@DF_TABLE3_POP_EMPNC(2.0),"Annual population and employment, national concept",I,A,Annual,ISR,Israel,S1,Total economy,S1,Total economy,POP,Total population,_Z,Not applicable,_Z,Not applicable,_Z,Not applicable,PS,Persons,_Z,Not applicable,N,Non transformed data,T0110,Table 0110 - Population and employment,2019,,9172.6,,,,F,Free (free for publication),2,Two,A,Normal value,3,Thousands,_Z,Not applicable
DATAFLOW,OECD.SDD.NAD:DSD_NAMAIN10@DF_TABLE3_POP_EMPNC(2.0),"Annual population and employment, national concept",I,A,Annual,JPN,Japan,S1,Total economy,S1,Total economy,POP,Total population,_Z,Not applicable,_Z,Not applicable,_Z,Not applicable,PS,Persons,_Z,Not applicable,N,Non transformed data,T0110,Table 0110 - Population and employment,2019,,126555,,,,F,Free (free for publication),2,Two,A,Normal value,3,Thousands,_Z,Not applicable
DATAFLOW,OECD.SDD.NAD:DSD_NAMAIN10@DF_TABLE3_POP_EMPNC(2.0),"Annual population and employment, national concept",I,A,Annual,NZL,New Zealand,S1,Total economy,S1,Total economy,POP,Total population,_Z,Not applicable,_Z,Not applicable,_Z,Not applicable,PS,Persons,_Z,Not applicable,N,Non transformed data,T0110,Table 0110 - Population and employment,2019,,5001.6,,,,F,Free (free for publication),2,Two,A,Normal value,3,Thousands,_Z,Not applicable
DATAFLOW,OECD.SDD.NAD:DSD_NAMAIN10@DF_TABLE3_POP_EMPNC(2.0),"Annual population and employment, national concept",I,A,Annual,CHE,Switzerland,S1,Total economy,S1,Total economy,POP,Total population,_Z,Not applicable,_Z,Not applicable,_Z,Not applicable,PS,Persons,_Z,Not applicable,N,Non transformed data,T0110,Table 0110 - Population and employment,2019,,8579.5675,,,,F,Free (free for publication),2,Two,A,Normal value,3,Thousands,_Z,Not applicable
DATAFLOW,OECD.SDD.NAD:DSD_NAMAIN10@DF_TABLE3_POP_EMPNC(2.0),"Annual population and employment, national concept",I,A,Annual,TUR,Türkiye,S1,Total economy,S1,Total economy,POP,Total population,_Z,Not applicable,_Z,Not applicable,_Z,Not applicable,PS,Persons,_Z,Not applicable,N,Non transformed data,T0110,Table 0110 - Population and employment,2019,,86206.2595,,,,F,Free (free for publication),2,Two,A,Normal value,3,Thousands,_Z,Not applicable
DATAFLOW,OECD.SDD.NAD:DSD_NAMAIN10@DF_TABLE3_POP_EMPNC(2.0),"Annual population and employment, national concept",I,A,Annual,GBR,United Kingdom,S1,Total economy,S1,Total economy,POP,Total population,_Z,Not applicable,_Z,Not applicable,_Z,Not applicable,PS,Persons,_Z,Not applicable,N,Non transformed data,T0110,Table 0110 - Population and employment,2019,,66628,,,,F,Free (free for publication),2,Two,A,Normal value,3,Thousands,_Z,Not applicable
DATAFLOW,OECD.SDD.NAD:DSD_NAMAIN10@DF_TABLE3_POP_EMPNC(2.0),"Annual population and employment, national concept",I,A,Annual,USA,United States,S1,Total economy,S1,Total economy,POP,Total population,_Z,Not applicable,_Z,Not applicable,_Z,Not applicable,PS,Persons,_Z,Not applicable,N,Non transformed data,T0110,Table 0110 - Population and employment,2019,,330512.606,,,,F,Free (free for publication),2,Two,A,Normal value,3,Thousands,_Z,Not applicable
DATAFLOW,OECD.SDD.NAD:DSD_NAMAIN10@DF_TABLE3_POP_EMPNC(2.0),"Annual population and employment, national concept",I,A,Annual,AUT,Austria,S1,Total economy,S1,Total economy,POP,Total population,_Z,Not applicable,_Z,Not applicable,_Z,Not applicable,PS,Persons,_Z,Not applicable,N,Non transformed data,T0110,Table 0110 - Population and employment,2020,,8916.889,,,,F,Free (free for publication),2,Two,A,Normal value,3,Thousands,_Z,Not applicable
DATAFLOW,OECD.SDD.NAD:DSD_NAMAIN10@DF_TABLE3_POP_EMPNC(2.0),"Annual population and employment, national concept",I,A,Annual,BEL,Belgium,S1,Total economy,S1,Total economy,POP,Total population,_Z,Not applicable,_Z,Not applicable,_Z,Not applicable,PS,Persons,_Z,Not applicable,N,Non transformed data,T0110,Table 0110 - Population and employment,2020,,11538.7,,,,F,Free (free for publication),2,Two,A,Normal value,3,Thousands,_Z,Not applicable
DATAFLOW,OECD.SDD.NAD:DSD_NAMAIN10@DF_TABLE3_POP_EMPNC(2.0),"Annual population and employment, national concept",I,A,Annual,FRA,France,S1,Total economy,S1,Total economy,POP,Total population,_Z,Not applicable,_Z,Not applicable,_Z,Not applicable,PS,Persons,_Z,Not applicable,N,Non transformed data,T0110,Table 0110 - Population and employment,2020,,67627,,,,F,Free (free for publication),2,Two,A,Normal value,3,Thousands,_Z,Not applicable
DATAFLOW,OECD.SDD.NAD:DSD_NAMAIN10@DF_TABLE3_POP_EMPNC(2.0),"Annual population and employment, national concept",I,A,Annual,DEU,Germany,S1,Total economy,S1,Total economy,POP,Total population,_Z,Not applicable,_Z,Not applicable,_Z,Not applicable,PS,Persons,_Z,Not applicable,N,Non transformed data,T0110,Table 0110 - Population and employment,2020,,82126,,,,F,Free (free for publication),2,Two,A,Normal value,3,Thousands,_Z,Not applicable
DATAFLOW,OECD.SDD.NAD:DSD_NAMAIN10@DF_TABLE3_POP_EMPNC(2.0),"Annual population and employment, national concept",I,A,Annual,ISR,Israel,S1,Total economy,S1,Total economy,POP,Total population,_Z,Not applicable,_Z,Not applicable,_Z,Not applicable,PS,Persons,_Z,Not applicable,N,Non transformed data,T0110,Table 0110 - Population and employment,2020,,9325.1,,,,F,Free (free for publication),2,Two,A,Normal value,3,Thousands,_Z,Not applicable
DATAFLOW,OECD.SDD.NAD:DSD_NAMAIN10@DF_TABLE3_POP_EMPNC(2.0),"Annual population and employment, national concept",I,A,Annual,JPN,Japan,S1,Total economy,S1,Total economy,POP,Total population,_Z,Not applicable,_Z,Not applicable,_Z,Not applicable,PS,Persons,_Z,Not applicable,N,Non transformed data,T0110,Table 0110 - Population and employment,2020,,126146,,,,F,Free (free for publication),2,Two,A,Normal value,3,Thousands,_Z,Not applicable
DATAFLOW,OECD.SDD.NAD:DSD_NAMAIN10@DF_TABLE3_POP_EMPNC(2.0),"Annual population and employment, national concept",I,A,Annual,MEX,Mexico,S1,Total economy,S1,Total economy,POP,Total population,_Z,Not applicable,_Z,Not applicable,_Z,Not applicable,PS,Persons,_Z,Not applicable,N,Non transformed data,T0110,Table 0110 - Population and employment,2020,,126383.322575,,,,F,Free (free for publication),2,Two,A,Normal value,3,Thousands,_Z,Not applicable
DATAFLOW,OECD.SDD.NAD:DSD_NAMAIN10@DF_TABLE3_POP_EMPNC(2.0),"Annual population and employment, national concept",I,A,Annual,NZL,New Zealand,S1,Total economy,S1,Total economy,POP,Total population,_Z,Not applicable,_Z,Not applicable,_Z,Not applicable,PS,Persons,_Z,Not applicable,N,Non transformed data,T0110,Table 0110 - Population and employment,2020,,5077,,,,F,Free (free for publication),2,Two,A,Normal value,3,Thousands,_Z,Not applicable
DATAFLOW,OECD.SDD.NAD:DSD_NAMAIN10@DF_TABLE3_POP_EMPNC(2.0),"Annual population and employment, national concept",I,A,Annual,CHE,Switzerland,S1,Total economy,S1,Total economy,POP,Total population,_Z,Not applicable,_Z,Not applicable,_Z,Not applicable,PS,Persons,_Z,Not applicable,N,Non transformed data,T0110,Table 0110 - Population and employment,2020,,8644.345,,,,F,Free (free for publication),2,Two,A,Normal value,3,Thousands,_Z,Not applicable
DATAFLOW,OECD.SDD.NAD:DSD_NAMAIN10@DF_TABLE3_POP_EMPNC(2.0),"Annual population and employment, national concept",I,A,Annual,TUR,Türkiye,S1,Total economy,S1,Total economy,POP,Total population,_Z,Not applicable,_Z,Not applicable,_Z,Not applicable,PS,Persons,_Z,Not applicable,N,Non transformed data,T0110,Table 0110 - Population and employment,2020,,86976.5715,,,,F,Free (free for publication),2,Two,A,Normal value,3,Thousands,_Z,Not applicable
DATAFLOW,OECD.SDD.NAD:DSD_NAMAIN10@DF_TABLE3_POP_EMPNC(2.0),"Annual population and employment, national concept",I,A,Annual,GBR,United Kingdom,S1,Total economy,S1,Total economy,POP,Total population,_Z,Not applicable,_Z,Not applicable,_Z,Not applicable,PS,Persons,_Z,Not applicable,N,Non transformed data,T0110,Table 0110 - Population and employment,2020,,66740,,,,F,Free (free for publication),2,Two,A,Normal value,3,Thousands,_Z,Not applicable
DATAFLOW,OECD.SDD.NAD:DSD_NAMAIN10@DF_TABLE3_POP_EMPNC(2.0),"Annual population and employment, national concept",I,A,Annual,USA,United States,S1,Total economy,S1,Total economy,POP,Total population,_Z,Not applicable,_Z,Not applicable,_Z,Not applicable,PS,Persons,_Z,Not applicable,N,Non transformed data,T0110,Table 0110 - Population and employment,2020,,331839.987,,,,F,Free (free for publication),2,Two,A,Normal value,3,Thousands,_Z,Not applicable
DATAFLOW,OECD.SDD.NAD:DSD_NAMAIN10@DF_TABLE3_POP_EMPNC(2.0),"Annual population and employment, national concept",I,A,Annual,AUT,Austria,S1,Total economy,S1,Total economy,POP,Total population,_Z,Not applicable,_Z,Not applicable,_Z,Not applicable,PS,Persons,_Z,Not applicable,N,Non transformed data,T0110,Table 0110 - Population and employment,2021,,8951.539,,,,F,Free (free for publication),2,Two,A,Normal value,3,Thousands,_Z,Not applicable
DATAFLOW,OECD.SDD.NAD:DSD_NAMAIN10@DF_TABLE3_POP_EMPNC(2.0),"Annual population and employment, national concept",I,A,Annual,BEL,Belgium,S1,Total economy,S1,Total economy,POP,Total population,_Z,Not applicable,_Z,Not applicable,_Z,Not applicable,PS,Persons,_Z,Not applicable,N,Non transformed data,T0110,Table 0110 - Population and employment,2021,,11586.3,,,,F,Free (free for publication),2,Two,A,Normal value,3,Thousands,_Z,Not applicable
DATAFLOW,OECD.SDD.NAD:DSD_NAMAIN10@DF_TABLE3_POP_EMPNC(2.0),"Annual population and employment, national concept",I,A,Annual,CHL,Chile,S1,Total economy,S1,Total economy,POP,Total population,_Z,Not applicable,_Z,Not applicable,_Z,Not applicable,PS,Persons,_Z,Not applicable,N,Non transformed data,T0110,Table 0110 - Population and employment,2021,,19678.36301,,,,F,Free (free for publication),2,Two,A,Normal value,3,Thousands,_Z,Not applicable
DATAFLOW,OECD.SDD.NAD:DSD_NAMAIN10@DF_TABLE3_POP_EMPNC(2.0),"Annual population and employment, national concept",I,A,Annual,FRA,France,S1,Total economy,S1,Total economy,POP,Total population,_Z,Not applicable,_Z,Not applicable,_Z,Not applicable,PS,Persons,_Z,Not applicable,N,Non transformed data,T0110,Table 0110 - Population and employment,2021,,67939,,,,F,Free (free for publication),2,Two,A,Normal value,3,Thousands,_Z,Not applicable
DATAFLOW,OECD.SDD.NAD:DSD_NAMAIN10@DF_TABLE3_POP_EMPNC(2.0),"Annual population and employment, national concept",I,A,Annual,DEU,Germany,S1,Total economy,S1,Total economy,POP,Total population,_Z,Not applicable,_Z,Not applicable,_Z,Not applicable,PS,Persons,_Z,Not applicable,N,Non transformed data,T0110,Table 0110 - Population and employment,2021,,81995,,,,F,Free (free for publication),2,Two,A,Normal value,3,Thousands,_Z,Not applicable
DATAFLOW,OECD.SDD.NAD:DSD_NAMAIN10@DF_TABLE3_POP_EMPNC(2.0),"Annual population and employment, national concept",I,A,Annual,ISR,Israel,S1,Total economy,S1,Total economy,POP,Total population,_Z,Not applicable,_Z,Not applicable,_Z,Not applicable,PS,Persons,_Z,Not applicable,N,Non transformed data,T0110,Table 0110 - Population and employment,2021,,9478.7,,,,F,Free (free for publication),2,Two,A,Normal value,3,Thousands,_Z,Not applicable
DATAFLOW,OECD.SDD.NAD:DSD_NAMAIN10@DF_TABLE3_POP_EMPNC(2.0),"Annual population and employment, national concept",I,A,Annual,JPN,Japan,S1,Total economy,S1,Total economy,POP,Total population,_Z,Not applicable,_Z,Not applicable,_Z,Not applicable,PS,Persons,_Z,Not applicable,N,Non transformed data,T0110,Table 0110 - Population and employment,2021,,125502,,,,F,Free (free for publication),2,Two,A,Normal value,3,Thousands,_Z,Not applicable
DATAFLOW,OECD.SDD.NAD:DSD_NAMAIN10@DF_TABLE3_POP_EMPNC(2.0),"Annual population and employment, national concept",I,A,Annual,MEX,Mexico,S1,Total economy,S1,Total economy,POP,Total population,_Z,Not applicable,_Z,Not applicable,_Z,Not applicable,PS,Persons,_Z,Not applicable,N,Non transformed data,T0110,Table 0110 - Population and employment,2021,,127615.21475,,,,F,Free (free for publication),2,Two,A,Normal value,3,Thousands,_Z,Not applicable
DATAFLOW,OECD.SDD.NAD:DSD_NAMAIN10@DF_TABLE3_POP_EMPNC(2.0),"Annual population and employment, national concept",I,A,Annual,NZL,New Zealand,S1,Total economy,S1,Total economy,POP,Total population,_Z,Not applicable,_Z,Not applicable,_Z,Not applicable,PS,Persons,_Z,Not applicable,N,Non transformed data,T0110,Table 0110 - Population and employment,2021,,5084.6,,,,F,Free (free for publication),2,Two,A,Normal value,3,Thousands,_Z,Not applicable
DATAFLOW,OECD.SDD.NAD:DSD_NAMAIN10@DF_TABLE3_POP_EMPNC(2.0),"Annual population and employment, national concept",I,A,Annual,CHE,Switzerland,S1,Total economy,S1,Total economy,POP,Total population,_Z,Not applicable,_Z,Not applicable,_Z,Not applicable,PS,Persons,_Z,Not applicable,N,Non transformed data,T0110,Table 0110 - Population and employment,2021,,8708.2185,,,,F,Free (free for publication),2,Two,A,Normal value,3,Thousands,_Z,Not applicable
DATAFLOW,OECD.SDD.NAD:DSD_NAMAIN10@DF_TABLE3_POP_EMPNC(2.0),"Annual population and employment, national concept",I,A,Annual,TUR,Türkiye,S1,Total economy,S1,Total economy,POP,Total population,_Z,Not applicable,_Z,Not applicable,_Z,Not applicable,PS,Persons,_Z,Not applicable,N,Non transformed data,T0110,Table 0110 - Population and employment,2021,,87833.1565,,,,F,Free (free for publication),2,Two,A,Normal value,3,Thousands,_Z,Not applicable
DATAFLOW,OECD.SDD.NAD:DSD_NAMAIN10@DF_TABLE3_POP_EMPNC(2.0),"Annual population and employment, national concept",I,A,Annual,GBR,United Kingdom,S1,Total economy,S1,Total economy,POP,Total population,_Z,Not applicable,_Z,Not applicable,_Z,Not applicable,PS,Persons,_Z,Not applicable,N,Non transformed data,T0110,Table 0110 - Population and employment,2021,,66978,,,,F,Free (free for publication),2,Two,A,Normal value,3,Thousands,_Z,Not applicable
DATAFLOW,OECD.SDD.NAD:DSD_NAMAIN10@DF_TABLE3_POP_EMPNC(2.0),"Annual population and employment, national concept",I,A,Annual,USA,United States,S1,Total economy,S1,Total economy,POP,Total population,_Z,Not applicable,_Z,Not applicable,_Z,Not applicable,PS,Persons,_Z,Not applicable,N,Non transformed data,T0110,Table 0110 - Population and employment,2021,,332503,,,,F,Free (free for publication),2,Two,A,Normal value,3,Thousands,_Z,Not applicable
DATAFLOW,OECD.SDD.NAD:DSD_NAMAIN10@DF_TABLE3_POP_EMPNC(2.0),"Annual population and employment, national concept",I,A,Annual,AUT,Austria,S1,Total economy,S1,Total economy,POP,Total population,_Z,Not applicable,_Z,Not applicable,_Z,Not applicable,PS,Persons,_Z,Not applicable,N,Non transformed data,T0110,Table 0110 - Population and employment,2022,,9052.87,,,,F,Free (free for publication),2,Two,A,Normal value,3,Thousands,_Z,Not applicable
DATAFLOW,OECD.SDD.NAD:DSD_NAMAIN10@DF_TABLE3_POP_EMPNC(2.0),"Annual population and employment, national concept",I,A,Annual,BEL,Belgium,S1,Total economy,S1,Total economy,POP,Total population,_Z,Not applicable,_Z,Not applicable,_Z,Not applicable,PS,Persons,_Z,Not applicable,N,Non transformed data,T0110,Table 0110 - Population and employment,2022,,11680.2,,,,F,Free (free for publication),2,Two,A,Normal value,3,Thousands,_Z,Not applicable
DATAFLOW,OECD.SDD.NAD:DSD_NAMAIN10@DF_TABLE3_POP_EMPNC(2.0),"Annual population and employment, national concept",I,A,Annual,CAN,Canada,S1,Total economy,S1,Total economy,POP,Total population,_Z,Not applicable,_Z,Not applicable,_Z,Not applicable,PS,Persons,_Z,Not applicable,N,Non transformed data,T0110,Table 0110 - Population and employment,2022,,38950.132,,,,F,Free (free for publication),2,Two,A,Normal value,3,Thousands,_Z,Not applicable
DATAFLOW,OECD.SDD.NAD:DSD_NAMAIN10@DF_TABLE3_POP_EMPNC(2.0),"Annual population and employment, national concept",I,A,Annual,FRA,France,S1,Total economy,S1,Total economy,POP,Total population,_Z,Not applicable,_Z,Not applicable,_Z,Not applicable,PS,Persons,_Z,Not applicable,N,Non transformed data,T0110,Table 0110 - Population and employment,2022,,68197,,,,F,Free (free for publication),2,Two,A,Normal value,3,Thousands,_Z,Not applicable
DATAFLOW,OECD.SDD.NAD:DSD_NAMAIN10@DF_TABLE3_POP_EMPNC(2.0),"Annual population and employment, national concept",I,A,Annual,ISR,Israel,S1,Total economy,S1,Total economy,POP,Total population,_Z,Not applicable,_Z,Not applicable,_Z,Not applicable,PS,Persons,_Z,Not applicable,N,Non transformed data,T0110,Table 0110 - Population and employment,2022,,9654.7,,,,F,Free (free for publication),2,Two,A,Normal value,3,Thousands,_Z,Not applicable
DATAFLOW,OECD.SDD.NAD:DSD_NAMAIN10@DF_TABLE3_POP_EMPNC(2.0),"Annual population and employment, national concept",I,A,Annual,JPN,Japan,S1,Total economy,S1,Total economy,POP,Total population,_Z,Not applicable,_Z,Not applicable,_Z,Not applicable,PS,Persons,_Z,Not applicable,N,Non transformed data,T0110,Table 0110 - Population and employment,2022,,124947,,,,F,Free (free for publication),2,Two,A,Normal value,3,Thousands,_Z,Not applicable
DATAFLOW,OECD.SDD.NAD:DSD_NAMAIN10@DF_TABLE3_POP_EMPNC(2.0),"Annual population and employment, national concept",I,A,Annual,MEX,Mexico,S1,Total economy,S1,Total economy,POP,Total population,_Z,Not applicable,_Z,Not applicable,_Z,Not applicable,PS,Persons,_Z,Not applicable,N,Non transformed data,T0110,Table 0110 - Population and employment,2022,,128582.09575,,,,F,Free (free for publication),2,Two,A,Normal value,3,Thousands,_Z,Not applicable
DATAFLOW,OECD.SDD.NAD:DSD_NAMAIN10@DF_TABLE3_POP_EMPNC(2.0),"Annual population and employment, national concept",I,A,Annual,NZL,New Zealand,S1,Total economy,S1,Total economy,POP,Total population,_Z,Not applicable,_Z,Not applicable,_Z,Not applicable,PS,Persons,_Z,Not applicable,N,Non transformed data,T0110,Table 0110 - Population and employment,2022,,5105,,,,F,Free (free for publication),2,Two,A,Normal value,3,Thousands,_Z,Not applicable
DATAFLOW,OECD.SDD.NAD:DSD_NAMAIN10@DF_TABLE3_POP_EMPNC(2.0),"Annual population and employment, national concept",I,A,Annual,ESP,Spain,S1,Total economy,S1,Total economy,POP,Total population,_Z,Not applicable,_Z,Not applicable,_Z,Not applicable,PS,Persons,_Z,Not applicable,N,Non transformed data,T0110,Table 0110 - Population and employment,2022,,47786.044,,,,F,Free (free for publication),2,Two,A,Normal value,3,Thousands,_Z,Not applicable
DATAFLOW,OECD.SDD.NAD:DSD_NAMAIN10@DF_TABLE3_POP_EMPNC(2.0),"Annual population and employment, national concept",I,A,Annual,CHE,Switzerland,S1,Total economy,S1,Total economy,POP,Total population,_Z,Not applicable,_Z,Not applicable,_Z,Not applicable,PS,Persons,_Z,Not applicable,N,Non transformed data,T0110,Table 0110 - Population and employment,2022,,8782.33175,,,,F,Free (free for publication),2,Two,A,Normal value,3,Thousands,_Z,Not applicable
DATAFLOW,OECD.SDD.NAD:DSD_NAMAIN10@DF_TABLE3_POP_EMPNC(2.0),"Annual population and employment, national concept",I,A,Annual,TUR,Türkiye,S1,Total economy,S1,Total economy,POP,Total population,_Z,Not applicable,_Z,Not applicable,_Z,Not applicable,PS,Persons,_Z,Not applicable,N,Non transformed data,T0110,Table 0110 - Population and employment,2022,,88628.896,,,,F,Free (free for publication),2,Two,A,Normal value,3,Thousands,_Z,Not applicable
DATAFLOW,OECD.SDD.NAD:DSD_NAMAIN10@DF_TABLE3_POP_EMPNC(2.0),"Annual population and employment, national concept",I,A,Annual,GBR,United Kingdom,S1,Total economy,S1,Total economy,POP,Total population,_Z,Not applicable,_Z,Not applicable,_Z,Not applicable,PS,Persons,_Z,Not applicable,N,Non transformed data,T0110,Table 0110 - Population and employment,2022,,67636,,,,F,Free (free for publication),2,Two,A,Normal value,3,Thousands,_Z,Not applicable
DATAFLOW,OECD.SDD.NAD:DSD_NAMAIN10@DF_TABLE3_POP_EMPNC(2.0),"Annual population and employment, national concept",I,A,Annual,USA,United States,S1,Total economy,S1,Total economy,POP,Total population,_Z,Not applicable,_Z,Not applicable,_Z,Not applicable,PS,Persons,_Z,Not applicable,N,Non transformed data,T0110,Table 0110 - Population and employment,2022,,334350,,,,F,Free (free for publication),2,Two,A,Normal value,3,Thousands,_Z,Not applicable
DATAFLOW,OECD.SDD.NAD:DSD_NAMAIN10@DF_TABLE3_POP_EMPNC(2.0),"Annual population and employment, national concept",I,A,Annual,AUS,Australia,S1,Total economy,S1,Total economy,POP,Total population,_Z,Not applicable,_Z,Not applicable,_Z,Not applicable,PS,Persons,_Z,Not applicable,N,Non transformed data,T0110,Table 0110 - Population and employment,2023,,26652.777,,,,F,Free (free for publication),2,Two,A,Normal value,3,Thousands,_Z,Not applicable
DATAFLOW,OECD.SDD.NAD:DSD_NAMAIN10@DF_TABLE3_POP_EMPNC(2.0),"Annual population and employment, national concept",I,A,Annual,AUT,Austria,S1,Total economy,S1,Total economy,POP,Total population,_Z,Not applicable,_Z,Not applicable,_Z,Not applicable,PS,Persons,_Z,Not applicable,N,Non transformed data,T0110,Table 0110 - Population and employment,2023,,9130.729,,,,F,Free (free for publication),2,Two,A,Normal value,3,Thousands,_Z,Not applicable
DATAFLOW,OECD.SDD.NAD:DSD_NAMAIN10@DF_TABLE3_POP_EMPNC(2.0),"Annual population and employment, national concept",I,A,Annual,BEL,Belgium,S1,Total economy,S1,Total economy,POP,Total population,_Z,Not applicable,_Z,Not applicable,_Z,Not applicable,PS,Persons,_Z,Not applicable,N,Non transformed data,T0110,Table 0110 - Population and employment,2023,,11780,,,,F,Free (free for publication),2,Two,A,Normal value,3,Thousands,_Z,Not applicable
DATAFLOW,OECD.SDD.NAD:DSD_NAMAIN10@DF_TABLE3_POP_EMPNC(2.0),"Annual population and employment, national concept",I,A,Annual,CAN,Canada,S1,Total economy,S1,Total economy,POP,Total population,_Z,Not applicable,_Z,Not applicable,_Z,Not applicable,PS,Persons,_Z,Not applicable,N,Non transformed data,T0110,Table 0110 - Population and employment,2023,,40049.088,,,,F,Free (free for publication),2,Two,A,Normal value,3,Thousands,_Z,Not applicable
DATAFLOW,OECD.SDD.NAD:DSD_NAMAIN10@DF_TABLE3_POP_EMPNC(2.0),"Annual population and employment, national concept",I,A,Annual,CHL,Chile,S1,Total economy,S1,Total economy,POP,Total population,_Z,Not applicable,_Z,Not applicable,_Z,Not applicable,PS,Persons,_Z,Not applicable,N,Non transformed data,T0110,Table 0110 - Population and employment,2023,,19960.889,,,,F,Free (free for publication),2,Two,A,Normal value,3,Thousands,_Z,Not applicable
DATAFLOW,OECD.SDD.NAD:DSD_NAMAIN10@DF_TABLE3_POP_EMPNC(2.0),"Annual population and employment, national concept",I,A,Annual,HUN,Hungary,S1,Total economy,S1,Total economy,POP,Total population,_Z,Not applicable,_Z,Not applicable,_Z,Not applicable,PS,Persons,_Z,Not applicable,N,Non transformed data,T0110,Table 0110 - Population and employment,2023,,9592.186,,,,F,Free (free for publication),2,Two,A,Normal value,3,Thousands,_Z,Not applicable
DATAFLOW,OECD.SDD.NAD:DSD_NAMAIN10@DF_TABLE3_POP_EMPNC(2.0),"Annual population and employment, national concept",I,A,Annual,ISR,Israel,S1,Total economy,S1,Total economy,POP,Total population,_Z,Not applicable,_Z,Not applicable,_Z,Not applicable,PS,Persons,_Z,Not applicable,N,Non transformed data,T0110,Table 0110 - Population and employment,2023,,9845.2,,,,F,Free (free for publication),2,Two,A,Normal value,3,Thousands,_Z,Not applicable
DATAFLOW,OECD.SDD.NAD:DSD_NAMAIN10@DF_TABLE3_POP_EMPNC(2.0),"Annual population and employment, national concept",I,A,Annual,ITA,Italy,S1,Total economy,S1,Total economy,POP,Total population,_Z,Not applicable,_Z,Not applicable,_Z,Not applicable,PS,Persons,_Z,Not applicable,N,Non transformed data,T0110,Table 0110 - Population and employment,2023,,58984.2,,,,F,Free (free for publication),2,Two,A,Normal value,3,Thousands,_Z,Not applicable
DATAFLOW,OECD.SDD.NAD:DSD_NAMAIN10@DF_TABLE3_POP_EMPNC(2.0),"Annual population and employment, national concept",I,A,Annual,JPN,Japan,S1,Total economy,S1,Total economy,POP,Total population,_Z,Not applicable,_Z,Not applicable,_Z,Not applicable,PS,Persons,_Z,Not applicable,N,Non transformed data,T0110,Table 0110 - Population and employment,2023,,124352,,,,F,Free (free for publication),2,Two,A,Normal value,3,Thousands,_Z,Not applicable
DATAFLOW,OECD.SDD.NAD:DSD_NAMAIN10@DF_TABLE3_POP_EMPNC(2.0),"Annual population and employment, national concept",I,A,Annual,MEX,Mexico,S1,Total economy,S1,Total economy,POP,Total population,_Z,Not applicable,_Z,Not applicable,_Z,Not applicable,PS,Persons,_Z,Not applicable,N,Non transformed data,T0110,Table 0110 - Population and employment,2023,,129317.72975,,,,F,Free (free for publication),2,Two,A,Normal value,3,Thousands,_Z,Not applicable
DATAFLOW,OECD.SDD.NAD:DSD_NAMAIN10@DF_TABLE3_POP_EMPNC(2.0),"Annual population and employment, national concept",I,A,Annual,NZL,New Zealand,S1,Total economy,S1,Total economy,POP,Total population,_Z,Not applicable,_Z,Not applicable,_Z,Not applicable,PS,Persons,_Z,Not applicable,N,Non transformed data,T0110,Table 0110 - Population and employment,2023,,5231,,,,F,Free (free for publication),2,Two,A,Normal value,3,Thousands,_Z,Not applicable
DATAFLOW,OECD.SDD.NAD:DSD_NAMAIN10@DF_TABLE3_POP_EMPNC(2.0),"Annual population and employment, national concept",I,A,Annual,PRT,Portugal,S1,Total economy,S1,Total economy,POP,Total population,_Z,Not applicable,_Z,Not applicable,_Z,Not applicable,PS,Persons,_Z,Not applicable,N,Non transformed data,T0110,Table 0110 - Population and employment,2023,,10578.174,,,,F,Free (free for publication),2,Two,A,Normal value,3,Thousands,_Z,Not applicable
DATAFLOW,OECD.SDD.NAD:DSD_NAMAIN10@DF_TABLE3_POP_EMPNC(2.0),"Annual population and employment, national concept",I,A,Annual,CHE,Switzerland,S1,Total economy,S1,Total economy,POP,Total population,_Z,Not applicable,_Z,Not applicable,_Z,Not applicable,PS,Persons,_Z,Not applicable,N,Non transformed data,T0110,Table 0110 - Population and employment,2023,,8915.2855,,,,F,Free (free for publication),2,Two,A,Normal value,3,Thousands,_Z,Not applicable
DATAFLOW,OECD.SDD.NAD:DSD_NAMAIN10@DF_TABLE3_POP_EMPNC(2.0),"Annual population and employment, national concept",I,A,Annual,TUR,Türkiye,S1,Total economy,S1,Total economy,POP,Total population,_Z,Not applicable,_Z,Not applicable,_Z,Not applicable,PS,Persons,_Z,Not applicable,N,Non transformed data,T0110,Table 0110 - Population and employment,2023,,88658.861,,,,F,Free (free for publication),2,Two,A,Normal value,3,Thousands,_Z,Not applicable
DATAFLOW,OECD.SDD.NAD:DSD_NAMAIN10@DF_TABLE3_POP_EMPNC(2.0),"Annual population and employment, national concept",I,A,Annual,GBR,United Kingdom,S1,Total economy,S1,Total economy,POP,Total population,_Z,Not applicable,_Z,Not applicable,_Z,Not applicable,PS,Persons,_Z,Not applicable,N,Non transformed data,T0110,Table 0110 - Population and employment,2023,,68526,,,,F,Free (free for publication),2,Two,A,Normal value,3,Thousands,_Z,Not applicable
DATAFLOW,OECD.SDD.NAD:DSD_NAMAIN10@DF_TABLE3_POP_EMPNC(2.0),"Annual population and employment, national concept",I,A,Annual,USA,United States,S1,Total economy,S1,Total economy,POP,Total population,_Z,Not applicable,_Z,Not applicable,_Z,Not applicable,PS,Persons,_Z,Not applicable,N,Non transformed data,T0110,Table 0110 - Population and employment,2023,,337087,,,,F,Free (free for publication),2,Two,A,Normal value,3,Thousands,_Z,Not applicable
DATAFLOW,OECD.SDD.NAD:DSD_NAMAIN10@DF_TABLE3_POP_EMPNC(2.0),"Annual population and employment, national concept",I,A,Annual,AUS,Australia,S1,Total economy,S1,Total economy,POP,Total population,_Z,Not applicable,_Z,Not applicable,_Z,Not applicable,PS,Persons,_Z,Not applicable,N,Non transformed data,T0110,Table 0110 - Population and employment,2024,,27194.4,,,,F,Free (free for publication),2,Two,A,Normal value,3,Thousands,_Z,Not applicable
DATAFLOW,OECD.SDD.NAD:DSD_NAMAIN10@DF_TABLE3_POP_EMPNC(2.0),"Annual population and employment, national concept",I,A,Annual,AUT,Austria,S1,Total economy,S1,Total economy,POP,Total population,_Z,Not applicable,_Z,Not applicable,_Z,Not applicable,PS,Persons,_Z,Not applicable,N,Non transformed data,T0110,Table 0110 - Population and employment,2024,,9177.915,,,,F,Free (free for publication),2,Two,A,Normal value,3,Thousands,_Z,Not applicable
DATAFLOW,OECD.SDD.NAD:DSD_NAMAIN10@DF_TABLE3_POP_EMPNC(2.0),"Annual population and employment, national concept",I,A,Annual,CAN,Canada,S1,Total economy,S1,Total economy,POP,Total population,_Z,Not applicable,_Z,Not applicable,_Z,Not applicable,PS,Persons,_Z,Not applicable,N,Non transformed data,T0110,Table 0110 - Population and employment,2024,,41262.329,,,,F,Free (free for publication),2,Two,A,Normal value,3,Thousands,_Z,Not applicable
DATAFLOW,OECD.SDD.NAD:DSD_NAMAIN10@DF_TABLE3_POP_EMPNC(2.0),"Annual population and employment, national concept",I,A,Annual,CHL,Chile,S1,Total economy,S1,Total economy,POP,Total population,_Z,Not applicable,_Z,Not applicable,_Z,Not applicable,PS,Persons,_Z,Not applicable,N,Non transformed data,T0110,Table 0110 - Population and employment,2024,,20086.377,,,,F,Free (free for publication),2,Two,A,Normal value,3,Thousands,_Z,Not applicable
DATAFLOW,OECD.SDD.NAD:DSD_NAMAIN10@DF_TABLE3_POP_EMPNC(2.0),"Annual population and employment, national concept",I,A,Annual,COL,Colombia,S1,Total economy,S1,Total economy,POP,Total population,_Z,Not applicable,_Z,Not applicable,_Z,Not applicable,PS,Persons,_Z,Not applicable,N,Non transformed data,T0110,Table 0110 - Population and employment,2024,,51551.004083,,,,F,Free (free for publication),2,Two,A,Normal value,3,Thousands,_Z,Not applicable
DATAFLOW,OECD.SDD.NAD:DSD_NAMAIN10@DF_TABLE3_POP_EMPNC(2.0),"Annual population and employment, national concept",I,A,Annual,CZE,Czechia,S1,Total economy,S1,Total economy,POP,Total population,_Z,Not applicable,_Z,Not applicable,_Z,Not applicable,PS,Persons,_Z,Not applicable,N,Non transformed data,T0110,Table 0110 - Population and employment,2024,,10895.316,,,,F,Free (free for publication),2,Two,A,Normal value,3,Thousands,_Z,Not applicable
DATAFLOW,OECD.SDD.NAD:DSD_NAMAIN10@DF_TABLE3_POP_EMPNC(2.0),"Annual population and employment, national concept",I,A,Annual,DNK,Denmark,S1,Total economy,S1,Total economy,POP,Total population,_Z,Not applicable,_Z,Not applicable,_Z,Not applicable,PS,Persons,_Z,Not applicable,N,Non transformed data,T0110,Table 0110 - Population and employment,2024,,5976.806,,,,F,Free (free for publication),2,Two,A,Normal value,3,Thousands,_Z,Not applicable
DATAFLOW,OECD.SDD.NAD:DSD_NAMAIN10@DF_TABLE3_POP_EMPNC(2.0),"Annual population and employment, national concept",I,A,Annual,EST,Estonia,S1,Total economy,S1,Total economy,POP,Total population,_Z,Not applicable,_Z,Not applicable,_Z,Not applicable,PS,Persons,_Z,Not applicable,N,Non transformed data,T0110,Table 0110 - Population and employment,2024,,1374.687,,,,F,Free (free for publication),2,Two,A,Normal value,3,Thousands,_Z,Not applicable
DATAFLOW,OECD.SDD.NAD:DSD_NAMAIN10@DF_TABLE3_POP_EMPNC(2.0),"Annual population and employment, national concept",I,A,Annual,FIN,Finland,S1,Total economy,S1,Total economy,POP,Total population,_Z,Not applicable,_Z,Not applicable,_Z,Not applicable,PS,Persons,_Z,Not applicable,N,Non transformed data,T0110,Table 0110 - Population and employment,2024,,5620.9,,,,F,Free (free for publication),2,Two,A,Normal value,3,Thousands,_Z,Not applicable
DATAFLOW,OECD.SDD.NAD:DSD_NAMAIN10@DF_TABLE3_POP_EMPNC(2.0),"Annual population and employment, national concept",I,A,Annual,HUN,Hungary,S1,Total economy,S1,Total economy,POP,Total population,_Z,Not applicable,_Z,Not applicable,_Z,Not applicable,PS,Persons,_Z,Not applicable,N,Non transformed data,T0110,Table 0110 - Population and employment,2024,,9562.065,,,,F,Free (free for publication),2,Two,A,Normal value,3,Thousands,_Z,Not applicable
DATAFLOW,OECD.SDD.NAD:DSD_NAMAIN10@DF_TABLE3_POP_EMPNC(2.0),"Annual population and employment, national concept",I,A,Annual,IRL,Ireland,S1,Total economy,S1,Total economy,POP,Total population,_Z,Not applicable,_Z,Not applicable,_Z,Not applicable,PS,Persons,_Z,Not applicable,N,Non transformed data,T0110,Table 0110 - Population and employment,2024,,5384.992,,,,F,Free (free for publication),2,Two,A,Normal value,3,Thousands,_Z,Not applicable
DATAFLOW,OECD.SDD.NAD:DSD_NAMAIN10@DF_TABLE3_POP_EMPNC(2.0),"Annual population and employment, national concept",I,A,Annual,ISR,Israel,S1,Total economy,S1,Total economy,POP,Total population,_Z,Not applicable,_Z,Not applicable,_Z,Not applicable,PS,Persons,_Z,Not applicable,N,Non transformed data,T0110,Table 0110 - Population and employment,2024,,9971.7,,,,F,Free (free for publication),2,Two,A,Normal value,3,Thousands,_Z,Not applicable
DATAFLOW,OECD.SDD.NAD:DSD_NAMAIN10@DF_TABLE3_POP_EMPNC(2.0),"Annual population and employment, national concept",I,A,Annual,ITA,Italy,S1,Total economy,S1,Total economy,POP,Total population,_Z,Not applicable,_Z,Not applicable,_Z,Not applicable,PS,Persons,_Z,Not applicable,N,Non transformed data,T0110,Table 0110 - Population and employment,2024,,58957.3,,,,F,Free (free for publication),2,Two,A,Normal value,3,Thousands,_Z,Not applicable
DATAFLOW,OECD.SDD.NAD:DSD_NAMAIN10@DF_TABLE3_POP_EMPNC(2.0),"Annual population and employment, national concept",I,A,Annual,JPN,Japan,S1,Total economy,S1,Total economy,POP,Total population,_Z,Not applicable,_Z,Not applicable,_Z,Not applicable,PS,Persons,_Z,Not applicable,N,Non transformed data,T0110,Table 0110 - Population and employment,2024,,123802,,,,F,Free (free for publication),2,Two,A,Normal value,3,Thousands,_Z,Not applicable
DATAFLOW,OECD.SDD.NAD:DSD_NAMAIN10@DF_TABLE3_POP_EMPNC(2.0),"Annual population and employment, national concept",I,A,Annual,KOR,Korea,S1,Total economy,S1,Total economy,POP,Total population,_Z,Not applicable,_Z,Not applicable,_Z,Not applicable,PS,Persons,_Z,Not applicable,N,Non transformed data,T0110,Table 0110 - Population and employment,2024,,51751,,,,F,Free (free for publication),2,Two,A,Normal value,3,Thousands,_Z,Not applicable
DATAFLOW,OECD.SDD.NAD:DSD_NAMAIN10@DF_TABLE3_POP_EMPNC(2.0),"Annual population and employment, national concept",I,A,Annual,LVA,Latvia,S1,Total economy,S1,Total economy,POP,Total population,_Z,Not applicable,_Z,Not applicable,_Z,Not applicable,PS,Persons,_Z,Not applicable,N,Non transformed data,T0110,Table 0110 - Population and employment,2024,,1864.9,,,,F,Free (free for publication),2,Two,A,Normal value,3,Thousands,_Z,Not applicable
DATAFLOW,OECD.SDD.NAD:DSD_NAMAIN10@DF_TABLE3_POP_EMPNC(2.0),"Annual population and employment, national concept",I,A,Annual,LTU,Lithuania,S1,Total economy,S1,Total economy,POP,Total population,_Z,Not applicable,_Z,Not applicable,_Z,Not applicable,PS,Persons,_Z,Not applicable,N,Non transformed data,T0110,Table 0110 - Population and employment,2024,,2888.277,,,,F,Free (free for publication),2,Two,A,Normal value,3,Thousands,_Z,Not applicable
DATAFLOW,OECD.SDD.NAD:DSD_NAMAIN10@DF_TABLE3_POP_EMPNC(2.0),"Annual population and employment, national concept",I,A,Annual,LUX,Luxembourg,S1,Total economy,S1,Total economy,POP,Total population,_Z,Not applicable,_Z,Not applicable,_Z,Not applicable,PS,Persons,_Z,Not applicable,N,Non transformed data,T0110,Table 0110 - Population and employment,2024,,678.443,,,,F,Free (free for publication),2,Two,A,Normal value,3,Thousands,_Z,Not applicable
DATAFLOW,OECD.SDD.NAD:DSD_NAMAIN10@DF_TABLE3_POP_EMPNC(2.0),"Annual population and employment, national concept",I,A,Annual,MEX,Mexico,S1,Total economy,S1,Total economy,POP,Total population,_Z,Not applicable,_Z,Not applicable,_Z,Not applicable,PS,Persons,_Z,Not applicable,N,Non transformed data,T0110,Table 0110 - Population and employment,2024,,130025.561,,,,F,Free (free for publication),2,Two,A,Normal value,3,Thousands,_Z,Not applicable
DATAFLOW,OECD.SDD.NAD:DSD_NAMAIN10@DF_TABLE3_POP_EMPNC(2.0),"Annual population and employment, national concept",I,A,Annual,NZL,New Zealand,S1,Total economy,S1,Total economy,POP,Total population,_Z,Not applicable,_Z,Not applicable,_Z,Not applicable,PS,Persons,_Z,Not applicable,N,Non transformed data,T0110,Table 0110 - Population and employment,2024,,5299.7,,,,F,Free (free for publication),2,Two,A,Normal value,3,Thousands,_Z,Not applicable
DATAFLOW,OECD.SDD.NAD:DSD_NAMAIN10@DF_TABLE3_POP_EMPNC(2.0),"Annual population and employment, national concept",I,A,Annual,POL,Poland,S1,Total economy,S1,Total economy,POP,Total population,_Z,Not applicable,_Z,Not applicable,_Z,Not applicable,PS,Persons,_Z,Not applicable,N,Non transformed data,T0110,Table 0110 - Population and employment,2024,,37525.632,,,,F,Free (free for publication),2,Two,A,Normal value,3,Thousands,_Z,Not applicable
DATAFLOW,OECD.SDD.NAD:DSD_NAMAIN10@DF_TABLE3_POP_EMPNC(2.0),"Annual population and employment, national concept",I,A,Annual,SVK,Slovak Republic,S1,Total economy,S1,Total economy,POP,Total population,_Z,Not applicable,_Z,Not applicable,_Z,Not applicable,PS,Persons,_Z,Not applicable,N,Non transformed data,T0110,Table 0110 - Population and employment,2024,,5458.87,,,,F,Free (free for publication),2,Two,A,Normal value,3,Thousands,_Z,Not applicable
DATAFLOW,OECD.SDD.NAD:DSD_NAMAIN10@DF_TABLE3_POP_EMPNC(2.0),"Annual population and employment, national concept",I,A,Annual,SVN,Slovenia,S1,Total economy,S1,Total economy,POP,Total population,_Z,Not applicable,_Z,Not applicable,_Z,Not applicable,PS,Persons,_Z,Not applicable,N,Non transformed data,T0110,Table 0110 - Population and employment,2024,,2126.871,,,,F,Free (free for publication),2,Two,A,Normal value,3,Thousands,_Z,Not applicable
DATAFLOW,OECD.SDD.NAD:DSD_NAMAIN10@DF_TABLE3_POP_EMPNC(2.0),"Annual population and employment, national concept",I,A,Annual,SWE,Sweden,S1,Total economy,S1,Total economy,POP,Total population,_Z,Not applicable,_Z,Not applicable,_Z,Not applicable,PS,Persons,_Z,Not applicable,N,Non transformed data,T0110,Table 0110 - Population and employment,2024,,10630.97,,,,F,Free (free for publication),2,Two,A,Normal value,3,Thousands,_Z,Not applicable
DATAFLOW,OECD.SDD.NAD:DSD_NAMAIN10@DF_TABLE3_POP_EMPNC(2.0),"Annual population and employment, national concept",I,A,Annual,CHE,Switzerland,S1,Total economy,S1,Total economy,POP,Total population,_Z,Not applicable,_Z,Not applicable,_Z,Not applicable,PS,Persons,_Z,Not applicable,N,Non transformed data,T0110,Table 0110 - Population and employment,2024,,9015.804,,,,F,Free (free for publication),2,Two,A,Normal value,3,Thousands,_Z,Not applicable
DATAFLOW,OECD.SDD.NAD:DSD_NAMAIN10@DF_TABLE3_POP_EMPNC(2.0),"Annual population and employment, national concept",I,A,Annual,TUR,Türkiye,S1,Total economy,S1,Total economy,POP,Total population,_Z,Not applicable,_Z,Not applicable,_Z,Not applicable,PS,Persons,_Z,Not applicable,N,Non transformed data,T0110,Table 0110 - Population and employment,2024,,88629.282,,,,F,Free (free for publication),2,Two,A,Normal value,3,Thousands,_Z,Not applicable
DATAFLOW,OECD.SDD.NAD:DSD_NAMAIN10@DF_TABLE3_POP_EMPNC(2.0),"Annual population and employment, national concept",I,A,Annual,GBR,United Kingdom,S1,Total economy,S1,Total economy,POP,Total population,_Z,Not applicable,_Z,Not applicable,_Z,Not applicable,PS,Persons,_Z,Not applicable,N,Non transformed data,T0110,Table 0110 - Population and employment,2024,,69281,,,,F,Free (free for publication),2,Two,A,Normal value,3,Thousands,_Z,Not applicable
DATAFLOW,OECD.SDD.NAD:DSD_NAMAIN10@DF_TABLE3_POP_EMPNC(2.0),"Annual population and employment, national concept",I,A,Annual,USA,United States,S1,Total economy,S1,Total economy,POP,Total population,_Z,Not applicable,_Z,Not applicable,_Z,Not applicable,PS,Persons,_Z,Not applicable,N,Non transformed data,T0110,Table 0110 - Population and employment,2024,,340095,,,,F,Free (free for publication),2,Two,A,Normal value,3,Thousands,_Z,Not applicable
DATAFLOW,OECD.SDD.NAD:DSD_NAMAIN10@DF_TABLE3_POP_EMPNC(2.0),"Annual population and employment, national concept",I,A,Annual,AUS,Australia,S1,Total economy,S1,Total economy,POP,Total population,_Z,Not applicable,_Z,Not applicable,_Z,Not applicable,PS,Persons,_Z,Not applicable,N,Non transformed data,T0110,Table 0110 - Population and employment,2025,,27613.654,,,,F,Free (free for publication),2,Two,A,Normal value,3,Thousands,_Z,Not applicable
DATAFLOW,OECD.SDD.NAD:DSD_NAMAIN10@DF_TABLE3_POP_EMPNC(2.0),"Annual population and employment, national concept",I,A,Annual,AUT,Austria,S1,Total economy,S1,Total economy,POP,Total population,_Z,Not applicable,_Z,Not applicable,_Z,Not applicable,PS,Persons,_Z,Not applicable,N,Non transformed data,T0110,Table 0110 - Population and employment,2025,,9205.796,,,,F,Free (free for publication),2,Two,A,Normal value,3,Thousands,_Z,Not applicable
DATAFLOW,OECD.SDD.NAD:DSD_NAMAIN10@DF_TABLE3_POP_EMPNC(2.0),"Annual population and employment, national concept",I,A,Annual,CAN,Canada,S1,Total economy,S1,Total economy,POP,Total population,_Z,Not applicable,_Z,Not applicable,_Z,Not applicable,PS,Persons,_Z,Not applicable,N,Non transformed data,T0110,Table 0110 - Population and employment,2025,,41651.653,,,,F,Free (free for publication),2,Two,A,Normal value,3,Thousands,_Z,Not applicable
DATAFLOW,OECD.SDD.NAD:DSD_NAMAIN10@DF_TABLE3_POP_EMPNC(2.0),"Annual population and employment, national concept",I,A,Annual,CHL,Chile,S1,Total economy,S1,Total economy,POP,Total population,_Z,Not applicable,_Z,Not applicable,_Z,Not applicable,PS,Persons,_Z,Not applicable,N,Non transformed data,T0110,Table 0110 - Population and employment,2025,,20206.953,,,,F,Free (free for publication),2,Two,A,Normal value,3,Thousands,_Z,Not applicable
DATAFLOW,OECD.SDD.NAD:DSD_NAMAIN10@DF_TABLE3_POP_EMPNC(2.0),"Annual population and employment, national concept",I,A,Annual,CZE,Czechia,S1,Total economy,S1,Total economy,POP,Total population,_Z,Not applicable,_Z,Not applicable,_Z,Not applicable,PS,Persons,_Z,Not applicable,N,Non transformed data,T0110,Table 0110 - Population and employment,2025,,10894.273,,,,F,Free (free for publication),2,Two,A,Normal value,3,Thousands,_Z,Not applicable
DATAFLOW,OECD.SDD.NAD:DSD_NAMAIN10@DF_TABLE3_POP_EMPNC(2.0),"Annual population and employment, national concept",I,A,Annual,DNK,Denmark,S1,Total economy,S1,Total economy,POP,Total population,_Z,Not applicable,_Z,Not applicable,_Z,Not applicable,PS,Persons,_Z,Not applicable,N,Non transformed data,T0110,Table 0110 - Population and employment,2025,,6007.784,,,,F,Free (free for publication),2,Two,A,Normal value,3,Thousands,_Z,Not applicable
DATAFLOW,OECD.SDD.NAD:DSD_NAMAIN10@DF_TABLE3_POP_EMPNC(2.0),"Annual population and employment, national concept",I,A,Annual,EST,Estonia,S1,Total economy,S1,Total economy,POP,Total population,_Z,Not applicable,_Z,Not applicable,_Z,Not applicable,PS,Persons,_Z,Not applicable,N,Non transformed data,T0110,Table 0110 - Population and employment,2025,,1369.995,,,,F,Free (free for publication),2,Two,A,Normal value,3,Thousands,_Z,Not applicable
DATAFLOW,OECD.SDD.NAD:DSD_NAMAIN10@DF_TABLE3_POP_EMPNC(2.0),"Annual population and employment, national concept",I,A,Annual,FIN,Finland,S1,Total economy,S1,Total economy,POP,Total population,_Z,Not applicable,_Z,Not applicable,_Z,Not applicable,PS,Persons,_Z,Not applicable,N,Non transformed data,T0110,Table 0110 - Population and employment,2025,,5643.8,,,,F,Free (free for publication),2,Two,A,Normal value,3,Thousands,_Z,Not applicable
DATAFLOW,OECD.SDD.NAD:DSD_NAMAIN10@DF_TABLE3_POP_EMPNC(2.0),"Annual population and employment, national concept",I,A,Annual,IRL,Ireland,S1,Total economy,S1,Total economy,POP,Total population,_Z,Not applicable,_Z,Not applicable,_Z,Not applicable,PS,Persons,_Z,Not applicable,N,Non transformed data,T0110,Table 0110 - Population and employment,2025,,5469.431,,,,F,Free (free for publication),2,Two,A,Normal value,3,Thousands,_Z,Not applicable
DATAFLOW,OECD.SDD.NAD:DSD_NAMAIN10@DF_TABLE3_POP_EMPNC(2.0),"Annual population and employment, national concept",I,A,Annual,JPN,Japan,S1,Total economy,S1,Total economy,POP,Total population,_Z,Not applicable,_Z,Not applicable,_Z,Not applicable,PS,Persons,_Z,Not applicable,N,Non transformed data,T0110,Table 0110 - Population and employment,2025,,123219,,,,F,Free (free for publication),2,Two,A,Normal value,3,Thousands,_Z,Not applicable
DATAFLOW,OECD.SDD.NAD:DSD_NAMAIN10@DF_TABLE3_POP_EMPNC(2.0),"Annual population and employment, national concept",I,A,Annual,LVA,Latvia,S1,Total economy,S1,Total economy,POP,Total population,_Z,Not applicable,_Z,Not applicable,_Z,Not applicable,PS,Persons,_Z,Not applicable,N,Non transformed data,T0110,Table 0110 - Population and employment,2025,,1838.088,,,,F,Free (free for publication),2,Two,A,Normal value,3,Thousands,_Z,Not applicable
DATAFLOW,OECD.SDD.NAD:DSD_NAMAIN10@DF_TABLE3_POP_EMPNC(2.0),"Annual population and employment, national concept",I,A,Annual,LTU,Lithuania,S1,Total economy,S1,Total economy,POP,Total population,_Z,Not applicable,_Z,Not applicable,_Z,Not applicable,PS,Persons,_Z,Not applicable,N,Non transformed data,T0110,Table 0110 - Population and employment,2025,,2888.773,,,,F,Free (free for publication),2,Two,A,Normal value,3,Thousands,_Z,Not applicable
DATAFLOW,OECD.SDD.NAD:DSD_NAMAIN10@DF_TABLE3_POP_EMPNC(2.0),"Annual population and employment, national concept",I,A,Annual,SVK,Slovak Republic,S1,Total economy,S1,Total economy,POP,Total population,_Z,Not applicable,_Z,Not applicable,_Z,Not applicable,PS,Persons,_Z,Not applicable,N,Non transformed data,T0110,Table 0110 - Population and employment,2025,,5456.171,,,,F,Free (free for publication),2,Two,A,Normal value,3,Thousands,_Z,Not applicable
DATAFLOW,OECD.SDD.NAD:DSD_NAMAIN10@DF_TABLE3_POP_EMPNC(2.0),"Annual population and employment, national concept",I,A,Annual,SVN,Slovenia,S1,Total economy,S1,Total economy,POP,Total population,_Z,Not applicable,_Z,Not applicable,_Z,Not applicable,PS,Persons,_Z,Not applicable,N,Non transformed data,T0110,Table 0110 - Population and employment,2025,,2131.957,,,,F,Free (free for publication),2,Two,A,Normal value,3,Thousands,_Z,Not applicable
DATAFLOW,OECD.SDD.NAD:DSD_NAMAIN10@DF_TABLE3_POP_EMPNC(2.0),"Annual population and employment, national concept",I,A,Annual,SWE,Sweden,S1,Total economy,S1,Total economy,POP,Total population,_Z,Not applicable,_Z,Not applicable,_Z,Not applicable,PS,Persons,_Z,Not applicable,N,Non transformed data,T0110,Table 0110 - Population and employment,2025,,10674.11,,,,F,Free (free for publication),2,Two,A,Normal value,3,Thousands,_Z,Not applicable
DATAFLOW,OECD.SDD.NAD:DSD_NAMAIN10@DF_TABLE3_POP_EMPNC(2.0),"Annual population and employment, national concept",I,A,Annual,CHE,Switzerland,S1,Total economy,S1,Total economy,POP,Total population,_Z,Not applicable,_Z,Not applicable,_Z,Not applicable,PS,Persons,_Z,Not applicable,N,Non transformed data,T0110,Table 0110 - Population and employment,2025,,9094.58575,,,,F,Free (free for publication),2,Two,A,Normal value,3,Thousands,_Z,Not applicable
DATAFLOW,OECD.SDD.NAD:DSD_NAMAIN10@DF_TABLE3_POP_EMPNC(2.0),"Annual population and employment, national concept",I,A,Annual,TUR,Türkiye,S1,Total economy,S1,Total economy,POP,Total population,_Z,Not applicable,_Z,Not applicable,_Z,Not applicable,PS,Persons,_Z,Not applicable,N,Non transformed data,T0110,Table 0110 - Population and employment,2025,,88488,,,,F,Free (free for publication),2,Two,A,Normal value,3,Thousands,_Z,Not applicable
DATAFLOW,OECD.SDD.NAD:DSD_NAMAIN10@DF_TABLE3_POP_EMPNC(2.0),"Annual population and employment, national concept",I,A,Annual,GBR,United Kingdom,S1,Total economy,S1,Total economy,POP,Total population,_Z,Not applicable,_Z,Not applicable,_Z,Not applicable,PS,Persons,_Z,Not applicable,N,Non transformed data,T0110,Table 0110 - Population and employment,2025,,69487,,,,F,Free (free for publication),2,Two,A,Normal value,3,Thousands,_Z,Not applicable
DATAFLOW,OECD.SDD.NAD:DSD_NAMAIN10@DF_TABLE3_POP_EMPNC(2.0),"Annual population and employment, national concept",I,A,Annual,USA,United States,S1,Total economy,S1,Total economy,POP,Total population,_Z,Not applicable,_Z,Not applicable,_Z,Not applicable,PS,Persons,_Z,Not applicable,N,Non transformed data,T0110,Table 0110 - Population and employment,2025,,341944,,,,F,Free (free for publication),2,Two,A,Normal value,3,Thousands,_Z,Not applicable
DATAFLOW,OECD.SDD.NAD:DSD_NAMAIN10@DF_TABLE3_POP_EMPNC(2.0),"Annual population and employment, national concept",I,A,Annual,NOR,Norway,S1,Total economy,S1,Total economy,POP,Total population,_Z,Not applicable,_Z,Not applicable,_Z,Not applicable,PS,Persons,_Z,Not applicable,N,Non transformed data,T0110,Table 0110 - Population and employment,2025,,5609,,,,F,Free (free for publication),2,Two,A,Normal value,3,Thousands,_Z,Not applicable
DATAFLOW,OECD.SDD.NAD:DSD_NAMAIN10@DF_TABLE3_POP_EMPNC(2.0),"Annual population and employment, national concept",I,A,Annual,NOR,Norway,S1,Total economy,S1,Total economy,POP,Total population,_Z,Not applicable,_Z,Not applicable,_Z,Not applicable,PS,Persons,_Z,Not applicable,N,Non transformed data,T0110,Table 0110 - Population and employment,1988,,4209,,,,F,Free (free for publication),2,Two,A,Normal value,3,Thousands,_Z,Not applicable
DATAFLOW,OECD.SDD.NAD:DSD_NAMAIN10@DF_TABLE3_POP_EMPNC(2.0),"Annual population and employment, national concept",I,A,Annual,NOR,Norway,S1,Total economy,S1,Total economy,POP,Total population,_Z,Not applicable,_Z,Not applicable,_Z,Not applicable,PS,Persons,_Z,Not applicable,N,Non transformed data,T0110,Table 0110 - Population and employment,1989,,4227,,,,F,Free (free for publication),2,Two,A,Normal value,3,Thousands,_Z,Not applicable
DATAFLOW,OECD.SDD.NAD:DSD_NAMAIN10@DF_TABLE3_POP_EMPNC(2.0),"Annual population and employment, national concept",I,A,Annual,NOR,Norway,S1,Total economy,S1,Total economy,POP,Total population,_Z,Not applicable,_Z,Not applicable,_Z,Not applicable,PS,Persons,_Z,Not applicable,N,Non transformed data,T0110,Table 0110 - Population and employment,1990,,4241,,,,F,Free (free for publication),2,Two,A,Normal value,3,Thousands,_Z,Not applicable
DATAFLOW,OECD.SDD.NAD:DSD_NAMAIN10@DF_TABLE3_POP_EMPNC(2.0),"Annual population and employment, national concept",I,A,Annual,NOR,Norway,S1,Total economy,S1,Total economy,POP,Total population,_Z,Not applicable,_Z,Not applicable,_Z,Not applicable,PS,Persons,_Z,Not applicable,N,Non transformed data,T0110,Table 0110 - Population and employment,1991,,4262,,,,F,Free (free for publication),2,Two,A,Normal value,3,Thousands,_Z,Not applicable
DATAFLOW,OECD.SDD.NAD:DSD_NAMAIN10@DF_TABLE3_POP_EMPNC(2.0),"Annual population and employment, national concept",I,A,Annual,NOR,Norway,S1,Total economy,S1,Total economy,POP,Total population,_Z,Not applicable,_Z,Not applicable,_Z,Not applicable,PS,Persons,_Z,Not applicable,N,Non transformed data,T0110,Table 0110 - Population and employment,1992,,4286,,,,F,Free (free for publication),2,Two,A,Normal value,3,Thousands,_Z,Not applicable
DATAFLOW,OECD.SDD.NAD:DSD_NAMAIN10@DF_TABLE3_POP_EMPNC(2.0),"Annual population and employment, national concept",I,A,Annual,NOR,Norway,S1,Total economy,S1,Total economy,POP,Total population,_Z,Not applicable,_Z,Not applicable,_Z,Not applicable,PS,Persons,_Z,Not applicable,N,Non transformed data,T0110,Table 0110 - Population and employment,1993,,4312,,,,F,Free (free for publication),2,Two,A,Normal value,3,Thousands,_Z,Not applicable
DATAFLOW,OECD.SDD.NAD:DSD_NAMAIN10@DF_TABLE3_POP_EMPNC(2.0),"Annual population and employment, national concept",I,A,Annual,NOR,Norway,S1,Total economy,S1,Total economy,POP,Total population,_Z,Not applicable,_Z,Not applicable,_Z,Not applicable,PS,Persons,_Z,Not applicable,N,Non transformed data,T0110,Table 0110 - Population and employment,1994,,4337,,,,F,Free (free for publication),2,Two,A,Normal value,3,Thousands,_Z,Not applicable
DATAFLOW,OECD.SDD.NAD:DSD_NAMAIN10@DF_TABLE3_POP_EMPNC(2.0),"Annual population and employment, national concept",I,A,Annual,NOR,Norway,S1,Total economy,S1,Total economy,POP,Total population,_Z,Not applicable,_Z,Not applicable,_Z,Not applicable,PS,Persons,_Z,Not applicable,N,Non transformed data,T0110,Table 0110 - Population and employment,1995,,4359,,,,F,Free (free for publication),2,Two,A,Normal value,3,Thousands,_Z,Not applicable
DATAFLOW,OECD.SDD.NAD:DSD_NAMAIN10@DF_TABLE3_POP_EMPNC(2.0),"Annual population and employment, national concept",I,A,Annual,NOR,Norway,S1,Total economy,S1,Total economy,POP,Total population,_Z,Not applicable,_Z,Not applicable,_Z,Not applicable,PS,Persons,_Z,Not applicable,N,Non transformed data,T0110,Table 0110 - Population and employment,1996,,4381,,,,F,Free (free for publication),2,Two,A,Normal value,3,Thousands,_Z,Not applicable
DATAFLOW,OECD.SDD.NAD:DSD_NAMAIN10@DF_TABLE3_POP_EMPNC(2.0),"Annual population and employment, national concept",I,A,Annual,NOR,Norway,S1,Total economy,S1,Total economy,POP,Total population,_Z,Not applicable,_Z,Not applicable,_Z,Not applicable,PS,Persons,_Z,Not applicable,N,Non transformed data,T0110,Table 0110 - Population and employment,1997,,4405,,,,F,Free (free for publication),2,Two,A,Normal value,3,Thousands,_Z,Not applicable
DATAFLOW,OECD.SDD.NAD:DSD_NAMAIN10@DF_TABLE3_POP_EMPNC(2.0),"Annual population and employment, national concept",I,A,Annual,NOR,Norway,S1,Total economy,S1,Total economy,POP,Total population,_Z,Not applicable,_Z,Not applicable,_Z,Not applicable,PS,Persons,_Z,Not applicable,N,Non transformed data,T0110,Table 0110 - Population and employment,1998,,4431,,,,F,Free (free for publication),2,Two,A,Normal value,3,Thousands,_Z,Not applicable
DATAFLOW,OECD.SDD.NAD:DSD_NAMAIN10@DF_TABLE3_POP_EMPNC(2.0),"Annual population and employment, national concept",I,A,Annual,NOR,Norway,S1,Total economy,S1,Total economy,POP,Total population,_Z,Not applicable,_Z,Not applicable,_Z,Not applicable,PS,Persons,_Z,Not applicable,N,Non transformed data,T0110,Table 0110 - Population and employment,1999,,4462,,,,F,Free (free for publication),2,Two,A,Normal value,3,Thousands,_Z,Not applicable
DATAFLOW,OECD.SDD.NAD:DSD_NAMAIN10@DF_TABLE3_POP_EMPNC(2.0),"Annual population and employment, national concept",I,A,Annual,NOR,Norway,S1,Total economy,S1,Total economy,POP,Total population,_Z,Not applicable,_Z,Not applicable,_Z,Not applicable,PS,Persons,_Z,Not applicable,N,Non transformed data,T0110,Table 0110 - Population and employment,2000,,4491,,,,F,Free (free for publication),2,Two,A,Normal value,3,Thousands,_Z,Not applicable
DATAFLOW,OECD.SDD.NAD:DSD_NAMAIN10@DF_TABLE3_POP_EMPNC(2.0),"Annual population and employment, national concept",I,A,Annual,NOR,Norway,S1,Total economy,S1,Total economy,POP,Total population,_Z,Not applicable,_Z,Not applicable,_Z,Not applicable,PS,Persons,_Z,Not applicable,N,Non transformed data,T0110,Table 0110 - Population and employment,2001,,4514,,,,F,Free (free for publication),2,Two,A,Normal value,3,Thousands,_Z,Not applicable
DATAFLOW,OECD.SDD.NAD:DSD_NAMAIN10@DF_TABLE3_POP_EMPNC(2.0),"Annual population and employment, national concept",I,A,Annual,NOR,Norway,S1,Total economy,S1,Total economy,POP,Total population,_Z,Not applicable,_Z,Not applicable,_Z,Not applicable,PS,Persons,_Z,Not applicable,N,Non transformed data,T0110,Table 0110 - Population and employment,2002,,4538,,,,F,Free (free for publication),2,Two,A,Normal value,3,Thousands,_Z,Not applicable
DATAFLOW,OECD.SDD.NAD:DSD_NAMAIN10@DF_TABLE3_POP_EMPNC(2.0),"Annual population and employment, national concept",I,A,Annual,NOR,Norway,S1,Total economy,S1,Total economy,POP,Total population,_Z,Not applicable,_Z,Not applicable,_Z,Not applicable,PS,Persons,_Z,Not applicable,N,Non transformed data,T0110,Table 0110 - Population and employment,2003,,4565,,,,F,Free (free for publication),2,Two,A,Normal value,3,Thousands,_Z,Not applicable
DATAFLOW,OECD.SDD.NAD:DSD_NAMAIN10@DF_TABLE3_POP_EMPNC(2.0),"Annual population and employment, national concept",I,A,Annual,NOR,Norway,S1,Total economy,S1,Total economy,POP,Total population,_Z,Not applicable,_Z,Not applicable,_Z,Not applicable,PS,Persons,_Z,Not applicable,N,Non transformed data,T0110,Table 0110 - Population and employment,2004,,4592,,,,F,Free (free for publication),2,Two,A,Normal value,3,Thousands,_Z,Not applicable
DATAFLOW,OECD.SDD.NAD:DSD_NAMAIN10@DF_TABLE3_POP_EMPNC(2.0),"Annual population and employment, national concept",I,A,Annual,NOR,Norway,S1,Total economy,S1,Total economy,POP,Total population,_Z,Not applicable,_Z,Not applicable,_Z,Not applicable,PS,Persons,_Z,Not applicable,N,Non transformed data,T0110,Table 0110 - Population and employment,2005,,4623,,,,F,Free (free for publication),2,Two,A,Normal value,3,Thousands,_Z,Not applicable
DATAFLOW,OECD.SDD.NAD:DSD_NAMAIN10@DF_TABLE3_POP_EMPNC(2.0),"Annual population and employment, national concept",I,A,Annual,NOR,Norway,S1,Total economy,S1,Total economy,POP,Total population,_Z,Not applicable,_Z,Not applicable,_Z,Not applicable,PS,Persons,_Z,Not applicable,N,Non transformed data,T0110,Table 0110 - Population and employment,2006,,4661,,,,F,Free (free for publication),2,Two,A,Normal value,3,Thousands,_Z,Not applicable
DATAFLOW,OECD.SDD.NAD:DSD_NAMAIN10@DF_TABLE3_POP_EMPNC(2.0),"Annual population and employment, national concept",I,A,Annual,NOR,Norway,S1,Total economy,S1,Total economy,POP,Total population,_Z,Not applicable,_Z,Not applicable,_Z,Not applicable,PS,Persons,_Z,Not applicable,N,Non transformed data,T0110,Table 0110 - Population and employment,2007,,4709,,,,F,Free (free for publication),2,Two,A,Normal value,3,Thousands,_Z,Not applicable
DATAFLOW,OECD.SDD.NAD:DSD_NAMAIN10@DF_TABLE3_POP_EMPNC(2.0),"Annual population and employment, national concept",I,A,Annual,NOR,Norway,S1,Total economy,S1,Total economy,POP,Total population,_Z,Not applicable,_Z,Not applicable,_Z,Not applicable,PS,Persons,_Z,Not applicable,N,Non transformed data,T0110,Table 0110 - Population and employment,2008,,4768,,,,F,Free (free for publication),2,Two,A,Normal value,3,Thousands,_Z,Not applicable
DATAFLOW,OECD.SDD.NAD:DSD_NAMAIN10@DF_TABLE3_POP_EMPNC(2.0),"Annual population and employment, national concept",I,A,Annual,NOR,Norway,S1,Total economy,S1,Total economy,POP,Total population,_Z,Not applicable,_Z,Not applicable,_Z,Not applicable,PS,Persons,_Z,Not applicable,N,Non transformed data,T0110,Table 0110 - Population and employment,2009,,4829,,,,F,Free (free for publication),2,Two,A,Normal value,3,Thousands,_Z,Not applicable
DATAFLOW,OECD.SDD.NAD:DSD_NAMAIN10@DF_TABLE3_POP_EMPNC(2.0),"Annual population and employment, national concept",I,A,Annual,NOR,Norway,S1,Total economy,S1,Total economy,POP,Total population,_Z,Not applicable,_Z,Not applicable,_Z,Not applicable,PS,Persons,_Z,Not applicable,N,Non transformed data,T0110,Table 0110 - Population and employment,2010,,4889,,,,F,Free (free for publication),2,Two,A,Normal value,3,Thousands,_Z,Not applicable
DATAFLOW,OECD.SDD.NAD:DSD_NAMAIN10@DF_TABLE3_POP_EMPNC(2.0),"Annual population and employment, national concept",I,A,Annual,NOR,Norway,S1,Total economy,S1,Total economy,POP,Total population,_Z,Not applicable,_Z,Not applicable,_Z,Not applicable,PS,Persons,_Z,Not applicable,N,Non transformed data,T0110,Table 0110 - Population and employment,2011,,4953,,,,F,Free (free for publication),2,Two,A,Normal value,3,Thousands,_Z,Not applicable
DATAFLOW,OECD.SDD.NAD:DSD_NAMAIN10@DF_TABLE3_POP_EMPNC(2.0),"Annual population and employment, national concept",I,A,Annual,NOR,Norway,S1,Total economy,S1,Total economy,POP,Total population,_Z,Not applicable,_Z,Not applicable,_Z,Not applicable,PS,Persons,_Z,Not applicable,N,Non transformed data,T0110,Table 0110 - Population and employment,2012,,5019,,,,F,Free (free for publication),2,Two,A,Normal value,3,Thousands,_Z,Not applicable
DATAFLOW,OECD.SDD.NAD:DSD_NAMAIN10@DF_TABLE3_POP_EMPNC(2.0),"Annual population and employment, national concept",I,A,Annual,NOR,Norway,S1,Total economy,S1,Total economy,POP,Total population,_Z,Not applicable,_Z,Not applicable,_Z,Not applicable,PS,Persons,_Z,Not applicable,N,Non transformed data,T0110,Table 0110 - Population and employment,2013,,5080,,,,F,Free (free for publication),2,Two,A,Normal value,3,Thousands,_Z,Not applicable
DATAFLOW,OECD.SDD.NAD:DSD_NAMAIN10@DF_TABLE3_POP_EMPNC(2.0),"Annual population and employment, national concept",I,A,Annual,NOR,Norway,S1,Total economy,S1,Total economy,POP,Total population,_Z,Not applicable,_Z,Not applicable,_Z,Not applicable,PS,Persons,_Z,Not applicable,N,Non transformed data,T0110,Table 0110 - Population and employment,2014,,5137,,,,F,Free (free for publication),2,Two,A,Normal value,3,Thousands,_Z,Not applicable
DATAFLOW,OECD.SDD.NAD:DSD_NAMAIN10@DF_TABLE3_POP_EMPNC(2.0),"Annual population and employment, national concept",I,A,Annual,NOR,Norway,S1,Total economy,S1,Total economy,POP,Total population,_Z,Not applicable,_Z,Not applicable,_Z,Not applicable,PS,Persons,_Z,Not applicable,N,Non transformed data,T0110,Table 0110 - Population and employment,2015,,5190,,,,F,Free (free for publication),2,Two,A,Normal value,3,Thousands,_Z,Not applicable
DATAFLOW,OECD.SDD.NAD:DSD_NAMAIN10@DF_TABLE3_POP_EMPNC(2.0),"Annual population and employment, national concept",I,A,Annual,NOR,Norway,S1,Total economy,S1,Total economy,POP,Total population,_Z,Not applicable,_Z,Not applicable,_Z,Not applicable,PS,Persons,_Z,Not applicable,N,Non transformed data,T0110,Table 0110 - Population and employment,2016,,5236,,,,F,Free (free for publication),2,Two,A,Normal value,3,Thousands,_Z,Not applicable
DATAFLOW,OECD.SDD.NAD:DSD_NAMAIN10@DF_TABLE3_POP_EMPNC(2.0),"Annual population and employment, national concept",I,A,Annual,NOR,Norway,S1,Total economy,S1,Total economy,POP,Total population,_Z,Not applicable,_Z,Not applicable,_Z,Not applicable,PS,Persons,_Z,Not applicable,N,Non transformed data,T0110,Table 0110 - Population and employment,2017,,5277,,,,F,Free (free for publication),2,Two,A,Normal value,3,Thousands,_Z,Not applicable
DATAFLOW,OECD.SDD.NAD:DSD_NAMAIN10@DF_TABLE3_POP_EMPNC(2.0),"Annual population and employment, national concept",I,A,Annual,NOR,Norway,S1,Total economy,S1,Total economy,POP,Total population,_Z,Not applicable,_Z,Not applicable,_Z,Not applicable,PS,Persons,_Z,Not applicable,N,Non transformed data,T0110,Table 0110 - Population and employment,2018,,5312,,,,F,Free (free for publication),2,Two,A,Normal value,3,Thousands,_Z,Not applicable
DATAFLOW,OECD.SDD.NAD:DSD_NAMAIN10@DF_TABLE3_POP_EMPNC(2.0),"Annual population and employment, national concept",I,A,Annual,NOR,Norway,S1,Total economy,S1,Total economy,POP,Total population,_Z,Not applicable,_Z,Not applicable,_Z,Not applicable,PS,Persons,_Z,Not applicable,N,Non transformed data,T0110,Table 0110 - Population and employment,2019,,5348,,,,F,Free (free for publication),2,Two,A,Normal value,3,Thousands,_Z,Not applicable
DATAFLOW,OECD.SDD.NAD:DSD_NAMAIN10@DF_TABLE3_POP_EMPNC(2.0),"Annual population and employment, national concept",I,A,Annual,NOR,Norway,S1,Total economy,S1,Total economy,POP,Total population,_Z,Not applicable,_Z,Not applicable,_Z,Not applicable,PS,Persons,_Z,Not applicable,N,Non transformed data,T0110,Table 0110 - Population and employment,2020,,5379,,,,F,Free (free for publication),2,Two,A,Normal value,3,Thousands,_Z,Not applicable
DATAFLOW,OECD.SDD.NAD:DSD_NAMAIN10@DF_TABLE3_POP_EMPNC(2.0),"Annual population and employment, national concept",I,A,Annual,NOR,Norway,S1,Total economy,S1,Total economy,POP,Total population,_Z,Not applicable,_Z,Not applicable,_Z,Not applicable,PS,Persons,_Z,Not applicable,N,Non transformed data,T0110,Table 0110 - Population and employment,2021,,5408,,,,F,Free (free for publication),2,Two,A,Normal value,3,Thousands,_Z,Not applicable
DATAFLOW,OECD.SDD.NAD:DSD_NAMAIN10@DF_TABLE3_POP_EMPNC(2.0),"Annual population and employment, national concept",I,A,Annual,NOR,Norway,S1,Total economy,S1,Total economy,POP,Total population,_Z,Not applicable,_Z,Not applicable,_Z,Not applicable,PS,Persons,_Z,Not applicable,N,Non transformed data,T0110,Table 0110 - Population and employment,2022,,5457,,,,F,Free (free for publication),2,Two,A,Normal value,3,Thousands,_Z,Not applicable
DATAFLOW,OECD.SDD.NAD:DSD_NAMAIN10@DF_TABLE3_POP_EMPNC(2.0),"Annual population and employment, national concept",I,A,Annual,NOR,Norway,S1,Total economy,S1,Total economy,POP,Total population,_Z,Not applicable,_Z,Not applicable,_Z,Not applicable,PS,Persons,_Z,Not applicable,N,Non transformed data,T0110,Table 0110 - Population and employment,2023,,5520,,,,F,Free (free for publication),2,Two,A,Normal value,3,Thousands,_Z,Not applicable
DATAFLOW,OECD.SDD.NAD:DSD_NAMAIN10@DF_TABLE3_POP_EMPNC(2.0),"Annual population and employment, national concept",I,A,Annual,NOR,Norway,S1,Total economy,S1,Total economy,POP,Total population,_Z,Not applicable,_Z,Not applicable,_Z,Not applicable,PS,Persons,_Z,Not applicable,N,Non transformed data,T0110,Table 0110 - Population and employment,2024,,5572,,,,F,Free (free for publication),2,Two,A,Normal value,3,Thousands,_Z,Not applicable
