"","iso","country","year","gdp_usd_ppp","gni_usd_ppp","cons_usd_ppp","gdp_b3_adj","acons_b4_adj","pop_c4_adj","d_log_gdp_ppp","d_log_gni_ppp","d_log_cons_ppp","d_log_acons_b4","d_log_gdp_b3","agg_d_log_gdp_ppp","agg_d_log_gni_ppp","agg_d_log_cons_ppp","agg_d_log_acons_b4","agg_d_log_gdp_b3","dev_gdp_ppp","dev_gni_ppp","dev_cons_ppp","dev_acons_b4","dev_gdp_b3"
"1","AUS","Australia",1992,373830534351.145,356909160305.344,302869230769.231,3.728e+11,2.673e+11,17587000,NA,NA,NA,NA,NA,NA,NA,NA,NA,NA,NA,NA,NA,NA,NA
"2","AUT","Austria",1992,189736323851.203,188836980306.346,154849486887.115,1.897e+11,1.395e+11,7841000,NA,NA,NA,NA,NA,NA,NA,NA,NA,NA,NA,NA,NA,NA,NA
"3","BEL","Belgium",1992,224634093376.764,229597176981.542,179967670011.148,2.246e+11,1.609e+11,10047000,NA,NA,NA,NA,NA,NA,NA,NA,NA,NA,NA,NA,NA,NA,NA
"4","CAN","Canada",1992,638468292682.927,615566666666.667,534995041322.314,6.367e+11,4.69e+11,28367000,NA,NA,NA,NA,NA,NA,NA,NA,NA,NA,NA,NA,NA,NA,NA
"5","CHE","Switzerland",1992,195474210526.316,198914210526.316,140489528795.812,1.958e+11,1.292e+11,6943000,NA,NA,NA,NA,NA,NA,NA,NA,NA,NA,NA,NA,NA,NA,NA
"6","DEU","Germany",1992,1837747196738.02,1856918450560.65,1516609257265.88,1.8374e+12,1.3436e+12,80594000,NA,NA,NA,NA,NA,NA,NA,NA,NA,NA,NA,NA,NA,NA,NA
"7","DNK","Denmark",1992,122923305588.585,116978478002.378,97065110565.1106,1.23e+11,8.62e+10,5171000,NA,NA,NA,NA,NA,NA,NA,NA,NA,NA,NA,NA,NA,NA,NA
"8","ESP","Spain",1992,653148247978.437,649204417479.918,540008450704.225,6.531e+11,4.88e+11,39011000,NA,NA,NA,NA,NA,NA,NA,NA,NA,NA,NA,NA,NA,NA,NA
"9","FIN","Finland",1992,99402451481.1032,95178753830.4392,76146221786.0648,9.94e+10,6.72e+10,5042000,NA,NA,NA,NA,NA,NA,NA,NA,NA,NA,NA,NA,NA,NA,NA
"10","FRA","France",1992,1322267759562.84,1322069945355.19,1102230681818.18,1.3223e+12,9.645e+11,58754000,NA,NA,NA,NA,NA,NA,NA,NA,NA,NA,NA,NA,NA,NA,NA
"11","GBR","United Kingdom",1992,1170158227848.1,1160159810126.58,1049304777594.73,1.1694e+12,9.36e+11,57563000,NA,NA,NA,NA,NA,NA,NA,NA,NA,NA,NA,NA,NA,NA,NA
"12","GRC","Greece",1992,146549707602.339,151586131766.255,131102102102.102,1.465e+11,1.17e+11,10500000,NA,NA,NA,NA,NA,NA,NA,NA,NA,NA,NA,NA,NA,NA,NA
"13","IRL","Ireland",1992,56921301154.2497,53107030430.2204,42746509129.9678,5.69e+10,3.85e+10,3555000,NA,NA,NA,NA,NA,NA,NA,NA,NA,NA,NA,NA,NA,NA,NA
"14","ISL","Iceland",1992,5933413461.53846,5820865384.61539,5038435960.59113,5.9e+09,4.4e+09,261000,NA,NA,NA,NA,NA,NA,NA,NA,NA,NA,NA,NA,NA,NA,NA
"15","ITA","Italy",1992,1259142326732.67,1263006188118.81,1046272271016.31,1.2595e+12,9.462e+11,56859000,NA,NA,NA,NA,NA,NA,NA,NA,NA,NA,NA,NA,NA,NA,NA
"16","JPN","Japan",1992,2980389677419.35,3034169677419.35,2019322500000,2.9884e+12,1.8406e+12,124320000,NA,NA,NA,NA,NA,NA,NA,NA,NA,NA,NA,NA,NA,NA,NA
"17","MEX","Mexico",1992,689783333333.333,666446568627.451,604976736111.111,6.898e+11,5.614e+11,86238000,NA,NA,NA,NA,NA,NA,NA,NA,NA,NA,NA,NA,NA,NA,NA
"18","NLD","Netherlands",1992,339366486486.486,337715675675.676,271748558246.828,3.395e+11,2.284e+11,15182000,NA,NA,NA,NA,NA,NA,NA,NA,NA,NA,NA,NA,NA,NA,NA
"19","NOR","Norway",1992,121080244173.141,118402935218.408,77225824175.8242,1.211e+11,6.67e+10,4286000,NA,NA,NA,NA,NA,NA,NA,NA,NA,NA,NA,NA,NA,NA,NA
"20","NZL","New Zealand",1992,59755862068.9655,55277241379.3103,49137857142.8571,5.99e+10,4.35e+10,3552000,NA,NA,NA,NA,NA,NA,NA,NA,NA,NA,NA,NA,NA,NA,NA
"21","PRT","Portugal",1992,142676923076.923,141859184623.337,121337042925.278,1.426e+11,1.102e+11,9963000,NA,NA,NA,NA,NA,NA,NA,NA,NA,NA,NA,NA,NA,NA,NA
"22","SWE","Sweden",1992,191632752992.383,191552121871.6,166986592178.771,1.916e+11,1.491e+11,8668000,NA,NA,NA,NA,NA,NA,NA,NA,NA,NA,NA,NA,NA,NA,NA
"23","TUR","Türkiye",1992,346055166381.245,349295216152.452,299884616398.083,3.461e+11,2.676e+11,58401000,NA,NA,NA,NA,NA,NA,NA,NA,NA,NA,NA,NA,NA,NA,NA
"24","USA","United States",1992,7.2762e+12,7.1707e+12,6.2289e+12,7.2762e+12,5.4282e+12,256922000,NA,NA,NA,NA,NA,NA,NA,NA,NA,NA,NA,NA,NA,NA,NA
"25","AUS","Australia",1993,388396946564.885,368633587786.26,308720769230.769,3.874e+11,2.736e+11,17766000,0.0280987712016039,0.0221953416051139,0.00900955257925595,0.0131690370102397,0.0282891425681768,0.00323274742342328,0.00204473197281985,0.00513431408923282,0.00723432485974307,0.00322113700428517,0.0248660237781806,0.0201506096322941,0.00387523849002314,0.00593471215049668,0.0250680055638917
"26","AUT","Austria",1993,190368708971.554,189176148796.499,155677309007.982,1.904e+11,1.401e+11,7906000,-0.00492816152391917,-0.00646110719603143,-0.00292384754477837,-0.0039637355441684,-0.00457234220941238,0.00323274742342328,0.00204473197281985,0.00513431408923282,0.00723432485974307,0.00322113700428517,-0.00816090894734245,-0.00850583916885128,-0.00805816163401119,-0.0111980604039115,-0.00779347921369755
"27","BEL","Belgium",1993,222473398479.913,232019543973.941,179303232998.885,2.224e+11,1.602e+11,10086000,-0.0135395308722348,0.00662099921758319,-0.00757305320851565,-0.00823426053843512,-0.013717721102271,0.00323274742342328,0.00204473197281985,0.00513431408923282,0.00723432485974307,0.00322113700428517,-0.0167722782956581,0.00457626724476334,-0.0127073672977485,-0.0154685853981782,-0.0169388581065562
"28","CAN","Canada",1993,653440650406.504,631236585365.854,541771074380.165,6.516e+11,4.774e+11,28682000,0.0121364451417083,0.0140942260909434,0.00154281134299872,0.00670869487492354,0.012089039121383,0.00323274742342328,0.00204473197281985,0.00513431408923282,0.00723432485974307,0.00322113700428517,0.00890369771828503,0.0120494941181235,-0.0035915027462341,-0.000525629984819531,0.00886790211709787
"29","CHE","Switzerland",1993,195025789473.684,201652631578.947,139614659685.864,1.953e+11,1.285e+11,6989000,-0.00890017845105362,0.00706941585061216,-0.0128502876853265,-0.0120362137370815,-0.00916041893763264,0.00323274742342328,0.00204473197281985,0.00513431408923282,0.00723432485974307,0.00322113700428517,-0.0121329258744769,0.00502468387779231,-0.0179846017745593,-0.0192705385968246,-0.0123815559419178
"30","DEU","Germany",1993,1817783893985.73,1842973496432.21,1518313240043.06,1.8174e+12,1.3462e+12,81179000,-0.0181547413744472,-0.014770456849142,-0.00610947102612158,-0.00529915813708826,-0.0181770085516817,0.00323274742342328,0.00204473197281985,0.00513431408923282,0.00723432485974307,0.00322113700428517,-0.0213874887978704,-0.0168151888219619,-0.0112437851153544,-0.0125334829968313,-0.0213981455559669
"31","DNK","Denmark",1993,122921640903.686,117927942925.089,98729484029.484,1.23e+11,8.77e+10,5189000,-0.00348844953094662,0.00460890861285002,0.0135267223019664,0.0137768147369712,-0.00347490697151898,0.00323274742342328,0.00204473197281985,0.00513431408923282,0.00723432485974307,0.00322113700428517,-0.0067211969543699,0.00256417664003017,0.00839240821273357,0.00654248987722816,-0.00669604397580414
"32","ESP","Spain",1993,646411051212.938,645083509839.7,535245070422.535,6.463e+11,4.818e+11,39096000,-0.0125450282203285,-0.00854436140553716,-0.0110365736457112,-0.0149628179975174,-0.0126429669649024,0.00323274742342328,0.00204473197281985,0.00513431408923282,0.00723432485974307,0.00322113700428517,-0.0157777756437518,-0.010589093378357,-0.016170887734944,-0.0221971428572605,-0.0158641039691876
"33","FIN","Finland",1993,98167517875.383,93009193054.1369,73153091265.947,9.82e+10,6.43e+10,5066000,-0.0172501135174485,-0.0278071273416387,-0.0448497996599784,-0.0488623390992853,-0.0168946211158634,0.00323274742342328,0.00204473197281985,0.00513431408923282,0.00723432485974307,0.00322113700428517,-0.0204828609408718,-0.0298518593144586,-0.0499841137492112,-0.0560966639590283,-0.0201157581201485
"34","FRA","France",1993,1310536612021.86,1316579234972.68,1113930681818.18,1.3106e+12,9.696e+11,5.9e+07,-0.0130897894502642,-0.0083399726414477,0.00638068792881441,0.00109557487651202,-0.0130658050501342,0.00323274742342328,0.00204473197281985,0.00513431408923282,0.00723432485974307,0.00322113700428517,-0.0163225368736875,-0.0103847046142675,0.00124637383958159,-0.00613874998323105,-0.0162869420544194
"35","GBR","United Kingdom",1993,1197447784810.13,1185914556962.03,1070228995057.66,1.1966e+12,9.617e+11,57672000,0.0211616817966753,0.0200647050530431,0.0178530244378159,0.0251952883270086,0.0211016183005253,0.00323274742342328,0.00204473197281985,0.00513431408923282,0.00723432485974307,0.00322113700428517,0.017928934373252,0.0180199730802233,0.0127187103485831,0.0179609634672655,0.0178804812962401
"36","GRC","Greece",1993,144206140350.877,148678679814.307,130843843843.844,1.441e+11,1.161e+11,10558000,-0.0216294750574786,-0.0248751331341737,-0.00748045378018602,-0.0132306553318582,-0.0220265346895925,0.00323274742342328,0.00204473197281985,0.00513431408923282,0.00723432485974307,0.00322113700428517,-0.0248622224809019,-0.0269198651069935,-0.0126147678694188,-0.0204649801916013,-0.0252476716938776
"37","IRL","Ireland",1993,58454354669.4649,55580272822.6653,43701396348.0129,5.84e+10,3.97e+10,3574000,0.0212462018212509,0.0401886601688108,0.0167621668827387,0.0253625929173733,0.0206901952198635,0.00323274742342328,0.00204473197281985,0.00513431408923282,0.00723432485974307,0.00322113700428517,0.0180134543978276,0.038143928195991,0.0116278527935059,0.0181282680576302,0.0174690582155783
"38","ISL","Iceland",1993,5980444711.53846,5780733173.07692,4893423645.3202,6e+09,4.2e+09,264000,-0.00353343744054335,-0.018347116835109,-0.040632213990456,-0.0579487114585149,0.00537842249275755,0.00323274742342328,0.00204473197281985,0.00513431408923282,0.00723432485974307,0.00322113700428517,-0.00676618486396663,-0.0203918488079289,-0.0457665280796888,-0.065183036318258,0.00215728548847238
"39","ITA","Italy",1993,1248014851485.15,1242007425742.57,1016499372647.43,1.2483e+12,9.143e+11,57049000,-0.0122126546708543,-0.0201018092024174,-0.0322049208515924,-0.0376312466850663,-0.0122682197940591,0.00323274742342328,0.00204473197281985,0.00513431408923282,0.00723432485974307,0.00322113700428517,-0.0154454020942776,-0.0221465411752373,-0.0373392349408252,-0.0448655715448094,-0.0154893567983443
"40","JPN","Japan",1993,2987768387096.77,3046663870967.74,2.05364e+12,2.9958e+12,1.8698e+12,124670000,-0.000338666032977386,0.00129801475243951,0.0140404095217477,0.0129285081149124,-0.00033817910457401,0.00323274742342328,0.00204473197281985,0.00513431408923282,0.00723432485974307,0.00322113700428517,-0.00357141345640066,-0.000746717220380333,0.00890609543251486,0.00569418325516935,-0.00355931610885918
"41","MEX","Mexico",1993,703237745098.039,679262745098.039,614591319444.444,7.033e+11,5.71e+11,87797000,0.00140106680884777,0.00113162661682864,-0.00214889459197565,-0.000960869967014943,0.00146542711599018,0.00323274742342328,0.00204473197281985,0.00513431408923282,0.00723432485974307,0.00322113700428517,-0.0018316806145755,-0.000913105355991206,-0.00728320868120846,-0.00819519482675801,-0.00175570988829499
"42","NLD","Netherlands",1993,341577297297.297,342181621621.622,273750865051.903,3.417e+11,2.3e+11,15290000,-0.000595109057266896,0.00604880387518492,0.000252716238485107,-0.000107673205054226,-0.000629292223898403,0.00323274742342328,0.00204473197281985,0.00513431408923282,0.00723432485974307,0.00322113700428517,-0.00382785648069017,0.00400407190236507,-0.00488159785074771,-0.0073419980647973,-0.00385042922818357
"43","NOR","Norway",1993,124380022197.558,121418414787.643,79148241758.2418,1.244e+11,6.84e+10,4312000,0.0208401368080526,0.019101104611547,0.0185407243345015,0.0191199351516165,0.0208375931907216,0.00323274742342328,0.00204473197281985,0.00513431408923282,0.00723432485974307,0.00322113700428517,0.0176073893846294,0.0170563726387272,0.0134064102452687,0.0118856102918734,0.0176164561864365
"44","NZL","New Zealand",1993,63608965517.2414,58635172413.7931,50741428571.4286,6.38e+10,4.52e+10,3598000,0.0496198213249315,0.0461061424444615,0.0192456391590756,0.0254688383451285,0.0502093748309225,0.00323274742342328,0.00204473197281985,0.00513431408923282,0.00723432485974307,0.00322113700428517,0.0463870739015082,0.0440614104716417,0.0141113250698428,0.0182345134853854,0.0469882378266373
"45","PRT","Portugal",1993,139761538461.538,139074719795.07,122314785373.609,1.397e+11,1.112e+11,9974000,-0.0217485974701219,-0.0209270428790198,0.00692230156941243,0.00793000903645513,-0.0216497177784909,0.00323274742342328,0.00204473197281985,0.00513431408923282,0.00723432485974307,0.00322113700428517,-0.0249813448935452,-0.0229717748518397,0.00178798748017961,0.000695684176712064,-0.0248708547827761
"46","SWE","Sweden",1993,187809140369.967,184232970620.239,163317653631.285,1.878e+11,1.438e+11,8719000,-0.0260210279792314,-0.0448253158350695,-0.0280828919578973,-0.0420602452553105,-0.025898767534164,0.00323274742342328,0.00204473197281985,0.00513431408923282,0.00723432485974307,0.00322113700428517,-0.0292537754026547,-0.0468700478078894,-0.0332172060471301,-0.0492945701150536,-0.0291199045384491
"47","TUR","Türkiye",1993,373884990994.449,376800810482.24,325633623561.563,3.739e+11,2.905e+11,59491000,0.0588580090256059,0.0573072098380507,0.0638830789647375,0.0636182204067843,0.0587686037106625,0.00323274742342328,0.00204473197281985,0.00513431408923282,0.00723432485974307,0.00322113700428517,0.0556252616021826,0.0552624778652309,0.0587487648755047,0.0563838955470413,0.0555474667063773
"48","USA","United States",1993,7.472e+12,7.3293e+12,6.383e+12,7.472e+12,5.6001e+12,260282000,0.013560831271695,0.00888361278265037,0.0114453323258363,0.0181837457007266,0.013560831271695,0.00323274742342328,0.00204473197281985,0.00513431408923282,0.00723432485974307,0.00322113700428517,0.0103280838482718,0.00683888080983053,0.00631101823660352,0.0109494208409835,0.0103396942674099
"49","AUS","Australia",1994,404749618320.611,382636641221.374,322629230769.231,4.037e+11,2.871e+11,17961000,0.0303245524802875,0.0263664354887503,0.033150340366424,0.0372471791148072,0.0302980546221843,0.0214175757857955,0.0199756794452508,0.0145891671977143,0.0176877581047989,0.021396708115585,0.00890697669449203,0.00639075604349948,0.0185611731687096,0.0195594210100083,0.00890134650659924
"50","AUT","Austria",1994,195434354485.777,193958424507.659,160477765108.324,1.954e+11,1.446e+11,7936000,0.0224743700336951,0.0211778390990798,0.0265826598322594,0.027827451273625,0.0221342121433405,0.0214175757857955,0.0199756794452508,0.0145891671977143,0.0176877581047989,0.021396708115585,0.00105679424789962,0.00120215965382897,0.0119934926345451,0.010139693168826,0.00073750402775552
"51","BEL","Belgium",1994,229652551574.376,240877307274.701,183079152731.327,2.296e+11,1.641e+11,10116000,0.0287899792010364,0.0344960908724321,0.0178701710863152,0.0210829583086021,0.0288910969157978,0.0214175757857955,0.0199756794452508,0.0145891671977143,0.0176877581047989,0.021396708115585,0.00737240341524092,0.0145204114271813,0.00328100388860086,0.00339520020380313,0.0074943888002128
"52","CAN","Canada",1994,684872357723.577,660458536585.366,551298347107.438,6.829e+11,4.917e+11,28999000,0.0359891725895807,0.0342620184093381,0.00644098886908395,0.0185224621868763,0.0359259609128646,0.0214175757857955,0.0199756794452508,0.0145891671977143,0.0176877581047989,0.021396708115585,0.0145715968037852,0.0142863389640873,-0.00814817832863035,0.000834704082077309,0.0145292527972796
"53","CHE","Switzerland",1994,197105789473.684,205165263157.895,141219371727.749,1.974e+11,1.297e+11,7037000,0.00376432498866563,0.0104247861564097,0.00458385380756532,0.00245072849770267,0.0038508306273286,0.0214175757857955,0.0199756794452508,0.0145891671977143,0.0176877581047989,0.021396708115585,-0.0176532507971299,-0.00955089328884107,-0.010005313390149,-0.0152370296070963,-0.0175458774882564
"54","DEU","Germany",1994,1860441386340.47,1872109072375.13,1539655543595.26,1.8601e+12,1.3682e+12,81422000,0.0202067318297257,0.0126964298651568,0.0109697965088582,0.0132212850178313,0.0202344277092035,0.0214175757857955,0.0199756794452508,0.0145891671977143,0.0176877581047989,0.021396708115585,-0.00121084395606985,-0.00727924958009396,-0.00361937068885609,-0.00446647308696768,-0.00116228040638156
"55","DNK","Denmark",1994,129640546967.895,124466944114.15,103935012285.012,1.297e+11,9.21e+10,5206000,0.0499477046706982,0.0506955805770435,0.0481113902262962,0.0456822376963526,0.0497689297632107,0.0214175757857955,0.0199756794452508,0.0145891671977143,0.0176877581047989,0.021396708115585,0.0285301288849027,0.0307199011317927,0.0335222230285819,0.0279944795915537,0.0283722216476257
"56","ESP","Spain",1994,661816711590.297,651831023614.133,540369014084.507,6.617e+11,4.866e+11,39166000,0.0217641797495141,0.00861671753989235,0.0077386844959868,0.00812447664186067,0.0217596252223728,0.0214175757857955,0.0199756794452508,0.0145891671977143,0.0176877581047989,0.021396708115585,0.00034660396371855,-0.0113589619053585,-0.0068504827017275,-0.00956328146293828,0.000362917106787819
"57","FIN","Finland",1994,102030643513.79,98422880490.2962,74561334641.8057,1.02e+11,6.56e+10,5089000,0.0340680133013311,0.0520451679966705,0.0145378885807546,0.0154862686792576,0.033436801896638,0.0214175757857955,0.0199756794452508,0.0145891671977143,0.0176877581047989,0.021396708115585,0.0126504375155356,0.0320694885514197,-5.1278616959749e-05,-0.00220148942554133,0.012040093781053
"58","FRA","France",1994,1337612021857.92,1338202185792.35,1125543181818.18,1.3376e+12,9.827e+11,59210000,0.0168962674667412,0.0127371738878264,0.00681782978784362,0.00986726741536614,0.0168389130870761,0.0214175757857955,0.0199756794452508,0.0145891671977143,0.0176877581047989,0.021396708115585,-0.00452130831905428,-0.00723850555742445,-0.00777133740987068,-0.0078204906894328,-0.00455779502850895
"59","GBR","United Kingdom",1994,1250446202531.65,1241150316455.7,1097980230642.5,1.2496e+12,9.881e+11,57797000,0.0411429196754618,0.0433592850924143,0.0234346142824222,0.0249162713676263,0.0411742140146352,0.0214175757857955,0.0199756794452508,0.0145891671977143,0.0176877581047989,0.021396708115585,0.0197253438896663,0.0233836056471635,0.00884544708470791,0.00722851326282736,0.0197775058990501
"60","GRC","Greece",1994,147089181286.55,151703897543.289,132698198198.198,1.47e+11,1.183e+11,10606000,0.0152592598029244,0.0156071001386948,0.0095367704835656,0.0142358699669813,0.0153890714597473,0.0214175757857955,0.0199756794452508,0.0145891671977143,0.0176877581047989,0.021396708115585,-0.00615831598287109,-0.00436857930655599,-0.0050523967141487,-0.0034518881378176,-0.0060076366558377
"61","IRL","Ireland",1994,61818467995.8027,58253934942.2875,45583243823.8453,6.18e+10,4.15e+10,3586000,0.0526040086447264,0.0436313514253435,0.0388081759064427,0.0409902810978036,0.0532355161837597,0.0214175757857955,0.0199756794452508,0.0145891671977143,0.0176877581047989,0.021396708115585,0.0311864328589309,0.0236556719800927,0.0242190087087284,0.0233025229930046,0.0318388080681746
"62","ISL","Iceland",1994,6221550480.76923,5978497596.15385,5049667487.68473,6.2e+09,4.4e+09,266000,0.0319770118123177,0.0260915714671714,0.0238830009851938,0.0389728099995104,0.0252426171876081,0.0214175757857955,0.0199756794452508,0.0145891671977143,0.0176877581047989,0.021396708115585,0.0105594360265222,0.00611589202192064,0.0092938337874795,0.0212850518947114,0.00384590907202309
"63","ITA","Italy",1994,1275564356435.64,1265335396039.6,1026223337515.68,1.2759e+12,9.226e+11,57204000,0.0191212647311367,0.015894981554343,0.00680738569390371,0.00632374761332244,0.019155907930676,0.0214175757857955,0.0199756794452508,0.0145891671977143,0.0176877581047989,0.021396708115585,-0.00229631105465877,-0.00408069789090781,-0.00778178150381059,-0.0113640104914765,-0.00224080018490902
"64","JPN","Japan",1994,3020592903225.81,3080944516129.03,2111136250000,3.0287e+12,1.9196e+12,124960000,0.00860294804673423,0.00886559214888649,0.0252890415445943,0.0239619179923825,0.00859873706477288,0.0214175757857955,0.0199756794452508,0.0145891671977143,0.0176877581047989,0.021396708115585,-0.0128146277390613,-0.0111100872963643,0.01069987434688,0.00627415988758351,-0.0127979710508122
"65","MEX","Mexico",1994,734287908496.732,709933333333.333,641335069444.444,7.343e+11,5.962e+11,89352000,0.0256498827462188,0.0266067635503582,0.0250382301558254,0.0256306778418285,0.0255778273974574,0.0214175757857955,0.0199756794452508,0.0145891671977143,0.0176877581047989,0.021396708115585,0.00423230696042332,0.00663108410510738,0.0104490629581111,0.00794291973702954,0.00418111928187237
"66","NLD","Netherlands",1994,351362162162.162,354971891891.892,277703575547.866,3.515e+11,2.336e+11,15381000,0.0223095312248223,0.0307629935679667,0.0084018671459738,0.00959698050217384,0.0223425906007702,0.0214175757857955,0.0199756794452508,0.0145891671977143,0.0176877581047989,0.021396708115585,0.000891955439026759,0.0107873141227159,-0.00618730005174051,-0.00809077760262511,0.000945882485185123
"67","NOR","Norway",1994,130917758046.615,128606113269.712,81323076923.0769,1.309e+11,7.04e+10,4337000,0.0454467194926824,0.0517307625111609,0.0213262219879979,0.0230394072889588,0.0451504613642424,0.0214175757857955,0.0199756794452508,0.0145891671977143,0.0176877581047989,0.021396708115585,0.0240291437068869,0.0317550830659101,0.00673705479028364,0.00535164918415987,0.0237537532486574
"68","NZL","New Zealand",1994,66975172413.7931,62003448275.8621,53244285714.2857,6.72e+10,4.78e+10,3648000,0.0377666253810212,0.0420543358000174,0.0343468431045171,0.0421276159754829,0.038119120494617,0.0214175757857955,0.0199756794452508,0.0145891671977143,0.0176877581047989,0.021396708115585,0.0163490495952257,0.0220786563547666,0.0197576759068028,0.0244398578706839,0.0167224123790319
"69","PRT","Portugal",1994,141110769230.769,139822774272.886,124456279809.221,1.41e+11,1.129e+11,9998000,0.0072041398251006,0.00296101558162931,0.0149531924811548,0.0127687234716873,0.00685925824780398,0.0214175757857955,0.0199756794452508,0.0145891671977143,0.0176877581047989,0.021396708115585,-0.0142134359606949,-0.0170146638636215,0.000364025283440483,-0.00491903463311161,-0.014537449867781
"70","SWE","Sweden",1994,195631011969.532,194929815016.322,164788268156.425,1.956e+11,1.452e+11,8781000,0.0337183126462612,0.049352725451536,0.0018785829853325,0.00260291317156813,0.0336084468943749,0.0214175757857955,0.0199756794452508,0.0145891671977143,0.0176877581047989,0.021396708115585,0.0123007368604657,0.0293770460062852,-0.0127105842123818,-0.0150848449332308,0.0122117387787899
"71","TUR","Türkiye",1994,353487085892.288,355266569892.296,308054209815.06,3.535e+11,2.749e+11,60573000,-0.0741254955033774,-0.0768724934959497,-0.0735213305140725,-0.0732203897507535,-0.0741291052764286,0.0214175757857955,0.0199756794452508,0.0145891671977143,0.0176877581047989,0.021396708115585,-0.0955430712891729,-0.0968481729412005,-0.0881104977117868,-0.0909081478555525,-0.0955258133920136
"72","USA","United States",1994,7.7755e+12,7.6228e+12,6.5751e+12,7.7755e+12,5.8024e+12,263455000,0.0276981469739734,0.0271468261086198,0.017534664020987,0.0233702535638027,0.0276981469739734,0.0214175757857955,0.0199756794452508,0.0145891671977143,0.0176877581047989,0.021396708115585,0.00628057118817793,0.00717114666336904,0.00294549682327272,0.00568249545900379,0.00630143885838841
"73","AUS","Australia",1995,422021374045.802,401103816793.893,335180769230.769,4.209e+11,2.981e+11,18195000,0.0288432221412549,0.034190376668418,0.02522213394513,0.02465432310421,0.0287791574648306,0.0146545669932578,0.0167159026835701,0.00827090452898283,0.00995182223928381,0.0146566084466695,0.0141886551479971,0.0174744739848478,0.0169512294161471,0.0147025008649262,0.0141225490181611
"74","AUT","Austria",1995,199166301969.365,196912472647.702,162217787913.341,1.992e+11,1.453e+11,7948000,0.0174046689563792,0.0136045445844122,0.00927344968222776,0.00331830614457473,0.0177496508348156,0.0146545669932578,0.0167159026835701,0.00827090452898283,0.00995182223928381,0.0146566084466695,0.00275010196312131,-0.00311135809915797,0.00100254515324494,-0.00663351609470908,0.00309304238814612
"75","BEL","Belgium",1995,235129207383.279,245953311617.807,185928651059.086,2.35e+11,1.667e+11,10137000,0.0214938926896604,0.0187802547450495,0.0133706481578084,0.0136460240681586,0.0211730821062037,0.0146545669932578,0.0167159026835701,0.00827090452898283,0.00995182223928381,0.0146566084466695,0.00683932569640255,0.00206435206147937,0.00509974362882559,0.00369420182887481,0.00651647365953423
"76","CAN","Canada",1995,703932520325.203,679413008130.081,558390082644.628,7.019e+11,4.994e+11,29302000,0.0170555914980905,0.0179004294005942,0.00238723711920663,0.00514417698196645,0.0170480813235194,0.0146545669932578,0.0167159026835701,0.00827090452898283,0.00995182223928381,0.0146566084466695,0.0024010245048327,0.00118452671702407,-0.00588366740977619,-0.00480764525731736,0.00239147287684993
"77","CHE","Switzerland",1995,197853157894.737,209357894736.842,142236649214.66,1.982e+11,1.307e+11,7081000,-0.00244865593442434,0.0139961886670896,0.000944507349862178,0.00144733162255406,-0.00218870278871819,0.0146545669932578,0.0167159026835701,0.00827090452898283,0.00995182223928381,0.0146566084466695,-0.0171032229276822,-0.00271971401648052,-0.00732639717912065,-0.00850449061672975,-0.0168453112353877
"78","DEU","Germany",1995,1892592252803.26,1907376146788.99,1569208826695.37,1.8922e+12,1.3985e+12,81661000,0.0142026626601606,0.0157318860015323,0.0160818169339727,0.0189732013633765,0.0141788986157003,0.0146545669932578,0.0167159026835701,0.00827090452898283,0.00995182223928381,0.0146566084466695,-0.000451904333097275,-0.000984016682037847,0.00781091240498988,0.00902137912409273,-0.000477709830969175
"79","DNK","Denmark",1995,133209274673.008,128494530321.046,105529361179.361,1.332e+11,9.36e+10,5230000,0.0225563164614986,0.0272466948022263,0.0106239257632073,0.0115559687178273,0.0220281952794323,0.0146545669932578,0.0167159026835701,0.00827090452898283,0.00995182223928381,0.0146566084466695,0.00790174946824074,0.0105307921186562,0.00235302123422443,0.00160414647854346,0.00737158683276284
"80","ESP","Spain",1995,680066037735.849,682707547169.811,550528169014.084,6.8e+11,4.955e+11,39223000,0.0257469749464239,0.0448269312124303,0.0171715732002866,0.016670637486472,0.0258262312179891,0.0146545669932578,0.0167159026835701,0.00827090452898283,0.00995182223928381,0.0146566084466695,0.011092407953166,0.0281110285288602,0.00890066867130379,0.0067188152471882,0.0111696227713196
"81","FIN","Finland",1995,105546475995.914,104046986721.144,77098135426.8891,1.056e+11,6.81e+10,5108000,0.0301516013432774,0.0518426996083043,0.0297304354296752,0.0336749266418259,0.0309589674242936,0.0146545669932578,0.0167159026835701,0.00827090452898283,0.00995182223928381,0.0146566084466695,0.0154970343500196,0.0351267969247342,0.0214595309006924,0.0237231044025421,0.0163023589776241
"82","FRA","France",1995,1359951912568.31,1359016393442.62,1134898863636.36,1.36e+12,9.936e+11,59419000,0.0130397957774768,0.0119105432215001,0.00475419862087634,0.00750723181205792,0.013084142400885,0.0146545669932578,0.0167159026835701,0.00827090452898283,0.00995182223928381,0.0146566084466695,-0.00161477121578102,-0.00480535946207006,-0.00351670590810649,-0.00244459042722589,-0.00157246604578454
"83","GBR","United Kingdom",1995,1286115506329.11,1259806962025.32,1115365733113.67,1.2852e+12,1.0063e+12,57928000,0.0258620015652351,0.012655891461268,0.0134460359738142,0.015987620868982,0.0258268592868944,0.0146545669932578,0.0167159026835701,0.00827090452898283,0.00995182223928381,0.0146566084466695,0.0112074345719773,-0.00406001122230215,0.00517513144483139,0.00603579862969816,0.0111702508402249
"84","GRC","Greece",1995,150178362573.099,154597953216.374,136737237237.237,1.501e+11,1.213e+11,10634000,0.0181480569051615,0.016260782011722,0.0273472081815509,0.0224065085984559,0.0182326154934707,0.0146545669932578,0.0167159026835701,0.00827090452898283,0.00995182223928381,0.0146566084466695,0.00349348991190368,-0.000455120671848164,0.0190763036525681,0.0124546863591721,0.00357600704680117
"85","IRL","Ireland",1995,67774396642.1826,61925498426.0231,47200859291.0849,6.77e+10,4.26e+10,3601000,0.087808128790936,0.0569461719036415,0.0306976992746151,0.0219866165548748,0.0870086059707873,0.0146545669932578,0.0167159026835701,0.00827090452898283,0.00995182223928381,0.0146566084466695,0.0731535617976782,0.0402302692200713,0.0224267947456323,0.012034794315591,0.0723519975241178
"86","ISL","Iceland",1995,6226598557.69231,6027776442.30769,5155566502.46305,6.2e+09,4.4e+09,267000,-0.00294129294109524,0.00445654561753628,0.0170022585011314,-0.00375234961855142,-0.00375234961854964,0.0146545669932578,0.0167159026835701,0.00827090452898283,0.00995182223928381,0.0146566084466695,-0.0175958599343531,-0.0122593570660339,0.00873135397214853,-0.0137041718578352,-0.0184089580652191
"87","ITA","Italy",1995,1312860148514.85,1298940594059.41,1033983688833.12,1.3132e+12,9.325e+11,57301000,0.0271251139708486,0.0245175327756044,0.00583935062350172,0.00897913082954993,0.0271208451350393,0.0146545669932578,0.0167159026835701,0.00827090452898283,0.00995182223928381,0.0146566084466695,0.0124705469775908,0.00780163009203427,-0.00243155390548111,-0.000972691409733883,0.0124642366883698
"88","JPN","Japan",1995,3078983225806.45,3138633548387.1,2160287500000,3.0873e+12,1.9602e+12,125570000,0.0142765973935859,0.0136816325659144,0.0181453191271039,0.0160599919414928,0.0142937520667754,0.0146545669932578,0.0167159026835701,0.00827090452898283,0.00995182223928381,0.0146566084466695,-0.000377969599671957,-0.00303427011765578,0.00987441459812111,0.00610816970220895,-0.000362856379894083
"89","MEX","Mexico",1995,689004411764.706,646673039215.686,587212500000,6.89e+11,5.443e+11,90164000,-0.0727001325607759,-0.102376860196404,-0.0972118941293534,-0.100122224885006,-0.0727230025250947,0.0146545669932578,0.0167159026835701,0.00827090452898283,0.00995182223928381,0.0146566084466695,-0.0873546995540337,-0.119092762879975,-0.105482798658336,-0.110074047124289,-0.0873796109717642
"90","NLD","Netherlands",1995,362018378378.378,369477837837.838,284542099192.618,3.622e+11,2.398e+11,15460000,0.0247544252916558,0.0349290895404923,0.0192038871945304,0.0210719299497395,0.0248637725089917,0.0146545669932578,0.0167159026835701,0.00827090452898283,0.00995182223928381,0.0146566084466695,0.010099858298398,0.0182131868569222,0.0109329826655475,0.0111201077104557,0.0102071640623222
"91","NOR","Norway",1995,136622308546.06,134847790330.211,83777142857.1429,1.366e+11,7.3e+10,4358000,0.0378205501814843,0.0425619438879234,0.0249000150769536,0.031435806315196,0.0377929025516366,0.0146545669932578,0.0167159026835701,0.00827090452898283,0.00995182223928381,0.0146566084466695,0.0231659831882265,0.0258460412043533,0.0166291105479708,0.0214839840759122,0.0231362941049671
"92","NZL","New Zealand",1995,69743448275.8621,64773103448.2759,55355714285.7143,6.99e+10,4.98e+10,3707000,0.0244576430761487,0.0276565941424458,0.0228455526954701,0.0249454925766859,0.0233485497541501,0.0146545669932578,0.0167159026835701,0.00827090452898283,0.00995182223928381,0.0146566084466695,0.00980307608289088,0.0109406914588757,0.0145746481664872,0.0149936703374021,0.00869194130748063
"93","PRT","Portugal",1995,147153846153.846,146520276449.892,125308426073.132,1.471e+11,1.136e+11,10030000,0.0387379036568429,0.0435925730660536,0.00362808980988127,0.00298550614896875,0.0391572082467579,0.0146545669932578,0.0167159026835701,0.00827090452898283,0.00995182223928381,0.0146566084466695,0.0240833366635851,0.0268766703824834,-0.00464281471910155,-0.00696631609031506,0.0245005998000885
"94","SWE","Sweden",1995,203560391730.141,204050707290.533,165668938547.486,2.036e+11,1.466e+11,8827000,0.0345075235201726,0.0405040476637524,0.000105114670416739,0.0043707774016184,0.0348606174154131,0.0146545669932578,0.0167159026835701,0.00827090452898283,0.00995182223928381,0.0146566084466695,0.0198529565269148,0.0237881449801822,-0.00816578985856609,-0.00558104483766542,0.0202040089687436
"95","TUR","Türkiye",1995,378907113647.1,383418928389.949,323576752379.984,3.789e+11,2.885e+11,61646000,0.0518850439110157,0.0587006945517068,0.0316014727501344,0.0307285949085507,0.0518297368195242,0.0146545669932578,0.0167159026835701,0.00827090452898283,0.00995182223928381,0.0146566084466695,0.0372304769177578,0.0419847918681366,0.0233305682211515,0.0207767726692669,0.0371731283728547
"96","USA","United States",1995,7.9728e+12,7.8735e+12,6.7181e+12,7.9728e+12,5.9503e+12,266588000,0.0132361637955718,0.0205371140360668,0.00969376931804433,0.0133481933173094,0.0132361637955718,0.0146545669932578,0.0167159026835701,0.00827090452898283,0.00995182223928381,0.0146566084466695,-0.00141840319768605,0.00382121135249669,0.00142286478906151,0.0033963710780256,-0.0014204446510977
"97","AUS","Australia",1996,438016030534.351,420226717557.252,343824615384.615,4.368e+11,3.067e+11,18420000,0.0249093471861546,0.034283881033538,0.0131714926678335,0.0161508706731421,0.024789948891133,0.0209066135272842,0.0225422686653651,0.0162739316387341,0.0183491748639746,0.0209139317901297,0.00400273365887038,0.0117416123681728,-0.00310243897090068,-0.00219830419083245,0.00387601710100327
"98","AUT","Austria",1996,204382932166.302,202950765864.333,166986316989.738,2.044e+11,1.496e+11,7959000,0.0244721495673783,0.0288210490775889,0.0275890335208508,0.0277814558299969,0.0243864740449098,0.0209066135272842,0.0225422686653651,0.0162739316387341,0.0183491748639746,0.0209139317901297,0.00356553604009413,0.00627878041222374,0.0113151018821167,0.00943228096602233,0.00347254225478011
"99","BEL","Belgium",1996,237893593919.653,247346362649.294,188717948717.949,2.378e+11,1.693e+11,10155000,0.00991420899464934,0.00387380590631814,0.0131164632964591,0.0137024007502564,0.0100703714804382,0.0209066135272842,0.0225422686653651,0.0162739316387341,0.0183491748639746,0.0209139317901297,-0.0109924045326348,-0.018668462759047,-0.00315746834227504,-0.00464677411371817,-0.0108435603096915
"100","CAN","Canada",1996,715266666666.667,691017886178.862,5.668e+11,7.132e+11,5.087e+11,29611000,0.00548279294305942,0.0064463650387534,0.00445857599467558,0.00796093314474433,0.00548080141430773,0.0209066135272842,0.0225422686653651,0.0162739316387341,0.0183491748639746,0.0209139317901297,-0.0154238205842248,-0.0160959036266117,-0.0118153556440586,-0.0103882417192303,-0.0154331303758219
"101","CHE","Switzerland",1996,198885789473.684,210661052631.579,143683769633.508,1.992e+11,1.321e+11,7105000,0.00182198808677647,0.00282163288079396,0.00673900542033401,0.00727097001867527,0.00164910237518257,0.0209066135272842,0.0225422686653651,0.0162739316387341,0.0183491748639746,0.0209139317901297,-0.0190846254405077,-0.0197206357845712,-0.00953492621840013,-0.0110782048452993,-0.0192648294149471
"102","DEU","Germany",1996,1907091743119.27,1921853211009.17,1588222820236.81,1.9067e+12,1.4165e+12,81896000,0.00475836449882472,0.00468776421502426,0.00917048978627832,0.00991518872516117,0.0047602078966591,0.0209066135272842,0.0225422686653651,0.0162739316387341,0.0183491748639746,0.0209139317901297,-0.0161482490284595,-0.0178545044503409,-0.00710344185245582,-0.00843398613881341,-0.0161537238934706
"103","DNK","Denmark",1996,136564328180.737,132518430439.952,108461916461.916,1.366e+11,9.63e+10,5262000,0.0187744824353722,0.0247354910374789,0.021309987259098,0.0223380307792649,0.0191052844891324,0.0209066135272842,0.0225422686653651,0.0162739316387341,0.0183491748639746,0.0209139317901297,-0.00213213109191202,0.00219322237211372,0.00503605562036391,0.0039888559152903,-0.00180864730099728
"104","ESP","Spain",1996,696641509433.962,697831536388.14,561260563380.282,6.965e+11,5.055e+11,39279000,0.0226543215211734,0.0204844270200653,0.0178804198371747,0.0185539692055503,0.0225482795647771,0.0209066135272842,0.0225422686653651,0.0162739316387341,0.0183491748639746,0.0209139317901297,0.00174770799388924,-0.00205784164529987,0.00160648819844056,0.00020479434157572,0.00163434777464744
"105","FIN","Finland",1996,109655771195.097,108691521961.185,79702649656.526,1.097e+11,7.05e+10,5125000,0.0348721328249901,0.0403486168857459,0.0299011473169006,0.0313129098085785,0.034768409154843,0.0209066135272842,0.0225422686653651,0.0162739316387341,0.0183491748639746,0.0209139317901297,0.013965519297706,0.0178063482203807,0.0136272156781665,0.0129637349446039,0.0138544773647133
"106","FRA","France",1996,1374950819672.13,1378511475409.84,1152831818181.82,1.375e+12,1.0072e+12,59624000,0.00752448521357074,0.0107989410050067,0.0122336890328381,0.0101506345139892,0.0075248943336419,0.0209066135272842,0.0225422686653651,0.0162739316387341,0.0183491748639746,0.0209139317901297,-0.0133821283137134,-0.0117433276603585,-0.00404024260589608,-0.00819854034998535,-0.0133890374564878
"107","GBR","United Kingdom",1996,1322346518987.34,1299362341772.15,1149846787479.41,1.3214e+12,1.0414e+12,58043000,0.0257981291570726,0.0289318782319068,0.0284630872472196,0.0323024687051525,0.0257941772697219,0.0209066135272842,0.0225422686653651,0.0162739316387341,0.0183491748639746,0.0209139317901297,0.0048915156297884,0.00638960956654167,0.0121891556084854,0.0139532938411779,0.0048802454795922
"108","GRC","Greece",1996,153719298245.614,157862573099.415,139647147147.147,1.536e+11,1.243e+11,10709000,0.0162764346860271,0.0138688728487928,0.0140296614683884,0.0174030882300702,0.0160219877375649,0.0209066135272842,0.0225422686653651,0.0162739316387341,0.0183491748639746,0.0209139317901297,-0.00463017884125705,-0.00867339581657234,-0.00224427017034579,-0.000946086633904386,-0.00489194405256477
"109","IRL","Ireland",1996,73386149003.148,67770199370.4092,49896885069.8174,7.34e+10,4.51e+10,3626000,0.072632191488541,0.0832720091370263,0.0486279519471839,0.0501094655673864,0.0739192280363188,0.0209066135272842,0.0225422686653651,0.0162739316387341,0.0183491748639746,0.0209139317901297,0.0517255779612569,0.0607297404716611,0.0323540203084498,0.0317602907034118,0.0530052962461891
"110","ISL","Iceland",1996,6551634615.38461,6303004807.69231,5374741379.31034,6.6e+09,4.7e+09,269000,0.0434216511108083,0.0371855585599512,0.0341707309610939,0.0584952465902084,0.055057635779745,0.0209066135272842,0.0225422686653651,0.0162739316387341,0.0183491748639746,0.0209139317901297,0.0225150375835241,0.0146432898945861,0.0178967993223598,0.0401460717262339,0.0341437039896153
"111","ITA","Italy",1996,1327211633663.37,1330264851485.15,1046281053952.32,1.3275e+12,9.447e+11,57397000,0.00919818713729192,0.0221550927008796,0.0101490608631991,0.0113243036812012,0.00915660591274126,0.0209066135272842,0.0225422686653651,0.0162739316387341,0.0183491748639746,0.0209139317901297,-0.0117084263899923,-0.000387175964485564,-0.00612487077553503,-0.0070248711827734,-0.0117573258773884
"112","JPN","Japan",1996,3184205806451.61,3239965161290.32,2215299375000,3.1928e+12,2.0103e+12,125864000,0.0312648956686363,0.0294364605901549,0.0228076507497121,0.0228988688749059,0.0312627652871189,0.0209066135272842,0.0225422686653651,0.0162739316387341,0.0183491748639746,0.0209139317901297,0.0103582821413521,0.00689419192478979,0.006533719110978,0.0045496940109313,0.0103488334969892
"113","MEX","Mexico",1996,724510947712.418,682053431372.549,597793229166.667,7.246e+11,5.55e+11,92159000,0.0283640863512229,0.031382070223172,-0.00402695288034138,-0.00241756356827416,0.0284933955727649,0.0209066135272842,0.0225422686653651,0.0162739316387341,0.0183491748639746,0.0209139317901297,0.00745747282393872,0.00883980155780684,-0.0203008845190755,-0.0207667384322487,0.00757946378263519
"114","NLD","Netherlands",1996,373021621621.622,376619459459.46,291799307958.478,3.732e+11,2.466e+11,15526000,0.0256814104154763,0.0148845316895851,0.0209250509405638,0.0237023533126184,0.0256579286996637,0.0209066135272842,0.0225422686653651,0.0162739316387341,0.0183491748639746,0.0209139317901297,0.00477479688819216,-0.00765773697577998,0.00465111930182971,0.0053531784486438,0.00474399690953398
"115","NOR","Norway",1996,143800665926.748,142094814556.715,88346703296.7033,1.438e+11,7.74e+10,4381000,0.0459440571587528,0.0470841072995967,0.0478448996164378,0.0532635671379555,0.0461027258409228,0.0209066135272842,0.0225422686653651,0.0162739316387341,0.0183491748639746,0.0209139317901297,0.0250374436314686,0.0245418386342315,0.0315709679777036,0.034914392273981,0.0251887940507931
"116","NZL","New Zealand",1996,72203448275.8621,66254482758.6207,57440714285.7143,7.24e+10,5.19e+10,3762000,0.0199365133407792,0.0078848731979555,0.0222456603351766,0.0265759994309924,0.0204128434416617,0.0209066135272842,0.0225422686653651,0.0162739316387341,0.0183491748639746,0.0209139317901297,-0.000970100186505007,-0.0146573954674096,0.00597172869644247,0.00822682456701784,-0.00050108834846796
"117","PRT","Portugal",1996,152370769230.769,151109111695.912,129208267090.62,1.523e+11,1.177e+11,10058000,0.0320504741536549,0.028050609425069,0.0278597334621846,0.0326677722032507,0.0319518965177963,0.0209066135272842,0.0225422686653651,0.0162739316387341,0.0183491748639746,0.0209139317901297,0.0111438606263707,0.00550834075970386,0.0115858018234505,0.0143185973392761,0.0110379647276666
"118","SWE","Sweden",1996,206188465723.613,206448639825.898,167790167597.765,2.062e+11,1.484e+11,8841000,0.0112431201926402,0.0100983494233535,0.0111379590690461,0.0106187548951571,0.0111045005209203,0.0209066135272842,0.0225422686653651,0.0162739316387341,0.0183491748639746,0.0209139317901297,-0.009663493334644,-0.0124439192420116,-0.00513597256968801,-0.00773041996881751,-0.00980943126920941
"119","TUR","Türkiye",1996,405450768424.471,411103679478.64,351069831697.741,4.055e+11,3.13e+11,62695000,0.0508350097701538,0.0528438904357049,0.0646754578479207,0.0646347500542479,0.050975200993161,0.0209066135272842,0.0225422686653651,0.0162739316387341,0.0183491748639746,0.0209139317901297,0.0299283962428696,0.0303016217703398,0.0484015262091866,0.0462855751902733,0.0300612692030313
"120","USA","United States",1996,8.2714e+12,8.1856e+12,6.9114e+12,8.2714e+12,6.1444e+12,269714000,0.0251102898924529,0.0272160797352257,0.0167091028677309,0.0204417165895219,0.0251102898924529,0.0209066135272842,0.0225422686653651,0.0162739316387341,0.0183491748639746,0.0209139317901297,0.00420367636516872,0.00467381106986053,0.000435171228996722,0.00209254172554729,0.00419635810232322
"121","AUS","Australia",1997,457551908396.947,440886259541.985,359593076923.077,4.563e+11,3.213e+11,18625000,0.032567096717635,0.0369248245282954,0.0337736284500636,0.0354374615631432,0.0326073300642005,0.0266306920064494,0.0297727933061882,0.0181146417082232,0.0199104978783069,0.0266184569857586,0.00593640471118562,0.00715203122210717,0.0156589867418404,0.0155269636848363,0.00598887307844187
"122","AUT","Austria",1997,208142231947.484,205062363238.512,168324971493.729,2.081e+11,1.515e+11,7968000,0.0170961442715356,0.00922057039867319,0.00685443375339645,0.0114904029504626,0.0168097186114551,0.0266306920064494,0.0297727933061882,0.0181146417082232,0.0199104978783069,0.0266184569857586,-0.0095345477349138,-0.020552222907515,-0.0112602079548267,-0.00842009492784435,-0.00980873837430352
"123","BEL","Belgium",1997,246130293159.609,254643865363.735,191506131549.61,2.46e+11,1.718e+11,10180000,0.0315787372909035,0.0266175142011313,0.0122074449606355,0.0121999043210366,0.031442735585653,0.0266306920064494,0.0297727933061882,0.0181146417082232,0.0199104978783069,0.0266184569857586,0.00494804528445414,-0.00315527910505686,-0.00590719674758766,-0.00771059355727033,0.00482427859989443
"124","CAN","Canada",1997,745627642276.423,722421138211.382,584794214876.033,7.435e+11,5.253e+11,29907000,0.031624250226967,0.0344959020561024,0.0213068552960163,0.0221644233399427,0.0316602271199713,0.0266306920064494,0.0297727933061882,0.0181146417082232,0.0199104978783069,0.0266184569857586,0.00499355822051761,0.00472310874991422,0.00319221358779309,0.00225392546163583,0.0050417701342127
"125","CHE","Switzerland",1997,202679473684.211,216584210526.316,145462827225.131,2.03e+11,1.343e+11,7113000,0.0177697118946689,0.0266036445607902,0.0111803962559911,0.0153915577985995,0.0177712996889756,0.0266306920064494,0.0297727933061882,0.0181146417082232,0.0199104978783069,0.0266184569857586,-0.00886098011178049,-0.00316914874539798,-0.00693424545223209,-0.00451894007970743,-0.00884715729678298
"126","DEU","Germany",1997,1933673802242.61,1937767584097.86,1596627556512.38,1.9333e+12,1.428e+12,82052000,0.0119392409143959,0.00634360304100134,0.00337491658256361,0.00618278062653843,0.0119513452656363,0.0266306920064494,0.0297727933061882,0.0181146417082232,0.0199104978783069,0.0266184569857586,-0.0146914510920535,-0.0234291902651869,-0.0147397251256596,-0.0137277172517685,-0.0146671117201223
"127","DNK","Denmark",1997,140619738406.659,136691319857.313,110831449631.45,1.407e+11,9.86e+10,5285000,0.0249021474435889,0.0266420738447053,0.0172500277583261,0.0192415061004088,0.0252115802795529,0.0266306920064494,0.0297727933061882,0.0181146417082232,0.0199104978783069,0.0266184569857586,-0.00172854456286053,-0.00313071946148291,-0.00086461394989712,-0.000668991777898142,-0.00140687670620565
"128","ESP","Spain",1997,724690026954.178,722401617250.674,578639436619.718,7.246e+11,5.213e+11,39348000,0.0377179468856301,0.0328483963297135,0.0287391661285739,0.0290225305767482,0.0377968625043295,0.0266306920064494,0.0297727933061882,0.0181146417082232,0.0199104978783069,0.0266184569857586,0.0110872548791807,0.00307560302352528,0.0106245244203507,0.0091120326984413,0.0111784055185709
"129","FIN","Finland",1997,116512768130.746,116042900919.305,82312070657.5074,1.165e+11,7.26e+10,5140000,0.0577322038895112,0.062523607554617,0.0292923784210188,0.0264296575699241,0.0572193512819688,0.0266306920064494,0.0297727933061882,0.0181146417082232,0.0199104978783069,0.0266184569857586,0.0311015118830618,0.0327508142484287,0.0111777367127956,0.0065191596916172,0.0306008942962102
"130","FRA","France",1997,1401136612021.86,1410299453551.91,1161590909090.91,1.4012e+12,1.0119e+12,59831000,0.0154000662927771,0.0193320405307755,0.00410342905142613,0.00118980429964211,0.0154095375167245,0.0266306920064494,0.0297727933061882,0.0181146417082232,0.0199104978783069,0.0266184569857586,-0.0112306257136723,-0.0104407527754127,-0.0140112126567971,-0.0187206935786648,-0.0112089194690341
"131","GBR","United Kingdom",1997,1365685126582.28,1363604430379.75,1181200988467.88,1.3647e+12,1.0765e+12,58167000,0.0301143341852956,0.046123804061228,0.0247689340540962,0.0310150076295201,0.0301087752021854,0.0266306920064494,0.0297727933061882,0.0181146417082232,0.0199104978783069,0.0266184569857586,0.00348364217884622,0.0163510107550398,0.006654292345873,0.0111045097512132,0.00349031821642676
"132","GRC","Greece",1997,159311403508.772,163976608187.134,143475975975.976,1.592e+11,1.277e+11,10777000,0.0294028747333623,0.0316691964202249,0.0207190185960737,0.0206560403258713,0.0294797285007533,0.0266306920064494,0.0297727933061882,0.0181146417082232,0.0199104978783069,0.0266184569857586,0.00277218272691293,0.00189640311403672,0.00260437688785053,0.000745542447564418,0.00286127151499471
"133","IRL","Ireland",1997,81338929695.6978,74254984260.2309,53262083780.8808,8.13e+10,4.83e+10,3661000,0.093283308052369,0.0817761206963823,0.0556599051444611,0.0589430923444549,0.0926158591278554,0.0266306920064494,0.0297727933061882,0.0181146417082232,0.0199104978783069,0.0266184569857586,0.0666526160459195,0.0520033273901941,0.0375452634362379,0.039032594466148,0.0659974021420968
"134","ISL","Iceland",1997,6857379807.69231,6648978365.38461,5611527093.59606,6.9e+09,4.9e+09,271000,0.0382033971531097,0.046029299029021,0.0357049930327058,0.0342652551227065,0.0370443212929707,0.0266306920064494,0.0297727933061882,0.0181146417082232,0.0199104978783069,0.0266184569857586,0.0115727051466603,0.0162565057228328,0.0175903513244826,0.0143547572443996,0.0104258643072122
"135","ITA","Italy",1997,1354103960396.04,1360410891089.11,1072820577164.37,1.3544e+12,9.716e+11,57512000,0.0180581417914158,0.0204071365240726,0.0230476254950691,0.0260751958226653,0.0180594931725668,0.0266306920064494,0.0297727933061882,0.0181146417082232,0.0199104978783069,0.0266184569857586,-0.00857255021503356,-0.00936565678211565,0.00493298378684592,0.00616469794435837,-0.00855896381319177
"136","JPN","Japan",1997,3243243225806.45,3293924516129.03,2236231875000,3.252e+12,2.0288e+12,126166000,0.0159743799221559,0.0141205976282119,0.00700815710222535,0.00676397935421313,0.0159753756917169,0.0266306920064494,0.0297727933061882,0.0181146417082232,0.0199104978783069,0.0266184569857586,-0.0106563120842935,-0.0156521956779763,-0.0111064846059978,-0.0131465185240938,-0.0106430812940417
"137","MEX","Mexico",1997,773574673202.614,738871405228.758,633507118055.556,7.736e+11,5.896e+11,93938000,0.04640568836993,0.060896250048911,0.0389066682496946,0.0413565831359755,0.0463155216853899,0.0266306920064494,0.0297727933061882,0.0181146417082232,0.0199104978783069,0.0266184569857586,0.0197749963634806,0.0311234567427228,0.0207920265414714,0.0214460852576686,0.0196970646996313
"138","NLD","Netherlands",1997,387340540540.54,394467027027.027,300711649365.629,3.875e+11,2.549e+11,15607000,0.032464377463425,0.0410967752200513,0.0248820720344014,0.0279002270748983,0.0323978862432845,0.0266306920064494,0.0297727933061882,0.0181146417082232,0.0199104978783069,0.0266184569857586,0.0058336854569756,0.0113239819138631,0.00676743032617821,0.00798972919659136,0.00577942925752595
"139","NOR","Norway",1997,151262042175.361,149651763837.074,91008241758.2418,1.513e+11,7.98e+10,4405000,0.045122384674217,0.0463532271590932,0.0242179366907322,0.025073473303701,0.0453779249509818,0.0266306920064494,0.0297727933061882,0.0181146417082232,0.0199104978783069,0.0266184569857586,0.0184916926677676,0.016580433852905,0.00610329498250906,0.00516297542539412,0.0187594679652232
"140","NZL","New Zealand",1997,73251724137.931,67627586206.8966,5.947e+10,7.35e+10,5.35e+10,3803000,0.00357448246028369,0.00967335486504695,0.0238791256523161,0.0195233656628346,0.00423960875983731,0.0266306920064494,0.0297727933061882,0.0181146417082232,0.0199104978783069,0.0266184569857586,-0.0230562095461657,-0.0200994384411413,0.0057644839440929,-0.000387132215472263,-0.0223788482259213
"141","PRT","Portugal",1997,158404615384.615,156137897008.06,133168521462.639,1.583e+11,1.204e+11,10091000,0.0355601948440558,0.0294618023562627,0.0269142290179296,0.0194049188758711,0.0353641072532316,0.0266306920064494,0.0297727933061882,0.0181146417082232,0.0199104978783069,0.0266184569857586,0.00892950283760641,-0.000310990949925483,0.00879958730970642,-0.000505579002435752,0.00874565026747298
"142","SWE","Sweden",1997,211214689880.305,211347878128.4,170086703910.615,2.112e+11,1.505e+11,8846000,0.0235190840549073,0.0228884364141955,0.0130287466584615,0.0134863664331828,0.0233935932267784,0.0266306920064494,0.0297727933061882,0.0181146417082232,0.0199104978783069,0.0266184569857586,-0.00311160795154208,-0.00688435689199274,-0.00508589504976165,-0.0064241314451241,-0.00322486375898023
"143","TUR","Türkiye",1997,435976345665.525,444403486931.52,379004539756.75,4.36e+11,3.384e+11,63745000,0.0559794822416535,0.061278409978808,0.0599539789294905,0.0614163872443303,0.0559123198459819,0.0266306920064494,0.0297727933061882,0.0181146417082232,0.0199104978783069,0.0266184569857586,0.0293487902352041,0.0315056166726198,0.0418393372212673,0.0415058893660234,0.0292938628602233
"144","USA","United States",1997,8.6476e+12,8.6057e+12,7.1411e+12,8.6476e+12,6.3637e+12,272958000,0.0325222456438947,0.0380924625780121,0.0207388050634485,0.0231130724400934,0.0325222456438947,0.0266306920064494,0.0297727933061882,0.0181146417082232,0.0199104978783069,0.0266184569857586,0.00589155363744531,0.00831966927182393,0.00262416335522531,0.00320257456178652,0.00590378865813612
"145","AUS","Australia",1998,481848091603.053,460176335877.863,376388461538.461,4.806e+11,3.375e+11,18836000,0.0404733943551658,0.0315576594665004,0.0343835340878194,0.0379250760750871,0.0406196672533259,0.0217296980956121,0.0283301179930024,0.0238540875192808,0.0264218426821277,0.0217194115302615,0.0187436962595537,0.00322754147349791,0.0105294465685386,0.0115032333929594,0.0189002557230644
"146","AUT","Austria",1998,215554704595.186,212375273522.976,171334093500.57,2.156e+11,1.543e+11,7977000,0.0338641928610119,0.0339118434738985,0.0165900678255131,0.0171842537729958,0.034277224988557,0.0217296980956121,0.0283301179930024,0.0238540875192808,0.0264218426821277,0.0217194115302615,0.0121344947653999,0.00558172548089608,-0.00726401969376766,-0.00923758890913184,0.0125578134582955
"147","BEL","Belgium",1998,251128121606.949,262369163952.226,196376811594.203,2.51e+11,1.765e+11,10203000,0.017845427268453,0.027629788589719,0.0228587114958554,0.0247330832524053,0.0178646196286287,0.0217296980956121,0.0283301179930024,0.0238540875192808,0.0264218426821277,0.0217194115302615,-0.00388427082715914,-0.000700329403283462,-0.000995376023425365,-0.00168875942972235,-0.00385479190163274
"148","CAN","Canada",1998,776056910569.106,751143902439.024,601633884297.521,7.739e+11,5.393e+11,30157000,0.0316750173159477,0.0306644830889518,0.0200645767909258,0.0179779723956273,0.0317493983885644,0.0217296980956121,0.0283301179930024,0.0238540875192808,0.0264218426821277,0.0217194115302615,0.00994531922033559,0.00233436509594931,-0.00378951072835498,-0.0084438702865004,0.0100299868583029
"149","CHE","Switzerland",1998,208340526315.79,225102105263.158,148173298429.319,2.087e+11,1.374e+11,7132000,0.0248804987162767,0.0359070612018542,0.0157943488563248,0.0201526720095409,0.0250242307918516,0.0217296980956121,0.0283301179930024,0.0238540875192808,0.0264218426821277,0.0217194115302615,0.00315080062066464,0.00757694320885172,-0.00805973866295595,-0.00626917067258681,0.0033048192615901
"150","DEU","Germany",1998,1971498470948.01,1982913353720.69,1625476856835.31,1.9711e+12,1.4557e+12,82029000,0.0196525301108412,0.0233109227504258,0.01818794485796,0.0194923700125766,0.0196437245359178,0.0217296980956121,0.0283301179930024,0.0238540875192808,0.0264218426821277,0.0217194115302615,-0.00207716798477087,-0.00501919524257666,-0.0056661426613207,-0.00692947266955102,-0.00207568699434368
"151","DNK","Denmark",1998,144090249702.735,140629845422.117,113653562653.563,1.441e+11,1.009e+11,5303000,0.020980401990391,0.0250059059054202,0.021744243087177,0.0196585869181813,0.0204774600523407,0.0217296980956121,0.0283301179930024,0.0238540875192808,0.0264218426821277,0.0217194115302615,-0.00074929610522112,-0.00332421208758227,-0.00210984443210371,-0.00676325576394632,-0.00124195147792072
"152","ESP","Spain",1998,756180592991.914,754095687331.536,602915492957.746,7.561e+11,5.435e+11,39453000,0.0398712704930393,0.0402730830344922,0.0384325512676966,0.0390390724097784,0.0398889217258223,0.0217296980956121,0.0283301179930024,0.0238540875192808,0.0264218426821277,0.0217194115302615,0.0181415723974272,0.0119429650414897,0.0145784637484159,0.0126172297276508,0.0181695101955608
"153","FIN","Finland",1998,122338100102.145,122006128702.758,85263984298.3317,1.224e+11,7.56e+10,5153000,0.0462616694717735,0.0475853306156804,0.0327083880379337,0.0379653714757247,0.0468771071934579,0.0217296980956121,0.0283301179930024,0.0238540875192808,0.0264218426821277,0.0217194115302615,0.0245319713761614,0.0192552126226779,0.00885430051865299,0.011543528793597,0.0251576956631965
"154","FRA","France",1998,1448792349726.78,1466191256830.6,1188752272727.27,1.4488e+12,1.0444e+12,60047000,0.0298429065615498,0.0352623287690754,0.0195100402521415,0.0280091384645829,0.0298029476211941,0.0217296980956121,0.0283301179930024,0.0238540875192808,0.0264218426821277,0.0217194115302615,0.00811320846593766,0.00693221077607298,-0.00434404726713922,0.0015872957824552,0.0080835360909326
"155","GBR","United Kingdom",1998,1407925632911.39,1426699367088.61,1220548599670.51,1.407e+12,1.1159e+12,58305000,0.0280915424999257,0.042862461855977,0.0303990524579252,0.0335765470319185,0.0281554845150023,0.0217296980956121,0.0283301179930024,0.0238540875192808,0.0264218426821277,0.0217194115302615,0.00636184440431364,0.0145323438629745,0.00654496493864443,0.00715470434979082,0.0064360729847408
"156","GRC","Greece",1998,164669590643.275,1.695e+11,148060060060.06,1.646e+11,1.311e+11,10835000,0.0277127844628851,0.0277617408010116,0.0260829949053143,0.0209092263575315,0.0279896134590594,0.0217296980956121,0.0283301179930024,0.0238540875192808,0.0264218426821277,0.0217194115302615,0.00598308636727296,-0.000568377191990876,0.00222890738603354,-0.00551261632459621,0.0062702019287979
"157","IRL","Ireland",1998,88560335781.7419,80317943336.831,56915145005.3706,8.85e+10,5.15e+10,3711000,0.0714942900343125,0.0649230982953384,0.0527717222783277,0.0505851990708024,0.0712914875197566,0.0217296980956121,0.0283301179930024,0.0238540875192808,0.0264218426821277,0.0217194115302615,0.0497645919387004,0.0365929803023359,0.028917634759047,0.0241633563886747,0.0495720759894951
"158","ISL","Iceland",1998,7233161057.69231,7164927884.61539,6072943349.7537,7.2e+09,5.3e+09,274000,0.0423414526333907,0.0637254971685124,0.0680112114595577,0.0674623299331252,0.0315503289104271,0.0217296980956121,0.0283301179930024,0.0238540875192808,0.0264218426821277,0.0217194115302615,0.0206117545377786,0.0353953791755099,0.0441571239402769,0.0410404872509975,0.00983091738016562
"159","ITA","Italy",1998,1378397277227.72,1392345297029.7,1099895859473.02,1.3787e+12,9.977e+11,57588000,0.0164608881869821,0.0218822184613643,0.0236036775302875,0.0251878418089042,0.0164618833761185,0.0217296980956121,0.0283301179930024,0.0238540875192808,0.0264218426821277,0.0217194115302615,-0.00526880990862999,-0.00644789953163816,-0.000250409988993283,-0.00123400087322345,-0.00525752815414293
"160","JPN","Japan",1998,3206649032258.06,3270170322580.65,2244645625000,3.2153e+12,2.0292e+12,126486000,-0.0138804779895594,-0.00977077588575881,0.00122227730701319,-0.00233598847701622,-0.0138826556787741,0.0217296980956121,0.0283301179930024,0.0238540875192808,0.0264218426821277,0.0217194115302615,-0.0356101760851715,-0.0381008938787613,-0.0226318102122676,-0.0287578311591439,-0.0356020672090356
"161","MEX","Mexico",1998,812488398692.81,768743790849.673,665176562500,8.125e+11,6.212e+11,95786000,0.0295978845230298,0.0201523018836767,0.0292997308338663,0.0327272040757975,0.0295794237412021,0.0217296980956121,0.0283301179930024,0.0238540875192808,0.0264218426821277,0.0217194115302615,0.00786818642741771,-0.00817781610932578,0.00544564331458552,0.00630536139366988,0.00786001221094068
"162","NLD","Netherlands",1998,404188108108.108,400849729729.73,314058823529.412,4.044e+11,2.666e+11,15703000,0.0364438825649511,0.00991881779117953,0.037296229033986,0.0387458510201366,0.0365563930105139,0.0217296980956121,0.0283301179930024,0.0238540875192808,0.0264218426821277,0.0217194115302615,0.014714184469339,-0.0184113002018229,0.0134421415147052,0.012324008338009,0.0148369814802525
"163","NOR","Norway",1998,155239400665.927,153955124929.453,93594835164.8352,1.552e+11,8.23e+10,4432000,0.0198440443128547,0.0222394526858558,0.0219144408537346,0.0247369131704218,0.019339296897968,0.0217296980956121,0.0283301179930024,0.0238540875192808,0.0264218426821277,0.0217194115302615,-0.0018856537827574,-0.00609066530714664,-0.00193964666554614,-0.00168492951170585,-0.00238011463229348
"164","NZL","New Zealand",1998,73622758620.6897,68959310344.8276,60848571428.5714,7.38e+10,5.52e+10,3829000,-0.00176103056253396,0.0126872021657256,0.0161029149564982,0.0244678558320537,-0.00274011816139996,0.0217296980956121,0.0283301179930024,0.0238540875192808,0.0264218426821277,0.0217194115302615,-0.0234907286581461,-0.0156429158272768,-0.00775117256278257,-0.00195398685007397,-0.0244595296916614
"165","PRT","Portugal",1998,1.6566e+11,163175830155.602,139599364069.952,1.656e+11,1.264e+11,10129000,0.0410262194628768,0.0403301008320547,0.0434025709013035,0.0448732896157686,0.0413246158419245,0.0217296980956121,0.0283301179930024,0.0238540875192808,0.0264218426821277,0.0217194115302615,0.0192965213672647,0.0119999828390522,0.0195484833820228,0.018451446933641,0.019605204311663
"166","SWE","Sweden",1998,218914472252.448,220192491838.955,175390055865.922,2.189e+11,1.558e+11,8851000,0.0352409445653326,0.040431571806911,0.0301389867170254,0.0340449817071118,0.0352443851561066,0.0217296980956121,0.0283301179930024,0.0238540875192808,0.0264218426821277,0.0217194115302615,0.0135112464697205,0.0121014538139086,0.00628489919774466,0.00762313902498413,0.0135249736258451
"167","TUR","Türkiye",1998,449456142228.652,460587235452.948,384074815642.963,4.495e+11,3.421e+11,64789000,0.0142052039374452,0.0195242837471756,-0.00295590351881891,-0.00537062202054628,0.0142485242906041,0.0217296980956121,0.0283301179930024,0.0238540875192808,0.0264218426821277,0.0217194115302615,-0.00752449415816692,-0.00880583424582682,-0.0268099910380997,-0.0317924647026739,-0.00747088723965739
"168","USA","United States",1998,9.0125e+12,9.0868e+12,7.4585e+12,9.0125e+12,6.6788e+12,276154000,0.0296899328847786,0.0427572926704247,0.0318467515738625,0.03668761756356,0.0296899328847786,0.0217296980956121,0.0283301179930024,0.0238540875192808,0.0264218426821277,0.0217194115302615,0.00796023478916652,0.0144271746774223,0.00799266405458177,0.0102657748814323,0.00797052135451715
"169","AUS","Australia",1999,499965648854.962,482598473282.443,390757692307.692,4.986e+11,3.511e+11,19046000,0.0258233186543091,0.0364880613770797,0.0263787292703199,0.0284183994712564,0.0256816743965427,0.0231102900567066,0.0238191072015645,0.0274869046235544,0.027819045824911,0.0230908734193136,0.00271302859760247,0.0126689541755152,-0.00110817535323449,0.000599353646345335,0.00259080097722908
"170","AUT","Austria",1999,222713347921.225,218870897155.361,175152793614.595,2.227e+11,1.573e+11,7992000,0.0307921418722898,0.0282485369475562,0.0201646453887516,0.0173774102778577,0.0305220948112197,0.0231102900567066,0.0238191072015645,0.0274869046235544,0.027819045824911,0.0230908734193136,0.00768185181558323,0.0044294297459917,-0.00732225923480279,-0.0104416355470534,0.00743122139190611
"171","BEL","Belgium",1999,259143322475.57,269116178067.318,201559643255.295,2.591e+11,1.807e+11,10222000,0.0295575580777729,0.023530174699431,0.0241895465291631,0.0216568555719121,0.0299006827833601,0.0231102900567066,0.0238191072015645,0.0274869046235544,0.027819045824911,0.0230908734193136,0.00644726802106632,-0.000288932502133576,-0.00329735809439136,-0.00616219025299891,0.00680980936404652
"172","CAN","Canada",1999,819593495934.959,792404065040.65,622001652892.562,8.173e+11,5.581e+11,30404000,0.0464255148117498,0.0453170869986934,0.0251365454293513,0.0261090454437287,0.0464064482381925,0.0231102900567066,0.0238191072015645,0.0274869046235544,0.027819045824911,0.0230908734193136,0.0233152247550432,0.0214979797971289,-0.00235035919420312,-0.0017100003811823,0.0233155748188789
"173","CHE","Switzerland",1999,211077368421.053,229516842105.263,151080628272.251,2.114e+11,1.401e+11,7167000,0.00815539744956517,0.0145268554392626,0.0145356752776493,0.014564616543824,0.00795880234209356,0.0231102900567066,0.0238191072015645,0.0274869046235544,0.027819045824911,0.0230908734193136,-0.0149548926071414,-0.00929225176230197,-0.0129512293459051,-0.013254429281087,-0.01513207107722
"174","DEU","Germany",1999,2011845056065.24,2025801223241.59,1673544671689.99,2.0114e+12,1.5019e+12,82087000,0.0195515234481078,0.0206913169032195,0.0284358946308032,0.0305372714821459,0.0195324173187235,0.0231102900567066,0.0238191072015645,0.0274869046235544,0.027819045824911,0.0230908734193136,-0.00355876660859877,-0.00312779029834509,0.000948990007248796,0.0027182256572349,-0.00355845610059013
"175","DNK","Denmark",1999,147887277051.13,145658263971.463,114918918918.919,1.479e+11,1.023e+11,5321000,0.0226219472551641,0.0317434341978675,0.00768337196150704,0.0103911881387795,0.0226403092520382,0.0231102900567066,0.0238191072015645,0.0274869046235544,0.027819045824911,0.0230908734193136,-0.00048834280154253,0.00792432699630297,-0.0198035326620474,-0.0174278576861315,-0.000450564167275402
"176","ESP","Spain",1999,788119946091.644,784349056603.774,630346478873.24,7.88e+11,5.685e+11,39626000,0.0369946884111592,0.0349595018515529,0.0401172136734065,0.0405962281851959,0.0369490688495251,0.0231102900567066,0.0238191072015645,0.0274869046235544,0.027819045824911,0.0230908734193136,0.0138843983544525,0.0111403946499884,0.0126303090498521,0.0127771823602849,0.0138581954302115
"177","FIN","Finland",1999,126462717058.223,125985699693.565,87722276741.9038,1.265e+11,7.79e+10,5165000,0.0308329806491496,0.0297710940494422,0.0260977032365641,0.0276436364657009,0.0306219048638336,0.0231102900567066,0.0238191072015645,0.0274869046235544,0.027819045824911,0.0230908734193136,0.00772269059244302,0.00595198684787768,-0.00138920138699028,-0.000175409359210121,0.00753103144452005
"178","FRA","France",1999,1495344262295.08,1523384699453.55,1220921590909.09,1.4954e+12,1.0746e+12,60297000,0.0274713466215726,0.0341118162412055,0.0225469668764244,0.0243511791280273,0.027503339654892,0.0231102900567066,0.0238191072015645,0.0274869046235544,0.027819045824911,0.0230908734193136,0.00436105656486596,0.010292709039641,-0.00493993774712997,-0.0034678666968837,0.00441246623557845
"179","GBR","United Kingdom",1999,1448158227848.1,1446553797468.35,1271995057660.63,1.4472e+12,1.1611e+12,58481000,0.0251610603767247,0.0108063325116614,0.0382720877030795,0.0366925152550781,0.0251568147804697,0.0231102900567066,0.0238191072015645,0.0274869046235544,0.027819045824911,0.0230908734193136,0.0020507703200181,-0.0130127746899031,0.0107851830795251,0.00887346943016709,0.00206594136115612
"180","GRC","Greece",1999,170301169590.643,173121345029.24,151605105105.105,1.702e+11,1.342e+11,10883000,0.0292071664395994,0.0167195344281748,0.0192408410898359,0.0189505300423249,0.0290356241707013,0.0231102900567066,0.0238191072015645,0.0274869046235544,0.027819045824911,0.0230908734193136,0.0060968763828928,-0.0070995727733898,-0.00824606353371848,-0.00886851578258607,0.00594475075138767
"181","IRL","Ireland",1999,98391395592.8646,86646379853.0955,61737916219.1192,9.84e+10,5.62e+10,3751000,0.0945481880849854,0.0651210975578866,0.0706157040509652,0.0766138602086652,0.0953171630230347,0.0231102900567066,0.0238191072015645,0.0274869046235544,0.027819045824911,0.0230908734193136,0.0714378980282788,0.0413019903563221,0.0431287994274108,0.0487948143837542,0.0722262896037211
"182","ISL","Iceland",1999,7533978365.38461,7452367788.46154,6478965517.24138,7.5e+09,5.7e+09,277000,0.0298576831832023,0.0284444097744458,0.0538280667622004,0.0618699544831607,0.0299325947209876,0.0231102900567066,0.0238191072015645,0.0274869046235544,0.027819045824911,0.0230908734193136,0.00674739312649564,0.0046253025728813,0.026341162138646,0.0340509086582497,0.00684172130167404
"183","ITA","Italy",1999,1401329207920.79,1420517326732.67,1125365119196.99,1.4017e+12,1.0224e+12,57646000,0.0154931420780535,0.0190248830766517,0.0218853838537552,0.0234488062751375,0.0155381120627567,0.0231102900567066,0.0238191072015645,0.0274869046235544,0.027819045824911,0.0230908734193136,-0.00761714797865309,-0.00479422412491282,-0.00560152076979925,-0.00437023954977356,-0.00755276135655691
"184","JPN","Japan",1999,3208479354838.71,3267824516129.03,2269507500000,3.2171e+12,2.043e+12,126686000,-0.00100932691006683,-0.00229754592578857,0.00943523576859384,0.00519773524705691,-0.00102028717602565,0.0231102900567066,0.0238191072015645,0.0274869046235544,0.027819045824911,0.0230908734193136,-0.0241196169667734,-0.0261166531273531,-0.0180516688549606,-0.0226213105778541,-0.0241111605953392
"185","MEX","Mexico",1999,841923039215.686,809342483660.131,694160243055.556,8.42e+11,6.468e+11,97199000,0.0209430853011465,0.0368205404708402,0.0280064318577882,0.0257401495913854,0.0210202132013979,0.0231102900567066,0.0238191072015645,0.0274869046235544,0.027819045824911,0.0230908734193136,-0.00216720475556009,0.0130014332692756,0.000519527234233763,-0.00207889623352564,-0.00207066021791569
"186","NLD","Netherlands",1999,420337297297.297,421502702702.703,326724336793.541,4.205e+11,2.778e+11,15809000,0.0324494728404954,0.04351195007035,0.0328088829644564,0.0344244013644026,0.0323123710554523,0.0231102900567066,0.0238191072015645,0.0274869046235544,0.027819045824911,0.0230908734193136,0.00933918278378876,0.0196928428687855,0.00532197834090198,0.0066053555394916,0.00922149763613866
"187","NOR","Norway",1999,158551165371.809,156645396923.305,96614615384.6154,1.585e+11,8.5e+10,4462000,0.0143627587771817,0.0105773225470873,0.0250086790879056,0.0255340022419333,0.0142938390028604,0.0231102900567066,0.0238191072015645,0.0274869046235544,0.027819045824911,0.0230908734193136,-0.00874753127952488,-0.0132417846544772,-0.0024782255356488,-0.00228504358297776,-0.00879703441645319
"188","NZL","New Zealand",1999,77424137931.0345,71686896551.7242,63143571428.5714,7.76e+10,5.68e+10,3851000,0.0446152108882014,0.0330621692497033,0.0312935206139464,0.0228441901064418,0.0444795132451326,0.0231102900567066,0.0238191072015645,0.0274869046235544,0.027819045824911,0.0230908734193136,0.0215049208314948,0.00924306204813874,0.003806615990392,-0.00497485571846923,0.021388639825819
"189","PRT","Portugal",1999,171956923076.923,169274821666.346,146863275039.746,1.719e+11,1.327e+11,10172000,0.0330702521937862,0.0324589749760857,0.0464891663949789,0.0444032087701913,0.0331014195824313,0.0231102900567066,0.0238191072015645,0.0274869046235544,0.027819045824911,0.0230908734193136,0.00995996213707961,0.00863986777452119,0.0190022617714245,0.0165841629452803,0.0100105461631177
"190","SWE","Sweden",1999,228937214363.439,228899891186.072,180751284916.201,2.289e+11,1.604e+11,8858000,0.0439761184854852,0.0379920663667672,0.029319027008686,0.0283070034815012,0.0438796639154369,0.0231102900567066,0.0238191072015645,0.0274869046235544,0.027819045824911,0.0230908734193136,0.0208658284287786,0.0141729591652027,0.00183212238513164,0.000487957656590154,0.0207887904961233
"191","TUR","Türkiye",1999,428291495659.62,433091923013.623,377686000158.101,4.283e+11,3.353e+11,65819000,-0.0640069652254152,-0.0773249899161996,-0.0325469176059148,-0.0358501530985631,-0.0640846838775353,0.0231102900567066,0.0238191072015645,0.0274869046235544,0.027819045824911,0.0230908734193136,-0.0871172552821218,-0.101144097117764,-0.0600338222294692,-0.0636691989234741,-0.0871755572968489
"192","USA","United States",1999,9.4171e+12,9.5172e+12,7.8163e+12,9.4171e+12,7.0106e+12,279328000,0.0324866455243633,0.0348498394589658,0.0354289377672927,0.0370569212732157,0.0324866455243633,0.0231102900567066,0.0238191072015645,0.0274869046235544,0.027819045824911,0.0230908734193136,0.00937635546765669,0.0110307322574013,0.00794203314373831,0.00923787544830468,0.00939577210504972
"193","AUS","Australia",2000,510248854961.832,495972519083.97,401109230769.231,5.089e+11,3.612e+11,19282000,0.00804425137225451,0.0150206179869183,0.013831218560453,0.0160458258981091,0.00813245003499574,0.0282418249932039,0.0273288084025136,0.0264482865718616,0.0279493380217879,0.0282324673315255,-0.0201975736209494,-0.0123081904155953,-0.0126170680114086,-0.0119035121236788,-0.0201000172965298
"194","AUT","Austria",2000,230188183807.44,225761487964.989,180336374002.28,2.302e+11,1.627e+11,8012000,0.0305122791490291,0.0284976572599174,0.0266657756024049,0.0312538277034395,0.030623545567142,0.0282418249932039,0.0273288084025136,0.0264482865718616,0.0279493380217879,0.0282324673315255,0.00227045415582516,0.00116884885740376,0.000217489030543305,0.00330448968165165,0.00239107823561646
"195","BEL","Belgium",2000,269190010857.763,274259500542.888,207960981047.938,2.691e+11,1.861e+11,10246000,0.0356910878629755,0.0165864402001734,0.028920011924626,0.0271008408790987,0.0355238449938735,0.0282418249932039,0.0273288084025136,0.0264482865718616,0.0279493380217879,0.0282324673315255,0.00744926286977154,-0.0107423682023402,0.00247172535276441,-0.000848497142689197,0.007291377662348
"196","CAN","Canada",2000,862635772357.724,840396747967.48,645649586776.86,8.602e+11,5.795e+11,30689000,0.0418539675740668,0.0494725489979242,0.0279840656687753,0.0282973994919864,0.04182859033412,0.0282418249932039,0.0273288084025136,0.0264482865718616,0.0279493380217879,0.0282324673315255,0.0136121425808629,0.0221437405954106,0.00153577909691371,0.000348061470198502,0.0135961230025945
"197","CHE","Switzerland",2000,218699473684.211,237014210526.316,154675392670.157,2.19e+11,1.435e+11,7209000,0.0296306914555409,0.0263005980660385,0.0176719353062627,0.0181354934460547,0.029476567969704,0.0282418249932039,0.0273288084025136,0.0264482865718616,0.0279493380217879,0.0282324673315255,0.00138886646233694,-0.00102821033647515,-0.00877635126559895,-0.0098138445757332,0.00124410063817848
"198","DEU","Germany",2000,2069317023445.46,2060387359836.9,1703552206673.84,2.0689e+12,1.531e+12,82188000,0.026936727539729,0.0156990702118538,0.0165420239113274,0.0179604978795531,0.0269564224727219,0.0282418249932039,0.0273288084025136,0.0264482865718616,0.0279493380217879,0.0282324673315255,-0.00130509745347496,-0.0116297381906598,-0.00990626266053418,-0.00998884014223478,-0.00127604485880362
"199","DNK","Denmark",2000,152075624256.837,148885255648.038,114719656019.656,1.521e+11,1.024e+11,5338000,0.0247377877362513,0.0187228972217355,-0.00492524377285974,-0.00221275572027402,0.0248120341803926,0.0282418249932039,0.0273288084025136,0.0264482865718616,0.0279493380217879,0.0282324673315255,-0.00350403725695259,-0.00860591118077814,-0.0313735303447213,-0.0301620937420619,-0.00342043315113294
"200","ESP","Spain",2000,822831536388.14,813428571428.572,658322535211.268,8.227e+11,5.93e+11,39927000,0.0355338727506478,0.028836653955242,0.0358580333464946,0.0346257675066735,0.0355262060165433,0.0282418249932039,0.0273288084025136,0.0264482865718616,0.0279493380217879,0.0282324673315255,0.00729204775744385,0.00150784555272843,0.00940974677463302,0.00667642948488556,0.00729373868501781
"201","FIN","Finland",2000,132936670071.502,131270684371.808,89612365063.788,1.33e+11,8.01e+10,5176000,0.0477978574017097,0.0389656236267157,0.0191899809134828,0.0257224465706134,0.0479793654271816,0.0282418249932039,0.0273288084025136,0.0264482865718616,0.0279493380217879,0.0282324673315255,0.0195560324085058,0.0116368152242021,-0.00725830565837882,-0.0022268914511745,0.0197468980956561
"202","FRA","France",2000,1552063387978.14,1564774863387.98,1253513636363.64,1.5521e+12,1.1039e+12,60594000,0.0323152805597395,0.021893794139574,0.0214310142101422,0.0219873377088344,0.0323015960705746,0.0282418249932039,0.0273288084025136,0.0264482865718616,0.0279493380217879,0.0282324673315255,0.0040734555665356,-0.00543501426293957,-0.00501727236171945,-0.00596200031295346,0.00406912873904908
"203","GBR","United Kingdom",2000,1504052215189.87,1.50675e+12,1323932454695.22,1.503e+12,1.2084e+12,58643000,0.0351040803728093,0.0380046764344382,0.0372535599695052,0.0371630381502843,0.0350661549426157,0.0282418249932039,0.0273288084025136,0.0264482865718616,0.0279493380217879,0.0282324673315255,0.00686225537960539,0.0106758680319246,0.0108052733976436,0.00921370012849643,0.00683368761109016
"204","GRC","Greece",2000,177925438596.491,179475146198.83,158165165165.165,1.778e+11,1.368e+11,10917000,0.0406768541916431,0.0329247034953415,0.0392414201153528,0.016069512066661,0.0405658383563239,0.0282418249932039,0.0273288084025136,0.0264482865718616,0.0279493380217879,0.0282324673315255,0.0124350291984392,0.00559589509282787,0.0127931335434912,-0.0118798259551269,0.0123333710247984
"205","IRL","Ireland",2000,108147953830.01,93500524658.9717,67172932330.8271,1.081e+11,6.13e+10,3800000,0.0815682797736077,0.0631532156435952,0.0713935104583818,0.0738844904099292,0.0810373249543659,0.0282418249932039,0.0273288084025136,0.0264482865718616,0.0279493380217879,0.0282324673315255,0.0533264547804038,0.0358244072410816,0.0449452238865202,0.0459351523881413,0.0528048576228404
"206","ISL","Iceland",2000,7964134615.38461,7731526442.30769,6744963054.18719,8e+09,5.9e+09,281000,0.0411878882309562,0.0224373440051089,0.0258979937681882,0.0201490129247617,0.0502013579911633,0.0282418249932039,0.0273288084025136,0.0264482865718616,0.0279493380217879,0.0282324673315255,0.0129460632377523,-0.00489146439740473,-0.000550292803673358,-0.00780032509702622,0.0219688906596378
"207","ITA","Italy",2000,1443747524752.48,1431933168316.83,1153678795483.06,1.4441e+12,1.0502e+12,57762000,0.0278107004754826,0.00599401748126027,0.0228379958763849,0.024817557649385,0.0277902445324045,0.0282418249932039,0.0273288084025136,0.0264482865718616,0.0279493380217879,0.0282324673315255,-0.000431124517721315,-0.0213347909212533,-0.00361029069547669,-0.00313178037240291,-0.000442222799120984
"208","JPN","Japan",2000,3299757419354.84,3341185161290.32,2311059375000,3.3086e+12,2.0779e+12,126926000,0.0261591973308857,0.0203084493501962,0.0162505202149212,0.015045797001541,0.0261521510686684,0.0282418249932039,0.0273288084025136,0.0264482865718616,0.0279493380217879,0.0282324673315255,-0.00208262766231826,-0.00702035905231746,-0.0101977663569404,-0.0129035410202469,-0.0020803162628571
"209","MEX","Mexico",2000,897182516339.869,875705228758.17,745689236111.111,8.972e+11,6.96e+11,98658000,0.0486718072204617,0.0639084673922312,0.0567072075941759,0.0584136320189508,0.0485998877912106,0.0282418249932039,0.0273288084025136,0.0264482865718616,0.0279493380217879,0.0282324673315255,0.0204299822272578,0.0365796589897176,0.0302589210223143,0.0304642939971629,0.0203674204596851
"210","NLD","Netherlands",2000,434909189189.189,4.3676e+11,336712802768.166,4.351e+11,2.872e+11,15922000,0.0269573684809856,0.0284352530661209,0.0229911385316068,0.02615500430149,0.027009007761297,0.0282418249932039,0.0273288084025136,0.0264482865718616,0.0279493380217879,0.0282324673315255,-0.00128445651221831,0.00110644466360732,-0.00345714804025476,-0.00179433372029791,-0.00122345957022851
"211","NOR","Norway",2000,163049389567.148,161449278579.356,99628351648.3517,1.63e+11,8.8e+10,4491000,0.0214975091524519,0.0237280982148977,0.0242384533411748,0.0282072598926302,0.0215173093941665,0.0282418249932039,0.0273288084025136,0.0264482865718616,0.0279493380217879,0.0282324673315255,-0.00674431584075208,-0.00360071018761587,-0.0022098332306868,0.000257921870842281,-0.006715157937359
"212","NZL","New Zealand",2000,79201379310.3448,74255172413.7931,63677857142.8571,7.94e+10,5.79e+10,3873000,0.016998576951865,0.0295029146026167,0.00272929969966995,0.0134845131519992,0.0172343953640741,0.0282418249932039,0.0273288084025136,0.0264482865718616,0.0279493380217879,0.0282324673315255,-0.0112432480413389,0.00217410620010305,-0.0237189868721916,-0.0144648248697887,-0.0109980719674514
"213","PRT","Portugal",2000,177766153846.154,173490769230.769,151480127186.01,1.777e+11,1.36e+11,10226000,0.0279302968215482,0.0193061877360332,0.0256577413625099,0.0192692952999565,0.0278891736738682,0.0282418249932039,0.0273288084025136,0.0264482865718616,0.0279493380217879,0.0282324673315255,-0.000311528171655695,-0.00802262066648041,-0.000790545209351734,-0.00868004272183143,-0.000343293657657284
"214","SWE","Sweden",2000,238842981501.632,237052992383.025,185675754189.944,2.388e+11,1.652e+11,8872000,0.040779317436531,0.0334197165661081,0.0253006810651382,0.0279069211074034,0.0407619100128667,0.0282418249932039,0.0273288084025136,0.0264482865718616,0.0279493380217879,0.0282324673315255,0.012537492443327,0.00609090816359448,-0.00114760550672344,-4.24169143844466e-05,0.0125294426813412
"215","TUR","Türkiye",2000,459812573815.991,463550139512.224,401413656160.48,4.598e+11,3.562e+11,67461000,0.0463738271661409,0.043323453538779,0.0362881914414075,0.0358256147098821,0.0463266250342595,0.0282418249932039,0.0273288084025136,0.0264482865718616,0.0279493380217879,0.0282324673315255,0.018132002172937,0.0159946451362654,0.00983990486954589,0.00787627668809421,0.018094157702734
"216","USA","United States",2000,9.7648e+12,9.9309e+12,8.1435e+12,9.7648e+12,7.3277e+12,282425000,0.0252305871833656,0.0315241104359263,0.029982456163042,0.0332120882140057,0.0252305871833656,0.0282418249932039,0.0273288084025136,0.0264482865718616,0.0279493380217879,0.0282324673315255,-0.00301123780983836,0.00419530203341267,0.00353416959118036,0.00526275019221778,-0.00300188014815994
"217","AUS","Australia",2001,530045038167.939,517344274809.16,412506153846.154,5.286e+11,3.723e+11,19529000,0.0253349009380752,0.0294595194355534,0.0152888158731415,0.0175396372773839,0.0252519465169456,0.00221355891538266,0.00308520843511673,0.0130485856005631,0.0127105760352162,0.00220557993254822,0.0231213420226926,0.0263743110004366,0.00224023027257836,0.00482906124216775,0.0230463665843974
"218","AUT","Austria",2001,231839168490.153,227362144420.131,181091220068.415,2.318e+11,1.636e+11,8032000,0.00465358199750909,0.00457187198739817,0.0016838860274575,0.00302326479785364,0.00443328947206645,0.00221355891538266,0.00308520843511673,0.0130485856005631,0.0127105760352162,0.00220557993254822,0.00244002308212643,0.00148666355228144,-0.0113646995731056,-0.00968731123736255,0.00222770953951823
"219","BEL","Belgium",2001,271124864277.959,276155266015.201,210525083612.04,2.71e+11,1.884e+11,10281000,0.00375183220188191,0.00347837906129023,0.0088441910438597,0.00887305245048609,0.00362561710326936,0.00221355891538266,0.00308520843511673,0.0130485856005631,0.0127105760352162,0.00220557993254822,0.00153827328649925,0.0003931706261735,-0.00420439455670341,-0.00383752358473011,0.00142003717072114
"220","CAN","Canada",2001,877986178861.789,853521138211.382,664653719008.265,8.755e+11,5.955e+11,31021000,0.00687818785503502,0.00473609879547787,0.0182491501573185,0.0164756157177113,0.00687012107843366,0.00221355891538266,0.00308520843511673,0.0130485856005631,0.0127105760352162,0.00220557993254822,0.00466462893965236,0.00165089036036115,0.00520056455675544,0.00376503968249509,0.00466454114588544
"221","CHE","Switzerland",2001,220976842105.263,232983684210.526,158299476439.791,2.213e+11,1.469e+11,7285000,-0.00012780616622976,-0.027638867322656,0.0126727851717003,0.0129298537554305,-3.96769842225808e-05,0.00221355891538266,0.00308520843511673,0.0130485856005631,0.0127105760352162,0.00220557993254822,-0.00234136508161242,-0.0307240757577727,-0.00037580042886276,0.00021927772021435,-0.0022452569167708
"222","DEU","Germany",2001,2086653414882.77,2075396534148.83,1729993541442.41,2.0862e+12,1.556e+12,82340000,0.00649522292011362,0.00541052200165915,0.0135543605331918,0.0143495987426618,0.00647945385418325,0.00221355891538266,0.00308520843511673,0.0130485856005631,0.0127105760352162,0.00220557993254822,0.00428166400473096,0.00232531356654242,0.000505774932628711,0.00163902270744565,0.00427387392163503
"223","DNK","Denmark",2001,154443876337.693,152548038049.941,115633538083.538,1.545e+11,1.036e+11,5357000,0.0118997793504629,0.0207505711868521,0.00438159166164631,0.008097551303484,0.0121028311560636,0.00221355891538266,0.00308520843511673,0.0130485856005631,0.0127105760352162,0.00220557993254822,0.00968622043508027,0.0176653627517354,-0.00866699393891679,-0.0046130247317322,0.00989725122351537
"224","ESP","Spain",2001,845830188679.245,847148247978.437,677916901408.451,8.457e+11,6.102e+11,40266000,0.0191124780480809,0.0321629340515006,0.0208750761809675,0.0201377196532153,0.0191184189816642,0.00221355891538266,0.00308520843511673,0.0130485856005631,0.0127105760352162,0.00220557993254822,0.0168989191326983,0.0290777256163839,0.00782649058040441,0.00742714361799912,0.016912839049116
"225","FIN","Finland",2001,134353421859.04,133636363636.364,91415112855.7409,1.344e+11,8.2e+10,5188000,0.0082852452742852,0.0155452134501282,0.0176017906636083,0.0211276839343402,0.0081555906116968,0.00221355891538266,0.00308520843511673,0.0130485856005631,0.0127105760352162,0.00220557993254822,0.00607168635890254,0.0124600050150114,0.00455320506304524,0.00841710789912398,0.00595001067914858
"226","FRA","France",2001,1584589071038.25,1601846994535.52,1288751136363.64,1.5846e+12,1.1355e+12,60916000,0.0154398611272768,0.018115390955316,0.0224231332003519,0.0229237308043384,0.0154231691570317,0.00221355891538266,0.00308520843511673,0.0130485856005631,0.0127105760352162,0.00220557993254822,0.0132263022118941,0.0150301825201993,0.00937454759978884,0.0102131547691222,0.0132175892244835
"227","GBR","United Kingdom",2001,1538672468354.43,1549620253164.56,1361431630971.99,1.5376e+12,1.2399e+12,59031000,0.0161625548933912,0.021460375814863,0.0213358620296873,0.0191390469132564,0.0161651347030318,0.00221355891538266,0.00308520843511673,0.0130485856005631,0.0127105760352162,0.00220557993254822,0.0139489959780086,0.0183751673797463,0.00828727642912419,0.00642847087804022,0.0139595547704836
"228","GRC","Greece",2001,185526315789.474,185412280701.754,160894894894.895,1.854e+11,1.407e+11,10938000,0.0399104002073027,0.0306233952100605,0.0151897312574345,0.0261882013054446,0.0399345724255014,0.00221355891538266,0.00308520843511673,0.0130485856005631,0.0127105760352162,0.00220557993254822,0.0376968412919201,0.0275381867749438,0.0021411456568714,0.0134776252702284,0.0377289924929531
"229","IRL","Ireland",2001,114646379853.095,97760755508.9192,71583243823.8453,1.146e+11,6.54e+10,3859000,0.0429451848650988,0.0291491601663765,0.0481836322584392,0.0493353996978474,0.0429840638123338,0.00221355891538266,0.00308520843511673,0.0130485856005631,0.0127105760352162,0.00220557993254822,0.0407316259497161,0.0260639517312597,0.0351350466578761,0.0366248236626312,0.0407784838797856
"230","ISL","Iceland",2001,8138509615.38461,7876358173.07692,6602118226.60098,8.1e+09,5.8e+09,285000,0.00752426933709671,0.00442481232641434,-0.0355399821030105,-0.0312289442942042,-0.00171199093634833,0.00221355891538266,0.00308520843511673,0.0130485856005631,0.0127105760352162,0.00220557993254822,0.00531071042171405,0.00133960389129761,-0.0485885677035736,-0.0439395203294204,-0.00391757086889655
"231","ITA","Italy",2001,1469219059405.94,1461195544554.46,1170705144291.09,1.4696e+12,1.0659e+12,57894000,0.0152061944496911,0.0179469372435026,0.0123678332462944,0.0125562582489156,0.0152213325259787,0.00221355891538266,0.00308520843511673,0.0130485856005631,0.0127105760352162,0.00220557993254822,0.0129926355343084,0.0148617288083859,-0.000680752354268677,-0.000154317786300595,0.0130157525934305
"232","JPN","Japan",2001,3314069032258.06,3364892258064.52,2.35664e+12,3.323e+12,2.1169e+12,127291000,0.00145622834038939,0.00419879696314851,0.0166592879986833,0.015723421600466,0.00147128572444544,0.00221355891538266,0.00308520843511673,0.0130485856005631,0.0127105760352162,0.00220557993254822,-0.000757330574993276,0.00111358852803178,0.00361070239812022,0.00301284556524983,-0.000734294208102781
"233","MEX","Mexico",2001,897222222222.222,881340032679.739,760015451388.889,8.973e+11,7.128e+11,100051000,-0.0139764768086987,-0.00760675582838388,0.00500909199113053,0.00983048380003204,-0.0139092803641887,0.00221355891538266,0.00308520843511673,0.0130485856005631,0.0127105760352162,0.00220557993254822,-0.0161900357240814,-0.0106919642635006,-0.00803949360943257,-0.00288009223518415,-0.0161148602967369
"234","NLD","Netherlands",2001,441114594594.595,440988108108.108,344930795847.751,4.413e+11,2.922e+11,16043000,0.00659662786655524,0.0020632474935951,0.0165426387583398,0.00968884543997639,0.00657820984631385,0.00221355891538266,0.00308520843511673,0.0130485856005631,0.0127105760352162,0.00220557993254822,0.00438306895117258,-0.00102196094152163,0.00349405315777673,-0.0030217305952398,0.00437262991376564
"235","NOR","Norway",2001,167494672586.016,166312621668.217,102645384615.385,1.675e+11,9.06e+10,4513000,0.0220116601735167,0.0247915247522439,0.0249466741828979,0.0242306718314644,0.0223464237190942,0.00221355891538266,0.00308520843511673,0.0130485856005631,0.0127105760352162,0.00220557993254822,0.0197981012581341,0.0217063163171272,0.0118980885823348,0.0115200957962482,0.020140843786546
"236","NZL","New Zealand",2001,81909655172.4138,78264137931.0345,65672857142.8571,8.21e+10,5.95e+10,3912000,0.0236038078402885,0.0425627005000884,0.0208294646225848,0.0172395763326794,0.0234202965653356,0.00221355891538266,0.00308520843511673,0.0130485856005631,0.0127105760352162,0.00220557993254822,0.0213902489249058,0.0394774920649716,0.00778087902202174,0.00452900029746317,0.0212147166327874
"237","PRT","Portugal",2001,180661538461.538,175926451872.077,154058823529.412,1.806e+11,1.382e+11,10293000,0.00962582744422846,0.00741107003122465,0.0103495019091842,0.0095164697109027,0.00965734993566336,0.00221355891538266,0.00308520843511673,0.0130485856005631,0.0127105760352162,0.00220557993254822,0.0074122685288458,0.00432586159610793,-0.00269908369137895,-0.0031941063243135,0.00745177000311514
"238","SWE","Sweden",2001,241343525571.273,237650054406.964,186752290502.793,2.413e+11,1.667e+11,8896000,0.00771349353569661,-0.000185968156801053,0.00307970612361785,0.00633744120970903,0.0077131036523781,0.00221355891538266,0.00308520843511673,0.0130485856005631,0.0127105760352162,0.00220557993254822,0.00549993462031395,-0.00327117659191778,-0.00996887947694525,-0.00637313482550717,0.00550752371982988
"239","TUR","Türkiye",2001,425347555214.362,420749911630.973,364845192789.09,4.253e+11,3.237e+11,68610000,-0.0948009901054654,-0.113764575554223,-0.112407966420836,-0.112563853503357,-0.0948854536494874,0.00221355891538266,0.00308520843511673,0.0130485856005631,0.0127105760352162,0.00220557993254822,-0.097014549020848,-0.116849783989339,-0.125456552021399,-0.125274429538573,-0.0970910335820356
"240","USA","United States",2001,9.8389e+12,1.00087e+13,8.3595e+12,9.8389e+12,7.5145e+12,285358000,-0.00277167033293679,-0.0025278973500189,0.0158470499417778,0.0148412960005224,-0.00277167033293679,0.00221355891538266,0.00308520843511673,0.0130485856005631,0.0127105760352162,0.00220557993254822,-0.00498522924831946,-0.00561310578513563,0.00279846434121467,0.00213071996530623,-0.00497725026548501
"241","AUS","Australia",2002,547054198473.282,535206870229.008,428909230769.231,5.456e+11,3.878e+11,19757000,0.0199785814039668,0.0223374652403905,0.0273868705436104,0.0291824432992591,0.0200467857284394,0.00687481623690012,0.00660158239687902,0.016273236520826,0.0151818774348502,0.00687246791271257,0.0131037651670667,0.0157358828435115,0.0111136340227844,0.0140005658644089,0.0131743178157269
"242","AUT","Austria",2002,234542669584.245,234198030634.573,181408209806.157,2.345e+11,1.64e+11,8053000,0.00898250931886224,0.0270118162286916,-0.00086221776974682,-0.000169126208483306,0.00896952711664945,0.00687481623690012,0.00660158239687902,0.016273236520826,0.0151818774348502,0.00687246791271257,0.00210769308196213,0.0204102338318126,-0.0171354542905728,-0.0153510036433335,0.00209705920393688
"243","BEL","Belgium",2002,273575461454.94,282528773072.747,212338907469.342,2.735e+11,1.893e+11,10330000,0.00424327393208657,0.0180623798471604,0.00382405873080316,1.09445020495258e-05,0.00442804941136998,0.00687481623690012,0.00660158239687902,0.016273236520826,0.0151818774348502,0.00687246791271257,-0.00263154230481355,0.0114607974502814,-0.0124491777900229,-0.0151709329328007,-0.00244441850134258
"244","CAN","Canada",2002,908089430894.309,887701626016.26,685989256198.347,9.055e+11,6.15e+11,31362000,0.0227794395658893,0.0283327968949703,0.0206632098844679,0.0212883045473866,0.0227595511337846,0.00687481623690012,0.00660158239687902,0.016273236520826,0.0151818774348502,0.00687246791271257,0.0159046233289892,0.0217312144980912,0.00438997336364189,0.0061064271125364,0.015887083221072
"245","CHE","Switzerland",2002,221695789473.684,233282105263.158,159516753926.702,2.22e+11,1.482e+11,7343000,-0.00468182355322355,-0.00664999168989233,-0.00026974131009716,0.000880590859848596,-0.00477190400703087,0.00687481623690012,0.00660158239687902,0.016273236520826,0.0151818774348502,0.00687246791271257,-0.0115566397901237,-0.0132515740867714,-0.0165429778309232,-0.0143012865750016,-0.0116443719197434
"246","DEU","Germany",2002,2088334352701.33,2082273190621.81,1728937567276.64,2.0879e+12,1.5535e+12,82482000,-0.000917829299215356,0.00158486946573078,-0.00233364971055394,-0.00333104728081324,-0.000908524482120754,0.00687481623690012,0.00660158239687902,0.016273236520826,0.0151818774348502,0.00687246791271257,-0.00779264553611547,-0.00501671293114825,-0.01860688623138,-0.0185129247156635,-0.00778099239483332
"247","DNK","Denmark",2002,156014982164.09,154335434007.134,116968058968.059,1.561e+11,1.05e+11,5376000,0.0065807854366966,0.00810834023038076,0.00793437494037974,0.00988253401011541,0.00676224486156052,0.00687481623690012,0.00660158239687902,0.016273236520826,0.0151818774348502,0.00687246791271257,-0.000294030800203515,0.00150675783350174,-0.00833886158044628,-0.00529934342473481,-0.000110223051152047
"248","ESP","Spain",2002,864711590296.496,867625336927.224,699239436619.718,8.646e+11,6.288e+11,40546000,0.0151477212127578,0.0169545838848038,0.0240388174626176,0.0230967771905828,0.0151725938035092,0.00687481623690012,0.00660158239687902,0.016273236520826,0.0151818774348502,0.00687246791271257,0.00827290497585764,0.0103530014879247,0.00776558094179158,0.00791489975573256,0.00830012589079665
"249","FIN","Finland",2002,137407558733.401,136266598569.969,93438665358.1943,1.374e+11,8.36e+10,5201000,0.0199749380808907,0.0169881951789659,0.0193917739088096,0.0168216244896655,0.0195733033624634,0.00687481623690012,0.00660158239687902,0.016273236520826,0.0151818774348502,0.00687246791271257,0.0131001218439906,0.0103866127820869,0.00311853738798362,0.00163974705481529,0.0127008354497509
"250","FRA","France",2002,1603366120218.58,1627079781420.76,1320469318181.82,1.6034e+12,1.1615e+12,61237000,0.00652441589030772,0.0103738118755548,0.0190578633691967,0.0173834746545527,0.00653864906741397,0.00687481623690012,0.00660158239687902,0.016273236520826,0.0151818774348502,0.00687246791271257,-0.000350400346592394,0.00377222947867573,0.00278462684837066,0.00220159721970248,-0.000333818845298595
"251","GBR","United Kingdom",2002,1565881329113.92,1604246835443.04,1407728171334.43,1.5648e+12,1.2796e+12,59207000,0.0145517554563686,0.0316674335870761,0.0304633145584052,0.0285397493943638,0.0145582125693213,0.00687481623690012,0.00660158239687902,0.016273236520826,0.0151818774348502,0.00687246791271257,0.00767693921946844,0.0250658511901971,0.0141900780375792,0.0133578719595135,0.00768574465660876
"252","GRC","Greece",2002,192255847953.216,192812865497.076,166507507507.507,1.921e+11,1.454e+11,10950000,0.0345337989875318,0.0380417284784631,0.0331925821407033,0.0317621096411482,0.0344039253048276,0.00687481623690012,0.00660158239687902,0.016273236520826,0.0151818774348502,0.00687246791271257,0.0276589827506317,0.0314401460815841,0.0169193456198773,0.016580232206298,0.027531457392115
"253","IRL","Ireland",2002,121676810073.452,102309548793.284,74410311493.0182,1.216e+11,6.78e+10,3926000,0.0423029854398767,0.0282667727962931,0.0215204925011871,0.0188269231844078,0.0420761519526405,0.00687481623690012,0.00660158239687902,0.016273236520826,0.0151818774348502,0.00687246791271257,0.0354281692029765,0.0216651903994141,0.00524725598036113,0.0036450457495576,0.0352036840399279
"254","ISL","Iceland",2002,8096935096.15385,8043581730.76923,6622733990.14778,8.1e+09,5.8e+09,288000,-0.0155927623023828,0.0105375367609657,-0.00735356669219023,-0.0104712998672962,-0.0104712998672944,0.00687481623690012,0.00660158239687902,0.016273236520826,0.0151818774348502,0.00687246791271257,-0.0224675785392829,0.00393595436408667,-0.0236268032130162,-0.0256531773021464,-0.017343767780007
"255","ITA","Italy",2002,1474503712871.29,1472972772277.23,1179863237139.27,1.4749e+12,1.0755e+12,57994000,0.00186465514991596,0.00630188135421683,0.00606647168320151,0.0072403523595792,0.00187413131142655,0.00687481623690012,0.00660158239687902,0.016273236520826,0.0151818774348502,0.00687246791271257,-0.00501016108698416,-0.000299701042662193,-0.0102067648376245,-0.00794152507527102,-0.00499833660128601
"256","JPN","Japan",2002,3302360645161.29,3351492258064.52,2385250625000,3.3112e+12,2.1379e+12,127435000,-0.00466981628397178,-0.00512087411083861,0.0109367001631782,0.00874065768827847,-0.0046879546746208,0.00687481623690012,0.00660158239687902,0.016273236520826,0.0151818774348502,0.00687246791271257,-0.0115446325208719,-0.0117224565077176,-0.00533653635764786,-0.00644121974657175,-0.0115604225873334
"257","MEX","Mexico",2002,903097549019.608,893140032679.739,768916493055.556,9.032e+11,7.214e+11,101398000,-0.00684630657941376,-7.34446710524139e-05,-0.00172970295906794,-0.00138041880155626,-0.00681955258295552,0.00687481623690012,0.00660158239687902,0.016273236520826,0.0151818774348502,0.00687246791271257,-0.0137211228163139,-0.00667502706793144,-0.018002939479894,-0.0165622962364065,-0.0136920204956681
"258","NLD","Netherlands",2002,443621621621.622,440330810810.811,351901960784.314,4.438e+11,2.98e+11,16147000,-0.000794354364778371,-0.00795327870058671,0.0135471546099097,0.013193330658261,-0.000812562307553222,0.00687481623690012,0.00660158239687902,0.016273236520826,0.0151818774348502,0.00687246791271257,-0.00766917060167849,-0.0145548610974657,-0.00272608191091628,-0.00198854677658922,-0.00768503022026579
"259","NOR","Norway",2002,169800776914.539,170362884131.361,106166153846.154,1.698e+11,9.22e+10,4539000,0.00792970140305194,0.0183168916083432,0.0279805732584091,0.0117613148841489,0.00789331998266185,0.00687481623690012,0.00660158239687902,0.016273236520826,0.0151818774348502,0.00687246791271257,0.00105488516615182,0.0117153092114641,0.0117073367375831,-0.00342056255070133,0.00102085206994929
"260","NZL","New Zealand",2002,85627586206.8965,80922068965.5172,68436428571.4286,8.59e+10,6.21e+10,3976000,0.0281630896970366,0.0171695538522894,0.0249920208515633,0.026542139766093,0.0290182759100706,0.00687481623690012,0.00660158239687902,0.016273236520826,0.0151818774348502,0.00687246791271257,0.0212882734601365,0.0105679714554103,0.00871878433073725,0.0113602623312428,0.022145807997358
"261","PRT","Portugal",2002,181355384615.385,178579810605.562,156009538950.715,1.813e+11,1.398e+11,10368000,-0.00342685740571724,0.00770951185652535,0.00532256498310524,0.00425083140064331,-0.00339161028757573,0.00687481623690012,0.00660158239687902,0.016273236520826,0.0151818774348502,0.00687246791271257,-0.0103016736426174,0.00110792945964633,-0.0109506715377208,-0.0109310460342069,-0.0102640782002883
"262","SWE","Sweden",2002,246112404787.813,242078346028.292,189963351955.307,2.461e+11,1.696e+11,8925000,0.0163124355899544,0.0152075955266611,0.0137934899397525,0.0139923434435794,0.0164423946085481,0.00687481623690012,0.00660158239687902,0.016273236520826,0.0151818774348502,0.00687246791271257,0.00943761935305432,0.00860601312978204,-0.00247974658107353,-0.00118953399127086,0.00956992669583556
"263","TUR","Türkiye",2002,459127852988.071,454923709616.744,373866487485.554,4.591e+11,3.313e+11,69666000,0.0611480092164474,0.0628170135069546,0.00915151690799121,0.00793305120352805,0.0611991518254626,0.00687481623690012,0.00660158239687902,0.016273236520826,0.0151818774348502,0.00687246791271257,0.0542731929795472,0.0562154311100755,-0.00712171961283481,-0.00724882623132217,0.0543266839127501
"264","USA","United States",2002,1.00235e+13,1.01266e+13,8.6357e+12,1.00235e+13,7.7537e+12,288240000,0.00853948576039265,0.00166197633143206,0.0224572229442987,0.021286727295184,0.00853948576039265,0.00687481623690012,0.00660158239687902,0.016273236520826,0.0151818774348502,0.00687246791271257,0.00166466952349253,-0.00493960606544697,0.00618398642347273,0.00610484986033377,0.00166701784768009
"265","AUS","Australia",2003,567695419847.328,563425190839.695,449720769230.769,5.662e+11,4.085e+11,20007000,0.0244628082011182,0.0388068677488427,0.0348072107064752,0.0394278181044942,0.024486912761537,0.0139877548225229,-0.0295652805338289,0.0167419882460091,0.0168580177797928,0.01399098205553,0.0104750533785953,0.0683721482826716,0.018065222460466,0.0225698003247015,0.0104959307060071
"266","AUT","Austria",2003,236319474835.886,237324945295.405,182481185860.889,2.363e+11,1.65e+11,8098000,0.00197464054442698,0.00769081224249746,0.000324857054264882,0.000506621279821928,0.00207417150996569,0.0139877548225229,-0.0295652805338289,0.0167419882460091,0.0168580177797928,0.01399098205553,-0.0120131142780959,0.0372560927763264,-0.0164171311917443,-0.0163513964999709,-0.0119168105455643
"267","BEL","Belgium",2003,277019543973.941,284352877307.275,217254180602.007,2.769e+11,1.939e+11,10374000,0.00826017270181012,0.00218520281220691,0.0186339960626327,0.0197591112356683,0.0081044155172183,0.0139877548225229,-0.0295652805338289,0.0167419882460091,0.0168580177797928,0.01399098205553,-0.00572758212071278,0.0317504833460358,0.00189200781662358,0.00290109345587553,-0.00588656653831165
"268","CAN","Canada",2003,926243089430.894,908564227642.276,708492561983.471,9.236e+11,6.342e+11,31630000,0.011284781494787,0.0147208335469635,0.0237685263730754,0.0222330259390109,0.0112827317981541,0.0139877548225229,-0.0295652805338289,0.0167419882460091,0.0168580177797928,0.01399098205553,-0.00270297332773595,0.0442861140807924,0.00702653812706622,0.0053750081592181,-0.00270825025737587
"269","CHE","Switzerland",2003,220914210526.316,NA,160513612565.445,2.213e+11,1.489e+11,7405000,-0.0119396552028963,NA,-0.00217817378616303,-0.00369574242231252,-0.0115661040655635,0.0139877548225229,-0.0295652805338289,0.0167419882460091,0.0168580177797928,0.01399098205553,-0.0259274100254192,NA,-0.0189201620321722,-0.0205537602021053,-0.0255570861210934
"270","DEU","Germany",2003,2085812436289.5,2096133537206.93,1729471474703.98,2.0854e+12,1.5565e+12,82520000,-0.00166895124392319,0.00617369738198903,-0.000151841501391914,0.001468660562848,-0.00165869326555068,0.0139877548225229,-0.0295652805338289,0.0167419882460091,0.0168580177797928,0.01399098205553,-0.0156567060664461,0.0357389779158179,-0.0168938297474011,-0.0153893572169448,-0.0156496753210806
"271","DNK","Denmark",2003,156705826397.146,157792746730.083,118044840294.84,1.568e+11,1.059e+11,5390000,0.00181750667723612,0.0195532840973627,0.00656287582819282,0.00593412074977984,0.00187349869486297,0.0139877548225229,-0.0295652805338289,0.0167419882460091,0.0168580177797928,0.01399098205553,-0.0121702481452868,0.0491185646311916,-0.0101791124178163,-0.010923897030013,-0.012117483360667
"272","ESP","Spain",2003,886311320754.717,884103773584.906,720994366197.183,8.862e+11,6.478e+11,40809000,0.0182067237279586,0.01234895141517,0.0241725848685661,0.0233032523488319,0.0182101732584581,0.0139877548225229,-0.0295652805338289,0.0167419882460091,0.0168580177797928,0.01399098205553,0.00421896890543572,0.0419142319489989,0.00743059662255696,0.00644523456903912,0.00421919120292813
"273","FIN","Finland",2003,140186925434.116,136717058222.676,96685966633.9549,1.402e+11,8.66e+10,5213000,0.0177207318332613,0.000995680287566358,0.0318584426548458,0.0329517044827004,0.0178690038172071,0.0139877548225229,-0.0295652805338289,0.0167419882460091,0.0168580177797928,0.01399098205553,0.00373297701073838,0.0305609608213953,0.0151164544088367,0.0160936867029076,0.00387802176167718
"274","FRA","France",2003,1610862295081.97,1629994535519.13,1343551136363.64,1.6109e+12,1.1814e+12,61540000,-0.000271409707135462,-0.00314598846508396,0.0123932050199151,0.0120521147685171,-0.000269133499086749,0.0139877548225229,-0.0295652805338289,0.0167419882460091,0.0168580177797928,0.01399098205553,-0.0142591645296584,0.0264192920687449,-0.004348783226094,-0.0048059030112757,-0.0142601155546167
"275","GBR","United Kingdom",2003,1601049050632.91,1642794303797.47,1444158154859.97,1.5999e+12,1.31e+12,59375000,0.0193767717541569,0.0209107664699708,0.0227158968221133,0.0206461239080511,0.0193496227823289,0.0139877548225229,-0.0295652805338289,0.0167419882460091,0.0168580177797928,0.01399098205553,0.00538901693163396,0.0504760470037997,0.00597390857610414,0.00378810612825831,0.00535864072679892
"276","GRC","Greece",2003,200902046783.626,201720760233.918,171489489489.489,2.008e+11,1.517e+11,10981000,0.0411633830823401,0.0423372058998925,0.0266545300601582,0.0395892709020007,0.0414662676899962,0.0139877548225229,-0.0295652805338289,0.0167419882460091,0.0168580177797928,0.01399098205553,0.0271756282598172,0.0719024864337214,0.00991254181414902,0.0227312531222079,0.0274752856344662
"277","IRL","Ireland",2003,126122770199.37,107149003147.954,76329752953.8131,1.261e+11,6.96e+10,3991000,0.0194666371077616,0.0297966786423771,0.00904755146668457,0.00978164218169653,0.0199175432264802,0.0139877548225229,-0.0295652805338289,0.0167419882460091,0.0168580177797928,0.01399098205553,0.00547888228523874,0.059361959176206,-0.00769443677932458,-0.00707637559809626,0.00592656117095025
"278","ISL","Iceland",2003,8449074519.23077,8259987980.76923,7003029556.65025,8.4e+09,6.1e+09,289000,0.0391050961604513,0.0230824515508576,0.0523683671172268,0.0469646456504051,0.032901436194388,0.0139877548225229,-0.0295652805338289,0.0167419882460091,0.0168580177797928,0.01399098205553,0.0251173413379284,0.0526477320846865,0.0356263788712177,0.0301066278706124,0.0189104541388581
"279","ITA","Italy",2003,1478295792079.21,1479264851485.15,1197451693851.94,1.4787e+12,1.0892e+12,58095000,0.000828420421665754,0.00252254491108594,0.0130571345794408,0.0109177673764105,0.000833087798575605,0.0139877548225229,-0.0295652805338289,0.0167419882460091,0.0168580177797928,0.01399098205553,-0.0131593344008571,0.0320878254449148,-0.00368485366656834,-0.00594025040338231,-0.0131578942569543
"280","JPN","Japan",2003,3390166451612.9,3432025161290.32,2411695625000,3.3993e+12,2.1611e+12,127619000,0.0247986292410687,0.0223019841907561,0.00958304430398726,0.00935048053824694,0.0248160346557356,0.0139877548225229,-0.0295652805338289,0.0167419882460091,0.0168580177797928,0.01399098205553,0.0108108744185458,0.051867264724585,-0.00715894394202188,-0.00750753724154585,0.0108250526002056
"281","MEX","Mexico",2003,914863071895.425,NA,791481597222.222,9.149e+11,7.43e+11,102708000,0.000107186994984687,NA,0.0160876129472154,0.016665632657535,3.41132592520665e-05,0.0139877548225229,-0.0295652805338289,0.0167419882460091,0.0168580177797928,0.01399098205553,-0.0138805678275382,NA,-0.000654375298793752,-0.000192385122257832,-0.0139568687962779
"282","NLD","Netherlands",2003,439725405405.405,438364324324.324,351741637831.603,4.399e+11,2.976e+11,16224000,-0.013578895584617,-0.00923328535617607,-0.00521304714680682,-0.0061005370557563,-0.0135839356531076,0.0139877548225229,-0.0295652805338289,0.0167419882460091,0.0168580177797928,0.01399098205553,-0.0275666504071399,0.0203319951776528,-0.021955035392816,-0.0229585548355491,-0.0275749177086375
"283","NOR","Norway",2003,170510987791.343,171595321864.549,109362417582.418,1.705e+11,9.53e+10,4565000,-0.00153790073669491,0.0014963597087192,0.023950152243243,0.0273578895250051,-0.00159776772627751,0.0139877548225229,-0.0295652805338289,0.0167419882460091,0.0168580177797928,0.01399098205553,-0.0155256555592178,0.0310616402425481,0.0072081639972339,0.0104998717452123,-0.0155887497818075
"284","NZL","New Zealand",2003,88748275862.069,85104827586.2069,71711428571.4286,8.9e+10,6.52e+10,4039000,0.0200756534711815,0.0346763345667132,0.0310240171073879,0.0329926322062253,0.0197316929549824,0.0139877548225229,-0.0295652805338289,0.0167419882460091,0.0168580177797928,0.01399098205553,0.00608789864865855,0.064241615100542,0.0142820288613787,0.0161346144264325,0.0057407108994525
"285","PRT","Portugal",2003,1.7918e+11,176836093607.007,155217806041.335,1.791e+11,1.405e+11,10444000,-0.0193711811867541,-0.0171158520287236,-0.0123913329111058,-0.00230885225287381,-0.0195123199211036,0.0139877548225229,-0.0295652805338289,0.0167419882460091,0.0168580177797928,0.01399098205553,-0.033358936009277,0.0124494285051053,-0.029133321157115,-0.0191668700326666,-0.0335033019766335
"286","SWE","Sweden",2003,249721762785.637,246419477693.145,192351955307.263,2.497e+11,1.711e+11,8959000,0.0107567016641852,0.0139715739832411,0.00869333944814699,0.00500317159060693,0.0107199539389793,0.0139877548225229,-0.0295652805338289,0.0167419882460091,0.0168580177797928,0.01399098205553,-0.00323105315833772,0.04353685451707,-0.00804864879786216,-0.0118548461891859,-0.00327102811655067
"287","TUR","Türkiye",2003,485731641962.915,481570447826.051,394693152345.353,4.857e+11,3.509e+11,70802000,0.0401527212596857,0.0407479408885081,0.0380350301445986,0.041302118267982,0.0401482430811875,0.0139877548225229,-0.0295652805338289,0.0167419882460091,0.0168580177797928,0.01399098205553,0.0261649664371628,0.070313221422337,0.0212930418985895,0.0244441004881892,0.0261572610256575
"288","USA","United States",2003,1.033e+13,1.04053e+13,8.9163e+12,1.033e+13,8.006e+12,291085000,0.0202980927693623,0.0173278122229572,0.0221544342888755,0.0221992574788565,0.0202980927693623,0.0139877548225229,-0.0295652805338289,0.0167419882460091,0.0168580177797928,0.01399098205553,0.00631033794683944,0.0468930927567861,0.00541244604286639,0.00534123969906375,0.00630711071383239
