STRUCTURE,STRUCTURE_ID,STRUCTURE_NAME,ACTION,REF_AREA,Reference area,MEASURE,Measure,UNIT_MEASURE,Unit of measure,SEX,Sex,AGE,Age,TIME_HORIZ,Time horizon,TIME_PERIOD,Time period,OBS_VALUE,Observation value,OBS_STATUS,Observation status,UNIT_MULT,Unit multiplier,DECIMALS,Decimals
DATAFLOW,OECD.ELS.SAE:DSD_POPULATION@DF_POP_HIST(1.0),Historical population data,I,BEL,Belgium,POP,Population,PS,Persons,_T,Total,_T,Total,H,Historical,1969,,9646033,,A,Normal value,0,Units,0,Zero
DATAFLOW,OECD.ELS.SAE:DSD_POPULATION@DF_POP_HIST(1.0),Historical population data,I,BEL,Belgium,POP,Population,PS,Persons,_T,Total,_T,Total,H,Historical,1970,,9655550,,A,Normal value,0,Units,0,Zero
DATAFLOW,OECD.ELS.SAE:DSD_POPULATION@DF_POP_HIST(1.0),Historical population data,I,BEL,Belgium,POP,Population,PS,Persons,_T,Total,_T,Total,H,Historical,1971,,9673162,,A,Normal value,0,Units,0,Zero
DATAFLOW,OECD.ELS.SAE:DSD_POPULATION@DF_POP_HIST(1.0),Historical population data,I,BEL,Belgium,POP,Population,PS,Persons,_T,Total,_T,Total,H,Historical,1972,,9711115,,A,Normal value,0,Units,0,Zero
DATAFLOW,OECD.ELS.SAE:DSD_POPULATION@DF_POP_HIST(1.0),Historical population data,I,BEL,Belgium,POP,Population,PS,Persons,_T,Total,_T,Total,H,Historical,1973,,9741721,,A,Normal value,0,Units,0,Zero
DATAFLOW,OECD.ELS.SAE:DSD_POPULATION@DF_POP_HIST(1.0),Historical population data,I,BEL,Belgium,POP,Population,PS,Persons,_T,Total,_T,Total,H,Historical,1974,,9772420,,A,Normal value,0,Units,0,Zero
DATAFLOW,OECD.ELS.SAE:DSD_POPULATION@DF_POP_HIST(1.0),Historical population data,I,BEL,Belgium,POP,Population,PS,Persons,_T,Total,_T,Total,H,Historical,1975,,9800700,,A,Normal value,0,Units,0,Zero
DATAFLOW,OECD.ELS.SAE:DSD_POPULATION@DF_POP_HIST(1.0),Historical population data,I,BEL,Belgium,POP,Population,PS,Persons,_T,Total,_T,Total,H,Historical,1976,,9818228,,A,Normal value,0,Units,0,Zero
DATAFLOW,OECD.ELS.SAE:DSD_POPULATION@DF_POP_HIST(1.0),Historical population data,I,BEL,Belgium,POP,Population,PS,Persons,_T,Total,_T,Total,H,Historical,1977,,9830358,,A,Normal value,0,Units,0,Zero
DATAFLOW,OECD.ELS.SAE:DSD_POPULATION@DF_POP_HIST(1.0),Historical population data,I,BEL,Belgium,POP,Population,PS,Persons,_T,Total,_T,Total,H,Historical,1978,,9839534,,A,Normal value,0,Units,0,Zero
DATAFLOW,OECD.ELS.SAE:DSD_POPULATION@DF_POP_HIST(1.0),Historical population data,I,BEL,Belgium,POP,Population,PS,Persons,_T,Total,_T,Total,H,Historical,1979,,9848382,,A,Normal value,0,Units,0,Zero
DATAFLOW,OECD.ELS.SAE:DSD_POPULATION@DF_POP_HIST(1.0),Historical population data,I,BEL,Belgium,POP,Population,PS,Persons,_T,Total,_T,Total,H,Historical,1980,,9859243,,A,Normal value,0,Units,0,Zero
DATAFLOW,OECD.ELS.SAE:DSD_POPULATION@DF_POP_HIST(1.0),Historical population data,I,BEL,Belgium,POP,Population,PS,Persons,_T,Total,_T,Total,H,Historical,1981,,9858982,,A,Normal value,0,Units,0,Zero
DATAFLOW,OECD.ELS.SAE:DSD_POPULATION@DF_POP_HIST(1.0),Historical population data,I,BEL,Belgium,POP,Population,PS,Persons,_T,Total,_T,Total,H,Historical,1982,,9856303,,A,Normal value,0,Units,0,Zero
DATAFLOW,OECD.ELS.SAE:DSD_POPULATION@DF_POP_HIST(1.0),Historical population data,I,BEL,Belgium,POP,Population,PS,Persons,_T,Total,_T,Total,H,Historical,1983,,9855521,,A,Normal value,0,Units,0,Zero
DATAFLOW,OECD.ELS.SAE:DSD_POPULATION@DF_POP_HIST(1.0),Historical population data,I,BEL,Belgium,POP,Population,PS,Persons,_T,Total,_T,Total,H,Historical,1984,,9855372,,A,Normal value,0,Units,0,Zero
DATAFLOW,OECD.ELS.SAE:DSD_POPULATION@DF_POP_HIST(1.0),Historical population data,I,BEL,Belgium,POP,Population,PS,Persons,_T,Total,_T,Total,H,Historical,1985,,9858309,,A,Normal value,0,Units,0,Zero
DATAFLOW,OECD.ELS.SAE:DSD_POPULATION@DF_POP_HIST(1.0),Historical population data,I,BEL,Belgium,POP,Population,PS,Persons,_T,Total,_T,Total,H,Historical,1986,,9861824,,A,Normal value,0,Units,0,Zero
DATAFLOW,OECD.ELS.SAE:DSD_POPULATION@DF_POP_HIST(1.0),Historical population data,I,BEL,Belgium,POP,Population,PS,Persons,_T,Total,_T,Total,H,Historical,1987,,9870234,,A,Normal value,0,Units,0,Zero
DATAFLOW,OECD.ELS.SAE:DSD_POPULATION@DF_POP_HIST(1.0),Historical population data,I,BEL,Belgium,POP,Population,PS,Persons,_T,Total,_T,Total,H,Historical,1988,,9901665,,A,Normal value,0,Units,0,Zero
DATAFLOW,OECD.ELS.SAE:DSD_POPULATION@DF_POP_HIST(1.0),Historical population data,I,BEL,Belgium,POP,Population,PS,Persons,_T,Total,_T,Total,H,Historical,1989,,9937697,,A,Normal value,0,Units,0,Zero
DATAFLOW,OECD.ELS.SAE:DSD_POPULATION@DF_POP_HIST(1.0),Historical population data,I,BEL,Belgium,POP,Population,PS,Persons,_T,Total,_T,Total,H,Historical,1990,,9967378,,A,Normal value,0,Units,0,Zero
DATAFLOW,OECD.ELS.SAE:DSD_POPULATION@DF_POP_HIST(1.0),Historical population data,I,BEL,Belgium,POP,Population,PS,Persons,_T,Total,_T,Total,H,Historical,1991,,10004486,,A,Normal value,0,Units,0,Zero
DATAFLOW,OECD.ELS.SAE:DSD_POPULATION@DF_POP_HIST(1.0),Historical population data,I,BEL,Belgium,POP,Population,PS,Persons,_T,Total,_T,Total,H,Historical,1992,,10045165,,A,Normal value,0,Units,0,Zero
DATAFLOW,OECD.ELS.SAE:DSD_POPULATION@DF_POP_HIST(1.0),Historical population data,I,BEL,Belgium,POP,Population,PS,Persons,_T,Total,_T,Total,H,Historical,1993,,10084479,,A,Normal value,0,Units,0,Zero
DATAFLOW,OECD.ELS.SAE:DSD_POPULATION@DF_POP_HIST(1.0),Historical population data,I,BEL,Belgium,POP,Population,PS,Persons,_T,Total,_T,Total,H,Historical,1994,,10115601,,A,Normal value,0,Units,0,Zero
DATAFLOW,OECD.ELS.SAE:DSD_POPULATION@DF_POP_HIST(1.0),Historical population data,I,BEL,Belgium,POP,Population,PS,Persons,_T,Total,_T,Total,H,Historical,1995,,10136814,,A,Normal value,0,Units,0,Zero
DATAFLOW,OECD.ELS.SAE:DSD_POPULATION@DF_POP_HIST(1.0),Historical population data,I,BEL,Belgium,POP,Population,PS,Persons,_T,Total,_T,Total,H,Historical,1996,,10156641,,A,Normal value,0,Units,0,Zero
DATAFLOW,OECD.ELS.SAE:DSD_POPULATION@DF_POP_HIST(1.0),Historical population data,I,BEL,Belgium,POP,Population,PS,Persons,_T,Total,_T,Total,H,Historical,1997,,10181246,,A,Normal value,0,Units,0,Zero
DATAFLOW,OECD.ELS.SAE:DSD_POPULATION@DF_POP_HIST(1.0),Historical population data,I,BEL,Belgium,POP,Population,PS,Persons,_T,Total,_T,Total,H,Historical,1998,,10203012,,A,Normal value,0,Units,0,Zero
DATAFLOW,OECD.ELS.SAE:DSD_POPULATION@DF_POP_HIST(1.0),Historical population data,I,BEL,Belgium,POP,Population,PS,Persons,_T,Total,_T,Total,H,Historical,1999,,10226419,,A,Normal value,0,Units,0,Zero
DATAFLOW,OECD.ELS.SAE:DSD_POPULATION@DF_POP_HIST(1.0),Historical population data,I,BEL,Belgium,POP,Population,PS,Persons,_T,Total,_T,Total,H,Historical,2000,,10251251,,A,Normal value,0,Units,0,Zero
DATAFLOW,OECD.ELS.SAE:DSD_POPULATION@DF_POP_HIST(1.0),Historical population data,I,BEL,Belgium,POP,Population,PS,Persons,_T,Total,_T,Total,H,Historical,2001,,10286571,,A,Normal value,0,Units,0,Zero
DATAFLOW,OECD.ELS.SAE:DSD_POPULATION@DF_POP_HIST(1.0),Historical population data,I,BEL,Belgium,POP,Population,PS,Persons,_T,Total,_T,Total,H,Historical,2002,,10332786,,A,Normal value,0,Units,0,Zero
DATAFLOW,OECD.ELS.SAE:DSD_POPULATION@DF_POP_HIST(1.0),Historical population data,I,BEL,Belgium,POP,Population,PS,Persons,_T,Total,_T,Total,H,Historical,2003,,10376131,,A,Normal value,0,Units,0,Zero
DATAFLOW,OECD.ELS.SAE:DSD_POPULATION@DF_POP_HIST(1.0),Historical population data,I,BEL,Belgium,POP,Population,PS,Persons,_T,Total,_T,Total,H,Historical,2004,,10421136,,A,Normal value,0,Units,0,Zero
DATAFLOW,OECD.ELS.SAE:DSD_POPULATION@DF_POP_HIST(1.0),Historical population data,I,BEL,Belgium,POP,Population,PS,Persons,_T,Total,_T,Total,H,Historical,2005,,10478620,,A,Normal value,0,Units,0,Zero
DATAFLOW,OECD.ELS.SAE:DSD_POPULATION@DF_POP_HIST(1.0),Historical population data,I,BEL,Belgium,POP,Population,PS,Persons,_T,Total,_T,Total,H,Historical,2006,,10547956,,A,Normal value,0,Units,0,Zero
DATAFLOW,OECD.ELS.SAE:DSD_POPULATION@DF_POP_HIST(1.0),Historical population data,I,BEL,Belgium,POP,Population,PS,Persons,_T,Total,_T,Total,H,Historical,2007,,10624835,,A,Normal value,0,Units,0,Zero
DATAFLOW,OECD.ELS.SAE:DSD_POPULATION@DF_POP_HIST(1.0),Historical population data,I,BEL,Belgium,POP,Population,PS,Persons,_T,Total,_T,Total,H,Historical,2008,,10709108,,A,Normal value,0,Units,0,Zero
DATAFLOW,OECD.ELS.SAE:DSD_POPULATION@DF_POP_HIST(1.0),Historical population data,I,BEL,Belgium,POP,Population,PS,Persons,_T,Total,_T,Total,H,Historical,2009,,10796498,,A,Normal value,0,Units,0,Zero
DATAFLOW,OECD.ELS.SAE:DSD_POPULATION@DF_POP_HIST(1.0),Historical population data,I,BEL,Belgium,POP,Population,PS,Persons,_T,Total,_T,Total,H,Historical,2010,,10895591,,A,Normal value,0,Units,0,Zero
DATAFLOW,OECD.ELS.SAE:DSD_POPULATION@DF_POP_HIST(1.0),Historical population data,I,BEL,Belgium,POP,Population,PS,Persons,_T,Total,_T,Total,H,Historical,2011,,10993609,,A,Normal value,0,Units,0,Zero
DATAFLOW,OECD.ELS.SAE:DSD_POPULATION@DF_POP_HIST(1.0),Historical population data,I,BEL,Belgium,POP,Population,PS,Persons,_T,Total,_T,Total,H,Historical,2012,,11067748,,A,Normal value,0,Units,0,Zero
DATAFLOW,OECD.ELS.SAE:DSD_POPULATION@DF_POP_HIST(1.0),Historical population data,I,BEL,Belgium,POP,Population,PS,Persons,_T,Total,_T,Total,H,Historical,2013,,11125033,,A,Normal value,0,Units,0,Zero
DATAFLOW,OECD.ELS.SAE:DSD_POPULATION@DF_POP_HIST(1.0),Historical population data,I,BEL,Belgium,POP,Population,PS,Persons,_T,Total,_T,Total,H,Historical,2014,,11179778,,A,Normal value,0,Units,0,Zero
DATAFLOW,OECD.ELS.SAE:DSD_POPULATION@DF_POP_HIST(1.0),Historical population data,I,BEL,Belgium,POP,Population,PS,Persons,_T,Total,_T,Total,H,Historical,2015,,11238474,,A,Normal value,0,Units,0,Zero
DATAFLOW,OECD.ELS.SAE:DSD_POPULATION@DF_POP_HIST(1.0),Historical population data,I,BEL,Belgium,POP,Population,PS,Persons,_T,Total,_T,Total,H,Historical,2016,,11295003,,A,Normal value,0,Units,0,Zero
DATAFLOW,OECD.ELS.SAE:DSD_POPULATION@DF_POP_HIST(1.0),Historical population data,I,BEL,Belgium,POP,Population,PS,Persons,_T,Total,_T,Total,H,Historical,2017,,11349081,,A,Normal value,0,Units,0,Zero
DATAFLOW,OECD.ELS.SAE:DSD_POPULATION@DF_POP_HIST(1.0),Historical population data,I,BEL,Belgium,POP,Population,PS,Persons,_T,Total,_T,Total,H,Historical,2018,,11403740,,A,Normal value,0,Units,0,Zero
DATAFLOW,OECD.ELS.SAE:DSD_POPULATION@DF_POP_HIST(1.0),Historical population data,I,BEL,Belgium,POP,Population,PS,Persons,_T,Total,_T,Total,H,Historical,2019,,11462023,,A,Normal value,0,Units,0,Zero
DATAFLOW,OECD.ELS.SAE:DSD_POPULATION@DF_POP_HIST(1.0),Historical population data,I,BEL,Belgium,POP,Population,PS,Persons,_T,Total,_T,Total,H,Historical,2020,,11506938,,A,Normal value,0,Units,0,Zero
DATAFLOW,OECD.ELS.SAE:DSD_POPULATION@DF_POP_HIST(1.0),Historical population data,I,BEL,Belgium,POP,Population,PS,Persons,_T,Total,_T,Total,H,Historical,2021,,11552615,,A,Normal value,0,Units,0,Zero
DATAFLOW,OECD.ELS.SAE:DSD_POPULATION@DF_POP_HIST(1.0),Historical population data,I,BEL,Belgium,POP,Population,PS,Persons,_T,Total,_T,Total,H,Historical,2022,,11640788,,A,Normal value,0,Units,0,Zero
DATAFLOW,OECD.ELS.SAE:DSD_POPULATION@DF_POP_HIST(1.0),Historical population data,I,CHL,Chile,POP,Population,PS,Persons,_T,Total,_T,Total,H,Historical,1969,,9385028,,A,Normal value,0,Units,0,Zero
DATAFLOW,OECD.ELS.SAE:DSD_POPULATION@DF_POP_HIST(1.0),Historical population data,I,CHL,Chile,POP,Population,PS,Persons,_T,Total,_T,Total,H,Historical,1970,,9569631,,A,Normal value,0,Units,0,Zero
DATAFLOW,OECD.ELS.SAE:DSD_POPULATION@DF_POP_HIST(1.0),Historical population data,I,CHL,Chile,POP,Population,PS,Persons,_T,Total,_T,Total,H,Historical,1971,,9738347,,A,Normal value,0,Units,0,Zero
DATAFLOW,OECD.ELS.SAE:DSD_POPULATION@DF_POP_HIST(1.0),Historical population data,I,CHL,Chile,POP,Population,PS,Persons,_T,Total,_T,Total,H,Historical,1972,,9907065,,A,Normal value,0,Units,0,Zero
DATAFLOW,OECD.ELS.SAE:DSD_POPULATION@DF_POP_HIST(1.0),Historical population data,I,CHL,Chile,POP,Population,PS,Persons,_T,Total,_T,Total,H,Historical,1973,,10075782,,A,Normal value,0,Units,0,Zero
DATAFLOW,OECD.ELS.SAE:DSD_POPULATION@DF_POP_HIST(1.0),Historical population data,I,CHL,Chile,POP,Population,PS,Persons,_T,Total,_T,Total,H,Historical,1974,,10244501,,A,Normal value,0,Units,0,Zero
DATAFLOW,OECD.ELS.SAE:DSD_POPULATION@DF_POP_HIST(1.0),Historical population data,I,CHL,Chile,POP,Population,PS,Persons,_T,Total,_T,Total,H,Historical,1975,,10413219,,A,Normal value,0,Units,0,Zero
DATAFLOW,OECD.ELS.SAE:DSD_POPULATION@DF_POP_HIST(1.0),Historical population data,I,CHL,Chile,POP,Population,PS,Persons,_T,Total,_T,Total,H,Historical,1976,,10565409,,A,Normal value,0,Units,0,Zero
DATAFLOW,OECD.ELS.SAE:DSD_POPULATION@DF_POP_HIST(1.0),Historical population data,I,CHL,Chile,POP,Population,PS,Persons,_T,Total,_T,Total,H,Historical,1977,,10717600,,A,Normal value,0,Units,0,Zero
DATAFLOW,OECD.ELS.SAE:DSD_POPULATION@DF_POP_HIST(1.0),Historical population data,I,CHL,Chile,POP,Population,PS,Persons,_T,Total,_T,Total,H,Historical,1978,,10869791,,A,Normal value,0,Units,0,Zero
DATAFLOW,OECD.ELS.SAE:DSD_POPULATION@DF_POP_HIST(1.0),Historical population data,I,CHL,Chile,POP,Population,PS,Persons,_T,Total,_T,Total,H,Historical,1979,,11021982,,A,Normal value,0,Units,0,Zero
DATAFLOW,OECD.ELS.SAE:DSD_POPULATION@DF_POP_HIST(1.0),Historical population data,I,CHL,Chile,POP,Population,PS,Persons,_T,Total,_T,Total,H,Historical,1980,,11174173,,A,Normal value,0,Units,0,Zero
DATAFLOW,OECD.ELS.SAE:DSD_POPULATION@DF_POP_HIST(1.0),Historical population data,I,CHL,Chile,POP,Population,PS,Persons,_T,Total,_T,Total,H,Historical,1981,,11359773,,A,Normal value,0,Units,0,Zero
DATAFLOW,OECD.ELS.SAE:DSD_POPULATION@DF_POP_HIST(1.0),Historical population data,I,CHL,Chile,POP,Population,PS,Persons,_T,Total,_T,Total,H,Historical,1982,,11545372,,A,Normal value,0,Units,0,Zero
DATAFLOW,OECD.ELS.SAE:DSD_POPULATION@DF_POP_HIST(1.0),Historical population data,I,CHL,Chile,POP,Population,PS,Persons,_T,Total,_T,Total,H,Historical,1983,,11730972,,A,Normal value,0,Units,0,Zero
DATAFLOW,OECD.ELS.SAE:DSD_POPULATION@DF_POP_HIST(1.0),Historical population data,I,CHL,Chile,POP,Population,PS,Persons,_T,Total,_T,Total,H,Historical,1984,,11916572,,A,Normal value,0,Units,0,Zero
DATAFLOW,OECD.ELS.SAE:DSD_POPULATION@DF_POP_HIST(1.0),Historical population data,I,CHL,Chile,POP,Population,PS,Persons,_T,Total,_T,Total,H,Historical,1985,,12102174,,A,Normal value,0,Units,0,Zero
DATAFLOW,OECD.ELS.SAE:DSD_POPULATION@DF_POP_HIST(1.0),Historical population data,I,CHL,Chile,POP,Population,PS,Persons,_T,Total,_T,Total,H,Historical,1986,,12317494,,A,Normal value,0,Units,0,Zero
DATAFLOW,OECD.ELS.SAE:DSD_POPULATION@DF_POP_HIST(1.0),Historical population data,I,CHL,Chile,POP,Population,PS,Persons,_T,Total,_T,Total,H,Historical,1987,,12532815,,A,Normal value,0,Units,0,Zero
DATAFLOW,OECD.ELS.SAE:DSD_POPULATION@DF_POP_HIST(1.0),Historical population data,I,CHL,Chile,POP,Population,PS,Persons,_T,Total,_T,Total,H,Historical,1988,,12748135,,A,Normal value,0,Units,0,Zero
DATAFLOW,OECD.ELS.SAE:DSD_POPULATION@DF_POP_HIST(1.0),Historical population data,I,CHL,Chile,POP,Population,PS,Persons,_T,Total,_T,Total,H,Historical,1989,,12963457,,A,Normal value,0,Units,0,Zero
DATAFLOW,OECD.ELS.SAE:DSD_POPULATION@DF_POP_HIST(1.0),Historical population data,I,CHL,Chile,POP,Population,PS,Persons,_T,Total,_T,Total,H,Historical,1990,,13178782,,A,Normal value,0,Units,0,Zero
DATAFLOW,OECD.ELS.SAE:DSD_POPULATION@DF_POP_HIST(1.0),Historical population data,I,CHL,Chile,POP,Population,PS,Persons,_T,Total,_T,Total,H,Historical,1991,,13422010,,A,Normal value,0,Units,0,Zero
DATAFLOW,OECD.ELS.SAE:DSD_POPULATION@DF_POP_HIST(1.0),Historical population data,I,CHL,Chile,POP,Population,PS,Persons,_T,Total,_T,Total,H,Historical,1992,,13737062,,A,Normal value,0,Units,0,Zero
DATAFLOW,OECD.ELS.SAE:DSD_POPULATION@DF_POP_HIST(1.0),Historical population data,I,CHL,Chile,POP,Population,PS,Persons,_T,Total,_T,Total,H,Historical,1993,,13956766,,A,Normal value,0,Units,0,Zero
DATAFLOW,OECD.ELS.SAE:DSD_POPULATION@DF_POP_HIST(1.0),Historical population data,I,CHL,Chile,POP,Population,PS,Persons,_T,Total,_T,Total,H,Historical,1994,,14171821,,A,Normal value,0,Units,0,Zero
DATAFLOW,OECD.ELS.SAE:DSD_POPULATION@DF_POP_HIST(1.0),Historical population data,I,CHL,Chile,POP,Population,PS,Persons,_T,Total,_T,Total,H,Historical,1995,,14381249,,A,Normal value,0,Units,0,Zero
DATAFLOW,OECD.ELS.SAE:DSD_POPULATION@DF_POP_HIST(1.0),Historical population data,I,CHL,Chile,POP,Population,PS,Persons,_T,Total,_T,Total,H,Historical,1996,,14584947,,A,Normal value,0,Units,0,Zero
DATAFLOW,OECD.ELS.SAE:DSD_POPULATION@DF_POP_HIST(1.0),Historical population data,I,CHL,Chile,POP,Population,PS,Persons,_T,Total,_T,Total,H,Historical,1997,,14782706,,A,Normal value,0,Units,0,Zero
DATAFLOW,OECD.ELS.SAE:DSD_POPULATION@DF_POP_HIST(1.0),Historical population data,I,CHL,Chile,POP,Population,PS,Persons,_T,Total,_T,Total,H,Historical,1998,,14974898,,A,Normal value,0,Units,0,Zero
DATAFLOW,OECD.ELS.SAE:DSD_POPULATION@DF_POP_HIST(1.0),Historical population data,I,CHL,Chile,POP,Population,PS,Persons,_T,Total,_T,Total,H,Historical,1999,,15162353,,A,Normal value,0,Units,0,Zero
DATAFLOW,OECD.ELS.SAE:DSD_POPULATION@DF_POP_HIST(1.0),Historical population data,I,CHL,Chile,POP,Population,PS,Persons,_T,Total,_T,Total,H,Historical,2000,,15343326,,A,Normal value,0,Units,0,Zero
DATAFLOW,OECD.ELS.SAE:DSD_POPULATION@DF_POP_HIST(1.0),Historical population data,I,CHL,Chile,POP,Population,PS,Persons,_T,Total,_T,Total,H,Historical,2001,,15520049,,A,Normal value,0,Units,0,Zero
DATAFLOW,OECD.ELS.SAE:DSD_POPULATION@DF_POP_HIST(1.0),Historical population data,I,CHL,Chile,POP,Population,PS,Persons,_T,Total,_T,Total,H,Historical,2002,,15691701,,A,Normal value,0,Units,0,Zero
DATAFLOW,OECD.ELS.SAE:DSD_POPULATION@DF_POP_HIST(1.0),Historical population data,I,CHL,Chile,POP,Population,PS,Persons,_T,Total,_T,Total,H,Historical,2003,,15856977,,A,Normal value,0,Units,0,Zero
DATAFLOW,OECD.ELS.SAE:DSD_POPULATION@DF_POP_HIST(1.0),Historical population data,I,CHL,Chile,POP,Population,PS,Persons,_T,Total,_T,Total,H,Historical,2004,,16022133,,A,Normal value,0,Units,0,Zero
DATAFLOW,OECD.ELS.SAE:DSD_POPULATION@DF_POP_HIST(1.0),Historical population data,I,CHL,Chile,POP,Population,PS,Persons,_T,Total,_T,Total,H,Historical,2005,,16183489,,A,Normal value,0,Units,0,Zero
DATAFLOW,OECD.ELS.SAE:DSD_POPULATION@DF_POP_HIST(1.0),Historical population data,I,CHL,Chile,POP,Population,PS,Persons,_T,Total,_T,Total,H,Historical,2006,,16347890,,A,Normal value,0,Units,0,Zero
DATAFLOW,OECD.ELS.SAE:DSD_POPULATION@DF_POP_HIST(1.0),Historical population data,I,CHL,Chile,POP,Population,PS,Persons,_T,Total,_T,Total,H,Historical,2007,,16517933,,A,Normal value,0,Units,0,Zero
DATAFLOW,OECD.ELS.SAE:DSD_POPULATION@DF_POP_HIST(1.0),Historical population data,I,CHL,Chile,POP,Population,PS,Persons,_T,Total,_T,Total,H,Historical,2008,,16697754,,A,Normal value,0,Units,0,Zero
DATAFLOW,OECD.ELS.SAE:DSD_POPULATION@DF_POP_HIST(1.0),Historical population data,I,CHL,Chile,POP,Population,PS,Persons,_T,Total,_T,Total,H,Historical,2009,,16881078,,A,Normal value,0,Units,0,Zero
DATAFLOW,OECD.ELS.SAE:DSD_POPULATION@DF_POP_HIST(1.0),Historical population data,I,CHL,Chile,POP,Population,PS,Persons,_T,Total,_T,Total,H,Historical,2010,,17063927,,A,Normal value,0,Units,0,Zero
DATAFLOW,OECD.ELS.SAE:DSD_POPULATION@DF_POP_HIST(1.0),Historical population data,I,CHL,Chile,POP,Population,PS,Persons,_T,Total,_T,Total,H,Historical,2011,,17254159,,A,Normal value,0,Units,0,Zero
DATAFLOW,OECD.ELS.SAE:DSD_POPULATION@DF_POP_HIST(1.0),Historical population data,I,CHL,Chile,POP,Population,PS,Persons,_T,Total,_T,Total,H,Historical,2012,,17443491,,A,Normal value,0,Units,0,Zero
DATAFLOW,OECD.ELS.SAE:DSD_POPULATION@DF_POP_HIST(1.0),Historical population data,I,CHL,Chile,POP,Population,PS,Persons,_T,Total,_T,Total,H,Historical,2013,,17611902,,A,Normal value,0,Units,0,Zero
DATAFLOW,OECD.ELS.SAE:DSD_POPULATION@DF_POP_HIST(1.0),Historical population data,I,CHL,Chile,POP,Population,PS,Persons,_T,Total,_T,Total,H,Historical,2014,,17787617,,A,Normal value,0,Units,0,Zero
DATAFLOW,OECD.ELS.SAE:DSD_POPULATION@DF_POP_HIST(1.0),Historical population data,I,CHL,Chile,POP,Population,PS,Persons,_T,Total,_T,Total,H,Historical,2015,,17971423,,A,Normal value,0,Units,0,Zero
DATAFLOW,OECD.ELS.SAE:DSD_POPULATION@DF_POP_HIST(1.0),Historical population data,I,CHL,Chile,POP,Population,PS,Persons,_T,Total,_T,Total,H,Historical,2016,,18167147,,A,Normal value,0,Units,0,Zero
DATAFLOW,OECD.ELS.SAE:DSD_POPULATION@DF_POP_HIST(1.0),Historical population data,I,CHL,Chile,POP,Population,PS,Persons,_T,Total,_T,Total,H,Historical,2017,,18419192,,A,Normal value,0,Units,0,Zero
DATAFLOW,OECD.ELS.SAE:DSD_POPULATION@DF_POP_HIST(1.0),Historical population data,I,CHL,Chile,POP,Population,PS,Persons,_T,Total,_T,Total,H,Historical,2018,,18751405,,A,Normal value,0,Units,0,Zero
DATAFLOW,OECD.ELS.SAE:DSD_POPULATION@DF_POP_HIST(1.0),Historical population data,I,CHL,Chile,POP,Population,PS,Persons,_T,Total,_T,Total,H,Historical,2019,,19107216,,A,Normal value,0,Units,0,Zero
DATAFLOW,OECD.ELS.SAE:DSD_POPULATION@DF_POP_HIST(1.0),Historical population data,I,CHL,Chile,POP,Population,PS,Persons,_T,Total,_T,Total,H,Historical,2020,,19458310,,A,Normal value,0,Units,0,Zero
DATAFLOW,OECD.ELS.SAE:DSD_POPULATION@DF_POP_HIST(1.0),Historical population data,I,CHL,Chile,POP,Population,PS,Persons,_T,Total,_T,Total,H,Historical,2021,,19678363,,A,Normal value,0,Units,0,Zero
DATAFLOW,OECD.ELS.SAE:DSD_POPULATION@DF_POP_HIST(1.0),Historical population data,I,CHL,Chile,POP,Population,PS,Persons,_T,Total,_T,Total,H,Historical,2022,,19828563,,A,Normal value,0,Units,0,Zero
DATAFLOW,OECD.ELS.SAE:DSD_POPULATION@DF_POP_HIST(1.0),Historical population data,I,COL,Colombia,POP,Population,PS,Persons,_T,Total,_T,Total,H,Historical,1969,,22274200,,A,Normal value,0,Units,0,Zero
DATAFLOW,OECD.ELS.SAE:DSD_POPULATION@DF_POP_HIST(1.0),Historical population data,I,COL,Colombia,POP,Population,PS,Persons,_T,Total,_T,Total,H,Historical,1970,,22780007,,A,Normal value,0,Units,0,Zero
DATAFLOW,OECD.ELS.SAE:DSD_POPULATION@DF_POP_HIST(1.0),Historical population data,I,COL,Colombia,POP,Population,PS,Persons,_T,Total,_T,Total,H,Historical,1971,,23277852,,A,Normal value,0,Units,0,Zero
DATAFLOW,OECD.ELS.SAE:DSD_POPULATION@DF_POP_HIST(1.0),Historical population data,I,COL,Colombia,POP,Population,PS,Persons,_T,Total,_T,Total,H,Historical,1972,,23767130,,A,Normal value,0,Units,0,Zero
DATAFLOW,OECD.ELS.SAE:DSD_POPULATION@DF_POP_HIST(1.0),Historical population data,I,COL,Colombia,POP,Population,PS,Persons,_T,Total,_T,Total,H,Historical,1973,,24248669,,A,Normal value,0,Units,0,Zero
DATAFLOW,OECD.ELS.SAE:DSD_POPULATION@DF_POP_HIST(1.0),Historical population data,I,COL,Colombia,POP,Population,PS,Persons,_T,Total,_T,Total,H,Historical,1974,,24724874,,A,Normal value,0,Units,0,Zero
DATAFLOW,OECD.ELS.SAE:DSD_POPULATION@DF_POP_HIST(1.0),Historical population data,I,COL,Colombia,POP,Population,PS,Persons,_T,Total,_T,Total,H,Historical,1975,,25199544,,A,Normal value,0,Units,0,Zero
DATAFLOW,OECD.ELS.SAE:DSD_POPULATION@DF_POP_HIST(1.0),Historical population data,I,COL,Colombia,POP,Population,PS,Persons,_T,Total,_T,Total,H,Historical,1976,,25677586,,A,Normal value,0,Units,0,Zero
DATAFLOW,OECD.ELS.SAE:DSD_POPULATION@DF_POP_HIST(1.0),Historical population data,I,COL,Colombia,POP,Population,PS,Persons,_T,Total,_T,Total,H,Historical,1977,,26163065,,A,Normal value,0,Units,0,Zero
DATAFLOW,OECD.ELS.SAE:DSD_POPULATION@DF_POP_HIST(1.0),Historical population data,I,COL,Colombia,POP,Population,PS,Persons,_T,Total,_T,Total,H,Historical,1978,,26658672,,A,Normal value,0,Units,0,Zero
DATAFLOW,OECD.ELS.SAE:DSD_POPULATION@DF_POP_HIST(1.0),Historical population data,I,COL,Colombia,POP,Population,PS,Persons,_T,Total,_T,Total,H,Historical,1979,,27165971,,A,Normal value,0,Units,0,Zero
DATAFLOW,OECD.ELS.SAE:DSD_POPULATION@DF_POP_HIST(1.0),Historical population data,I,COL,Colombia,POP,Population,PS,Persons,_T,Total,_T,Total,H,Historical,1980,,27684385,,A,Normal value,0,Units,0,Zero
DATAFLOW,OECD.ELS.SAE:DSD_POPULATION@DF_POP_HIST(1.0),Historical population data,I,COL,Colombia,POP,Population,PS,Persons,_T,Total,_T,Total,H,Historical,1981,,28212667,,A,Normal value,0,Units,0,Zero
DATAFLOW,OECD.ELS.SAE:DSD_POPULATION@DF_POP_HIST(1.0),Historical population data,I,COL,Colombia,POP,Population,PS,Persons,_T,Total,_T,Total,H,Historical,1982,,28748586,,A,Normal value,0,Units,0,Zero
DATAFLOW,OECD.ELS.SAE:DSD_POPULATION@DF_POP_HIST(1.0),Historical population data,I,COL,Colombia,POP,Population,PS,Persons,_T,Total,_T,Total,H,Historical,1983,,29289744,,A,Normal value,0,Units,0,Zero
DATAFLOW,OECD.ELS.SAE:DSD_POPULATION@DF_POP_HIST(1.0),Historical population data,I,COL,Colombia,POP,Population,PS,Persons,_T,Total,_T,Total,H,Historical,1984,,29842691,,A,Normal value,0,Units,0,Zero
DATAFLOW,OECD.ELS.SAE:DSD_POPULATION@DF_POP_HIST(1.0),Historical population data,I,COL,Colombia,POP,Population,PS,Persons,_T,Total,_T,Total,H,Historical,1985,,30419892,,A,Normal value,0,Units,0,Zero
DATAFLOW,OECD.ELS.SAE:DSD_POPULATION@DF_POP_HIST(1.0),Historical population data,I,COL,Colombia,POP,Population,PS,Persons,_T,Total,_T,Total,H,Historical,1986,,30980812,,A,Normal value,0,Units,0,Zero
DATAFLOW,OECD.ELS.SAE:DSD_POPULATION@DF_POP_HIST(1.0),Historical population data,I,COL,Colombia,POP,Population,PS,Persons,_T,Total,_T,Total,H,Historical,1987,,31550132,,A,Normal value,0,Units,0,Zero
DATAFLOW,OECD.ELS.SAE:DSD_POPULATION@DF_POP_HIST(1.0),Historical population data,I,COL,Colombia,POP,Population,PS,Persons,_T,Total,_T,Total,H,Historical,1988,,32124173,,A,Normal value,0,Units,0,Zero
DATAFLOW,OECD.ELS.SAE:DSD_POPULATION@DF_POP_HIST(1.0),Historical population data,I,COL,Colombia,POP,Population,PS,Persons,_T,Total,_T,Total,H,Historical,1989,,32697847,,A,Normal value,0,Units,0,Zero
DATAFLOW,OECD.ELS.SAE:DSD_POPULATION@DF_POP_HIST(1.0),Historical population data,I,COL,Colombia,POP,Population,PS,Persons,_T,Total,_T,Total,H,Historical,1990,,33268154,,A,Normal value,0,Units,0,Zero
DATAFLOW,OECD.ELS.SAE:DSD_POPULATION@DF_POP_HIST(1.0),Historical population data,I,COL,Colombia,POP,Population,PS,Persons,_T,Total,_T,Total,H,Historical,1991,,33840991,,A,Normal value,0,Units,0,Zero
DATAFLOW,OECD.ELS.SAE:DSD_POPULATION@DF_POP_HIST(1.0),Historical population data,I,COL,Colombia,POP,Population,PS,Persons,_T,Total,_T,Total,H,Historical,1992,,34425915,,A,Normal value,0,Units,0,Zero
DATAFLOW,OECD.ELS.SAE:DSD_POPULATION@DF_POP_HIST(1.0),Historical population data,I,COL,Colombia,POP,Population,PS,Persons,_T,Total,_T,Total,H,Historical,1993,,35032308,,A,Normal value,0,Units,0,Zero
DATAFLOW,OECD.ELS.SAE:DSD_POPULATION@DF_POP_HIST(1.0),Historical population data,I,COL,Colombia,POP,Population,PS,Persons,_T,Total,_T,Total,H,Historical,1994,,35629174,,A,Normal value,0,Units,0,Zero
DATAFLOW,OECD.ELS.SAE:DSD_POPULATION@DF_POP_HIST(1.0),Historical population data,I,COL,Colombia,POP,Population,PS,Persons,_T,Total,_T,Total,H,Historical,1995,,36229830,,A,Normal value,0,Units,0,Zero
DATAFLOW,OECD.ELS.SAE:DSD_POPULATION@DF_POP_HIST(1.0),Historical population data,I,COL,Colombia,POP,Population,PS,Persons,_T,Total,_T,Total,H,Historical,1996,,36830574,,A,Normal value,0,Units,0,Zero
DATAFLOW,OECD.ELS.SAE:DSD_POPULATION@DF_POP_HIST(1.0),Historical population data,I,COL,Colombia,POP,Population,PS,Persons,_T,Total,_T,Total,H,Historical,1997,,37426532,,A,Normal value,0,Units,0,Zero
DATAFLOW,OECD.ELS.SAE:DSD_POPULATION@DF_POP_HIST(1.0),Historical population data,I,COL,Colombia,POP,Population,PS,Persons,_T,Total,_T,Total,H,Historical,1998,,38012359,,A,Normal value,0,Units,0,Zero
DATAFLOW,OECD.ELS.SAE:DSD_POPULATION@DF_POP_HIST(1.0),Historical population data,I,COL,Colombia,POP,Population,PS,Persons,_T,Total,_T,Total,H,Historical,1999,,38585016,,A,Normal value,0,Units,0,Zero
DATAFLOW,OECD.ELS.SAE:DSD_POPULATION@DF_POP_HIST(1.0),Historical population data,I,COL,Colombia,POP,Population,PS,Persons,_T,Total,_T,Total,H,Historical,2000,,39140080,,A,Normal value,0,Units,0,Zero
DATAFLOW,OECD.ELS.SAE:DSD_POPULATION@DF_POP_HIST(1.0),Historical population data,I,COL,Colombia,POP,Population,PS,Persons,_T,Total,_T,Total,H,Historical,2001,,39674811,,A,Normal value,0,Units,0,Zero
DATAFLOW,OECD.ELS.SAE:DSD_POPULATION@DF_POP_HIST(1.0),Historical population data,I,COL,Colombia,POP,Population,PS,Persons,_T,Total,_T,Total,H,Historical,2002,,40190679,,A,Normal value,0,Units,0,Zero
DATAFLOW,OECD.ELS.SAE:DSD_POPULATION@DF_POP_HIST(1.0),Historical population data,I,COL,Colombia,POP,Population,PS,Persons,_T,Total,_T,Total,H,Historical,2003,,40693254,,A,Normal value,0,Units,0,Zero
DATAFLOW,OECD.ELS.SAE:DSD_POPULATION@DF_POP_HIST(1.0),Historical population data,I,COL,Colombia,POP,Population,PS,Persons,_T,Total,_T,Total,H,Historical,2004,,41188093,,A,Normal value,0,Units,0,Zero
DATAFLOW,OECD.ELS.SAE:DSD_POPULATION@DF_POP_HIST(1.0),Historical population data,I,COL,Colombia,POP,Population,PS,Persons,_T,Total,_T,Total,H,Historical,2005,,41671878,,A,Normal value,0,Units,0,Zero
DATAFLOW,OECD.ELS.SAE:DSD_POPULATION@DF_POP_HIST(1.0),Historical population data,I,COL,Colombia,POP,Population,PS,Persons,_T,Total,_T,Total,H,Historical,2006,,42170126,,A,Normal value,0,Units,0,Zero
DATAFLOW,OECD.ELS.SAE:DSD_POPULATION@DF_POP_HIST(1.0),Historical population data,I,COL,Colombia,POP,Population,PS,Persons,_T,Total,_T,Total,H,Historical,2007,,42658630,,A,Normal value,0,Units,0,Zero
DATAFLOW,OECD.ELS.SAE:DSD_POPULATION@DF_POP_HIST(1.0),Historical population data,I,COL,Colombia,POP,Population,PS,Persons,_T,Total,_T,Total,H,Historical,2008,,43134017,,A,Normal value,0,Units,0,Zero
DATAFLOW,OECD.ELS.SAE:DSD_POPULATION@DF_POP_HIST(1.0),Historical population data,I,COL,Colombia,POP,Population,PS,Persons,_T,Total,_T,Total,H,Historical,2009,,43608630,,A,Normal value,0,Units,0,Zero
DATAFLOW,OECD.ELS.SAE:DSD_POPULATION@DF_POP_HIST(1.0),Historical population data,I,COL,Colombia,POP,Population,PS,Persons,_T,Total,_T,Total,H,Historical,2010,,44086292,,A,Normal value,0,Units,0,Zero
DATAFLOW,OECD.ELS.SAE:DSD_POPULATION@DF_POP_HIST(1.0),Historical population data,I,COL,Colombia,POP,Population,PS,Persons,_T,Total,_T,Total,H,Historical,2011,,44553416,,A,Normal value,0,Units,0,Zero
DATAFLOW,OECD.ELS.SAE:DSD_POPULATION@DF_POP_HIST(1.0),Historical population data,I,COL,Colombia,POP,Population,PS,Persons,_T,Total,_T,Total,H,Historical,2012,,45001571,,A,Normal value,0,Units,0,Zero
DATAFLOW,OECD.ELS.SAE:DSD_POPULATION@DF_POP_HIST(1.0),Historical population data,I,COL,Colombia,POP,Population,PS,Persons,_T,Total,_T,Total,H,Historical,2013,,45434942,,A,Normal value,0,Units,0,Zero
DATAFLOW,OECD.ELS.SAE:DSD_POPULATION@DF_POP_HIST(1.0),Historical population data,I,COL,Colombia,POP,Population,PS,Persons,_T,Total,_T,Total,H,Historical,2014,,45866010,,A,Normal value,0,Units,0,Zero
DATAFLOW,OECD.ELS.SAE:DSD_POPULATION@DF_POP_HIST(1.0),Historical population data,I,COL,Colombia,POP,Population,PS,Persons,_T,Total,_T,Total,H,Historical,2015,,46313898,,A,Normal value,0,Units,0,Zero
DATAFLOW,OECD.ELS.SAE:DSD_POPULATION@DF_POP_HIST(1.0),Historical population data,I,COL,Colombia,POP,Population,PS,Persons,_T,Total,_T,Total,H,Historical,2016,,46830116,,A,Normal value,0,Units,0,Zero
DATAFLOW,OECD.ELS.SAE:DSD_POPULATION@DF_POP_HIST(1.0),Historical population data,I,COL,Colombia,POP,Population,PS,Persons,_T,Total,_T,Total,H,Historical,2017,,47419200,,A,Normal value,0,Units,0,Zero
DATAFLOW,OECD.ELS.SAE:DSD_POPULATION@DF_POP_HIST(1.0),Historical population data,I,COL,Colombia,POP,Population,PS,Persons,_T,Total,_T,Total,H,Historical,2018,,48258494,,A,Normal value,0,Units,0,Zero
DATAFLOW,OECD.ELS.SAE:DSD_POPULATION@DF_POP_HIST(1.0),Historical population data,I,COL,Colombia,POP,Population,PS,Persons,_T,Total,_T,Total,H,Historical,2019,,49395678,,A,Normal value,0,Units,0,Zero
DATAFLOW,OECD.ELS.SAE:DSD_POPULATION@DF_POP_HIST(1.0),Historical population data,I,COL,Colombia,POP,Population,PS,Persons,_T,Total,_T,Total,H,Historical,2020,,50407647,,A,Normal value,0,Units,0,Zero
DATAFLOW,OECD.ELS.SAE:DSD_POPULATION@DF_POP_HIST(1.0),Historical population data,I,COL,Colombia,POP,Population,PS,Persons,_T,Total,_T,Total,H,Historical,2021,,51117378,,A,Normal value,0,Units,0,Zero
DATAFLOW,OECD.ELS.SAE:DSD_POPULATION@DF_POP_HIST(1.0),Historical population data,I,COL,Colombia,POP,Population,PS,Persons,_T,Total,_T,Total,H,Historical,2022,,51682692,,A,Normal value,0,Units,0,Zero
DATAFLOW,OECD.ELS.SAE:DSD_POPULATION@DF_POP_HIST(1.0),Historical population data,I,CZE,Czechia,POP,Population,PS,Persons,_T,Total,_T,Total,H,Historical,1969,,9896695,,A,Normal value,0,Units,0,Zero
DATAFLOW,OECD.ELS.SAE:DSD_POPULATION@DF_POP_HIST(1.0),Historical population data,I,CZE,Czechia,POP,Population,PS,Persons,_T,Total,_T,Total,H,Historical,1970,,9805157,,A,Normal value,0,Units,0,Zero
DATAFLOW,OECD.ELS.SAE:DSD_POPULATION@DF_POP_HIST(1.0),Historical population data,I,CZE,Czechia,POP,Population,PS,Persons,_T,Total,_T,Total,H,Historical,1971,,9830602,,A,Normal value,0,Units,0,Zero
DATAFLOW,OECD.ELS.SAE:DSD_POPULATION@DF_POP_HIST(1.0),Historical population data,I,CZE,Czechia,POP,Population,PS,Persons,_T,Total,_T,Total,H,Historical,1972,,9868379,,A,Normal value,0,Units,0,Zero
DATAFLOW,OECD.ELS.SAE:DSD_POPULATION@DF_POP_HIST(1.0),Historical population data,I,CZE,Czechia,POP,Population,PS,Persons,_T,Total,_T,Total,H,Historical,1973,,9919519,,A,Normal value,0,Units,0,Zero
DATAFLOW,OECD.ELS.SAE:DSD_POPULATION@DF_POP_HIST(1.0),Historical population data,I,CZE,Czechia,POP,Population,PS,Persons,_T,Total,_T,Total,H,Historical,1974,,9994761,,A,Normal value,0,Units,0,Zero
DATAFLOW,OECD.ELS.SAE:DSD_POPULATION@DF_POP_HIST(1.0),Historical population data,I,CZE,Czechia,POP,Population,PS,Persons,_T,Total,_T,Total,H,Historical,1975,,10062366,,A,Normal value,0,Units,0,Zero
DATAFLOW,OECD.ELS.SAE:DSD_POPULATION@DF_POP_HIST(1.0),Historical population data,I,CZE,Czechia,POP,Population,PS,Persons,_T,Total,_T,Total,H,Historical,1976,,10128220,,A,Normal value,0,Units,0,Zero
DATAFLOW,OECD.ELS.SAE:DSD_POPULATION@DF_POP_HIST(1.0),Historical population data,I,CZE,Czechia,POP,Population,PS,Persons,_T,Total,_T,Total,H,Historical,1977,,10189312,,A,Normal value,0,Units,0,Zero
DATAFLOW,OECD.ELS.SAE:DSD_POPULATION@DF_POP_HIST(1.0),Historical population data,I,CZE,Czechia,POP,Population,PS,Persons,_T,Total,_T,Total,H,Historical,1978,,10245686,,A,Normal value,0,Units,0,Zero
DATAFLOW,OECD.ELS.SAE:DSD_POPULATION@DF_POP_HIST(1.0),Historical population data,I,CZE,Czechia,POP,Population,PS,Persons,_T,Total,_T,Total,H,Historical,1979,,10296489,,A,Normal value,0,Units,0,Zero
DATAFLOW,OECD.ELS.SAE:DSD_POPULATION@DF_POP_HIST(1.0),Historical population data,I,CZE,Czechia,POP,Population,PS,Persons,_T,Total,_T,Total,H,Historical,1980,,10326792,,A,Normal value,0,Units,0,Zero
DATAFLOW,OECD.ELS.SAE:DSD_POPULATION@DF_POP_HIST(1.0),Historical population data,I,CZE,Czechia,POP,Population,PS,Persons,_T,Total,_T,Total,H,Historical,1981,,10303208,,A,Normal value,0,Units,0,Zero
DATAFLOW,OECD.ELS.SAE:DSD_POPULATION@DF_POP_HIST(1.0),Historical population data,I,CZE,Czechia,POP,Population,PS,Persons,_T,Total,_T,Total,H,Historical,1982,,10314321,,A,Normal value,0,Units,0,Zero
DATAFLOW,OECD.ELS.SAE:DSD_POPULATION@DF_POP_HIST(1.0),Historical population data,I,CZE,Czechia,POP,Population,PS,Persons,_T,Total,_T,Total,H,Historical,1983,,10322823,,A,Normal value,0,Units,0,Zero
DATAFLOW,OECD.ELS.SAE:DSD_POPULATION@DF_POP_HIST(1.0),Historical population data,I,CZE,Czechia,POP,Population,PS,Persons,_T,Total,_T,Total,H,Historical,1984,,10330481,,A,Normal value,0,Units,0,Zero
DATAFLOW,OECD.ELS.SAE:DSD_POPULATION@DF_POP_HIST(1.0),Historical population data,I,CZE,Czechia,POP,Population,PS,Persons,_T,Total,_T,Total,H,Historical,1985,,10336742,,A,Normal value,0,Units,0,Zero
DATAFLOW,OECD.ELS.SAE:DSD_POPULATION@DF_POP_HIST(1.0),Historical population data,I,CZE,Czechia,POP,Population,PS,Persons,_T,Total,_T,Total,H,Historical,1986,,10340737,,A,Normal value,0,Units,0,Zero
DATAFLOW,OECD.ELS.SAE:DSD_POPULATION@DF_POP_HIST(1.0),Historical population data,I,CZE,Czechia,POP,Population,PS,Persons,_T,Total,_T,Total,H,Historical,1987,,10348834,,A,Normal value,0,Units,0,Zero
DATAFLOW,OECD.ELS.SAE:DSD_POPULATION@DF_POP_HIST(1.0),Historical population data,I,CZE,Czechia,POP,Population,PS,Persons,_T,Total,_T,Total,H,Historical,1988,,10356359,,A,Normal value,0,Units,0,Zero
DATAFLOW,OECD.ELS.SAE:DSD_POPULATION@DF_POP_HIST(1.0),Historical population data,I,CZE,Czechia,POP,Population,PS,Persons,_T,Total,_T,Total,H,Historical,1989,,10362257,,A,Normal value,0,Units,0,Zero
DATAFLOW,OECD.ELS.SAE:DSD_POPULATION@DF_POP_HIST(1.0),Historical population data,I,CZE,Czechia,POP,Population,PS,Persons,_T,Total,_T,Total,H,Historical,1990,,10362740,,A,Normal value,0,Units,0,Zero
DATAFLOW,OECD.ELS.SAE:DSD_POPULATION@DF_POP_HIST(1.0),Historical population data,I,CZE,Czechia,POP,Population,PS,Persons,_T,Total,_T,Total,H,Historical,1991,,10308682,,A,Normal value,0,Units,0,Zero
DATAFLOW,OECD.ELS.SAE:DSD_POPULATION@DF_POP_HIST(1.0),Historical population data,I,CZE,Czechia,POP,Population,PS,Persons,_T,Total,_T,Total,H,Historical,1992,,10317807,,A,Normal value,0,Units,0,Zero
DATAFLOW,OECD.ELS.SAE:DSD_POPULATION@DF_POP_HIST(1.0),Historical population data,I,CZE,Czechia,POP,Population,PS,Persons,_T,Total,_T,Total,H,Historical,1993,,10330607,,A,Normal value,0,Units,0,Zero
DATAFLOW,OECD.ELS.SAE:DSD_POPULATION@DF_POP_HIST(1.0),Historical population data,I,CZE,Czechia,POP,Population,PS,Persons,_T,Total,_T,Total,H,Historical,1994,,10336162,,A,Normal value,0,Units,0,Zero
DATAFLOW,OECD.ELS.SAE:DSD_POPULATION@DF_POP_HIST(1.0),Historical population data,I,CZE,Czechia,POP,Population,PS,Persons,_T,Total,_T,Total,H,Historical,1995,,10330759,,A,Normal value,0,Units,0,Zero
DATAFLOW,OECD.ELS.SAE:DSD_POPULATION@DF_POP_HIST(1.0),Historical population data,I,CZE,Czechia,POP,Population,PS,Persons,_T,Total,_T,Total,H,Historical,1996,,10315353,,A,Normal value,0,Units,0,Zero
DATAFLOW,OECD.ELS.SAE:DSD_POPULATION@DF_POP_HIST(1.0),Historical population data,I,CZE,Czechia,POP,Population,PS,Persons,_T,Total,_T,Total,H,Historical,1997,,10303642,,A,Normal value,0,Units,0,Zero
DATAFLOW,OECD.ELS.SAE:DSD_POPULATION@DF_POP_HIST(1.0),Historical population data,I,CZE,Czechia,POP,Population,PS,Persons,_T,Total,_T,Total,H,Historical,1998,,10294943,,A,Normal value,0,Units,0,Zero
DATAFLOW,OECD.ELS.SAE:DSD_POPULATION@DF_POP_HIST(1.0),Historical population data,I,CZE,Czechia,POP,Population,PS,Persons,_T,Total,_T,Total,H,Historical,1999,,10282784,,A,Normal value,0,Units,0,Zero
DATAFLOW,OECD.ELS.SAE:DSD_POPULATION@DF_POP_HIST(1.0),Historical population data,I,CZE,Czechia,POP,Population,PS,Persons,_T,Total,_T,Total,H,Historical,2000,,10272503,,A,Normal value,0,Units,0,Zero
DATAFLOW,OECD.ELS.SAE:DSD_POPULATION@DF_POP_HIST(1.0),Historical population data,I,CZE,Czechia,POP,Population,PS,Persons,_T,Total,_T,Total,H,Historical,2001,,10224192,,A,Normal value,0,Units,0,Zero
DATAFLOW,OECD.ELS.SAE:DSD_POPULATION@DF_POP_HIST(1.0),Historical population data,I,CZE,Czechia,POP,Population,PS,Persons,_T,Total,_T,Total,H,Historical,2002,,10200774,,A,Normal value,0,Units,0,Zero
DATAFLOW,OECD.ELS.SAE:DSD_POPULATION@DF_POP_HIST(1.0),Historical population data,I,CZE,Czechia,POP,Population,PS,Persons,_T,Total,_T,Total,H,Historical,2003,,10201651,,A,Normal value,0,Units,0,Zero
DATAFLOW,OECD.ELS.SAE:DSD_POPULATION@DF_POP_HIST(1.0),Historical population data,I,CZE,Czechia,POP,Population,PS,Persons,_T,Total,_T,Total,H,Historical,2004,,10206923,,A,Normal value,0,Units,0,Zero
DATAFLOW,OECD.ELS.SAE:DSD_POPULATION@DF_POP_HIST(1.0),Historical population data,I,CZE,Czechia,POP,Population,PS,Persons,_T,Total,_T,Total,H,Historical,2005,,10234092,,A,Normal value,0,Units,0,Zero
DATAFLOW,OECD.ELS.SAE:DSD_POPULATION@DF_POP_HIST(1.0),Historical population data,I,CZE,Czechia,POP,Population,PS,Persons,_T,Total,_T,Total,H,Historical,2006,,10266646,,A,Normal value,0,Units,0,Zero
DATAFLOW,OECD.ELS.SAE:DSD_POPULATION@DF_POP_HIST(1.0),Historical population data,I,CZE,Czechia,POP,Population,PS,Persons,_T,Total,_T,Total,H,Historical,2007,,10322689,,A,Normal value,0,Units,0,Zero
DATAFLOW,OECD.ELS.SAE:DSD_POPULATION@DF_POP_HIST(1.0),Historical population data,I,CZE,Czechia,POP,Population,PS,Persons,_T,Total,_T,Total,H,Historical,2008,,10429692,,A,Normal value,0,Units,0,Zero
DATAFLOW,OECD.ELS.SAE:DSD_POPULATION@DF_POP_HIST(1.0),Historical population data,I,CZE,Czechia,POP,Population,PS,Persons,_T,Total,_T,Total,H,Historical,2009,,10491492,,A,Normal value,0,Units,0,Zero
DATAFLOW,OECD.ELS.SAE:DSD_POPULATION@DF_POP_HIST(1.0),Historical population data,I,CZE,Czechia,POP,Population,PS,Persons,_T,Total,_T,Total,H,Historical,2010,,10517247,,A,Normal value,0,Units,0,Zero
DATAFLOW,OECD.ELS.SAE:DSD_POPULATION@DF_POP_HIST(1.0),Historical population data,I,CZE,Czechia,POP,Population,PS,Persons,_T,Total,_T,Total,H,Historical,2011,,10496672,,A,Normal value,0,Units,0,Zero
DATAFLOW,OECD.ELS.SAE:DSD_POPULATION@DF_POP_HIST(1.0),Historical population data,I,CZE,Czechia,POP,Population,PS,Persons,_T,Total,_T,Total,H,Historical,2012,,10509286,,A,Normal value,0,Units,0,Zero
DATAFLOW,OECD.ELS.SAE:DSD_POPULATION@DF_POP_HIST(1.0),Historical population data,I,CZE,Czechia,POP,Population,PS,Persons,_T,Total,_T,Total,H,Historical,2013,,10510719,,A,Normal value,0,Units,0,Zero
DATAFLOW,OECD.ELS.SAE:DSD_POPULATION@DF_POP_HIST(1.0),Historical population data,I,CZE,Czechia,POP,Population,PS,Persons,_T,Total,_T,Total,H,Historical,2014,,10524783,,A,Normal value,0,Units,0,Zero
DATAFLOW,OECD.ELS.SAE:DSD_POPULATION@DF_POP_HIST(1.0),Historical population data,I,CZE,Czechia,POP,Population,PS,Persons,_T,Total,_T,Total,H,Historical,2015,,10542942,,A,Normal value,0,Units,0,Zero
DATAFLOW,OECD.ELS.SAE:DSD_POPULATION@DF_POP_HIST(1.0),Historical population data,I,CZE,Czechia,POP,Population,PS,Persons,_T,Total,_T,Total,H,Historical,2016,,10565284,,A,Normal value,0,Units,0,Zero
DATAFLOW,OECD.ELS.SAE:DSD_POPULATION@DF_POP_HIST(1.0),Historical population data,I,CZE,Czechia,POP,Population,PS,Persons,_T,Total,_T,Total,H,Historical,2017,,10589526,,A,Normal value,0,Units,0,Zero
DATAFLOW,OECD.ELS.SAE:DSD_POPULATION@DF_POP_HIST(1.0),Historical population data,I,CZE,Czechia,POP,Population,PS,Persons,_T,Total,_T,Total,H,Historical,2018,,10626430,,A,Normal value,0,Units,0,Zero
DATAFLOW,OECD.ELS.SAE:DSD_POPULATION@DF_POP_HIST(1.0),Historical population data,I,CZE,Czechia,POP,Population,PS,Persons,_T,Total,_T,Total,H,Historical,2019,,10669324,,A,Normal value,0,Units,0,Zero
DATAFLOW,OECD.ELS.SAE:DSD_POPULATION@DF_POP_HIST(1.0),Historical population data,I,CZE,Czechia,POP,Population,PS,Persons,_T,Total,_T,Total,H,Historical,2020,,10700155,,A,Normal value,0,Units,0,Zero
DATAFLOW,OECD.ELS.SAE:DSD_POPULATION@DF_POP_HIST(1.0),Historical population data,I,CZE,Czechia,POP,Population,PS,Persons,_T,Total,_T,Total,H,Historical,2021,,10500850,,A,Normal value,0,Units,0,Zero
DATAFLOW,OECD.ELS.SAE:DSD_POPULATION@DF_POP_HIST(1.0),Historical population data,I,CZE,Czechia,POP,Population,PS,Persons,_T,Total,_T,Total,H,Historical,2022,,10759525,,A,Normal value,0,Units,0,Zero
DATAFLOW,OECD.ELS.SAE:DSD_POPULATION@DF_POP_HIST(1.0),Historical population data,I,DNK,Denmark,POP,Population,PS,Persons,_T,Total,_T,Total,H,Historical,1969,,4891860,,A,Normal value,0,Units,0,Zero
DATAFLOW,OECD.ELS.SAE:DSD_POPULATION@DF_POP_HIST(1.0),Historical population data,I,DNK,Denmark,POP,Population,PS,Persons,_T,Total,_T,Total,H,Historical,1970,,4928748,,A,Normal value,0,Units,0,Zero
DATAFLOW,OECD.ELS.SAE:DSD_POPULATION@DF_POP_HIST(1.0),Historical population data,I,DNK,Denmark,POP,Population,PS,Persons,_T,Total,_T,Total,H,Historical,1971,,4963126,,A,Normal value,0,Units,0,Zero
DATAFLOW,OECD.ELS.SAE:DSD_POPULATION@DF_POP_HIST(1.0),Historical population data,I,DNK,Denmark,POP,Population,PS,Persons,_T,Total,_T,Total,H,Historical,1972,,4991596,,A,Normal value,0,Units,0,Zero
DATAFLOW,OECD.ELS.SAE:DSD_POPULATION@DF_POP_HIST(1.0),Historical population data,I,DNK,Denmark,POP,Population,PS,Persons,_T,Total,_T,Total,H,Historical,1973,,5021862,,A,Normal value,0,Units,0,Zero
DATAFLOW,OECD.ELS.SAE:DSD_POPULATION@DF_POP_HIST(1.0),Historical population data,I,DNK,Denmark,POP,Population,PS,Persons,_T,Total,_T,Total,H,Historical,1974,,5045298,,A,Normal value,0,Units,0,Zero
DATAFLOW,OECD.ELS.SAE:DSD_POPULATION@DF_POP_HIST(1.0),Historical population data,I,DNK,Denmark,POP,Population,PS,Persons,_T,Total,_T,Total,H,Historical,1975,,5059862,,A,Normal value,0,Units,0,Zero
DATAFLOW,OECD.ELS.SAE:DSD_POPULATION@DF_POP_HIST(1.0),Historical population data,I,DNK,Denmark,POP,Population,PS,Persons,_T,Total,_T,Total,H,Historical,1976,,5072597,,A,Normal value,0,Units,0,Zero
DATAFLOW,OECD.ELS.SAE:DSD_POPULATION@DF_POP_HIST(1.0),Historical population data,I,DNK,Denmark,POP,Population,PS,Persons,_T,Total,_T,Total,H,Historical,1977,,5088420,,A,Normal value,0,Units,0,Zero
DATAFLOW,OECD.ELS.SAE:DSD_POPULATION@DF_POP_HIST(1.0),Historical population data,I,DNK,Denmark,POP,Population,PS,Persons,_T,Total,_T,Total,H,Historical,1978,,5104248,,A,Normal value,0,Units,0,Zero
DATAFLOW,OECD.ELS.SAE:DSD_POPULATION@DF_POP_HIST(1.0),Historical population data,I,DNK,Denmark,POP,Population,PS,Persons,_T,Total,_T,Total,H,Historical,1979,,5116802,,A,Normal value,0,Units,0,Zero
DATAFLOW,OECD.ELS.SAE:DSD_POPULATION@DF_POP_HIST(1.0),Historical population data,I,DNK,Denmark,POP,Population,PS,Persons,_T,Total,_T,Total,H,Historical,1980,,5123027,,A,Normal value,0,Units,0,Zero
DATAFLOW,OECD.ELS.SAE:DSD_POPULATION@DF_POP_HIST(1.0),Historical population data,I,DNK,Denmark,POP,Population,PS,Persons,_T,Total,_T,Total,H,Historical,1981,,5121572,,A,Normal value,0,Units,0,Zero
DATAFLOW,OECD.ELS.SAE:DSD_POPULATION@DF_POP_HIST(1.0),Historical population data,I,DNK,Denmark,POP,Population,PS,Persons,_T,Total,_T,Total,H,Historical,1982,,5117810,,A,Normal value,0,Units,0,Zero
DATAFLOW,OECD.ELS.SAE:DSD_POPULATION@DF_POP_HIST(1.0),Historical population data,I,DNK,Denmark,POP,Population,PS,Persons,_T,Total,_T,Total,H,Historical,1983,,5114297,,A,Normal value,0,Units,0,Zero
DATAFLOW,OECD.ELS.SAE:DSD_POPULATION@DF_POP_HIST(1.0),Historical population data,I,DNK,Denmark,POP,Population,PS,Persons,_T,Total,_T,Total,H,Historical,1984,,5111619,,A,Normal value,0,Units,0,Zero
DATAFLOW,OECD.ELS.SAE:DSD_POPULATION@DF_POP_HIST(1.0),Historical population data,I,DNK,Denmark,POP,Population,PS,Persons,_T,Total,_T,Total,H,Historical,1985,,5113691,,A,Normal value,0,Units,0,Zero
DATAFLOW,OECD.ELS.SAE:DSD_POPULATION@DF_POP_HIST(1.0),Historical population data,I,DNK,Denmark,POP,Population,PS,Persons,_T,Total,_T,Total,H,Historical,1986,,5120534,,A,Normal value,0,Units,0,Zero
DATAFLOW,OECD.ELS.SAE:DSD_POPULATION@DF_POP_HIST(1.0),Historical population data,I,DNK,Denmark,POP,Population,PS,Persons,_T,Total,_T,Total,H,Historical,1987,,5127024,,A,Normal value,0,Units,0,Zero
DATAFLOW,OECD.ELS.SAE:DSD_POPULATION@DF_POP_HIST(1.0),Historical population data,I,DNK,Denmark,POP,Population,PS,Persons,_T,Total,_T,Total,H,Historical,1988,,5129517,,A,Normal value,0,Units,0,Zero
DATAFLOW,OECD.ELS.SAE:DSD_POPULATION@DF_POP_HIST(1.0),Historical population data,I,DNK,Denmark,POP,Population,PS,Persons,_T,Total,_T,Total,H,Historical,1989,,5132594,,A,Normal value,0,Units,0,Zero
DATAFLOW,OECD.ELS.SAE:DSD_POPULATION@DF_POP_HIST(1.0),Historical population data,I,DNK,Denmark,POP,Population,PS,Persons,_T,Total,_T,Total,H,Historical,1990,,5140939,,A,Normal value,0,Units,0,Zero
DATAFLOW,OECD.ELS.SAE:DSD_POPULATION@DF_POP_HIST(1.0),Historical population data,I,DNK,Denmark,POP,Population,PS,Persons,_T,Total,_T,Total,H,Historical,1991,,5154298,,A,Normal value,0,Units,0,Zero
DATAFLOW,OECD.ELS.SAE:DSD_POPULATION@DF_POP_HIST(1.0),Historical population data,I,DNK,Denmark,POP,Population,PS,Persons,_T,Total,_T,Total,H,Historical,1992,,5171370,,A,Normal value,0,Units,0,Zero
DATAFLOW,OECD.ELS.SAE:DSD_POPULATION@DF_POP_HIST(1.0),Historical population data,I,DNK,Denmark,POP,Population,PS,Persons,_T,Total,_T,Total,H,Historical,1993,,5189377,,A,Normal value,0,Units,0,Zero
DATAFLOW,OECD.ELS.SAE:DSD_POPULATION@DF_POP_HIST(1.0),Historical population data,I,DNK,Denmark,POP,Population,PS,Persons,_T,Total,_T,Total,H,Historical,1994,,5204994,,A,Normal value,0,Units,0,Zero
DATAFLOW,OECD.ELS.SAE:DSD_POPULATION@DF_POP_HIST(1.0),Historical population data,I,DNK,Denmark,POP,Population,PS,Persons,_T,Total,_T,Total,H,Historical,1995,,5227861,,A,Normal value,0,Units,0,Zero
DATAFLOW,OECD.ELS.SAE:DSD_POPULATION@DF_POP_HIST(1.0),Historical population data,I,DNK,Denmark,POP,Population,PS,Persons,_T,Total,_T,Total,H,Historical,1996,,5261503,,A,Normal value,0,Units,0,Zero
DATAFLOW,OECD.ELS.SAE:DSD_POPULATION@DF_POP_HIST(1.0),Historical population data,I,DNK,Denmark,POP,Population,PS,Persons,_T,Total,_T,Total,H,Historical,1997,,5284220,,A,Normal value,0,Units,0,Zero
DATAFLOW,OECD.ELS.SAE:DSD_POPULATION@DF_POP_HIST(1.0),Historical population data,I,DNK,Denmark,POP,Population,PS,Persons,_T,Total,_T,Total,H,Historical,1998,,5301304,,A,Normal value,0,Units,0,Zero
DATAFLOW,OECD.ELS.SAE:DSD_POPULATION@DF_POP_HIST(1.0),Historical population data,I,DNK,Denmark,POP,Population,PS,Persons,_T,Total,_T,Total,H,Historical,1999,,5319111,,A,Normal value,0,Units,0,Zero
DATAFLOW,OECD.ELS.SAE:DSD_POPULATION@DF_POP_HIST(1.0),Historical population data,I,DNK,Denmark,POP,Population,PS,Persons,_T,Total,_T,Total,H,Historical,2000,,5337344,,A,Normal value,0,Units,0,Zero
DATAFLOW,OECD.ELS.SAE:DSD_POPULATION@DF_POP_HIST(1.0),Historical population data,I,DNK,Denmark,POP,Population,PS,Persons,_T,Total,_T,Total,H,Historical,2001,,5355082,,A,Normal value,0,Units,0,Zero
DATAFLOW,OECD.ELS.SAE:DSD_POPULATION@DF_POP_HIST(1.0),Historical population data,I,DNK,Denmark,POP,Population,PS,Persons,_T,Total,_T,Total,H,Historical,2002,,5374255,,A,Normal value,0,Units,0,Zero
DATAFLOW,OECD.ELS.SAE:DSD_POPULATION@DF_POP_HIST(1.0),Historical population data,I,DNK,Denmark,POP,Population,PS,Persons,_T,Total,_T,Total,H,Historical,2003,,5387174,,A,Normal value,0,Units,0,Zero
DATAFLOW,OECD.ELS.SAE:DSD_POPULATION@DF_POP_HIST(1.0),Historical population data,I,DNK,Denmark,POP,Population,PS,Persons,_T,Total,_T,Total,H,Historical,2004,,5401177,,A,Normal value,0,Units,0,Zero
DATAFLOW,OECD.ELS.SAE:DSD_POPULATION@DF_POP_HIST(1.0),Historical population data,I,DNK,Denmark,POP,Population,PS,Persons,_T,Total,_T,Total,H,Historical,2005,,5415978,,A,Normal value,0,Units,0,Zero
DATAFLOW,OECD.ELS.SAE:DSD_POPULATION@DF_POP_HIST(1.0),Historical population data,I,DNK,Denmark,POP,Population,PS,Persons,_T,Total,_T,Total,H,Historical,2006,,5434567,,A,Normal value,0,Units,0,Zero
DATAFLOW,OECD.ELS.SAE:DSD_POPULATION@DF_POP_HIST(1.0),Historical population data,I,DNK,Denmark,POP,Population,PS,Persons,_T,Total,_T,Total,H,Historical,2007,,5457415,,A,Normal value,0,Units,0,Zero
DATAFLOW,OECD.ELS.SAE:DSD_POPULATION@DF_POP_HIST(1.0),Historical population data,I,DNK,Denmark,POP,Population,PS,Persons,_T,Total,_T,Total,H,Historical,2008,,5489022,,A,Normal value,0,Units,0,Zero
DATAFLOW,OECD.ELS.SAE:DSD_POPULATION@DF_POP_HIST(1.0),Historical population data,I,DNK,Denmark,POP,Population,PS,Persons,_T,Total,_T,Total,H,Historical,2009,,5519441,,A,Normal value,0,Units,0,Zero
DATAFLOW,OECD.ELS.SAE:DSD_POPULATION@DF_POP_HIST(1.0),Historical population data,I,DNK,Denmark,POP,Population,PS,Persons,_T,Total,_T,Total,H,Historical,2010,,5543819,,A,Normal value,0,Units,0,Zero
DATAFLOW,OECD.ELS.SAE:DSD_POPULATION@DF_POP_HIST(1.0),Historical population data,I,DNK,Denmark,POP,Population,PS,Persons,_T,Total,_T,Total,H,Historical,2011,,5566856,,A,Normal value,0,Units,0,Zero
DATAFLOW,OECD.ELS.SAE:DSD_POPULATION@DF_POP_HIST(1.0),Historical population data,I,DNK,Denmark,POP,Population,PS,Persons,_T,Total,_T,Total,H,Historical,2012,,5587085,,A,Normal value,0,Units,0,Zero
DATAFLOW,OECD.ELS.SAE:DSD_POPULATION@DF_POP_HIST(1.0),Historical population data,I,DNK,Denmark,POP,Population,PS,Persons,_T,Total,_T,Total,H,Historical,2013,,5608784,,A,Normal value,0,Units,0,Zero
DATAFLOW,OECD.ELS.SAE:DSD_POPULATION@DF_POP_HIST(1.0),Historical population data,I,DNK,Denmark,POP,Population,PS,Persons,_T,Total,_T,Total,H,Historical,2014,,5639719,,A,Normal value,0,Units,0,Zero
DATAFLOW,OECD.ELS.SAE:DSD_POPULATION@DF_POP_HIST(1.0),Historical population data,I,DNK,Denmark,POP,Population,PS,Persons,_T,Total,_T,Total,H,Historical,2015,,5678348,,A,Normal value,0,Units,0,Zero
DATAFLOW,OECD.ELS.SAE:DSD_POPULATION@DF_POP_HIST(1.0),Historical population data,I,DNK,Denmark,POP,Population,PS,Persons,_T,Total,_T,Total,H,Historical,2016,,5724456,,A,Normal value,0,Units,0,Zero
DATAFLOW,OECD.ELS.SAE:DSD_POPULATION@DF_POP_HIST(1.0),Historical population data,I,DNK,Denmark,POP,Population,PS,Persons,_T,Total,_T,Total,H,Historical,2017,,5760694,,A,Normal value,0,Units,0,Zero
DATAFLOW,OECD.ELS.SAE:DSD_POPULATION@DF_POP_HIST(1.0),Historical population data,I,DNK,Denmark,POP,Population,PS,Persons,_T,Total,_T,Total,H,Historical,2018,,5789957,,A,Normal value,0,Units,0,Zero
DATAFLOW,OECD.ELS.SAE:DSD_POPULATION@DF_POP_HIST(1.0),Historical population data,I,DNK,Denmark,POP,Population,PS,Persons,_T,Total,_T,Total,H,Historical,2019,,5814461,,A,Normal value,0,Units,0,Zero
DATAFLOW,OECD.ELS.SAE:DSD_POPULATION@DF_POP_HIST(1.0),Historical population data,I,DNK,Denmark,POP,Population,PS,Persons,_T,Total,_T,Total,H,Historical,2020,,5825337,,A,Normal value,0,Units,0,Zero
DATAFLOW,OECD.ELS.SAE:DSD_POPULATION@DF_POP_HIST(1.0),Historical population data,I,DNK,Denmark,POP,Population,PS,Persons,_T,Total,_T,Total,H,Historical,2021,,5850189,,A,Normal value,0,Units,0,Zero
DATAFLOW,OECD.ELS.SAE:DSD_POPULATION@DF_POP_HIST(1.0),Historical population data,I,DNK,Denmark,POP,Population,PS,Persons,_T,Total,_T,Total,H,Historical,2022,,5910577,,A,Normal value,0,Units,0,Zero
DATAFLOW,OECD.ELS.SAE:DSD_POPULATION@DF_POP_HIST(1.0),Historical population data,I,FIN,Finland,POP,Population,PS,Persons,_T,Total,_T,Total,H,Historical,1969,,4623785,,A,Normal value,0,Units,0,Zero
DATAFLOW,OECD.ELS.SAE:DSD_POPULATION@DF_POP_HIST(1.0),Historical population data,I,FIN,Finland,POP,Population,PS,Persons,_T,Total,_T,Total,H,Historical,1970,,4606304,,A,Normal value,0,Units,0,Zero
DATAFLOW,OECD.ELS.SAE:DSD_POPULATION@DF_POP_HIST(1.0),Historical population data,I,FIN,Finland,POP,Population,PS,Persons,_T,Total,_T,Total,H,Historical,1971,,4612124,,A,Normal value,0,Units,0,Zero
DATAFLOW,OECD.ELS.SAE:DSD_POPULATION@DF_POP_HIST(1.0),Historical population data,I,FIN,Finland,POP,Population,PS,Persons,_T,Total,_T,Total,H,Historical,1972,,4639656,,A,Normal value,0,Units,0,Zero
DATAFLOW,OECD.ELS.SAE:DSD_POPULATION@DF_POP_HIST(1.0),Historical population data,I,FIN,Finland,POP,Population,PS,Persons,_T,Total,_T,Total,H,Historical,1973,,4666079,,A,Normal value,0,Units,0,Zero
DATAFLOW,OECD.ELS.SAE:DSD_POPULATION@DF_POP_HIST(1.0),Historical population data,I,FIN,Finland,POP,Population,PS,Persons,_T,Total,_T,Total,H,Historical,1974,,4690575,,A,Normal value,0,Units,0,Zero
DATAFLOW,OECD.ELS.SAE:DSD_POPULATION@DF_POP_HIST(1.0),Historical population data,I,FIN,Finland,POP,Population,PS,Persons,_T,Total,_T,Total,H,Historical,1975,,4711440,,A,Normal value,0,Units,0,Zero
DATAFLOW,OECD.ELS.SAE:DSD_POPULATION@DF_POP_HIST(1.0),Historical population data,I,FIN,Finland,POP,Population,PS,Persons,_T,Total,_T,Total,H,Historical,1976,,4725665,,A,Normal value,0,Units,0,Zero
DATAFLOW,OECD.ELS.SAE:DSD_POPULATION@DF_POP_HIST(1.0),Historical population data,I,FIN,Finland,POP,Population,PS,Persons,_T,Total,_T,Total,H,Historical,1977,,4738900,,A,Normal value,0,Units,0,Zero
DATAFLOW,OECD.ELS.SAE:DSD_POPULATION@DF_POP_HIST(1.0),Historical population data,I,FIN,Finland,POP,Population,PS,Persons,_T,Total,_T,Total,H,Historical,1978,,4752527,,A,Normal value,0,Units,0,Zero
DATAFLOW,OECD.ELS.SAE:DSD_POPULATION@DF_POP_HIST(1.0),Historical population data,I,FIN,Finland,POP,Population,PS,Persons,_T,Total,_T,Total,H,Historical,1979,,4764691,,A,Normal value,0,Units,0,Zero
DATAFLOW,OECD.ELS.SAE:DSD_POPULATION@DF_POP_HIST(1.0),Historical population data,I,FIN,Finland,POP,Population,PS,Persons,_T,Total,_T,Total,H,Historical,1980,,4779537,,A,Normal value,0,Units,0,Zero
DATAFLOW,OECD.ELS.SAE:DSD_POPULATION@DF_POP_HIST(1.0),Historical population data,I,FIN,Finland,POP,Population,PS,Persons,_T,Total,_T,Total,H,Historical,1981,,4799962,,A,Normal value,0,Units,0,Zero
DATAFLOW,OECD.ELS.SAE:DSD_POPULATION@DF_POP_HIST(1.0),Historical population data,I,FIN,Finland,POP,Population,PS,Persons,_T,Total,_T,Total,H,Historical,1982,,4826931,,A,Normal value,0,Units,0,Zero
DATAFLOW,OECD.ELS.SAE:DSD_POPULATION@DF_POP_HIST(1.0),Historical population data,I,FIN,Finland,POP,Population,PS,Persons,_T,Total,_T,Total,H,Historical,1983,,4855786,,A,Normal value,0,Units,0,Zero
DATAFLOW,OECD.ELS.SAE:DSD_POPULATION@DF_POP_HIST(1.0),Historical population data,I,FIN,Finland,POP,Population,PS,Persons,_T,Total,_T,Total,H,Historical,1984,,4881806,,A,Normal value,0,Units,0,Zero
DATAFLOW,OECD.ELS.SAE:DSD_POPULATION@DF_POP_HIST(1.0),Historical population data,I,FIN,Finland,POP,Population,PS,Persons,_T,Total,_T,Total,H,Historical,1985,,4902202,,A,Normal value,0,Units,0,Zero
DATAFLOW,OECD.ELS.SAE:DSD_POPULATION@DF_POP_HIST(1.0),Historical population data,I,FIN,Finland,POP,Population,PS,Persons,_T,Total,_T,Total,H,Historical,1986,,4918150,,A,Normal value,0,Units,0,Zero
DATAFLOW,OECD.ELS.SAE:DSD_POPULATION@DF_POP_HIST(1.0),Historical population data,I,FIN,Finland,POP,Population,PS,Persons,_T,Total,_T,Total,H,Historical,1987,,4932123,,A,Normal value,0,Units,0,Zero
DATAFLOW,OECD.ELS.SAE:DSD_POPULATION@DF_POP_HIST(1.0),Historical population data,I,FIN,Finland,POP,Population,PS,Persons,_T,Total,_T,Total,H,Historical,1988,,4946487,,A,Normal value,0,Units,0,Zero
DATAFLOW,OECD.ELS.SAE:DSD_POPULATION@DF_POP_HIST(1.0),Historical population data,I,FIN,Finland,POP,Population,PS,Persons,_T,Total,_T,Total,H,Historical,1989,,4964370,,A,Normal value,0,Units,0,Zero
DATAFLOW,OECD.ELS.SAE:DSD_POPULATION@DF_POP_HIST(1.0),Historical population data,I,FIN,Finland,POP,Population,PS,Persons,_T,Total,_T,Total,H,Historical,1990,,4986433,,A,Normal value,0,Units,0,Zero
DATAFLOW,OECD.ELS.SAE:DSD_POPULATION@DF_POP_HIST(1.0),Historical population data,I,FIN,Finland,POP,Population,PS,Persons,_T,Total,_T,Total,H,Historical,1991,,5013737,,A,Normal value,0,Units,0,Zero
DATAFLOW,OECD.ELS.SAE:DSD_POPULATION@DF_POP_HIST(1.0),Historical population data,I,FIN,Finland,POP,Population,PS,Persons,_T,Total,_T,Total,H,Historical,1992,,5041990,,A,Normal value,0,Units,0,Zero
DATAFLOW,OECD.ELS.SAE:DSD_POPULATION@DF_POP_HIST(1.0),Historical population data,I,FIN,Finland,POP,Population,PS,Persons,_T,Total,_T,Total,H,Historical,1993,,5066452,,A,Normal value,0,Units,0,Zero
DATAFLOW,OECD.ELS.SAE:DSD_POPULATION@DF_POP_HIST(1.0),Historical population data,I,FIN,Finland,POP,Population,PS,Persons,_T,Total,_T,Total,H,Historical,1994,,5088324,,A,Normal value,0,Units,0,Zero
DATAFLOW,OECD.ELS.SAE:DSD_POPULATION@DF_POP_HIST(1.0),Historical population data,I,FIN,Finland,POP,Population,PS,Persons,_T,Total,_T,Total,H,Historical,1995,,5107787,,A,Normal value,0,Units,0,Zero
DATAFLOW,OECD.ELS.SAE:DSD_POPULATION@DF_POP_HIST(1.0),Historical population data,I,FIN,Finland,POP,Population,PS,Persons,_T,Total,_T,Total,H,Historical,1996,,5124573,,A,Normal value,0,Units,0,Zero
DATAFLOW,OECD.ELS.SAE:DSD_POPULATION@DF_POP_HIST(1.0),Historical population data,I,FIN,Finland,POP,Population,PS,Persons,_T,Total,_T,Total,H,Historical,1997,,5139839,,A,Normal value,0,Units,0,Zero
DATAFLOW,OECD.ELS.SAE:DSD_POPULATION@DF_POP_HIST(1.0),Historical population data,I,FIN,Finland,POP,Population,PS,Persons,_T,Total,_T,Total,H,Historical,1998,,5153499,,A,Normal value,0,Units,0,Zero
DATAFLOW,OECD.ELS.SAE:DSD_POPULATION@DF_POP_HIST(1.0),Historical population data,I,FIN,Finland,POP,Population,PS,Persons,_T,Total,_T,Total,H,Historical,1999,,5165470,,A,Normal value,0,Units,0,Zero
DATAFLOW,OECD.ELS.SAE:DSD_POPULATION@DF_POP_HIST(1.0),Historical population data,I,FIN,Finland,POP,Population,PS,Persons,_T,Total,_T,Total,H,Historical,2000,,5176203,,A,Normal value,0,Units,0,Zero
DATAFLOW,OECD.ELS.SAE:DSD_POPULATION@DF_POP_HIST(1.0),Historical population data,I,FIN,Finland,POP,Population,PS,Persons,_T,Total,_T,Total,H,Historical,2001,,5188005,,A,Normal value,0,Units,0,Zero
DATAFLOW,OECD.ELS.SAE:DSD_POPULATION@DF_POP_HIST(1.0),Historical population data,I,FIN,Finland,POP,Population,PS,Persons,_T,Total,_T,Total,H,Historical,2002,,5200598,,A,Normal value,0,Units,0,Zero
DATAFLOW,OECD.ELS.SAE:DSD_POPULATION@DF_POP_HIST(1.0),Historical population data,I,FIN,Finland,POP,Population,PS,Persons,_T,Total,_T,Total,H,Historical,2003,,5213010,,A,Normal value,0,Units,0,Zero
DATAFLOW,OECD.ELS.SAE:DSD_POPULATION@DF_POP_HIST(1.0),Historical population data,I,FIN,Finland,POP,Population,PS,Persons,_T,Total,_T,Total,H,Historical,2004,,5228173,,A,Normal value,0,Units,0,Zero
DATAFLOW,OECD.ELS.SAE:DSD_POPULATION@DF_POP_HIST(1.0),Historical population data,I,FIN,Finland,POP,Population,PS,Persons,_T,Total,_T,Total,H,Historical,2005,,5246100,,A,Normal value,0,Units,0,Zero
DATAFLOW,OECD.ELS.SAE:DSD_POPULATION@DF_POP_HIST(1.0),Historical population data,I,FIN,Finland,POP,Population,PS,Persons,_T,Total,_T,Total,H,Historical,2006,,5266266,,A,Normal value,0,Units,0,Zero
DATAFLOW,OECD.ELS.SAE:DSD_POPULATION@DF_POP_HIST(1.0),Historical population data,I,FIN,Finland,POP,Population,PS,Persons,_T,Total,_T,Total,H,Historical,2007,,5288719,,A,Normal value,0,Units,0,Zero
DATAFLOW,OECD.ELS.SAE:DSD_POPULATION@DF_POP_HIST(1.0),Historical population data,I,FIN,Finland,POP,Population,PS,Persons,_T,Total,_T,Total,H,Historical,2008,,5313398,,A,Normal value,0,Units,0,Zero
DATAFLOW,OECD.ELS.SAE:DSD_POPULATION@DF_POP_HIST(1.0),Historical population data,I,FIN,Finland,POP,Population,PS,Persons,_T,Total,_T,Total,H,Historical,2009,,5338867,,A,Normal value,0,Units,0,Zero
DATAFLOW,OECD.ELS.SAE:DSD_POPULATION@DF_POP_HIST(1.0),Historical population data,I,FIN,Finland,POP,Population,PS,Persons,_T,Total,_T,Total,H,Historical,2010,,5363341,,A,Normal value,0,Units,0,Zero
DATAFLOW,OECD.ELS.SAE:DSD_POPULATION@DF_POP_HIST(1.0),Historical population data,I,FIN,Finland,POP,Population,PS,Persons,_T,Total,_T,Total,H,Historical,2011,,5388272,,A,Normal value,0,Units,0,Zero
DATAFLOW,OECD.ELS.SAE:DSD_POPULATION@DF_POP_HIST(1.0),Historical population data,I,FIN,Finland,POP,Population,PS,Persons,_T,Total,_T,Total,H,Historical,2012,,5413967,,A,Normal value,0,Units,0,Zero
DATAFLOW,OECD.ELS.SAE:DSD_POPULATION@DF_POP_HIST(1.0),Historical population data,I,FIN,Finland,POP,Population,PS,Persons,_T,Total,_T,Total,H,Historical,2013,,5438975,,A,Normal value,0,Units,0,Zero
DATAFLOW,OECD.ELS.SAE:DSD_POPULATION@DF_POP_HIST(1.0),Historical population data,I,FIN,Finland,POP,Population,PS,Persons,_T,Total,_T,Total,H,Historical,2014,,5461507,,A,Normal value,0,Units,0,Zero
DATAFLOW,OECD.ELS.SAE:DSD_POPULATION@DF_POP_HIST(1.0),Historical population data,I,FIN,Finland,POP,Population,PS,Persons,_T,Total,_T,Total,H,Historical,2015,,5479528,,A,Normal value,0,Units,0,Zero
DATAFLOW,OECD.ELS.SAE:DSD_POPULATION@DF_POP_HIST(1.0),Historical population data,I,FIN,Finland,POP,Population,PS,Persons,_T,Total,_T,Total,H,Historical,2016,,5495297,,A,Normal value,0,Units,0,Zero
DATAFLOW,OECD.ELS.SAE:DSD_POPULATION@DF_POP_HIST(1.0),Historical population data,I,FIN,Finland,POP,Population,PS,Persons,_T,Total,_T,Total,H,Historical,2017,,5508209,,A,Normal value,0,Units,0,Zero
DATAFLOW,OECD.ELS.SAE:DSD_POPULATION@DF_POP_HIST(1.0),Historical population data,I,FIN,Finland,POP,Population,PS,Persons,_T,Total,_T,Total,H,Historical,2018,,5515525,,A,Normal value,0,Units,0,Zero
DATAFLOW,OECD.ELS.SAE:DSD_POPULATION@DF_POP_HIST(1.0),Historical population data,I,FIN,Finland,POP,Population,PS,Persons,_T,Total,_T,Total,H,Historical,2019,,5521605,,A,Normal value,0,Units,0,Zero
DATAFLOW,OECD.ELS.SAE:DSD_POPULATION@DF_POP_HIST(1.0),Historical population data,I,FIN,Finland,POP,Population,PS,Persons,_T,Total,_T,Total,H,Historical,2020,,5529545,,A,Normal value,0,Units,0,Zero
DATAFLOW,OECD.ELS.SAE:DSD_POPULATION@DF_POP_HIST(1.0),Historical population data,I,FIN,Finland,POP,Population,PS,Persons,_T,Total,_T,Total,H,Historical,2021,,5541020,,A,Normal value,0,Units,0,Zero
DATAFLOW,OECD.ELS.SAE:DSD_POPULATION@DF_POP_HIST(1.0),Historical population data,I,FIN,Finland,POP,Population,PS,Persons,_T,Total,_T,Total,H,Historical,2022,,5556108,,A,Normal value,0,Units,0,Zero
DATAFLOW,OECD.ELS.SAE:DSD_POPULATION@DF_POP_HIST(1.0),Historical population data,I,JPN,Japan,POP,Population,PS,Persons,_T,Total,_T,Total,H,Historical,1969,,103491000,,A,Normal value,0,Units,0,Zero
DATAFLOW,OECD.ELS.SAE:DSD_POPULATION@DF_POP_HIST(1.0),Historical population data,I,JPN,Japan,POP,Population,PS,Persons,_T,Total,_T,Total,H,Historical,1970,,104665171,,A,Normal value,0,Units,0,Zero
DATAFLOW,OECD.ELS.SAE:DSD_POPULATION@DF_POP_HIST(1.0),Historical population data,I,JPN,Japan,POP,Population,PS,Persons,_T,Total,_T,Total,H,Historical,1971,,106100000,,A,Normal value,0,Units,0,Zero
DATAFLOW,OECD.ELS.SAE:DSD_POPULATION@DF_POP_HIST(1.0),Historical population data,I,JPN,Japan,POP,Population,PS,Persons,_T,Total,_T,Total,H,Historical,1972,,107595000,,A,Normal value,0,Units,0,Zero
DATAFLOW,OECD.ELS.SAE:DSD_POPULATION@DF_POP_HIST(1.0),Historical population data,I,JPN,Japan,POP,Population,PS,Persons,_T,Total,_T,Total,H,Historical,1973,,109104000,,A,Normal value,0,Units,0,Zero
DATAFLOW,OECD.ELS.SAE:DSD_POPULATION@DF_POP_HIST(1.0),Historical population data,I,JPN,Japan,POP,Population,PS,Persons,_T,Total,_T,Total,H,Historical,1974,,110573000,,A,Normal value,0,Units,0,Zero
DATAFLOW,OECD.ELS.SAE:DSD_POPULATION@DF_POP_HIST(1.0),Historical population data,I,JPN,Japan,POP,Population,PS,Persons,_T,Total,_T,Total,H,Historical,1975,,111939643,,A,Normal value,0,Units,0,Zero
DATAFLOW,OECD.ELS.SAE:DSD_POPULATION@DF_POP_HIST(1.0),Historical population data,I,JPN,Japan,POP,Population,PS,Persons,_T,Total,_T,Total,H,Historical,1976,,113094000,,A,Normal value,0,Units,0,Zero
DATAFLOW,OECD.ELS.SAE:DSD_POPULATION@DF_POP_HIST(1.0),Historical population data,I,JPN,Japan,POP,Population,PS,Persons,_T,Total,_T,Total,H,Historical,1977,,114165000,,A,Normal value,0,Units,0,Zero
DATAFLOW,OECD.ELS.SAE:DSD_POPULATION@DF_POP_HIST(1.0),Historical population data,I,JPN,Japan,POP,Population,PS,Persons,_T,Total,_T,Total,H,Historical,1978,,115190000,,A,Normal value,0,Units,0,Zero
DATAFLOW,OECD.ELS.SAE:DSD_POPULATION@DF_POP_HIST(1.0),Historical population data,I,JPN,Japan,POP,Population,PS,Persons,_T,Total,_T,Total,H,Historical,1979,,116155000,,A,Normal value,0,Units,0,Zero
DATAFLOW,OECD.ELS.SAE:DSD_POPULATION@DF_POP_HIST(1.0),Historical population data,I,JPN,Japan,POP,Population,PS,Persons,_T,Total,_T,Total,H,Historical,1980,,117060396,,A,Normal value,0,Units,0,Zero
DATAFLOW,OECD.ELS.SAE:DSD_POPULATION@DF_POP_HIST(1.0),Historical population data,I,JPN,Japan,POP,Population,PS,Persons,_T,Total,_T,Total,H,Historical,1981,,117902000,,A,Normal value,0,Units,0,Zero
DATAFLOW,OECD.ELS.SAE:DSD_POPULATION@DF_POP_HIST(1.0),Historical population data,I,JPN,Japan,POP,Population,PS,Persons,_T,Total,_T,Total,H,Historical,1982,,118728000,,A,Normal value,0,Units,0,Zero
DATAFLOW,OECD.ELS.SAE:DSD_POPULATION@DF_POP_HIST(1.0),Historical population data,I,JPN,Japan,POP,Population,PS,Persons,_T,Total,_T,Total,H,Historical,1983,,119536000,,A,Normal value,0,Units,0,Zero
DATAFLOW,OECD.ELS.SAE:DSD_POPULATION@DF_POP_HIST(1.0),Historical population data,I,JPN,Japan,POP,Population,PS,Persons,_T,Total,_T,Total,H,Historical,1984,,120305000,,A,Normal value,0,Units,0,Zero
DATAFLOW,OECD.ELS.SAE:DSD_POPULATION@DF_POP_HIST(1.0),Historical population data,I,JPN,Japan,POP,Population,PS,Persons,_T,Total,_T,Total,H,Historical,1985,,121048923,,A,Normal value,0,Units,0,Zero
DATAFLOW,OECD.ELS.SAE:DSD_POPULATION@DF_POP_HIST(1.0),Historical population data,I,JPN,Japan,POP,Population,PS,Persons,_T,Total,_T,Total,H,Historical,1986,,121660000,,A,Normal value,0,Units,0,Zero
DATAFLOW,OECD.ELS.SAE:DSD_POPULATION@DF_POP_HIST(1.0),Historical population data,I,JPN,Japan,POP,Population,PS,Persons,_T,Total,_T,Total,H,Historical,1987,,122239000,,A,Normal value,0,Units,0,Zero
DATAFLOW,OECD.ELS.SAE:DSD_POPULATION@DF_POP_HIST(1.0),Historical population data,I,JPN,Japan,POP,Population,PS,Persons,_T,Total,_T,Total,H,Historical,1988,,122745000,,A,Normal value,0,Units,0,Zero
DATAFLOW,OECD.ELS.SAE:DSD_POPULATION@DF_POP_HIST(1.0),Historical population data,I,JPN,Japan,POP,Population,PS,Persons,_T,Total,_T,Total,H,Historical,1989,,123205000,,A,Normal value,0,Units,0,Zero
DATAFLOW,OECD.ELS.SAE:DSD_POPULATION@DF_POP_HIST(1.0),Historical population data,I,JPN,Japan,POP,Population,PS,Persons,_T,Total,_T,Total,H,Historical,1990,,123611167,,A,Normal value,0,Units,0,Zero
DATAFLOW,OECD.ELS.SAE:DSD_POPULATION@DF_POP_HIST(1.0),Historical population data,I,JPN,Japan,POP,Population,PS,Persons,_T,Total,_T,Total,H,Historical,1991,,124101000,,A,Normal value,0,Units,0,Zero
DATAFLOW,OECD.ELS.SAE:DSD_POPULATION@DF_POP_HIST(1.0),Historical population data,I,JPN,Japan,POP,Population,PS,Persons,_T,Total,_T,Total,H,Historical,1992,,124567000,,A,Normal value,0,Units,0,Zero
DATAFLOW,OECD.ELS.SAE:DSD_POPULATION@DF_POP_HIST(1.0),Historical population data,I,JPN,Japan,POP,Population,PS,Persons,_T,Total,_T,Total,H,Historical,1993,,124938000,,A,Normal value,0,Units,0,Zero
DATAFLOW,OECD.ELS.SAE:DSD_POPULATION@DF_POP_HIST(1.0),Historical population data,I,JPN,Japan,POP,Population,PS,Persons,_T,Total,_T,Total,H,Historical,1994,,125265000,,A,Normal value,0,Units,0,Zero
DATAFLOW,OECD.ELS.SAE:DSD_POPULATION@DF_POP_HIST(1.0),Historical population data,I,JPN,Japan,POP,Population,PS,Persons,_T,Total,_T,Total,H,Historical,1995,,125570246,,A,Normal value,0,Units,0,Zero
DATAFLOW,OECD.ELS.SAE:DSD_POPULATION@DF_POP_HIST(1.0),Historical population data,I,JPN,Japan,POP,Population,PS,Persons,_T,Total,_T,Total,H,Historical,1996,,125864000,,A,Normal value,0,Units,0,Zero
DATAFLOW,OECD.ELS.SAE:DSD_POPULATION@DF_POP_HIST(1.0),Historical population data,I,JPN,Japan,POP,Population,PS,Persons,_T,Total,_T,Total,H,Historical,1997,,126166000,,A,Normal value,0,Units,0,Zero
DATAFLOW,OECD.ELS.SAE:DSD_POPULATION@DF_POP_HIST(1.0),Historical population data,I,JPN,Japan,POP,Population,PS,Persons,_T,Total,_T,Total,H,Historical,1998,,126486000,,A,Normal value,0,Units,0,Zero
DATAFLOW,OECD.ELS.SAE:DSD_POPULATION@DF_POP_HIST(1.0),Historical population data,I,JPN,Japan,POP,Population,PS,Persons,_T,Total,_T,Total,H,Historical,1999,,126686000,,A,Normal value,0,Units,0,Zero
DATAFLOW,OECD.ELS.SAE:DSD_POPULATION@DF_POP_HIST(1.0),Historical population data,I,JPN,Japan,POP,Population,PS,Persons,_T,Total,_T,Total,H,Historical,2000,,126925843,,A,Normal value,0,Units,0,Zero
DATAFLOW,OECD.ELS.SAE:DSD_POPULATION@DF_POP_HIST(1.0),Historical population data,I,JPN,Japan,POP,Population,PS,Persons,_T,Total,_T,Total,H,Historical,2001,,127291000,,A,Normal value,0,Units,0,Zero
DATAFLOW,OECD.ELS.SAE:DSD_POPULATION@DF_POP_HIST(1.0),Historical population data,I,JPN,Japan,POP,Population,PS,Persons,_T,Total,_T,Total,H,Historical,2002,,127435000,,A,Normal value,0,Units,0,Zero
DATAFLOW,OECD.ELS.SAE:DSD_POPULATION@DF_POP_HIST(1.0),Historical population data,I,JPN,Japan,POP,Population,PS,Persons,_T,Total,_T,Total,H,Historical,2003,,127619000,,A,Normal value,0,Units,0,Zero
DATAFLOW,OECD.ELS.SAE:DSD_POPULATION@DF_POP_HIST(1.0),Historical population data,I,JPN,Japan,POP,Population,PS,Persons,_T,Total,_T,Total,H,Historical,2004,,127687000,,A,Normal value,0,Units,0,Zero
DATAFLOW,OECD.ELS.SAE:DSD_POPULATION@DF_POP_HIST(1.0),Historical population data,I,JPN,Japan,POP,Population,PS,Persons,_T,Total,_T,Total,H,Historical,2005,,127767994,,A,Normal value,0,Units,0,Zero
DATAFLOW,OECD.ELS.SAE:DSD_POPULATION@DF_POP_HIST(1.0),Historical population data,I,JPN,Japan,POP,Population,PS,Persons,_T,Total,_T,Total,H,Historical,2006,,127900515,,A,Normal value,0,Units,0,Zero
DATAFLOW,OECD.ELS.SAE:DSD_POPULATION@DF_POP_HIST(1.0),Historical population data,I,JPN,Japan,POP,Population,PS,Persons,_T,Total,_T,Total,H,Historical,2007,,128032743,,A,Normal value,0,Units,0,Zero
DATAFLOW,OECD.ELS.SAE:DSD_POPULATION@DF_POP_HIST(1.0),Historical population data,I,JPN,Japan,POP,Population,PS,Persons,_T,Total,_T,Total,H,Historical,2008,,128083960,,A,Normal value,0,Units,0,Zero
DATAFLOW,OECD.ELS.SAE:DSD_POPULATION@DF_POP_HIST(1.0),Historical population data,I,JPN,Japan,POP,Population,PS,Persons,_T,Total,_T,Total,H,Historical,2009,,128031514,,A,Normal value,0,Units,0,Zero
DATAFLOW,OECD.ELS.SAE:DSD_POPULATION@DF_POP_HIST(1.0),Historical population data,I,JPN,Japan,POP,Population,PS,Persons,_T,Total,_T,Total,H,Historical,2010,,128057352,,A,Normal value,0,Units,0,Zero
DATAFLOW,OECD.ELS.SAE:DSD_POPULATION@DF_POP_HIST(1.0),Historical population data,I,JPN,Japan,POP,Population,PS,Persons,_T,Total,_T,Total,H,Historical,2011,,127834233,,A,Normal value,0,Units,0,Zero
DATAFLOW,OECD.ELS.SAE:DSD_POPULATION@DF_POP_HIST(1.0),Historical population data,I,JPN,Japan,POP,Population,PS,Persons,_T,Total,_T,Total,H,Historical,2012,,127592657,,A,Normal value,0,Units,0,Zero
DATAFLOW,OECD.ELS.SAE:DSD_POPULATION@DF_POP_HIST(1.0),Historical population data,I,JPN,Japan,POP,Population,PS,Persons,_T,Total,_T,Total,H,Historical,2013,,127413888,,A,Normal value,0,Units,0,Zero
DATAFLOW,OECD.ELS.SAE:DSD_POPULATION@DF_POP_HIST(1.0),Historical population data,I,JPN,Japan,POP,Population,PS,Persons,_T,Total,_T,Total,H,Historical,2014,,127237150,,A,Normal value,0,Units,0,Zero
DATAFLOW,OECD.ELS.SAE:DSD_POPULATION@DF_POP_HIST(1.0),Historical population data,I,JPN,Japan,POP,Population,PS,Persons,_T,Total,_T,Total,H,Historical,2015,,127094745,,A,Normal value,0,Units,0,Zero
DATAFLOW,OECD.ELS.SAE:DSD_POPULATION@DF_POP_HIST(1.0),Historical population data,I,JPN,Japan,POP,Population,PS,Persons,_T,Total,_T,Total,H,Historical,2016,,127041812,,A,Normal value,0,Units,0,Zero
DATAFLOW,OECD.ELS.SAE:DSD_POPULATION@DF_POP_HIST(1.0),Historical population data,I,JPN,Japan,POP,Population,PS,Persons,_T,Total,_T,Total,H,Historical,2017,,126918546,,A,Normal value,0,Units,0,Zero
DATAFLOW,OECD.ELS.SAE:DSD_POPULATION@DF_POP_HIST(1.0),Historical population data,I,JPN,Japan,POP,Population,PS,Persons,_T,Total,_T,Total,H,Historical,2018,,126748506,,A,Normal value,0,Units,0,Zero
DATAFLOW,OECD.ELS.SAE:DSD_POPULATION@DF_POP_HIST(1.0),Historical population data,I,JPN,Japan,POP,Population,PS,Persons,_T,Total,_T,Total,H,Historical,2019,,126555078,,A,Normal value,0,Units,0,Zero
DATAFLOW,OECD.ELS.SAE:DSD_POPULATION@DF_POP_HIST(1.0),Historical population data,I,JPN,Japan,POP,Population,PS,Persons,_T,Total,_T,Total,H,Historical,2020,,126146099,,A,Normal value,0,Units,0,Zero
DATAFLOW,OECD.ELS.SAE:DSD_POPULATION@DF_POP_HIST(1.0),Historical population data,I,JPN,Japan,POP,Population,PS,Persons,_T,Total,_T,Total,H,Historical,2021,,125502290,,A,Normal value,0,Units,0,Zero
DATAFLOW,OECD.ELS.SAE:DSD_POPULATION@DF_POP_HIST(1.0),Historical population data,I,JPN,Japan,POP,Population,PS,Persons,_T,Total,_T,Total,H,Historical,2022,,124946789,,A,Normal value,0,Units,0,Zero
DATAFLOW,OECD.ELS.SAE:DSD_POPULATION@DF_POP_HIST(1.0),Historical population data,I,NOR,Norway,POP,Population,PS,Persons,_T,Total,_T,Total,H,Historical,1969,,3847710,,A,Normal value,0,Units,0,Zero
DATAFLOW,OECD.ELS.SAE:DSD_POPULATION@DF_POP_HIST(1.0),Historical population data,I,NOR,Norway,POP,Population,PS,Persons,_T,Total,_T,Total,H,Historical,1970,,3875757,,A,Normal value,0,Units,0,Zero
DATAFLOW,OECD.ELS.SAE:DSD_POPULATION@DF_POP_HIST(1.0),Historical population data,I,NOR,Norway,POP,Population,PS,Persons,_T,Total,_T,Total,H,Historical,1971,,3903034,,A,Normal value,0,Units,0,Zero
DATAFLOW,OECD.ELS.SAE:DSD_POPULATION@DF_POP_HIST(1.0),Historical population data,I,NOR,Norway,POP,Population,PS,Persons,_T,Total,_T,Total,H,Historical,1972,,3933001,,A,Normal value,0,Units,0,Zero
DATAFLOW,OECD.ELS.SAE:DSD_POPULATION@DF_POP_HIST(1.0),Historical population data,I,NOR,Norway,POP,Population,PS,Persons,_T,Total,_T,Total,H,Historical,1973,,3960614,,A,Normal value,0,Units,0,Zero
DATAFLOW,OECD.ELS.SAE:DSD_POPULATION@DF_POP_HIST(1.0),Historical population data,I,NOR,Norway,POP,Population,PS,Persons,_T,Total,_T,Total,H,Historical,1974,,3985262,,A,Normal value,0,Units,0,Zero
DATAFLOW,OECD.ELS.SAE:DSD_POPULATION@DF_POP_HIST(1.0),Historical population data,I,NOR,Norway,POP,Population,PS,Persons,_T,Total,_T,Total,H,Historical,1975,,4007319,,A,Normal value,0,Units,0,Zero
DATAFLOW,OECD.ELS.SAE:DSD_POPULATION@DF_POP_HIST(1.0),Historical population data,I,NOR,Norway,POP,Population,PS,Persons,_T,Total,_T,Total,H,Historical,1976,,4026151,,A,Normal value,0,Units,0,Zero
DATAFLOW,OECD.ELS.SAE:DSD_POPULATION@DF_POP_HIST(1.0),Historical population data,I,NOR,Norway,POP,Population,PS,Persons,_T,Total,_T,Total,H,Historical,1977,,4043204,,A,Normal value,0,Units,0,Zero
DATAFLOW,OECD.ELS.SAE:DSD_POPULATION@DF_POP_HIST(1.0),Historical population data,I,NOR,Norway,POP,Population,PS,Persons,_T,Total,_T,Total,H,Historical,1978,,4058674,,A,Normal value,0,Units,0,Zero
DATAFLOW,OECD.ELS.SAE:DSD_POPULATION@DF_POP_HIST(1.0),Historical population data,I,NOR,Norway,POP,Population,PS,Persons,_T,Total,_T,Total,H,Historical,1979,,4072514,,A,Normal value,0,Units,0,Zero
DATAFLOW,OECD.ELS.SAE:DSD_POPULATION@DF_POP_HIST(1.0),Historical population data,I,NOR,Norway,POP,Population,PS,Persons,_T,Total,_T,Total,H,Historical,1980,,4085620,,A,Normal value,0,Units,0,Zero
DATAFLOW,OECD.ELS.SAE:DSD_POPULATION@DF_POP_HIST(1.0),Historical population data,I,NOR,Norway,POP,Population,PS,Persons,_T,Total,_T,Total,H,Historical,1981,,4099703,,A,Normal value,0,Units,0,Zero
DATAFLOW,OECD.ELS.SAE:DSD_POPULATION@DF_POP_HIST(1.0),Historical population data,I,NOR,Norway,POP,Population,PS,Persons,_T,Total,_T,Total,H,Historical,1982,,4114786,,A,Normal value,0,Units,0,Zero
DATAFLOW,OECD.ELS.SAE:DSD_POPULATION@DF_POP_HIST(1.0),Historical population data,I,NOR,Norway,POP,Population,PS,Persons,_T,Total,_T,Total,H,Historical,1983,,4128434,,A,Normal value,0,Units,0,Zero
DATAFLOW,OECD.ELS.SAE:DSD_POPULATION@DF_POP_HIST(1.0),Historical population data,I,NOR,Norway,POP,Population,PS,Persons,_T,Total,_T,Total,H,Historical,1984,,4140098,,A,Normal value,0,Units,0,Zero
DATAFLOW,OECD.ELS.SAE:DSD_POPULATION@DF_POP_HIST(1.0),Historical population data,I,NOR,Norway,POP,Population,PS,Persons,_T,Total,_T,Total,H,Historical,1985,,4152518,,A,Normal value,0,Units,0,Zero
DATAFLOW,OECD.ELS.SAE:DSD_POPULATION@DF_POP_HIST(1.0),Historical population data,I,NOR,Norway,POP,Population,PS,Persons,_T,Total,_T,Total,H,Historical,1986,,4167357,,A,Normal value,0,Units,0,Zero
DATAFLOW,OECD.ELS.SAE:DSD_POPULATION@DF_POP_HIST(1.0),Historical population data,I,NOR,Norway,POP,Population,PS,Persons,_T,Total,_T,Total,H,Historical,1987,,4186905,,A,Normal value,0,Units,0,Zero
DATAFLOW,OECD.ELS.SAE:DSD_POPULATION@DF_POP_HIST(1.0),Historical population data,I,NOR,Norway,POP,Population,PS,Persons,_T,Total,_T,Total,H,Historical,1988,,4209489,,A,Normal value,0,Units,0,Zero
DATAFLOW,OECD.ELS.SAE:DSD_POPULATION@DF_POP_HIST(1.0),Historical population data,I,NOR,Norway,POP,Population,PS,Persons,_T,Total,_T,Total,H,Historical,1989,,4226909,,A,Normal value,0,Units,0,Zero
DATAFLOW,OECD.ELS.SAE:DSD_POPULATION@DF_POP_HIST(1.0),Historical population data,I,NOR,Norway,POP,Population,PS,Persons,_T,Total,_T,Total,H,Historical,1990,,4241476,,A,Normal value,0,Units,0,Zero
DATAFLOW,OECD.ELS.SAE:DSD_POPULATION@DF_POP_HIST(1.0),Historical population data,I,NOR,Norway,POP,Population,PS,Persons,_T,Total,_T,Total,H,Historical,1991,,4261738,,A,Normal value,0,Units,0,Zero
DATAFLOW,OECD.ELS.SAE:DSD_POPULATION@DF_POP_HIST(1.0),Historical population data,I,NOR,Norway,POP,Population,PS,Persons,_T,Total,_T,Total,H,Historical,1992,,4286397,,A,Normal value,0,Units,0,Zero
DATAFLOW,OECD.ELS.SAE:DSD_POPULATION@DF_POP_HIST(1.0),Historical population data,I,NOR,Norway,POP,Population,PS,Persons,_T,Total,_T,Total,H,Historical,1993,,4311984,,A,Normal value,0,Units,0,Zero
DATAFLOW,OECD.ELS.SAE:DSD_POPULATION@DF_POP_HIST(1.0),Historical population data,I,NOR,Norway,POP,Population,PS,Persons,_T,Total,_T,Total,H,Historical,1994,,4336614,,A,Normal value,0,Units,0,Zero
DATAFLOW,OECD.ELS.SAE:DSD_POPULATION@DF_POP_HIST(1.0),Historical population data,I,NOR,Norway,POP,Population,PS,Persons,_T,Total,_T,Total,H,Historical,1995,,4359187,,A,Normal value,0,Units,0,Zero
DATAFLOW,OECD.ELS.SAE:DSD_POPULATION@DF_POP_HIST(1.0),Historical population data,I,NOR,Norway,POP,Population,PS,Persons,_T,Total,_T,Total,H,Historical,1996,,4381339,,A,Normal value,0,Units,0,Zero
DATAFLOW,OECD.ELS.SAE:DSD_POPULATION@DF_POP_HIST(1.0),Historical population data,I,NOR,Norway,POP,Population,PS,Persons,_T,Total,_T,Total,H,Historical,1997,,4405158,,A,Normal value,0,Units,0,Zero
DATAFLOW,OECD.ELS.SAE:DSD_POPULATION@DF_POP_HIST(1.0),Historical population data,I,NOR,Norway,POP,Population,PS,Persons,_T,Total,_T,Total,H,Historical,1998,,4431465,,A,Normal value,0,Units,0,Zero
DATAFLOW,OECD.ELS.SAE:DSD_POPULATION@DF_POP_HIST(1.0),Historical population data,I,NOR,Norway,POP,Population,PS,Persons,_T,Total,_T,Total,H,Historical,1999,,4461915,,A,Normal value,0,Units,0,Zero
DATAFLOW,OECD.ELS.SAE:DSD_POPULATION@DF_POP_HIST(1.0),Historical population data,I,NOR,Norway,POP,Population,PS,Persons,_T,Total,_T,Total,H,Historical,2000,,4490973,,A,Normal value,0,Units,0,Zero
DATAFLOW,OECD.ELS.SAE:DSD_POPULATION@DF_POP_HIST(1.0),Historical population data,I,NOR,Norway,POP,Population,PS,Persons,_T,Total,_T,Total,H,Historical,2001,,4513747,,A,Normal value,0,Units,0,Zero
DATAFLOW,OECD.ELS.SAE:DSD_POPULATION@DF_POP_HIST(1.0),Historical population data,I,NOR,Norway,POP,Population,PS,Persons,_T,Total,_T,Total,H,Historical,2002,,4538157,,A,Normal value,0,Units,0,Zero
DATAFLOW,OECD.ELS.SAE:DSD_POPULATION@DF_POP_HIST(1.0),Historical population data,I,NOR,Norway,POP,Population,PS,Persons,_T,Total,_T,Total,H,Historical,2003,,4564856,,A,Normal value,0,Units,0,Zero
DATAFLOW,OECD.ELS.SAE:DSD_POPULATION@DF_POP_HIST(1.0),Historical population data,I,NOR,Norway,POP,Population,PS,Persons,_T,Total,_T,Total,H,Historical,2004,,4591909,,A,Normal value,0,Units,0,Zero
DATAFLOW,OECD.ELS.SAE:DSD_POPULATION@DF_POP_HIST(1.0),Historical population data,I,NOR,Norway,POP,Population,PS,Persons,_T,Total,_T,Total,H,Historical,2005,,4623293,,A,Normal value,0,Units,0,Zero
DATAFLOW,OECD.ELS.SAE:DSD_POPULATION@DF_POP_HIST(1.0),Historical population data,I,NOR,Norway,POP,Population,PS,Persons,_T,Total,_T,Total,H,Historical,2006,,4660673,,A,Normal value,0,Units,0,Zero
DATAFLOW,OECD.ELS.SAE:DSD_POPULATION@DF_POP_HIST(1.0),Historical population data,I,NOR,Norway,POP,Population,PS,Persons,_T,Total,_T,Total,H,Historical,2007,,4709156,,A,Normal value,0,Units,0,Zero
DATAFLOW,OECD.ELS.SAE:DSD_POPULATION@DF_POP_HIST(1.0),Historical population data,I,NOR,Norway,POP,Population,PS,Persons,_T,Total,_T,Total,H,Historical,2008,,4768215,,A,Normal value,0,Units,0,Zero
DATAFLOW,OECD.ELS.SAE:DSD_POPULATION@DF_POP_HIST(1.0),Historical population data,I,NOR,Norway,POP,Population,PS,Persons,_T,Total,_T,Total,H,Historical,2009,,4828716,,A,Normal value,0,Units,0,Zero
DATAFLOW,OECD.ELS.SAE:DSD_POPULATION@DF_POP_HIST(1.0),Historical population data,I,NOR,Norway,POP,Population,PS,Persons,_T,Total,_T,Total,H,Historical,2010,,4889253,,A,Normal value,0,Units,0,Zero
DATAFLOW,OECD.ELS.SAE:DSD_POPULATION@DF_POP_HIST(1.0),Historical population data,I,NOR,Norway,POP,Population,PS,Persons,_T,Total,_T,Total,H,Historical,2011,,4953089,,A,Normal value,0,Units,0,Zero
DATAFLOW,OECD.ELS.SAE:DSD_POPULATION@DF_POP_HIST(1.0),Historical population data,I,NOR,Norway,POP,Population,PS,Persons,_T,Total,_T,Total,H,Historical,2012,,5018574,,A,Normal value,0,Units,0,Zero
DATAFLOW,OECD.ELS.SAE:DSD_POPULATION@DF_POP_HIST(1.0),Historical population data,I,NOR,Norway,POP,Population,PS,Persons,_T,Total,_T,Total,H,Historical,2013,,5080171,,A,Normal value,0,Units,0,Zero
DATAFLOW,OECD.ELS.SAE:DSD_POPULATION@DF_POP_HIST(1.0),Historical population data,I,NOR,Norway,POP,Population,PS,Persons,_T,Total,_T,Total,H,Historical,2014,,5137427,,A,Normal value,0,Units,0,Zero
DATAFLOW,OECD.ELS.SAE:DSD_POPULATION@DF_POP_HIST(1.0),Historical population data,I,NOR,Norway,POP,Population,PS,Persons,_T,Total,_T,Total,H,Historical,2015,,5189898,,A,Normal value,0,Units,0,Zero
DATAFLOW,OECD.ELS.SAE:DSD_POPULATION@DF_POP_HIST(1.0),Historical population data,I,NOR,Norway,POP,Population,PS,Persons,_T,Total,_T,Total,H,Historical,2016,,5236152,,A,Normal value,0,Units,0,Zero
DATAFLOW,OECD.ELS.SAE:DSD_POPULATION@DF_POP_HIST(1.0),Historical population data,I,NOR,Norway,POP,Population,PS,Persons,_T,Total,_T,Total,H,Historical,2017,,5276965,,A,Normal value,0,Units,0,Zero
DATAFLOW,OECD.ELS.SAE:DSD_POPULATION@DF_POP_HIST(1.0),Historical population data,I,NOR,Norway,POP,Population,PS,Persons,_T,Total,_T,Total,H,Historical,2018,,5311916,,A,Normal value,0,Units,0,Zero
DATAFLOW,OECD.ELS.SAE:DSD_POPULATION@DF_POP_HIST(1.0),Historical population data,I,NOR,Norway,POP,Population,PS,Persons,_T,Total,_T,Total,H,Historical,2019,,5347893,,A,Normal value,0,Units,0,Zero
DATAFLOW,OECD.ELS.SAE:DSD_POPULATION@DF_POP_HIST(1.0),Historical population data,I,NOR,Norway,POP,Population,PS,Persons,_T,Total,_T,Total,H,Historical,2020,,5379472,,A,Normal value,0,Units,0,Zero
DATAFLOW,OECD.ELS.SAE:DSD_POPULATION@DF_POP_HIST(1.0),Historical population data,I,NOR,Norway,POP,Population,PS,Persons,_T,Total,_T,Total,H,Historical,2021,,5408320,,A,Normal value,0,Units,0,Zero
DATAFLOW,OECD.ELS.SAE:DSD_POPULATION@DF_POP_HIST(1.0),Historical population data,I,NOR,Norway,POP,Population,PS,Persons,_T,Total,_T,Total,H,Historical,2022,,5457129,,A,Normal value,0,Units,0,Zero
DATAFLOW,OECD.ELS.SAE:DSD_POPULATION@DF_POP_HIST(1.0),Historical population data,I,SVK,Slovak Republic,POP,Population,PS,Persons,_T,Total,_T,Total,H,Historical,1969,,4518773,,A,Normal value,0,Units,0,Zero
DATAFLOW,OECD.ELS.SAE:DSD_POPULATION@DF_POP_HIST(1.0),Historical population data,I,SVK,Slovak Republic,POP,Population,PS,Persons,_T,Total,_T,Total,H,Historical,1970,,4528459,,A,Normal value,0,Units,0,Zero
DATAFLOW,OECD.ELS.SAE:DSD_POPULATION@DF_POP_HIST(1.0),Historical population data,I,SVK,Slovak Republic,POP,Population,PS,Persons,_T,Total,_T,Total,H,Historical,1971,,4559341,,A,Normal value,0,Units,0,Zero
DATAFLOW,OECD.ELS.SAE:DSD_POPULATION@DF_POP_HIST(1.0),Historical population data,I,SVK,Slovak Republic,POP,Population,PS,Persons,_T,Total,_T,Total,H,Historical,1972,,4596330,,A,Normal value,0,Units,0,Zero
DATAFLOW,OECD.ELS.SAE:DSD_POPULATION@DF_POP_HIST(1.0),Historical population data,I,SVK,Slovak Republic,POP,Population,PS,Persons,_T,Total,_T,Total,H,Historical,1973,,4640673,,A,Normal value,0,Units,0,Zero
DATAFLOW,OECD.ELS.SAE:DSD_POPULATION@DF_POP_HIST(1.0),Historical population data,I,SVK,Slovak Republic,POP,Population,PS,Persons,_T,Total,_T,Total,H,Historical,1974,,4691014,,A,Normal value,0,Units,0,Zero
DATAFLOW,OECD.ELS.SAE:DSD_POPULATION@DF_POP_HIST(1.0),Historical population data,I,SVK,Slovak Republic,POP,Population,PS,Persons,_T,Total,_T,Total,H,Historical,1975,,4739301,,A,Normal value,0,Units,0,Zero
DATAFLOW,OECD.ELS.SAE:DSD_POPULATION@DF_POP_HIST(1.0),Historical population data,I,SVK,Slovak Republic,POP,Population,PS,Persons,_T,Total,_T,Total,H,Historical,1976,,4789452,,A,Normal value,0,Units,0,Zero
DATAFLOW,OECD.ELS.SAE:DSD_POPULATION@DF_POP_HIST(1.0),Historical population data,I,SVK,Slovak Republic,POP,Population,PS,Persons,_T,Total,_T,Total,H,Historical,1977,,4840819,,A,Normal value,0,Units,0,Zero
DATAFLOW,OECD.ELS.SAE:DSD_POPULATION@DF_POP_HIST(1.0),Historical population data,I,SVK,Slovak Republic,POP,Population,PS,Persons,_T,Total,_T,Total,H,Historical,1978,,4891673,,A,Normal value,0,Units,0,Zero
DATAFLOW,OECD.ELS.SAE:DSD_POPULATION@DF_POP_HIST(1.0),Historical population data,I,SVK,Slovak Republic,POP,Population,PS,Persons,_T,Total,_T,Total,H,Historical,1979,,4940223,,A,Normal value,0,Units,0,Zero
DATAFLOW,OECD.ELS.SAE:DSD_POPULATION@DF_POP_HIST(1.0),Historical population data,I,SVK,Slovak Republic,POP,Population,PS,Persons,_T,Total,_T,Total,H,Historical,1980,,4984331,,A,Normal value,0,Units,0,Zero
DATAFLOW,OECD.ELS.SAE:DSD_POPULATION@DF_POP_HIST(1.0),Historical population data,I,SVK,Slovak Republic,POP,Population,PS,Persons,_T,Total,_T,Total,H,Historical,1981,,5017032,,A,Normal value,0,Units,0,Zero
DATAFLOW,OECD.ELS.SAE:DSD_POPULATION@DF_POP_HIST(1.0),Historical population data,I,SVK,Slovak Republic,POP,Population,PS,Persons,_T,Total,_T,Total,H,Historical,1982,,5054770,,A,Normal value,0,Units,0,Zero
DATAFLOW,OECD.ELS.SAE:DSD_POPULATION@DF_POP_HIST(1.0),Historical population data,I,SVK,Slovak Republic,POP,Population,PS,Persons,_T,Total,_T,Total,H,Historical,1983,,5091537,,A,Normal value,0,Units,0,Zero
DATAFLOW,OECD.ELS.SAE:DSD_POPULATION@DF_POP_HIST(1.0),Historical population data,I,SVK,Slovak Republic,POP,Population,PS,Persons,_T,Total,_T,Total,H,Historical,1984,,5127719,,A,Normal value,0,Units,0,Zero
DATAFLOW,OECD.ELS.SAE:DSD_POPULATION@DF_POP_HIST(1.0),Historical population data,I,SVK,Slovak Republic,POP,Population,PS,Persons,_T,Total,_T,Total,H,Historical,1985,,5161789,,A,Normal value,0,Units,0,Zero
DATAFLOW,OECD.ELS.SAE:DSD_POPULATION@DF_POP_HIST(1.0),Historical population data,I,SVK,Slovak Republic,POP,Population,PS,Persons,_T,Total,_T,Total,H,Historical,1986,,5192789,,A,Normal value,0,Units,0,Zero
DATAFLOW,OECD.ELS.SAE:DSD_POPULATION@DF_POP_HIST(1.0),Historical population data,I,SVK,Slovak Republic,POP,Population,PS,Persons,_T,Total,_T,Total,H,Historical,1987,,5223609,,A,Normal value,0,Units,0,Zero
DATAFLOW,OECD.ELS.SAE:DSD_POPULATION@DF_POP_HIST(1.0),Historical population data,I,SVK,Slovak Republic,POP,Population,PS,Persons,_T,Total,_T,Total,H,Historical,1988,,5251120,,A,Normal value,0,Units,0,Zero
DATAFLOW,OECD.ELS.SAE:DSD_POPULATION@DF_POP_HIST(1.0),Historical population data,I,SVK,Slovak Republic,POP,Population,PS,Persons,_T,Total,_T,Total,H,Historical,1989,,5276186,,A,Normal value,0,Units,0,Zero
DATAFLOW,OECD.ELS.SAE:DSD_POPULATION@DF_POP_HIST(1.0),Historical population data,I,SVK,Slovak Republic,POP,Population,PS,Persons,_T,Total,_T,Total,H,Historical,1990,,5297774,,A,Normal value,0,Units,0,Zero
DATAFLOW,OECD.ELS.SAE:DSD_POPULATION@DF_POP_HIST(1.0),Historical population data,I,SVK,Slovak Republic,POP,Population,PS,Persons,_T,Total,_T,Total,H,Historical,1991,,5283404,,A,Normal value,0,Units,0,Zero
DATAFLOW,OECD.ELS.SAE:DSD_POPULATION@DF_POP_HIST(1.0),Historical population data,I,SVK,Slovak Republic,POP,Population,PS,Persons,_T,Total,_T,Total,H,Historical,1992,,5306539,,A,Normal value,0,Units,0,Zero
DATAFLOW,OECD.ELS.SAE:DSD_POPULATION@DF_POP_HIST(1.0),Historical population data,I,SVK,Slovak Republic,POP,Population,PS,Persons,_T,Total,_T,Total,H,Historical,1993,,5324632,,A,Normal value,0,Units,0,Zero
DATAFLOW,OECD.ELS.SAE:DSD_POPULATION@DF_POP_HIST(1.0),Historical population data,I,SVK,Slovak Republic,POP,Population,PS,Persons,_T,Total,_T,Total,H,Historical,1994,,5347413,,A,Normal value,0,Units,0,Zero
DATAFLOW,OECD.ELS.SAE:DSD_POPULATION@DF_POP_HIST(1.0),Historical population data,I,SVK,Slovak Republic,POP,Population,PS,Persons,_T,Total,_T,Total,H,Historical,1995,,5363676,,A,Normal value,0,Units,0,Zero
DATAFLOW,OECD.ELS.SAE:DSD_POPULATION@DF_POP_HIST(1.0),Historical population data,I,SVK,Slovak Republic,POP,Population,PS,Persons,_T,Total,_T,Total,H,Historical,1996,,5373793,,A,Normal value,0,Units,0,Zero
DATAFLOW,OECD.ELS.SAE:DSD_POPULATION@DF_POP_HIST(1.0),Historical population data,I,SVK,Slovak Republic,POP,Population,PS,Persons,_T,Total,_T,Total,H,Historical,1997,,5383233,,A,Normal value,0,Units,0,Zero
DATAFLOW,OECD.ELS.SAE:DSD_POPULATION@DF_POP_HIST(1.0),Historical population data,I,SVK,Slovak Republic,POP,Population,PS,Persons,_T,Total,_T,Total,H,Historical,1998,,5390866,,A,Normal value,0,Units,0,Zero
DATAFLOW,OECD.ELS.SAE:DSD_POPULATION@DF_POP_HIST(1.0),Historical population data,I,SVK,Slovak Republic,POP,Population,PS,Persons,_T,Total,_T,Total,H,Historical,1999,,5395324,,A,Normal value,0,Units,0,Zero
DATAFLOW,OECD.ELS.SAE:DSD_POPULATION@DF_POP_HIST(1.0),Historical population data,I,SVK,Slovak Republic,POP,Population,PS,Persons,_T,Total,_T,Total,H,Historical,2000,,5400679,,A,Normal value,0,Units,0,Zero
DATAFLOW,OECD.ELS.SAE:DSD_POPULATION@DF_POP_HIST(1.0),Historical population data,I,SVK,Slovak Republic,POP,Population,PS,Persons,_T,Total,_T,Total,H,Historical,2001,,5379780,,A,Normal value,0,Units,0,Zero
DATAFLOW,OECD.ELS.SAE:DSD_POPULATION@DF_POP_HIST(1.0),Historical population data,I,SVK,Slovak Republic,POP,Population,PS,Persons,_T,Total,_T,Total,H,Historical,2002,,5378809,,A,Normal value,0,Units,0,Zero
DATAFLOW,OECD.ELS.SAE:DSD_POPULATION@DF_POP_HIST(1.0),Historical population data,I,SVK,Slovak Republic,POP,Population,PS,Persons,_T,Total,_T,Total,H,Historical,2003,,5378950,,A,Normal value,0,Units,0,Zero
DATAFLOW,OECD.ELS.SAE:DSD_POPULATION@DF_POP_HIST(1.0),Historical population data,I,SVK,Slovak Republic,POP,Population,PS,Persons,_T,Total,_T,Total,H,Historical,2004,,5382574,,A,Normal value,0,Units,0,Zero
DATAFLOW,OECD.ELS.SAE:DSD_POPULATION@DF_POP_HIST(1.0),Historical population data,I,SVK,Slovak Republic,POP,Population,PS,Persons,_T,Total,_T,Total,H,Historical,2005,,5387285,,A,Normal value,0,Units,0,Zero
DATAFLOW,OECD.ELS.SAE:DSD_POPULATION@DF_POP_HIST(1.0),Historical population data,I,SVK,Slovak Republic,POP,Population,PS,Persons,_T,Total,_T,Total,H,Historical,2006,,5391184,,A,Normal value,0,Units,0,Zero
DATAFLOW,OECD.ELS.SAE:DSD_POPULATION@DF_POP_HIST(1.0),Historical population data,I,SVK,Slovak Republic,POP,Population,PS,Persons,_T,Total,_T,Total,H,Historical,2007,,5397766,,A,Normal value,0,Units,0,Zero
DATAFLOW,OECD.ELS.SAE:DSD_POPULATION@DF_POP_HIST(1.0),Historical population data,I,SVK,Slovak Republic,POP,Population,PS,Persons,_T,Total,_T,Total,H,Historical,2008,,5406972,,A,Normal value,0,Units,0,Zero
DATAFLOW,OECD.ELS.SAE:DSD_POPULATION@DF_POP_HIST(1.0),Historical population data,I,SVK,Slovak Republic,POP,Population,PS,Persons,_T,Total,_T,Total,H,Historical,2009,,5418374,,A,Normal value,0,Units,0,Zero
DATAFLOW,OECD.ELS.SAE:DSD_POPULATION@DF_POP_HIST(1.0),Historical population data,I,SVK,Slovak Republic,POP,Population,PS,Persons,_T,Total,_T,Total,H,Historical,2010,,5431024,,A,Normal value,0,Units,0,Zero
DATAFLOW,OECD.ELS.SAE:DSD_POPULATION@DF_POP_HIST(1.0),Historical population data,I,SVK,Slovak Republic,POP,Population,PS,Persons,_T,Total,_T,Total,H,Historical,2011,,5398384,,A,Normal value,0,Units,0,Zero
DATAFLOW,OECD.ELS.SAE:DSD_POPULATION@DF_POP_HIST(1.0),Historical population data,I,SVK,Slovak Republic,POP,Population,PS,Persons,_T,Total,_T,Total,H,Historical,2012,,5407579,,A,Normal value,0,Units,0,Zero
DATAFLOW,OECD.ELS.SAE:DSD_POPULATION@DF_POP_HIST(1.0),Historical population data,I,SVK,Slovak Republic,POP,Population,PS,Persons,_T,Total,_T,Total,H,Historical,2013,,5413392.5,,A,Normal value,0,Units,0,Zero
DATAFLOW,OECD.ELS.SAE:DSD_POPULATION@DF_POP_HIST(1.0),Historical population data,I,SVK,Slovak Republic,POP,Population,PS,Persons,_T,Total,_T,Total,H,Historical,2014,,5418649,,A,Normal value,0,Units,0,Zero
DATAFLOW,OECD.ELS.SAE:DSD_POPULATION@DF_POP_HIST(1.0),Historical population data,I,SVK,Slovak Republic,POP,Population,PS,Persons,_T,Total,_T,Total,H,Historical,2015,,5423800.5,,A,Normal value,0,Units,0,Zero
DATAFLOW,OECD.ELS.SAE:DSD_POPULATION@DF_POP_HIST(1.0),Historical population data,I,SVK,Slovak Republic,POP,Population,PS,Persons,_T,Total,_T,Total,H,Historical,2016,,5430797.5,,A,Normal value,0,Units,0,Zero
DATAFLOW,OECD.ELS.SAE:DSD_POPULATION@DF_POP_HIST(1.0),Historical population data,I,SVK,Slovak Republic,POP,Population,PS,Persons,_T,Total,_T,Total,H,Historical,2017,,5439231.5,,A,Normal value,0,Units,0,Zero
DATAFLOW,OECD.ELS.SAE:DSD_POPULATION@DF_POP_HIST(1.0),Historical population data,I,SVK,Slovak Republic,POP,Population,PS,Persons,_T,Total,_T,Total,H,Historical,2018,,5446770.5,,A,Normal value,0,Units,0,Zero
DATAFLOW,OECD.ELS.SAE:DSD_POPULATION@DF_POP_HIST(1.0),Historical population data,I,SVK,Slovak Republic,POP,Population,PS,Persons,_T,Total,_T,Total,H,Historical,2019,,5454147,,A,Normal value,0,Units,0,Zero
DATAFLOW,OECD.ELS.SAE:DSD_POPULATION@DF_POP_HIST(1.0),Historical population data,I,SVK,Slovak Republic,POP,Population,PS,Persons,_T,Total,_T,Total,H,Historical,2020,,5458827,,A,Normal value,0,Units,0,Zero
DATAFLOW,OECD.ELS.SAE:DSD_POPULATION@DF_POP_HIST(1.0),Historical population data,I,SVK,Slovak Republic,POP,Population,PS,Persons,_T,Total,_T,Total,H,Historical,2021,,5441991,,A,Normal value,0,Units,0,Zero
DATAFLOW,OECD.ELS.SAE:DSD_POPULATION@DF_POP_HIST(1.0),Historical population data,I,SVK,Slovak Republic,POP,Population,PS,Persons,_T,Total,_T,Total,H,Historical,2022,,5431752,,A,Normal value,0,Units,0,Zero
DATAFLOW,OECD.ELS.SAE:DSD_POPULATION@DF_POP_HIST(1.0),Historical population data,I,SVN,Slovenia,POP,Population,PS,Persons,_T,Total,_T,Total,H,Historical,1969,,1714022,,A,Normal value,0,Units,0,Zero
DATAFLOW,OECD.ELS.SAE:DSD_POPULATION@DF_POP_HIST(1.0),Historical population data,I,SVN,Slovenia,POP,Population,PS,Persons,_T,Total,_T,Total,H,Historical,1970,,1726513,,A,Normal value,0,Units,0,Zero
DATAFLOW,OECD.ELS.SAE:DSD_POPULATION@DF_POP_HIST(1.0),Historical population data,I,SVN,Slovenia,POP,Population,PS,Persons,_T,Total,_T,Total,H,Historical,1971,,1729941,,A,Normal value,0,Units,0,Zero
DATAFLOW,OECD.ELS.SAE:DSD_POPULATION@DF_POP_HIST(1.0),Historical population data,I,SVN,Slovenia,POP,Population,PS,Persons,_T,Total,_T,Total,H,Historical,1972,,1741343,,A,Normal value,0,Units,0,Zero
DATAFLOW,OECD.ELS.SAE:DSD_POPULATION@DF_POP_HIST(1.0),Historical population data,I,SVN,Slovenia,POP,Population,PS,Persons,_T,Total,_T,Total,H,Historical,1973,,1753296,,A,Normal value,0,Units,0,Zero
DATAFLOW,OECD.ELS.SAE:DSD_POPULATION@DF_POP_HIST(1.0),Historical population data,I,SVN,Slovenia,POP,Population,PS,Persons,_T,Total,_T,Total,H,Historical,1974,,1766040,,A,Normal value,0,Units,0,Zero
DATAFLOW,OECD.ELS.SAE:DSD_POPULATION@DF_POP_HIST(1.0),Historical population data,I,SVN,Slovenia,POP,Population,PS,Persons,_T,Total,_T,Total,H,Historical,1975,,1778454,,A,Normal value,0,Units,0,Zero
DATAFLOW,OECD.ELS.SAE:DSD_POPULATION@DF_POP_HIST(1.0),Historical population data,I,SVN,Slovenia,POP,Population,PS,Persons,_T,Total,_T,Total,H,Historical,1976,,1786977,,A,Normal value,0,Units,0,Zero
DATAFLOW,OECD.ELS.SAE:DSD_POPULATION@DF_POP_HIST(1.0),Historical population data,I,SVN,Slovenia,POP,Population,PS,Persons,_T,Total,_T,Total,H,Historical,1977,,1799384,,A,Normal value,0,Units,0,Zero
DATAFLOW,OECD.ELS.SAE:DSD_POPULATION@DF_POP_HIST(1.0),Historical population data,I,SVN,Slovenia,POP,Population,PS,Persons,_T,Total,_T,Total,H,Historical,1978,,1810997,,A,Normal value,0,Units,0,Zero
DATAFLOW,OECD.ELS.SAE:DSD_POPULATION@DF_POP_HIST(1.0),Historical population data,I,SVN,Slovenia,POP,Population,PS,Persons,_T,Total,_T,Total,H,Historical,1979,,1824001,,A,Normal value,0,Units,0,Zero
DATAFLOW,OECD.ELS.SAE:DSD_POPULATION@DF_POP_HIST(1.0),Historical population data,I,SVN,Slovenia,POP,Population,PS,Persons,_T,Total,_T,Total,H,Historical,1980,,1884477,,A,Normal value,0,Units,0,Zero
DATAFLOW,OECD.ELS.SAE:DSD_POPULATION@DF_POP_HIST(1.0),Historical population data,I,SVN,Slovenia,POP,Population,PS,Persons,_T,Total,_T,Total,H,Historical,1981,,1896133,,A,Normal value,0,Units,0,Zero
DATAFLOW,OECD.ELS.SAE:DSD_POPULATION@DF_POP_HIST(1.0),Historical population data,I,SVN,Slovenia,POP,Population,PS,Persons,_T,Total,_T,Total,H,Historical,1982,,1910335,,A,Normal value,0,Units,0,Zero
DATAFLOW,OECD.ELS.SAE:DSD_POPULATION@DF_POP_HIST(1.0),Historical population data,I,SVN,Slovenia,POP,Population,PS,Persons,_T,Total,_T,Total,H,Historical,1983,,1922322,,A,Normal value,0,Units,0,Zero
DATAFLOW,OECD.ELS.SAE:DSD_POPULATION@DF_POP_HIST(1.0),Historical population data,I,SVN,Slovenia,POP,Population,PS,Persons,_T,Total,_T,Total,H,Historical,1984,,1932154,,A,Normal value,0,Units,0,Zero
DATAFLOW,OECD.ELS.SAE:DSD_POPULATION@DF_POP_HIST(1.0),Historical population data,I,SVN,Slovenia,POP,Population,PS,Persons,_T,Total,_T,Total,H,Historical,1985,,1941640,,A,Normal value,0,Units,0,Zero
DATAFLOW,OECD.ELS.SAE:DSD_POPULATION@DF_POP_HIST(1.0),Historical population data,I,SVN,Slovenia,POP,Population,PS,Persons,_T,Total,_T,Total,H,Historical,1986,,1980718,,A,Normal value,0,Units,0,Zero
DATAFLOW,OECD.ELS.SAE:DSD_POPULATION@DF_POP_HIST(1.0),Historical population data,I,SVN,Slovenia,POP,Population,PS,Persons,_T,Total,_T,Total,H,Historical,1987,,1989462,,A,Normal value,0,Units,0,Zero
DATAFLOW,OECD.ELS.SAE:DSD_POPULATION@DF_POP_HIST(1.0),Historical population data,I,SVN,Slovenia,POP,Population,PS,Persons,_T,Total,_T,Total,H,Historical,1988,,1999988,,A,Normal value,0,Units,0,Zero
DATAFLOW,OECD.ELS.SAE:DSD_POPULATION@DF_POP_HIST(1.0),Historical population data,I,SVN,Slovenia,POP,Population,PS,Persons,_T,Total,_T,Total,H,Historical,1989,,1999404,,A,Normal value,0,Units,0,Zero
DATAFLOW,OECD.ELS.SAE:DSD_POPULATION@DF_POP_HIST(1.0),Historical population data,I,SVN,Slovenia,POP,Population,PS,Persons,_T,Total,_T,Total,H,Historical,1990,,1998090,,A,Normal value,0,Units,0,Zero
DATAFLOW,OECD.ELS.SAE:DSD_POPULATION@DF_POP_HIST(1.0),Historical population data,I,SVN,Slovenia,POP,Population,PS,Persons,_T,Total,_T,Total,H,Historical,1991,,2001768,,A,Normal value,0,Units,0,Zero
DATAFLOW,OECD.ELS.SAE:DSD_POPULATION@DF_POP_HIST(1.0),Historical population data,I,SVN,Slovenia,POP,Population,PS,Persons,_T,Total,_T,Total,H,Historical,1992,,1995832,,A,Normal value,0,Units,0,Zero
DATAFLOW,OECD.ELS.SAE:DSD_POPULATION@DF_POP_HIST(1.0),Historical population data,I,SVN,Slovenia,POP,Population,PS,Persons,_T,Total,_T,Total,H,Historical,1993,,1990623,,A,Normal value,0,Units,0,Zero
DATAFLOW,OECD.ELS.SAE:DSD_POPULATION@DF_POP_HIST(1.0),Historical population data,I,SVN,Slovenia,POP,Population,PS,Persons,_T,Total,_T,Total,H,Historical,1994,,1988850,,A,Normal value,0,Units,0,Zero
DATAFLOW,OECD.ELS.SAE:DSD_POPULATION@DF_POP_HIST(1.0),Historical population data,I,SVN,Slovenia,POP,Population,PS,Persons,_T,Total,_T,Total,H,Historical,1995,,1987505,,A,Normal value,0,Units,0,Zero
DATAFLOW,OECD.ELS.SAE:DSD_POPULATION@DF_POP_HIST(1.0),Historical population data,I,SVN,Slovenia,POP,Population,PS,Persons,_T,Total,_T,Total,H,Historical,1996,,1991169,,A,Normal value,0,Units,0,Zero
DATAFLOW,OECD.ELS.SAE:DSD_POPULATION@DF_POP_HIST(1.0),Historical population data,I,SVN,Slovenia,POP,Population,PS,Persons,_T,Total,_T,Total,H,Historical,1997,,1986848,,A,Normal value,0,Units,0,Zero
DATAFLOW,OECD.ELS.SAE:DSD_POPULATION@DF_POP_HIST(1.0),Historical population data,I,SVN,Slovenia,POP,Population,PS,Persons,_T,Total,_T,Total,H,Historical,1998,,1982603,,A,Normal value,0,Units,0,Zero
DATAFLOW,OECD.ELS.SAE:DSD_POPULATION@DF_POP_HIST(1.0),Historical population data,I,SVN,Slovenia,POP,Population,PS,Persons,_T,Total,_T,Total,H,Historical,1999,,1985557,,A,Normal value,0,Units,0,Zero
DATAFLOW,OECD.ELS.SAE:DSD_POPULATION@DF_POP_HIST(1.0),Historical population data,I,SVN,Slovenia,POP,Population,PS,Persons,_T,Total,_T,Total,H,Historical,2000,,1990272,,A,Normal value,0,Units,0,Zero
DATAFLOW,OECD.ELS.SAE:DSD_POPULATION@DF_POP_HIST(1.0),Historical population data,I,SVN,Slovenia,POP,Population,PS,Persons,_T,Total,_T,Total,H,Historical,2001,,1992035,,A,Normal value,0,Units,0,Zero
DATAFLOW,OECD.ELS.SAE:DSD_POPULATION@DF_POP_HIST(1.0),Historical population data,I,SVN,Slovenia,POP,Population,PS,Persons,_T,Total,_T,Total,H,Historical,2002,,1995718,,A,Normal value,0,Units,0,Zero
DATAFLOW,OECD.ELS.SAE:DSD_POPULATION@DF_POP_HIST(1.0),Historical population data,I,SVN,Slovenia,POP,Population,PS,Persons,_T,Total,_T,Total,H,Historical,2003,,1996773,,A,Normal value,0,Units,0,Zero
DATAFLOW,OECD.ELS.SAE:DSD_POPULATION@DF_POP_HIST(1.0),Historical population data,I,SVN,Slovenia,POP,Population,PS,Persons,_T,Total,_T,Total,H,Historical,2004,,1997004,,A,Normal value,0,Units,0,Zero
DATAFLOW,OECD.ELS.SAE:DSD_POPULATION@DF_POP_HIST(1.0),Historical population data,I,SVN,Slovenia,POP,Population,PS,Persons,_T,Total,_T,Total,H,Historical,2005,,2001114,,A,Normal value,0,Units,0,Zero
DATAFLOW,OECD.ELS.SAE:DSD_POPULATION@DF_POP_HIST(1.0),Historical population data,I,SVN,Slovenia,POP,Population,PS,Persons,_T,Total,_T,Total,H,Historical,2006,,2008516,,A,Normal value,0,Units,0,Zero
DATAFLOW,OECD.ELS.SAE:DSD_POPULATION@DF_POP_HIST(1.0),Historical population data,I,SVN,Slovenia,POP,Population,PS,Persons,_T,Total,_T,Total,H,Historical,2007,,2019406,,A,Normal value,0,Units,0,Zero
DATAFLOW,OECD.ELS.SAE:DSD_POPULATION@DF_POP_HIST(1.0),Historical population data,I,SVN,Slovenia,POP,Population,PS,Persons,_T,Total,_T,Total,H,Historical,2008,,2022629,,A,Normal value,0,Units,0,Zero
DATAFLOW,OECD.ELS.SAE:DSD_POPULATION@DF_POP_HIST(1.0),Historical population data,I,SVN,Slovenia,POP,Population,PS,Persons,_T,Total,_T,Total,H,Historical,2009,,2042335,,A,Normal value,0,Units,0,Zero
DATAFLOW,OECD.ELS.SAE:DSD_POPULATION@DF_POP_HIST(1.0),Historical population data,I,SVN,Slovenia,POP,Population,PS,Persons,_T,Total,_T,Total,H,Historical,2010,,2049261,,A,Normal value,0,Units,0,Zero
DATAFLOW,OECD.ELS.SAE:DSD_POPULATION@DF_POP_HIST(1.0),Historical population data,I,SVN,Slovenia,POP,Population,PS,Persons,_T,Total,_T,Total,H,Historical,2011,,2052496,,A,Normal value,0,Units,0,Zero
DATAFLOW,OECD.ELS.SAE:DSD_POPULATION@DF_POP_HIST(1.0),Historical population data,I,SVN,Slovenia,POP,Population,PS,Persons,_T,Total,_T,Total,H,Historical,2012,,2056262,,A,Normal value,0,Units,0,Zero
DATAFLOW,OECD.ELS.SAE:DSD_POPULATION@DF_POP_HIST(1.0),Historical population data,I,SVN,Slovenia,POP,Population,PS,Persons,_T,Total,_T,Total,H,Historical,2013,,2059114,,A,Normal value,0,Units,0,Zero
DATAFLOW,OECD.ELS.SAE:DSD_POPULATION@DF_POP_HIST(1.0),Historical population data,I,SVN,Slovenia,POP,Population,PS,Persons,_T,Total,_T,Total,H,Historical,2014,,2061623,,A,Normal value,0,Units,0,Zero
DATAFLOW,OECD.ELS.SAE:DSD_POPULATION@DF_POP_HIST(1.0),Historical population data,I,SVN,Slovenia,POP,Population,PS,Persons,_T,Total,_T,Total,H,Historical,2015,,2063077,,A,Normal value,0,Units,0,Zero
DATAFLOW,OECD.ELS.SAE:DSD_POPULATION@DF_POP_HIST(1.0),Historical population data,I,SVN,Slovenia,POP,Population,PS,Persons,_T,Total,_T,Total,H,Historical,2016,,2064241,,A,Normal value,0,Units,0,Zero
DATAFLOW,OECD.ELS.SAE:DSD_POPULATION@DF_POP_HIST(1.0),Historical population data,I,SVN,Slovenia,POP,Population,PS,Persons,_T,Total,_T,Total,H,Historical,2017,,2066161,,A,Normal value,0,Units,0,Zero
DATAFLOW,OECD.ELS.SAE:DSD_POPULATION@DF_POP_HIST(1.0),Historical population data,I,SVN,Slovenia,POP,Population,PS,Persons,_T,Total,_T,Total,H,Historical,2018,,2070050,,A,Normal value,0,Units,0,Zero
DATAFLOW,OECD.ELS.SAE:DSD_POPULATION@DF_POP_HIST(1.0),Historical population data,I,SVN,Slovenia,POP,Population,PS,Persons,_T,Total,_T,Total,H,Historical,2019,,2089310,,A,Normal value,0,Units,0,Zero
DATAFLOW,OECD.ELS.SAE:DSD_POPULATION@DF_POP_HIST(1.0),Historical population data,I,SVN,Slovenia,POP,Population,PS,Persons,_T,Total,_T,Total,H,Historical,2020,,2100126,,A,Normal value,0,Units,0,Zero
DATAFLOW,OECD.ELS.SAE:DSD_POPULATION@DF_POP_HIST(1.0),Historical population data,I,SVN,Slovenia,POP,Population,PS,Persons,_T,Total,_T,Total,H,Historical,2021,,2107007,,A,Normal value,0,Units,0,Zero
DATAFLOW,OECD.ELS.SAE:DSD_POPULATION@DF_POP_HIST(1.0),Historical population data,I,SVN,Slovenia,POP,Population,PS,Persons,_T,Total,_T,Total,H,Historical,2022,,2108732,,A,Normal value,0,Units,0,Zero
DATAFLOW,OECD.ELS.SAE:DSD_POPULATION@DF_POP_HIST(1.0),Historical population data,I,SWE,Sweden,POP,Population,PS,Persons,_T,Total,_T,Total,H,Historical,1969,,7967732,,A,Normal value,0,Units,0,Zero
DATAFLOW,OECD.ELS.SAE:DSD_POPULATION@DF_POP_HIST(1.0),Historical population data,I,SWE,Sweden,POP,Population,PS,Persons,_T,Total,_T,Total,H,Historical,1970,,8042706,,A,Normal value,0,Units,0,Zero
DATAFLOW,OECD.ELS.SAE:DSD_POPULATION@DF_POP_HIST(1.0),Historical population data,I,SWE,Sweden,POP,Population,PS,Persons,_T,Total,_T,Total,H,Historical,1971,,8098145,,A,Normal value,0,Units,0,Zero
DATAFLOW,OECD.ELS.SAE:DSD_POPULATION@DF_POP_HIST(1.0),Historical population data,I,SWE,Sweden,POP,Population,PS,Persons,_T,Total,_T,Total,H,Historical,1972,,8122154,,A,Normal value,0,Units,0,Zero
DATAFLOW,OECD.ELS.SAE:DSD_POPULATION@DF_POP_HIST(1.0),Historical population data,I,SWE,Sweden,POP,Population,PS,Persons,_T,Total,_T,Total,H,Historical,1973,,8136779,,A,Normal value,0,Units,0,Zero
DATAFLOW,OECD.ELS.SAE:DSD_POPULATION@DF_POP_HIST(1.0),Historical population data,I,SWE,Sweden,POP,Population,PS,Persons,_T,Total,_T,Total,H,Historical,1974,,8160562,,A,Normal value,0,Units,0,Zero
DATAFLOW,OECD.ELS.SAE:DSD_POPULATION@DF_POP_HIST(1.0),Historical population data,I,SWE,Sweden,POP,Population,PS,Persons,_T,Total,_T,Total,H,Historical,1975,,8192567,,A,Normal value,0,Units,0,Zero
DATAFLOW,OECD.ELS.SAE:DSD_POPULATION@DF_POP_HIST(1.0),Historical population data,I,SWE,Sweden,POP,Population,PS,Persons,_T,Total,_T,Total,H,Historical,1976,,8222309,,A,Normal value,0,Units,0,Zero
DATAFLOW,OECD.ELS.SAE:DSD_POPULATION@DF_POP_HIST(1.0),Historical population data,I,SWE,Sweden,POP,Population,PS,Persons,_T,Total,_T,Total,H,Historical,1977,,8251653,,A,Normal value,0,Units,0,Zero
DATAFLOW,OECD.ELS.SAE:DSD_POPULATION@DF_POP_HIST(1.0),Historical population data,I,SWE,Sweden,POP,Population,PS,Persons,_T,Total,_T,Total,H,Historical,1978,,8275775,,A,Normal value,0,Units,0,Zero
DATAFLOW,OECD.ELS.SAE:DSD_POPULATION@DF_POP_HIST(1.0),Historical population data,I,SWE,Sweden,POP,Population,PS,Persons,_T,Total,_T,Total,H,Historical,1979,,8293728,,A,Normal value,0,Units,0,Zero
DATAFLOW,OECD.ELS.SAE:DSD_POPULATION@DF_POP_HIST(1.0),Historical population data,I,SWE,Sweden,POP,Population,PS,Persons,_T,Total,_T,Total,H,Historical,1980,,8310477,,A,Normal value,0,Units,0,Zero
DATAFLOW,OECD.ELS.SAE:DSD_POPULATION@DF_POP_HIST(1.0),Historical population data,I,SWE,Sweden,POP,Population,PS,Persons,_T,Total,_T,Total,H,Historical,1981,,8320482,,A,Normal value,0,Units,0,Zero
DATAFLOW,OECD.ELS.SAE:DSD_POPULATION@DF_POP_HIST(1.0),Historical population data,I,SWE,Sweden,POP,Population,PS,Persons,_T,Total,_T,Total,H,Historical,1982,,8325260,,A,Normal value,0,Units,0,Zero
DATAFLOW,OECD.ELS.SAE:DSD_POPULATION@DF_POP_HIST(1.0),Historical population data,I,SWE,Sweden,POP,Population,PS,Persons,_T,Total,_T,Total,H,Historical,1983,,8329025,,A,Normal value,0,Units,0,Zero
DATAFLOW,OECD.ELS.SAE:DSD_POPULATION@DF_POP_HIST(1.0),Historical population data,I,SWE,Sweden,POP,Population,PS,Persons,_T,Total,_T,Total,H,Historical,1984,,8336595,,A,Normal value,0,Units,0,Zero
DATAFLOW,OECD.ELS.SAE:DSD_POPULATION@DF_POP_HIST(1.0),Historical population data,I,SWE,Sweden,POP,Population,PS,Persons,_T,Total,_T,Total,H,Historical,1985,,8350378,,A,Normal value,0,Units,0,Zero
DATAFLOW,OECD.ELS.SAE:DSD_POPULATION@DF_POP_HIST(1.0),Historical population data,I,SWE,Sweden,POP,Population,PS,Persons,_T,Total,_T,Total,H,Historical,1986,,8369824,,A,Normal value,0,Units,0,Zero
DATAFLOW,OECD.ELS.SAE:DSD_POPULATION@DF_POP_HIST(1.0),Historical population data,I,SWE,Sweden,POP,Population,PS,Persons,_T,Total,_T,Total,H,Historical,1987,,8397797,,A,Normal value,0,Units,0,Zero
DATAFLOW,OECD.ELS.SAE:DSD_POPULATION@DF_POP_HIST(1.0),Historical population data,I,SWE,Sweden,POP,Population,PS,Persons,_T,Total,_T,Total,H,Historical,1988,,8436483,,A,Normal value,0,Units,0,Zero
DATAFLOW,OECD.ELS.SAE:DSD_POPULATION@DF_POP_HIST(1.0),Historical population data,I,SWE,Sweden,POP,Population,PS,Persons,_T,Total,_T,Total,H,Historical,1989,,8492959,,A,Normal value,0,Units,0,Zero
DATAFLOW,OECD.ELS.SAE:DSD_POPULATION@DF_POP_HIST(1.0),Historical population data,I,SWE,Sweden,POP,Population,PS,Persons,_T,Total,_T,Total,H,Historical,1990,,8558834,,A,Normal value,0,Units,0,Zero
DATAFLOW,OECD.ELS.SAE:DSD_POPULATION@DF_POP_HIST(1.0),Historical population data,I,SWE,Sweden,POP,Population,PS,Persons,_T,Total,_T,Total,H,Historical,1991,,8617376,,A,Normal value,0,Units,0,Zero
DATAFLOW,OECD.ELS.SAE:DSD_POPULATION@DF_POP_HIST(1.0),Historical population data,I,SWE,Sweden,POP,Population,PS,Persons,_T,Total,_T,Total,H,Historical,1992,,8668065,,A,Normal value,0,Units,0,Zero
DATAFLOW,OECD.ELS.SAE:DSD_POPULATION@DF_POP_HIST(1.0),Historical population data,I,SWE,Sweden,POP,Population,PS,Persons,_T,Total,_T,Total,H,Historical,1993,,8718558,,A,Normal value,0,Units,0,Zero
DATAFLOW,OECD.ELS.SAE:DSD_POPULATION@DF_POP_HIST(1.0),Historical population data,I,SWE,Sweden,POP,Population,PS,Persons,_T,Total,_T,Total,H,Historical,1994,,8780741,,A,Normal value,0,Units,0,Zero
DATAFLOW,OECD.ELS.SAE:DSD_POPULATION@DF_POP_HIST(1.0),Historical population data,I,SWE,Sweden,POP,Population,PS,Persons,_T,Total,_T,Total,H,Historical,1995,,8826944,,A,Normal value,0,Units,0,Zero
DATAFLOW,OECD.ELS.SAE:DSD_POPULATION@DF_POP_HIST(1.0),Historical population data,I,SWE,Sweden,POP,Population,PS,Persons,_T,Total,_T,Total,H,Historical,1996,,8840999,,A,Normal value,0,Units,0,Zero
DATAFLOW,OECD.ELS.SAE:DSD_POPULATION@DF_POP_HIST(1.0),Historical population data,I,SWE,Sweden,POP,Population,PS,Persons,_T,Total,_T,Total,H,Historical,1997,,8846059,,A,Normal value,0,Units,0,Zero
DATAFLOW,OECD.ELS.SAE:DSD_POPULATION@DF_POP_HIST(1.0),Historical population data,I,SWE,Sweden,POP,Population,PS,Persons,_T,Total,_T,Total,H,Historical,1998,,8850975,,A,Normal value,0,Units,0,Zero
DATAFLOW,OECD.ELS.SAE:DSD_POPULATION@DF_POP_HIST(1.0),Historical population data,I,SWE,Sweden,POP,Population,PS,Persons,_T,Total,_T,Total,H,Historical,1999,,8857879,,A,Normal value,0,Units,0,Zero
DATAFLOW,OECD.ELS.SAE:DSD_POPULATION@DF_POP_HIST(1.0),Historical population data,I,SWE,Sweden,POP,Population,PS,Persons,_T,Total,_T,Total,H,Historical,2000,,8872112,,A,Normal value,0,Units,0,Zero
DATAFLOW,OECD.ELS.SAE:DSD_POPULATION@DF_POP_HIST(1.0),Historical population data,I,SWE,Sweden,POP,Population,PS,Persons,_T,Total,_T,Total,H,Historical,2001,,8895963,,A,Normal value,0,Units,0,Zero
DATAFLOW,OECD.ELS.SAE:DSD_POPULATION@DF_POP_HIST(1.0),Historical population data,I,SWE,Sweden,POP,Population,PS,Persons,_T,Total,_T,Total,H,Historical,2002,,8924960,,A,Normal value,0,Units,0,Zero
DATAFLOW,OECD.ELS.SAE:DSD_POPULATION@DF_POP_HIST(1.0),Historical population data,I,SWE,Sweden,POP,Population,PS,Persons,_T,Total,_T,Total,H,Historical,2003,,8958232,,A,Normal value,0,Units,0,Zero
DATAFLOW,OECD.ELS.SAE:DSD_POPULATION@DF_POP_HIST(1.0),Historical population data,I,SWE,Sweden,POP,Population,PS,Persons,_T,Total,_T,Total,H,Historical,2004,,8993534,,A,Normal value,0,Units,0,Zero
DATAFLOW,OECD.ELS.SAE:DSD_POPULATION@DF_POP_HIST(1.0),Historical population data,I,SWE,Sweden,POP,Population,PS,Persons,_T,Total,_T,Total,H,Historical,2005,,9029567,,A,Normal value,0,Units,0,Zero
DATAFLOW,OECD.ELS.SAE:DSD_POPULATION@DF_POP_HIST(1.0),Historical population data,I,SWE,Sweden,POP,Population,PS,Persons,_T,Total,_T,Total,H,Historical,2006,,9080506,,A,Normal value,0,Units,0,Zero
DATAFLOW,OECD.ELS.SAE:DSD_POPULATION@DF_POP_HIST(1.0),Historical population data,I,SWE,Sweden,POP,Population,PS,Persons,_T,Total,_T,Total,H,Historical,2007,,9148093,,A,Normal value,0,Units,0,Zero
DATAFLOW,OECD.ELS.SAE:DSD_POPULATION@DF_POP_HIST(1.0),Historical population data,I,SWE,Sweden,POP,Population,PS,Persons,_T,Total,_T,Total,H,Historical,2008,,9219639,,A,Normal value,0,Units,0,Zero
DATAFLOW,OECD.ELS.SAE:DSD_POPULATION@DF_POP_HIST(1.0),Historical population data,I,SWE,Sweden,POP,Population,PS,Persons,_T,Total,_T,Total,H,Historical,2009,,9298512,,A,Normal value,0,Units,0,Zero
DATAFLOW,OECD.ELS.SAE:DSD_POPULATION@DF_POP_HIST(1.0),Historical population data,I,SWE,Sweden,POP,Population,PS,Persons,_T,Total,_T,Total,H,Historical,2010,,9378131,,A,Normal value,0,Units,0,Zero
DATAFLOW,OECD.ELS.SAE:DSD_POPULATION@DF_POP_HIST(1.0),Historical population data,I,SWE,Sweden,POP,Population,PS,Persons,_T,Total,_T,Total,H,Historical,2011,,9449216,,A,Normal value,0,Units,0,Zero
DATAFLOW,OECD.ELS.SAE:DSD_POPULATION@DF_POP_HIST(1.0),Historical population data,I,SWE,Sweden,POP,Population,PS,Persons,_T,Total,_T,Total,H,Historical,2012,,9519379,,A,Normal value,0,Units,0,Zero
DATAFLOW,OECD.ELS.SAE:DSD_POPULATION@DF_POP_HIST(1.0),Historical population data,I,SWE,Sweden,POP,Population,PS,Persons,_T,Total,_T,Total,H,Historical,2013,,9600374,,A,Normal value,0,Units,0,Zero
DATAFLOW,OECD.ELS.SAE:DSD_POPULATION@DF_POP_HIST(1.0),Historical population data,I,SWE,Sweden,POP,Population,PS,Persons,_T,Total,_T,Total,H,Historical,2014,,9696105,,A,Normal value,0,Units,0,Zero
DATAFLOW,OECD.ELS.SAE:DSD_POPULATION@DF_POP_HIST(1.0),Historical population data,I,SWE,Sweden,POP,Population,PS,Persons,_T,Total,_T,Total,H,Historical,2015,,9799183,,A,Normal value,0,Units,0,Zero
DATAFLOW,OECD.ELS.SAE:DSD_POPULATION@DF_POP_HIST(1.0),Historical population data,I,SWE,Sweden,POP,Population,PS,Persons,_T,Total,_T,Total,H,Historical,2016,,9923086,,A,Normal value,0,Units,0,Zero
DATAFLOW,OECD.ELS.SAE:DSD_POPULATION@DF_POP_HIST(1.0),Historical population data,I,SWE,Sweden,POP,Population,PS,Persons,_T,Total,_T,Total,H,Historical,2017,,10057695,,A,Normal value,0,Units,0,Zero
DATAFLOW,OECD.ELS.SAE:DSD_POPULATION@DF_POP_HIST(1.0),Historical population data,I,SWE,Sweden,POP,Population,PS,Persons,_T,Total,_T,Total,H,Historical,2018,,10175215,,A,Normal value,0,Units,0,Zero
DATAFLOW,OECD.ELS.SAE:DSD_POPULATION@DF_POP_HIST(1.0),Historical population data,I,SWE,Sweden,POP,Population,PS,Persons,_T,Total,_T,Total,H,Historical,2019,,10278888,,A,Normal value,0,Units,0,Zero
DATAFLOW,OECD.ELS.SAE:DSD_POPULATION@DF_POP_HIST(1.0),Historical population data,I,SWE,Sweden,POP,Population,PS,Persons,_T,Total,_T,Total,H,Historical,2020,,10353444,,A,Normal value,0,Units,0,Zero
DATAFLOW,OECD.ELS.SAE:DSD_POPULATION@DF_POP_HIST(1.0),Historical population data,I,SWE,Sweden,POP,Population,PS,Persons,_T,Total,_T,Total,H,Historical,2021,,10415812,,A,Normal value,0,Units,0,Zero
DATAFLOW,OECD.ELS.SAE:DSD_POPULATION@DF_POP_HIST(1.0),Historical population data,I,SWE,Sweden,POP,Population,PS,Persons,_T,Total,_T,Total,H,Historical,2022,,10486941,,A,Normal value,0,Units,0,Zero
DATAFLOW,OECD.ELS.SAE:DSD_POPULATION@DF_POP_HIST(1.0),Historical population data,I,GRC,Greece,POP,Population,PS,Persons,_T,Total,_T,Total,H,Historical,1969,,8772764,,A,Normal value,0,Units,0,Zero
DATAFLOW,OECD.ELS.SAE:DSD_POPULATION@DF_POP_HIST(1.0),Historical population data,I,GRC,Greece,POP,Population,PS,Persons,_T,Total,_T,Total,H,Historical,1970,,8792806,,A,Normal value,0,Units,0,Zero
DATAFLOW,OECD.ELS.SAE:DSD_POPULATION@DF_POP_HIST(1.0),Historical population data,I,GRC,Greece,POP,Population,PS,Persons,_T,Total,_T,Total,H,Historical,1971,,8831036,,A,Normal value,0,Units,0,Zero
DATAFLOW,OECD.ELS.SAE:DSD_POPULATION@DF_POP_HIST(1.0),Historical population data,I,GRC,Greece,POP,Population,PS,Persons,_T,Total,_T,Total,H,Historical,1972,,8888628,,A,Normal value,0,Units,0,Zero
DATAFLOW,OECD.ELS.SAE:DSD_POPULATION@DF_POP_HIST(1.0),Historical population data,I,GRC,Greece,POP,Population,PS,Persons,_T,Total,_T,Total,H,Historical,1973,,8929086,,A,Normal value,0,Units,0,Zero
DATAFLOW,OECD.ELS.SAE:DSD_POPULATION@DF_POP_HIST(1.0),Historical population data,I,GRC,Greece,POP,Population,PS,Persons,_T,Total,_T,Total,H,Historical,1974,,8962023,,A,Normal value,0,Units,0,Zero
DATAFLOW,OECD.ELS.SAE:DSD_POPULATION@DF_POP_HIST(1.0),Historical population data,I,GRC,Greece,POP,Population,PS,Persons,_T,Total,_T,Total,H,Historical,1975,,9046542,,A,Normal value,0,Units,0,Zero
DATAFLOW,OECD.ELS.SAE:DSD_POPULATION@DF_POP_HIST(1.0),Historical population data,I,GRC,Greece,POP,Population,PS,Persons,_T,Total,_T,Total,H,Historical,1976,,9167190,,A,Normal value,0,Units,0,Zero
DATAFLOW,OECD.ELS.SAE:DSD_POPULATION@DF_POP_HIST(1.0),Historical population data,I,GRC,Greece,POP,Population,PS,Persons,_T,Total,_T,Total,H,Historical,1977,,9308479,,A,Normal value,0,Units,0,Zero
DATAFLOW,OECD.ELS.SAE:DSD_POPULATION@DF_POP_HIST(1.0),Historical population data,I,GRC,Greece,POP,Population,PS,Persons,_T,Total,_T,Total,H,Historical,1978,,9429959,,A,Normal value,0,Units,0,Zero
DATAFLOW,OECD.ELS.SAE:DSD_POPULATION@DF_POP_HIST(1.0),Historical population data,I,GRC,Greece,POP,Population,PS,Persons,_T,Total,_T,Total,H,Historical,1979,,9548258,,A,Normal value,0,Units,0,Zero
DATAFLOW,OECD.ELS.SAE:DSD_POPULATION@DF_POP_HIST(1.0),Historical population data,I,GRC,Greece,POP,Population,PS,Persons,_T,Total,_T,Total,H,Historical,1980,,9642505,,A,Normal value,0,Units,0,Zero
DATAFLOW,OECD.ELS.SAE:DSD_POPULATION@DF_POP_HIST(1.0),Historical population data,I,GRC,Greece,POP,Population,PS,Persons,_T,Total,_T,Total,H,Historical,1981,,9729350,,A,Normal value,0,Units,0,Zero
DATAFLOW,OECD.ELS.SAE:DSD_POPULATION@DF_POP_HIST(1.0),Historical population data,I,GRC,Greece,POP,Population,PS,Persons,_T,Total,_T,Total,H,Historical,1982,,9789513,,A,Normal value,0,Units,0,Zero
DATAFLOW,OECD.ELS.SAE:DSD_POPULATION@DF_POP_HIST(1.0),Historical population data,I,GRC,Greece,POP,Population,PS,Persons,_T,Total,_T,Total,H,Historical,1983,,9846627,,A,Normal value,0,Units,0,Zero
DATAFLOW,OECD.ELS.SAE:DSD_POPULATION@DF_POP_HIST(1.0),Historical population data,I,GRC,Greece,POP,Population,PS,Persons,_T,Total,_T,Total,H,Historical,1984,,9895801,,A,Normal value,0,Units,0,Zero
DATAFLOW,OECD.ELS.SAE:DSD_POPULATION@DF_POP_HIST(1.0),Historical population data,I,GRC,Greece,POP,Population,PS,Persons,_T,Total,_T,Total,H,Historical,1985,,9934294,,A,Normal value,0,Units,0,Zero
DATAFLOW,OECD.ELS.SAE:DSD_POPULATION@DF_POP_HIST(1.0),Historical population data,I,GRC,Greece,POP,Population,PS,Persons,_T,Total,_T,Total,H,Historical,1986,,9967264,,A,Normal value,0,Units,0,Zero
DATAFLOW,OECD.ELS.SAE:DSD_POPULATION@DF_POP_HIST(1.0),Historical population data,I,GRC,Greece,POP,Population,PS,Persons,_T,Total,_T,Total,H,Historical,1987,,10000644,,A,Normal value,0,Units,0,Zero
DATAFLOW,OECD.ELS.SAE:DSD_POPULATION@DF_POP_HIST(1.0),Historical population data,I,GRC,Greece,POP,Population,PS,Persons,_T,Total,_T,Total,H,Historical,1988,,10037037,,A,Normal value,0,Units,0,Zero
DATAFLOW,OECD.ELS.SAE:DSD_POPULATION@DF_POP_HIST(1.0),Historical population data,I,GRC,Greece,POP,Population,PS,Persons,_T,Total,_T,Total,H,Historical,1989,,10089550,,A,Normal value,0,Units,0,Zero
DATAFLOW,OECD.ELS.SAE:DSD_POPULATION@DF_POP_HIST(1.0),Historical population data,I,GRC,Greece,POP,Population,PS,Persons,_T,Total,_T,Total,H,Historical,1990,,10196801,,A,Normal value,0,Units,0,Zero
DATAFLOW,OECD.ELS.SAE:DSD_POPULATION@DF_POP_HIST(1.0),Historical population data,I,GRC,Greece,POP,Population,PS,Persons,_T,Total,_T,Total,H,Historical,1991,,10319928,,A,Normal value,0,Units,0,Zero
DATAFLOW,OECD.ELS.SAE:DSD_POPULATION@DF_POP_HIST(1.0),Historical population data,I,GRC,Greece,POP,Population,PS,Persons,_T,Total,_T,Total,H,Historical,1992,,10399058,,A,Normal value,0,Units,0,Zero
DATAFLOW,OECD.ELS.SAE:DSD_POPULATION@DF_POP_HIST(1.0),Historical population data,I,GRC,Greece,POP,Population,PS,Persons,_T,Total,_T,Total,H,Historical,1993,,10460409,,A,Normal value,0,Units,0,Zero
DATAFLOW,OECD.ELS.SAE:DSD_POPULATION@DF_POP_HIST(1.0),Historical population data,I,GRC,Greece,POP,Population,PS,Persons,_T,Total,_T,Total,H,Historical,1994,,10512924,,A,Normal value,0,Units,0,Zero
DATAFLOW,OECD.ELS.SAE:DSD_POPULATION@DF_POP_HIST(1.0),Historical population data,I,GRC,Greece,POP,Population,PS,Persons,_T,Total,_T,Total,H,Historical,1995,,10562160,,A,Normal value,0,Units,0,Zero
DATAFLOW,OECD.ELS.SAE:DSD_POPULATION@DF_POP_HIST(1.0),Historical population data,I,GRC,Greece,POP,Population,PS,Persons,_T,Total,_T,Total,H,Historical,1996,,10608801,,A,Normal value,0,Units,0,Zero
DATAFLOW,OECD.ELS.SAE:DSD_POPULATION@DF_POP_HIST(1.0),Historical population data,I,GRC,Greece,POP,Population,PS,Persons,_T,Total,_T,Total,H,Historical,1997,,10661264,,A,Normal value,0,Units,0,Zero
DATAFLOW,OECD.ELS.SAE:DSD_POPULATION@DF_POP_HIST(1.0),Historical population data,I,GRC,Greece,POP,Population,PS,Persons,_T,Total,_T,Total,H,Historical,1998,,10720507,,A,Normal value,0,Units,0,Zero
DATAFLOW,OECD.ELS.SAE:DSD_POPULATION@DF_POP_HIST(1.0),Historical population data,I,GRC,Greece,POP,Population,PS,Persons,_T,Total,_T,Total,H,Historical,1999,,10761698,,A,Normal value,0,Units,0,Zero
DATAFLOW,OECD.ELS.SAE:DSD_POPULATION@DF_POP_HIST(1.0),Historical population data,I,GRC,Greece,POP,Population,PS,Persons,_T,Total,_T,Total,H,Historical,2000,,10805806,,A,Normal value,0,Units,0,Zero
DATAFLOW,OECD.ELS.SAE:DSD_POPULATION@DF_POP_HIST(1.0),Historical population data,I,GRC,Greece,POP,Population,PS,Persons,_T,Total,_T,Total,H,Historical,2001,,10862129,,A,Normal value,0,Units,0,Zero
DATAFLOW,OECD.ELS.SAE:DSD_POPULATION@DF_POP_HIST(1.0),Historical population data,I,GRC,Greece,POP,Population,PS,Persons,_T,Total,_T,Total,H,Historical,2002,,10902022,,A,Normal value,0,Units,0,Zero
DATAFLOW,OECD.ELS.SAE:DSD_POPULATION@DF_POP_HIST(1.0),Historical population data,I,GRC,Greece,POP,Population,PS,Persons,_T,Total,_T,Total,H,Historical,2003,,10928072,,A,Normal value,0,Units,0,Zero
DATAFLOW,OECD.ELS.SAE:DSD_POPULATION@DF_POP_HIST(1.0),Historical population data,I,GRC,Greece,POP,Population,PS,Persons,_T,Total,_T,Total,H,Historical,2004,,10955142,,A,Normal value,0,Units,0,Zero
DATAFLOW,OECD.ELS.SAE:DSD_POPULATION@DF_POP_HIST(1.0),Historical population data,I,GRC,Greece,POP,Population,PS,Persons,_T,Total,_T,Total,H,Historical,2005,,10987316,,A,Normal value,0,Units,0,Zero
DATAFLOW,OECD.ELS.SAE:DSD_POPULATION@DF_POP_HIST(1.0),Historical population data,I,GRC,Greece,POP,Population,PS,Persons,_T,Total,_T,Total,H,Historical,2006,,11020366,,A,Normal value,0,Units,0,Zero
DATAFLOW,OECD.ELS.SAE:DSD_POPULATION@DF_POP_HIST(1.0),Historical population data,I,GRC,Greece,POP,Population,PS,Persons,_T,Total,_T,Total,H,Historical,2007,,11048466,,A,Normal value,0,Units,0,Zero
DATAFLOW,OECD.ELS.SAE:DSD_POPULATION@DF_POP_HIST(1.0),Historical population data,I,GRC,Greece,POP,Population,PS,Persons,_T,Total,_T,Total,H,Historical,2008,,11077839,,A,Normal value,0,Units,0,Zero
DATAFLOW,OECD.ELS.SAE:DSD_POPULATION@DF_POP_HIST(1.0),Historical population data,I,GRC,Greece,POP,Population,PS,Persons,_T,Total,_T,Total,H,Historical,2009,,11107017,,A,Normal value,0,Units,0,Zero
DATAFLOW,OECD.ELS.SAE:DSD_POPULATION@DF_POP_HIST(1.0),Historical population data,I,GRC,Greece,POP,Population,PS,Persons,_T,Total,_T,Total,H,Historical,2010,,11121344,,A,Normal value,0,Units,0,Zero
DATAFLOW,OECD.ELS.SAE:DSD_POPULATION@DF_POP_HIST(1.0),Historical population data,I,GRC,Greece,POP,Population,PS,Persons,_T,Total,_T,Total,H,Historical,2011,,11104900,,A,Normal value,0,Units,0,Zero
DATAFLOW,OECD.ELS.SAE:DSD_POPULATION@DF_POP_HIST(1.0),Historical population data,I,GRC,Greece,POP,Population,PS,Persons,_T,Total,_T,Total,H,Historical,2012,,11045010,,A,Normal value,0,Units,0,Zero
DATAFLOW,OECD.ELS.SAE:DSD_POPULATION@DF_POP_HIST(1.0),Historical population data,I,GRC,Greece,POP,Population,PS,Persons,_T,Total,_T,Total,H,Historical,2013,,10965209,,A,Normal value,0,Units,0,Zero
DATAFLOW,OECD.ELS.SAE:DSD_POPULATION@DF_POP_HIST(1.0),Historical population data,I,GRC,Greece,POP,Population,PS,Persons,_T,Total,_T,Total,H,Historical,2014,,10892415,,A,Normal value,0,Units,0,Zero
DATAFLOW,OECD.ELS.SAE:DSD_POPULATION@DF_POP_HIST(1.0),Historical population data,I,GRC,Greece,POP,Population,PS,Persons,_T,Total,_T,Total,H,Historical,2015,,10820883,,A,Normal value,0,Units,0,Zero
DATAFLOW,OECD.ELS.SAE:DSD_POPULATION@DF_POP_HIST(1.0),Historical population data,I,GRC,Greece,POP,Population,PS,Persons,_T,Total,_T,Total,H,Historical,2016,,10775966,,A,Normal value,0,Units,0,Zero
DATAFLOW,OECD.ELS.SAE:DSD_POPULATION@DF_POP_HIST(1.0),Historical population data,I,GRC,Greece,POP,Population,PS,Persons,_T,Total,_T,Total,H,Historical,2017,,10754679,,A,Normal value,0,Units,0,Zero
DATAFLOW,OECD.ELS.SAE:DSD_POPULATION@DF_POP_HIST(1.0),Historical population data,I,GRC,Greece,POP,Population,PS,Persons,_T,Total,_T,Total,H,Historical,2018,,10732877,,A,Normal value,0,Units,0,Zero
DATAFLOW,OECD.ELS.SAE:DSD_POPULATION@DF_POP_HIST(1.0),Historical population data,I,GRC,Greece,POP,Population,PS,Persons,_T,Total,_T,Total,H,Historical,2019,,10721584,,A,Normal value,0,Units,0,Zero
DATAFLOW,OECD.ELS.SAE:DSD_POPULATION@DF_POP_HIST(1.0),Historical population data,I,GRC,Greece,POP,Population,PS,Persons,_T,Total,_T,Total,H,Historical,2020,,10698597,,A,Normal value,0,Units,0,Zero
DATAFLOW,OECD.ELS.SAE:DSD_POPULATION@DF_POP_HIST(1.0),Historical population data,I,GRC,Greece,POP,Population,PS,Persons,_T,Total,_T,Total,H,Historical,2021,,10569211,,A,Normal value,0,Units,0,Zero
DATAFLOW,OECD.ELS.SAE:DSD_POPULATION@DF_POP_HIST(1.0),Historical population data,I,ITA,Italy,POP,Population,PS,Persons,_T,Total,_T,Total,H,Historical,1969,,53537796,,A,Normal value,0,Units,0,Zero
DATAFLOW,OECD.ELS.SAE:DSD_POPULATION@DF_POP_HIST(1.0),Historical population data,I,ITA,Italy,POP,Population,PS,Persons,_T,Total,_T,Total,H,Historical,1970,,53821798,,A,Normal value,0,Units,0,Zero
DATAFLOW,OECD.ELS.SAE:DSD_POPULATION@DF_POP_HIST(1.0),Historical population data,I,ITA,Italy,POP,Population,PS,Persons,_T,Total,_T,Total,H,Historical,1971,,54073525,,A,Normal value,0,Units,0,Zero
DATAFLOW,OECD.ELS.SAE:DSD_POPULATION@DF_POP_HIST(1.0),Historical population data,I,ITA,Italy,POP,Population,PS,Persons,_T,Total,_T,Total,H,Historical,1972,,54381345,,A,Normal value,0,Units,0,Zero
DATAFLOW,OECD.ELS.SAE:DSD_POPULATION@DF_POP_HIST(1.0),Historical population data,I,ITA,Italy,POP,Population,PS,Persons,_T,Total,_T,Total,H,Historical,1973,,54751405,,A,Normal value,0,Units,0,Zero
DATAFLOW,OECD.ELS.SAE:DSD_POPULATION@DF_POP_HIST(1.0),Historical population data,I,ITA,Italy,POP,Population,PS,Persons,_T,Total,_T,Total,H,Historical,1974,,55110870,,A,Normal value,0,Units,0,Zero
DATAFLOW,OECD.ELS.SAE:DSD_POPULATION@DF_POP_HIST(1.0),Historical population data,I,ITA,Italy,POP,Population,PS,Persons,_T,Total,_T,Total,H,Historical,1975,,55440999,,A,Normal value,0,Units,0,Zero
DATAFLOW,OECD.ELS.SAE:DSD_POPULATION@DF_POP_HIST(1.0),Historical population data,I,ITA,Italy,POP,Population,PS,Persons,_T,Total,_T,Total,H,Historical,1976,,55718266,,A,Normal value,0,Units,0,Zero
DATAFLOW,OECD.ELS.SAE:DSD_POPULATION@DF_POP_HIST(1.0),Historical population data,I,ITA,Italy,POP,Population,PS,Persons,_T,Total,_T,Total,H,Historical,1977,,55955407,,A,Normal value,0,Units,0,Zero
DATAFLOW,OECD.ELS.SAE:DSD_POPULATION@DF_POP_HIST(1.0),Historical population data,I,ITA,Italy,POP,Population,PS,Persons,_T,Total,_T,Total,H,Historical,1978,,56155142,,A,Normal value,0,Units,0,Zero
DATAFLOW,OECD.ELS.SAE:DSD_POPULATION@DF_POP_HIST(1.0),Historical population data,I,ITA,Italy,POP,Population,PS,Persons,_T,Total,_T,Total,H,Historical,1979,,56317750,,A,Normal value,0,Units,0,Zero
DATAFLOW,OECD.ELS.SAE:DSD_POPULATION@DF_POP_HIST(1.0),Historical population data,I,ITA,Italy,POP,Population,PS,Persons,_T,Total,_T,Total,H,Historical,1980,,56433876,,A,Normal value,0,Units,0,Zero
DATAFLOW,OECD.ELS.SAE:DSD_POPULATION@DF_POP_HIST(1.0),Historical population data,I,ITA,Italy,POP,Population,PS,Persons,_T,Total,_T,Total,H,Historical,1981,,56501674,,A,Normal value,0,Units,0,Zero
DATAFLOW,OECD.ELS.SAE:DSD_POPULATION@DF_POP_HIST(1.0),Historical population data,I,ITA,Italy,POP,Population,PS,Persons,_T,Total,_T,Total,H,Historical,1982,,56543539,,A,Normal value,0,Units,0,Zero
DATAFLOW,OECD.ELS.SAE:DSD_POPULATION@DF_POP_HIST(1.0),Historical population data,I,ITA,Italy,POP,Population,PS,Persons,_T,Total,_T,Total,H,Historical,1983,,56564076,,A,Normal value,0,Units,0,Zero
DATAFLOW,OECD.ELS.SAE:DSD_POPULATION@DF_POP_HIST(1.0),Historical population data,I,ITA,Italy,POP,Population,PS,Persons,_T,Total,_T,Total,H,Historical,1984,,56576719,,A,Normal value,0,Units,0,Zero
DATAFLOW,OECD.ELS.SAE:DSD_POPULATION@DF_POP_HIST(1.0),Historical population data,I,ITA,Italy,POP,Population,PS,Persons,_T,Total,_T,Total,H,Historical,1985,,56593070,,A,Normal value,0,Units,0,Zero
DATAFLOW,OECD.ELS.SAE:DSD_POPULATION@DF_POP_HIST(1.0),Historical population data,I,ITA,Italy,POP,Population,PS,Persons,_T,Total,_T,Total,H,Historical,1986,,56596157,,A,Normal value,0,Units,0,Zero
DATAFLOW,OECD.ELS.SAE:DSD_POPULATION@DF_POP_HIST(1.0),Historical population data,I,ITA,Italy,POP,Population,PS,Persons,_T,Total,_T,Total,H,Historical,1987,,56601936,,A,Normal value,0,Units,0,Zero
DATAFLOW,OECD.ELS.SAE:DSD_POPULATION@DF_POP_HIST(1.0),Historical population data,I,ITA,Italy,POP,Population,PS,Persons,_T,Total,_T,Total,H,Historical,1988,,56629290,,A,Normal value,0,Units,0,Zero
DATAFLOW,OECD.ELS.SAE:DSD_POPULATION@DF_POP_HIST(1.0),Historical population data,I,ITA,Italy,POP,Population,PS,Persons,_T,Total,_T,Total,H,Historical,1989,,56671778,,A,Normal value,0,Units,0,Zero
DATAFLOW,OECD.ELS.SAE:DSD_POPULATION@DF_POP_HIST(1.0),Historical population data,I,ITA,Italy,POP,Population,PS,Persons,_T,Total,_T,Total,H,Historical,1990,,56719239,,A,Normal value,0,Units,0,Zero
DATAFLOW,OECD.ELS.SAE:DSD_POPULATION@DF_POP_HIST(1.0),Historical population data,I,ITA,Italy,POP,Population,PS,Persons,_T,Total,_T,Total,H,Historical,1991,,56758522,,A,Normal value,0,Units,0,Zero
DATAFLOW,OECD.ELS.SAE:DSD_POPULATION@DF_POP_HIST(1.0),Historical population data,I,ITA,Italy,POP,Population,PS,Persons,_T,Total,_T,Total,H,Historical,1992,,56797078,,A,Normal value,0,Units,0,Zero
DATAFLOW,OECD.ELS.SAE:DSD_POPULATION@DF_POP_HIST(1.0),Historical population data,I,ITA,Italy,POP,Population,PS,Persons,_T,Total,_T,Total,H,Historical,1993,,56831823,,A,Normal value,0,Units,0,Zero
DATAFLOW,OECD.ELS.SAE:DSD_POPULATION@DF_POP_HIST(1.0),Historical population data,I,ITA,Italy,POP,Population,PS,Persons,_T,Total,_T,Total,H,Historical,1994,,56843400,,A,Normal value,0,Units,0,Zero
DATAFLOW,OECD.ELS.SAE:DSD_POPULATION@DF_POP_HIST(1.0),Historical population data,I,ITA,Italy,POP,Population,PS,Persons,_T,Total,_T,Total,H,Historical,1995,,56844301,,A,Normal value,0,Units,0,Zero
DATAFLOW,OECD.ELS.SAE:DSD_POPULATION@DF_POP_HIST(1.0),Historical population data,I,ITA,Italy,POP,Population,PS,Persons,_T,Total,_T,Total,H,Historical,1996,,56860279,,A,Normal value,0,Units,0,Zero
DATAFLOW,OECD.ELS.SAE:DSD_POPULATION@DF_POP_HIST(1.0),Historical population data,I,ITA,Italy,POP,Population,PS,Persons,_T,Total,_T,Total,H,Historical,1997,,56890371,,A,Normal value,0,Units,0,Zero
DATAFLOW,OECD.ELS.SAE:DSD_POPULATION@DF_POP_HIST(1.0),Historical population data,I,ITA,Italy,POP,Population,PS,Persons,_T,Total,_T,Total,H,Historical,1998,,56906744,,A,Normal value,0,Units,0,Zero
DATAFLOW,OECD.ELS.SAE:DSD_POPULATION@DF_POP_HIST(1.0),Historical population data,I,ITA,Italy,POP,Population,PS,Persons,_T,Total,_T,Total,H,Historical,1999,,56916316,,A,Normal value,0,Units,0,Zero
DATAFLOW,OECD.ELS.SAE:DSD_POPULATION@DF_POP_HIST(1.0),Historical population data,I,ITA,Italy,POP,Population,PS,Persons,_T,Total,_T,Total,H,Historical,2000,,56942108,,A,Normal value,0,Units,0,Zero
DATAFLOW,OECD.ELS.SAE:DSD_POPULATION@DF_POP_HIST(1.0),Historical population data,I,ITA,Italy,POP,Population,PS,Persons,_T,Total,_T,Total,H,Historical,2001,,56976976,,A,Normal value,0,Units,0,Zero
DATAFLOW,OECD.ELS.SAE:DSD_POPULATION@DF_POP_HIST(1.0),Historical population data,I,ITA,Italy,POP,Population,PS,Persons,_T,Total,_T,Total,H,Historical,2002,,57089823,,A,Normal value,0,Units,0,Zero
DATAFLOW,OECD.ELS.SAE:DSD_POPULATION@DF_POP_HIST(1.0),Historical population data,I,ITA,Italy,POP,Population,PS,Persons,_T,Total,_T,Total,H,Historical,2003,,57399187,,A,Normal value,0,Units,0,Zero
DATAFLOW,OECD.ELS.SAE:DSD_POPULATION@DF_POP_HIST(1.0),Historical population data,I,ITA,Italy,POP,Population,PS,Persons,_T,Total,_T,Total,H,Historical,2004,,57828178,,A,Normal value,0,Units,0,Zero
DATAFLOW,OECD.ELS.SAE:DSD_POPULATION@DF_POP_HIST(1.0),Historical population data,I,ITA,Italy,POP,Population,PS,Persons,_T,Total,_T,Total,H,Historical,2005,,58166684,,A,Normal value,0,Units,0,Zero
DATAFLOW,OECD.ELS.SAE:DSD_POPULATION@DF_POP_HIST(1.0),Historical population data,I,ITA,Italy,POP,Population,PS,Persons,_T,Total,_T,Total,H,Historical,2006,,58399863,,A,Normal value,0,Units,0,Zero
DATAFLOW,OECD.ELS.SAE:DSD_POPULATION@DF_POP_HIST(1.0),Historical population data,I,ITA,Italy,POP,Population,PS,Persons,_T,Total,_T,Total,H,Historical,2007,,58756247,,A,Normal value,0,Units,0,Zero
DATAFLOW,OECD.ELS.SAE:DSD_POPULATION@DF_POP_HIST(1.0),Historical population data,I,ITA,Italy,POP,Population,PS,Persons,_T,Total,_T,Total,H,Historical,2008,,59211183,,A,Normal value,0,Units,0,Zero
DATAFLOW,OECD.ELS.SAE:DSD_POPULATION@DF_POP_HIST(1.0),Historical population data,I,ITA,Italy,POP,Population,PS,Persons,_T,Total,_T,Total,H,Historical,2009,,59555456,,A,Normal value,0,Units,0,Zero
DATAFLOW,OECD.ELS.SAE:DSD_POPULATION@DF_POP_HIST(1.0),Historical population data,I,ITA,Italy,POP,Population,PS,Persons,_T,Total,_T,Total,H,Historical,2010,,59819402,,A,Normal value,0,Units,0,Zero
DATAFLOW,OECD.ELS.SAE:DSD_POPULATION@DF_POP_HIST(1.0),Historical population data,I,ITA,Italy,POP,Population,PS,Persons,_T,Total,_T,Total,H,Historical,2011,,60026844,,A,Normal value,0,Units,0,Zero
DATAFLOW,OECD.ELS.SAE:DSD_POPULATION@DF_POP_HIST(1.0),Historical population data,I,ITA,Italy,POP,Population,PS,Persons,_T,Total,_T,Total,H,Historical,2012,,60191243,,A,Normal value,0,Units,0,Zero
DATAFLOW,OECD.ELS.SAE:DSD_POPULATION@DF_POP_HIST(1.0),Historical population data,I,ITA,Italy,POP,Population,PS,Persons,_T,Total,_T,Total,H,Historical,2013,,60311616,,A,Normal value,0,Units,0,Zero
DATAFLOW,OECD.ELS.SAE:DSD_POPULATION@DF_POP_HIST(1.0),Historical population data,I,ITA,Italy,POP,Population,PS,Persons,_T,Total,_T,Total,H,Historical,2014,,60320708,,A,Normal value,0,Units,0,Zero
DATAFLOW,OECD.ELS.SAE:DSD_POPULATION@DF_POP_HIST(1.0),Historical population data,I,ITA,Italy,POP,Population,PS,Persons,_T,Total,_T,Total,H,Historical,2015,,60229599,,A,Normal value,0,Units,0,Zero
DATAFLOW,OECD.ELS.SAE:DSD_POPULATION@DF_POP_HIST(1.0),Historical population data,I,ITA,Italy,POP,Population,PS,Persons,_T,Total,_T,Total,H,Historical,2016,,60115220,,A,Normal value,0,Units,0,Zero
DATAFLOW,OECD.ELS.SAE:DSD_POPULATION@DF_POP_HIST(1.0),Historical population data,I,ITA,Italy,POP,Population,PS,Persons,_T,Total,_T,Total,H,Historical,2017,,60002254,,A,Normal value,0,Units,0,Zero
DATAFLOW,OECD.ELS.SAE:DSD_POPULATION@DF_POP_HIST(1.0),Historical population data,I,ITA,Italy,POP,Population,PS,Persons,_T,Total,_T,Total,H,Historical,2018,,59877216,,A,Normal value,0,Units,0,Zero
DATAFLOW,OECD.ELS.SAE:DSD_POPULATION@DF_POP_HIST(1.0),Historical population data,I,ITA,Italy,POP,Population,PS,Persons,_T,Total,_T,Total,H,Historical,2019,,59729077,,A,Normal value,0,Units,0,Zero
DATAFLOW,OECD.ELS.SAE:DSD_POPULATION@DF_POP_HIST(1.0),Historical population data,I,ITA,Italy,POP,Population,PS,Persons,_T,Total,_T,Total,H,Historical,2020,,59438845,,A,Normal value,0,Units,0,Zero
DATAFLOW,OECD.ELS.SAE:DSD_POPULATION@DF_POP_HIST(1.0),Historical population data,I,ITA,Italy,POP,Population,PS,Persons,_T,Total,_T,Total,H,Historical,2021,,59133173,,A,Normal value,0,Units,0,Zero
DATAFLOW,OECD.ELS.SAE:DSD_POPULATION@DF_POP_HIST(1.0),Historical population data,I,NLD,Netherlands,POP,Population,PS,Persons,_T,Total,_T,Total,H,Historical,1969,,12877984,,A,Normal value,0,Units,0,Zero
DATAFLOW,OECD.ELS.SAE:DSD_POPULATION@DF_POP_HIST(1.0),Historical population data,I,NLD,Netherlands,POP,Population,PS,Persons,_T,Total,_T,Total,H,Historical,1970,,13038523,,A,Normal value,0,Units,0,Zero
DATAFLOW,OECD.ELS.SAE:DSD_POPULATION@DF_POP_HIST(1.0),Historical population data,I,NLD,Netherlands,POP,Population,PS,Persons,_T,Total,_T,Total,H,Historical,1971,,13194497,,A,Normal value,0,Units,0,Zero
DATAFLOW,OECD.ELS.SAE:DSD_POPULATION@DF_POP_HIST(1.0),Historical population data,I,NLD,Netherlands,POP,Population,PS,Persons,_T,Total,_T,Total,H,Historical,1972,,13328595,,A,Normal value,0,Units,0,Zero
DATAFLOW,OECD.ELS.SAE:DSD_POPULATION@DF_POP_HIST(1.0),Historical population data,I,NLD,Netherlands,POP,Population,PS,Persons,_T,Total,_T,Total,H,Historical,1973,,13439325,,A,Normal value,0,Units,0,Zero
DATAFLOW,OECD.ELS.SAE:DSD_POPULATION@DF_POP_HIST(1.0),Historical population data,I,NLD,Netherlands,POP,Population,PS,Persons,_T,Total,_T,Total,H,Historical,1974,,13545054,,A,Normal value,0,Units,0,Zero
DATAFLOW,OECD.ELS.SAE:DSD_POPULATION@DF_POP_HIST(1.0),Historical population data,I,NLD,Netherlands,POP,Population,PS,Persons,_T,Total,_T,Total,H,Historical,1975,,13666329,,A,Normal value,0,Units,0,Zero
DATAFLOW,OECD.ELS.SAE:DSD_POPULATION@DF_POP_HIST(1.0),Historical population data,I,NLD,Netherlands,POP,Population,PS,Persons,_T,Total,_T,Total,H,Historical,1976,,13774037,,A,Normal value,0,Units,0,Zero
DATAFLOW,OECD.ELS.SAE:DSD_POPULATION@DF_POP_HIST(1.0),Historical population data,I,NLD,Netherlands,POP,Population,PS,Persons,_T,Total,_T,Total,H,Historical,1977,,13856188,,A,Normal value,0,Units,0,Zero
DATAFLOW,OECD.ELS.SAE:DSD_POPULATION@DF_POP_HIST(1.0),Historical population data,I,NLD,Netherlands,POP,Population,PS,Persons,_T,Total,_T,Total,H,Historical,1978,,13941702,,A,Normal value,0,Units,0,Zero
DATAFLOW,OECD.ELS.SAE:DSD_POPULATION@DF_POP_HIST(1.0),Historical population data,I,NLD,Netherlands,POP,Population,PS,Persons,_T,Total,_T,Total,H,Historical,1979,,14038270,,A,Normal value,0,Units,0,Zero
DATAFLOW,OECD.ELS.SAE:DSD_POPULATION@DF_POP_HIST(1.0),Historical population data,I,NLD,Netherlands,POP,Population,PS,Persons,_T,Total,_T,Total,H,Historical,1980,,14149799,,A,Normal value,0,Units,0,Zero
DATAFLOW,OECD.ELS.SAE:DSD_POPULATION@DF_POP_HIST(1.0),Historical population data,I,NLD,Netherlands,POP,Population,PS,Persons,_T,Total,_T,Total,H,Historical,1981,,14247217,,A,Normal value,0,Units,0,Zero
DATAFLOW,OECD.ELS.SAE:DSD_POPULATION@DF_POP_HIST(1.0),Historical population data,I,NLD,Netherlands,POP,Population,PS,Persons,_T,Total,_T,Total,H,Historical,1982,,14312689,,A,Normal value,0,Units,0,Zero
DATAFLOW,OECD.ELS.SAE:DSD_POPULATION@DF_POP_HIST(1.0),Historical population data,I,NLD,Netherlands,POP,Population,PS,Persons,_T,Total,_T,Total,H,Historical,1983,,14367066,,A,Normal value,0,Units,0,Zero
DATAFLOW,OECD.ELS.SAE:DSD_POPULATION@DF_POP_HIST(1.0),Historical population data,I,NLD,Netherlands,POP,Population,PS,Persons,_T,Total,_T,Total,H,Historical,1984,,14424211,,A,Normal value,0,Units,0,Zero
DATAFLOW,OECD.ELS.SAE:DSD_POPULATION@DF_POP_HIST(1.0),Historical population data,I,NLD,Netherlands,POP,Population,PS,Persons,_T,Total,_T,Total,H,Historical,1985,,14491629,,A,Normal value,0,Units,0,Zero
DATAFLOW,OECD.ELS.SAE:DSD_POPULATION@DF_POP_HIST(1.0),Historical population data,I,NLD,Netherlands,POP,Population,PS,Persons,_T,Total,_T,Total,H,Historical,1986,,14572280,,A,Normal value,0,Units,0,Zero
DATAFLOW,OECD.ELS.SAE:DSD_POPULATION@DF_POP_HIST(1.0),Historical population data,I,NLD,Netherlands,POP,Population,PS,Persons,_T,Total,_T,Total,H,Historical,1987,,14665037,,A,Normal value,0,Units,0,Zero
DATAFLOW,OECD.ELS.SAE:DSD_POPULATION@DF_POP_HIST(1.0),Historical population data,I,NLD,Netherlands,POP,Population,PS,Persons,_T,Total,_T,Total,H,Historical,1988,,14760092,,A,Normal value,0,Units,0,Zero
DATAFLOW,OECD.ELS.SAE:DSD_POPULATION@DF_POP_HIST(1.0),Historical population data,I,NLD,Netherlands,POP,Population,PS,Persons,_T,Total,_T,Total,H,Historical,1989,,14848906,,A,Normal value,0,Units,0,Zero
DATAFLOW,OECD.ELS.SAE:DSD_POPULATION@DF_POP_HIST(1.0),Historical population data,I,NLD,Netherlands,POP,Population,PS,Persons,_T,Total,_T,Total,H,Historical,1990,,14951510,,A,Normal value,0,Units,0,Zero
DATAFLOW,OECD.ELS.SAE:DSD_POPULATION@DF_POP_HIST(1.0),Historical population data,I,NLD,Netherlands,POP,Population,PS,Persons,_T,Total,_T,Total,H,Historical,1991,,15069799,,A,Normal value,0,Units,0,Zero
DATAFLOW,OECD.ELS.SAE:DSD_POPULATION@DF_POP_HIST(1.0),Historical population data,I,NLD,Netherlands,POP,Population,PS,Persons,_T,Total,_T,Total,H,Historical,1992,,15184163,,A,Normal value,0,Units,0,Zero
DATAFLOW,OECD.ELS.SAE:DSD_POPULATION@DF_POP_HIST(1.0),Historical population data,I,NLD,Netherlands,POP,Population,PS,Persons,_T,Total,_T,Total,H,Historical,1993,,15290368,,A,Normal value,0,Units,0,Zero
DATAFLOW,OECD.ELS.SAE:DSD_POPULATION@DF_POP_HIST(1.0),Historical population data,I,NLD,Netherlands,POP,Population,PS,Persons,_T,Total,_T,Total,H,Historical,1994,,15382834,,A,Normal value,0,Units,0,Zero
DATAFLOW,OECD.ELS.SAE:DSD_POPULATION@DF_POP_HIST(1.0),Historical population data,I,NLD,Netherlands,POP,Population,PS,Persons,_T,Total,_T,Total,H,Historical,1995,,15459004,,A,Normal value,0,Units,0,Zero
DATAFLOW,OECD.ELS.SAE:DSD_POPULATION@DF_POP_HIST(1.0),Historical population data,I,NLD,Netherlands,POP,Population,PS,Persons,_T,Total,_T,Total,H,Historical,1996,,15530500,,A,Normal value,0,Units,0,Zero
DATAFLOW,OECD.ELS.SAE:DSD_POPULATION@DF_POP_HIST(1.0),Historical population data,I,NLD,Netherlands,POP,Population,PS,Persons,_T,Total,_T,Total,H,Historical,1997,,15610650,,A,Normal value,0,Units,0,Zero
DATAFLOW,OECD.ELS.SAE:DSD_POPULATION@DF_POP_HIST(1.0),Historical population data,I,NLD,Netherlands,POP,Population,PS,Persons,_T,Total,_T,Total,H,Historical,1998,,15707205,,A,Normal value,0,Units,0,Zero
DATAFLOW,OECD.ELS.SAE:DSD_POPULATION@DF_POP_HIST(1.0),Historical population data,I,NLD,Netherlands,POP,Population,PS,Persons,_T,Total,_T,Total,H,Historical,1999,,15812085,,A,Normal value,0,Units,0,Zero
DATAFLOW,OECD.ELS.SAE:DSD_POPULATION@DF_POP_HIST(1.0),Historical population data,I,NLD,Netherlands,POP,Population,PS,Persons,_T,Total,_T,Total,H,Historical,2000,,15925505,,A,Normal value,0,Units,0,Zero
DATAFLOW,OECD.ELS.SAE:DSD_POPULATION@DF_POP_HIST(1.0),Historical population data,I,NLD,Netherlands,POP,Population,PS,Persons,_T,Total,_T,Total,H,Historical,2001,,16046182,,A,Normal value,0,Units,0,Zero
DATAFLOW,OECD.ELS.SAE:DSD_POPULATION@DF_POP_HIST(1.0),Historical population data,I,NLD,Netherlands,POP,Population,PS,Persons,_T,Total,_T,Total,H,Historical,2002,,16148921,,A,Normal value,0,Units,0,Zero
DATAFLOW,OECD.ELS.SAE:DSD_POPULATION@DF_POP_HIST(1.0),Historical population data,I,NLD,Netherlands,POP,Population,PS,Persons,_T,Total,_T,Total,H,Historical,2003,,16225303,,A,Normal value,0,Units,0,Zero
DATAFLOW,OECD.ELS.SAE:DSD_POPULATION@DF_POP_HIST(1.0),Historical population data,I,NLD,Netherlands,POP,Population,PS,Persons,_T,Total,_T,Total,H,Historical,2004,,16281777,,A,Normal value,0,Units,0,Zero
DATAFLOW,OECD.ELS.SAE:DSD_POPULATION@DF_POP_HIST(1.0),Historical population data,I,NLD,Netherlands,POP,Population,PS,Persons,_T,Total,_T,Total,H,Historical,2005,,16319871,,A,Normal value,0,Units,0,Zero
DATAFLOW,OECD.ELS.SAE:DSD_POPULATION@DF_POP_HIST(1.0),Historical population data,I,NLD,Netherlands,POP,Population,PS,Persons,_T,Total,_T,Total,H,Historical,2006,,16346096,,A,Normal value,0,Units,0,Zero
DATAFLOW,OECD.ELS.SAE:DSD_POPULATION@DF_POP_HIST(1.0),Historical population data,I,NLD,Netherlands,POP,Population,PS,Persons,_T,Total,_T,Total,H,Historical,2007,,16381696,,A,Normal value,0,Units,0,Zero
DATAFLOW,OECD.ELS.SAE:DSD_POPULATION@DF_POP_HIST(1.0),Historical population data,I,NLD,Netherlands,POP,Population,PS,Persons,_T,Total,_T,Total,H,Historical,2008,,16445590,,A,Normal value,0,Units,0,Zero
DATAFLOW,OECD.ELS.SAE:DSD_POPULATION@DF_POP_HIST(1.0),Historical population data,I,NLD,Netherlands,POP,Population,PS,Persons,_T,Total,_T,Total,H,Historical,2009,,16530387,,A,Normal value,0,Units,0,Zero
DATAFLOW,OECD.ELS.SAE:DSD_POPULATION@DF_POP_HIST(1.0),Historical population data,I,NLD,Netherlands,POP,Population,PS,Persons,_T,Total,_T,Total,H,Historical,2010,,16615390,,A,Normal value,0,Units,0,Zero
DATAFLOW,OECD.ELS.SAE:DSD_POPULATION@DF_POP_HIST(1.0),Historical population data,I,NLD,Netherlands,POP,Population,PS,Persons,_T,Total,_T,Total,H,Historical,2011,,16693074,,A,Normal value,0,Units,0,Zero
DATAFLOW,OECD.ELS.SAE:DSD_POPULATION@DF_POP_HIST(1.0),Historical population data,I,NLD,Netherlands,POP,Population,PS,Persons,_T,Total,_T,Total,H,Historical,2012,,16754963,,A,Normal value,0,Units,0,Zero
DATAFLOW,OECD.ELS.SAE:DSD_POPULATION@DF_POP_HIST(1.0),Historical population data,I,NLD,Netherlands,POP,Population,PS,Persons,_T,Total,_T,Total,H,Historical,2013,,16804430,,A,Normal value,0,Units,0,Zero
DATAFLOW,OECD.ELS.SAE:DSD_POPULATION@DF_POP_HIST(1.0),Historical population data,I,NLD,Netherlands,POP,Population,PS,Persons,_T,Total,_T,Total,H,Historical,2014,,16865008,,A,Normal value,0,Units,0,Zero
DATAFLOW,OECD.ELS.SAE:DSD_POPULATION@DF_POP_HIST(1.0),Historical population data,I,NLD,Netherlands,POP,Population,PS,Persons,_T,Total,_T,Total,H,Historical,2015,,16939925,,A,Normal value,0,Units,0,Zero
DATAFLOW,OECD.ELS.SAE:DSD_POPULATION@DF_POP_HIST(1.0),Historical population data,I,NLD,Netherlands,POP,Population,PS,Persons,_T,Total,_T,Total,H,Historical,2016,,17030314,,A,Normal value,0,Units,0,Zero
DATAFLOW,OECD.ELS.SAE:DSD_POPULATION@DF_POP_HIST(1.0),Historical population data,I,NLD,Netherlands,POP,Population,PS,Persons,_T,Total,_T,Total,H,Historical,2017,,17131295,,A,Normal value,0,Units,0,Zero
DATAFLOW,OECD.ELS.SAE:DSD_POPULATION@DF_POP_HIST(1.0),Historical population data,I,NLD,Netherlands,POP,Population,PS,Persons,_T,Total,_T,Total,H,Historical,2018,,17231622,,A,Normal value,0,Units,0,Zero
DATAFLOW,OECD.ELS.SAE:DSD_POPULATION@DF_POP_HIST(1.0),Historical population data,I,NLD,Netherlands,POP,Population,PS,Persons,_T,Total,_T,Total,H,Historical,2019,,17344876,,A,Normal value,0,Units,0,Zero
DATAFLOW,OECD.ELS.SAE:DSD_POPULATION@DF_POP_HIST(1.0),Historical population data,I,NLD,Netherlands,POP,Population,PS,Persons,_T,Total,_T,Total,H,Historical,2020,,17441500,,A,Normal value,0,Units,0,Zero
DATAFLOW,OECD.ELS.SAE:DSD_POPULATION@DF_POP_HIST(1.0),Historical population data,I,NLD,Netherlands,POP,Population,PS,Persons,_T,Total,_T,Total,H,Historical,2021,,17533048,,A,Normal value,0,Units,0,Zero
DATAFLOW,OECD.ELS.SAE:DSD_POPULATION@DF_POP_HIST(1.0),Historical population data,I,CHE,Switzerland,POP,Population,PS,Persons,_T,Total,_T,Total,H,Historical,1969,,6136387,,A,Normal value,0,Units,0,Zero
DATAFLOW,OECD.ELS.SAE:DSD_POPULATION@DF_POP_HIST(1.0),Historical population data,I,CHE,Switzerland,POP,Population,PS,Persons,_T,Total,_T,Total,H,Historical,1970,,6180882,,A,Normal value,0,Units,0,Zero
DATAFLOW,OECD.ELS.SAE:DSD_POPULATION@DF_POP_HIST(1.0),Historical population data,I,CHE,Switzerland,POP,Population,PS,Persons,_T,Total,_T,Total,H,Historical,1971,,6213405,,A,Normal value,0,Units,0,Zero
DATAFLOW,OECD.ELS.SAE:DSD_POPULATION@DF_POP_HIST(1.0),Historical population data,I,CHE,Switzerland,POP,Population,PS,Persons,_T,Total,_T,Total,H,Historical,1972,,6260956,,A,Normal value,0,Units,0,Zero
DATAFLOW,OECD.ELS.SAE:DSD_POPULATION@DF_POP_HIST(1.0),Historical population data,I,CHE,Switzerland,POP,Population,PS,Persons,_T,Total,_T,Total,H,Historical,1973,,6307348,,A,Normal value,0,Units,0,Zero
DATAFLOW,OECD.ELS.SAE:DSD_POPULATION@DF_POP_HIST(1.0),Historical population data,I,CHE,Switzerland,POP,Population,PS,Persons,_T,Total,_T,Total,H,Historical,1974,,6341406,,A,Normal value,0,Units,0,Zero
DATAFLOW,OECD.ELS.SAE:DSD_POPULATION@DF_POP_HIST(1.0),Historical population data,I,CHE,Switzerland,POP,Population,PS,Persons,_T,Total,_T,Total,H,Historical,1975,,6338632,,A,Normal value,0,Units,0,Zero
DATAFLOW,OECD.ELS.SAE:DSD_POPULATION@DF_POP_HIST(1.0),Historical population data,I,CHE,Switzerland,POP,Population,PS,Persons,_T,Total,_T,Total,H,Historical,1976,,6302505,,A,Normal value,0,Units,0,Zero
DATAFLOW,OECD.ELS.SAE:DSD_POPULATION@DF_POP_HIST(1.0),Historical population data,I,CHE,Switzerland,POP,Population,PS,Persons,_T,Total,_T,Total,H,Historical,1977,,6281175,,A,Normal value,0,Units,0,Zero
DATAFLOW,OECD.ELS.SAE:DSD_POPULATION@DF_POP_HIST(1.0),Historical population data,I,CHE,Switzerland,POP,Population,PS,Persons,_T,Total,_T,Total,H,Historical,1978,,6281737,,A,Normal value,0,Units,0,Zero
DATAFLOW,OECD.ELS.SAE:DSD_POPULATION@DF_POP_HIST(1.0),Historical population data,I,CHE,Switzerland,POP,Population,PS,Persons,_T,Total,_T,Total,H,Historical,1979,,6294364,,A,Normal value,0,Units,0,Zero
DATAFLOW,OECD.ELS.SAE:DSD_POPULATION@DF_POP_HIST(1.0),Historical population data,I,CHE,Switzerland,POP,Population,PS,Persons,_T,Total,_T,Total,H,Historical,1980,,6319409,,A,Normal value,0,Units,0,Zero
DATAFLOW,OECD.ELS.SAE:DSD_POPULATION@DF_POP_HIST(1.0),Historical population data,I,CHE,Switzerland,POP,Population,PS,Persons,_T,Total,_T,Total,H,Historical,1981,,6354073,,A,Normal value,0,Units,0,Zero
DATAFLOW,OECD.ELS.SAE:DSD_POPULATION@DF_POP_HIST(1.0),Historical population data,I,CHE,Switzerland,POP,Population,PS,Persons,_T,Total,_T,Total,H,Historical,1982,,6391309,,A,Normal value,0,Units,0,Zero
DATAFLOW,OECD.ELS.SAE:DSD_POPULATION@DF_POP_HIST(1.0),Historical population data,I,CHE,Switzerland,POP,Population,PS,Persons,_T,Total,_T,Total,H,Historical,1983,,6418774,,A,Normal value,0,Units,0,Zero
DATAFLOW,OECD.ELS.SAE:DSD_POPULATION@DF_POP_HIST(1.0),Historical population data,I,CHE,Switzerland,POP,Population,PS,Persons,_T,Total,_T,Total,H,Historical,1984,,6441865,,A,Normal value,0,Units,0,Zero
DATAFLOW,OECD.ELS.SAE:DSD_POPULATION@DF_POP_HIST(1.0),Historical population data,I,CHE,Switzerland,POP,Population,PS,Persons,_T,Total,_T,Total,H,Historical,1985,,6470366,,A,Normal value,0,Units,0,Zero
DATAFLOW,OECD.ELS.SAE:DSD_POPULATION@DF_POP_HIST(1.0),Historical population data,I,CHE,Switzerland,POP,Population,PS,Persons,_T,Total,_T,Total,H,Historical,1986,,6504125,,A,Normal value,0,Units,0,Zero
DATAFLOW,OECD.ELS.SAE:DSD_POPULATION@DF_POP_HIST(1.0),Historical population data,I,CHE,Switzerland,POP,Population,PS,Persons,_T,Total,_T,Total,H,Historical,1987,,6545107,,A,Normal value,0,Units,0,Zero
DATAFLOW,OECD.ELS.SAE:DSD_POPULATION@DF_POP_HIST(1.0),Historical population data,I,CHE,Switzerland,POP,Population,PS,Persons,_T,Total,_T,Total,H,Historical,1988,,6593387,,A,Normal value,0,Units,0,Zero
DATAFLOW,OECD.ELS.SAE:DSD_POPULATION@DF_POP_HIST(1.0),Historical population data,I,CHE,Switzerland,POP,Population,PS,Persons,_T,Total,_T,Total,H,Historical,1989,,6646912,,A,Normal value,0,Units,0,Zero
DATAFLOW,OECD.ELS.SAE:DSD_POPULATION@DF_POP_HIST(1.0),Historical population data,I,CHE,Switzerland,POP,Population,PS,Persons,_T,Total,_T,Total,H,Historical,1990,,6712273,,A,Normal value,0,Units,0,Zero
DATAFLOW,OECD.ELS.SAE:DSD_POPULATION@DF_POP_HIST(1.0),Historical population data,I,CHE,Switzerland,POP,Population,PS,Persons,_T,Total,_T,Total,H,Historical,1991,,6799979,,A,Normal value,0,Units,0,Zero
DATAFLOW,OECD.ELS.SAE:DSD_POPULATION@DF_POP_HIST(1.0),Historical population data,I,CHE,Switzerland,POP,Population,PS,Persons,_T,Total,_T,Total,H,Historical,1992,,6875364,,A,Normal value,0,Units,0,Zero
DATAFLOW,OECD.ELS.SAE:DSD_POPULATION@DF_POP_HIST(1.0),Historical population data,I,CHE,Switzerland,POP,Population,PS,Persons,_T,Total,_T,Total,H,Historical,1993,,6938265,,A,Normal value,0,Units,0,Zero
DATAFLOW,OECD.ELS.SAE:DSD_POPULATION@DF_POP_HIST(1.0),Historical population data,I,CHE,Switzerland,POP,Population,PS,Persons,_T,Total,_T,Total,H,Historical,1994,,6993795,,A,Normal value,0,Units,0,Zero
DATAFLOW,OECD.ELS.SAE:DSD_POPULATION@DF_POP_HIST(1.0),Historical population data,I,CHE,Switzerland,POP,Population,PS,Persons,_T,Total,_T,Total,H,Historical,1995,,7040687,,A,Normal value,0,Units,0,Zero
DATAFLOW,OECD.ELS.SAE:DSD_POPULATION@DF_POP_HIST(1.0),Historical population data,I,CHE,Switzerland,POP,Population,PS,Persons,_T,Total,_T,Total,H,Historical,1996,,7071851,,A,Normal value,0,Units,0,Zero
DATAFLOW,OECD.ELS.SAE:DSD_POPULATION@DF_POP_HIST(1.0),Historical population data,I,CHE,Switzerland,POP,Population,PS,Persons,_T,Total,_T,Total,H,Historical,1997,,7088906,,A,Normal value,0,Units,0,Zero
DATAFLOW,OECD.ELS.SAE:DSD_POPULATION@DF_POP_HIST(1.0),Historical population data,I,CHE,Switzerland,POP,Population,PS,Persons,_T,Total,_T,Total,H,Historical,1998,,7110002,,A,Normal value,0,Units,0,Zero
DATAFLOW,OECD.ELS.SAE:DSD_POPULATION@DF_POP_HIST(1.0),Historical population data,I,CHE,Switzerland,POP,Population,PS,Persons,_T,Total,_T,Total,H,Historical,1999,,7143991,,A,Normal value,0,Units,0,Zero
DATAFLOW,OECD.ELS.SAE:DSD_POPULATION@DF_POP_HIST(1.0),Historical population data,I,CHE,Switzerland,POP,Population,PS,Persons,_T,Total,_T,Total,H,Historical,2000,,7184250,,A,Normal value,0,Units,0,Zero
DATAFLOW,OECD.ELS.SAE:DSD_POPULATION@DF_POP_HIST(1.0),Historical population data,I,CHE,Switzerland,POP,Population,PS,Persons,_T,Total,_T,Total,H,Historical,2001,,7226647,,A,Normal value,0,Units,0,Zero
DATAFLOW,OECD.ELS.SAE:DSD_POPULATION@DF_POP_HIST(1.0),Historical population data,I,CHE,Switzerland,POP,Population,PS,Persons,_T,Total,_T,Total,H,Historical,2002,,7284754,,A,Normal value,0,Units,0,Zero
DATAFLOW,OECD.ELS.SAE:DSD_POPULATION@DF_POP_HIST(1.0),Historical population data,I,CHE,Switzerland,POP,Population,PS,Persons,_T,Total,_T,Total,H,Historical,2003,,7339002,,A,Normal value,0,Units,0,Zero
DATAFLOW,OECD.ELS.SAE:DSD_POPULATION@DF_POP_HIST(1.0),Historical population data,I,CHE,Switzerland,POP,Population,PS,Persons,_T,Total,_T,Total,H,Historical,2004,,7389626,,A,Normal value,0,Units,0,Zero
DATAFLOW,OECD.ELS.SAE:DSD_POPULATION@DF_POP_HIST(1.0),Historical population data,I,CHE,Switzerland,POP,Population,PS,Persons,_T,Total,_T,Total,H,Historical,2005,,7437116,,A,Normal value,0,Units,0,Zero
DATAFLOW,OECD.ELS.SAE:DSD_POPULATION@DF_POP_HIST(1.0),Historical population data,I,CHE,Switzerland,POP,Population,PS,Persons,_T,Total,_T,Total,H,Historical,2006,,7483935,,A,Normal value,0,Units,0,Zero
DATAFLOW,OECD.ELS.SAE:DSD_POPULATION@DF_POP_HIST(1.0),Historical population data,I,CHE,Switzerland,POP,Population,PS,Persons,_T,Total,_T,Total,H,Historical,2007,,7551117,,A,Normal value,0,Units,0,Zero
DATAFLOW,OECD.ELS.SAE:DSD_POPULATION@DF_POP_HIST(1.0),Historical population data,I,CHE,Switzerland,POP,Population,PS,Persons,_T,Total,_T,Total,H,Historical,2008,,7647676,,A,Normal value,0,Units,0,Zero
DATAFLOW,OECD.ELS.SAE:DSD_POPULATION@DF_POP_HIST(1.0),Historical population data,I,CHE,Switzerland,POP,Population,PS,Persons,_T,Total,_T,Total,H,Historical,2009,,7743832,,A,Normal value,0,Units,0,Zero
DATAFLOW,OECD.ELS.SAE:DSD_POPULATION@DF_POP_HIST(1.0),Historical population data,I,CHE,Switzerland,POP,Population,PS,Persons,_T,Total,_T,Total,H,Historical,2010,,7824910,,A,Normal value,0,Units,0,Zero
DATAFLOW,OECD.ELS.SAE:DSD_POPULATION@DF_POP_HIST(1.0),Historical population data,I,CHE,Switzerland,POP,Population,PS,Persons,_T,Total,_T,Total,H,Historical,2011,,7912396,,A,Normal value,0,Units,0,Zero
DATAFLOW,OECD.ELS.SAE:DSD_POPULATION@DF_POP_HIST(1.0),Historical population data,I,CHE,Switzerland,POP,Population,PS,Persons,_T,Total,_T,Total,H,Historical,2012,,7996861,,A,Normal value,0,Units,0,Zero
DATAFLOW,OECD.ELS.SAE:DSD_POPULATION@DF_POP_HIST(1.0),Historical population data,I,CHE,Switzerland,POP,Population,PS,Persons,_T,Total,_T,Total,H,Historical,2013,,8089346,,A,Normal value,0,Units,0,Zero
DATAFLOW,OECD.ELS.SAE:DSD_POPULATION@DF_POP_HIST(1.0),Historical population data,I,CHE,Switzerland,POP,Population,PS,Persons,_T,Total,_T,Total,H,Historical,2014,,8188646,,A,Normal value,0,Units,0,Zero
DATAFLOW,OECD.ELS.SAE:DSD_POPULATION@DF_POP_HIST(1.0),Historical population data,I,CHE,Switzerland,POP,Population,PS,Persons,_T,Total,_T,Total,H,Historical,2015,,8282398,,A,Normal value,0,Units,0,Zero
DATAFLOW,OECD.ELS.SAE:DSD_POPULATION@DF_POP_HIST(1.0),Historical population data,I,CHE,Switzerland,POP,Population,PS,Persons,_T,Total,_T,Total,H,Historical,2016,,8373334,,A,Normal value,0,Units,0,Zero
DATAFLOW,OECD.ELS.SAE:DSD_POPULATION@DF_POP_HIST(1.0),Historical population data,I,CHE,Switzerland,POP,Population,PS,Persons,_T,Total,_T,Total,H,Historical,2017,,8451834,,A,Normal value,0,Units,0,Zero
DATAFLOW,OECD.ELS.SAE:DSD_POPULATION@DF_POP_HIST(1.0),Historical population data,I,CHE,Switzerland,POP,Population,PS,Persons,_T,Total,_T,Total,H,Historical,2018,,8514327,,A,Normal value,0,Units,0,Zero
DATAFLOW,OECD.ELS.SAE:DSD_POPULATION@DF_POP_HIST(1.0),Historical population data,I,CHE,Switzerland,POP,Population,PS,Persons,_T,Total,_T,Total,H,Historical,2019,,8575280,,A,Normal value,0,Units,0,Zero
DATAFLOW,OECD.ELS.SAE:DSD_POPULATION@DF_POP_HIST(1.0),Historical population data,I,CHE,Switzerland,POP,Population,PS,Persons,_T,Total,_T,Total,H,Historical,2020,,8638169,,A,Normal value,0,Units,0,Zero
DATAFLOW,OECD.ELS.SAE:DSD_POPULATION@DF_POP_HIST(1.0),Historical population data,I,CHE,Switzerland,POP,Population,PS,Persons,_T,Total,_T,Total,H,Historical,2021,,8704542,,A,Normal value,0,Units,0,Zero
DATAFLOW,OECD.ELS.SAE:DSD_POPULATION@DF_POP_HIST(1.0),Historical population data,I,FRA,France,POP,Population,PS,Persons,_T,Total,_T,Total,H,Historical,1969,,50317983,,A,Normal value,0,Units,0,Zero
DATAFLOW,OECD.ELS.SAE:DSD_POPULATION@DF_POP_HIST(1.0),Historical population data,I,FRA,France,POP,Population,PS,Persons,_T,Total,_T,Total,H,Historical,1970,,50772222,,A,Normal value,0,Units,0,Zero
DATAFLOW,OECD.ELS.SAE:DSD_POPULATION@DF_POP_HIST(1.0),Historical population data,I,FRA,France,POP,Population,PS,Persons,_T,Total,_T,Total,H,Historical,1971,,51251098,,A,Normal value,0,Units,0,Zero
DATAFLOW,OECD.ELS.SAE:DSD_POPULATION@DF_POP_HIST(1.0),Historical population data,I,FRA,France,POP,Population,PS,Persons,_T,Total,_T,Total,H,Historical,1972,,51700913,,A,Normal value,0,Units,0,Zero
DATAFLOW,OECD.ELS.SAE:DSD_POPULATION@DF_POP_HIST(1.0),Historical population data,I,FRA,France,POP,Population,PS,Persons,_T,Total,_T,Total,H,Historical,1973,,52118300,,A,Normal value,0,Units,0,Zero
DATAFLOW,OECD.ELS.SAE:DSD_POPULATION@DF_POP_HIST(1.0),Historical population data,I,FRA,France,POP,Population,PS,Persons,_T,Total,_T,Total,H,Historical,1974,,52460358,,A,Normal value,0,Units,0,Zero
DATAFLOW,OECD.ELS.SAE:DSD_POPULATION@DF_POP_HIST(1.0),Historical population data,I,FRA,France,POP,Population,PS,Persons,_T,Total,_T,Total,H,Historical,1975,,52699171,,A,Normal value,0,Units,0,Zero
DATAFLOW,OECD.ELS.SAE:DSD_POPULATION@DF_POP_HIST(1.0),Historical population data,I,FRA,France,POP,Population,PS,Persons,_T,Total,_T,Total,H,Historical,1976,,52908675,,A,Normal value,0,Units,0,Zero
DATAFLOW,OECD.ELS.SAE:DSD_POPULATION@DF_POP_HIST(1.0),Historical population data,I,FRA,France,POP,Population,PS,Persons,_T,Total,_T,Total,H,Historical,1977,,53145280,,A,Normal value,0,Units,0,Zero
DATAFLOW,OECD.ELS.SAE:DSD_POPULATION@DF_POP_HIST(1.0),Historical population data,I,FRA,France,POP,Population,PS,Persons,_T,Total,_T,Total,H,Historical,1978,,53376322,,A,Normal value,0,Units,0,Zero
DATAFLOW,OECD.ELS.SAE:DSD_POPULATION@DF_POP_HIST(1.0),Historical population data,I,FRA,France,POP,Population,PS,Persons,_T,Total,_T,Total,H,Historical,1979,,53606226,,A,Normal value,0,Units,0,Zero
DATAFLOW,OECD.ELS.SAE:DSD_POPULATION@DF_POP_HIST(1.0),Historical population data,I,FRA,France,POP,Population,PS,Persons,_T,Total,_T,Total,H,Historical,1980,,53880012,,A,Normal value,0,Units,0,Zero
DATAFLOW,OECD.ELS.SAE:DSD_POPULATION@DF_POP_HIST(1.0),Historical population data,I,FRA,France,POP,Population,PS,Persons,_T,Total,_T,Total,H,Historical,1981,,54181806,,A,Normal value,0,Units,0,Zero
DATAFLOW,OECD.ELS.SAE:DSD_POPULATION@DF_POP_HIST(1.0),Historical population data,I,FRA,France,POP,Population,PS,Persons,_T,Total,_T,Total,H,Historical,1982,,54492495,,A,Normal value,0,Units,0,Zero
DATAFLOW,OECD.ELS.SAE:DSD_POPULATION@DF_POP_HIST(1.0),Historical population data,I,FRA,France,POP,Population,PS,Persons,_T,Total,_T,Total,H,Historical,1983,,54772418,,A,Normal value,0,Units,0,Zero
DATAFLOW,OECD.ELS.SAE:DSD_POPULATION@DF_POP_HIST(1.0),Historical population data,I,FRA,France,POP,Population,PS,Persons,_T,Total,_T,Total,H,Historical,1984,,55026074,,A,Normal value,0,Units,0,Zero
DATAFLOW,OECD.ELS.SAE:DSD_POPULATION@DF_POP_HIST(1.0),Historical population data,I,FRA,France,POP,Population,PS,Persons,_T,Total,_T,Total,H,Historical,1985,,55284271,,A,Normal value,0,Units,0,Zero
DATAFLOW,OECD.ELS.SAE:DSD_POPULATION@DF_POP_HIST(1.0),Historical population data,I,FRA,France,POP,Population,PS,Persons,_T,Total,_T,Total,H,Historical,1986,,55546504,,A,Normal value,0,Units,0,Zero
DATAFLOW,OECD.ELS.SAE:DSD_POPULATION@DF_POP_HIST(1.0),Historical population data,I,FRA,France,POP,Population,PS,Persons,_T,Total,_T,Total,H,Historical,1987,,55823956,,A,Normal value,0,Units,0,Zero
DATAFLOW,OECD.ELS.SAE:DSD_POPULATION@DF_POP_HIST(1.0),Historical population data,I,FRA,France,POP,Population,PS,Persons,_T,Total,_T,Total,H,Historical,1988,,56117974,,A,Normal value,0,Units,0,Zero
DATAFLOW,OECD.ELS.SAE:DSD_POPULATION@DF_POP_HIST(1.0),Historical population data,I,FRA,France,POP,Population,PS,Persons,_T,Total,_T,Total,H,Historical,1989,,56423411,,A,Normal value,0,Units,0,Zero
DATAFLOW,OECD.ELS.SAE:DSD_POPULATION@DF_POP_HIST(1.0),Historical population data,I,FRA,France,POP,Population,PS,Persons,_T,Total,_T,Total,H,Historical,1990,,56708826,,A,Normal value,0,Units,0,Zero
DATAFLOW,OECD.ELS.SAE:DSD_POPULATION@DF_POP_HIST(1.0),Historical population data,I,FRA,France,POP,Population,PS,Persons,_T,Total,_T,Total,H,Historical,1991,,58425681,,A,Normal value,0,Units,0,Zero
DATAFLOW,OECD.ELS.SAE:DSD_POPULATION@DF_POP_HIST(1.0),Historical population data,I,FRA,France,POP,Population,PS,Persons,_T,Total,_T,Total,H,Historical,1992,,58711615,,A,Normal value,0,Units,0,Zero
DATAFLOW,OECD.ELS.SAE:DSD_POPULATION@DF_POP_HIST(1.0),Historical population data,I,FRA,France,POP,Population,PS,Persons,_T,Total,_T,Total,H,Historical,1993,,58961049,,A,Normal value,0,Units,0,Zero
DATAFLOW,OECD.ELS.SAE:DSD_POPULATION@DF_POP_HIST(1.0),Historical population data,I,FRA,France,POP,Population,PS,Persons,_T,Total,_T,Total,H,Historical,1994,,59175335,,A,Normal value,0,Units,0,Zero
DATAFLOW,OECD.ELS.SAE:DSD_POPULATION@DF_POP_HIST(1.0),Historical population data,I,FRA,France,POP,Population,PS,Persons,_T,Total,_T,Total,H,Historical,1995,,59383991,,A,Normal value,0,Units,0,Zero
DATAFLOW,OECD.ELS.SAE:DSD_POPULATION@DF_POP_HIST(1.0),Historical population data,I,FRA,France,POP,Population,PS,Persons,_T,Total,_T,Total,H,Historical,1996,,59589289,,A,Normal value,0,Units,0,Zero
DATAFLOW,OECD.ELS.SAE:DSD_POPULATION@DF_POP_HIST(1.0),Historical population data,I,FRA,France,POP,Population,PS,Persons,_T,Total,_T,Total,H,Historical,1997,,59795263,,A,Normal value,0,Units,0,Zero
DATAFLOW,OECD.ELS.SAE:DSD_POPULATION@DF_POP_HIST(1.0),Historical population data,I,FRA,France,POP,Population,PS,Persons,_T,Total,_T,Total,H,Historical,1998,,60011008,,A,Normal value,0,Units,0,Zero
DATAFLOW,OECD.ELS.SAE:DSD_POPULATION@DF_POP_HIST(1.0),Historical population data,I,FRA,France,POP,Population,PS,Persons,_T,Total,_T,Total,H,Historical,1999,,60315406,,A,Normal value,0,Units,0,Zero
DATAFLOW,OECD.ELS.SAE:DSD_POPULATION@DF_POP_HIST(1.0),Historical population data,I,FRA,France,POP,Population,PS,Persons,_T,Total,_T,Total,H,Historical,2000,,60724780,,A,Normal value,0,Units,0,Zero
DATAFLOW,OECD.ELS.SAE:DSD_POPULATION@DF_POP_HIST(1.0),Historical population data,I,FRA,France,POP,Population,PS,Persons,_T,Total,_T,Total,H,Historical,2001,,61163237,,A,Normal value,0,Units,0,Zero
DATAFLOW,OECD.ELS.SAE:DSD_POPULATION@DF_POP_HIST(1.0),Historical population data,I,FRA,France,POP,Population,PS,Persons,_T,Total,_T,Total,H,Historical,2002,,61604550,,A,Normal value,0,Units,0,Zero
DATAFLOW,OECD.ELS.SAE:DSD_POPULATION@DF_POP_HIST(1.0),Historical population data,I,FRA,France,POP,Population,PS,Persons,_T,Total,_T,Total,H,Historical,2003,,62037544,,A,Normal value,0,Units,0,Zero
DATAFLOW,OECD.ELS.SAE:DSD_POPULATION@DF_POP_HIST(1.0),Historical population data,I,FRA,France,POP,Population,PS,Persons,_T,Total,_T,Total,H,Historical,2004,,62490800,,A,Normal value,0,Units,0,Zero
DATAFLOW,OECD.ELS.SAE:DSD_POPULATION@DF_POP_HIST(1.0),Historical population data,I,FRA,France,POP,Population,PS,Persons,_T,Total,_T,Total,H,Historical,2005,,62958328,,A,Normal value,0,Units,0,Zero
DATAFLOW,OECD.ELS.SAE:DSD_POPULATION@DF_POP_HIST(1.0),Historical population data,I,FRA,France,POP,Population,PS,Persons,_T,Total,_T,Total,H,Historical,2006,,63393406,,A,Normal value,0,Units,0,Zero
DATAFLOW,OECD.ELS.SAE:DSD_POPULATION@DF_POP_HIST(1.0),Historical population data,I,FRA,France,POP,Population,PS,Persons,_T,Total,_T,Total,H,Historical,2007,,63781275,,A,Normal value,0,Units,0,Zero
DATAFLOW,OECD.ELS.SAE:DSD_POPULATION@DF_POP_HIST(1.0),Historical population data,I,FRA,France,POP,Population,PS,Persons,_T,Total,_T,Total,H,Historical,2008,,64133174,,A,Normal value,0,Units,0,Zero
DATAFLOW,OECD.ELS.SAE:DSD_POPULATION@DF_POP_HIST(1.0),Historical population data,I,FRA,France,POP,Population,PS,Persons,_T,Total,_T,Total,H,Historical,2009,,64458715,,A,Normal value,0,Units,0,Zero
DATAFLOW,OECD.ELS.SAE:DSD_POPULATION@DF_POP_HIST(1.0),Historical population data,I,FRA,France,POP,Population,PS,Persons,_T,Total,_T,Total,H,Historical,2010,,64773169,,A,Normal value,0,Units,0,Zero
DATAFLOW,OECD.ELS.SAE:DSD_POPULATION@DF_POP_HIST(1.0),Historical population data,I,FRA,France,POP,Population,PS,Persons,_T,Total,_T,Total,H,Historical,2011,,65087317,,A,Normal value,0,Units,0,Zero
DATAFLOW,OECD.ELS.SAE:DSD_POPULATION@DF_POP_HIST(1.0),Historical population data,I,FRA,France,POP,Population,PS,Persons,_T,Total,_T,Total,H,Historical,2012,,65402998,,A,Normal value,0,Units,0,Zero
DATAFLOW,OECD.ELS.SAE:DSD_POPULATION@DF_POP_HIST(1.0),Historical population data,I,FRA,France,POP,Population,PS,Persons,_T,Total,_T,Total,H,Historical,2013,,65735961,,A,Normal value,0,Units,0,Zero
DATAFLOW,OECD.ELS.SAE:DSD_POPULATION@DF_POP_HIST(1.0),Historical population data,I,FRA,France,POP,Population,PS,Persons,_T,Total,_T,Total,H,Historical,2014,,66276671,,A,Normal value,0,Units,0,Zero
DATAFLOW,OECD.ELS.SAE:DSD_POPULATION@DF_POP_HIST(1.0),Historical population data,I,FRA,France,POP,Population,PS,Persons,_T,Total,_T,Total,H,Historical,2015,,66512558,,A,Normal value,0,Units,0,Zero
DATAFLOW,OECD.ELS.SAE:DSD_POPULATION@DF_POP_HIST(1.0),Historical population data,I,FRA,France,POP,Population,PS,Persons,_T,Total,_T,Total,H,Historical,2016,,66688563,,A,Normal value,0,Units,0,Zero
DATAFLOW,OECD.ELS.SAE:DSD_POPULATION@DF_POP_HIST(1.0),Historical population data,I,FRA,France,POP,Population,PS,Persons,_T,Total,_T,Total,H,Historical,2017,,66883314,,A,Normal value,0,Units,0,Zero
DATAFLOW,OECD.ELS.SAE:DSD_POPULATION@DF_POP_HIST(1.0),Historical population data,I,FRA,France,POP,Population,PS,Persons,_T,Total,_T,Total,H,Historical,2018,,67125071,,A,Normal value,0,Units,0,Zero
DATAFLOW,OECD.ELS.SAE:DSD_POPULATION@DF_POP_HIST(1.0),Historical population data,I,FRA,France,POP,Population,PS,Persons,_T,Total,_T,Total,H,Historical,2019,,67349922,,A,Normal value,0,Units,0,Zero
DATAFLOW,OECD.ELS.SAE:DSD_POPULATION@DF_POP_HIST(1.0),Historical population data,I,ISR,Israel,POP,Population,PS,Persons,_T,Total,_T,Total,H,Historical,1969,,2879100,,A,Normal value,0,Units,0,Zero
DATAFLOW,OECD.ELS.SAE:DSD_POPULATION@DF_POP_HIST(1.0),Historical population data,I,ISR,Israel,POP,Population,PS,Persons,_T,Total,_T,Total,H,Historical,1970,,2958200,,A,Normal value,0,Units,0,Zero
DATAFLOW,OECD.ELS.SAE:DSD_POPULATION@DF_POP_HIST(1.0),Historical population data,I,ISR,Israel,POP,Population,PS,Persons,_T,Total,_T,Total,H,Historical,1971,,3045600,,A,Normal value,0,Units,0,Zero
DATAFLOW,OECD.ELS.SAE:DSD_POPULATION@DF_POP_HIST(1.0),Historical population data,I,ISR,Israel,POP,Population,PS,Persons,_T,Total,_T,Total,H,Historical,1972,,3225000,,A,Normal value,0,Units,0,Zero
DATAFLOW,OECD.ELS.SAE:DSD_POPULATION@DF_POP_HIST(1.0),Historical population data,I,ISR,Israel,POP,Population,PS,Persons,_T,Total,_T,Total,H,Historical,1973,,3277900,,A,Normal value,0,Units,0,Zero
DATAFLOW,OECD.ELS.SAE:DSD_POPULATION@DF_POP_HIST(1.0),Historical population data,I,ISR,Israel,POP,Population,PS,Persons,_T,Total,_T,Total,H,Historical,1974,,3377200,,A,Normal value,0,Units,0,Zero
DATAFLOW,OECD.ELS.SAE:DSD_POPULATION@DF_POP_HIST(1.0),Historical population data,I,ISR,Israel,POP,Population,PS,Persons,_T,Total,_T,Total,H,Historical,1975,,3455300,,A,Normal value,0,Units,0,Zero
DATAFLOW,OECD.ELS.SAE:DSD_POPULATION@DF_POP_HIST(1.0),Historical population data,I,ISR,Israel,POP,Population,PS,Persons,_T,Total,_T,Total,H,Historical,1976,,3533100,,A,Normal value,0,Units,0,Zero
DATAFLOW,OECD.ELS.SAE:DSD_POPULATION@DF_POP_HIST(1.0),Historical population data,I,ISR,Israel,POP,Population,PS,Persons,_T,Total,_T,Total,H,Historical,1977,,3613000,,A,Normal value,0,Units,0,Zero
DATAFLOW,OECD.ELS.SAE:DSD_POPULATION@DF_POP_HIST(1.0),Historical population data,I,ISR,Israel,POP,Population,PS,Persons,_T,Total,_T,Total,H,Historical,1978,,3692600,,A,Normal value,0,Units,0,Zero
DATAFLOW,OECD.ELS.SAE:DSD_POPULATION@DF_POP_HIST(1.0),Historical population data,I,ISR,Israel,POP,Population,PS,Persons,_T,Total,_T,Total,H,Historical,1979,,3786400,,A,Normal value,0,Units,0,Zero
DATAFLOW,OECD.ELS.SAE:DSD_POPULATION@DF_POP_HIST(1.0),Historical population data,I,ISR,Israel,POP,Population,PS,Persons,_T,Total,_T,Total,H,Historical,1980,,3877700,,A,Normal value,0,Units,0,Zero
DATAFLOW,OECD.ELS.SAE:DSD_POPULATION@DF_POP_HIST(1.0),Historical population data,I,ISR,Israel,POP,Population,PS,Persons,_T,Total,_T,Total,H,Historical,1981,,3949800,,A,Normal value,0,Units,0,Zero
DATAFLOW,OECD.ELS.SAE:DSD_POPULATION@DF_POP_HIST(1.0),Historical population data,I,ISR,Israel,POP,Population,PS,Persons,_T,Total,_T,Total,H,Historical,1982,,4020700,,A,Normal value,0,Units,0,Zero
DATAFLOW,OECD.ELS.SAE:DSD_POPULATION@DF_POP_HIST(1.0),Historical population data,I,ISR,Israel,POP,Population,PS,Persons,_T,Total,_T,Total,H,Historical,1983,,4106100,,A,Normal value,0,Units,0,Zero
DATAFLOW,OECD.ELS.SAE:DSD_POPULATION@DF_POP_HIST(1.0),Historical population data,I,ISR,Israel,POP,Population,PS,Persons,_T,Total,_T,Total,H,Historical,1984,,4159100,,A,Normal value,0,Units,0,Zero
DATAFLOW,OECD.ELS.SAE:DSD_POPULATION@DF_POP_HIST(1.0),Historical population data,I,ISR,Israel,POP,Population,PS,Persons,_T,Total,_T,Total,H,Historical,1985,,4233000,,A,Normal value,0,Units,0,Zero
DATAFLOW,OECD.ELS.SAE:DSD_POPULATION@DF_POP_HIST(1.0),Historical population data,I,ISR,Israel,POP,Population,PS,Persons,_T,Total,_T,Total,H,Historical,1986,,4298800,,A,Normal value,0,Units,0,Zero
DATAFLOW,OECD.ELS.SAE:DSD_POPULATION@DF_POP_HIST(1.0),Historical population data,I,ISR,Israel,POP,Population,PS,Persons,_T,Total,_T,Total,H,Historical,1987,,4368900,,A,Normal value,0,Units,0,Zero
DATAFLOW,OECD.ELS.SAE:DSD_POPULATION@DF_POP_HIST(1.0),Historical population data,I,ISR,Israel,POP,Population,PS,Persons,_T,Total,_T,Total,H,Historical,1988,,4441700,,A,Normal value,0,Units,0,Zero
DATAFLOW,OECD.ELS.SAE:DSD_POPULATION@DF_POP_HIST(1.0),Historical population data,I,ISR,Israel,POP,Population,PS,Persons,_T,Total,_T,Total,H,Historical,1989,,4518200,,A,Normal value,0,Units,0,Zero
DATAFLOW,OECD.ELS.SAE:DSD_POPULATION@DF_POP_HIST(1.0),Historical population data,I,ISR,Israel,POP,Population,PS,Persons,_T,Total,_T,Total,H,Historical,1990,,4660200,,A,Normal value,0,Units,0,Zero
DATAFLOW,OECD.ELS.SAE:DSD_POPULATION@DF_POP_HIST(1.0),Historical population data,I,ISR,Israel,POP,Population,PS,Persons,_T,Total,_T,Total,H,Historical,1991,,4949100,,A,Normal value,0,Units,0,Zero
DATAFLOW,OECD.ELS.SAE:DSD_POPULATION@DF_POP_HIST(1.0),Historical population data,I,ISR,Israel,POP,Population,PS,Persons,_T,Total,_T,Total,H,Historical,1992,,5123500,,A,Normal value,0,Units,0,Zero
DATAFLOW,OECD.ELS.SAE:DSD_POPULATION@DF_POP_HIST(1.0),Historical population data,I,ISR,Israel,POP,Population,PS,Persons,_T,Total,_T,Total,H,Historical,1993,,5261400,,A,Normal value,0,Units,0,Zero
DATAFLOW,OECD.ELS.SAE:DSD_POPULATION@DF_POP_HIST(1.0),Historical population data,I,ISR,Israel,POP,Population,PS,Persons,_T,Total,_T,Total,H,Historical,1994,,5399300,,A,Normal value,0,Units,0,Zero
DATAFLOW,OECD.ELS.SAE:DSD_POPULATION@DF_POP_HIST(1.0),Historical population data,I,ISR,Israel,POP,Population,PS,Persons,_T,Total,_T,Total,H,Historical,1995,,5544900,,A,Normal value,0,Units,0,Zero
DATAFLOW,OECD.ELS.SAE:DSD_POPULATION@DF_POP_HIST(1.0),Historical population data,I,ISR,Israel,POP,Population,PS,Persons,_T,Total,_T,Total,H,Historical,1996,,5685100,,A,Normal value,0,Units,0,Zero
DATAFLOW,OECD.ELS.SAE:DSD_POPULATION@DF_POP_HIST(1.0),Historical population data,I,ISR,Israel,POP,Population,PS,Persons,_T,Total,_T,Total,H,Historical,1997,,5828900,,A,Normal value,0,Units,0,Zero
DATAFLOW,OECD.ELS.SAE:DSD_POPULATION@DF_POP_HIST(1.0),Historical population data,I,ISR,Israel,POP,Population,PS,Persons,_T,Total,_T,Total,H,Historical,1998,,5970700,,A,Normal value,0,Units,0,Zero
DATAFLOW,OECD.ELS.SAE:DSD_POPULATION@DF_POP_HIST(1.0),Historical population data,I,ISR,Israel,POP,Population,PS,Persons,_T,Total,_T,Total,H,Historical,1999,,6125300,,A,Normal value,0,Units,0,Zero
DATAFLOW,OECD.ELS.SAE:DSD_POPULATION@DF_POP_HIST(1.0),Historical population data,I,ISR,Israel,POP,Population,PS,Persons,_T,Total,_T,Total,H,Historical,2000,,6289200,,A,Normal value,0,Units,0,Zero
DATAFLOW,OECD.ELS.SAE:DSD_POPULATION@DF_POP_HIST(1.0),Historical population data,I,ISR,Israel,POP,Population,PS,Persons,_T,Total,_T,Total,H,Historical,2001,,6439037,,A,Normal value,0,Units,0,Zero
DATAFLOW,OECD.ELS.SAE:DSD_POPULATION@DF_POP_HIST(1.0),Historical population data,I,ISR,Israel,POP,Population,PS,Persons,_T,Total,_T,Total,H,Historical,2002,,6569957,,A,Normal value,0,Units,0,Zero
DATAFLOW,OECD.ELS.SAE:DSD_POPULATION@DF_POP_HIST(1.0),Historical population data,I,ISR,Israel,POP,Population,PS,Persons,_T,Total,_T,Total,H,Historical,2003,,6689748,,A,Normal value,0,Units,0,Zero
DATAFLOW,OECD.ELS.SAE:DSD_POPULATION@DF_POP_HIST(1.0),Historical population data,I,ISR,Israel,POP,Population,PS,Persons,_T,Total,_T,Total,H,Historical,2004,,6808969,,A,Normal value,0,Units,0,Zero
DATAFLOW,OECD.ELS.SAE:DSD_POPULATION@DF_POP_HIST(1.0),Historical population data,I,ISR,Israel,POP,Population,PS,Persons,_T,Total,_T,Total,H,Historical,2005,,6930128,,A,Normal value,0,Units,0,Zero
DATAFLOW,OECD.ELS.SAE:DSD_POPULATION@DF_POP_HIST(1.0),Historical population data,I,ISR,Israel,POP,Population,PS,Persons,_T,Total,_T,Total,H,Historical,2006,,7053707,,A,Normal value,0,Units,0,Zero
DATAFLOW,OECD.ELS.SAE:DSD_POPULATION@DF_POP_HIST(1.0),Historical population data,I,ISR,Israel,POP,Population,PS,Persons,_T,Total,_T,Total,H,Historical,2007,,7180160,,A,Normal value,0,Units,0,Zero
DATAFLOW,OECD.ELS.SAE:DSD_POPULATION@DF_POP_HIST(1.0),Historical population data,I,ISR,Israel,POP,Population,PS,Persons,_T,Total,_T,Total,H,Historical,2008,,7331353,,A,Normal value,0,Units,0,Zero
DATAFLOW,OECD.ELS.SAE:DSD_POPULATION@DF_POP_HIST(1.0),Historical population data,I,ISR,Israel,POP,Population,PS,Persons,_T,Total,_T,Total,H,Historical,2009,,7485565,,A,Normal value,0,Units,0,Zero
DATAFLOW,OECD.ELS.SAE:DSD_POPULATION@DF_POP_HIST(1.0),Historical population data,I,ISR,Israel,POP,Population,PS,Persons,_T,Total,_T,Total,H,Historical,2010,,7623561,,A,Normal value,0,Units,0,Zero
DATAFLOW,OECD.ELS.SAE:DSD_POPULATION@DF_POP_HIST(1.0),Historical population data,I,ISR,Israel,POP,Population,PS,Persons,_T,Total,_T,Total,H,Historical,2011,,7765832,,A,Normal value,0,Units,0,Zero
DATAFLOW,OECD.ELS.SAE:DSD_POPULATION@DF_POP_HIST(1.0),Historical population data,I,ISR,Israel,POP,Population,PS,Persons,_T,Total,_T,Total,H,Historical,2012,,7910525,,A,Normal value,0,Units,0,Zero
DATAFLOW,OECD.ELS.SAE:DSD_POPULATION@DF_POP_HIST(1.0),Historical population data,I,ISR,Israel,POP,Population,PS,Persons,_T,Total,_T,Total,H,Historical,2013,,8059456,,A,Normal value,0,Units,0,Zero
DATAFLOW,OECD.ELS.SAE:DSD_POPULATION@DF_POP_HIST(1.0),Historical population data,I,ISR,Israel,POP,Population,PS,Persons,_T,Total,_T,Total,H,Historical,2014,,8215668,,A,Normal value,0,Units,0,Zero
DATAFLOW,OECD.ELS.SAE:DSD_POPULATION@DF_POP_HIST(1.0),Historical population data,I,ISR,Israel,POP,Population,PS,Persons,_T,Total,_T,Total,H,Historical,2015,,8380149,,A,Normal value,0,Units,0,Zero
DATAFLOW,OECD.ELS.SAE:DSD_POPULATION@DF_POP_HIST(1.0),Historical population data,I,ISR,Israel,POP,Population,PS,Persons,_T,Total,_T,Total,H,Historical,2016,,8546009,,A,Normal value,0,Units,0,Zero
DATAFLOW,OECD.ELS.SAE:DSD_POPULATION@DF_POP_HIST(1.0),Historical population data,I,ISR,Israel,POP,Population,PS,Persons,_T,Total,_T,Total,H,Historical,2017,,8713268,,A,Normal value,0,Units,0,Zero
DATAFLOW,OECD.ELS.SAE:DSD_POPULATION@DF_POP_HIST(1.0),Historical population data,I,ISR,Israel,POP,Population,PS,Persons,_T,Total,_T,Total,H,Historical,2018,,8882764,,A,Normal value,0,Units,0,Zero
DATAFLOW,OECD.ELS.SAE:DSD_POPULATION@DF_POP_HIST(1.0),Historical population data,I,ISR,Israel,POP,Population,PS,Persons,_T,Total,_T,Total,H,Historical,2019,,9054026,,A,Normal value,0,Units,0,Zero
DATAFLOW,OECD.ELS.SAE:DSD_POPULATION@DF_POP_HIST(1.0),Historical population data,I,TUR,Türkiye,POP,Population,PS,Persons,_T,Total,_T,Total,H,Historical,1969,,34443000,,A,Normal value,0,Units,0,Zero
DATAFLOW,OECD.ELS.SAE:DSD_POPULATION@DF_POP_HIST(1.0),Historical population data,I,TUR,Türkiye,POP,Population,PS,Persons,_T,Total,_T,Total,H,Historical,1970,,35321000,,A,Normal value,0,Units,0,Zero
DATAFLOW,OECD.ELS.SAE:DSD_POPULATION@DF_POP_HIST(1.0),Historical population data,I,TUR,Türkiye,POP,Population,PS,Persons,_T,Total,_T,Total,H,Historical,1971,,36215000,,A,Normal value,0,Units,0,Zero
DATAFLOW,OECD.ELS.SAE:DSD_POPULATION@DF_POP_HIST(1.0),Historical population data,I,TUR,Türkiye,POP,Population,PS,Persons,_T,Total,_T,Total,H,Historical,1972,,37133000,,A,Normal value,0,Units,0,Zero
DATAFLOW,OECD.ELS.SAE:DSD_POPULATION@DF_POP_HIST(1.0),Historical population data,I,TUR,Türkiye,POP,Population,PS,Persons,_T,Total,_T,Total,H,Historical,1973,,38073000,,A,Normal value,0,Units,0,Zero
DATAFLOW,OECD.ELS.SAE:DSD_POPULATION@DF_POP_HIST(1.0),Historical population data,I,TUR,Türkiye,POP,Population,PS,Persons,_T,Total,_T,Total,H,Historical,1974,,39037000,,A,Normal value,0,Units,0,Zero
DATAFLOW,OECD.ELS.SAE:DSD_POPULATION@DF_POP_HIST(1.0),Historical population data,I,TUR,Türkiye,POP,Population,PS,Persons,_T,Total,_T,Total,H,Historical,1975,,40026000,,A,Normal value,0,Units,0,Zero
DATAFLOW,OECD.ELS.SAE:DSD_POPULATION@DF_POP_HIST(1.0),Historical population data,I,TUR,Türkiye,POP,Population,PS,Persons,_T,Total,_T,Total,H,Historical,1976,,40916000,,A,Normal value,0,Units,0,Zero
DATAFLOW,OECD.ELS.SAE:DSD_POPULATION@DF_POP_HIST(1.0),Historical population data,I,TUR,Türkiye,POP,Population,PS,Persons,_T,Total,_T,Total,H,Historical,1977,,41769000,,A,Normal value,0,Units,0,Zero
DATAFLOW,OECD.ELS.SAE:DSD_POPULATION@DF_POP_HIST(1.0),Historical population data,I,TUR,Türkiye,POP,Population,PS,Persons,_T,Total,_T,Total,H,Historical,1978,,42641000,,A,Normal value,0,Units,0,Zero
DATAFLOW,OECD.ELS.SAE:DSD_POPULATION@DF_POP_HIST(1.0),Historical population data,I,TUR,Türkiye,POP,Population,PS,Persons,_T,Total,_T,Total,H,Historical,1979,,43531000,,A,Normal value,0,Units,0,Zero
DATAFLOW,OECD.ELS.SAE:DSD_POPULATION@DF_POP_HIST(1.0),Historical population data,I,TUR,Türkiye,POP,Population,PS,Persons,_T,Total,_T,Total,H,Historical,1980,,44439000,,A,Normal value,0,Units,0,Zero
DATAFLOW,OECD.ELS.SAE:DSD_POPULATION@DF_POP_HIST(1.0),Historical population data,I,TUR,Türkiye,POP,Population,PS,Persons,_T,Total,_T,Total,H,Historical,1981,,45540000,,A,Normal value,0,Units,0,Zero
DATAFLOW,OECD.ELS.SAE:DSD_POPULATION@DF_POP_HIST(1.0),Historical population data,I,TUR,Türkiye,POP,Population,PS,Persons,_T,Total,_T,Total,H,Historical,1982,,46688000,,A,Normal value,0,Units,0,Zero
DATAFLOW,OECD.ELS.SAE:DSD_POPULATION@DF_POP_HIST(1.0),Historical population data,I,TUR,Türkiye,POP,Population,PS,Persons,_T,Total,_T,Total,H,Historical,1983,,47864000,,A,Normal value,0,Units,0,Zero
DATAFLOW,OECD.ELS.SAE:DSD_POPULATION@DF_POP_HIST(1.0),Historical population data,I,TUR,Türkiye,POP,Population,PS,Persons,_T,Total,_T,Total,H,Historical,1984,,49070000,,A,Normal value,0,Units,0,Zero
DATAFLOW,OECD.ELS.SAE:DSD_POPULATION@DF_POP_HIST(1.0),Historical population data,I,TUR,Türkiye,POP,Population,PS,Persons,_T,Total,_T,Total,H,Historical,1985,,50307000,,A,Normal value,0,Units,0,Zero
DATAFLOW,OECD.ELS.SAE:DSD_POPULATION@DF_POP_HIST(1.0),Historical population data,I,TUR,Türkiye,POP,Population,PS,Persons,_T,Total,_T,Total,H,Historical,1986,,51480000,,A,Normal value,0,Units,0,Zero
DATAFLOW,OECD.ELS.SAE:DSD_POPULATION@DF_POP_HIST(1.0),Historical population data,I,TUR,Türkiye,POP,Population,PS,Persons,_T,Total,_T,Total,H,Historical,1987,,52370000,,A,Normal value,0,Units,0,Zero
DATAFLOW,OECD.ELS.SAE:DSD_POPULATION@DF_POP_HIST(1.0),Historical population data,I,TUR,Türkiye,POP,Population,PS,Persons,_T,Total,_T,Total,H,Historical,1988,,53268000,,A,Normal value,0,Units,0,Zero
DATAFLOW,OECD.ELS.SAE:DSD_POPULATION@DF_POP_HIST(1.0),Historical population data,I,TUR,Türkiye,POP,Population,PS,Persons,_T,Total,_T,Total,H,Historical,1989,,54192000,,A,Normal value,0,Units,0,Zero
DATAFLOW,OECD.ELS.SAE:DSD_POPULATION@DF_POP_HIST(1.0),Historical population data,I,TUR,Türkiye,POP,Population,PS,Persons,_T,Total,_T,Total,H,Historical,1990,,55120000,,A,Normal value,0,Units,0,Zero
DATAFLOW,OECD.ELS.SAE:DSD_POPULATION@DF_POP_HIST(1.0),Historical population data,I,TUR,Türkiye,POP,Population,PS,Persons,_T,Total,_T,Total,H,Historical,1991,,56055000,,A,Normal value,0,Units,0,Zero
DATAFLOW,OECD.ELS.SAE:DSD_POPULATION@DF_POP_HIST(1.0),Historical population data,I,TUR,Türkiye,POP,Population,PS,Persons,_T,Total,_T,Total,H,Historical,1992,,56986000,,A,Normal value,0,Units,0,Zero
DATAFLOW,OECD.ELS.SAE:DSD_POPULATION@DF_POP_HIST(1.0),Historical population data,I,TUR,Türkiye,POP,Population,PS,Persons,_T,Total,_T,Total,H,Historical,1993,,57913000,,A,Normal value,0,Units,0,Zero
DATAFLOW,OECD.ELS.SAE:DSD_POPULATION@DF_POP_HIST(1.0),Historical population data,I,TUR,Türkiye,POP,Population,PS,Persons,_T,Total,_T,Total,H,Historical,1994,,58837000,,A,Normal value,0,Units,0,Zero
DATAFLOW,OECD.ELS.SAE:DSD_POPULATION@DF_POP_HIST(1.0),Historical population data,I,TUR,Türkiye,POP,Population,PS,Persons,_T,Total,_T,Total,H,Historical,1995,,59756000,,A,Normal value,0,Units,0,Zero
DATAFLOW,OECD.ELS.SAE:DSD_POPULATION@DF_POP_HIST(1.0),Historical population data,I,TUR,Türkiye,POP,Population,PS,Persons,_T,Total,_T,Total,H,Historical,1996,,60671000,,A,Normal value,0,Units,0,Zero
DATAFLOW,OECD.ELS.SAE:DSD_POPULATION@DF_POP_HIST(1.0),Historical population data,I,TUR,Türkiye,POP,Population,PS,Persons,_T,Total,_T,Total,H,Historical,1997,,61582000,,A,Normal value,0,Units,0,Zero
DATAFLOW,OECD.ELS.SAE:DSD_POPULATION@DF_POP_HIST(1.0),Historical population data,I,TUR,Türkiye,POP,Population,PS,Persons,_T,Total,_T,Total,H,Historical,1998,,62464000,,A,Normal value,0,Units,0,Zero
DATAFLOW,OECD.ELS.SAE:DSD_POPULATION@DF_POP_HIST(1.0),Historical population data,I,TUR,Türkiye,POP,Population,PS,Persons,_T,Total,_T,Total,H,Historical,1999,,63364000,,A,Normal value,0,Units,0,Zero
DATAFLOW,OECD.ELS.SAE:DSD_POPULATION@DF_POP_HIST(1.0),Historical population data,I,TUR,Türkiye,POP,Population,PS,Persons,_T,Total,_T,Total,H,Historical,2000,,64268751,,A,Normal value,0,Units,0,Zero
DATAFLOW,OECD.ELS.SAE:DSD_POPULATION@DF_POP_HIST(1.0),Historical population data,I,TUR,Türkiye,POP,Population,PS,Persons,_T,Total,_T,Total,H,Historical,2003,,66794551,,A,Normal value,0,Units,0,Zero
DATAFLOW,OECD.ELS.SAE:DSD_POPULATION@DF_POP_HIST(1.0),Historical population data,I,TUR,Türkiye,POP,Population,PS,Persons,_T,Total,_T,Total,H,Historical,2004,,67598736,,A,Normal value,0,Units,0,Zero
DATAFLOW,OECD.ELS.SAE:DSD_POPULATION@DF_POP_HIST(1.0),Historical population data,I,TUR,Türkiye,POP,Population,PS,Persons,_T,Total,_T,Total,H,Historical,2005,,68435380,,A,Normal value,0,Units,0,Zero
DATAFLOW,OECD.ELS.SAE:DSD_POPULATION@DF_POP_HIST(1.0),Historical population data,I,TUR,Türkiye,POP,Population,PS,Persons,_T,Total,_T,Total,H,Historical,2006,,69295253,,A,Normal value,0,Units,0,Zero
DATAFLOW,OECD.ELS.SAE:DSD_POPULATION@DF_POP_HIST(1.0),Historical population data,I,TUR,Türkiye,POP,Population,PS,Persons,_T,Total,_T,Total,H,Historical,2008,,71051689,,A,Normal value,0,Units,0,Zero
DATAFLOW,OECD.ELS.SAE:DSD_POPULATION@DF_POP_HIST(1.0),Historical population data,I,TUR,Türkiye,POP,Population,PS,Persons,_T,Total,_T,Total,H,Historical,2009,,72039215,,A,Normal value,0,Units,0,Zero
DATAFLOW,OECD.ELS.SAE:DSD_POPULATION@DF_POP_HIST(1.0),Historical population data,I,TUR,Türkiye,POP,Population,PS,Persons,_T,Total,_T,Total,H,Historical,2010,,73142162,,A,Normal value,0,Units,0,Zero
DATAFLOW,OECD.ELS.SAE:DSD_POPULATION@DF_POP_HIST(1.0),Historical population data,I,TUR,Türkiye,POP,Population,PS,Persons,_T,Total,_T,Total,H,Historical,2011,,74223642,,A,Normal value,0,Units,0,Zero
DATAFLOW,OECD.ELS.SAE:DSD_POPULATION@DF_POP_HIST(1.0),Historical population data,I,TUR,Türkiye,POP,Population,PS,Persons,_T,Total,_T,Total,H,Historical,2012,,75175836,,A,Normal value,0,Units,0,Zero
DATAFLOW,OECD.ELS.SAE:DSD_POPULATION@DF_POP_HIST(1.0),Historical population data,I,TUR,Türkiye,POP,Population,PS,Persons,_T,Total,_T,Total,H,Historical,2013,,76147634,,A,Normal value,0,Units,0,Zero
DATAFLOW,OECD.ELS.SAE:DSD_POPULATION@DF_POP_HIST(1.0),Historical population data,I,TUR,Türkiye,POP,Population,PS,Persons,_T,Total,_T,Total,H,Historical,2014,,77181894,,A,Normal value,0,Units,0,Zero
DATAFLOW,OECD.ELS.SAE:DSD_POPULATION@DF_POP_HIST(1.0),Historical population data,I,TUR,Türkiye,POP,Population,PS,Persons,_T,Total,_T,Total,H,Historical,2015,,78218488,,A,Normal value,0,Units,0,Zero
DATAFLOW,OECD.ELS.SAE:DSD_POPULATION@DF_POP_HIST(1.0),Historical population data,I,TUR,Türkiye,POP,Population,PS,Persons,_T,Total,_T,Total,H,Historical,2016,,79277971,,A,Normal value,0,Units,0,Zero
DATAFLOW,OECD.ELS.SAE:DSD_POPULATION@DF_POP_HIST(1.0),Historical population data,I,TUR,Türkiye,POP,Population,PS,Persons,_T,Total,_T,Total,H,Historical,2017,,80312708,,A,Normal value,0,Units,0,Zero
DATAFLOW,OECD.ELS.SAE:DSD_POPULATION@DF_POP_HIST(1.0),Historical population data,I,TUR,Türkiye,POP,Population,PS,Persons,_T,Total,_T,Total,H,Historical,2018,,81407211,,A,Normal value,0,Units,0,Zero
DATAFLOW,OECD.ELS.SAE:DSD_POPULATION@DF_POP_HIST(1.0),Historical population data,I,TUR,Türkiye,POP,Population,PS,Persons,_T,Total,_T,Total,H,Historical,2019,,82579448,,A,Normal value,0,Units,0,Zero
DATAFLOW,OECD.ELS.SAE:DSD_POPULATION@DF_POP_HIST(1.0),Historical population data,I,TUR,Türkiye,POP,Population,PS,Persons,_T,Total,_T,Total,H,Historical,2020,,83384688,,A,Normal value,0,Units,0,Zero
DATAFLOW,OECD.ELS.SAE:DSD_POPULATION@DF_POP_HIST(1.0),Historical population data,I,TUR,Türkiye,POP,Population,PS,Persons,_T,Total,_T,Total,H,Historical,2021,,84147326,,A,Normal value,0,Units,0,Zero
DATAFLOW,OECD.ELS.SAE:DSD_POPULATION@DF_POP_HIST(1.0),Historical population data,I,TUR,Türkiye,POP,Population,PS,Persons,_T,Total,_T,Total,H,Historical,2022,,84979919,,A,Normal value,0,Units,0,Zero
DATAFLOW,OECD.ELS.SAE:DSD_POPULATION@DF_POP_HIST(1.0),Historical population data,I,USA,United States,POP,Population,PS,Persons,_T,Total,_T,Total,H,Historical,1969,,202676946,,A,Normal value,0,Units,0,Zero
DATAFLOW,OECD.ELS.SAE:DSD_POPULATION@DF_POP_HIST(1.0),Historical population data,I,USA,United States,POP,Population,PS,Persons,_T,Total,_T,Total,H,Historical,1970,,205052174,,A,Normal value,0,Units,0,Zero
DATAFLOW,OECD.ELS.SAE:DSD_POPULATION@DF_POP_HIST(1.0),Historical population data,I,USA,United States,POP,Population,PS,Persons,_T,Total,_T,Total,H,Historical,1971,,207660677,,A,Normal value,0,Units,0,Zero
DATAFLOW,OECD.ELS.SAE:DSD_POPULATION@DF_POP_HIST(1.0),Historical population data,I,USA,United States,POP,Population,PS,Persons,_T,Total,_T,Total,H,Historical,1972,,209896021,,A,Normal value,0,Units,0,Zero
DATAFLOW,OECD.ELS.SAE:DSD_POPULATION@DF_POP_HIST(1.0),Historical population data,I,USA,United States,POP,Population,PS,Persons,_T,Total,_T,Total,H,Historical,1973,,211908788,,A,Normal value,0,Units,0,Zero
DATAFLOW,OECD.ELS.SAE:DSD_POPULATION@DF_POP_HIST(1.0),Historical population data,I,USA,United States,POP,Population,PS,Persons,_T,Total,_T,Total,H,Historical,1974,,213853928,,A,Normal value,0,Units,0,Zero
DATAFLOW,OECD.ELS.SAE:DSD_POPULATION@DF_POP_HIST(1.0),Historical population data,I,USA,United States,POP,Population,PS,Persons,_T,Total,_T,Total,H,Historical,1975,,215973199,,A,Normal value,0,Units,0,Zero
DATAFLOW,OECD.ELS.SAE:DSD_POPULATION@DF_POP_HIST(1.0),Historical population data,I,USA,United States,POP,Population,PS,Persons,_T,Total,_T,Total,H,Historical,1976,,218035164,,A,Normal value,0,Units,0,Zero
DATAFLOW,OECD.ELS.SAE:DSD_POPULATION@DF_POP_HIST(1.0),Historical population data,I,USA,United States,POP,Population,PS,Persons,_T,Total,_T,Total,H,Historical,1977,,220239425,,A,Normal value,0,Units,0,Zero
DATAFLOW,OECD.ELS.SAE:DSD_POPULATION@DF_POP_HIST(1.0),Historical population data,I,USA,United States,POP,Population,PS,Persons,_T,Total,_T,Total,H,Historical,1978,,222584545,,A,Normal value,0,Units,0,Zero
DATAFLOW,OECD.ELS.SAE:DSD_POPULATION@DF_POP_HIST(1.0),Historical population data,I,USA,United States,POP,Population,PS,Persons,_T,Total,_T,Total,H,Historical,1979,,225055487,,A,Normal value,0,Units,0,Zero
DATAFLOW,OECD.ELS.SAE:DSD_POPULATION@DF_POP_HIST(1.0),Historical population data,I,USA,United States,POP,Population,PS,Persons,_T,Total,_T,Total,H,Historical,1980,,227224681,,A,Normal value,0,Units,0,Zero
DATAFLOW,OECD.ELS.SAE:DSD_POPULATION@DF_POP_HIST(1.0),Historical population data,I,USA,United States,POP,Population,PS,Persons,_T,Total,_T,Total,H,Historical,1981,,229465714,,A,Normal value,0,Units,0,Zero
DATAFLOW,OECD.ELS.SAE:DSD_POPULATION@DF_POP_HIST(1.0),Historical population data,I,USA,United States,POP,Population,PS,Persons,_T,Total,_T,Total,H,Historical,1982,,231664458,,A,Normal value,0,Units,0,Zero
DATAFLOW,OECD.ELS.SAE:DSD_POPULATION@DF_POP_HIST(1.0),Historical population data,I,USA,United States,POP,Population,PS,Persons,_T,Total,_T,Total,H,Historical,1983,,233791994,,A,Normal value,0,Units,0,Zero
DATAFLOW,OECD.ELS.SAE:DSD_POPULATION@DF_POP_HIST(1.0),Historical population data,I,USA,United States,POP,Population,PS,Persons,_T,Total,_T,Total,H,Historical,1984,,235824902,,A,Normal value,0,Units,0,Zero
DATAFLOW,OECD.ELS.SAE:DSD_POPULATION@DF_POP_HIST(1.0),Historical population data,I,USA,United States,POP,Population,PS,Persons,_T,Total,_T,Total,H,Historical,1985,,237923795,,A,Normal value,0,Units,0,Zero
DATAFLOW,OECD.ELS.SAE:DSD_POPULATION@DF_POP_HIST(1.0),Historical population data,I,USA,United States,POP,Population,PS,Persons,_T,Total,_T,Total,H,Historical,1986,,240132887,,A,Normal value,0,Units,0,Zero
DATAFLOW,OECD.ELS.SAE:DSD_POPULATION@DF_POP_HIST(1.0),Historical population data,I,USA,United States,POP,Population,PS,Persons,_T,Total,_T,Total,H,Historical,1987,,242288918,,A,Normal value,0,Units,0,Zero
DATAFLOW,OECD.ELS.SAE:DSD_POPULATION@DF_POP_HIST(1.0),Historical population data,I,USA,United States,POP,Population,PS,Persons,_T,Total,_T,Total,H,Historical,1988,,244498982,,A,Normal value,0,Units,0,Zero
DATAFLOW,OECD.ELS.SAE:DSD_POPULATION@DF_POP_HIST(1.0),Historical population data,I,USA,United States,POP,Population,PS,Persons,_T,Total,_T,Total,H,Historical,1989,,246819230,,A,Normal value,0,Units,0,Zero
DATAFLOW,OECD.ELS.SAE:DSD_POPULATION@DF_POP_HIST(1.0),Historical population data,I,USA,United States,POP,Population,PS,Persons,_T,Total,_T,Total,H,Historical,1990,,249622814,,A,Normal value,0,Units,0,Zero
DATAFLOW,OECD.ELS.SAE:DSD_POPULATION@DF_POP_HIST(1.0),Historical population data,I,USA,United States,POP,Population,PS,Persons,_T,Total,_T,Total,H,Historical,1991,,252980941,,A,Normal value,0,Units,0,Zero
DATAFLOW,OECD.ELS.SAE:DSD_POPULATION@DF_POP_HIST(1.0),Historical population data,I,USA,United States,POP,Population,PS,Persons,_T,Total,_T,Total,H,Historical,1992,,256514224,,A,Normal value,0,Units,0,Zero
DATAFLOW,OECD.ELS.SAE:DSD_POPULATION@DF_POP_HIST(1.0),Historical population data,I,USA,United States,POP,Population,PS,Persons,_T,Total,_T,Total,H,Historical,1993,,259918588,,A,Normal value,0,Units,0,Zero
DATAFLOW,OECD.ELS.SAE:DSD_POPULATION@DF_POP_HIST(1.0),Historical population data,I,USA,United States,POP,Population,PS,Persons,_T,Total,_T,Total,H,Historical,1994,,263125821,,A,Normal value,0,Units,0,Zero
DATAFLOW,OECD.ELS.SAE:DSD_POPULATION@DF_POP_HIST(1.0),Historical population data,I,USA,United States,POP,Population,PS,Persons,_T,Total,_T,Total,H,Historical,1995,,266278393,,A,Normal value,0,Units,0,Zero
DATAFLOW,OECD.ELS.SAE:DSD_POPULATION@DF_POP_HIST(1.0),Historical population data,I,USA,United States,POP,Population,PS,Persons,_T,Total,_T,Total,H,Historical,1996,,269394284,,A,Normal value,0,Units,0,Zero
DATAFLOW,OECD.ELS.SAE:DSD_POPULATION@DF_POP_HIST(1.0),Historical population data,I,USA,United States,POP,Population,PS,Persons,_T,Total,_T,Total,H,Historical,1997,,272646925,,A,Normal value,0,Units,0,Zero
DATAFLOW,OECD.ELS.SAE:DSD_POPULATION@DF_POP_HIST(1.0),Historical population data,I,USA,United States,POP,Population,PS,Persons,_T,Total,_T,Total,H,Historical,1998,,275854104,,A,Normal value,0,Units,0,Zero
DATAFLOW,OECD.ELS.SAE:DSD_POPULATION@DF_POP_HIST(1.0),Historical population data,I,USA,United States,POP,Population,PS,Persons,_T,Total,_T,Total,H,Historical,1999,,279040168,,A,Normal value,0,Units,0,Zero
DATAFLOW,OECD.ELS.SAE:DSD_POPULATION@DF_POP_HIST(1.0),Historical population data,I,USA,United States,POP,Population,PS,Persons,_T,Total,_T,Total,H,Historical,2000,,282162411,,A,Normal value,0,Units,0,Zero
DATAFLOW,OECD.ELS.SAE:DSD_POPULATION@DF_POP_HIST(1.0),Historical population data,I,USA,United States,POP,Population,PS,Persons,_T,Total,_T,Total,H,Historical,2001,,284968955,,A,Normal value,0,Units,0,Zero
DATAFLOW,OECD.ELS.SAE:DSD_POPULATION@DF_POP_HIST(1.0),Historical population data,I,USA,United States,POP,Population,PS,Persons,_T,Total,_T,Total,H,Historical,2002,,287625193,,A,Normal value,0,Units,0,Zero
DATAFLOW,OECD.ELS.SAE:DSD_POPULATION@DF_POP_HIST(1.0),Historical population data,I,USA,United States,POP,Population,PS,Persons,_T,Total,_T,Total,H,Historical,2003,,290107933,,A,Normal value,0,Units,0,Zero
DATAFLOW,OECD.ELS.SAE:DSD_POPULATION@DF_POP_HIST(1.0),Historical population data,I,USA,United States,POP,Population,PS,Persons,_T,Total,_T,Total,H,Historical,2004,,292805298,,A,Normal value,0,Units,0,Zero
DATAFLOW,OECD.ELS.SAE:DSD_POPULATION@DF_POP_HIST(1.0),Historical population data,I,USA,United States,POP,Population,PS,Persons,_T,Total,_T,Total,H,Historical,2005,,295516599,,A,Normal value,0,Units,0,Zero
DATAFLOW,OECD.ELS.SAE:DSD_POPULATION@DF_POP_HIST(1.0),Historical population data,I,USA,United States,POP,Population,PS,Persons,_T,Total,_T,Total,H,Historical,2006,,298379912,,A,Normal value,0,Units,0,Zero
DATAFLOW,OECD.ELS.SAE:DSD_POPULATION@DF_POP_HIST(1.0),Historical population data,I,USA,United States,POP,Population,PS,Persons,_T,Total,_T,Total,H,Historical,2007,,301231207,,A,Normal value,0,Units,0,Zero
DATAFLOW,OECD.ELS.SAE:DSD_POPULATION@DF_POP_HIST(1.0),Historical population data,I,USA,United States,POP,Population,PS,Persons,_T,Total,_T,Total,H,Historical,2008,,304093966,,A,Normal value,0,Units,0,Zero
DATAFLOW,OECD.ELS.SAE:DSD_POPULATION@DF_POP_HIST(1.0),Historical population data,I,USA,United States,POP,Population,PS,Persons,_T,Total,_T,Total,H,Historical,2009,,306771529,,A,Normal value,0,Units,0,Zero
DATAFLOW,OECD.ELS.SAE:DSD_POPULATION@DF_POP_HIST(1.0),Historical population data,I,USA,United States,POP,Population,PS,Persons,_T,Total,_T,Total,H,Historical,2010,,309327143,,A,Normal value,0,Units,0,Zero
DATAFLOW,OECD.ELS.SAE:DSD_POPULATION@DF_POP_HIST(1.0),Historical population data,I,USA,United States,POP,Population,PS,Persons,_T,Total,_T,Total,H,Historical,2011,,311583481,,A,Normal value,0,Units,0,Zero
DATAFLOW,OECD.ELS.SAE:DSD_POPULATION@DF_POP_HIST(1.0),Historical population data,I,USA,United States,POP,Population,PS,Persons,_T,Total,_T,Total,H,Historical,2012,,313877662,,A,Normal value,0,Units,0,Zero
DATAFLOW,OECD.ELS.SAE:DSD_POPULATION@DF_POP_HIST(1.0),Historical population data,I,USA,United States,POP,Population,PS,Persons,_T,Total,_T,Total,H,Historical,2013,,316059947,,A,Normal value,0,Units,0,Zero
DATAFLOW,OECD.ELS.SAE:DSD_POPULATION@DF_POP_HIST(1.0),Historical population data,I,USA,United States,POP,Population,PS,Persons,_T,Total,_T,Total,H,Historical,2014,,318386329,,A,Normal value,0,Units,0,Zero
DATAFLOW,OECD.ELS.SAE:DSD_POPULATION@DF_POP_HIST(1.0),Historical population data,I,USA,United States,POP,Population,PS,Persons,_T,Total,_T,Total,H,Historical,2015,,320738994,,A,Normal value,0,Units,0,Zero
DATAFLOW,OECD.ELS.SAE:DSD_POPULATION@DF_POP_HIST(1.0),Historical population data,I,USA,United States,POP,Population,PS,Persons,_T,Total,_T,Total,H,Historical,2016,,323071755,,A,Normal value,0,Units,0,Zero
DATAFLOW,OECD.ELS.SAE:DSD_POPULATION@DF_POP_HIST(1.0),Historical population data,I,USA,United States,POP,Population,PS,Persons,_T,Total,_T,Total,H,Historical,2017,,325122128,,A,Normal value,0,Units,0,Zero
DATAFLOW,OECD.ELS.SAE:DSD_POPULATION@DF_POP_HIST(1.0),Historical population data,I,USA,United States,POP,Population,PS,Persons,_T,Total,_T,Total,H,Historical,2018,,326838199,,A,Normal value,0,Units,0,Zero
DATAFLOW,OECD.ELS.SAE:DSD_POPULATION@DF_POP_HIST(1.0),Historical population data,I,USA,United States,POP,Population,PS,Persons,_T,Total,_T,Total,H,Historical,2019,,328329953,,A,Normal value,0,Units,0,Zero
DATAFLOW,OECD.ELS.SAE:DSD_POPULATION@DF_POP_HIST(1.0),Historical population data,I,DEU,Germany,POP,Population,PS,Persons,_T,Total,_T,Total,H,Historical,1969,,77909681,,A,Normal value,0,Units,0,Zero
DATAFLOW,OECD.ELS.SAE:DSD_POPULATION@DF_POP_HIST(1.0),Historical population data,I,DEU,Germany,POP,Population,PS,Persons,_T,Total,_T,Total,H,Historical,1970,,78169285,,A,Normal value,0,Units,0,Zero
DATAFLOW,OECD.ELS.SAE:DSD_POPULATION@DF_POP_HIST(1.0),Historical population data,I,DEU,Germany,POP,Population,PS,Persons,_T,Total,_T,Total,H,Historical,1971,,78312838,,A,Normal value,0,Units,0,Zero
DATAFLOW,OECD.ELS.SAE:DSD_POPULATION@DF_POP_HIST(1.0),Historical population data,I,DEU,Germany,POP,Population,PS,Persons,_T,Total,_T,Total,H,Historical,1972,,78688450,,A,Normal value,0,Units,0,Zero
DATAFLOW,OECD.ELS.SAE:DSD_POPULATION@DF_POP_HIST(1.0),Historical population data,I,DEU,Germany,POP,Population,PS,Persons,_T,Total,_T,Total,H,Historical,1973,,78936672,,A,Normal value,0,Units,0,Zero
DATAFLOW,OECD.ELS.SAE:DSD_POPULATION@DF_POP_HIST(1.0),Historical population data,I,DEU,Germany,POP,Population,PS,Persons,_T,Total,_T,Total,H,Historical,1974,,78967429,,A,Normal value,0,Units,0,Zero
DATAFLOW,OECD.ELS.SAE:DSD_POPULATION@DF_POP_HIST(1.0),Historical population data,I,DEU,Germany,POP,Population,PS,Persons,_T,Total,_T,Total,H,Historical,1975,,78673555,,A,Normal value,0,Units,0,Zero
DATAFLOW,OECD.ELS.SAE:DSD_POPULATION@DF_POP_HIST(1.0),Historical population data,I,DEU,Germany,POP,Population,PS,Persons,_T,Total,_T,Total,H,Historical,1976,,78336948,,A,Normal value,0,Units,0,Zero
DATAFLOW,OECD.ELS.SAE:DSD_POPULATION@DF_POP_HIST(1.0),Historical population data,I,DEU,Germany,POP,Population,PS,Persons,_T,Total,_T,Total,H,Historical,1977,,78159813,,A,Normal value,0,Units,0,Zero
DATAFLOW,OECD.ELS.SAE:DSD_POPULATION@DF_POP_HIST(1.0),Historical population data,I,DEU,Germany,POP,Population,PS,Persons,_T,Total,_T,Total,H,Historical,1978,,78091821,,A,Normal value,0,Units,0,Zero
DATAFLOW,OECD.ELS.SAE:DSD_POPULATION@DF_POP_HIST(1.0),Historical population data,I,DEU,Germany,POP,Population,PS,Persons,_T,Total,_T,Total,H,Historical,1979,,78126353,,A,Normal value,0,Units,0,Zero
DATAFLOW,OECD.ELS.SAE:DSD_POPULATION@DF_POP_HIST(1.0),Historical population data,I,DEU,Germany,POP,Population,PS,Persons,_T,Total,_T,Total,H,Historical,1980,,78288576,,A,Normal value,0,Units,0,Zero
DATAFLOW,OECD.ELS.SAE:DSD_POPULATION@DF_POP_HIST(1.0),Historical population data,I,DEU,Germany,POP,Population,PS,Persons,_T,Total,_T,Total,H,Historical,1981,,78407904,,A,Normal value,0,Units,0,Zero
DATAFLOW,OECD.ELS.SAE:DSD_POPULATION@DF_POP_HIST(1.0),Historical population data,I,DEU,Germany,POP,Population,PS,Persons,_T,Total,_T,Total,H,Historical,1982,,78333354,,A,Normal value,0,Units,0,Zero
DATAFLOW,OECD.ELS.SAE:DSD_POPULATION@DF_POP_HIST(1.0),Historical population data,I,DEU,Germany,POP,Population,PS,Persons,_T,Total,_T,Total,H,Historical,1983,,78128284,,A,Normal value,0,Units,0,Zero
DATAFLOW,OECD.ELS.SAE:DSD_POPULATION@DF_POP_HIST(1.0),Historical population data,I,DEU,Germany,POP,Population,PS,Persons,_T,Total,_T,Total,H,Historical,1984,,77858682,,A,Normal value,0,Units,0,Zero
DATAFLOW,OECD.ELS.SAE:DSD_POPULATION@DF_POP_HIST(1.0),Historical population data,I,DEU,Germany,POP,Population,PS,Persons,_T,Total,_T,Total,H,Historical,1985,,77684878,,A,Normal value,0,Units,0,Zero
DATAFLOW,OECD.ELS.SAE:DSD_POPULATION@DF_POP_HIST(1.0),Historical population data,I,DEU,Germany,POP,Population,PS,Persons,_T,Total,_T,Total,H,Historical,1986,,77720438,,A,Normal value,0,Units,0,Zero
DATAFLOW,OECD.ELS.SAE:DSD_POPULATION@DF_POP_HIST(1.0),Historical population data,I,DEU,Germany,POP,Population,PS,Persons,_T,Total,_T,Total,H,Historical,1987,,77839920,,A,Normal value,0,Units,0,Zero
DATAFLOW,OECD.ELS.SAE:DSD_POPULATION@DF_POP_HIST(1.0),Historical population data,I,DEU,Germany,POP,Population,PS,Persons,_T,Total,_T,Total,H,Historical,1988,,78144617,,A,Normal value,0,Units,0,Zero
DATAFLOW,OECD.ELS.SAE:DSD_POPULATION@DF_POP_HIST(1.0),Historical population data,I,DEU,Germany,POP,Population,PS,Persons,_T,Total,_T,Total,H,Historical,1989,,78751284,,A,Normal value,0,Units,0,Zero
DATAFLOW,OECD.ELS.SAE:DSD_POPULATION@DF_POP_HIST(1.0),Historical population data,I,DEU,Germany,POP,Population,PS,Persons,_T,Total,_T,Total,H,Historical,1990,,79433034,,A,Normal value,0,Units,0,Zero
DATAFLOW,OECD.ELS.SAE:DSD_POPULATION@DF_POP_HIST(1.0),Historical population data,I,DEU,Germany,POP,Population,PS,Persons,_T,Total,_T,Total,H,Historical,1991,,80013901,,A,Normal value,0,Units,0,Zero
DATAFLOW,OECD.ELS.SAE:DSD_POPULATION@DF_POP_HIST(1.0),Historical population data,I,DEU,Germany,POP,Population,PS,Persons,_T,Total,_T,Total,H,Historical,1992,,80624601,,A,Normal value,0,Units,0,Zero
DATAFLOW,OECD.ELS.SAE:DSD_POPULATION@DF_POP_HIST(1.0),Historical population data,I,DEU,Germany,POP,Population,PS,Persons,_T,Total,_T,Total,H,Historical,1993,,81156368,,A,Normal value,0,Units,0,Zero
DATAFLOW,OECD.ELS.SAE:DSD_POPULATION@DF_POP_HIST(1.0),Historical population data,I,DEU,Germany,POP,Population,PS,Persons,_T,Total,_T,Total,H,Historical,1994,,81438346,,A,Normal value,0,Units,0,Zero
DATAFLOW,OECD.ELS.SAE:DSD_POPULATION@DF_POP_HIST(1.0),Historical population data,I,DEU,Germany,POP,Population,PS,Persons,_T,Total,_T,Total,H,Historical,1995,,81678046,,A,Normal value,0,Units,0,Zero
DATAFLOW,OECD.ELS.SAE:DSD_POPULATION@DF_POP_HIST(1.0),Historical population data,I,DEU,Germany,POP,Population,PS,Persons,_T,Total,_T,Total,H,Historical,1996,,81914834,,A,Normal value,0,Units,0,Zero
DATAFLOW,OECD.ELS.SAE:DSD_POPULATION@DF_POP_HIST(1.0),Historical population data,I,DEU,Germany,POP,Population,PS,Persons,_T,Total,_T,Total,H,Historical,1997,,82034775,,A,Normal value,0,Units,0,Zero
DATAFLOW,OECD.ELS.SAE:DSD_POPULATION@DF_POP_HIST(1.0),Historical population data,I,DEU,Germany,POP,Population,PS,Persons,_T,Total,_T,Total,H,Historical,1998,,82047197,,A,Normal value,0,Units,0,Zero
DATAFLOW,OECD.ELS.SAE:DSD_POPULATION@DF_POP_HIST(1.0),Historical population data,I,DEU,Germany,POP,Population,PS,Persons,_T,Total,_T,Total,H,Historical,1999,,82100243,,A,Normal value,0,Units,0,Zero
DATAFLOW,OECD.ELS.SAE:DSD_POPULATION@DF_POP_HIST(1.0),Historical population data,I,DEU,Germany,POP,Population,PS,Persons,_T,Total,_T,Total,H,Historical,2000,,82211501,,A,Normal value,0,Units,0,Zero
DATAFLOW,OECD.ELS.SAE:DSD_POPULATION@DF_POP_HIST(1.0),Historical population data,I,DEU,Germany,POP,Population,PS,Persons,_T,Total,_T,Total,H,Historical,2001,,82349926,,A,Normal value,0,Units,0,Zero
DATAFLOW,OECD.ELS.SAE:DSD_POPULATION@DF_POP_HIST(1.0),Historical population data,I,DEU,Germany,POP,Population,PS,Persons,_T,Total,_T,Total,H,Historical,2002,,82488493,,A,Normal value,0,Units,0,Zero
DATAFLOW,OECD.ELS.SAE:DSD_POPULATION@DF_POP_HIST(1.0),Historical population data,I,DEU,Germany,POP,Population,PS,Persons,_T,Total,_T,Total,H,Historical,2003,,82534175,,A,Normal value,0,Units,0,Zero
DATAFLOW,OECD.ELS.SAE:DSD_POPULATION@DF_POP_HIST(1.0),Historical population data,I,DEU,Germany,POP,Population,PS,Persons,_T,Total,_T,Total,H,Historical,2004,,82516268,,A,Normal value,0,Units,0,Zero
DATAFLOW,OECD.ELS.SAE:DSD_POPULATION@DF_POP_HIST(1.0),Historical population data,I,DEU,Germany,POP,Population,PS,Persons,_T,Total,_T,Total,H,Historical,2005,,82469421,,A,Normal value,0,Units,0,Zero
DATAFLOW,OECD.ELS.SAE:DSD_POPULATION@DF_POP_HIST(1.0),Historical population data,I,DEU,Germany,POP,Population,PS,Persons,_T,Total,_T,Total,H,Historical,2006,,82376447,,A,Normal value,0,Units,0,Zero
DATAFLOW,OECD.ELS.SAE:DSD_POPULATION@DF_POP_HIST(1.0),Historical population data,I,DEU,Germany,POP,Population,PS,Persons,_T,Total,_T,Total,H,Historical,2007,,82266373,,A,Normal value,0,Units,0,Zero
DATAFLOW,OECD.ELS.SAE:DSD_POPULATION@DF_POP_HIST(1.0),Historical population data,I,DEU,Germany,POP,Population,PS,Persons,_T,Total,_T,Total,H,Historical,2008,,82110097,,A,Normal value,0,Units,0,Zero
DATAFLOW,OECD.ELS.SAE:DSD_POPULATION@DF_POP_HIST(1.0),Historical population data,I,DEU,Germany,POP,Population,PS,Persons,_T,Total,_T,Total,H,Historical,2009,,81902308,,A,Normal value,0,Units,0,Zero
DATAFLOW,OECD.ELS.SAE:DSD_POPULATION@DF_POP_HIST(1.0),Historical population data,I,DEU,Germany,POP,Population,PS,Persons,_T,Total,_T,Total,H,Historical,2010,,81776936,,A,Normal value,0,Units,0,Zero
DATAFLOW,OECD.ELS.SAE:DSD_POPULATION@DF_POP_HIST(1.0),Historical population data,I,DEU,Germany,POP,Population,PS,Persons,_T,Total,_T,Total,H,Historical,2011,,80274981,,A,Normal value,0,Units,0,Zero
DATAFLOW,OECD.ELS.SAE:DSD_POPULATION@DF_POP_HIST(1.0),Historical population data,I,DEU,Germany,POP,Population,PS,Persons,_T,Total,_T,Total,H,Historical,2012,,80425826,,A,Normal value,0,Units,0,Zero
DATAFLOW,OECD.ELS.SAE:DSD_POPULATION@DF_POP_HIST(1.0),Historical population data,I,DEU,Germany,POP,Population,PS,Persons,_T,Total,_T,Total,H,Historical,2013,,80645605,,A,Normal value,0,Units,0,Zero
DATAFLOW,OECD.ELS.SAE:DSD_POPULATION@DF_POP_HIST(1.0),Historical population data,I,DEU,Germany,POP,Population,PS,Persons,_T,Total,_T,Total,H,Historical,2014,,80982495,,A,Normal value,0,Units,0,Zero
DATAFLOW,OECD.ELS.SAE:DSD_POPULATION@DF_POP_HIST(1.0),Historical population data,I,DEU,Germany,POP,Population,PS,Persons,_T,Total,_T,Total,H,Historical,2015,,81686608,,A,Normal value,0,Units,0,Zero
DATAFLOW,OECD.ELS.SAE:DSD_POPULATION@DF_POP_HIST(1.0),Historical population data,I,DEU,Germany,POP,Population,PS,Persons,_T,Total,_T,Total,H,Historical,2016,,82348669,,A,Normal value,0,Units,0,Zero
DATAFLOW,OECD.ELS.SAE:DSD_POPULATION@DF_POP_HIST(1.0),Historical population data,I,DEU,Germany,POP,Population,PS,Persons,_T,Total,_T,Total,H,Historical,2017,,82657000,,A,Normal value,0,Units,0,Zero
DATAFLOW,OECD.ELS.SAE:DSD_POPULATION@DF_POP_HIST(1.0),Historical population data,I,DEU,Germany,POP,Population,PS,Persons,_T,Total,_T,Total,H,Historical,2018,,82905788,,A,Normal value,0,Units,0,Zero
DATAFLOW,OECD.ELS.SAE:DSD_POPULATION@DF_POP_HIST(1.0),Historical population data,I,DEU,Germany,POP,Population,PS,Persons,_T,Total,_T,Total,H,Historical,2019,,83092956,,A,Normal value,0,Units,0,Zero
DATAFLOW,OECD.ELS.SAE:DSD_POPULATION@DF_POP_HIST(1.0),Historical population data,I,NZL,New Zealand,POP,Population,PS,Persons,_T,Total,_T,Total,H,Historical,1969,,2788435,,A,Normal value,0,Units,0,Zero
DATAFLOW,OECD.ELS.SAE:DSD_POPULATION@DF_POP_HIST(1.0),Historical population data,I,NZL,New Zealand,POP,Population,PS,Persons,_T,Total,_T,Total,H,Historical,1970,,2828020,,A,Normal value,0,Units,0,Zero
DATAFLOW,OECD.ELS.SAE:DSD_POPULATION@DF_POP_HIST(1.0),Historical population data,I,NZL,New Zealand,POP,Population,PS,Persons,_T,Total,_T,Total,H,Historical,1971,,2875305,,A,Normal value,0,Units,0,Zero
DATAFLOW,OECD.ELS.SAE:DSD_POPULATION@DF_POP_HIST(1.0),Historical population data,I,NZL,New Zealand,POP,Population,PS,Persons,_T,Total,_T,Total,H,Historical,1972,,2929135,,A,Normal value,0,Units,0,Zero
DATAFLOW,OECD.ELS.SAE:DSD_POPULATION@DF_POP_HIST(1.0),Historical population data,I,NZL,New Zealand,POP,Population,PS,Persons,_T,Total,_T,Total,H,Historical,1973,,2992335,,A,Normal value,0,Units,0,Zero
DATAFLOW,OECD.ELS.SAE:DSD_POPULATION@DF_POP_HIST(1.0),Historical population data,I,NZL,New Zealand,POP,Population,PS,Persons,_T,Total,_T,Total,H,Historical,1974,,3058435,,A,Normal value,0,Units,0,Zero
DATAFLOW,OECD.ELS.SAE:DSD_POPULATION@DF_POP_HIST(1.0),Historical population data,I,NZL,New Zealand,POP,Population,PS,Persons,_T,Total,_T,Total,H,Historical,1975,,3117765,,A,Normal value,0,Units,0,Zero
DATAFLOW,OECD.ELS.SAE:DSD_POPULATION@DF_POP_HIST(1.0),Historical population data,I,NZL,New Zealand,POP,Population,PS,Persons,_T,Total,_T,Total,H,Historical,1976,,3153535,,A,Normal value,0,Units,0,Zero
DATAFLOW,OECD.ELS.SAE:DSD_POPULATION@DF_POP_HIST(1.0),Historical population data,I,NZL,New Zealand,POP,Population,PS,Persons,_T,Total,_T,Total,H,Historical,1977,,3164830,,A,Normal value,0,Units,0,Zero
DATAFLOW,OECD.ELS.SAE:DSD_POPULATION@DF_POP_HIST(1.0),Historical population data,I,NZL,New Zealand,POP,Population,PS,Persons,_T,Total,_T,Total,H,Historical,1978,,3165705,,A,Normal value,0,Units,0,Zero
DATAFLOW,OECD.ELS.SAE:DSD_POPULATION@DF_POP_HIST(1.0),Historical population data,I,NZL,New Zealand,POP,Population,PS,Persons,_T,Total,_T,Total,H,Historical,1979,,3164620,,A,Normal value,0,Units,0,Zero
DATAFLOW,OECD.ELS.SAE:DSD_POPULATION@DF_POP_HIST(1.0),Historical population data,I,NZL,New Zealand,POP,Population,PS,Persons,_T,Total,_T,Total,H,Historical,1980,,3170245,,A,Normal value,0,Units,0,Zero
DATAFLOW,OECD.ELS.SAE:DSD_POPULATION@DF_POP_HIST(1.0),Historical population data,I,NZL,New Zealand,POP,Population,PS,Persons,_T,Total,_T,Total,H,Historical,1981,,3185460,,A,Normal value,0,Units,0,Zero
DATAFLOW,OECD.ELS.SAE:DSD_POPULATION@DF_POP_HIST(1.0),Historical population data,I,NZL,New Zealand,POP,Population,PS,Persons,_T,Total,_T,Total,H,Historical,1982,,3210645,,A,Normal value,0,Units,0,Zero
DATAFLOW,OECD.ELS.SAE:DSD_POPULATION@DF_POP_HIST(1.0),Historical population data,I,NZL,New Zealand,POP,Population,PS,Persons,_T,Total,_T,Total,H,Historical,1983,,3245770,,A,Normal value,0,Units,0,Zero
DATAFLOW,OECD.ELS.SAE:DSD_POPULATION@DF_POP_HIST(1.0),Historical population data,I,NZL,New Zealand,POP,Population,PS,Persons,_T,Total,_T,Total,H,Historical,1984,,3278850,,A,Normal value,0,Units,0,Zero
DATAFLOW,OECD.ELS.SAE:DSD_POPULATION@DF_POP_HIST(1.0),Historical population data,I,NZL,New Zealand,POP,Population,PS,Persons,_T,Total,_T,Total,H,Historical,1985,,3298050,,A,Normal value,0,Units,0,Zero
DATAFLOW,OECD.ELS.SAE:DSD_POPULATION@DF_POP_HIST(1.0),Historical population data,I,NZL,New Zealand,POP,Population,PS,Persons,_T,Total,_T,Total,H,Historical,1986,,3308310,,A,Normal value,0,Units,0,Zero
DATAFLOW,OECD.ELS.SAE:DSD_POPULATION@DF_POP_HIST(1.0),Historical population data,I,NZL,New Zealand,POP,Population,PS,Persons,_T,Total,_T,Total,H,Historical,1987,,3327785,,A,Normal value,0,Units,0,Zero
DATAFLOW,OECD.ELS.SAE:DSD_POPULATION@DF_POP_HIST(1.0),Historical population data,I,NZL,New Zealand,POP,Population,PS,Persons,_T,Total,_T,Total,H,Historical,1988,,3343680,,A,Normal value,0,Units,0,Zero
DATAFLOW,OECD.ELS.SAE:DSD_POPULATION@DF_POP_HIST(1.0),Historical population data,I,NZL,New Zealand,POP,Population,PS,Persons,_T,Total,_T,Total,H,Historical,1989,,3357535,,A,Normal value,0,Units,0,Zero
DATAFLOW,OECD.ELS.SAE:DSD_POPULATION@DF_POP_HIST(1.0),Historical population data,I,NZL,New Zealand,POP,Population,PS,Persons,_T,Total,_T,Total,H,Historical,1990,,3390085,,A,Normal value,0,Units,0,Zero
DATAFLOW,OECD.ELS.SAE:DSD_POPULATION@DF_POP_HIST(1.0),Historical population data,I,NZL,New Zealand,POP,Population,PS,Persons,_T,Total,_T,Total,H,Historical,1991,,3495100,,A,Normal value,0,Units,0,Zero
DATAFLOW,OECD.ELS.SAE:DSD_POPULATION@DF_POP_HIST(1.0),Historical population data,I,NZL,New Zealand,POP,Population,PS,Persons,_T,Total,_T,Total,H,Historical,1992,,3531700,,A,Normal value,0,Units,0,Zero
DATAFLOW,OECD.ELS.SAE:DSD_POPULATION@DF_POP_HIST(1.0),Historical population data,I,NZL,New Zealand,POP,Population,PS,Persons,_T,Total,_T,Total,H,Historical,1993,,3572200,,A,Normal value,0,Units,0,Zero
DATAFLOW,OECD.ELS.SAE:DSD_POPULATION@DF_POP_HIST(1.0),Historical population data,I,NZL,New Zealand,POP,Population,PS,Persons,_T,Total,_T,Total,H,Historical,1994,,3620000,,A,Normal value,0,Units,0,Zero
DATAFLOW,OECD.ELS.SAE:DSD_POPULATION@DF_POP_HIST(1.0),Historical population data,I,NZL,New Zealand,POP,Population,PS,Persons,_T,Total,_T,Total,H,Historical,1995,,3673400,,A,Normal value,0,Units,0,Zero
DATAFLOW,OECD.ELS.SAE:DSD_POPULATION@DF_POP_HIST(1.0),Historical population data,I,NZL,New Zealand,POP,Population,PS,Persons,_T,Total,_T,Total,H,Historical,1996,,3732000,,A,Normal value,0,Units,0,Zero
DATAFLOW,OECD.ELS.SAE:DSD_POPULATION@DF_POP_HIST(1.0),Historical population data,I,NZL,New Zealand,POP,Population,PS,Persons,_T,Total,_T,Total,H,Historical,1997,,3781300,,A,Normal value,0,Units,0,Zero
DATAFLOW,OECD.ELS.SAE:DSD_POPULATION@DF_POP_HIST(1.0),Historical population data,I,NZL,New Zealand,POP,Population,PS,Persons,_T,Total,_T,Total,H,Historical,1998,,3815000,,A,Normal value,0,Units,0,Zero
DATAFLOW,OECD.ELS.SAE:DSD_POPULATION@DF_POP_HIST(1.0),Historical population data,I,NZL,New Zealand,POP,Population,PS,Persons,_T,Total,_T,Total,H,Historical,1999,,3835100,,A,Normal value,0,Units,0,Zero
DATAFLOW,OECD.ELS.SAE:DSD_POPULATION@DF_POP_HIST(1.0),Historical population data,I,NZL,New Zealand,POP,Population,PS,Persons,_T,Total,_T,Total,H,Historical,2000,,3857700,,A,Normal value,0,Units,0,Zero
DATAFLOW,OECD.ELS.SAE:DSD_POPULATION@DF_POP_HIST(1.0),Historical population data,I,NZL,New Zealand,POP,Population,PS,Persons,_T,Total,_T,Total,H,Historical,2001,,3880500,,A,Normal value,0,Units,0,Zero
DATAFLOW,OECD.ELS.SAE:DSD_POPULATION@DF_POP_HIST(1.0),Historical population data,I,NZL,New Zealand,POP,Population,PS,Persons,_T,Total,_T,Total,H,Historical,2002,,3948500,,A,Normal value,0,Units,0,Zero
DATAFLOW,OECD.ELS.SAE:DSD_POPULATION@DF_POP_HIST(1.0),Historical population data,I,NZL,New Zealand,POP,Population,PS,Persons,_T,Total,_T,Total,H,Historical,2003,,4027200,,A,Normal value,0,Units,0,Zero
DATAFLOW,OECD.ELS.SAE:DSD_POPULATION@DF_POP_HIST(1.0),Historical population data,I,NZL,New Zealand,POP,Population,PS,Persons,_T,Total,_T,Total,H,Historical,2004,,4087500,,A,Normal value,0,Units,0,Zero
DATAFLOW,OECD.ELS.SAE:DSD_POPULATION@DF_POP_HIST(1.0),Historical population data,I,NZL,New Zealand,POP,Population,PS,Persons,_T,Total,_T,Total,H,Historical,2005,,4133900,,A,Normal value,0,Units,0,Zero
DATAFLOW,OECD.ELS.SAE:DSD_POPULATION@DF_POP_HIST(1.0),Historical population data,I,NZL,New Zealand,POP,Population,PS,Persons,_T,Total,_T,Total,H,Historical,2006,,4184600,,A,Normal value,0,Units,0,Zero
DATAFLOW,OECD.ELS.SAE:DSD_POPULATION@DF_POP_HIST(1.0),Historical population data,I,NZL,New Zealand,POP,Population,PS,Persons,_T,Total,_T,Total,H,Historical,2007,,4223800,,A,Normal value,0,Units,0,Zero
DATAFLOW,OECD.ELS.SAE:DSD_POPULATION@DF_POP_HIST(1.0),Historical population data,I,NZL,New Zealand,POP,Population,PS,Persons,_T,Total,_T,Total,H,Historical,2008,,4259800,,A,Normal value,0,Units,0,Zero
DATAFLOW,OECD.ELS.SAE:DSD_POPULATION@DF_POP_HIST(1.0),Historical population data,I,NZL,New Zealand,POP,Population,PS,Persons,_T,Total,_T,Total,H,Historical,2009,,4302600,,A,Normal value,0,Units,0,Zero
DATAFLOW,OECD.ELS.SAE:DSD_POPULATION@DF_POP_HIST(1.0),Historical population data,I,NZL,New Zealand,POP,Population,PS,Persons,_T,Total,_T,Total,H,Historical,2010,,4350700,,A,Normal value,0,Units,0,Zero
DATAFLOW,OECD.ELS.SAE:DSD_POPULATION@DF_POP_HIST(1.0),Historical population data,I,NZL,New Zealand,POP,Population,PS,Persons,_T,Total,_T,Total,H,Historical,2011,,4384000,,A,Normal value,0,Units,0,Zero
DATAFLOW,OECD.ELS.SAE:DSD_POPULATION@DF_POP_HIST(1.0),Historical population data,I,NZL,New Zealand,POP,Population,PS,Persons,_T,Total,_T,Total,H,Historical,2012,,4408100,,A,Normal value,0,Units,0,Zero
DATAFLOW,OECD.ELS.SAE:DSD_POPULATION@DF_POP_HIST(1.0),Historical population data,I,NZL,New Zealand,POP,Population,PS,Persons,_T,Total,_T,Total,H,Historical,2013,,4442100,,A,Normal value,0,Units,0,Zero
DATAFLOW,OECD.ELS.SAE:DSD_POPULATION@DF_POP_HIST(1.0),Historical population data,I,NZL,New Zealand,POP,Population,PS,Persons,_T,Total,_T,Total,H,Historical,2014,,4516500,,A,Normal value,0,Units,0,Zero
DATAFLOW,OECD.ELS.SAE:DSD_POPULATION@DF_POP_HIST(1.0),Historical population data,I,NZL,New Zealand,POP,Population,PS,Persons,_T,Total,_T,Total,H,Historical,2015,,4609400,,A,Normal value,0,Units,0,Zero
DATAFLOW,OECD.ELS.SAE:DSD_POPULATION@DF_POP_HIST(1.0),Historical population data,I,NZL,New Zealand,POP,Population,PS,Persons,_T,Total,_T,Total,H,Historical,2016,,4714100,,A,Normal value,0,Units,0,Zero
DATAFLOW,OECD.ELS.SAE:DSD_POPULATION@DF_POP_HIST(1.0),Historical population data,I,NZL,New Zealand,POP,Population,PS,Persons,_T,Total,_T,Total,H,Historical,2017,,4813600,,A,Normal value,0,Units,0,Zero
DATAFLOW,OECD.ELS.SAE:DSD_POPULATION@DF_POP_HIST(1.0),Historical population data,I,NZL,New Zealand,POP,Population,PS,Persons,_T,Total,_T,Total,H,Historical,2018,,4900600,,A,Normal value,0,Units,0,Zero
DATAFLOW,OECD.ELS.SAE:DSD_POPULATION@DF_POP_HIST(1.0),Historical population data,I,AUS,Australia,POP,Population,PS,Persons,_T,Total,_T,Total,H,Historical,1969,,12263014,,A,Normal value,0,Units,0,Zero
DATAFLOW,OECD.ELS.SAE:DSD_POPULATION@DF_POP_HIST(1.0),Historical population data,I,AUS,Australia,POP,Population,PS,Persons,_T,Total,_T,Total,H,Historical,1970,,12507349,,A,Normal value,0,Units,0,Zero
DATAFLOW,OECD.ELS.SAE:DSD_POPULATION@DF_POP_HIST(1.0),Historical population data,I,AUS,Australia,POP,Population,PS,Persons,_T,Total,_T,Total,H,Historical,1971,,13067265,,A,Normal value,0,Units,0,Zero
DATAFLOW,OECD.ELS.SAE:DSD_POPULATION@DF_POP_HIST(1.0),Historical population data,I,AUS,Australia,POP,Population,PS,Persons,_T,Total,_T,Total,H,Historical,1972,,13303664,,A,Normal value,0,Units,0,Zero
DATAFLOW,OECD.ELS.SAE:DSD_POPULATION@DF_POP_HIST(1.0),Historical population data,I,AUS,Australia,POP,Population,PS,Persons,_T,Total,_T,Total,H,Historical,1973,,13504538,,A,Normal value,0,Units,0,Zero
DATAFLOW,OECD.ELS.SAE:DSD_POPULATION@DF_POP_HIST(1.0),Historical population data,I,AUS,Australia,POP,Population,PS,Persons,_T,Total,_T,Total,H,Historical,1974,,13722571,,A,Normal value,0,Units,0,Zero
DATAFLOW,OECD.ELS.SAE:DSD_POPULATION@DF_POP_HIST(1.0),Historical population data,I,AUS,Australia,POP,Population,PS,Persons,_T,Total,_T,Total,H,Historical,1975,,13892995,,A,Normal value,0,Units,0,Zero
DATAFLOW,OECD.ELS.SAE:DSD_POPULATION@DF_POP_HIST(1.0),Historical population data,I,AUS,Australia,POP,Population,PS,Persons,_T,Total,_T,Total,H,Historical,1976,,14033083,,A,Normal value,0,Units,0,Zero
DATAFLOW,OECD.ELS.SAE:DSD_POPULATION@DF_POP_HIST(1.0),Historical population data,I,AUS,Australia,POP,Population,PS,Persons,_T,Total,_T,Total,H,Historical,1977,,14192234,,A,Normal value,0,Units,0,Zero
DATAFLOW,OECD.ELS.SAE:DSD_POPULATION@DF_POP_HIST(1.0),Historical population data,I,AUS,Australia,POP,Population,PS,Persons,_T,Total,_T,Total,H,Historical,1978,,14359255,,A,Normal value,0,Units,0,Zero
DATAFLOW,OECD.ELS.SAE:DSD_POPULATION@DF_POP_HIST(1.0),Historical population data,I,AUS,Australia,POP,Population,PS,Persons,_T,Total,_T,Total,H,Historical,1979,,14515729,,A,Normal value,0,Units,0,Zero
DATAFLOW,OECD.ELS.SAE:DSD_POPULATION@DF_POP_HIST(1.0),Historical population data,I,AUS,Australia,POP,Population,PS,Persons,_T,Total,_T,Total,H,Historical,1980,,14695356,,A,Normal value,0,Units,0,Zero
DATAFLOW,OECD.ELS.SAE:DSD_POPULATION@DF_POP_HIST(1.0),Historical population data,I,AUS,Australia,POP,Population,PS,Persons,_T,Total,_T,Total,H,Historical,1981,,14923260,,A,Normal value,0,Units,0,Zero
DATAFLOW,OECD.ELS.SAE:DSD_POPULATION@DF_POP_HIST(1.0),Historical population data,I,AUS,Australia,POP,Population,PS,Persons,_T,Total,_T,Total,H,Historical,1982,,15184247,,A,Normal value,0,Units,0,Zero
DATAFLOW,OECD.ELS.SAE:DSD_POPULATION@DF_POP_HIST(1.0),Historical population data,I,AUS,Australia,POP,Population,PS,Persons,_T,Total,_T,Total,H,Historical,1983,,15393472,,A,Normal value,0,Units,0,Zero
DATAFLOW,OECD.ELS.SAE:DSD_POPULATION@DF_POP_HIST(1.0),Historical population data,I,AUS,Australia,POP,Population,PS,Persons,_T,Total,_T,Total,H,Historical,1984,,15579391,,A,Normal value,0,Units,0,Zero
DATAFLOW,OECD.ELS.SAE:DSD_POPULATION@DF_POP_HIST(1.0),Historical population data,I,AUS,Australia,POP,Population,PS,Persons,_T,Total,_T,Total,H,Historical,1985,,15788312,,A,Normal value,0,Units,0,Zero
DATAFLOW,OECD.ELS.SAE:DSD_POPULATION@DF_POP_HIST(1.0),Historical population data,I,AUS,Australia,POP,Population,PS,Persons,_T,Total,_T,Total,H,Historical,1986,,16018350,,A,Normal value,0,Units,0,Zero
DATAFLOW,OECD.ELS.SAE:DSD_POPULATION@DF_POP_HIST(1.0),Historical population data,I,AUS,Australia,POP,Population,PS,Persons,_T,Total,_T,Total,H,Historical,1987,,16263874,,A,Normal value,0,Units,0,Zero
DATAFLOW,OECD.ELS.SAE:DSD_POPULATION@DF_POP_HIST(1.0),Historical population data,I,AUS,Australia,POP,Population,PS,Persons,_T,Total,_T,Total,H,Historical,1988,,16532164,,A,Normal value,0,Units,0,Zero
DATAFLOW,OECD.ELS.SAE:DSD_POPULATION@DF_POP_HIST(1.0),Historical population data,I,AUS,Australia,POP,Population,PS,Persons,_T,Total,_T,Total,H,Historical,1989,,16814416,,A,Normal value,0,Units,0,Zero
DATAFLOW,OECD.ELS.SAE:DSD_POPULATION@DF_POP_HIST(1.0),Historical population data,I,AUS,Australia,POP,Population,PS,Persons,_T,Total,_T,Total,H,Historical,1990,,17065128,,A,Normal value,0,Units,0,Zero
DATAFLOW,OECD.ELS.SAE:DSD_POPULATION@DF_POP_HIST(1.0),Historical population data,I,AUS,Australia,POP,Population,PS,Persons,_T,Total,_T,Total,H,Historical,1991,,17284036,,A,Normal value,0,Units,0,Zero
DATAFLOW,OECD.ELS.SAE:DSD_POPULATION@DF_POP_HIST(1.0),Historical population data,I,AUS,Australia,POP,Population,PS,Persons,_T,Total,_T,Total,H,Historical,1992,,17478635,,A,Normal value,0,Units,0,Zero
DATAFLOW,OECD.ELS.SAE:DSD_POPULATION@DF_POP_HIST(1.0),Historical population data,I,AUS,Australia,POP,Population,PS,Persons,_T,Total,_T,Total,H,Historical,1993,,17634808,,A,Normal value,0,Units,0,Zero
DATAFLOW,OECD.ELS.SAE:DSD_POPULATION@DF_POP_HIST(1.0),Historical population data,I,AUS,Australia,POP,Population,PS,Persons,_T,Total,_T,Total,H,Historical,1994,,17805468,,A,Normal value,0,Units,0,Zero
DATAFLOW,OECD.ELS.SAE:DSD_POPULATION@DF_POP_HIST(1.0),Historical population data,I,AUS,Australia,POP,Population,PS,Persons,_T,Total,_T,Total,H,Historical,1995,,18004882,,A,Normal value,0,Units,0,Zero
DATAFLOW,OECD.ELS.SAE:DSD_POPULATION@DF_POP_HIST(1.0),Historical population data,I,AUS,Australia,POP,Population,PS,Persons,_T,Total,_T,Total,H,Historical,1996,,18224767,,A,Normal value,0,Units,0,Zero
DATAFLOW,OECD.ELS.SAE:DSD_POPULATION@DF_POP_HIST(1.0),Historical population data,I,AUS,Australia,POP,Population,PS,Persons,_T,Total,_T,Total,H,Historical,1997,,18423037,,A,Normal value,0,Units,0,Zero
DATAFLOW,OECD.ELS.SAE:DSD_POPULATION@DF_POP_HIST(1.0),Historical population data,I,AUS,Australia,POP,Population,PS,Persons,_T,Total,_T,Total,H,Historical,1998,,18607584,,A,Normal value,0,Units,0,Zero
DATAFLOW,OECD.ELS.SAE:DSD_POPULATION@DF_POP_HIST(1.0),Historical population data,I,AUS,Australia,POP,Population,PS,Persons,_T,Total,_T,Total,H,Historical,1999,,18812264,,A,Normal value,0,Units,0,Zero
DATAFLOW,OECD.ELS.SAE:DSD_POPULATION@DF_POP_HIST(1.0),Historical population data,I,AUS,Australia,POP,Population,PS,Persons,_T,Total,_T,Total,H,Historical,2000,,19028802,,A,Normal value,0,Units,0,Zero
DATAFLOW,OECD.ELS.SAE:DSD_POPULATION@DF_POP_HIST(1.0),Historical population data,I,AUS,Australia,POP,Population,PS,Persons,_T,Total,_T,Total,H,Historical,2001,,19274701,,A,Normal value,0,Units,0,Zero
DATAFLOW,OECD.ELS.SAE:DSD_POPULATION@DF_POP_HIST(1.0),Historical population data,I,AUS,Australia,POP,Population,PS,Persons,_T,Total,_T,Total,H,Historical,2002,,19495210,,A,Normal value,0,Units,0,Zero
DATAFLOW,OECD.ELS.SAE:DSD_POPULATION@DF_POP_HIST(1.0),Historical population data,I,AUS,Australia,POP,Population,PS,Persons,_T,Total,_T,Total,H,Historical,2003,,19720737,,A,Normal value,0,Units,0,Zero
DATAFLOW,OECD.ELS.SAE:DSD_POPULATION@DF_POP_HIST(1.0),Historical population data,I,AUS,Australia,POP,Population,PS,Persons,_T,Total,_T,Total,H,Historical,2004,,19932722,,A,Normal value,0,Units,0,Zero
DATAFLOW,OECD.ELS.SAE:DSD_POPULATION@DF_POP_HIST(1.0),Historical population data,I,AUS,Australia,POP,Population,PS,Persons,_T,Total,_T,Total,H,Historical,2005,,20176844,,A,Normal value,0,Units,0,Zero
DATAFLOW,OECD.ELS.SAE:DSD_POPULATION@DF_POP_HIST(1.0),Historical population data,I,AUS,Australia,POP,Population,PS,Persons,_T,Total,_T,Total,H,Historical,2006,,20450966,,A,Normal value,0,Units,0,Zero
DATAFLOW,OECD.ELS.SAE:DSD_POPULATION@DF_POP_HIST(1.0),Historical population data,I,AUS,Australia,POP,Population,PS,Persons,_T,Total,_T,Total,H,Historical,2007,,20827622,,A,Normal value,0,Units,0,Zero
DATAFLOW,OECD.ELS.SAE:DSD_POPULATION@DF_POP_HIST(1.0),Historical population data,I,AUS,Australia,POP,Population,PS,Persons,_T,Total,_T,Total,H,Historical,2008,,21249199,,A,Normal value,0,Units,0,Zero
DATAFLOW,OECD.ELS.SAE:DSD_POPULATION@DF_POP_HIST(1.0),Historical population data,I,AUS,Australia,POP,Population,PS,Persons,_T,Total,_T,Total,H,Historical,2009,,21691653,,A,Normal value,0,Units,0,Zero
DATAFLOW,OECD.ELS.SAE:DSD_POPULATION@DF_POP_HIST(1.0),Historical population data,I,AUS,Australia,POP,Population,PS,Persons,_T,Total,_T,Total,H,Historical,2010,,22031750,,A,Normal value,0,Units,0,Zero
DATAFLOW,OECD.ELS.SAE:DSD_POPULATION@DF_POP_HIST(1.0),Historical population data,I,AUS,Australia,POP,Population,PS,Persons,_T,Total,_T,Total,H,Historical,2011,,22340024,,A,Normal value,0,Units,0,Zero
DATAFLOW,OECD.ELS.SAE:DSD_POPULATION@DF_POP_HIST(1.0),Historical population data,I,AUS,Australia,POP,Population,PS,Persons,_T,Total,_T,Total,H,Historical,2012,,22733465,,A,Normal value,0,Units,0,Zero
DATAFLOW,OECD.ELS.SAE:DSD_POPULATION@DF_POP_HIST(1.0),Historical population data,I,AUS,Australia,POP,Population,PS,Persons,_T,Total,_T,Total,H,Historical,2013,,23128129,,A,Normal value,0,Units,0,Zero
DATAFLOW,OECD.ELS.SAE:DSD_POPULATION@DF_POP_HIST(1.0),Historical population data,I,AUS,Australia,POP,Population,PS,Persons,_T,Total,_T,Total,H,Historical,2014,,23475686,,A,Normal value,0,Units,0,Zero
DATAFLOW,OECD.ELS.SAE:DSD_POPULATION@DF_POP_HIST(1.0),Historical population data,I,AUS,Australia,POP,Population,PS,Persons,_T,Total,_T,Total,H,Historical,2015,,23815995,,A,Normal value,0,Units,0,Zero
DATAFLOW,OECD.ELS.SAE:DSD_POPULATION@DF_POP_HIST(1.0),Historical population data,I,AUS,Australia,POP,Population,PS,Persons,_T,Total,_T,Total,H,Historical,2016,,24190907,,A,Normal value,0,Units,0,Zero
DATAFLOW,OECD.ELS.SAE:DSD_POPULATION@DF_POP_HIST(1.0),Historical population data,I,IRL,Ireland,POP,Population,PS,Persons,_T,Total,_T,Total,H,Historical,1969,,2925200,,A,Normal value,0,Units,0,Zero
DATAFLOW,OECD.ELS.SAE:DSD_POPULATION@DF_POP_HIST(1.0),Historical population data,I,IRL,Ireland,POP,Population,PS,Persons,_T,Total,_T,Total,H,Historical,1970,,2949900,,A,Normal value,0,Units,0,Zero
DATAFLOW,OECD.ELS.SAE:DSD_POPULATION@DF_POP_HIST(1.0),Historical population data,I,IRL,Ireland,POP,Population,PS,Persons,_T,Total,_T,Total,H,Historical,1971,,2978200,,A,Normal value,0,Units,0,Zero
DATAFLOW,OECD.ELS.SAE:DSD_POPULATION@DF_POP_HIST(1.0),Historical population data,I,IRL,Ireland,POP,Population,PS,Persons,_T,Total,_T,Total,H,Historical,1972,,3024400,,A,Normal value,0,Units,0,Zero
DATAFLOW,OECD.ELS.SAE:DSD_POPULATION@DF_POP_HIST(1.0),Historical population data,I,IRL,Ireland,POP,Population,PS,Persons,_T,Total,_T,Total,H,Historical,1973,,3073000,,A,Normal value,0,Units,0,Zero
DATAFLOW,OECD.ELS.SAE:DSD_POPULATION@DF_POP_HIST(1.0),Historical population data,I,IRL,Ireland,POP,Population,PS,Persons,_T,Total,_T,Total,H,Historical,1974,,3123900,,A,Normal value,0,Units,0,Zero
DATAFLOW,OECD.ELS.SAE:DSD_POPULATION@DF_POP_HIST(1.0),Historical population data,I,IRL,Ireland,POP,Population,PS,Persons,_T,Total,_T,Total,H,Historical,1975,,3177200,,A,Normal value,0,Units,0,Zero
DATAFLOW,OECD.ELS.SAE:DSD_POPULATION@DF_POP_HIST(1.0),Historical population data,I,IRL,Ireland,POP,Population,PS,Persons,_T,Total,_T,Total,H,Historical,1976,,3227800,,A,Normal value,0,Units,0,Zero
DATAFLOW,OECD.ELS.SAE:DSD_POPULATION@DF_POP_HIST(1.0),Historical population data,I,IRL,Ireland,POP,Population,PS,Persons,_T,Total,_T,Total,H,Historical,1977,,3271900,,A,Normal value,0,Units,0,Zero
DATAFLOW,OECD.ELS.SAE:DSD_POPULATION@DF_POP_HIST(1.0),Historical population data,I,IRL,Ireland,POP,Population,PS,Persons,_T,Total,_T,Total,H,Historical,1978,,3314000,,A,Normal value,0,Units,0,Zero
DATAFLOW,OECD.ELS.SAE:DSD_POPULATION@DF_POP_HIST(1.0),Historical population data,I,IRL,Ireland,POP,Population,PS,Persons,_T,Total,_T,Total,H,Historical,1979,,3368200,,A,Normal value,0,Units,0,Zero
DATAFLOW,OECD.ELS.SAE:DSD_POPULATION@DF_POP_HIST(1.0),Historical population data,I,IRL,Ireland,POP,Population,PS,Persons,_T,Total,_T,Total,H,Historical,1980,,3401000,,A,Normal value,0,Units,0,Zero
DATAFLOW,OECD.ELS.SAE:DSD_POPULATION@DF_POP_HIST(1.0),Historical population data,I,IRL,Ireland,POP,Population,PS,Persons,_T,Total,_T,Total,H,Historical,1981,,3443400,,A,Normal value,0,Units,0,Zero
DATAFLOW,OECD.ELS.SAE:DSD_POPULATION@DF_POP_HIST(1.0),Historical population data,I,IRL,Ireland,POP,Population,PS,Persons,_T,Total,_T,Total,H,Historical,1982,,3480000,,A,Normal value,0,Units,0,Zero
DATAFLOW,OECD.ELS.SAE:DSD_POPULATION@DF_POP_HIST(1.0),Historical population data,I,IRL,Ireland,POP,Population,PS,Persons,_T,Total,_T,Total,H,Historical,1983,,3504000,,A,Normal value,0,Units,0,Zero
DATAFLOW,OECD.ELS.SAE:DSD_POPULATION@DF_POP_HIST(1.0),Historical population data,I,IRL,Ireland,POP,Population,PS,Persons,_T,Total,_T,Total,H,Historical,1984,,3529000,,A,Normal value,0,Units,0,Zero
DATAFLOW,OECD.ELS.SAE:DSD_POPULATION@DF_POP_HIST(1.0),Historical population data,I,IRL,Ireland,POP,Population,PS,Persons,_T,Total,_T,Total,H,Historical,1985,,3540000,,A,Normal value,0,Units,0,Zero
DATAFLOW,OECD.ELS.SAE:DSD_POPULATION@DF_POP_HIST(1.0),Historical population data,I,IRL,Ireland,POP,Population,PS,Persons,_T,Total,_T,Total,H,Historical,1986,,3540600,,A,Normal value,0,Units,0,Zero
DATAFLOW,OECD.ELS.SAE:DSD_POPULATION@DF_POP_HIST(1.0),Historical population data,I,IRL,Ireland,POP,Population,PS,Persons,_T,Total,_T,Total,H,Historical,1987,,3546500,,A,Normal value,0,Units,0,Zero
DATAFLOW,OECD.ELS.SAE:DSD_POPULATION@DF_POP_HIST(1.0),Historical population data,I,IRL,Ireland,POP,Population,PS,Persons,_T,Total,_T,Total,H,Historical,1988,,3530700,,A,Normal value,0,Units,0,Zero
DATAFLOW,OECD.ELS.SAE:DSD_POPULATION@DF_POP_HIST(1.0),Historical population data,I,IRL,Ireland,POP,Population,PS,Persons,_T,Total,_T,Total,H,Historical,1989,,3509500,,A,Normal value,0,Units,0,Zero
DATAFLOW,OECD.ELS.SAE:DSD_POPULATION@DF_POP_HIST(1.0),Historical population data,I,IRL,Ireland,POP,Population,PS,Persons,_T,Total,_T,Total,H,Historical,1990,,3505800,,A,Normal value,0,Units,0,Zero
DATAFLOW,OECD.ELS.SAE:DSD_POPULATION@DF_POP_HIST(1.0),Historical population data,I,IRL,Ireland,POP,Population,PS,Persons,_T,Total,_T,Total,H,Historical,1991,,3525700,,A,Normal value,0,Units,0,Zero
DATAFLOW,OECD.ELS.SAE:DSD_POPULATION@DF_POP_HIST(1.0),Historical population data,I,IRL,Ireland,POP,Population,PS,Persons,_T,Total,_T,Total,H,Historical,1992,,3554500,,A,Normal value,0,Units,0,Zero
DATAFLOW,OECD.ELS.SAE:DSD_POPULATION@DF_POP_HIST(1.0),Historical population data,I,IRL,Ireland,POP,Population,PS,Persons,_T,Total,_T,Total,H,Historical,1993,,3574100,,A,Normal value,0,Units,0,Zero
DATAFLOW,OECD.ELS.SAE:DSD_POPULATION@DF_POP_HIST(1.0),Historical population data,I,IRL,Ireland,POP,Population,PS,Persons,_T,Total,_T,Total,H,Historical,1994,,3585900,,A,Normal value,0,Units,0,Zero
DATAFLOW,OECD.ELS.SAE:DSD_POPULATION@DF_POP_HIST(1.0),Historical population data,I,IRL,Ireland,POP,Population,PS,Persons,_T,Total,_T,Total,H,Historical,1995,,3601300,,A,Normal value,0,Units,0,Zero
DATAFLOW,OECD.ELS.SAE:DSD_POPULATION@DF_POP_HIST(1.0),Historical population data,I,IRL,Ireland,POP,Population,PS,Persons,_T,Total,_T,Total,H,Historical,1996,,3626087,,A,Normal value,0,Units,0,Zero
DATAFLOW,OECD.ELS.SAE:DSD_POPULATION@DF_POP_HIST(1.0),Historical population data,I,IRL,Ireland,POP,Population,PS,Persons,_T,Total,_T,Total,H,Historical,1997,,3664313,,A,Normal value,0,Units,0,Zero
DATAFLOW,OECD.ELS.SAE:DSD_POPULATION@DF_POP_HIST(1.0),Historical population data,I,IRL,Ireland,POP,Population,PS,Persons,_T,Total,_T,Total,H,Historical,1998,,3703082,,A,Normal value,0,Units,0,Zero
DATAFLOW,OECD.ELS.SAE:DSD_POPULATION@DF_POP_HIST(1.0),Historical population data,I,IRL,Ireland,POP,Population,PS,Persons,_T,Total,_T,Total,H,Historical,1999,,3741647,,A,Normal value,0,Units,0,Zero
DATAFLOW,OECD.ELS.SAE:DSD_POPULATION@DF_POP_HIST(1.0),Historical population data,I,IRL,Ireland,POP,Population,PS,Persons,_T,Total,_T,Total,H,Historical,2000,,3789536,,A,Normal value,0,Units,0,Zero
DATAFLOW,OECD.ELS.SAE:DSD_POPULATION@DF_POP_HIST(1.0),Historical population data,I,IRL,Ireland,POP,Population,PS,Persons,_T,Total,_T,Total,H,Historical,2001,,3847198,,A,Normal value,0,Units,0,Zero
DATAFLOW,OECD.ELS.SAE:DSD_POPULATION@DF_POP_HIST(1.0),Historical population data,I,IRL,Ireland,POP,Population,PS,Persons,_T,Total,_T,Total,H,Historical,2002,,3917203,,A,Normal value,0,Units,0,Zero
DATAFLOW,OECD.ELS.SAE:DSD_POPULATION@DF_POP_HIST(1.0),Historical population data,I,IRL,Ireland,POP,Population,PS,Persons,_T,Total,_T,Total,H,Historical,2003,,3979853,,A,Normal value,0,Units,0,Zero
DATAFLOW,OECD.ELS.SAE:DSD_POPULATION@DF_POP_HIST(1.0),Historical population data,I,IRL,Ireland,POP,Population,PS,Persons,_T,Total,_T,Total,H,Historical,2004,,4045188,,A,Normal value,0,Units,0,Zero
DATAFLOW,OECD.ELS.SAE:DSD_POPULATION@DF_POP_HIST(1.0),Historical population data,I,IRL,Ireland,POP,Population,PS,Persons,_T,Total,_T,Total,H,Historical,2005,,4133839,,A,Normal value,0,Units,0,Zero
DATAFLOW,OECD.ELS.SAE:DSD_POPULATION@DF_POP_HIST(1.0),Historical population data,I,IRL,Ireland,POP,Population,PS,Persons,_T,Total,_T,Total,H,Historical,2006,,4232929,,A,Normal value,0,Units,0,Zero
DATAFLOW,OECD.ELS.SAE:DSD_POPULATION@DF_POP_HIST(1.0),Historical population data,I,IRL,Ireland,POP,Population,PS,Persons,_T,Total,_T,Total,H,Historical,2007,,4375842,,A,Normal value,0,Units,0,Zero
DATAFLOW,OECD.ELS.SAE:DSD_POPULATION@DF_POP_HIST(1.0),Historical population data,I,IRL,Ireland,POP,Population,PS,Persons,_T,Total,_T,Total,H,Historical,2008,,4485070,,A,Normal value,0,Units,0,Zero
DATAFLOW,OECD.ELS.SAE:DSD_POPULATION@DF_POP_HIST(1.0),Historical population data,I,IRL,Ireland,POP,Population,PS,Persons,_T,Total,_T,Total,H,Historical,2009,,4533395,,A,Normal value,0,Units,0,Zero
DATAFLOW,OECD.ELS.SAE:DSD_POPULATION@DF_POP_HIST(1.0),Historical population data,I,IRL,Ireland,POP,Population,PS,Persons,_T,Total,_T,Total,H,Historical,2010,,4554763,,A,Normal value,0,Units,0,Zero
DATAFLOW,OECD.ELS.SAE:DSD_POPULATION@DF_POP_HIST(1.0),Historical population data,I,IRL,Ireland,POP,Population,PS,Persons,_T,Total,_T,Total,H,Historical,2011,,4574888,,A,Normal value,0,Units,0,Zero
DATAFLOW,OECD.ELS.SAE:DSD_POPULATION@DF_POP_HIST(1.0),Historical population data,I,IRL,Ireland,POP,Population,PS,Persons,_T,Total,_T,Total,H,Historical,2012,,4593697,,A,Normal value,0,Units,0,Zero
DATAFLOW,OECD.ELS.SAE:DSD_POPULATION@DF_POP_HIST(1.0),Historical population data,I,IRL,Ireland,POP,Population,PS,Persons,_T,Total,_T,Total,H,Historical,2013,,4614669,,A,Normal value,0,Units,0,Zero
DATAFLOW,OECD.ELS.SAE:DSD_POPULATION@DF_POP_HIST(1.0),Historical population data,I,IRL,Ireland,POP,Population,PS,Persons,_T,Total,_T,Total,H,Historical,2014,,4645440,,A,Normal value,0,Units,0,Zero
DATAFLOW,OECD.ELS.SAE:DSD_POPULATION@DF_POP_HIST(1.0),Historical population data,I,IRL,Ireland,POP,Population,PS,Persons,_T,Total,_T,Total,H,Historical,2015,,4687787,,A,Normal value,0,Units,0,Zero
DATAFLOW,OECD.ELS.SAE:DSD_POPULATION@DF_POP_HIST(1.0),Historical population data,I,IRL,Ireland,POP,Population,PS,Persons,_T,Total,_T,Total,H,Historical,2016,,4739597,,A,Normal value,0,Units,0,Zero
DATAFLOW,OECD.ELS.SAE:DSD_POPULATION@DF_POP_HIST(1.0),Historical population data,I,AUT,Austria,POP,Population,PS,Persons,_T,Total,_T,Total,H,Historical,1969,,7441055,,A,Normal value,0,Units,0,Zero
DATAFLOW,OECD.ELS.SAE:DSD_POPULATION@DF_POP_HIST(1.0),Historical population data,I,AUT,Austria,POP,Population,PS,Persons,_T,Total,_T,Total,H,Historical,1970,,7467086,,A,Normal value,0,Units,0,Zero
DATAFLOW,OECD.ELS.SAE:DSD_POPULATION@DF_POP_HIST(1.0),Historical population data,I,AUT,Austria,POP,Population,PS,Persons,_T,Total,_T,Total,H,Historical,1971,,7500482,,A,Normal value,0,Units,0,Zero
DATAFLOW,OECD.ELS.SAE:DSD_POPULATION@DF_POP_HIST(1.0),Historical population data,I,AUT,Austria,POP,Population,PS,Persons,_T,Total,_T,Total,H,Historical,1972,,7544201,,A,Normal value,0,Units,0,Zero
DATAFLOW,OECD.ELS.SAE:DSD_POPULATION@DF_POP_HIST(1.0),Historical population data,I,AUT,Austria,POP,Population,PS,Persons,_T,Total,_T,Total,H,Historical,1973,,7586115,,A,Normal value,0,Units,0,Zero
DATAFLOW,OECD.ELS.SAE:DSD_POPULATION@DF_POP_HIST(1.0),Historical population data,I,AUT,Austria,POP,Population,PS,Persons,_T,Total,_T,Total,H,Historical,1974,,7599038,,A,Normal value,0,Units,0,Zero
DATAFLOW,OECD.ELS.SAE:DSD_POPULATION@DF_POP_HIST(1.0),Historical population data,I,AUT,Austria,POP,Population,PS,Persons,_T,Total,_T,Total,H,Historical,1975,,7578903,,A,Normal value,0,Units,0,Zero
DATAFLOW,OECD.ELS.SAE:DSD_POPULATION@DF_POP_HIST(1.0),Historical population data,I,AUT,Austria,POP,Population,PS,Persons,_T,Total,_T,Total,H,Historical,1976,,7565525,,A,Normal value,0,Units,0,Zero
DATAFLOW,OECD.ELS.SAE:DSD_POPULATION@DF_POP_HIST(1.0),Historical population data,I,AUT,Austria,POP,Population,PS,Persons,_T,Total,_T,Total,H,Historical,1977,,7568430,,A,Normal value,0,Units,0,Zero
DATAFLOW,OECD.ELS.SAE:DSD_POPULATION@DF_POP_HIST(1.0),Historical population data,I,AUT,Austria,POP,Population,PS,Persons,_T,Total,_T,Total,H,Historical,1978,,7562305,,A,Normal value,0,Units,0,Zero
DATAFLOW,OECD.ELS.SAE:DSD_POPULATION@DF_POP_HIST(1.0),Historical population data,I,AUT,Austria,POP,Population,PS,Persons,_T,Total,_T,Total,H,Historical,1979,,7549425,,A,Normal value,0,Units,0,Zero
DATAFLOW,OECD.ELS.SAE:DSD_POPULATION@DF_POP_HIST(1.0),Historical population data,I,AUT,Austria,POP,Population,PS,Persons,_T,Total,_T,Total,H,Historical,1980,,7549433,,A,Normal value,0,Units,0,Zero
DATAFLOW,OECD.ELS.SAE:DSD_POPULATION@DF_POP_HIST(1.0),Historical population data,I,AUT,Austria,POP,Population,PS,Persons,_T,Total,_T,Total,H,Historical,1981,,7568710,,A,Normal value,0,Units,0,Zero
DATAFLOW,OECD.ELS.SAE:DSD_POPULATION@DF_POP_HIST(1.0),Historical population data,I,AUT,Austria,POP,Population,PS,Persons,_T,Total,_T,Total,H,Historical,1982,,7574140,,A,Normal value,0,Units,0,Zero
DATAFLOW,OECD.ELS.SAE:DSD_POPULATION@DF_POP_HIST(1.0),Historical population data,I,AUT,Austria,POP,Population,PS,Persons,_T,Total,_T,Total,H,Historical,1983,,7561910,,A,Normal value,0,Units,0,Zero
DATAFLOW,OECD.ELS.SAE:DSD_POPULATION@DF_POP_HIST(1.0),Historical population data,I,AUT,Austria,POP,Population,PS,Persons,_T,Total,_T,Total,H,Historical,1984,,7561434,,A,Normal value,0,Units,0,Zero
DATAFLOW,OECD.ELS.SAE:DSD_POPULATION@DF_POP_HIST(1.0),Historical population data,I,AUT,Austria,POP,Population,PS,Persons,_T,Total,_T,Total,H,Historical,1985,,7564984,,A,Normal value,0,Units,0,Zero
DATAFLOW,OECD.ELS.SAE:DSD_POPULATION@DF_POP_HIST(1.0),Historical population data,I,AUT,Austria,POP,Population,PS,Persons,_T,Total,_T,Total,H,Historical,1986,,7569794,,A,Normal value,0,Units,0,Zero
DATAFLOW,OECD.ELS.SAE:DSD_POPULATION@DF_POP_HIST(1.0),Historical population data,I,AUT,Austria,POP,Population,PS,Persons,_T,Total,_T,Total,H,Historical,1987,,7574586,,A,Normal value,0,Units,0,Zero
DATAFLOW,OECD.ELS.SAE:DSD_POPULATION@DF_POP_HIST(1.0),Historical population data,I,AUT,Austria,POP,Population,PS,Persons,_T,Total,_T,Total,H,Historical,1988,,7585317,,A,Normal value,0,Units,0,Zero
DATAFLOW,OECD.ELS.SAE:DSD_POPULATION@DF_POP_HIST(1.0),Historical population data,I,AUT,Austria,POP,Population,PS,Persons,_T,Total,_T,Total,H,Historical,1989,,7619566,,A,Normal value,0,Units,0,Zero
DATAFLOW,OECD.ELS.SAE:DSD_POPULATION@DF_POP_HIST(1.0),Historical population data,I,AUT,Austria,POP,Population,PS,Persons,_T,Total,_T,Total,H,Historical,1990,,7677850,,A,Normal value,0,Units,0,Zero
DATAFLOW,OECD.ELS.SAE:DSD_POPULATION@DF_POP_HIST(1.0),Historical population data,I,AUT,Austria,POP,Population,PS,Persons,_T,Total,_T,Total,H,Historical,1991,,7754891,,A,Normal value,0,Units,0,Zero
DATAFLOW,OECD.ELS.SAE:DSD_POPULATION@DF_POP_HIST(1.0),Historical population data,I,AUT,Austria,POP,Population,PS,Persons,_T,Total,_T,Total,H,Historical,1992,,7840709,,A,Normal value,0,Units,0,Zero
DATAFLOW,OECD.ELS.SAE:DSD_POPULATION@DF_POP_HIST(1.0),Historical population data,I,AUT,Austria,POP,Population,PS,Persons,_T,Total,_T,Total,H,Historical,1993,,7905632,,A,Normal value,0,Units,0,Zero
DATAFLOW,OECD.ELS.SAE:DSD_POPULATION@DF_POP_HIST(1.0),Historical population data,I,AUT,Austria,POP,Population,PS,Persons,_T,Total,_T,Total,H,Historical,1994,,7936118,,A,Normal value,0,Units,0,Zero
DATAFLOW,OECD.ELS.SAE:DSD_POPULATION@DF_POP_HIST(1.0),Historical population data,I,AUT,Austria,POP,Population,PS,Persons,_T,Total,_T,Total,H,Historical,1995,,7948278,,A,Normal value,0,Units,0,Zero
DATAFLOW,OECD.ELS.SAE:DSD_POPULATION@DF_POP_HIST(1.0),Historical population data,I,AUT,Austria,POP,Population,PS,Persons,_T,Total,_T,Total,H,Historical,1996,,7959016,,A,Normal value,0,Units,0,Zero
DATAFLOW,OECD.ELS.SAE:DSD_POPULATION@DF_POP_HIST(1.0),Historical population data,I,AUT,Austria,POP,Population,PS,Persons,_T,Total,_T,Total,H,Historical,1997,,7968041,,A,Normal value,0,Units,0,Zero
DATAFLOW,OECD.ELS.SAE:DSD_POPULATION@DF_POP_HIST(1.0),Historical population data,I,AUT,Austria,POP,Population,PS,Persons,_T,Total,_T,Total,H,Historical,1998,,7976789,,A,Normal value,0,Units,0,Zero
DATAFLOW,OECD.ELS.SAE:DSD_POPULATION@DF_POP_HIST(1.0),Historical population data,I,AUT,Austria,POP,Population,PS,Persons,_T,Total,_T,Total,H,Historical,1999,,7992323,,A,Normal value,0,Units,0,Zero
DATAFLOW,OECD.ELS.SAE:DSD_POPULATION@DF_POP_HIST(1.0),Historical population data,I,AUT,Austria,POP,Population,PS,Persons,_T,Total,_T,Total,H,Historical,2000,,8011566,,A,Normal value,0,Units,0,Zero
DATAFLOW,OECD.ELS.SAE:DSD_POPULATION@DF_POP_HIST(1.0),Historical population data,I,AUT,Austria,POP,Population,PS,Persons,_T,Total,_T,Total,H,Historical,2001,,8042293,,A,Normal value,0,Units,0,Zero
DATAFLOW,OECD.ELS.SAE:DSD_POPULATION@DF_POP_HIST(1.0),Historical population data,I,CAN,Canada,POP,Population,PS,Persons,_T,Total,_T,Total,H,Historical,1969,,21439830,,A,Normal value,0,Units,0,Zero
DATAFLOW,OECD.ELS.SAE:DSD_POPULATION@DF_POP_HIST(1.0),Historical population data,I,CAN,Canada,POP,Population,PS,Persons,_T,Total,_T,Total,H,Historical,1970,,21746497,,A,Normal value,0,Units,0,Zero
DATAFLOW,OECD.ELS.SAE:DSD_POPULATION@DF_POP_HIST(1.0),Historical population data,I,CAN,Canada,POP,Population,PS,Persons,_T,Total,_T,Total,H,Historical,1971,,21962032,,A,Normal value,0,Units,0,Zero
DATAFLOW,OECD.ELS.SAE:DSD_POPULATION@DF_POP_HIST(1.0),Historical population data,I,CAN,Canada,POP,Population,PS,Persons,_T,Total,_T,Total,H,Historical,1972,,22218463,,A,Normal value,0,Units,0,Zero
DATAFLOW,OECD.ELS.SAE:DSD_POPULATION@DF_POP_HIST(1.0),Historical population data,I,CAN,Canada,POP,Population,PS,Persons,_T,Total,_T,Total,H,Historical,1973,,22491777,,A,Normal value,0,Units,0,Zero
DATAFLOW,OECD.ELS.SAE:DSD_POPULATION@DF_POP_HIST(1.0),Historical population data,I,CAN,Canada,POP,Population,PS,Persons,_T,Total,_T,Total,H,Historical,1974,,22807969,,A,Normal value,0,Units,0,Zero
DATAFLOW,OECD.ELS.SAE:DSD_POPULATION@DF_POP_HIST(1.0),Historical population data,I,CAN,Canada,POP,Population,PS,Persons,_T,Total,_T,Total,H,Historical,1975,,23143275,,A,Normal value,0,Units,0,Zero
DATAFLOW,OECD.ELS.SAE:DSD_POPULATION@DF_POP_HIST(1.0),Historical population data,I,CAN,Canada,POP,Population,PS,Persons,_T,Total,_T,Total,H,Historical,1976,,23449808,,A,Normal value,0,Units,0,Zero
DATAFLOW,OECD.ELS.SAE:DSD_POPULATION@DF_POP_HIST(1.0),Historical population data,I,CAN,Canada,POP,Population,PS,Persons,_T,Total,_T,Total,H,Historical,1977,,23725843,,A,Normal value,0,Units,0,Zero
DATAFLOW,OECD.ELS.SAE:DSD_POPULATION@DF_POP_HIST(1.0),Historical population data,I,CAN,Canada,POP,Population,PS,Persons,_T,Total,_T,Total,H,Historical,1978,,23963203,,A,Normal value,0,Units,0,Zero
DATAFLOW,OECD.ELS.SAE:DSD_POPULATION@DF_POP_HIST(1.0),Historical population data,I,CAN,Canada,POP,Population,PS,Persons,_T,Total,_T,Total,H,Historical,1979,,24201544,,A,Normal value,0,Units,0,Zero
DATAFLOW,OECD.ELS.SAE:DSD_POPULATION@DF_POP_HIST(1.0),Historical population data,I,CAN,Canada,POP,Population,PS,Persons,_T,Total,_T,Total,H,Historical,1980,,24515667,,A,Normal value,0,Units,0,Zero
DATAFLOW,OECD.ELS.SAE:DSD_POPULATION@DF_POP_HIST(1.0),Historical population data,I,CAN,Canada,POP,Population,PS,Persons,_T,Total,_T,Total,H,Historical,1981,,24819915,,A,Normal value,0,Units,0,Zero
DATAFLOW,OECD.ELS.SAE:DSD_POPULATION@DF_POP_HIST(1.0),Historical population data,I,CAN,Canada,POP,Population,PS,Persons,_T,Total,_T,Total,H,Historical,1982,,25116942,,A,Normal value,0,Units,0,Zero
DATAFLOW,OECD.ELS.SAE:DSD_POPULATION@DF_POP_HIST(1.0),Historical population data,I,CAN,Canada,POP,Population,PS,Persons,_T,Total,_T,Total,H,Historical,1983,,25366451,,A,Normal value,0,Units,0,Zero
DATAFLOW,OECD.ELS.SAE:DSD_POPULATION@DF_POP_HIST(1.0),Historical population data,I,CAN,Canada,POP,Population,PS,Persons,_T,Total,_T,Total,H,Historical,1984,,25607053,,A,Normal value,0,Units,0,Zero
DATAFLOW,OECD.ELS.SAE:DSD_POPULATION@DF_POP_HIST(1.0),Historical population data,I,CAN,Canada,POP,Population,PS,Persons,_T,Total,_T,Total,H,Historical,1985,,25842116,,A,Normal value,0,Units,0,Zero
DATAFLOW,OECD.ELS.SAE:DSD_POPULATION@DF_POP_HIST(1.0),Historical population data,I,CAN,Canada,POP,Population,PS,Persons,_T,Total,_T,Total,H,Historical,1986,,26100278,,A,Normal value,0,Units,0,Zero
DATAFLOW,OECD.ELS.SAE:DSD_POPULATION@DF_POP_HIST(1.0),Historical population data,I,CAN,Canada,POP,Population,PS,Persons,_T,Total,_T,Total,H,Historical,1987,,26446601,,A,Normal value,0,Units,0,Zero
DATAFLOW,OECD.ELS.SAE:DSD_POPULATION@DF_POP_HIST(1.0),Historical population data,I,CAN,Canada,POP,Population,PS,Persons,_T,Total,_T,Total,H,Historical,1988,,26791747,,A,Normal value,0,Units,0,Zero
DATAFLOW,OECD.ELS.SAE:DSD_POPULATION@DF_POP_HIST(1.0),Historical population data,I,CAN,Canada,POP,Population,PS,Persons,_T,Total,_T,Total,H,Historical,1989,,27276781,,A,Normal value,0,Units,0,Zero
DATAFLOW,OECD.ELS.SAE:DSD_POPULATION@DF_POP_HIST(1.0),Historical population data,I,CAN,Canada,POP,Population,PS,Persons,_T,Total,_T,Total,H,Historical,1990,,27691138,,A,Normal value,0,Units,0,Zero
DATAFLOW,OECD.ELS.SAE:DSD_POPULATION@DF_POP_HIST(1.0),Historical population data,I,CAN,Canada,POP,Population,PS,Persons,_T,Total,_T,Total,H,Historical,1991,,28037420,,A,Normal value,0,Units,0,Zero
DATAFLOW,OECD.ELS.SAE:DSD_POPULATION@DF_POP_HIST(1.0),Historical population data,I,CAN,Canada,POP,Population,PS,Persons,_T,Total,_T,Total,H,Historical,1992,,28371264,,A,Normal value,0,Units,0,Zero
DATAFLOW,OECD.ELS.SAE:DSD_POPULATION@DF_POP_HIST(1.0),Historical population data,I,CAN,Canada,POP,Population,PS,Persons,_T,Total,_T,Total,H,Historical,1993,,28684764,,A,Normal value,0,Units,0,Zero
DATAFLOW,OECD.ELS.SAE:DSD_POPULATION@DF_POP_HIST(1.0),Historical population data,I,CAN,Canada,POP,Population,PS,Persons,_T,Total,_T,Total,H,Historical,1994,,29000663,,A,Normal value,0,Units,0,Zero
DATAFLOW,OECD.ELS.SAE:DSD_POPULATION@DF_POP_HIST(1.0),Historical population data,I,CAN,Canada,POP,Population,PS,Persons,_T,Total,_T,Total,H,Historical,1995,,29302311,,A,Normal value,0,Units,0,Zero
DATAFLOW,OECD.ELS.SAE:DSD_POPULATION@DF_POP_HIST(1.0),Historical population data,I,CAN,Canada,POP,Population,PS,Persons,_T,Total,_T,Total,H,Historical,1996,,29610218,,A,Normal value,0,Units,0,Zero
DATAFLOW,OECD.ELS.SAE:DSD_POPULATION@DF_POP_HIST(1.0),Historical population data,I,CAN,Canada,POP,Population,PS,Persons,_T,Total,_T,Total,H,Historical,1997,,29905948,,A,Normal value,0,Units,0,Zero
DATAFLOW,OECD.ELS.SAE:DSD_POPULATION@DF_POP_HIST(1.0),Historical population data,I,CAN,Canada,POP,Population,PS,Persons,_T,Total,_T,Total,H,Historical,1998,,30155173,,A,Normal value,0,Units,0,Zero
DATAFLOW,OECD.ELS.SAE:DSD_POPULATION@DF_POP_HIST(1.0),Historical population data,I,CAN,Canada,POP,Population,PS,Persons,_T,Total,_T,Total,H,Historical,1999,,30401286,,A,Normal value,0,Units,0,Zero
DATAFLOW,OECD.ELS.SAE:DSD_POPULATION@DF_POP_HIST(1.0),Historical population data,I,CAN,Canada,POP,Population,PS,Persons,_T,Total,_T,Total,H,Historical,2000,,30685730,,A,Normal value,0,Units,0,Zero
DATAFLOW,OECD.ELS.SAE:DSD_POPULATION@DF_POP_HIST(1.0),Historical population data,I,EST,Estonia,POP,Population,PS,Persons,_T,Total,_T,Total,H,Historical,1970,,1360076,,A,Normal value,0,Units,0,Zero
DATAFLOW,OECD.ELS.SAE:DSD_POPULATION@DF_POP_HIST(1.0),Historical population data,I,EST,Estonia,POP,Population,PS,Persons,_T,Total,_T,Total,H,Historical,1971,,1376955,,A,Normal value,0,Units,0,Zero
DATAFLOW,OECD.ELS.SAE:DSD_POPULATION@DF_POP_HIST(1.0),Historical population data,I,EST,Estonia,POP,Population,PS,Persons,_T,Total,_T,Total,H,Historical,1972,,1392518,,A,Normal value,0,Units,0,Zero
DATAFLOW,OECD.ELS.SAE:DSD_POPULATION@DF_POP_HIST(1.0),Historical population data,I,EST,Estonia,POP,Population,PS,Persons,_T,Total,_T,Total,H,Historical,1973,,1405951,,A,Normal value,0,Units,0,Zero
DATAFLOW,OECD.ELS.SAE:DSD_POPULATION@DF_POP_HIST(1.0),Historical population data,I,EST,Estonia,POP,Population,PS,Persons,_T,Total,_T,Total,H,Historical,1974,,1418169,,A,Normal value,0,Units,0,Zero
DATAFLOW,OECD.ELS.SAE:DSD_POPULATION@DF_POP_HIST(1.0),Historical population data,I,EST,Estonia,POP,Population,PS,Persons,_T,Total,_T,Total,H,Historical,1975,,1429352,,A,Normal value,0,Units,0,Zero
DATAFLOW,OECD.ELS.SAE:DSD_POPULATION@DF_POP_HIST(1.0),Historical population data,I,EST,Estonia,POP,Population,PS,Persons,_T,Total,_T,Total,H,Historical,1976,,1439576,,A,Normal value,0,Units,0,Zero
DATAFLOW,OECD.ELS.SAE:DSD_POPULATION@DF_POP_HIST(1.0),Historical population data,I,EST,Estonia,POP,Population,PS,Persons,_T,Total,_T,Total,H,Historical,1977,,1450211,,A,Normal value,0,Units,0,Zero
DATAFLOW,OECD.ELS.SAE:DSD_POPULATION@DF_POP_HIST(1.0),Historical population data,I,EST,Estonia,POP,Population,PS,Persons,_T,Total,_T,Total,H,Historical,1978,,1460188,,A,Normal value,0,Units,0,Zero
DATAFLOW,OECD.ELS.SAE:DSD_POPULATION@DF_POP_HIST(1.0),Historical population data,I,EST,Estonia,POP,Population,PS,Persons,_T,Total,_T,Total,H,Historical,1979,,1468333,,A,Normal value,0,Units,0,Zero
DATAFLOW,OECD.ELS.SAE:DSD_POPULATION@DF_POP_HIST(1.0),Historical population data,I,EST,Estonia,POP,Population,PS,Persons,_T,Total,_T,Total,H,Historical,1980,,1477219,,A,Normal value,0,Units,0,Zero
DATAFLOW,OECD.ELS.SAE:DSD_POPULATION@DF_POP_HIST(1.0),Historical population data,I,EST,Estonia,POP,Population,PS,Persons,_T,Total,_T,Total,H,Historical,1981,,1487666,,A,Normal value,0,Units,0,Zero
DATAFLOW,OECD.ELS.SAE:DSD_POPULATION@DF_POP_HIST(1.0),Historical population data,I,EST,Estonia,POP,Population,PS,Persons,_T,Total,_T,Total,H,Historical,1982,,1498414,,A,Normal value,0,Units,0,Zero
DATAFLOW,OECD.ELS.SAE:DSD_POPULATION@DF_POP_HIST(1.0),Historical population data,I,EST,Estonia,POP,Population,PS,Persons,_T,Total,_T,Total,H,Historical,1983,,1508745,,A,Normal value,0,Units,0,Zero
DATAFLOW,OECD.ELS.SAE:DSD_POPULATION@DF_POP_HIST(1.0),Historical population data,I,EST,Estonia,POP,Population,PS,Persons,_T,Total,_T,Total,H,Historical,1984,,1518617,,A,Normal value,0,Units,0,Zero
DATAFLOW,OECD.ELS.SAE:DSD_POPULATION@DF_POP_HIST(1.0),Historical population data,I,EST,Estonia,POP,Population,PS,Persons,_T,Total,_T,Total,H,Historical,1985,,1528781,,A,Normal value,0,Units,0,Zero
DATAFLOW,OECD.ELS.SAE:DSD_POPULATION@DF_POP_HIST(1.0),Historical population data,I,EST,Estonia,POP,Population,PS,Persons,_T,Total,_T,Total,H,Historical,1986,,1540190,,A,Normal value,0,Units,0,Zero
DATAFLOW,OECD.ELS.SAE:DSD_POPULATION@DF_POP_HIST(1.0),Historical population data,I,EST,Estonia,POP,Population,PS,Persons,_T,Total,_T,Total,H,Historical,1987,,1552221,,A,Normal value,0,Units,0,Zero
DATAFLOW,OECD.ELS.SAE:DSD_POPULATION@DF_POP_HIST(1.0),Historical population data,I,EST,Estonia,POP,Population,PS,Persons,_T,Total,_T,Total,H,Historical,1988,,1561900,,A,Normal value,0,Units,0,Zero
DATAFLOW,OECD.ELS.SAE:DSD_POPULATION@DF_POP_HIST(1.0),Historical population data,I,EST,Estonia,POP,Population,PS,Persons,_T,Total,_T,Total,H,Historical,1989,,1568131,,A,Normal value,0,Units,0,Zero
DATAFLOW,OECD.ELS.SAE:DSD_POPULATION@DF_POP_HIST(1.0),Historical population data,I,EST,Estonia,POP,Population,PS,Persons,_T,Total,_T,Total,H,Historical,1990,,1569174,,A,Normal value,0,Units,0,Zero
DATAFLOW,OECD.ELS.SAE:DSD_POPULATION@DF_POP_HIST(1.0),Historical population data,I,EST,Estonia,POP,Population,PS,Persons,_T,Total,_T,Total,H,Historical,1991,,1561314,,A,Normal value,0,Units,0,Zero
DATAFLOW,OECD.ELS.SAE:DSD_POPULATION@DF_POP_HIST(1.0),Historical population data,I,EST,Estonia,POP,Population,PS,Persons,_T,Total,_T,Total,H,Historical,1992,,1533091,,A,Normal value,0,Units,0,Zero
DATAFLOW,OECD.ELS.SAE:DSD_POPULATION@DF_POP_HIST(1.0),Historical population data,I,EST,Estonia,POP,Population,PS,Persons,_T,Total,_T,Total,H,Historical,1993,,1494128,,A,Normal value,0,Units,0,Zero
DATAFLOW,OECD.ELS.SAE:DSD_POPULATION@DF_POP_HIST(1.0),Historical population data,I,EST,Estonia,POP,Population,PS,Persons,_T,Total,_T,Total,H,Historical,1994,,1462514,,A,Normal value,0,Units,0,Zero
DATAFLOW,OECD.ELS.SAE:DSD_POPULATION@DF_POP_HIST(1.0),Historical population data,I,EST,Estonia,POP,Population,PS,Persons,_T,Total,_T,Total,H,Historical,1995,,1436634,,A,Normal value,0,Units,0,Zero
DATAFLOW,OECD.ELS.SAE:DSD_POPULATION@DF_POP_HIST(1.0),Historical population data,I,EST,Estonia,POP,Population,PS,Persons,_T,Total,_T,Total,H,Historical,1996,,1415594,,A,Normal value,0,Units,0,Zero
DATAFLOW,OECD.ELS.SAE:DSD_POPULATION@DF_POP_HIST(1.0),Historical population data,I,EST,Estonia,POP,Population,PS,Persons,_T,Total,_T,Total,H,Historical,1997,,1399535,,A,Normal value,0,Units,0,Zero
DATAFLOW,OECD.ELS.SAE:DSD_POPULATION@DF_POP_HIST(1.0),Historical population data,I,EST,Estonia,POP,Population,PS,Persons,_T,Total,_T,Total,H,Historical,1998,,1386156,,A,Normal value,0,Units,0,Zero
DATAFLOW,OECD.ELS.SAE:DSD_POPULATION@DF_POP_HIST(1.0),Historical population data,I,EST,Estonia,POP,Population,PS,Persons,_T,Total,_T,Total,H,Historical,1999,,1375654,,A,Normal value,0,Units,0,Zero
DATAFLOW,OECD.ELS.SAE:DSD_POPULATION@DF_POP_HIST(1.0),Historical population data,I,EST,Estonia,POP,Population,PS,Persons,_T,Total,_T,Total,H,Historical,2000,,1396985,,A,Normal value,0,Units,0,Zero
DATAFLOW,OECD.ELS.SAE:DSD_POPULATION@DF_POP_HIST(1.0),Historical population data,I,EST,Estonia,POP,Population,PS,Persons,_T,Total,_T,Total,H,Historical,2001,,1388115,,A,Normal value,0,Units,0,Zero
DATAFLOW,OECD.ELS.SAE:DSD_POPULATION@DF_POP_HIST(1.0),Historical population data,I,EST,Estonia,POP,Population,PS,Persons,_T,Total,_T,Total,H,Historical,2002,,1379350,,A,Normal value,0,Units,0,Zero
DATAFLOW,OECD.ELS.SAE:DSD_POPULATION@DF_POP_HIST(1.0),Historical population data,I,EST,Estonia,POP,Population,PS,Persons,_T,Total,_T,Total,H,Historical,2003,,1370720,,A,Normal value,0,Units,0,Zero
DATAFLOW,OECD.ELS.SAE:DSD_POPULATION@DF_POP_HIST(1.0),Historical population data,I,EST,Estonia,POP,Population,PS,Persons,_T,Total,_T,Total,H,Historical,2004,,1362550,,A,Normal value,0,Units,0,Zero
DATAFLOW,OECD.ELS.SAE:DSD_POPULATION@DF_POP_HIST(1.0),Historical population data,I,EST,Estonia,POP,Population,PS,Persons,_T,Total,_T,Total,H,Historical,2005,,1354775,,A,Normal value,0,Units,0,Zero
DATAFLOW,OECD.ELS.SAE:DSD_POPULATION@DF_POP_HIST(1.0),Historical population data,I,EST,Estonia,POP,Population,PS,Persons,_T,Total,_T,Total,H,Historical,2006,,1346810,,A,Normal value,0,Units,0,Zero
DATAFLOW,OECD.ELS.SAE:DSD_POPULATION@DF_POP_HIST(1.0),Historical population data,I,EST,Estonia,POP,Population,PS,Persons,_T,Total,_T,Total,H,Historical,2007,,1340680,,A,Normal value,0,Units,0,Zero
DATAFLOW,OECD.ELS.SAE:DSD_POPULATION@DF_POP_HIST(1.0),Historical population data,I,EST,Estonia,POP,Population,PS,Persons,_T,Total,_T,Total,H,Historical,2008,,1337090,,A,Normal value,0,Units,0,Zero
DATAFLOW,OECD.ELS.SAE:DSD_POPULATION@DF_POP_HIST(1.0),Historical population data,I,EST,Estonia,POP,Population,PS,Persons,_T,Total,_T,Total,H,Historical,2009,,1334515,,A,Normal value,0,Units,0,Zero
DATAFLOW,OECD.ELS.SAE:DSD_POPULATION@DF_POP_HIST(1.0),Historical population data,I,EST,Estonia,POP,Population,PS,Persons,_T,Total,_T,Total,H,Historical,2010,,1331475,,A,Normal value,0,Units,0,Zero
DATAFLOW,OECD.ELS.SAE:DSD_POPULATION@DF_POP_HIST(1.0),Historical population data,I,EST,Estonia,POP,Population,PS,Persons,_T,Total,_T,Total,H,Historical,2011,,1327439,,A,Normal value,0,Units,0,Zero
DATAFLOW,OECD.ELS.SAE:DSD_POPULATION@DF_POP_HIST(1.0),Historical population data,I,EST,Estonia,POP,Population,PS,Persons,_T,Total,_T,Total,H,Historical,2012,,1322696,,A,Normal value,0,Units,0,Zero
DATAFLOW,OECD.ELS.SAE:DSD_POPULATION@DF_POP_HIST(1.0),Historical population data,I,EST,Estonia,POP,Population,PS,Persons,_T,Total,_T,Total,H,Historical,2013,,1317997,,A,Normal value,0,Units,0,Zero
DATAFLOW,OECD.ELS.SAE:DSD_POPULATION@DF_POP_HIST(1.0),Historical population data,I,EST,Estonia,POP,Population,PS,Persons,_T,Total,_T,Total,H,Historical,2014,,1314545,,A,Normal value,0,Units,0,Zero
DATAFLOW,OECD.ELS.SAE:DSD_POPULATION@DF_POP_HIST(1.0),Historical population data,I,EST,Estonia,POP,Population,PS,Persons,_T,Total,_T,Total,H,Historical,2015,,1314608,,A,Normal value,0,Units,0,Zero
DATAFLOW,OECD.ELS.SAE:DSD_POPULATION@DF_POP_HIST(1.0),Historical population data,I,EST,Estonia,POP,Population,PS,Persons,_T,Total,_T,Total,H,Historical,2016,,1315790,,A,Normal value,0,Units,0,Zero
DATAFLOW,OECD.ELS.SAE:DSD_POPULATION@DF_POP_HIST(1.0),Historical population data,I,EST,Estonia,POP,Population,PS,Persons,_T,Total,_T,Total,H,Historical,2017,,1317384,,A,Normal value,0,Units,0,Zero
DATAFLOW,OECD.ELS.SAE:DSD_POPULATION@DF_POP_HIST(1.0),Historical population data,I,EST,Estonia,POP,Population,PS,Persons,_T,Total,_T,Total,H,Historical,2018,,1321977,,A,Normal value,0,Units,0,Zero
DATAFLOW,OECD.ELS.SAE:DSD_POPULATION@DF_POP_HIST(1.0),Historical population data,I,EST,Estonia,POP,Population,PS,Persons,_T,Total,_T,Total,H,Historical,2019,,1326855,,A,Normal value,0,Units,0,Zero
DATAFLOW,OECD.ELS.SAE:DSD_POPULATION@DF_POP_HIST(1.0),Historical population data,I,EST,Estonia,POP,Population,PS,Persons,_T,Total,_T,Total,H,Historical,2020,,1329479,,A,Normal value,0,Units,0,Zero
DATAFLOW,OECD.ELS.SAE:DSD_POPULATION@DF_POP_HIST(1.0),Historical population data,I,EST,Estonia,POP,Population,PS,Persons,_T,Total,_T,Total,H,Historical,2021,,1330932,,A,Normal value,0,Units,0,Zero
DATAFLOW,OECD.ELS.SAE:DSD_POPULATION@DF_POP_HIST(1.0),Historical population data,I,EST,Estonia,POP,Population,PS,Persons,_T,Total,_T,Total,H,Historical,2022,,1348840,,A,Normal value,0,Units,0,Zero
DATAFLOW,OECD.ELS.SAE:DSD_POPULATION@DF_POP_HIST(1.0),Historical population data,I,HUN,Hungary,POP,Population,PS,Persons,_T,Total,_T,Total,H,Historical,1969,,10298722,,A,Normal value,0,Units,0,Zero
DATAFLOW,OECD.ELS.SAE:DSD_POPULATION@DF_POP_HIST(1.0),Historical population data,I,HUN,Hungary,POP,Population,PS,Persons,_T,Total,_T,Total,H,Historical,1970,,10337912,,A,Normal value,0,Units,0,Zero
DATAFLOW,OECD.ELS.SAE:DSD_POPULATION@DF_POP_HIST(1.0),Historical population data,I,HUN,Hungary,POP,Population,PS,Persons,_T,Total,_T,Total,H,Historical,1971,,10367535,,A,Normal value,0,Units,0,Zero
DATAFLOW,OECD.ELS.SAE:DSD_POPULATION@DF_POP_HIST(1.0),Historical population data,I,HUN,Hungary,POP,Population,PS,Persons,_T,Total,_T,Total,H,Historical,1972,,10398491,,A,Normal value,0,Units,0,Zero
DATAFLOW,OECD.ELS.SAE:DSD_POPULATION@DF_POP_HIST(1.0),Historical population data,I,HUN,Hungary,POP,Population,PS,Persons,_T,Total,_T,Total,H,Historical,1973,,10432053,,A,Normal value,0,Units,0,Zero
DATAFLOW,OECD.ELS.SAE:DSD_POPULATION@DF_POP_HIST(1.0),Historical population data,I,HUN,Hungary,POP,Population,PS,Persons,_T,Total,_T,Total,H,Historical,1974,,10478720,,A,Normal value,0,Units,0,Zero
DATAFLOW,OECD.ELS.SAE:DSD_POPULATION@DF_POP_HIST(1.0),Historical population data,I,HUN,Hungary,POP,Population,PS,Persons,_T,Total,_T,Total,H,Historical,1975,,10540523,,A,Normal value,0,Units,0,Zero
DATAFLOW,OECD.ELS.SAE:DSD_POPULATION@DF_POP_HIST(1.0),Historical population data,I,HUN,Hungary,POP,Population,PS,Persons,_T,Total,_T,Total,H,Historical,1976,,10598674,,A,Normal value,0,Units,0,Zero
DATAFLOW,OECD.ELS.SAE:DSD_POPULATION@DF_POP_HIST(1.0),Historical population data,I,HUN,Hungary,POP,Population,PS,Persons,_T,Total,_T,Total,H,Historical,1977,,10648028,,A,Normal value,0,Units,0,Zero
DATAFLOW,OECD.ELS.SAE:DSD_POPULATION@DF_POP_HIST(1.0),Historical population data,I,HUN,Hungary,POP,Population,PS,Persons,_T,Total,_T,Total,H,Historical,1978,,10684829,,A,Normal value,0,Units,0,Zero
DATAFLOW,OECD.ELS.SAE:DSD_POPULATION@DF_POP_HIST(1.0),Historical population data,I,HUN,Hungary,POP,Population,PS,Persons,_T,Total,_T,Total,H,Historical,1979,,10704148,,A,Normal value,0,Units,0,Zero
DATAFLOW,OECD.ELS.SAE:DSD_POPULATION@DF_POP_HIST(1.0),Historical population data,I,HUN,Hungary,POP,Population,PS,Persons,_T,Total,_T,Total,H,Historical,1980,,10711126,,A,Normal value,0,Units,0,Zero
DATAFLOW,OECD.ELS.SAE:DSD_POPULATION@DF_POP_HIST(1.0),Historical population data,I,HUN,Hungary,POP,Population,PS,Persons,_T,Total,_T,Total,H,Historical,1981,,10711853,,A,Normal value,0,Units,0,Zero
DATAFLOW,OECD.ELS.SAE:DSD_POPULATION@DF_POP_HIST(1.0),Historical population data,I,HUN,Hungary,POP,Population,PS,Persons,_T,Total,_T,Total,H,Historical,1982,,10705537,,A,Normal value,0,Units,0,Zero
DATAFLOW,OECD.ELS.SAE:DSD_POPULATION@DF_POP_HIST(1.0),Historical population data,I,HUN,Hungary,POP,Population,PS,Persons,_T,Total,_T,Total,H,Historical,1983,,10689467,,A,Normal value,0,Units,0,Zero
DATAFLOW,OECD.ELS.SAE:DSD_POPULATION@DF_POP_HIST(1.0),Historical population data,I,HUN,Hungary,POP,Population,PS,Persons,_T,Total,_T,Total,H,Historical,1984,,10668092,,A,Normal value,0,Units,0,Zero
DATAFLOW,OECD.ELS.SAE:DSD_POPULATION@DF_POP_HIST(1.0),Historical population data,I,HUN,Hungary,POP,Population,PS,Persons,_T,Total,_T,Total,H,Historical,1985,,10648715,,A,Normal value,0,Units,0,Zero
DATAFLOW,OECD.ELS.SAE:DSD_POPULATION@DF_POP_HIST(1.0),Historical population data,I,HUN,Hungary,POP,Population,PS,Persons,_T,Total,_T,Total,H,Historical,1986,,10630565,,A,Normal value,0,Units,0,Zero
DATAFLOW,OECD.ELS.SAE:DSD_POPULATION@DF_POP_HIST(1.0),Historical population data,I,HUN,Hungary,POP,Population,PS,Persons,_T,Total,_T,Total,H,Historical,1987,,10612743,,A,Normal value,0,Units,0,Zero
DATAFLOW,OECD.ELS.SAE:DSD_POPULATION@DF_POP_HIST(1.0),Historical population data,I,HUN,Hungary,POP,Population,PS,Persons,_T,Total,_T,Total,H,Historical,1988,,10596489,,A,Normal value,0,Units,0,Zero
DATAFLOW,OECD.ELS.SAE:DSD_POPULATION@DF_POP_HIST(1.0),Historical population data,I,HUN,Hungary,POP,Population,PS,Persons,_T,Total,_T,Total,H,Historical,1989,,10481717,,A,Normal value,0,Units,0,Zero
DATAFLOW,OECD.ELS.SAE:DSD_POPULATION@DF_POP_HIST(1.0),Historical population data,I,HUN,Hungary,POP,Population,PS,Persons,_T,Total,_T,Total,H,Historical,1990,,10373987,,A,Normal value,0,Units,0,Zero
DATAFLOW,OECD.ELS.SAE:DSD_POPULATION@DF_POP_HIST(1.0),Historical population data,I,HUN,Hungary,POP,Population,PS,Persons,_T,Total,_T,Total,H,Historical,1991,,10373398,,A,Normal value,0,Units,0,Zero
DATAFLOW,OECD.ELS.SAE:DSD_POPULATION@DF_POP_HIST(1.0),Historical population data,I,HUN,Hungary,POP,Population,PS,Persons,_T,Total,_T,Total,H,Historical,1992,,10369339,,A,Normal value,0,Units,0,Zero
DATAFLOW,OECD.ELS.SAE:DSD_POPULATION@DF_POP_HIST(1.0),Historical population data,I,HUN,Hungary,POP,Population,PS,Persons,_T,Total,_T,Total,H,Historical,1993,,10357518,,A,Normal value,0,Units,0,Zero
DATAFLOW,OECD.ELS.SAE:DSD_POPULATION@DF_POP_HIST(1.0),Historical population data,I,HUN,Hungary,POP,Population,PS,Persons,_T,Total,_T,Total,H,Historical,1994,,10343359,,A,Normal value,0,Units,0,Zero
DATAFLOW,OECD.ELS.SAE:DSD_POPULATION@DF_POP_HIST(1.0),Historical population data,I,HUN,Hungary,POP,Population,PS,Persons,_T,Total,_T,Total,H,Historical,1995,,10328967,,A,Normal value,0,Units,0,Zero
DATAFLOW,OECD.ELS.SAE:DSD_POPULATION@DF_POP_HIST(1.0),Historical population data,I,HUN,Hungary,POP,Population,PS,Persons,_T,Total,_T,Total,H,Historical,1996,,10311235,,A,Normal value,0,Units,0,Zero
DATAFLOW,OECD.ELS.SAE:DSD_POPULATION@DF_POP_HIST(1.0),Historical population data,I,HUN,Hungary,POP,Population,PS,Persons,_T,Total,_T,Total,H,Historical,1997,,10290475,,A,Normal value,0,Units,0,Zero
DATAFLOW,OECD.ELS.SAE:DSD_POPULATION@DF_POP_HIST(1.0),Historical population data,I,HUN,Hungary,POP,Population,PS,Persons,_T,Total,_T,Total,H,Historical,1998,,10266571,,A,Normal value,0,Units,0,Zero
DATAFLOW,OECD.ELS.SAE:DSD_POPULATION@DF_POP_HIST(1.0),Historical population data,I,HUN,Hungary,POP,Population,PS,Persons,_T,Total,_T,Total,H,Historical,1999,,10237527,,A,Normal value,0,Units,0,Zero
DATAFLOW,OECD.ELS.SAE:DSD_POPULATION@DF_POP_HIST(1.0),Historical population data,I,HUN,Hungary,POP,Population,PS,Persons,_T,Total,_T,Total,H,Historical,2000,,10210965,,A,Normal value,0,Units,0,Zero
DATAFLOW,OECD.ELS.SAE:DSD_POPULATION@DF_POP_HIST(1.0),Historical population data,I,HUN,Hungary,POP,Population,PS,Persons,_T,Total,_T,Total,H,Historical,2001,,10187578,,A,Normal value,0,Units,0,Zero
DATAFLOW,OECD.ELS.SAE:DSD_POPULATION@DF_POP_HIST(1.0),Historical population data,I,HUN,Hungary,POP,Population,PS,Persons,_T,Total,_T,Total,H,Historical,2002,,10158610,,A,Normal value,0,Units,0,Zero
DATAFLOW,OECD.ELS.SAE:DSD_POPULATION@DF_POP_HIST(1.0),Historical population data,I,HUN,Hungary,POP,Population,PS,Persons,_T,Total,_T,Total,H,Historical,2003,,10129554,,A,Normal value,0,Units,0,Zero
DATAFLOW,OECD.ELS.SAE:DSD_POPULATION@DF_POP_HIST(1.0),Historical population data,I,HUN,Hungary,POP,Population,PS,Persons,_T,Total,_T,Total,H,Historical,2004,,10107140,,A,Normal value,0,Units,0,Zero
DATAFLOW,OECD.ELS.SAE:DSD_POPULATION@DF_POP_HIST(1.0),Historical population data,I,HUN,Hungary,POP,Population,PS,Persons,_T,Total,_T,Total,H,Historical,2005,,10087064,,A,Normal value,0,Units,0,Zero
DATAFLOW,OECD.ELS.SAE:DSD_POPULATION@DF_POP_HIST(1.0),Historical population data,I,HUN,Hungary,POP,Population,PS,Persons,_T,Total,_T,Total,H,Historical,2006,,10071374,,A,Normal value,0,Units,0,Zero
DATAFLOW,OECD.ELS.SAE:DSD_POPULATION@DF_POP_HIST(1.0),Historical population data,I,HUN,Hungary,POP,Population,PS,Persons,_T,Total,_T,Total,H,Historical,2007,,10055778,,A,Normal value,0,Units,0,Zero
DATAFLOW,OECD.ELS.SAE:DSD_POPULATION@DF_POP_HIST(1.0),Historical population data,I,HUN,Hungary,POP,Population,PS,Persons,_T,Total,_T,Total,H,Historical,2008,,10038186,,A,Normal value,0,Units,0,Zero
DATAFLOW,OECD.ELS.SAE:DSD_POPULATION@DF_POP_HIST(1.0),Historical population data,I,HUN,Hungary,POP,Population,PS,Persons,_T,Total,_T,Total,H,Historical,2009,,10022647,,A,Normal value,0,Units,0,Zero
DATAFLOW,OECD.ELS.SAE:DSD_POPULATION@DF_POP_HIST(1.0),Historical population data,I,HUN,Hungary,POP,Population,PS,Persons,_T,Total,_T,Total,H,Historical,2010,,10000020,,A,Normal value,0,Units,0,Zero
DATAFLOW,OECD.ELS.SAE:DSD_POPULATION@DF_POP_HIST(1.0),Historical population data,I,HUN,Hungary,POP,Population,PS,Persons,_T,Total,_T,Total,H,Historical,2011,,9958824,,A,Normal value,0,Units,0,Zero
DATAFLOW,OECD.ELS.SAE:DSD_POPULATION@DF_POP_HIST(1.0),Historical population data,I,ISL,Iceland,POP,Population,PS,Persons,_T,Total,_T,Total,H,Historical,1969,,203370,,A,Normal value,0,Units,0,Zero
DATAFLOW,OECD.ELS.SAE:DSD_POPULATION@DF_POP_HIST(1.0),Historical population data,I,ISL,Iceland,POP,Population,PS,Persons,_T,Total,_T,Total,H,Historical,1970,,204438,,A,Normal value,0,Units,0,Zero
DATAFLOW,OECD.ELS.SAE:DSD_POPULATION@DF_POP_HIST(1.0),Historical population data,I,ISL,Iceland,POP,Population,PS,Persons,_T,Total,_T,Total,H,Historical,1971,,206099,,A,Normal value,0,Units,0,Zero
DATAFLOW,OECD.ELS.SAE:DSD_POPULATION@DF_POP_HIST(1.0),Historical population data,I,ISL,Iceland,POP,Population,PS,Persons,_T,Total,_T,Total,H,Historical,1972,,209137,,A,Normal value,0,Units,0,Zero
DATAFLOW,OECD.ELS.SAE:DSD_POPULATION@DF_POP_HIST(1.0),Historical population data,I,ISL,Iceland,POP,Population,PS,Persons,_T,Total,_T,Total,H,Historical,1973,,212316,,A,Normal value,0,Units,0,Zero
DATAFLOW,OECD.ELS.SAE:DSD_POPULATION@DF_POP_HIST(1.0),Historical population data,I,ISL,Iceland,POP,Population,PS,Persons,_T,Total,_T,Total,H,Historical,1974,,215206,,A,Normal value,0,Units,0,Zero
DATAFLOW,OECD.ELS.SAE:DSD_POPULATION@DF_POP_HIST(1.0),Historical population data,I,ISL,Iceland,POP,Population,PS,Persons,_T,Total,_T,Total,H,Historical,1975,,217974,,A,Normal value,0,Units,0,Zero
DATAFLOW,OECD.ELS.SAE:DSD_POPULATION@DF_POP_HIST(1.0),Historical population data,I,ISL,Iceland,POP,Population,PS,Persons,_T,Total,_T,Total,H,Historical,1976,,220151,,A,Normal value,0,Units,0,Zero
DATAFLOW,OECD.ELS.SAE:DSD_POPULATION@DF_POP_HIST(1.0),Historical population data,I,ISL,Iceland,POP,Population,PS,Persons,_T,Total,_T,Total,H,Historical,1977,,221801,,A,Normal value,0,Units,0,Zero
DATAFLOW,OECD.ELS.SAE:DSD_POPULATION@DF_POP_HIST(1.0),Historical population data,I,ISL,Iceland,POP,Population,PS,Persons,_T,Total,_T,Total,H,Historical,1978,,223537,,A,Normal value,0,Units,0,Zero
DATAFLOW,OECD.ELS.SAE:DSD_POPULATION@DF_POP_HIST(1.0),Historical population data,I,ISL,Iceland,POP,Population,PS,Persons,_T,Total,_T,Total,H,Historical,1979,,225734,,A,Normal value,0,Units,0,Zero
DATAFLOW,OECD.ELS.SAE:DSD_POPULATION@DF_POP_HIST(1.0),Historical population data,I,ISL,Iceland,POP,Population,PS,Persons,_T,Total,_T,Total,H,Historical,1980,,228133,,A,Normal value,0,Units,0,Zero
DATAFLOW,OECD.ELS.SAE:DSD_POPULATION@DF_POP_HIST(1.0),Historical population data,I,ISL,Iceland,POP,Population,PS,Persons,_T,Total,_T,Total,H,Historical,1981,,230757,,A,Normal value,0,Units,0,Zero
DATAFLOW,OECD.ELS.SAE:DSD_POPULATION@DF_POP_HIST(1.0),Historical population data,I,ISL,Iceland,POP,Population,PS,Persons,_T,Total,_T,Total,H,Historical,1982,,233855,,A,Normal value,0,Units,0,Zero
DATAFLOW,OECD.ELS.SAE:DSD_POPULATION@DF_POP_HIST(1.0),Historical population data,I,ISL,Iceland,POP,Population,PS,Persons,_T,Total,_T,Total,H,Historical,1983,,236976,,A,Normal value,0,Units,0,Zero
DATAFLOW,OECD.ELS.SAE:DSD_POPULATION@DF_POP_HIST(1.0),Historical population data,I,ISL,Iceland,POP,Population,PS,Persons,_T,Total,_T,Total,H,Historical,1984,,239506,,A,Normal value,0,Units,0,Zero
DATAFLOW,OECD.ELS.SAE:DSD_POPULATION@DF_POP_HIST(1.0),Historical population data,I,ISL,Iceland,POP,Population,PS,Persons,_T,Total,_T,Total,H,Historical,1985,,241409,,A,Normal value,0,Units,0,Zero
DATAFLOW,OECD.ELS.SAE:DSD_POPULATION@DF_POP_HIST(1.0),Historical population data,I,ISL,Iceland,POP,Population,PS,Persons,_T,Total,_T,Total,H,Historical,1986,,243187,,A,Normal value,0,Units,0,Zero
DATAFLOW,OECD.ELS.SAE:DSD_POPULATION@DF_POP_HIST(1.0),Historical population data,I,ISL,Iceland,POP,Population,PS,Persons,_T,Total,_T,Total,H,Historical,1987,,245864,,A,Normal value,0,Units,0,Zero
DATAFLOW,OECD.ELS.SAE:DSD_POPULATION@DF_POP_HIST(1.0),Historical population data,I,ISL,Iceland,POP,Population,PS,Persons,_T,Total,_T,Total,H,Historical,1988,,249734,,A,Normal value,0,Units,0,Zero
DATAFLOW,OECD.ELS.SAE:DSD_POPULATION@DF_POP_HIST(1.0),Historical population data,I,ISL,Iceland,POP,Population,PS,Persons,_T,Total,_T,Total,H,Historical,1989,,252851,,A,Normal value,0,Units,0,Zero
DATAFLOW,OECD.ELS.SAE:DSD_POPULATION@DF_POP_HIST(1.0),Historical population data,I,ISL,Iceland,POP,Population,PS,Persons,_T,Total,_T,Total,H,Historical,1990,,254820,,A,Normal value,0,Units,0,Zero
DATAFLOW,OECD.ELS.SAE:DSD_POPULATION@DF_POP_HIST(1.0),Historical population data,I,ISL,Iceland,POP,Population,PS,Persons,_T,Total,_T,Total,H,Historical,1991,,257795,,A,Normal value,0,Units,0,Zero
DATAFLOW,OECD.ELS.SAE:DSD_POPULATION@DF_POP_HIST(1.0),Historical population data,I,ISL,Iceland,POP,Population,PS,Persons,_T,Total,_T,Total,H,Historical,1992,,261053,,A,Normal value,0,Units,0,Zero
DATAFLOW,OECD.ELS.SAE:DSD_POPULATION@DF_POP_HIST(1.0),Historical population data,I,ISL,Iceland,POP,Population,PS,Persons,_T,Total,_T,Total,H,Historical,1993,,263730,,A,Normal value,0,Units,0,Zero
DATAFLOW,OECD.ELS.SAE:DSD_POPULATION@DF_POP_HIST(1.0),Historical population data,I,ISL,Iceland,POP,Population,PS,Persons,_T,Total,_T,Total,H,Historical,1994,,266021,,A,Normal value,0,Units,0,Zero
DATAFLOW,OECD.ELS.SAE:DSD_POPULATION@DF_POP_HIST(1.0),Historical population data,I,ISL,Iceland,POP,Population,PS,Persons,_T,Total,_T,Total,H,Historical,1995,,267467,,A,Normal value,0,Units,0,Zero
DATAFLOW,OECD.ELS.SAE:DSD_POPULATION@DF_POP_HIST(1.0),Historical population data,I,ISL,Iceland,POP,Population,PS,Persons,_T,Total,_T,Total,H,Historical,1996,,268918,,A,Normal value,0,Units,0,Zero
DATAFLOW,OECD.ELS.SAE:DSD_POPULATION@DF_POP_HIST(1.0),Historical population data,I,ISL,Iceland,POP,Population,PS,Persons,_T,Total,_T,Total,H,Historical,1997,,271130,,A,Normal value,0,Units,0,Zero
DATAFLOW,OECD.ELS.SAE:DSD_POPULATION@DF_POP_HIST(1.0),Historical population data,I,ISL,Iceland,POP,Population,PS,Persons,_T,Total,_T,Total,H,Historical,1998,,274049,,A,Normal value,0,Units,0,Zero
DATAFLOW,OECD.ELS.SAE:DSD_POPULATION@DF_POP_HIST(1.0),Historical population data,I,ISL,Iceland,POP,Population,PS,Persons,_T,Total,_T,Total,H,Historical,1999,,277384,,A,Normal value,0,Units,0,Zero
DATAFLOW,OECD.ELS.SAE:DSD_POPULATION@DF_POP_HIST(1.0),Historical population data,I,ISL,Iceland,POP,Population,PS,Persons,_T,Total,_T,Total,H,Historical,2000,,281200,,A,Normal value,0,Units,0,Zero
DATAFLOW,OECD.ELS.SAE:DSD_POPULATION@DF_POP_HIST(1.0),Historical population data,I,ISL,Iceland,POP,Population,PS,Persons,_T,Total,_T,Total,H,Historical,2001,,284970,,A,Normal value,0,Units,0,Zero
DATAFLOW,OECD.ELS.SAE:DSD_POPULATION@DF_POP_HIST(1.0),Historical population data,I,ISL,Iceland,POP,Population,PS,Persons,_T,Total,_T,Total,H,Historical,2002,,287516,,A,Normal value,0,Units,0,Zero
DATAFLOW,OECD.ELS.SAE:DSD_POPULATION@DF_POP_HIST(1.0),Historical population data,I,ISL,Iceland,POP,Population,PS,Persons,_T,Total,_T,Total,H,Historical,2003,,289522,,A,Normal value,0,Units,0,Zero
DATAFLOW,OECD.ELS.SAE:DSD_POPULATION@DF_POP_HIST(1.0),Historical population data,I,ISL,Iceland,POP,Population,PS,Persons,_T,Total,_T,Total,H,Historical,2004,,292077,,A,Normal value,0,Units,0,Zero
DATAFLOW,OECD.ELS.SAE:DSD_POPULATION@DF_POP_HIST(1.0),Historical population data,I,ISL,Iceland,POP,Population,PS,Persons,_T,Total,_T,Total,H,Historical,2005,,296734,,A,Normal value,0,Units,0,Zero
DATAFLOW,OECD.ELS.SAE:DSD_POPULATION@DF_POP_HIST(1.0),Historical population data,I,ISL,Iceland,POP,Population,PS,Persons,_T,Total,_T,Total,H,Historical,2006,,303784,,A,Normal value,0,Units,0,Zero
DATAFLOW,OECD.ELS.SAE:DSD_POPULATION@DF_POP_HIST(1.0),Historical population data,I,ISL,Iceland,POP,Population,PS,Persons,_T,Total,_T,Total,H,Historical,2007,,311567,,A,Normal value,0,Units,0,Zero
DATAFLOW,OECD.ELS.SAE:DSD_POPULATION@DF_POP_HIST(1.0),Historical population data,I,ISL,Iceland,POP,Population,PS,Persons,_T,Total,_T,Total,H,Historical,2008,,317404,,A,Normal value,0,Units,0,Zero
DATAFLOW,OECD.ELS.SAE:DSD_POPULATION@DF_POP_HIST(1.0),Historical population data,I,ISL,Iceland,POP,Population,PS,Persons,_T,Total,_T,Total,H,Historical,2009,,318501,,A,Normal value,0,Units,0,Zero
DATAFLOW,OECD.ELS.SAE:DSD_POPULATION@DF_POP_HIST(1.0),Historical population data,I,ISL,Iceland,POP,Population,PS,Persons,_T,Total,_T,Total,H,Historical,2010,,318044,,A,Normal value,0,Units,0,Zero
DATAFLOW,OECD.ELS.SAE:DSD_POPULATION@DF_POP_HIST(1.0),Historical population data,I,KOR,Korea,POP,Population,PS,Persons,_T,Total,_T,Total,H,Historical,1969,,31544266,,A,Normal value,0,Units,0,Zero
DATAFLOW,OECD.ELS.SAE:DSD_POPULATION@DF_POP_HIST(1.0),Historical population data,I,KOR,Korea,POP,Population,PS,Persons,_T,Total,_T,Total,H,Historical,1970,,32240827,,A,Normal value,0,Units,0,Zero
DATAFLOW,OECD.ELS.SAE:DSD_POPULATION@DF_POP_HIST(1.0),Historical population data,I,KOR,Korea,POP,Population,PS,Persons,_T,Total,_T,Total,H,Historical,1971,,32882704,,A,Normal value,0,Units,0,Zero
DATAFLOW,OECD.ELS.SAE:DSD_POPULATION@DF_POP_HIST(1.0),Historical population data,I,KOR,Korea,POP,Population,PS,Persons,_T,Total,_T,Total,H,Historical,1972,,33505406,,A,Normal value,0,Units,0,Zero
DATAFLOW,OECD.ELS.SAE:DSD_POPULATION@DF_POP_HIST(1.0),Historical population data,I,KOR,Korea,POP,Population,PS,Persons,_T,Total,_T,Total,H,Historical,1973,,34103149,,A,Normal value,0,Units,0,Zero
DATAFLOW,OECD.ELS.SAE:DSD_POPULATION@DF_POP_HIST(1.0),Historical population data,I,KOR,Korea,POP,Population,PS,Persons,_T,Total,_T,Total,H,Historical,1974,,34692266,,A,Normal value,0,Units,0,Zero
DATAFLOW,OECD.ELS.SAE:DSD_POPULATION@DF_POP_HIST(1.0),Historical population data,I,KOR,Korea,POP,Population,PS,Persons,_T,Total,_T,Total,H,Historical,1975,,35280725,,A,Normal value,0,Units,0,Zero
DATAFLOW,OECD.ELS.SAE:DSD_POPULATION@DF_POP_HIST(1.0),Historical population data,I,KOR,Korea,POP,Population,PS,Persons,_T,Total,_T,Total,H,Historical,1976,,35848523,,A,Normal value,0,Units,0,Zero
DATAFLOW,OECD.ELS.SAE:DSD_POPULATION@DF_POP_HIST(1.0),Historical population data,I,KOR,Korea,POP,Population,PS,Persons,_T,Total,_T,Total,H,Historical,1977,,36411795,,A,Normal value,0,Units,0,Zero
DATAFLOW,OECD.ELS.SAE:DSD_POPULATION@DF_POP_HIST(1.0),Historical population data,I,KOR,Korea,POP,Population,PS,Persons,_T,Total,_T,Total,H,Historical,1978,,36969185,,A,Normal value,0,Units,0,Zero
DATAFLOW,OECD.ELS.SAE:DSD_POPULATION@DF_POP_HIST(1.0),Historical population data,I,KOR,Korea,POP,Population,PS,Persons,_T,Total,_T,Total,H,Historical,1979,,37534236,,A,Normal value,0,Units,0,Zero
DATAFLOW,OECD.ELS.SAE:DSD_POPULATION@DF_POP_HIST(1.0),Historical population data,I,KOR,Korea,POP,Population,PS,Persons,_T,Total,_T,Total,H,Historical,1980,,38123775,,A,Normal value,0,Units,0,Zero
DATAFLOW,OECD.ELS.SAE:DSD_POPULATION@DF_POP_HIST(1.0),Historical population data,I,KOR,Korea,POP,Population,PS,Persons,_T,Total,_T,Total,H,Historical,1981,,38723248,,A,Normal value,0,Units,0,Zero
DATAFLOW,OECD.ELS.SAE:DSD_POPULATION@DF_POP_HIST(1.0),Historical population data,I,KOR,Korea,POP,Population,PS,Persons,_T,Total,_T,Total,H,Historical,1982,,39326352,,A,Normal value,0,Units,0,Zero
DATAFLOW,OECD.ELS.SAE:DSD_POPULATION@DF_POP_HIST(1.0),Historical population data,I,KOR,Korea,POP,Population,PS,Persons,_T,Total,_T,Total,H,Historical,1983,,39910403,,A,Normal value,0,Units,0,Zero
DATAFLOW,OECD.ELS.SAE:DSD_POPULATION@DF_POP_HIST(1.0),Historical population data,I,KOR,Korea,POP,Population,PS,Persons,_T,Total,_T,Total,H,Historical,1984,,40405956,,A,Normal value,0,Units,0,Zero
DATAFLOW,OECD.ELS.SAE:DSD_POPULATION@DF_POP_HIST(1.0),Historical population data,I,KOR,Korea,POP,Population,PS,Persons,_T,Total,_T,Total,H,Historical,1985,,40805744,,A,Normal value,0,Units,0,Zero
DATAFLOW,OECD.ELS.SAE:DSD_POPULATION@DF_POP_HIST(1.0),Historical population data,I,KOR,Korea,POP,Population,PS,Persons,_T,Total,_T,Total,H,Historical,1986,,41213674,,A,Normal value,0,Units,0,Zero
DATAFLOW,OECD.ELS.SAE:DSD_POPULATION@DF_POP_HIST(1.0),Historical population data,I,KOR,Korea,POP,Population,PS,Persons,_T,Total,_T,Total,H,Historical,1987,,41621690,,A,Normal value,0,Units,0,Zero
DATAFLOW,OECD.ELS.SAE:DSD_POPULATION@DF_POP_HIST(1.0),Historical population data,I,KOR,Korea,POP,Population,PS,Persons,_T,Total,_T,Total,H,Historical,1988,,42031247,,A,Normal value,0,Units,0,Zero
DATAFLOW,OECD.ELS.SAE:DSD_POPULATION@DF_POP_HIST(1.0),Historical population data,I,KOR,Korea,POP,Population,PS,Persons,_T,Total,_T,Total,H,Historical,1989,,42449038,,A,Normal value,0,Units,0,Zero
DATAFLOW,OECD.ELS.SAE:DSD_POPULATION@DF_POP_HIST(1.0),Historical population data,I,KOR,Korea,POP,Population,PS,Persons,_T,Total,_T,Total,H,Historical,1990,,42869283,,A,Normal value,0,Units,0,Zero
DATAFLOW,OECD.ELS.SAE:DSD_POPULATION@DF_POP_HIST(1.0),Historical population data,I,KOR,Korea,POP,Population,PS,Persons,_T,Total,_T,Total,H,Historical,1991,,43295704,,A,Normal value,0,Units,0,Zero
DATAFLOW,OECD.ELS.SAE:DSD_POPULATION@DF_POP_HIST(1.0),Historical population data,I,KOR,Korea,POP,Population,PS,Persons,_T,Total,_T,Total,H,Historical,1992,,43747962,,A,Normal value,0,Units,0,Zero
DATAFLOW,OECD.ELS.SAE:DSD_POPULATION@DF_POP_HIST(1.0),Historical population data,I,KOR,Korea,POP,Population,PS,Persons,_T,Total,_T,Total,H,Historical,1993,,44194628,,A,Normal value,0,Units,0,Zero
DATAFLOW,OECD.ELS.SAE:DSD_POPULATION@DF_POP_HIST(1.0),Historical population data,I,KOR,Korea,POP,Population,PS,Persons,_T,Total,_T,Total,H,Historical,1994,,44641540,,A,Normal value,0,Units,0,Zero
DATAFLOW,OECD.ELS.SAE:DSD_POPULATION@DF_POP_HIST(1.0),Historical population data,I,KOR,Korea,POP,Population,PS,Persons,_T,Total,_T,Total,H,Historical,1995,,45092991,,A,Normal value,0,Units,0,Zero
DATAFLOW,OECD.ELS.SAE:DSD_POPULATION@DF_POP_HIST(1.0),Historical population data,I,KOR,Korea,POP,Population,PS,Persons,_T,Total,_T,Total,H,Historical,1996,,45524681,,A,Normal value,0,Units,0,Zero
DATAFLOW,OECD.ELS.SAE:DSD_POPULATION@DF_POP_HIST(1.0),Historical population data,I,KOR,Korea,POP,Population,PS,Persons,_T,Total,_T,Total,H,Historical,1997,,45953580,,A,Normal value,0,Units,0,Zero
DATAFLOW,OECD.ELS.SAE:DSD_POPULATION@DF_POP_HIST(1.0),Historical population data,I,KOR,Korea,POP,Population,PS,Persons,_T,Total,_T,Total,H,Historical,1998,,46286503,,A,Normal value,0,Units,0,Zero
DATAFLOW,OECD.ELS.SAE:DSD_POPULATION@DF_POP_HIST(1.0),Historical population data,I,KOR,Korea,POP,Population,PS,Persons,_T,Total,_T,Total,H,Historical,1999,,46616677,,A,Normal value,0,Units,0,Zero
DATAFLOW,OECD.ELS.SAE:DSD_POPULATION@DF_POP_HIST(1.0),Historical population data,I,KOR,Korea,POP,Population,PS,Persons,_T,Total,_T,Total,H,Historical,2000,,47008111,,A,Normal value,0,Units,0,Zero
DATAFLOW,OECD.ELS.SAE:DSD_POPULATION@DF_POP_HIST(1.0),Historical population data,I,KOR,Korea,POP,Population,PS,Persons,_T,Total,_T,Total,H,Historical,2001,,47370164,,A,Normal value,0,Units,0,Zero
DATAFLOW,OECD.ELS.SAE:DSD_POPULATION@DF_POP_HIST(1.0),Historical population data,I,KOR,Korea,POP,Population,PS,Persons,_T,Total,_T,Total,H,Historical,2002,,47644736,,A,Normal value,0,Units,0,Zero
DATAFLOW,OECD.ELS.SAE:DSD_POPULATION@DF_POP_HIST(1.0),Historical population data,I,KOR,Korea,POP,Population,PS,Persons,_T,Total,_T,Total,H,Historical,2003,,47892330,,A,Normal value,0,Units,0,Zero
DATAFLOW,OECD.ELS.SAE:DSD_POPULATION@DF_POP_HIST(1.0),Historical population data,I,KOR,Korea,POP,Population,PS,Persons,_T,Total,_T,Total,H,Historical,2004,,48082519,,A,Normal value,0,Units,0,Zero
DATAFLOW,OECD.ELS.SAE:DSD_POPULATION@DF_POP_HIST(1.0),Historical population data,I,KOR,Korea,POP,Population,PS,Persons,_T,Total,_T,Total,H,Historical,2005,,48184561,,A,Normal value,0,Units,0,Zero
DATAFLOW,OECD.ELS.SAE:DSD_POPULATION@DF_POP_HIST(1.0),Historical population data,I,KOR,Korea,POP,Population,PS,Persons,_T,Total,_T,Total,H,Historical,2006,,48438292,,A,Normal value,0,Units,0,Zero
DATAFLOW,OECD.ELS.SAE:DSD_POPULATION@DF_POP_HIST(1.0),Historical population data,I,KOR,Korea,POP,Population,PS,Persons,_T,Total,_T,Total,H,Historical,2007,,48683638,,A,Normal value,0,Units,0,Zero
DATAFLOW,OECD.ELS.SAE:DSD_POPULATION@DF_POP_HIST(1.0),Historical population data,I,KOR,Korea,POP,Population,PS,Persons,_T,Total,_T,Total,H,Historical,2008,,49054708,,A,Normal value,0,Units,0,Zero
DATAFLOW,OECD.ELS.SAE:DSD_POPULATION@DF_POP_HIST(1.0),Historical population data,I,KOR,Korea,POP,Population,PS,Persons,_T,Total,_T,Total,H,Historical,2009,,49307835,,A,Normal value,0,Units,0,Zero
DATAFLOW,OECD.ELS.SAE:DSD_POPULATION@DF_POP_HIST(1.0),Historical population data,I,KOR,Korea,POP,Population,PS,Persons,_T,Total,_T,Total,H,Historical,2010,,49554112,,A,Normal value,0,Units,0,Zero
DATAFLOW,OECD.ELS.SAE:DSD_POPULATION@DF_POP_HIST(1.0),Historical population data,I,KOR,Korea,POP,Population,PS,Persons,_T,Total,_T,Total,H,Historical,2011,,49936638,,A,Normal value,0,Units,0,Zero
DATAFLOW,OECD.ELS.SAE:DSD_POPULATION@DF_POP_HIST(1.0),Historical population data,I,KOR,Korea,POP,Population,PS,Persons,_T,Total,_T,Total,H,Historical,2012,,50199853,,A,Normal value,0,Units,0,Zero
DATAFLOW,OECD.ELS.SAE:DSD_POPULATION@DF_POP_HIST(1.0),Historical population data,I,KOR,Korea,POP,Population,PS,Persons,_T,Total,_T,Total,H,Historical,2013,,50428893,,A,Normal value,0,Units,0,Zero
DATAFLOW,OECD.ELS.SAE:DSD_POPULATION@DF_POP_HIST(1.0),Historical population data,I,KOR,Korea,POP,Population,PS,Persons,_T,Total,_T,Total,H,Historical,2014,,50746659,,A,Normal value,0,Units,0,Zero
DATAFLOW,OECD.ELS.SAE:DSD_POPULATION@DF_POP_HIST(1.0),Historical population data,I,KOR,Korea,POP,Population,PS,Persons,_T,Total,_T,Total,H,Historical,2015,,51014947,,A,Normal value,0,Units,0,Zero
DATAFLOW,OECD.ELS.SAE:DSD_POPULATION@DF_POP_HIST(1.0),Historical population data,I,KOR,Korea,POP,Population,PS,Persons,_T,Total,_T,Total,H,Historical,2016,,51217803,,A,Normal value,0,Units,0,Zero
DATAFLOW,OECD.ELS.SAE:DSD_POPULATION@DF_POP_HIST(1.0),Historical population data,I,KOR,Korea,POP,Population,PS,Persons,_T,Total,_T,Total,H,Historical,2017,,51361911,,A,Normal value,0,Units,0,Zero
DATAFLOW,OECD.ELS.SAE:DSD_POPULATION@DF_POP_HIST(1.0),Historical population data,I,KOR,Korea,POP,Population,PS,Persons,_T,Total,_T,Total,H,Historical,2018,,51585058,,A,Normal value,0,Units,0,Zero
DATAFLOW,OECD.ELS.SAE:DSD_POPULATION@DF_POP_HIST(1.0),Historical population data,I,KOR,Korea,POP,Population,PS,Persons,_T,Total,_T,Total,H,Historical,2019,,51764822,,A,Normal value,0,Units,0,Zero
DATAFLOW,OECD.ELS.SAE:DSD_POPULATION@DF_POP_HIST(1.0),Historical population data,I,KOR,Korea,POP,Population,PS,Persons,_T,Total,_T,Total,H,Historical,2020,,51836239,,A,Normal value,0,Units,0,Zero
DATAFLOW,OECD.ELS.SAE:DSD_POPULATION@DF_POP_HIST(1.0),Historical population data,I,LVA,Latvia,POP,Population,PS,Persons,_T,Total,_T,Total,H,Historical,1970,,2359164,,A,Normal value,0,Units,0,Zero
DATAFLOW,OECD.ELS.SAE:DSD_POPULATION@DF_POP_HIST(1.0),Historical population data,I,LVA,Latvia,POP,Population,PS,Persons,_T,Total,_T,Total,H,Historical,1971,,2376389,,A,Normal value,0,Units,0,Zero
DATAFLOW,OECD.ELS.SAE:DSD_POPULATION@DF_POP_HIST(1.0),Historical population data,I,LVA,Latvia,POP,Population,PS,Persons,_T,Total,_T,Total,H,Historical,1972,,2395674,,A,Normal value,0,Units,0,Zero
DATAFLOW,OECD.ELS.SAE:DSD_POPULATION@DF_POP_HIST(1.0),Historical population data,I,LVA,Latvia,POP,Population,PS,Persons,_T,Total,_T,Total,H,Historical,1973,,2415819,,A,Normal value,0,Units,0,Zero
DATAFLOW,OECD.ELS.SAE:DSD_POPULATION@DF_POP_HIST(1.0),Historical population data,I,LVA,Latvia,POP,Population,PS,Persons,_T,Total,_T,Total,H,Historical,1974,,2437186,,A,Normal value,0,Units,0,Zero
DATAFLOW,OECD.ELS.SAE:DSD_POPULATION@DF_POP_HIST(1.0),Historical population data,I,LVA,Latvia,POP,Population,PS,Persons,_T,Total,_T,Total,H,Historical,1975,,2456130,,A,Normal value,0,Units,0,Zero
DATAFLOW,OECD.ELS.SAE:DSD_POPULATION@DF_POP_HIST(1.0),Historical population data,I,LVA,Latvia,POP,Population,PS,Persons,_T,Total,_T,Total,H,Historical,1976,,2470989,,A,Normal value,0,Units,0,Zero
DATAFLOW,OECD.ELS.SAE:DSD_POPULATION@DF_POP_HIST(1.0),Historical population data,I,LVA,Latvia,POP,Population,PS,Persons,_T,Total,_T,Total,H,Historical,1977,,2485073,,A,Normal value,0,Units,0,Zero
DATAFLOW,OECD.ELS.SAE:DSD_POPULATION@DF_POP_HIST(1.0),Historical population data,I,LVA,Latvia,POP,Population,PS,Persons,_T,Total,_T,Total,H,Historical,1978,,2497921,,A,Normal value,0,Units,0,Zero
DATAFLOW,OECD.ELS.SAE:DSD_POPULATION@DF_POP_HIST(1.0),Historical population data,I,LVA,Latvia,POP,Population,PS,Persons,_T,Total,_T,Total,H,Historical,1979,,2505953,,A,Normal value,0,Units,0,Zero
DATAFLOW,OECD.ELS.SAE:DSD_POPULATION@DF_POP_HIST(1.0),Historical population data,I,LVA,Latvia,POP,Population,PS,Persons,_T,Total,_T,Total,H,Historical,1980,,2511701,,A,Normal value,0,Units,0,Zero
DATAFLOW,OECD.ELS.SAE:DSD_POPULATION@DF_POP_HIST(1.0),Historical population data,I,LVA,Latvia,POP,Population,PS,Persons,_T,Total,_T,Total,H,Historical,1981,,2519421,,A,Normal value,0,Units,0,Zero
DATAFLOW,OECD.ELS.SAE:DSD_POPULATION@DF_POP_HIST(1.0),Historical population data,I,LVA,Latvia,POP,Population,PS,Persons,_T,Total,_T,Total,H,Historical,1982,,2531080,,A,Normal value,0,Units,0,Zero
DATAFLOW,OECD.ELS.SAE:DSD_POPULATION@DF_POP_HIST(1.0),Historical population data,I,LVA,Latvia,POP,Population,PS,Persons,_T,Total,_T,Total,H,Historical,1983,,2546011,,A,Normal value,0,Units,0,Zero
DATAFLOW,OECD.ELS.SAE:DSD_POPULATION@DF_POP_HIST(1.0),Historical population data,I,LVA,Latvia,POP,Population,PS,Persons,_T,Total,_T,Total,H,Historical,1984,,2562047,,A,Normal value,0,Units,0,Zero
DATAFLOW,OECD.ELS.SAE:DSD_POPULATION@DF_POP_HIST(1.0),Historical population data,I,LVA,Latvia,POP,Population,PS,Persons,_T,Total,_T,Total,H,Historical,1985,,2578873,,A,Normal value,0,Units,0,Zero
DATAFLOW,OECD.ELS.SAE:DSD_POPULATION@DF_POP_HIST(1.0),Historical population data,I,LVA,Latvia,POP,Population,PS,Persons,_T,Total,_T,Total,H,Historical,1986,,2599892,,A,Normal value,0,Units,0,Zero
DATAFLOW,OECD.ELS.SAE:DSD_POPULATION@DF_POP_HIST(1.0),Historical population data,I,LVA,Latvia,POP,Population,PS,Persons,_T,Total,_T,Total,H,Historical,1987,,2626583,,A,Normal value,0,Units,0,Zero
DATAFLOW,OECD.ELS.SAE:DSD_POPULATION@DF_POP_HIST(1.0),Historical population data,I,LVA,Latvia,POP,Population,PS,Persons,_T,Total,_T,Total,H,Historical,1988,,2653434,,A,Normal value,0,Units,0,Zero
DATAFLOW,OECD.ELS.SAE:DSD_POPULATION@DF_POP_HIST(1.0),Historical population data,I,LVA,Latvia,POP,Population,PS,Persons,_T,Total,_T,Total,H,Historical,1989,,2666955,,A,Normal value,0,Units,0,Zero
DATAFLOW,OECD.ELS.SAE:DSD_POPULATION@DF_POP_HIST(1.0),Historical population data,I,LVA,Latvia,POP,Population,PS,Persons,_T,Total,_T,Total,H,Historical,1990,,2663146,,A,Normal value,0,Units,0,Zero
DATAFLOW,OECD.ELS.SAE:DSD_POPULATION@DF_POP_HIST(1.0),Historical population data,I,LVA,Latvia,POP,Population,PS,Persons,_T,Total,_T,Total,H,Historical,1991,,2650581,,A,Normal value,0,Units,0,Zero
DATAFLOW,OECD.ELS.SAE:DSD_POPULATION@DF_POP_HIST(1.0),Historical population data,I,LVA,Latvia,POP,Population,PS,Persons,_T,Total,_T,Total,H,Historical,1992,,2614338,,A,Normal value,0,Units,0,Zero
DATAFLOW,OECD.ELS.SAE:DSD_POPULATION@DF_POP_HIST(1.0),Historical population data,I,LVA,Latvia,POP,Population,PS,Persons,_T,Total,_T,Total,H,Historical,1993,,2563289,,A,Normal value,0,Units,0,Zero
DATAFLOW,OECD.ELS.SAE:DSD_POPULATION@DF_POP_HIST(1.0),Historical population data,I,LVA,Latvia,POP,Population,PS,Persons,_T,Total,_T,Total,H,Historical,1994,,2520742,,A,Normal value,0,Units,0,Zero
DATAFLOW,OECD.ELS.SAE:DSD_POPULATION@DF_POP_HIST(1.0),Historical population data,I,LVA,Latvia,POP,Population,PS,Persons,_T,Total,_T,Total,H,Historical,1995,,2485054,,A,Normal value,0,Units,0,Zero
DATAFLOW,OECD.ELS.SAE:DSD_POPULATION@DF_POP_HIST(1.0),Historical population data,I,LVA,Latvia,POP,Population,PS,Persons,_T,Total,_T,Total,H,Historical,1996,,2457226,,A,Normal value,0,Units,0,Zero
DATAFLOW,OECD.ELS.SAE:DSD_POPULATION@DF_POP_HIST(1.0),Historical population data,I,LVA,Latvia,POP,Population,PS,Persons,_T,Total,_T,Total,H,Historical,1997,,2432851,,A,Normal value,0,Units,0,Zero
DATAFLOW,OECD.ELS.SAE:DSD_POPULATION@DF_POP_HIST(1.0),Historical population data,I,LVA,Latvia,POP,Population,PS,Persons,_T,Total,_T,Total,H,Historical,1998,,2410027,,A,Normal value,0,Units,0,Zero
DATAFLOW,OECD.ELS.SAE:DSD_POPULATION@DF_POP_HIST(1.0),Historical population data,I,LVA,Latvia,POP,Population,PS,Persons,_T,Total,_T,Total,H,Historical,1999,,2390477,,A,Normal value,0,Units,0,Zero
DATAFLOW,OECD.ELS.SAE:DSD_POPULATION@DF_POP_HIST(1.0),Historical population data,I,LVA,Latvia,POP,Population,PS,Persons,_T,Total,_T,Total,H,Historical,2000,,2367549,,A,Normal value,0,Units,0,Zero
DATAFLOW,OECD.ELS.SAE:DSD_POPULATION@DF_POP_HIST(1.0),Historical population data,I,LVA,Latvia,POP,Population,PS,Persons,_T,Total,_T,Total,H,Historical,2001,,2337172,,A,Normal value,0,Units,0,Zero
DATAFLOW,OECD.ELS.SAE:DSD_POPULATION@DF_POP_HIST(1.0),Historical population data,I,LVA,Latvia,POP,Population,PS,Persons,_T,Total,_T,Total,H,Historical,2002,,2310176,,A,Normal value,0,Units,0,Zero
DATAFLOW,OECD.ELS.SAE:DSD_POPULATION@DF_POP_HIST(1.0),Historical population data,I,LVA,Latvia,POP,Population,PS,Persons,_T,Total,_T,Total,H,Historical,2003,,2287955,,A,Normal value,0,Units,0,Zero
DATAFLOW,OECD.ELS.SAE:DSD_POPULATION@DF_POP_HIST(1.0),Historical population data,I,LVA,Latvia,POP,Population,PS,Persons,_T,Total,_T,Total,H,Historical,2004,,2263123,,A,Normal value,0,Units,0,Zero
DATAFLOW,OECD.ELS.SAE:DSD_POPULATION@DF_POP_HIST(1.0),Historical population data,I,LVA,Latvia,POP,Population,PS,Persons,_T,Total,_T,Total,H,Historical,2005,,2238799,,A,Normal value,0,Units,0,Zero
DATAFLOW,OECD.ELS.SAE:DSD_POPULATION@DF_POP_HIST(1.0),Historical population data,I,LVA,Latvia,POP,Population,PS,Persons,_T,Total,_T,Total,H,Historical,2006,,2218351,,A,Normal value,0,Units,0,Zero
DATAFLOW,OECD.ELS.SAE:DSD_POPULATION@DF_POP_HIST(1.0),Historical population data,I,LVA,Latvia,POP,Population,PS,Persons,_T,Total,_T,Total,H,Historical,2007,,2200325,,A,Normal value,0,Units,0,Zero
DATAFLOW,OECD.ELS.SAE:DSD_POPULATION@DF_POP_HIST(1.0),Historical population data,I,LVA,Latvia,POP,Population,PS,Persons,_T,Total,_T,Total,H,Historical,2008,,2177324,,A,Normal value,0,Units,0,Zero
DATAFLOW,OECD.ELS.SAE:DSD_POPULATION@DF_POP_HIST(1.0),Historical population data,I,LVA,Latvia,POP,Population,PS,Persons,_T,Total,_T,Total,H,Historical,2009,,2141668,,A,Normal value,0,Units,0,Zero
DATAFLOW,OECD.ELS.SAE:DSD_POPULATION@DF_POP_HIST(1.0),Historical population data,I,LVA,Latvia,POP,Population,PS,Persons,_T,Total,_T,Total,H,Historical,2010,,2097553,,A,Normal value,0,Units,0,Zero
DATAFLOW,OECD.ELS.SAE:DSD_POPULATION@DF_POP_HIST(1.0),Historical population data,I,LVA,Latvia,POP,Population,PS,Persons,_T,Total,_T,Total,H,Historical,2011,,2059710,,A,Normal value,0,Units,0,Zero
DATAFLOW,OECD.ELS.SAE:DSD_POPULATION@DF_POP_HIST(1.0),Historical population data,I,LVA,Latvia,POP,Population,PS,Persons,_T,Total,_T,Total,H,Historical,2012,,2034324,,A,Normal value,0,Units,0,Zero
DATAFLOW,OECD.ELS.SAE:DSD_POPULATION@DF_POP_HIST(1.0),Historical population data,I,LVA,Latvia,POP,Population,PS,Persons,_T,Total,_T,Total,H,Historical,2013,,2012647,,A,Normal value,0,Units,0,Zero
DATAFLOW,OECD.ELS.SAE:DSD_POPULATION@DF_POP_HIST(1.0),Historical population data,I,LVA,Latvia,POP,Population,PS,Persons,_T,Total,_T,Total,H,Historical,2014,,1993785,,A,Normal value,0,Units,0,Zero
DATAFLOW,OECD.ELS.SAE:DSD_POPULATION@DF_POP_HIST(1.0),Historical population data,I,LVA,Latvia,POP,Population,PS,Persons,_T,Total,_T,Total,H,Historical,2015,,1977523,,A,Normal value,0,Units,0,Zero
DATAFLOW,OECD.ELS.SAE:DSD_POPULATION@DF_POP_HIST(1.0),Historical population data,I,LVA,Latvia,POP,Population,PS,Persons,_T,Total,_T,Total,H,Historical,2016,,1959535,,A,Normal value,0,Units,0,Zero
DATAFLOW,OECD.ELS.SAE:DSD_POPULATION@DF_POP_HIST(1.0),Historical population data,I,LVA,Latvia,POP,Population,PS,Persons,_T,Total,_T,Total,H,Historical,2017,,1942247,,A,Normal value,0,Units,0,Zero
DATAFLOW,OECD.ELS.SAE:DSD_POPULATION@DF_POP_HIST(1.0),Historical population data,I,LVA,Latvia,POP,Population,PS,Persons,_T,Total,_T,Total,H,Historical,2018,,1927170,,A,Normal value,0,Units,0,Zero
DATAFLOW,OECD.ELS.SAE:DSD_POPULATION@DF_POP_HIST(1.0),Historical population data,I,LVA,Latvia,POP,Population,PS,Persons,_T,Total,_T,Total,H,Historical,2019,,1913826,,A,Normal value,0,Units,0,Zero
DATAFLOW,OECD.ELS.SAE:DSD_POPULATION@DF_POP_HIST(1.0),Historical population data,I,LVA,Latvia,POP,Population,PS,Persons,_T,Total,_T,Total,H,Historical,2020,,1900448,,A,Normal value,0,Units,0,Zero
DATAFLOW,OECD.ELS.SAE:DSD_POPULATION@DF_POP_HIST(1.0),Historical population data,I,LVA,Latvia,POP,Population,PS,Persons,_T,Total,_T,Total,H,Historical,2021,,1884488,,A,Normal value,0,Units,0,Zero
DATAFLOW,OECD.ELS.SAE:DSD_POPULATION@DF_POP_HIST(1.0),Historical population data,I,LVA,Latvia,POP,Population,PS,Persons,_T,Total,_T,Total,H,Historical,2022,,1879374,,A,Normal value,0,Units,0,Zero
DATAFLOW,OECD.ELS.SAE:DSD_POPULATION@DF_POP_HIST(1.0),Historical population data,I,LTU,Lithuania,POP,Population,PS,Persons,_T,Total,_T,Total,H,Historical,1970,,3139689,,A,Normal value,0,Units,0,Zero
DATAFLOW,OECD.ELS.SAE:DSD_POPULATION@DF_POP_HIST(1.0),Historical population data,I,LTU,Lithuania,POP,Population,PS,Persons,_T,Total,_T,Total,H,Historical,1971,,3179041,,A,Normal value,0,Units,0,Zero
DATAFLOW,OECD.ELS.SAE:DSD_POPULATION@DF_POP_HIST(1.0),Historical population data,I,LTU,Lithuania,POP,Population,PS,Persons,_T,Total,_T,Total,H,Historical,1972,,3213622,,A,Normal value,0,Units,0,Zero
DATAFLOW,OECD.ELS.SAE:DSD_POPULATION@DF_POP_HIST(1.0),Historical population data,I,LTU,Lithuania,POP,Population,PS,Persons,_T,Total,_T,Total,H,Historical,1973,,3244438,,A,Normal value,0,Units,0,Zero
DATAFLOW,OECD.ELS.SAE:DSD_POPULATION@DF_POP_HIST(1.0),Historical population data,I,LTU,Lithuania,POP,Population,PS,Persons,_T,Total,_T,Total,H,Historical,1974,,3273894,,A,Normal value,0,Units,0,Zero
DATAFLOW,OECD.ELS.SAE:DSD_POPULATION@DF_POP_HIST(1.0),Historical population data,I,LTU,Lithuania,POP,Population,PS,Persons,_T,Total,_T,Total,H,Historical,1975,,3301652,,A,Normal value,0,Units,0,Zero
DATAFLOW,OECD.ELS.SAE:DSD_POPULATION@DF_POP_HIST(1.0),Historical population data,I,LTU,Lithuania,POP,Population,PS,Persons,_T,Total,_T,Total,H,Historical,1976,,3328664,,A,Normal value,0,Units,0,Zero
DATAFLOW,OECD.ELS.SAE:DSD_POPULATION@DF_POP_HIST(1.0),Historical population data,I,LTU,Lithuania,POP,Population,PS,Persons,_T,Total,_T,Total,H,Historical,1977,,3355036,,A,Normal value,0,Units,0,Zero
DATAFLOW,OECD.ELS.SAE:DSD_POPULATION@DF_POP_HIST(1.0),Historical population data,I,LTU,Lithuania,POP,Population,PS,Persons,_T,Total,_T,Total,H,Historical,1978,,3379514,,A,Normal value,0,Units,0,Zero
DATAFLOW,OECD.ELS.SAE:DSD_POPULATION@DF_POP_HIST(1.0),Historical population data,I,LTU,Lithuania,POP,Population,PS,Persons,_T,Total,_T,Total,H,Historical,1979,,3397842,,A,Normal value,0,Units,0,Zero
DATAFLOW,OECD.ELS.SAE:DSD_POPULATION@DF_POP_HIST(1.0),Historical population data,I,LTU,Lithuania,POP,Population,PS,Persons,_T,Total,_T,Total,H,Historical,1980,,3413202,,A,Normal value,0,Units,0,Zero
DATAFLOW,OECD.ELS.SAE:DSD_POPULATION@DF_POP_HIST(1.0),Historical population data,I,LTU,Lithuania,POP,Population,PS,Persons,_T,Total,_T,Total,H,Historical,1981,,3432947,,A,Normal value,0,Units,0,Zero
DATAFLOW,OECD.ELS.SAE:DSD_POPULATION@DF_POP_HIST(1.0),Historical population data,I,LTU,Lithuania,POP,Population,PS,Persons,_T,Total,_T,Total,H,Historical,1982,,3457179,,A,Normal value,0,Units,0,Zero
DATAFLOW,OECD.ELS.SAE:DSD_POPULATION@DF_POP_HIST(1.0),Historical population data,I,LTU,Lithuania,POP,Population,PS,Persons,_T,Total,_T,Total,H,Historical,1983,,3485192,,A,Normal value,0,Units,0,Zero
DATAFLOW,OECD.ELS.SAE:DSD_POPULATION@DF_POP_HIST(1.0),Historical population data,I,LTU,Lithuania,POP,Population,PS,Persons,_T,Total,_T,Total,H,Historical,1984,,3514205,,A,Normal value,0,Units,0,Zero
DATAFLOW,OECD.ELS.SAE:DSD_POPULATION@DF_POP_HIST(1.0),Historical population data,I,LTU,Lithuania,POP,Population,PS,Persons,_T,Total,_T,Total,H,Historical,1985,,3544543,,A,Normal value,0,Units,0,Zero
DATAFLOW,OECD.ELS.SAE:DSD_POPULATION@DF_POP_HIST(1.0),Historical population data,I,LTU,Lithuania,POP,Population,PS,Persons,_T,Total,_T,Total,H,Historical,1986,,3578914,,A,Normal value,0,Units,0,Zero
DATAFLOW,OECD.ELS.SAE:DSD_POPULATION@DF_POP_HIST(1.0),Historical population data,I,LTU,Lithuania,POP,Population,PS,Persons,_T,Total,_T,Total,H,Historical,1987,,3616367,,A,Normal value,0,Units,0,Zero
DATAFLOW,OECD.ELS.SAE:DSD_POPULATION@DF_POP_HIST(1.0),Historical population data,I,LTU,Lithuania,POP,Population,PS,Persons,_T,Total,_T,Total,H,Historical,1988,,3655049,,A,Normal value,0,Units,0,Zero
DATAFLOW,OECD.ELS.SAE:DSD_POPULATION@DF_POP_HIST(1.0),Historical population data,I,LTU,Lithuania,POP,Population,PS,Persons,_T,Total,_T,Total,H,Historical,1989,,3684255,,A,Normal value,0,Units,0,Zero
DATAFLOW,OECD.ELS.SAE:DSD_POPULATION@DF_POP_HIST(1.0),Historical population data,I,LTU,Lithuania,POP,Population,PS,Persons,_T,Total,_T,Total,H,Historical,1990,,3697838,,A,Normal value,0,Units,0,Zero
DATAFLOW,OECD.ELS.SAE:DSD_POPULATION@DF_POP_HIST(1.0),Historical population data,I,LTU,Lithuania,POP,Population,PS,Persons,_T,Total,_T,Total,H,Historical,1991,,3704134,,A,Normal value,0,Units,0,Zero
DATAFLOW,OECD.ELS.SAE:DSD_POPULATION@DF_POP_HIST(1.0),Historical population data,I,LTU,Lithuania,POP,Population,PS,Persons,_T,Total,_T,Total,H,Historical,1992,,3700114,,A,Normal value,0,Units,0,Zero
DATAFLOW,OECD.ELS.SAE:DSD_POPULATION@DF_POP_HIST(1.0),Historical population data,I,LTU,Lithuania,POP,Population,PS,Persons,_T,Total,_T,Total,H,Historical,1993,,3682613,,A,Normal value,0,Units,0,Zero
DATAFLOW,OECD.ELS.SAE:DSD_POPULATION@DF_POP_HIST(1.0),Historical population data,I,LTU,Lithuania,POP,Population,PS,Persons,_T,Total,_T,Total,H,Historical,1994,,3657144,,A,Normal value,0,Units,0,Zero
DATAFLOW,OECD.ELS.SAE:DSD_POPULATION@DF_POP_HIST(1.0),Historical population data,I,LTU,Lithuania,POP,Population,PS,Persons,_T,Total,_T,Total,H,Historical,1995,,3629102,,A,Normal value,0,Units,0,Zero
DATAFLOW,OECD.ELS.SAE:DSD_POPULATION@DF_POP_HIST(1.0),Historical population data,I,LTU,Lithuania,POP,Population,PS,Persons,_T,Total,_T,Total,H,Historical,1996,,3601613,,A,Normal value,0,Units,0,Zero
DATAFLOW,OECD.ELS.SAE:DSD_POPULATION@DF_POP_HIST(1.0),Historical population data,I,LTU,Lithuania,POP,Population,PS,Persons,_T,Total,_T,Total,H,Historical,1997,,3575137,,A,Normal value,0,Units,0,Zero
DATAFLOW,OECD.ELS.SAE:DSD_POPULATION@DF_POP_HIST(1.0),Historical population data,I,LTU,Lithuania,POP,Population,PS,Persons,_T,Total,_T,Total,H,Historical,1998,,3549331,,A,Normal value,0,Units,0,Zero
DATAFLOW,OECD.ELS.SAE:DSD_POPULATION@DF_POP_HIST(1.0),Historical population data,I,LTU,Lithuania,POP,Population,PS,Persons,_T,Total,_T,Total,H,Historical,1999,,3524237,,A,Normal value,0,Units,0,Zero
DATAFLOW,OECD.ELS.SAE:DSD_POPULATION@DF_POP_HIST(1.0),Historical population data,I,LTU,Lithuania,POP,Population,PS,Persons,_T,Total,_T,Total,H,Historical,2000,,3499534,,A,Normal value,0,Units,0,Zero
DATAFLOW,OECD.ELS.SAE:DSD_POPULATION@DF_POP_HIST(1.0),Historical population data,I,LTU,Lithuania,POP,Population,PS,Persons,_T,Total,_T,Total,H,Historical,2001,,3470818,,A,Normal value,0,Units,0,Zero
DATAFLOW,OECD.ELS.SAE:DSD_POPULATION@DF_POP_HIST(1.0),Historical population data,I,LTU,Lithuania,POP,Population,PS,Persons,_T,Total,_T,Total,H,Historical,2002,,3443067,,A,Normal value,0,Units,0,Zero
DATAFLOW,OECD.ELS.SAE:DSD_POPULATION@DF_POP_HIST(1.0),Historical population data,I,LTU,Lithuania,POP,Population,PS,Persons,_T,Total,_T,Total,H,Historical,2003,,3415213,,A,Normal value,0,Units,0,Zero
DATAFLOW,OECD.ELS.SAE:DSD_POPULATION@DF_POP_HIST(1.0),Historical population data,I,LTU,Lithuania,POP,Population,PS,Persons,_T,Total,_T,Total,H,Historical,2004,,3377075,,A,Normal value,0,Units,0,Zero
DATAFLOW,OECD.ELS.SAE:DSD_POPULATION@DF_POP_HIST(1.0),Historical population data,I,LTU,Lithuania,POP,Population,PS,Persons,_T,Total,_T,Total,H,Historical,2005,,3322528,,A,Normal value,0,Units,0,Zero
DATAFLOW,OECD.ELS.SAE:DSD_POPULATION@DF_POP_HIST(1.0),Historical population data,I,LTU,Lithuania,POP,Population,PS,Persons,_T,Total,_T,Total,H,Historical,2006,,3269909,,A,Normal value,0,Units,0,Zero
DATAFLOW,OECD.ELS.SAE:DSD_POPULATION@DF_POP_HIST(1.0),Historical population data,I,LTU,Lithuania,POP,Population,PS,Persons,_T,Total,_T,Total,H,Historical,2007,,3231294,,A,Normal value,0,Units,0,Zero
DATAFLOW,OECD.ELS.SAE:DSD_POPULATION@DF_POP_HIST(1.0),Historical population data,I,LTU,Lithuania,POP,Population,PS,Persons,_T,Total,_T,Total,H,Historical,2008,,3198231,,A,Normal value,0,Units,0,Zero
DATAFLOW,OECD.ELS.SAE:DSD_POPULATION@DF_POP_HIST(1.0),Historical population data,I,LTU,Lithuania,POP,Population,PS,Persons,_T,Total,_T,Total,H,Historical,2009,,3162916,,A,Normal value,0,Units,0,Zero
DATAFLOW,OECD.ELS.SAE:DSD_POPULATION@DF_POP_HIST(1.0),Historical population data,I,LTU,Lithuania,POP,Population,PS,Persons,_T,Total,_T,Total,H,Historical,2010,,3097282,,A,Normal value,0,Units,0,Zero
DATAFLOW,OECD.ELS.SAE:DSD_POPULATION@DF_POP_HIST(1.0),Historical population data,I,LTU,Lithuania,POP,Population,PS,Persons,_T,Total,_T,Total,H,Historical,2011,,3028115,,A,Normal value,0,Units,0,Zero
DATAFLOW,OECD.ELS.SAE:DSD_POPULATION@DF_POP_HIST(1.0),Historical population data,I,LTU,Lithuania,POP,Population,PS,Persons,_T,Total,_T,Total,H,Historical,2012,,2987773,,A,Normal value,0,Units,0,Zero
DATAFLOW,OECD.ELS.SAE:DSD_POPULATION@DF_POP_HIST(1.0),Historical population data,I,LTU,Lithuania,POP,Population,PS,Persons,_T,Total,_T,Total,H,Historical,2013,,2957689,,A,Normal value,0,Units,0,Zero
DATAFLOW,OECD.ELS.SAE:DSD_POPULATION@DF_POP_HIST(1.0),Historical population data,I,LTU,Lithuania,POP,Population,PS,Persons,_T,Total,_T,Total,H,Historical,2014,,2932367,,A,Normal value,0,Units,0,Zero
DATAFLOW,OECD.ELS.SAE:DSD_POPULATION@DF_POP_HIST(1.0),Historical population data,I,LTU,Lithuania,POP,Population,PS,Persons,_T,Total,_T,Total,H,Historical,2015,,2904910,,A,Normal value,0,Units,0,Zero
DATAFLOW,OECD.ELS.SAE:DSD_POPULATION@DF_POP_HIST(1.0),Historical population data,I,LTU,Lithuania,POP,Population,PS,Persons,_T,Total,_T,Total,H,Historical,2016,,2868231,,A,Normal value,0,Units,0,Zero
DATAFLOW,OECD.ELS.SAE:DSD_POPULATION@DF_POP_HIST(1.0),Historical population data,I,LTU,Lithuania,POP,Population,PS,Persons,_T,Total,_T,Total,H,Historical,2017,,2828403,,A,Normal value,0,Units,0,Zero
DATAFLOW,OECD.ELS.SAE:DSD_POPULATION@DF_POP_HIST(1.0),Historical population data,I,LTU,Lithuania,POP,Population,PS,Persons,_T,Total,_T,Total,H,Historical,2018,,2801543,,A,Normal value,0,Units,0,Zero
DATAFLOW,OECD.ELS.SAE:DSD_POPULATION@DF_POP_HIST(1.0),Historical population data,I,LTU,Lithuania,POP,Population,PS,Persons,_T,Total,_T,Total,H,Historical,2019,,2794137,,A,Normal value,0,Units,0,Zero
DATAFLOW,OECD.ELS.SAE:DSD_POPULATION@DF_POP_HIST(1.0),Historical population data,I,LTU,Lithuania,POP,Population,PS,Persons,_T,Total,_T,Total,H,Historical,2020,,2794885,,A,Normal value,0,Units,0,Zero
DATAFLOW,OECD.ELS.SAE:DSD_POPULATION@DF_POP_HIST(1.0),Historical population data,I,LTU,Lithuania,POP,Population,PS,Persons,_T,Total,_T,Total,H,Historical,2021,,2808380,,A,Normal value,0,Units,0,Zero
DATAFLOW,OECD.ELS.SAE:DSD_POPULATION@DF_POP_HIST(1.0),Historical population data,I,LUX,Luxembourg,POP,Population,PS,Persons,_T,Total,_T,Total,H,Historical,1970,,339174,,A,Normal value,0,Units,0,Zero
DATAFLOW,OECD.ELS.SAE:DSD_POPULATION@DF_POP_HIST(1.0),Historical population data,I,LUX,Luxembourg,POP,Population,PS,Persons,_T,Total,_T,Total,H,Historical,1971,,342415,,A,Normal value,0,Units,0,Zero
DATAFLOW,OECD.ELS.SAE:DSD_POPULATION@DF_POP_HIST(1.0),Historical population data,I,LUX,Luxembourg,POP,Population,PS,Persons,_T,Total,_T,Total,H,Historical,1972,,346600,,A,Normal value,0,Units,0,Zero
DATAFLOW,OECD.ELS.SAE:DSD_POPULATION@DF_POP_HIST(1.0),Historical population data,I,LUX,Luxembourg,POP,Population,PS,Persons,_T,Total,_T,Total,H,Historical,1973,,350450,,A,Normal value,0,Units,0,Zero
DATAFLOW,OECD.ELS.SAE:DSD_POPULATION@DF_POP_HIST(1.0),Historical population data,I,LUX,Luxembourg,POP,Population,PS,Persons,_T,Total,_T,Total,H,Historical,1974,,355049,,A,Normal value,0,Units,0,Zero
DATAFLOW,OECD.ELS.SAE:DSD_POPULATION@DF_POP_HIST(1.0),Historical population data,I,LUX,Luxembourg,POP,Population,PS,Persons,_T,Total,_T,Total,H,Historical,1975,,358951,,A,Normal value,0,Units,0,Zero
DATAFLOW,OECD.ELS.SAE:DSD_POPULATION@DF_POP_HIST(1.0),Historical population data,I,LUX,Luxembourg,POP,Population,PS,Persons,_T,Total,_T,Total,H,Historical,1976,,360728,,A,Normal value,0,Units,0,Zero
DATAFLOW,OECD.ELS.SAE:DSD_POPULATION@DF_POP_HIST(1.0),Historical population data,I,LUX,Luxembourg,POP,Population,PS,Persons,_T,Total,_T,Total,H,Historical,1977,,361356,,A,Normal value,0,Units,0,Zero
DATAFLOW,OECD.ELS.SAE:DSD_POPULATION@DF_POP_HIST(1.0),Historical population data,I,LUX,Luxembourg,POP,Population,PS,Persons,_T,Total,_T,Total,H,Historical,1978,,362010,,A,Normal value,0,Units,0,Zero
DATAFLOW,OECD.ELS.SAE:DSD_POPULATION@DF_POP_HIST(1.0),Historical population data,I,LUX,Luxembourg,POP,Population,PS,Persons,_T,Total,_T,Total,H,Historical,1979,,362856,,A,Normal value,0,Units,0,Zero
DATAFLOW,OECD.ELS.SAE:DSD_POPULATION@DF_POP_HIST(1.0),Historical population data,I,LUX,Luxembourg,POP,Population,PS,Persons,_T,Total,_T,Total,H,Historical,1980,,364152,,A,Normal value,0,Units,0,Zero
DATAFLOW,OECD.ELS.SAE:DSD_POPULATION@DF_POP_HIST(1.0),Historical population data,I,LUX,Luxembourg,POP,Population,PS,Persons,_T,Total,_T,Total,H,Historical,1981,,365219,,A,Normal value,0,Units,0,Zero
DATAFLOW,OECD.ELS.SAE:DSD_POPULATION@DF_POP_HIST(1.0),Historical population data,I,LUX,Luxembourg,POP,Population,PS,Persons,_T,Total,_T,Total,H,Historical,1982,,365525,,A,Normal value,0,Units,0,Zero
DATAFLOW,OECD.ELS.SAE:DSD_POPULATION@DF_POP_HIST(1.0),Historical population data,I,LUX,Luxembourg,POP,Population,PS,Persons,_T,Total,_T,Total,H,Historical,1983,,365621,,A,Normal value,0,Units,0,Zero
DATAFLOW,OECD.ELS.SAE:DSD_POPULATION@DF_POP_HIST(1.0),Historical population data,I,LUX,Luxembourg,POP,Population,PS,Persons,_T,Total,_T,Total,H,Historical,1984,,365997,,A,Normal value,0,Units,0,Zero
DATAFLOW,OECD.ELS.SAE:DSD_POPULATION@DF_POP_HIST(1.0),Historical population data,I,LUX,Luxembourg,POP,Population,PS,Persons,_T,Total,_T,Total,H,Historical,1985,,366707,,A,Normal value,0,Units,0,Zero
DATAFLOW,OECD.ELS.SAE:DSD_POPULATION@DF_POP_HIST(1.0),Historical population data,I,LUX,Luxembourg,POP,Population,PS,Persons,_T,Total,_T,Total,H,Historical,1986,,368354,,A,Normal value,0,Units,0,Zero
DATAFLOW,OECD.ELS.SAE:DSD_POPULATION@DF_POP_HIST(1.0),Historical population data,I,LUX,Luxembourg,POP,Population,PS,Persons,_T,Total,_T,Total,H,Historical,1987,,370751,,A,Normal value,0,Units,0,Zero
DATAFLOW,OECD.ELS.SAE:DSD_POPULATION@DF_POP_HIST(1.0),Historical population data,I,LUX,Luxembourg,POP,Population,PS,Persons,_T,Total,_T,Total,H,Historical,1988,,373450,,A,Normal value,0,Units,0,Zero
DATAFLOW,OECD.ELS.SAE:DSD_POPULATION@DF_POP_HIST(1.0),Historical population data,I,LUX,Luxembourg,POP,Population,PS,Persons,_T,Total,_T,Total,H,Historical,1989,,377095,,A,Normal value,0,Units,0,Zero
DATAFLOW,OECD.ELS.SAE:DSD_POPULATION@DF_POP_HIST(1.0),Historical population data,I,LUX,Luxembourg,POP,Population,PS,Persons,_T,Total,_T,Total,H,Historical,1990,,381857,,A,Normal value,0,Units,0,Zero
DATAFLOW,OECD.ELS.SAE:DSD_POPULATION@DF_POP_HIST(1.0),Historical population data,I,LUX,Luxembourg,POP,Population,PS,Persons,_T,Total,_T,Total,H,Historical,1991,,386999,,A,Normal value,0,Units,0,Zero
DATAFLOW,OECD.ELS.SAE:DSD_POPULATION@DF_POP_HIST(1.0),Historical population data,I,LUX,Luxembourg,POP,Population,PS,Persons,_T,Total,_T,Total,H,Historical,1992,,392171,,A,Normal value,0,Units,0,Zero
DATAFLOW,OECD.ELS.SAE:DSD_POPULATION@DF_POP_HIST(1.0),Historical population data,I,LUX,Luxembourg,POP,Population,PS,Persons,_T,Total,_T,Total,H,Historical,1993,,397481,,A,Normal value,0,Units,0,Zero
DATAFLOW,OECD.ELS.SAE:DSD_POPULATION@DF_POP_HIST(1.0),Historical population data,I,LUX,Luxembourg,POP,Population,PS,Persons,_T,Total,_T,Total,H,Historical,1994,,402921,,A,Normal value,0,Units,0,Zero
DATAFLOW,OECD.ELS.SAE:DSD_POPULATION@DF_POP_HIST(1.0),Historical population data,I,LUX,Luxembourg,POP,Population,PS,Persons,_T,Total,_T,Total,H,Historical,1995,,408625,,A,Normal value,0,Units,0,Zero
DATAFLOW,OECD.ELS.SAE:DSD_POPULATION@DF_POP_HIST(1.0),Historical population data,I,LUX,Luxembourg,POP,Population,PS,Persons,_T,Total,_T,Total,H,Historical,1996,,414228,,A,Normal value,0,Units,0,Zero
DATAFLOW,OECD.ELS.SAE:DSD_POPULATION@DF_POP_HIST(1.0),Historical population data,I,LUX,Luxembourg,POP,Population,PS,Persons,_T,Total,_T,Total,H,Historical,1997,,419440,,A,Normal value,0,Units,0,Zero
DATAFLOW,OECD.ELS.SAE:DSD_POPULATION@DF_POP_HIST(1.0),Historical population data,I,LUX,Luxembourg,POP,Population,PS,Persons,_T,Total,_T,Total,H,Historical,1998,,424699,,A,Normal value,0,Units,0,Zero
DATAFLOW,OECD.ELS.SAE:DSD_POPULATION@DF_POP_HIST(1.0),Historical population data,I,LUX,Luxembourg,POP,Population,PS,Persons,_T,Total,_T,Total,H,Historical,1999,,430475,,A,Normal value,0,Units,0,Zero
DATAFLOW,OECD.ELS.SAE:DSD_POPULATION@DF_POP_HIST(1.0),Historical population data,I,LUX,Luxembourg,POP,Population,PS,Persons,_T,Total,_T,Total,H,Historical,2000,,436303,,A,Normal value,0,Units,0,Zero
DATAFLOW,OECD.ELS.SAE:DSD_POPULATION@DF_POP_HIST(1.0),Historical population data,I,LUX,Luxembourg,POP,Population,PS,Persons,_T,Total,_T,Total,H,Historical,2001,,441522,,A,Normal value,0,Units,0,Zero
DATAFLOW,OECD.ELS.SAE:DSD_POPULATION@DF_POP_HIST(1.0),Historical population data,I,LUX,Luxembourg,POP,Population,PS,Persons,_T,Total,_T,Total,H,Historical,2002,,446166,,A,Normal value,0,Units,0,Zero
DATAFLOW,OECD.ELS.SAE:DSD_POPULATION@DF_POP_HIST(1.0),Historical population data,I,LUX,Luxembourg,POP,Population,PS,Persons,_T,Total,_T,Total,H,Historical,2003,,451626,,A,Normal value,0,Units,0,Zero
DATAFLOW,OECD.ELS.SAE:DSD_POPULATION@DF_POP_HIST(1.0),Historical population data,I,LUX,Luxembourg,POP,Population,PS,Persons,_T,Total,_T,Total,H,Historical,2004,,458098,,A,Normal value,0,Units,0,Zero
DATAFLOW,OECD.ELS.SAE:DSD_POPULATION@DF_POP_HIST(1.0),Historical population data,I,LUX,Luxembourg,POP,Population,PS,Persons,_T,Total,_T,Total,H,Historical,2005,,465152,,A,Normal value,0,Units,0,Zero
DATAFLOW,OECD.ELS.SAE:DSD_POPULATION@DF_POP_HIST(1.0),Historical population data,I,LUX,Luxembourg,POP,Population,PS,Persons,_T,Total,_T,Total,H,Historical,2006,,472641,,A,Normal value,0,Units,0,Zero
DATAFLOW,OECD.ELS.SAE:DSD_POPULATION@DF_POP_HIST(1.0),Historical population data,I,LUX,Luxembourg,POP,Population,PS,Persons,_T,Total,_T,Total,H,Historical,2007,,479992,,A,Normal value,0,Units,0,Zero
DATAFLOW,OECD.ELS.SAE:DSD_POPULATION@DF_POP_HIST(1.0),Historical population data,I,LUX,Luxembourg,POP,Population,PS,Persons,_T,Total,_T,Total,H,Historical,2008,,488647,,A,Normal value,0,Units,0,Zero
DATAFLOW,OECD.ELS.SAE:DSD_POPULATION@DF_POP_HIST(1.0),Historical population data,I,LUX,Luxembourg,POP,Population,PS,Persons,_T,Total,_T,Total,H,Historical,2009,,497783,,A,Normal value,0,Units,0,Zero
DATAFLOW,OECD.ELS.SAE:DSD_POPULATION@DF_POP_HIST(1.0),Historical population data,I,LUX,Luxembourg,POP,Population,PS,Persons,_T,Total,_T,Total,H,Historical,2010,,506953,,A,Normal value,0,Units,0,Zero
DATAFLOW,OECD.ELS.SAE:DSD_POPULATION@DF_POP_HIST(1.0),Historical population data,I,LUX,Luxembourg,POP,Population,PS,Persons,_T,Total,_T,Total,H,Historical,2011,,518351,,A,Normal value,0,Units,0,Zero
DATAFLOW,OECD.ELS.SAE:DSD_POPULATION@DF_POP_HIST(1.0),Historical population data,I,LUX,Luxembourg,POP,Population,PS,Persons,_T,Total,_T,Total,H,Historical,2012,,530952,,A,Normal value,0,Units,0,Zero
DATAFLOW,OECD.ELS.SAE:DSD_POPULATION@DF_POP_HIST(1.0),Historical population data,I,LUX,Luxembourg,POP,Population,PS,Persons,_T,Total,_T,Total,H,Historical,2013,,543358,,A,Normal value,0,Units,0,Zero
DATAFLOW,OECD.ELS.SAE:DSD_POPULATION@DF_POP_HIST(1.0),Historical population data,I,LUX,Luxembourg,POP,Population,PS,Persons,_T,Total,_T,Total,H,Historical,2014,,556322,,A,Normal value,0,Units,0,Zero
DATAFLOW,OECD.ELS.SAE:DSD_POPULATION@DF_POP_HIST(1.0),Historical population data,I,LUX,Luxembourg,POP,Population,PS,Persons,_T,Total,_T,Total,H,Historical,2015,,569605,,A,Normal value,0,Units,0,Zero
DATAFLOW,OECD.ELS.SAE:DSD_POPULATION@DF_POP_HIST(1.0),Historical population data,I,LUX,Luxembourg,POP,Population,PS,Persons,_T,Total,_T,Total,H,Historical,2016,,583459,,A,Normal value,0,Units,0,Zero
DATAFLOW,OECD.ELS.SAE:DSD_POPULATION@DF_POP_HIST(1.0),Historical population data,I,LUX,Luxembourg,POP,Population,PS,Persons,_T,Total,_T,Total,H,Historical,2017,,596337,,A,Normal value,0,Units,0,Zero
DATAFLOW,OECD.ELS.SAE:DSD_POPULATION@DF_POP_HIST(1.0),Historical population data,I,LUX,Luxembourg,POP,Population,PS,Persons,_T,Total,_T,Total,H,Historical,2018,,607950,,A,Normal value,0,Units,0,Zero
DATAFLOW,OECD.ELS.SAE:DSD_POPULATION@DF_POP_HIST(1.0),Historical population data,I,LUX,Luxembourg,POP,Population,PS,Persons,_T,Total,_T,Total,H,Historical,2019,,620003,,A,Normal value,0,Units,0,Zero
DATAFLOW,OECD.ELS.SAE:DSD_POPULATION@DF_POP_HIST(1.0),Historical population data,I,LUX,Luxembourg,POP,Population,PS,Persons,_T,Total,_T,Total,H,Historical,2020,,630413,,A,Normal value,0,Units,0,Zero
DATAFLOW,OECD.ELS.SAE:DSD_POPULATION@DF_POP_HIST(1.0),Historical population data,I,LUX,Luxembourg,POP,Population,PS,Persons,_T,Total,_T,Total,H,Historical,2021,,640064,,A,Normal value,0,Units,0,Zero
DATAFLOW,OECD.ELS.SAE:DSD_POPULATION@DF_POP_HIST(1.0),Historical population data,I,LUX,Luxembourg,POP,Population,PS,Persons,_T,Total,_T,Total,H,Historical,2022,,653108,,A,Normal value,0,Units,0,Zero
DATAFLOW,OECD.ELS.SAE:DSD_POPULATION@DF_POP_HIST(1.0),Historical population data,I,POL,Poland,POP,Population,PS,Persons,_T,Total,_T,Total,H,Historical,1969,,32555100,,A,Normal value,0,Units,0,Zero
DATAFLOW,OECD.ELS.SAE:DSD_POPULATION@DF_POP_HIST(1.0),Historical population data,I,POL,Poland,POP,Population,PS,Persons,_T,Total,_T,Total,H,Historical,1970,,32642270,,A,Normal value,0,Units,0,Zero
DATAFLOW,OECD.ELS.SAE:DSD_POPULATION@DF_POP_HIST(1.0),Historical population data,I,POL,Poland,POP,Population,PS,Persons,_T,Total,_T,Total,H,Historical,1971,,32749400,,A,Normal value,0,Units,0,Zero
DATAFLOW,OECD.ELS.SAE:DSD_POPULATION@DF_POP_HIST(1.0),Historical population data,I,POL,Poland,POP,Population,PS,Persons,_T,Total,_T,Total,H,Historical,1972,,33068000,,A,Normal value,0,Units,0,Zero
DATAFLOW,OECD.ELS.SAE:DSD_POPULATION@DF_POP_HIST(1.0),Historical population data,I,POL,Poland,POP,Population,PS,Persons,_T,Total,_T,Total,H,Historical,1973,,33362700,,A,Normal value,0,Units,0,Zero
DATAFLOW,OECD.ELS.SAE:DSD_POPULATION@DF_POP_HIST(1.0),Historical population data,I,POL,Poland,POP,Population,PS,Persons,_T,Total,_T,Total,H,Historical,1974,,33691008,,A,Normal value,0,Units,0,Zero
DATAFLOW,OECD.ELS.SAE:DSD_POPULATION@DF_POP_HIST(1.0),Historical population data,I,POL,Poland,POP,Population,PS,Persons,_T,Total,_T,Total,H,Historical,1975,,34022130,,A,Normal value,0,Units,0,Zero
DATAFLOW,OECD.ELS.SAE:DSD_POPULATION@DF_POP_HIST(1.0),Historical population data,I,POL,Poland,POP,Population,PS,Persons,_T,Total,_T,Total,H,Historical,1976,,34362133,,A,Normal value,0,Units,0,Zero
DATAFLOW,OECD.ELS.SAE:DSD_POPULATION@DF_POP_HIST(1.0),Historical population data,I,POL,Poland,POP,Population,PS,Persons,_T,Total,_T,Total,H,Historical,1977,,34697576,,A,Normal value,0,Units,0,Zero
DATAFLOW,OECD.ELS.SAE:DSD_POPULATION@DF_POP_HIST(1.0),Historical population data,I,POL,Poland,POP,Population,PS,Persons,_T,Total,_T,Total,H,Historical,1978,,35009862,,A,Normal value,0,Units,0,Zero
DATAFLOW,OECD.ELS.SAE:DSD_POPULATION@DF_POP_HIST(1.0),Historical population data,I,POL,Poland,POP,Population,PS,Persons,_T,Total,_T,Total,H,Historical,1979,,35256645,,A,Normal value,0,Units,0,Zero
DATAFLOW,OECD.ELS.SAE:DSD_POPULATION@DF_POP_HIST(1.0),Historical population data,I,POL,Poland,POP,Population,PS,Persons,_T,Total,_T,Total,H,Historical,1980,,35578019,,A,Normal value,0,Units,0,Zero
DATAFLOW,OECD.ELS.SAE:DSD_POPULATION@DF_POP_HIST(1.0),Historical population data,I,POL,Poland,POP,Population,PS,Persons,_T,Total,_T,Total,H,Historical,1981,,35901961,,A,Normal value,0,Units,0,Zero
DATAFLOW,OECD.ELS.SAE:DSD_POPULATION@DF_POP_HIST(1.0),Historical population data,I,POL,Poland,POP,Population,PS,Persons,_T,Total,_T,Total,H,Historical,1982,,36227381,,A,Normal value,0,Units,0,Zero
DATAFLOW,OECD.ELS.SAE:DSD_POPULATION@DF_POP_HIST(1.0),Historical population data,I,POL,Poland,POP,Population,PS,Persons,_T,Total,_T,Total,H,Historical,1983,,36571418,,A,Normal value,0,Units,0,Zero
DATAFLOW,OECD.ELS.SAE:DSD_POPULATION@DF_POP_HIST(1.0),Historical population data,I,POL,Poland,POP,Population,PS,Persons,_T,Total,_T,Total,H,Historical,1984,,36913515,,A,Normal value,0,Units,0,Zero
DATAFLOW,OECD.ELS.SAE:DSD_POPULATION@DF_POP_HIST(1.0),Historical population data,I,POL,Poland,POP,Population,PS,Persons,_T,Total,_T,Total,H,Historical,1985,,37202981,,A,Normal value,0,Units,0,Zero
DATAFLOW,OECD.ELS.SAE:DSD_POPULATION@DF_POP_HIST(1.0),Historical population data,I,POL,Poland,POP,Population,PS,Persons,_T,Total,_T,Total,H,Historical,1986,,37455681,,A,Normal value,0,Units,0,Zero
DATAFLOW,OECD.ELS.SAE:DSD_POPULATION@DF_POP_HIST(1.0),Historical population data,I,POL,Poland,POP,Population,PS,Persons,_T,Total,_T,Total,H,Historical,1987,,37663756,,A,Normal value,0,Units,0,Zero
DATAFLOW,OECD.ELS.SAE:DSD_POPULATION@DF_POP_HIST(1.0),Historical population data,I,POL,Poland,POP,Population,PS,Persons,_T,Total,_T,Total,H,Historical,1988,,37862063,,A,Normal value,0,Units,0,Zero
DATAFLOW,OECD.ELS.SAE:DSD_POPULATION@DF_POP_HIST(1.0),Historical population data,I,POL,Poland,POP,Population,PS,Persons,_T,Total,_T,Total,H,Historical,1989,,37962808,,A,Normal value,0,Units,0,Zero
DATAFLOW,OECD.ELS.SAE:DSD_POPULATION@DF_POP_HIST(1.0),Historical population data,I,POL,Poland,POP,Population,PS,Persons,_T,Total,_T,Total,H,Historical,1990,,38030500,,A,Normal value,0,Units,0,Zero
DATAFLOW,OECD.ELS.SAE:DSD_POPULATION@DF_POP_HIST(1.0),Historical population data,I,POL,Poland,POP,Population,PS,Persons,_T,Total,_T,Total,H,Historical,1991,,38108500,,A,Normal value,0,Units,0,Zero
DATAFLOW,OECD.ELS.SAE:DSD_POPULATION@DF_POP_HIST(1.0),Historical population data,I,POL,Poland,POP,Population,PS,Persons,_T,Total,_T,Total,H,Historical,1992,,38173500,,A,Normal value,0,Units,0,Zero
DATAFLOW,OECD.ELS.SAE:DSD_POPULATION@DF_POP_HIST(1.0),Historical population data,I,POL,Poland,POP,Population,PS,Persons,_T,Total,_T,Total,H,Historical,1993,,38221000,,A,Normal value,0,Units,0,Zero
DATAFLOW,OECD.ELS.SAE:DSD_POPULATION@DF_POP_HIST(1.0),Historical population data,I,POL,Poland,POP,Population,PS,Persons,_T,Total,_T,Total,H,Historical,1994,,38252000,,A,Normal value,0,Units,0,Zero
DATAFLOW,OECD.ELS.SAE:DSD_POPULATION@DF_POP_HIST(1.0),Historical population data,I,POL,Poland,POP,Population,PS,Persons,_T,Total,_T,Total,H,Historical,1995,,38274500,,A,Normal value,0,Units,0,Zero
DATAFLOW,OECD.ELS.SAE:DSD_POPULATION@DF_POP_HIST(1.0),Historical population data,I,POL,Poland,POP,Population,PS,Persons,_T,Total,_T,Total,H,Historical,1996,,38289000,,A,Normal value,0,Units,0,Zero
DATAFLOW,OECD.ELS.SAE:DSD_POPULATION@DF_POP_HIST(1.0),Historical population data,I,POL,Poland,POP,Population,PS,Persons,_T,Total,_T,Total,H,Historical,1997,,38292000,,A,Normal value,0,Units,0,Zero
DATAFLOW,OECD.ELS.SAE:DSD_POPULATION@DF_POP_HIST(1.0),Historical population data,I,POL,Poland,POP,Population,PS,Persons,_T,Total,_T,Total,H,Historical,1998,,38283500,,A,Normal value,0,Units,0,Zero
DATAFLOW,OECD.ELS.SAE:DSD_POPULATION@DF_POP_HIST(1.0),Historical population data,I,POL,Poland,POP,Population,PS,Persons,_T,Total,_T,Total,H,Historical,1999,,38270000,,A,Normal value,0,Units,0,Zero
DATAFLOW,OECD.ELS.SAE:DSD_POPULATION@DF_POP_HIST(1.0),Historical population data,I,POL,Poland,POP,Population,PS,Persons,_T,Total,_T,Total,H,Historical,2001,,38248076,,A,Normal value,0,Units,0,Zero
DATAFLOW,OECD.ELS.SAE:DSD_POPULATION@DF_POP_HIST(1.0),Historical population data,I,POL,Poland,POP,Population,PS,Persons,_T,Total,_T,Total,H,Historical,2002,,38232301,,A,Normal value,0,Units,0,Zero
DATAFLOW,OECD.ELS.SAE:DSD_POPULATION@DF_POP_HIST(1.0),Historical population data,I,POL,Poland,POP,Population,PS,Persons,_T,Total,_T,Total,H,Historical,2003,,38195177,,A,Normal value,0,Units,0,Zero
DATAFLOW,OECD.ELS.SAE:DSD_POPULATION@DF_POP_HIST(1.0),Historical population data,I,POL,Poland,POP,Population,PS,Persons,_T,Total,_T,Total,H,Historical,2004,,38180249,,A,Normal value,0,Units,0,Zero
DATAFLOW,OECD.ELS.SAE:DSD_POPULATION@DF_POP_HIST(1.0),Historical population data,I,POL,Poland,POP,Population,PS,Persons,_T,Total,_T,Total,H,Historical,2005,,38161313,,A,Normal value,0,Units,0,Zero
DATAFLOW,OECD.ELS.SAE:DSD_POPULATION@DF_POP_HIST(1.0),Historical population data,I,POL,Poland,POP,Population,PS,Persons,_T,Total,_T,Total,H,Historical,2006,,38132277,,A,Normal value,0,Units,0,Zero
DATAFLOW,OECD.ELS.SAE:DSD_POPULATION@DF_POP_HIST(1.0),Historical population data,I,POL,Poland,POP,Population,PS,Persons,_T,Total,_T,Total,H,Historical,2007,,38115967,,A,Normal value,0,Units,0,Zero
DATAFLOW,OECD.ELS.SAE:DSD_POPULATION@DF_POP_HIST(1.0),Historical population data,I,POL,Poland,POP,Population,PS,Persons,_T,Total,_T,Total,H,Historical,2008,,38115909,,A,Normal value,0,Units,0,Zero
DATAFLOW,OECD.ELS.SAE:DSD_POPULATION@DF_POP_HIST(1.0),Historical population data,I,POL,Poland,POP,Population,PS,Persons,_T,Total,_T,Total,H,Historical,2009,,38153389,,A,Normal value,0,Units,0,Zero
DATAFLOW,OECD.ELS.SAE:DSD_POPULATION@DF_POP_HIST(1.0),Historical population data,I,POL,Poland,POP,Population,PS,Persons,_T,Total,_T,Total,H,Historical,2010,,38516689,,A,Normal value,0,Units,0,Zero
DATAFLOW,OECD.ELS.SAE:DSD_POPULATION@DF_POP_HIST(1.0),Historical population data,I,POL,Poland,POP,Population,PS,Persons,_T,Total,_T,Total,H,Historical,2011,,38525670,,A,Normal value,0,Units,0,Zero
DATAFLOW,OECD.ELS.SAE:DSD_POPULATION@DF_POP_HIST(1.0),Historical population data,I,POL,Poland,POP,Population,PS,Persons,_T,Total,_T,Total,H,Historical,2012,,38533789,,A,Normal value,0,Units,0,Zero
DATAFLOW,OECD.ELS.SAE:DSD_POPULATION@DF_POP_HIST(1.0),Historical population data,I,POL,Poland,POP,Population,PS,Persons,_T,Total,_T,Total,H,Historical,2013,,38502396,,A,Normal value,0,Units,0,Zero
DATAFLOW,OECD.ELS.SAE:DSD_POPULATION@DF_POP_HIST(1.0),Historical population data,I,POL,Poland,POP,Population,PS,Persons,_T,Total,_T,Total,H,Historical,2014,,38483957,,A,Normal value,0,Units,0,Zero
DATAFLOW,OECD.ELS.SAE:DSD_POPULATION@DF_POP_HIST(1.0),Historical population data,I,POL,Poland,POP,Population,PS,Persons,_T,Total,_T,Total,H,Historical,2015,,38454576,,A,Normal value,0,Units,0,Zero
DATAFLOW,OECD.ELS.SAE:DSD_POPULATION@DF_POP_HIST(1.0),Historical population data,I,POL,Poland,POP,Population,PS,Persons,_T,Total,_T,Total,H,Historical,2016,,38426809,,A,Normal value,0,Units,0,Zero
DATAFLOW,OECD.ELS.SAE:DSD_POPULATION@DF_POP_HIST(1.0),Historical population data,I,POL,Poland,POP,Population,PS,Persons,_T,Total,_T,Total,H,Historical,2017,,38422346,,A,Normal value,0,Units,0,Zero
DATAFLOW,OECD.ELS.SAE:DSD_POPULATION@DF_POP_HIST(1.0),Historical population data,I,POL,Poland,POP,Population,PS,Persons,_T,Total,_T,Total,H,Historical,2018,,38413139,,A,Normal value,0,Units,0,Zero
DATAFLOW,OECD.ELS.SAE:DSD_POPULATION@DF_POP_HIST(1.0),Historical population data,I,POL,Poland,POP,Population,PS,Persons,_T,Total,_T,Total,H,Historical,2019,,38386476,,A,Normal value,0,Units,0,Zero
DATAFLOW,OECD.ELS.SAE:DSD_POPULATION@DF_POP_HIST(1.0),Historical population data,I,POL,Poland,POP,Population,PS,Persons,_T,Total,_T,Total,H,Historical,2022,,37827355,,A,Normal value,0,Units,0,Zero
DATAFLOW,OECD.ELS.SAE:DSD_POPULATION@DF_POP_HIST(1.0),Historical population data,I,PRT,Portugal,POP,Population,PS,Persons,_T,Total,_T,Total,H,Historical,1969,,8757705,,A,Normal value,0,Units,0,Zero
DATAFLOW,OECD.ELS.SAE:DSD_POPULATION@DF_POP_HIST(1.0),Historical population data,I,PRT,Portugal,POP,Population,PS,Persons,_T,Total,_T,Total,H,Historical,1970,,8680431,,A,Normal value,0,Units,0,Zero
DATAFLOW,OECD.ELS.SAE:DSD_POPULATION@DF_POP_HIST(1.0),Historical population data,I,PRT,Portugal,POP,Population,PS,Persons,_T,Total,_T,Total,H,Historical,1971,,8643755,,A,Normal value,0,Units,0,Zero
DATAFLOW,OECD.ELS.SAE:DSD_POPULATION@DF_POP_HIST(1.0),Historical population data,I,PRT,Portugal,POP,Population,PS,Persons,_T,Total,_T,Total,H,Historical,1972,,8630430.5,,A,Normal value,0,Units,0,Zero
DATAFLOW,OECD.ELS.SAE:DSD_POPULATION@DF_POP_HIST(1.0),Historical population data,I,PRT,Portugal,POP,Population,PS,Persons,_T,Total,_T,Total,H,Historical,1973,,8633100.5,,A,Normal value,0,Units,0,Zero
DATAFLOW,OECD.ELS.SAE:DSD_POPULATION@DF_POP_HIST(1.0),Historical population data,I,PRT,Portugal,POP,Population,PS,Persons,_T,Total,_T,Total,H,Historical,1974,,8754362.5,,A,Normal value,0,Units,0,Zero
DATAFLOW,OECD.ELS.SAE:DSD_POPULATION@DF_POP_HIST(1.0),Historical population data,I,PRT,Portugal,POP,Population,PS,Persons,_T,Total,_T,Total,H,Historical,1975,,9093471,,A,Normal value,0,Units,0,Zero
DATAFLOW,OECD.ELS.SAE:DSD_POPULATION@DF_POP_HIST(1.0),Historical population data,I,PRT,Portugal,POP,Population,PS,Persons,_T,Total,_T,Total,H,Historical,1976,,9355812,,A,Normal value,0,Units,0,Zero
DATAFLOW,OECD.ELS.SAE:DSD_POPULATION@DF_POP_HIST(1.0),Historical population data,I,PRT,Portugal,POP,Population,PS,Persons,_T,Total,_T,Total,H,Historical,1977,,9455672.5,,A,Normal value,0,Units,0,Zero
DATAFLOW,OECD.ELS.SAE:DSD_POPULATION@DF_POP_HIST(1.0),Historical population data,I,PRT,Portugal,POP,Population,PS,Persons,_T,Total,_T,Total,H,Historical,1978,,9558247.5,,A,Normal value,0,Units,0,Zero
DATAFLOW,OECD.ELS.SAE:DSD_POPULATION@DF_POP_HIST(1.0),Historical population data,I,PRT,Portugal,POP,Population,PS,Persons,_T,Total,_T,Total,H,Historical,1979,,9661264.5,,A,Normal value,0,Units,0,Zero
DATAFLOW,OECD.ELS.SAE:DSD_POPULATION@DF_POP_HIST(1.0),Historical population data,I,PRT,Portugal,POP,Population,PS,Persons,_T,Total,_T,Total,H,Historical,1980,,9766275,,A,Normal value,0,Units,0,Zero
DATAFLOW,OECD.ELS.SAE:DSD_POPULATION@DF_POP_HIST(1.0),Historical population data,I,PRT,Portugal,POP,Population,PS,Persons,_T,Total,_T,Total,H,Historical,1981,,9851325,,A,Normal value,0,Units,0,Zero
DATAFLOW,OECD.ELS.SAE:DSD_POPULATION@DF_POP_HIST(1.0),Historical population data,I,PRT,Portugal,POP,Population,PS,Persons,_T,Total,_T,Total,H,Historical,1982,,9911770.5,,A,Normal value,0,Units,0,Zero
DATAFLOW,OECD.ELS.SAE:DSD_POPULATION@DF_POP_HIST(1.0),Historical population data,I,PRT,Portugal,POP,Population,PS,Persons,_T,Total,_T,Total,H,Historical,1983,,9957865,,A,Normal value,0,Units,0,Zero
DATAFLOW,OECD.ELS.SAE:DSD_POPULATION@DF_POP_HIST(1.0),Historical population data,I,PRT,Portugal,POP,Population,PS,Persons,_T,Total,_T,Total,H,Historical,1984,,9996232,,A,Normal value,0,Units,0,Zero
DATAFLOW,OECD.ELS.SAE:DSD_POPULATION@DF_POP_HIST(1.0),Historical population data,I,PRT,Portugal,POP,Population,PS,Persons,_T,Total,_T,Total,H,Historical,1985,,10023613,,A,Normal value,0,Units,0,Zero
DATAFLOW,OECD.ELS.SAE:DSD_POPULATION@DF_POP_HIST(1.0),Historical population data,I,PRT,Portugal,POP,Population,PS,Persons,_T,Total,_T,Total,H,Historical,1988,,10019610,,A,Normal value,0,Units,0,Zero
DATAFLOW,OECD.ELS.SAE:DSD_POPULATION@DF_POP_HIST(1.0),Historical population data,I,PRT,Portugal,POP,Population,PS,Persons,_T,Total,_T,Total,H,Historical,1989,,10005000,,A,Normal value,0,Units,0,Zero
DATAFLOW,OECD.ELS.SAE:DSD_POPULATION@DF_POP_HIST(1.0),Historical population data,I,PRT,Portugal,POP,Population,PS,Persons,_T,Total,_T,Total,H,Historical,1990,,9983218,,A,Normal value,0,Units,0,Zero
DATAFLOW,OECD.ELS.SAE:DSD_POPULATION@DF_POP_HIST(1.0),Historical population data,I,PRT,Portugal,POP,Population,PS,Persons,_T,Total,_T,Total,H,Historical,1991,,9960235,,A,Normal value,0,Units,0,Zero
DATAFLOW,OECD.ELS.SAE:DSD_POPULATION@DF_POP_HIST(1.0),Historical population data,I,PRT,Portugal,POP,Population,PS,Persons,_T,Total,_T,Total,H,Historical,1992,,9952493.5,,A,Normal value,0,Units,0,Zero
DATAFLOW,OECD.ELS.SAE:DSD_POPULATION@DF_POP_HIST(1.0),Historical population data,I,PRT,Portugal,POP,Population,PS,Persons,_T,Total,_T,Total,H,Historical,1993,,9964674.5,,A,Normal value,0,Units,0,Zero
DATAFLOW,OECD.ELS.SAE:DSD_POPULATION@DF_POP_HIST(1.0),Historical population data,I,PRT,Portugal,POP,Population,PS,Persons,_T,Total,_T,Total,H,Historical,1994,,9991525,,A,Normal value,0,Units,0,Zero
DATAFLOW,OECD.ELS.SAE:DSD_POPULATION@DF_POP_HIST(1.0),Historical population data,I,PRT,Portugal,POP,Population,PS,Persons,_T,Total,_T,Total,H,Historical,1995,,10026176,,A,Normal value,0,Units,0,Zero
DATAFLOW,OECD.ELS.SAE:DSD_POPULATION@DF_POP_HIST(1.0),Historical population data,I,PRT,Portugal,POP,Population,PS,Persons,_T,Total,_T,Total,H,Historical,1997,,10108977,,A,Normal value,0,Units,0,Zero
DATAFLOW,OECD.ELS.SAE:DSD_POPULATION@DF_POP_HIST(1.0),Historical population data,I,PRT,Portugal,POP,Population,PS,Persons,_T,Total,_T,Total,H,Historical,1998,,10160196,,A,Normal value,0,Units,0,Zero
DATAFLOW,OECD.ELS.SAE:DSD_POPULATION@DF_POP_HIST(1.0),Historical population data,I,PRT,Portugal,POP,Population,PS,Persons,_T,Total,_T,Total,H,Historical,1999,,10217828,,A,Normal value,0,Units,0,Zero
DATAFLOW,OECD.ELS.SAE:DSD_POPULATION@DF_POP_HIST(1.0),Historical population data,I,PRT,Portugal,POP,Population,PS,Persons,_T,Total,_T,Total,H,Historical,2000,,10289898,,A,Normal value,0,Units,0,Zero
DATAFLOW,OECD.ELS.SAE:DSD_POPULATION@DF_POP_HIST(1.0),Historical population data,I,PRT,Portugal,POP,Population,PS,Persons,_T,Total,_T,Total,H,Historical,2003,,10458821,,A,Normal value,0,Units,0,Zero
DATAFLOW,OECD.ELS.SAE:DSD_POPULATION@DF_POP_HIST(1.0),Historical population data,I,PRT,Portugal,POP,Population,PS,Persons,_T,Total,_T,Total,H,Historical,2004,,10483861,,A,Normal value,0,Units,0,Zero
DATAFLOW,OECD.ELS.SAE:DSD_POPULATION@DF_POP_HIST(1.0),Historical population data,I,PRT,Portugal,POP,Population,PS,Persons,_T,Total,_T,Total,H,Historical,2005,,10503330,,A,Normal value,0,Units,0,Zero
DATAFLOW,OECD.ELS.SAE:DSD_POPULATION@DF_POP_HIST(1.0),Historical population data,I,PRT,Portugal,POP,Population,PS,Persons,_T,Total,_T,Total,H,Historical,2006,,10522288,,A,Normal value,0,Units,0,Zero
DATAFLOW,OECD.ELS.SAE:DSD_POPULATION@DF_POP_HIST(1.0),Historical population data,I,PRT,Portugal,POP,Population,PS,Persons,_T,Total,_T,Total,H,Historical,2010,,10573100,,A,Normal value,0,Units,0,Zero
DATAFLOW,OECD.ELS.SAE:DSD_POPULATION@DF_POP_HIST(1.0),Historical population data,I,PRT,Portugal,POP,Population,PS,Persons,_T,Total,_T,Total,H,Historical,2016,,10356516,,A,Normal value,0,Units,0,Zero
DATAFLOW,OECD.ELS.SAE:DSD_POPULATION@DF_POP_HIST(1.0),Historical population data,I,PRT,Portugal,POP,Population,PS,Persons,_T,Total,_T,Total,H,Historical,2017,,10340124,,A,Normal value,0,Units,0,Zero
DATAFLOW,OECD.ELS.SAE:DSD_POPULATION@DF_POP_HIST(1.0),Historical population data,I,PRT,Portugal,POP,Population,PS,Persons,_T,Total,_T,Total,H,Historical,2018,,10334633,,A,Normal value,0,Units,0,Zero
DATAFLOW,OECD.ELS.SAE:DSD_POPULATION@DF_POP_HIST(1.0),Historical population data,I,PRT,Portugal,POP,Population,PS,Persons,_T,Total,_T,Total,H,Historical,2020,,10384846,,A,Normal value,0,Units,0,Zero
DATAFLOW,OECD.ELS.SAE:DSD_POPULATION@DF_POP_HIST(1.0),Historical population data,I,PRT,Portugal,POP,Population,PS,Persons,_T,Total,_T,Total,H,Historical,2021,,10407707,,A,Normal value,0,Units,0,Zero
DATAFLOW,OECD.ELS.SAE:DSD_POPULATION@DF_POP_HIST(1.0),Historical population data,I,ESP,Spain,POP,Population,PS,Persons,_T,Total,_T,Total,H,Historical,1969,,33441054,,A,Normal value,0,Units,0,Zero
DATAFLOW,OECD.ELS.SAE:DSD_POPULATION@DF_POP_HIST(1.0),Historical population data,I,ESP,Spain,POP,Population,PS,Persons,_T,Total,_T,Total,H,Historical,1970,,33752818,,A,Normal value,0,Units,0,Zero
DATAFLOW,OECD.ELS.SAE:DSD_POPULATION@DF_POP_HIST(1.0),Historical population data,I,ESP,Spain,POP,Population,PS,Persons,_T,Total,_T,Total,H,Historical,1971,,34216274,,A,Normal value,0,Units,0,Zero
DATAFLOW,OECD.ELS.SAE:DSD_POPULATION@DF_POP_HIST(1.0),Historical population data,I,ESP,Spain,POP,Population,PS,Persons,_T,Total,_T,Total,H,Historical,1972,,34571714,,A,Normal value,0,Units,0,Zero
DATAFLOW,OECD.ELS.SAE:DSD_POPULATION@DF_POP_HIST(1.0),Historical population data,I,ESP,Spain,POP,Population,PS,Persons,_T,Total,_T,Total,H,Historical,1973,,34921497,,A,Normal value,0,Units,0,Zero
DATAFLOW,OECD.ELS.SAE:DSD_POPULATION@DF_POP_HIST(1.0),Historical population data,I,ESP,Spain,POP,Population,PS,Persons,_T,Total,_T,Total,H,Historical,1974,,35287558,,A,Normal value,0,Units,0,Zero
DATAFLOW,OECD.ELS.SAE:DSD_POPULATION@DF_POP_HIST(1.0),Historical population data,I,ESP,Spain,POP,Population,PS,Persons,_T,Total,_T,Total,H,Historical,1975,,35687714,,A,Normal value,0,Units,0,Zero
DATAFLOW,OECD.ELS.SAE:DSD_POPULATION@DF_POP_HIST(1.0),Historical population data,I,ESP,Spain,POP,Population,PS,Persons,_T,Total,_T,Total,H,Historical,1976,,36118035,,A,Normal value,0,Units,0,Zero
DATAFLOW,OECD.ELS.SAE:DSD_POPULATION@DF_POP_HIST(1.0),Historical population data,I,ESP,Spain,POP,Population,PS,Persons,_T,Total,_T,Total,H,Historical,1977,,36563834,,A,Normal value,0,Units,0,Zero
DATAFLOW,OECD.ELS.SAE:DSD_POPULATION@DF_POP_HIST(1.0),Historical population data,I,ESP,Spain,POP,Population,PS,Persons,_T,Total,_T,Total,H,Historical,1978,,36971471,,A,Normal value,0,Units,0,Zero
DATAFLOW,OECD.ELS.SAE:DSD_POPULATION@DF_POP_HIST(1.0),Historical population data,I,ESP,Spain,POP,Population,PS,Persons,_T,Total,_T,Total,H,Historical,1979,,37289006,,A,Normal value,0,Units,0,Zero
DATAFLOW,OECD.ELS.SAE:DSD_POPULATION@DF_POP_HIST(1.0),Historical population data,I,ESP,Spain,POP,Population,PS,Persons,_T,Total,_T,Total,H,Historical,1980,,37526911,,A,Normal value,0,Units,0,Zero
DATAFLOW,OECD.ELS.SAE:DSD_POPULATION@DF_POP_HIST(1.0),Historical population data,I,ESP,Spain,POP,Population,PS,Persons,_T,Total,_T,Total,H,Historical,1981,,37764458,,A,Normal value,0,Units,0,Zero
DATAFLOW,OECD.ELS.SAE:DSD_POPULATION@DF_POP_HIST(1.0),Historical population data,I,ESP,Spain,POP,Population,PS,Persons,_T,Total,_T,Total,H,Historical,1982,,37987108,,A,Normal value,0,Units,0,Zero
DATAFLOW,OECD.ELS.SAE:DSD_POPULATION@DF_POP_HIST(1.0),Historical population data,I,ESP,Spain,POP,Population,PS,Persons,_T,Total,_T,Total,H,Historical,1983,,38160263,,A,Normal value,0,Units,0,Zero
DATAFLOW,OECD.ELS.SAE:DSD_POPULATION@DF_POP_HIST(1.0),Historical population data,I,ESP,Spain,POP,Population,PS,Persons,_T,Total,_T,Total,H,Historical,1984,,38325244,,A,Normal value,0,Units,0,Zero
DATAFLOW,OECD.ELS.SAE:DSD_POPULATION@DF_POP_HIST(1.0),Historical population data,I,ESP,Spain,POP,Population,PS,Persons,_T,Total,_T,Total,H,Historical,1985,,38467025,,A,Normal value,0,Units,0,Zero
DATAFLOW,OECD.ELS.SAE:DSD_POPULATION@DF_POP_HIST(1.0),Historical population data,I,ESP,Spain,POP,Population,PS,Persons,_T,Total,_T,Total,H,Historical,1986,,38571941,,A,Normal value,0,Units,0,Zero
DATAFLOW,OECD.ELS.SAE:DSD_POPULATION@DF_POP_HIST(1.0),Historical population data,I,ESP,Spain,POP,Population,PS,Persons,_T,Total,_T,Total,H,Historical,1987,,38682322,,A,Normal value,0,Units,0,Zero
DATAFLOW,OECD.ELS.SAE:DSD_POPULATION@DF_POP_HIST(1.0),Historical population data,I,ESP,Spain,POP,Population,PS,Persons,_T,Total,_T,Total,H,Historical,1988,,38764307,,A,Normal value,0,Units,0,Zero
DATAFLOW,OECD.ELS.SAE:DSD_POPULATION@DF_POP_HIST(1.0),Historical population data,I,ESP,Spain,POP,Population,PS,Persons,_T,Total,_T,Total,H,Historical,1989,,38821377,,A,Normal value,0,Units,0,Zero
DATAFLOW,OECD.ELS.SAE:DSD_POPULATION@DF_POP_HIST(1.0),Historical population data,I,ESP,Spain,POP,Population,PS,Persons,_T,Total,_T,Total,H,Historical,1990,,38860827,,A,Normal value,0,Units,0,Zero
DATAFLOW,OECD.ELS.SAE:DSD_POPULATION@DF_POP_HIST(1.0),Historical population data,I,ESP,Spain,POP,Population,PS,Persons,_T,Total,_T,Total,H,Historical,1991,,38941622,,A,Normal value,0,Units,0,Zero
DATAFLOW,OECD.ELS.SAE:DSD_POPULATION@DF_POP_HIST(1.0),Historical population data,I,ESP,Spain,POP,Population,PS,Persons,_T,Total,_T,Total,H,Historical,1992,,39147940,,A,Normal value,0,Units,0,Zero
DATAFLOW,OECD.ELS.SAE:DSD_POPULATION@DF_POP_HIST(1.0),Historical population data,I,ESP,Spain,POP,Population,PS,Persons,_T,Total,_T,Total,H,Historical,1993,,39356082,,A,Normal value,0,Units,0,Zero
DATAFLOW,OECD.ELS.SAE:DSD_POPULATION@DF_POP_HIST(1.0),Historical population data,I,ESP,Spain,POP,Population,PS,Persons,_T,Total,_T,Total,H,Historical,1994,,39547353,,A,Normal value,0,Units,0,Zero
DATAFLOW,OECD.ELS.SAE:DSD_POPULATION@DF_POP_HIST(1.0),Historical population data,I,ESP,Spain,POP,Population,PS,Persons,_T,Total,_T,Total,H,Historical,1995,,39718895,,A,Normal value,0,Units,0,Zero
DATAFLOW,OECD.ELS.SAE:DSD_POPULATION@DF_POP_HIST(1.0),Historical population data,I,ESP,Spain,POP,Population,PS,Persons,_T,Total,_T,Total,H,Historical,1996,,39884246,,A,Normal value,0,Units,0,Zero
DATAFLOW,OECD.ELS.SAE:DSD_POPULATION@DF_POP_HIST(1.0),Historical population data,I,ESP,Spain,POP,Population,PS,Persons,_T,Total,_T,Total,H,Historical,1997,,40049974,,A,Normal value,0,Units,0,Zero
DATAFLOW,OECD.ELS.SAE:DSD_POPULATION@DF_POP_HIST(1.0),Historical population data,I,ESP,Spain,POP,Population,PS,Persons,_T,Total,_T,Total,H,Historical,1998,,40214066,,A,Normal value,0,Units,0,Zero
DATAFLOW,OECD.ELS.SAE:DSD_POPULATION@DF_POP_HIST(1.0),Historical population data,I,ESP,Spain,POP,Population,PS,Persons,_T,Total,_T,Total,H,Historical,1999,,40369667,,A,Normal value,0,Units,0,Zero
DATAFLOW,OECD.ELS.SAE:DSD_POPULATION@DF_POP_HIST(1.0),Historical population data,I,ESP,Spain,POP,Population,PS,Persons,_T,Total,_T,Total,H,Historical,2000,,40554387,,A,Normal value,0,Units,0,Zero
DATAFLOW,OECD.ELS.SAE:DSD_POPULATION@DF_POP_HIST(1.0),Historical population data,I,ESP,Spain,POP,Population,PS,Persons,_T,Total,_T,Total,H,Historical,2001,,40766049,,A,Normal value,0,Units,0,Zero
DATAFLOW,OECD.ELS.SAE:DSD_POPULATION@DF_POP_HIST(1.0),Historical population data,I,ESP,Spain,POP,Population,PS,Persons,_T,Total,_T,Total,H,Historical,2002,,41423520,,A,Normal value,0,Units,0,Zero
DATAFLOW,OECD.ELS.SAE:DSD_POPULATION@DF_POP_HIST(1.0),Historical population data,I,ESP,Spain,POP,Population,PS,Persons,_T,Total,_T,Total,H,Historical,2003,,42196231,,A,Normal value,0,Units,0,Zero
DATAFLOW,OECD.ELS.SAE:DSD_POPULATION@DF_POP_HIST(1.0),Historical population data,I,ESP,Spain,POP,Population,PS,Persons,_T,Total,_T,Total,H,Historical,2004,,42859172,,A,Normal value,0,Units,0,Zero
DATAFLOW,OECD.ELS.SAE:DSD_POPULATION@DF_POP_HIST(1.0),Historical population data,I,ESP,Spain,POP,Population,PS,Persons,_T,Total,_T,Total,H,Historical,2005,,43662613,,A,Normal value,0,Units,0,Zero
DATAFLOW,OECD.ELS.SAE:DSD_POPULATION@DF_POP_HIST(1.0),Historical population data,I,ESP,Spain,POP,Population,PS,Persons,_T,Total,_T,Total,H,Historical,2006,,44360521,,A,Normal value,0,Units,0,Zero
DATAFLOW,OECD.ELS.SAE:DSD_POPULATION@DF_POP_HIST(1.0),Historical population data,I,ESP,Spain,POP,Population,PS,Persons,_T,Total,_T,Total,H,Historical,2007,,45236004,,A,Normal value,0,Units,0,Zero
DATAFLOW,OECD.ELS.SAE:DSD_POPULATION@DF_POP_HIST(1.0),Historical population data,I,ESP,Spain,POP,Population,PS,Persons,_T,Total,_T,Total,H,Historical,2008,,45983169,,A,Normal value,0,Units,0,Zero
DATAFLOW,OECD.ELS.SAE:DSD_POPULATION@DF_POP_HIST(1.0),Historical population data,I,ESP,Spain,POP,Population,PS,Persons,_T,Total,_T,Total,H,Historical,2009,,46367550,,A,Normal value,0,Units,0,Zero
DATAFLOW,OECD.ELS.SAE:DSD_POPULATION@DF_POP_HIST(1.0),Historical population data,I,ESP,Spain,POP,Population,PS,Persons,_T,Total,_T,Total,H,Historical,2010,,46562483,,A,Normal value,0,Units,0,Zero
DATAFLOW,OECD.ELS.SAE:DSD_POPULATION@DF_POP_HIST(1.0),Historical population data,I,ESP,Spain,POP,Population,PS,Persons,_T,Total,_T,Total,H,Historical,2011,,46736257,,A,Normal value,0,Units,0,Zero
DATAFLOW,OECD.ELS.SAE:DSD_POPULATION@DF_POP_HIST(1.0),Historical population data,I,GBR,United Kingdom,POP,Population,PS,Persons,_T,Total,_T,Total,H,Historical,1969,,55534000,,A,Normal value,0,Units,0,Zero
DATAFLOW,OECD.ELS.SAE:DSD_POPULATION@DF_POP_HIST(1.0),Historical population data,I,GBR,United Kingdom,POP,Population,PS,Persons,_T,Total,_T,Total,H,Historical,1970,,55710700,,A,Normal value,0,Units,0,Zero
DATAFLOW,OECD.ELS.SAE:DSD_POPULATION@DF_POP_HIST(1.0),Historical population data,I,GBR,United Kingdom,POP,Population,PS,Persons,_T,Total,_T,Total,H,Historical,1971,,55928013,,A,Normal value,0,Units,0,Zero
DATAFLOW,OECD.ELS.SAE:DSD_POPULATION@DF_POP_HIST(1.0),Historical population data,I,GBR,United Kingdom,POP,Population,PS,Persons,_T,Total,_T,Total,H,Historical,1972,,56096677,,A,Normal value,0,Units,0,Zero
DATAFLOW,OECD.ELS.SAE:DSD_POPULATION@DF_POP_HIST(1.0),Historical population data,I,GBR,United Kingdom,POP,Population,PS,Persons,_T,Total,_T,Total,H,Historical,1973,,56222893,,A,Normal value,0,Units,0,Zero
DATAFLOW,OECD.ELS.SAE:DSD_POPULATION@DF_POP_HIST(1.0),Historical population data,I,GBR,United Kingdom,POP,Population,PS,Persons,_T,Total,_T,Total,H,Historical,1974,,56235642,,A,Normal value,0,Units,0,Zero
DATAFLOW,OECD.ELS.SAE:DSD_POPULATION@DF_POP_HIST(1.0),Historical population data,I,GBR,United Kingdom,POP,Population,PS,Persons,_T,Total,_T,Total,H,Historical,1975,,56225718,,A,Normal value,0,Units,0,Zero
DATAFLOW,OECD.ELS.SAE:DSD_POPULATION@DF_POP_HIST(1.0),Historical population data,I,GBR,United Kingdom,POP,Population,PS,Persons,_T,Total,_T,Total,H,Historical,1976,,56216121,,A,Normal value,0,Units,0,Zero
DATAFLOW,OECD.ELS.SAE:DSD_POPULATION@DF_POP_HIST(1.0),Historical population data,I,GBR,United Kingdom,POP,Population,PS,Persons,_T,Total,_T,Total,H,Historical,1977,,56189910,,A,Normal value,0,Units,0,Zero
DATAFLOW,OECD.ELS.SAE:DSD_POPULATION@DF_POP_HIST(1.0),Historical population data,I,GBR,United Kingdom,POP,Population,PS,Persons,_T,Total,_T,Total,H,Historical,1978,,56178025,,A,Normal value,0,Units,0,Zero
DATAFLOW,OECD.ELS.SAE:DSD_POPULATION@DF_POP_HIST(1.0),Historical population data,I,GBR,United Kingdom,POP,Population,PS,Persons,_T,Total,_T,Total,H,Historical,1979,,56240053,,A,Normal value,0,Units,0,Zero
DATAFLOW,OECD.ELS.SAE:DSD_POPULATION@DF_POP_HIST(1.0),Historical population data,I,GBR,United Kingdom,POP,Population,PS,Persons,_T,Total,_T,Total,H,Historical,1980,,56329673,,A,Normal value,0,Units,0,Zero
DATAFLOW,OECD.ELS.SAE:DSD_POPULATION@DF_POP_HIST(1.0),Historical population data,I,GBR,United Kingdom,POP,Population,PS,Persons,_T,Total,_T,Total,H,Historical,1981,,56357464,,A,Normal value,0,Units,0,Zero
DATAFLOW,OECD.ELS.SAE:DSD_POPULATION@DF_POP_HIST(1.0),Historical population data,I,GBR,United Kingdom,POP,Population,PS,Persons,_T,Total,_T,Total,H,Historical,1982,,56290711,,A,Normal value,0,Units,0,Zero
DATAFLOW,OECD.ELS.SAE:DSD_POPULATION@DF_POP_HIST(1.0),Historical population data,I,GBR,United Kingdom,POP,Population,PS,Persons,_T,Total,_T,Total,H,Historical,1983,,56315677,,A,Normal value,0,Units,0,Zero
DATAFLOW,OECD.ELS.SAE:DSD_POPULATION@DF_POP_HIST(1.0),Historical population data,I,GBR,United Kingdom,POP,Population,PS,Persons,_T,Total,_T,Total,H,Historical,1984,,56409327,,A,Normal value,0,Units,0,Zero
DATAFLOW,OECD.ELS.SAE:DSD_POPULATION@DF_POP_HIST(1.0),Historical population data,I,GBR,United Kingdom,POP,Population,PS,Persons,_T,Total,_T,Total,H,Historical,1985,,56553955,,A,Normal value,0,Units,0,Zero
DATAFLOW,OECD.ELS.SAE:DSD_POPULATION@DF_POP_HIST(1.0),Historical population data,I,GBR,United Kingdom,POP,Population,PS,Persons,_T,Total,_T,Total,H,Historical,1986,,56683835,,A,Normal value,0,Units,0,Zero
DATAFLOW,OECD.ELS.SAE:DSD_POPULATION@DF_POP_HIST(1.0),Historical population data,I,GBR,United Kingdom,POP,Population,PS,Persons,_T,Total,_T,Total,H,Historical,1987,,56803958,,A,Normal value,0,Units,0,Zero
DATAFLOW,OECD.ELS.SAE:DSD_POPULATION@DF_POP_HIST(1.0),Historical population data,I,GBR,United Kingdom,POP,Population,PS,Persons,_T,Total,_T,Total,H,Historical,1988,,56916448,,A,Normal value,0,Units,0,Zero
DATAFLOW,OECD.ELS.SAE:DSD_POPULATION@DF_POP_HIST(1.0),Historical population data,I,GBR,United Kingdom,POP,Population,PS,Persons,_T,Total,_T,Total,H,Historical,1989,,57076451,,A,Normal value,0,Units,0,Zero
DATAFLOW,OECD.ELS.SAE:DSD_POPULATION@DF_POP_HIST(1.0),Historical population data,I,GBR,United Kingdom,POP,Population,PS,Persons,_T,Total,_T,Total,H,Historical,1990,,57237493,,A,Normal value,0,Units,0,Zero
DATAFLOW,OECD.ELS.SAE:DSD_POPULATION@DF_POP_HIST(1.0),Historical population data,I,GBR,United Kingdom,POP,Population,PS,Persons,_T,Total,_T,Total,H,Historical,1991,,57438658,,A,Normal value,0,Units,0,Zero
DATAFLOW,OECD.ELS.SAE:DSD_POPULATION@DF_POP_HIST(1.0),Historical population data,I,GBR,United Kingdom,POP,Population,PS,Persons,_T,Total,_T,Total,H,Historical,1992,,57584530,,A,Normal value,0,Units,0,Zero
DATAFLOW,OECD.ELS.SAE:DSD_POPULATION@DF_POP_HIST(1.0),Historical population data,I,GBR,United Kingdom,POP,Population,PS,Persons,_T,Total,_T,Total,H,Historical,1993,,57713889,,A,Normal value,0,Units,0,Zero
DATAFLOW,OECD.ELS.SAE:DSD_POPULATION@DF_POP_HIST(1.0),Historical population data,I,GBR,United Kingdom,POP,Population,PS,Persons,_T,Total,_T,Total,H,Historical,1994,,57862145,,A,Normal value,0,Units,0,Zero
DATAFLOW,OECD.ELS.SAE:DSD_POPULATION@DF_POP_HIST(1.0),Historical population data,I,GBR,United Kingdom,POP,Population,PS,Persons,_T,Total,_T,Total,H,Historical,1995,,58024799,,A,Normal value,0,Units,0,Zero
DATAFLOW,OECD.ELS.SAE:DSD_POPULATION@DF_POP_HIST(1.0),Historical population data,I,GBR,United Kingdom,POP,Population,PS,Persons,_T,Total,_T,Total,H,Historical,1996,,58164374,,A,Normal value,0,Units,0,Zero
DATAFLOW,OECD.ELS.SAE:DSD_POPULATION@DF_POP_HIST(1.0),Historical population data,I,GBR,United Kingdom,POP,Population,PS,Persons,_T,Total,_T,Total,H,Historical,1997,,58314249,,A,Normal value,0,Units,0,Zero
DATAFLOW,OECD.ELS.SAE:DSD_POPULATION@DF_POP_HIST(1.0),Historical population data,I,GBR,United Kingdom,POP,Population,PS,Persons,_T,Total,_T,Total,H,Historical,1998,,58474943,,A,Normal value,0,Units,0,Zero
DATAFLOW,OECD.ELS.SAE:DSD_POPULATION@DF_POP_HIST(1.0),Historical population data,I,GBR,United Kingdom,POP,Population,PS,Persons,_T,Total,_T,Total,H,Historical,1999,,58684427,,A,Normal value,0,Units,0,Zero
DATAFLOW,OECD.ELS.SAE:DSD_POPULATION@DF_POP_HIST(1.0),Historical population data,I,GBR,United Kingdom,POP,Population,PS,Persons,_T,Total,_T,Total,H,Historical,2000,,58886065,,A,Normal value,0,Units,0,Zero
DATAFLOW,OECD.ELS.SAE:DSD_POPULATION@DF_POP_HIST(1.0),Historical population data,I,GBR,United Kingdom,POP,Population,PS,Persons,_T,Total,_T,Total,H,Historical,2001,,59113016,,A,Normal value,0,Units,0,Zero
DATAFLOW,OECD.ELS.SAE:DSD_POPULATION@DF_POP_HIST(1.0),Historical population data,I,GBR,United Kingdom,POP,Population,PS,Persons,_T,Total,_T,Total,H,Historical,2002,,59365677,,A,Normal value,0,Units,0,Zero
DATAFLOW,OECD.ELS.SAE:DSD_POPULATION@DF_POP_HIST(1.0),Historical population data,I,GBR,United Kingdom,POP,Population,PS,Persons,_T,Total,_T,Total,H,Historical,2003,,59636662,,A,Normal value,0,Units,0,Zero
DATAFLOW,OECD.ELS.SAE:DSD_POPULATION@DF_POP_HIST(1.0),Historical population data,I,GBR,United Kingdom,POP,Population,PS,Persons,_T,Total,_T,Total,H,Historical,2004,,59950364,,A,Normal value,0,Units,0,Zero
DATAFLOW,OECD.ELS.SAE:DSD_POPULATION@DF_POP_HIST(1.0),Historical population data,I,GBR,United Kingdom,POP,Population,PS,Persons,_T,Total,_T,Total,H,Historical,2005,,60413276,,A,Normal value,0,Units,0,Zero
DATAFLOW,OECD.ELS.SAE:DSD_POPULATION@DF_POP_HIST(1.0),Historical population data,I,GBR,United Kingdom,POP,Population,PS,Persons,_T,Total,_T,Total,H,Historical,2006,,60827067,,A,Normal value,0,Units,0,Zero
DATAFLOW,OECD.ELS.SAE:DSD_POPULATION@DF_POP_HIST(1.0),Historical population data,I,GBR,United Kingdom,POP,Population,PS,Persons,_T,Total,_T,Total,H,Historical,2007,,61319075,,A,Normal value,0,Units,0,Zero
DATAFLOW,OECD.ELS.SAE:DSD_POPULATION@DF_POP_HIST(1.0),Historical population data,I,GBR,United Kingdom,POP,Population,PS,Persons,_T,Total,_T,Total,H,Historical,2008,,61823772,,A,Normal value,0,Units,0,Zero
DATAFLOW,OECD.ELS.SAE:DSD_POPULATION@DF_POP_HIST(1.0),Historical population data,I,GBR,United Kingdom,POP,Population,PS,Persons,_T,Total,_T,Total,H,Historical,2009,,62260486,,A,Normal value,0,Units,0,Zero
DATAFLOW,OECD.ELS.SAE:DSD_POPULATION@DF_POP_HIST(1.0),Historical population data,I,GBR,United Kingdom,POP,Population,PS,Persons,_T,Total,_T,Total,H,Historical,2010,,62759456,,A,Normal value,0,Units,0,Zero
DATAFLOW,OECD.ELS.SAE:DSD_POPULATION@DF_POP_HIST(1.0),Historical population data,I,GBR,United Kingdom,POP,Population,PS,Persons,_T,Total,_T,Total,H,Historical,2011,,63285145,,A,Normal value,0,Units,0,Zero
DATAFLOW,OECD.ELS.SAE:DSD_POPULATION@DF_POP_HIST(1.0),Historical population data,I,EU27,European Union (27 countries),POP,Population,PS,Persons,_T,Total,_T,Total,H,Historical,2001,,429346943,,A,Normal value,0,Units,0,Zero
DATAFLOW,OECD.ELS.SAE:DSD_POPULATION@DF_POP_HIST(1.0),Historical population data,I,BRA,Brazil,POP,Population,PS,Persons,_T,Total,_T,Total,H,Historical,1980,,122081510,,A,Normal value,0,Units,0,Zero
DATAFLOW,OECD.ELS.SAE:DSD_POPULATION@DF_POP_HIST(1.0),Historical population data,I,BRA,Brazil,POP,Population,PS,Persons,_T,Total,_T,Total,H,Historical,1981,,124807167,,A,Normal value,0,Units,0,Zero
DATAFLOW,OECD.ELS.SAE:DSD_POPULATION@DF_POP_HIST(1.0),Historical population data,I,BRA,Brazil,POP,Population,PS,Persons,_T,Total,_T,Total,H,Historical,1982,,127604588,,A,Normal value,0,Units,0,Zero
DATAFLOW,OECD.ELS.SAE:DSD_POPULATION@DF_POP_HIST(1.0),Historical population data,I,BRA,Brazil,POP,Population,PS,Persons,_T,Total,_T,Total,H,Historical,1983,,130434274,,A,Normal value,0,Units,0,Zero
DATAFLOW,OECD.ELS.SAE:DSD_POPULATION@DF_POP_HIST(1.0),Historical population data,I,BRA,Brazil,POP,Population,PS,Persons,_T,Total,_T,Total,H,Historical,1984,,133238189,,A,Normal value,0,Units,0,Zero
DATAFLOW,OECD.ELS.SAE:DSD_POPULATION@DF_POP_HIST(1.0),Historical population data,I,BRA,Brazil,POP,Population,PS,Persons,_T,Total,_T,Total,H,Historical,1985,,135979454,,A,Normal value,0,Units,0,Zero
DATAFLOW,OECD.ELS.SAE:DSD_POPULATION@DF_POP_HIST(1.0),Historical population data,I,BRA,Brazil,POP,Population,PS,Persons,_T,Total,_T,Total,H,Historical,1986,,138662472,,A,Normal value,0,Units,0,Zero
DATAFLOW,OECD.ELS.SAE:DSD_POPULATION@DF_POP_HIST(1.0),Historical population data,I,BRA,Brazil,POP,Population,PS,Persons,_T,Total,_T,Total,H,Historical,1987,,141282564,,A,Normal value,0,Units,0,Zero
DATAFLOW,OECD.ELS.SAE:DSD_POPULATION@DF_POP_HIST(1.0),Historical population data,I,BRA,Brazil,POP,Population,PS,Persons,_T,Total,_T,Total,H,Historical,1988,,143851505,,A,Normal value,0,Units,0,Zero
DATAFLOW,OECD.ELS.SAE:DSD_POPULATION@DF_POP_HIST(1.0),Historical population data,I,BRA,Brazil,POP,Population,PS,Persons,_T,Total,_T,Total,H,Historical,1989,,146393753,,A,Normal value,0,Units,0,Zero
DATAFLOW,OECD.ELS.SAE:DSD_POPULATION@DF_POP_HIST(1.0),Historical population data,I,BRA,Brazil,POP,Population,PS,Persons,_T,Total,_T,Total,H,Historical,1990,,148935328,,A,Normal value,0,Units,0,Zero
DATAFLOW,OECD.ELS.SAE:DSD_POPULATION@DF_POP_HIST(1.0),Historical population data,I,BRA,Brazil,POP,Population,PS,Persons,_T,Total,_T,Total,H,Historical,1991,,151467861,,A,Normal value,0,Units,0,Zero
DATAFLOW,OECD.ELS.SAE:DSD_POPULATION@DF_POP_HIST(1.0),Historical population data,I,BRA,Brazil,POP,Population,PS,Persons,_T,Total,_T,Total,H,Historical,1992,,153973883,,A,Normal value,0,Units,0,Zero
DATAFLOW,OECD.ELS.SAE:DSD_POPULATION@DF_POP_HIST(1.0),Historical population data,I,BRA,Brazil,POP,Population,PS,Persons,_T,Total,_T,Total,H,Historical,1993,,156454116,,A,Normal value,0,Units,0,Zero
DATAFLOW,OECD.ELS.SAE:DSD_POPULATION@DF_POP_HIST(1.0),Historical population data,I,BRA,Brazil,POP,Population,PS,Persons,_T,Total,_T,Total,H,Historical,1994,,158910651,,A,Normal value,0,Units,0,Zero
DATAFLOW,OECD.ELS.SAE:DSD_POPULATION@DF_POP_HIST(1.0),Historical population data,I,BRA,Brazil,POP,Population,PS,Persons,_T,Total,_T,Total,H,Historical,1995,,161345581,,A,Normal value,0,Units,0,Zero
DATAFLOW,OECD.ELS.SAE:DSD_POPULATION@DF_POP_HIST(1.0),Historical population data,I,BRA,Brazil,POP,Population,PS,Persons,_T,Total,_T,Total,H,Historical,1996,,163767821,,A,Normal value,0,Units,0,Zero
DATAFLOW,OECD.ELS.SAE:DSD_POPULATION@DF_POP_HIST(1.0),Historical population data,I,BRA,Brazil,POP,Population,PS,Persons,_T,Total,_T,Total,H,Historical,1997,,166187066,,A,Normal value,0,Units,0,Zero
DATAFLOW,OECD.ELS.SAE:DSD_POPULATION@DF_POP_HIST(1.0),Historical population data,I,BRA,Brazil,POP,Population,PS,Persons,_T,Total,_T,Total,H,Historical,1998,,168606400,,A,Normal value,0,Units,0,Zero
DATAFLOW,OECD.ELS.SAE:DSD_POPULATION@DF_POP_HIST(1.0),Historical population data,I,BRA,Brazil,POP,Population,PS,Persons,_T,Total,_T,Total,H,Historical,1999,,171029011,,A,Normal value,0,Units,0,Zero
DATAFLOW,OECD.ELS.SAE:DSD_POPULATION@DF_POP_HIST(1.0),Historical population data,I,BRA,Brazil,POP,Population,PS,Persons,_T,Total,_T,Total,H,Historical,2000,,173765726,,A,Normal value,0,Units,0,Zero
DATAFLOW,OECD.ELS.SAE:DSD_POPULATION@DF_POP_HIST(1.0),Historical population data,I,BRA,Brazil,POP,Population,PS,Persons,_T,Total,_T,Total,H,Historical,2001,,176208646,,A,Normal value,0,Units,0,Zero
DATAFLOW,OECD.ELS.SAE:DSD_POPULATION@DF_POP_HIST(1.0),Historical population data,I,BRA,Brazil,POP,Population,PS,Persons,_T,Total,_T,Total,H,Historical,2002,,178499255,,A,Normal value,0,Units,0,Zero
DATAFLOW,OECD.ELS.SAE:DSD_POPULATION@DF_POP_HIST(1.0),Historical population data,I,BRA,Brazil,POP,Population,PS,Persons,_T,Total,_T,Total,H,Historical,2003,,180708344,,A,Normal value,0,Units,0,Zero
DATAFLOW,OECD.ELS.SAE:DSD_POPULATION@DF_POP_HIST(1.0),Historical population data,I,BRA,Brazil,POP,Population,PS,Persons,_T,Total,_T,Total,H,Historical,2004,,182865043,,A,Normal value,0,Units,0,Zero
DATAFLOW,OECD.ELS.SAE:DSD_POPULATION@DF_POP_HIST(1.0),Historical population data,I,BRA,Brazil,POP,Population,PS,Persons,_T,Total,_T,Total,H,Historical,2005,,184991143,,A,Normal value,0,Units,0,Zero
DATAFLOW,OECD.ELS.SAE:DSD_POPULATION@DF_POP_HIST(1.0),Historical population data,I,BRA,Brazil,POP,Population,PS,Persons,_T,Total,_T,Total,H,Historical,2006,,187061610,,A,Normal value,0,Units,0,Zero
DATAFLOW,OECD.ELS.SAE:DSD_POPULATION@DF_POP_HIST(1.0),Historical population data,I,BRA,Brazil,POP,Population,PS,Persons,_T,Total,_T,Total,H,Historical,2007,,189038268,,A,Normal value,0,Units,0,Zero
DATAFLOW,OECD.ELS.SAE:DSD_POPULATION@DF_POP_HIST(1.0),Historical population data,I,BRA,Brazil,POP,Population,PS,Persons,_T,Total,_T,Total,H,Historical,2008,,191010274,,A,Normal value,0,Units,0,Zero
DATAFLOW,OECD.ELS.SAE:DSD_POPULATION@DF_POP_HIST(1.0),Historical population data,I,BRA,Brazil,POP,Population,PS,Persons,_T,Total,_T,Total,H,Historical,2009,,192980905,,A,Normal value,0,Units,0,Zero
DATAFLOW,OECD.ELS.SAE:DSD_POPULATION@DF_POP_HIST(1.0),Historical population data,I,BRA,Brazil,POP,Population,PS,Persons,_T,Total,_T,Total,H,Historical,2010,,194890682,,A,Normal value,0,Units,0,Zero
DATAFLOW,OECD.ELS.SAE:DSD_POPULATION@DF_POP_HIST(1.0),Historical population data,I,BRA,Brazil,POP,Population,PS,Persons,_T,Total,_T,Total,H,Historical,2011,,196603732,,A,Normal value,0,Units,0,Zero
DATAFLOW,OECD.ELS.SAE:DSD_POPULATION@DF_POP_HIST(1.0),Historical population data,I,BRA,Brazil,POP,Population,PS,Persons,_T,Total,_T,Total,H,Historical,2012,,198314934,,A,Normal value,0,Units,0,Zero
DATAFLOW,OECD.ELS.SAE:DSD_POPULATION@DF_POP_HIST(1.0),Historical population data,I,BRA,Brazil,POP,Population,PS,Persons,_T,Total,_T,Total,H,Historical,2013,,200004188,,A,Normal value,0,Units,0,Zero
DATAFLOW,OECD.ELS.SAE:DSD_POPULATION@DF_POP_HIST(1.0),Historical population data,I,BRA,Brazil,POP,Population,PS,Persons,_T,Total,_T,Total,H,Historical,2014,,201717541,,A,Normal value,0,Units,0,Zero
DATAFLOW,OECD.ELS.SAE:DSD_POPULATION@DF_POP_HIST(1.0),Historical population data,I,BRA,Brazil,POP,Population,PS,Persons,_T,Total,_T,Total,H,Historical,2015,,203475683,,A,Normal value,0,Units,0,Zero
DATAFLOW,OECD.ELS.SAE:DSD_POPULATION@DF_POP_HIST(1.0),Historical population data,I,BRA,Brazil,POP,Population,PS,Persons,_T,Total,_T,Total,H,Historical,2016,,205156587,,A,Normal value,0,Units,0,Zero
DATAFLOW,OECD.ELS.SAE:DSD_POPULATION@DF_POP_HIST(1.0),Historical population data,I,BRA,Brazil,POP,Population,PS,Persons,_T,Total,_T,Total,H,Historical,2017,,206804741,,A,Normal value,0,Units,0,Zero
DATAFLOW,OECD.ELS.SAE:DSD_POPULATION@DF_POP_HIST(1.0),Historical population data,I,BRA,Brazil,POP,Population,PS,Persons,_T,Total,_T,Total,H,Historical,2018,,208494900,,A,Normal value,0,Units,0,Zero
DATAFLOW,OECD.ELS.SAE:DSD_POPULATION@DF_POP_HIST(1.0),Historical population data,I,BRA,Brazil,POP,Population,PS,Persons,_T,Total,_T,Total,H,Historical,2019,,210147125,,A,Normal value,0,Units,0,Zero
DATAFLOW,OECD.ELS.SAE:DSD_POPULATION@DF_POP_HIST(1.0),Historical population data,I,BRA,Brazil,POP,Population,PS,Persons,_T,Total,_T,Total,H,Historical,2020,,211755692,,A,Normal value,0,Units,0,Zero
DATAFLOW,OECD.ELS.SAE:DSD_POPULATION@DF_POP_HIST(1.0),Historical population data,I,BRA,Brazil,POP,Population,PS,Persons,_T,Total,_T,Total,H,Historical,2021,,213317639,,A,Normal value,0,Units,0,Zero
DATAFLOW,OECD.ELS.SAE:DSD_POPULATION@DF_POP_HIST(1.0),Historical population data,I,BRA,Brazil,POP,Population,PS,Persons,_T,Total,_T,Total,H,Historical,2022,,214828540,,A,Normal value,0,Units,0,Zero
DATAFLOW,OECD.ELS.SAE:DSD_POPULATION@DF_POP_HIST(1.0),Historical population data,I,BGR,Bulgaria,POP,Population,PS,Persons,_T,Total,_T,Total,H,Historical,1969,,8434172,,A,Normal value,0,Units,0,Zero
DATAFLOW,OECD.ELS.SAE:DSD_POPULATION@DF_POP_HIST(1.0),Historical population data,I,BGR,Bulgaria,POP,Population,PS,Persons,_T,Total,_T,Total,H,Historical,1970,,8489574,,A,Normal value,0,Units,0,Zero
DATAFLOW,OECD.ELS.SAE:DSD_POPULATION@DF_POP_HIST(1.0),Historical population data,I,BGR,Bulgaria,POP,Population,PS,Persons,_T,Total,_T,Total,H,Historical,1971,,8536395,,A,Normal value,0,Units,0,Zero
DATAFLOW,OECD.ELS.SAE:DSD_POPULATION@DF_POP_HIST(1.0),Historical population data,I,BGR,Bulgaria,POP,Population,PS,Persons,_T,Total,_T,Total,H,Historical,1972,,8576200,,A,Normal value,0,Units,0,Zero
DATAFLOW,OECD.ELS.SAE:DSD_POPULATION@DF_POP_HIST(1.0),Historical population data,I,BGR,Bulgaria,POP,Population,PS,Persons,_T,Total,_T,Total,H,Historical,1973,,8620967,,A,Normal value,0,Units,0,Zero
DATAFLOW,OECD.ELS.SAE:DSD_POPULATION@DF_POP_HIST(1.0),Historical population data,I,BGR,Bulgaria,POP,Population,PS,Persons,_T,Total,_T,Total,H,Historical,1974,,8678745,,A,Normal value,0,Units,0,Zero
DATAFLOW,OECD.ELS.SAE:DSD_POPULATION@DF_POP_HIST(1.0),Historical population data,I,BGR,Bulgaria,POP,Population,PS,Persons,_T,Total,_T,Total,H,Historical,1975,,8720742,,A,Normal value,0,Units,0,Zero
DATAFLOW,OECD.ELS.SAE:DSD_POPULATION@DF_POP_HIST(1.0),Historical population data,I,BGR,Bulgaria,POP,Population,PS,Persons,_T,Total,_T,Total,H,Historical,1976,,8758599,,A,Normal value,0,Units,0,Zero
DATAFLOW,OECD.ELS.SAE:DSD_POPULATION@DF_POP_HIST(1.0),Historical population data,I,BGR,Bulgaria,POP,Population,PS,Persons,_T,Total,_T,Total,H,Historical,1977,,8804183,,A,Normal value,0,Units,0,Zero
DATAFLOW,OECD.ELS.SAE:DSD_POPULATION@DF_POP_HIST(1.0),Historical population data,I,BGR,Bulgaria,POP,Population,PS,Persons,_T,Total,_T,Total,H,Historical,1978,,8814032,,A,Normal value,0,Units,0,Zero
DATAFLOW,OECD.ELS.SAE:DSD_POPULATION@DF_POP_HIST(1.0),Historical population data,I,BGR,Bulgaria,POP,Population,PS,Persons,_T,Total,_T,Total,H,Historical,1979,,8825940,,A,Normal value,0,Units,0,Zero
DATAFLOW,OECD.ELS.SAE:DSD_POPULATION@DF_POP_HIST(1.0),Historical population data,I,BGR,Bulgaria,POP,Population,PS,Persons,_T,Total,_T,Total,H,Historical,1980,,8861535,,A,Normal value,0,Units,0,Zero
DATAFLOW,OECD.ELS.SAE:DSD_POPULATION@DF_POP_HIST(1.0),Historical population data,I,BGR,Bulgaria,POP,Population,PS,Persons,_T,Total,_T,Total,H,Historical,1981,,8891117,,A,Normal value,0,Units,0,Zero
DATAFLOW,OECD.ELS.SAE:DSD_POPULATION@DF_POP_HIST(1.0),Historical population data,I,BGR,Bulgaria,POP,Population,PS,Persons,_T,Total,_T,Total,H,Historical,1982,,8917457,,A,Normal value,0,Units,0,Zero
DATAFLOW,OECD.ELS.SAE:DSD_POPULATION@DF_POP_HIST(1.0),Historical population data,I,BGR,Bulgaria,POP,Population,PS,Persons,_T,Total,_T,Total,H,Historical,1983,,8939738,,A,Normal value,0,Units,0,Zero
DATAFLOW,OECD.ELS.SAE:DSD_POPULATION@DF_POP_HIST(1.0),Historical population data,I,BGR,Bulgaria,POP,Population,PS,Persons,_T,Total,_T,Total,H,Historical,1984,,8960679,,A,Normal value,0,Units,0,Zero
DATAFLOW,OECD.ELS.SAE:DSD_POPULATION@DF_POP_HIST(1.0),Historical population data,I,BGR,Bulgaria,POP,Population,PS,Persons,_T,Total,_T,Total,H,Historical,1985,,8960547,,A,Normal value,0,Units,0,Zero
DATAFLOW,OECD.ELS.SAE:DSD_POPULATION@DF_POP_HIST(1.0),Historical population data,I,BGR,Bulgaria,POP,Population,PS,Persons,_T,Total,_T,Total,H,Historical,1986,,8958171,,A,Normal value,0,Units,0,Zero
DATAFLOW,OECD.ELS.SAE:DSD_POPULATION@DF_POP_HIST(1.0),Historical population data,I,BGR,Bulgaria,POP,Population,PS,Persons,_T,Total,_T,Total,H,Historical,1987,,8971359,,A,Normal value,0,Units,0,Zero
DATAFLOW,OECD.ELS.SAE:DSD_POPULATION@DF_POP_HIST(1.0),Historical population data,I,BGR,Bulgaria,POP,Population,PS,Persons,_T,Total,_T,Total,H,Historical,1988,,8981446,,A,Normal value,0,Units,0,Zero
DATAFLOW,OECD.ELS.SAE:DSD_POPULATION@DF_POP_HIST(1.0),Historical population data,I,BGR,Bulgaria,POP,Population,PS,Persons,_T,Total,_T,Total,H,Historical,1989,,8876972,,A,Normal value,0,Units,0,Zero
DATAFLOW,OECD.ELS.SAE:DSD_POPULATION@DF_POP_HIST(1.0),Historical population data,I,BGR,Bulgaria,POP,Population,PS,Persons,_T,Total,_T,Total,H,Historical,1990,,8718289,,A,Normal value,0,Units,0,Zero
DATAFLOW,OECD.ELS.SAE:DSD_POPULATION@DF_POP_HIST(1.0),Historical population data,I,BGR,Bulgaria,POP,Population,PS,Persons,_T,Total,_T,Total,H,Historical,1991,,8632367,,A,Normal value,0,Units,0,Zero
DATAFLOW,OECD.ELS.SAE:DSD_POPULATION@DF_POP_HIST(1.0),Historical population data,I,BGR,Bulgaria,POP,Population,PS,Persons,_T,Total,_T,Total,H,Historical,1992,,8540164,,A,Normal value,0,Units,0,Zero
DATAFLOW,OECD.ELS.SAE:DSD_POPULATION@DF_POP_HIST(1.0),Historical population data,I,BGR,Bulgaria,POP,Population,PS,Persons,_T,Total,_T,Total,H,Historical,1993,,8472313,,A,Normal value,0,Units,0,Zero
DATAFLOW,OECD.ELS.SAE:DSD_POPULATION@DF_POP_HIST(1.0),Historical population data,I,BGR,Bulgaria,POP,Population,PS,Persons,_T,Total,_T,Total,H,Historical,1994,,8443591,,A,Normal value,0,Units,0,Zero
DATAFLOW,OECD.ELS.SAE:DSD_POPULATION@DF_POP_HIST(1.0),Historical population data,I,BGR,Bulgaria,POP,Population,PS,Persons,_T,Total,_T,Total,H,Historical,1995,,8406067,,A,Normal value,0,Units,0,Zero
DATAFLOW,OECD.ELS.SAE:DSD_POPULATION@DF_POP_HIST(1.0),Historical population data,I,BGR,Bulgaria,POP,Population,PS,Persons,_T,Total,_T,Total,H,Historical,1996,,8362826,,A,Normal value,0,Units,0,Zero
DATAFLOW,OECD.ELS.SAE:DSD_POPULATION@DF_POP_HIST(1.0),Historical population data,I,BGR,Bulgaria,POP,Population,PS,Persons,_T,Total,_T,Total,H,Historical,1997,,8312068,,A,Normal value,0,Units,0,Zero
DATAFLOW,OECD.ELS.SAE:DSD_POPULATION@DF_POP_HIST(1.0),Historical population data,I,BGR,Bulgaria,POP,Population,PS,Persons,_T,Total,_T,Total,H,Historical,1998,,8256786,,A,Normal value,0,Units,0,Zero
DATAFLOW,OECD.ELS.SAE:DSD_POPULATION@DF_POP_HIST(1.0),Historical population data,I,BGR,Bulgaria,POP,Population,PS,Persons,_T,Total,_T,Total,H,Historical,1999,,8210624,,A,Normal value,0,Units,0,Zero
DATAFLOW,OECD.ELS.SAE:DSD_POPULATION@DF_POP_HIST(1.0),Historical population data,I,BGR,Bulgaria,POP,Population,PS,Persons,_T,Total,_T,Total,H,Historical,2000,,8170172,,A,Normal value,0,Units,0,Zero
DATAFLOW,OECD.ELS.SAE:DSD_POPULATION@DF_POP_HIST(1.0),Historical population data,I,BGR,Bulgaria,POP,Population,PS,Persons,_T,Total,_T,Total,H,Historical,2001,,8009141.5,,A,Normal value,0,Units,0,Zero
DATAFLOW,OECD.ELS.SAE:DSD_POPULATION@DF_POP_HIST(1.0),Historical population data,I,BGR,Bulgaria,POP,Population,PS,Persons,_T,Total,_T,Total,H,Historical,2004,,7716860,,A,Normal value,0,Units,0,Zero
DATAFLOW,OECD.ELS.SAE:DSD_POPULATION@DF_POP_HIST(1.0),Historical population data,I,BGR,Bulgaria,POP,Population,PS,Persons,_T,Total,_T,Total,H,Historical,2020,,6934015,,A,Normal value,0,Units,0,Zero
DATAFLOW,OECD.ELS.SAE:DSD_POPULATION@DF_POP_HIST(1.0),Historical population data,I,HRV,Croatia,POP,Population,PS,Persons,_T,Total,_T,Total,H,Historical,2001,,4299642,,A,Normal value,0,Units,0,Zero
DATAFLOW,OECD.ELS.SAE:DSD_POPULATION@DF_POP_HIST(1.0),Historical population data,I,HRV,Croatia,POP,Population,PS,Persons,_T,Total,_T,Total,H,Historical,2002,,4302174,,A,Normal value,0,Units,0,Zero
DATAFLOW,OECD.ELS.SAE:DSD_POPULATION@DF_POP_HIST(1.0),Historical population data,I,HRV,Croatia,POP,Population,PS,Persons,_T,Total,_T,Total,H,Historical,2003,,4303399,,A,Normal value,0,Units,0,Zero
DATAFLOW,OECD.ELS.SAE:DSD_POPULATION@DF_POP_HIST(1.0),Historical population data,I,HRV,Croatia,POP,Population,PS,Persons,_T,Total,_T,Total,H,Historical,2004,,4304600,,A,Normal value,0,Units,0,Zero
DATAFLOW,OECD.ELS.SAE:DSD_POPULATION@DF_POP_HIST(1.0),Historical population data,I,HRV,Croatia,POP,Population,PS,Persons,_T,Total,_T,Total,H,Historical,2005,,4310145,,A,Normal value,0,Units,0,Zero
DATAFLOW,OECD.ELS.SAE:DSD_POPULATION@DF_POP_HIST(1.0),Historical population data,I,HRV,Croatia,POP,Population,PS,Persons,_T,Total,_T,Total,H,Historical,2006,,4311159,,A,Normal value,0,Units,0,Zero
DATAFLOW,OECD.ELS.SAE:DSD_POPULATION@DF_POP_HIST(1.0),Historical population data,I,HRV,Croatia,POP,Population,PS,Persons,_T,Total,_T,Total,H,Historical,2007,,4310217,,A,Normal value,0,Units,0,Zero
DATAFLOW,OECD.ELS.SAE:DSD_POPULATION@DF_POP_HIST(1.0),Historical population data,I,HRV,Croatia,POP,Population,PS,Persons,_T,Total,_T,Total,H,Historical,2008,,4309705,,A,Normal value,0,Units,0,Zero
DATAFLOW,OECD.ELS.SAE:DSD_POPULATION@DF_POP_HIST(1.0),Historical population data,I,HRV,Croatia,POP,Population,PS,Persons,_T,Total,_T,Total,H,Historical,2009,,4305181,,A,Normal value,0,Units,0,Zero
DATAFLOW,OECD.ELS.SAE:DSD_POPULATION@DF_POP_HIST(1.0),Historical population data,I,HRV,Croatia,POP,Population,PS,Persons,_T,Total,_T,Total,H,Historical,2010,,4295427,,A,Normal value,0,Units,0,Zero
DATAFLOW,OECD.ELS.SAE:DSD_POPULATION@DF_POP_HIST(1.0),Historical population data,I,HRV,Croatia,POP,Population,PS,Persons,_T,Total,_T,Total,H,Historical,2011,,4280622,,A,Normal value,0,Units,0,Zero
DATAFLOW,OECD.ELS.SAE:DSD_POPULATION@DF_POP_HIST(1.0),Historical population data,I,HRV,Croatia,POP,Population,PS,Persons,_T,Total,_T,Total,H,Historical,2021,,3878981,,A,Normal value,0,Units,0,Zero
DATAFLOW,OECD.ELS.SAE:DSD_POPULATION@DF_POP_HIST(1.0),Historical population data,I,CYP,Cyprus,POP,Population,PS,Persons,_T,Total,_T,Total,H,Historical,1982,,523734,,A,Normal value,0,Units,0,Zero
DATAFLOW,OECD.ELS.SAE:DSD_POPULATION@DF_POP_HIST(1.0),Historical population data,I,CYP,Cyprus,POP,Population,PS,Persons,_T,Total,_T,Total,H,Historical,1983,,528071,,A,Normal value,0,Units,0,Zero
DATAFLOW,OECD.ELS.SAE:DSD_POPULATION@DF_POP_HIST(1.0),Historical population data,I,CYP,Cyprus,POP,Population,PS,Persons,_T,Total,_T,Total,H,Historical,1984,,534958,,A,Normal value,0,Units,0,Zero
DATAFLOW,OECD.ELS.SAE:DSD_POPULATION@DF_POP_HIST(1.0),Historical population data,I,CYP,Cyprus,POP,Population,PS,Persons,_T,Total,_T,Total,H,Historical,1985,,541502,,A,Normal value,0,Units,0,Zero
DATAFLOW,OECD.ELS.SAE:DSD_POPULATION@DF_POP_HIST(1.0),Historical population data,I,CYP,Cyprus,POP,Population,PS,Persons,_T,Total,_T,Total,H,Historical,1986,,547747,,A,Normal value,0,Units,0,Zero
DATAFLOW,OECD.ELS.SAE:DSD_POPULATION@DF_POP_HIST(1.0),Historical population data,I,CYP,Cyprus,POP,Population,PS,Persons,_T,Total,_T,Total,H,Historical,1987,,553736,,A,Normal value,0,Units,0,Zero
DATAFLOW,OECD.ELS.SAE:DSD_POPULATION@DF_POP_HIST(1.0),Historical population data,I,CYP,Cyprus,POP,Population,PS,Persons,_T,Total,_T,Total,H,Historical,1988,,559639,,A,Normal value,0,Units,0,Zero
DATAFLOW,OECD.ELS.SAE:DSD_POPULATION@DF_POP_HIST(1.0),Historical population data,I,CYP,Cyprus,POP,Population,PS,Persons,_T,Total,_T,Total,H,Historical,1989,,567674,,A,Normal value,0,Units,0,Zero
DATAFLOW,OECD.ELS.SAE:DSD_POPULATION@DF_POP_HIST(1.0),Historical population data,I,CYP,Cyprus,POP,Population,PS,Persons,_T,Total,_T,Total,H,Historical,1990,,579898,,A,Normal value,0,Units,0,Zero
DATAFLOW,OECD.ELS.SAE:DSD_POPULATION@DF_POP_HIST(1.0),Historical population data,I,CYP,Cyprus,POP,Population,PS,Persons,_T,Total,_T,Total,H,Historical,1991,,595105,,A,Normal value,0,Units,0,Zero
DATAFLOW,OECD.ELS.SAE:DSD_POPULATION@DF_POP_HIST(1.0),Historical population data,I,CYP,Cyprus,POP,Population,PS,Persons,_T,Total,_T,Total,H,Historical,1992,,611151,,A,Normal value,0,Units,0,Zero
DATAFLOW,OECD.ELS.SAE:DSD_POPULATION@DF_POP_HIST(1.0),Historical population data,I,CYP,Cyprus,POP,Population,PS,Persons,_T,Total,_T,Total,H,Historical,1993,,626087,,A,Normal value,0,Units,0,Zero
DATAFLOW,OECD.ELS.SAE:DSD_POPULATION@DF_POP_HIST(1.0),Historical population data,I,CYP,Cyprus,POP,Population,PS,Persons,_T,Total,_T,Total,H,Historical,1994,,639170,,A,Normal value,0,Units,0,Zero
DATAFLOW,OECD.ELS.SAE:DSD_POPULATION@DF_POP_HIST(1.0),Historical population data,I,CYP,Cyprus,POP,Population,PS,Persons,_T,Total,_T,Total,H,Historical,1995,,650860,,A,Normal value,0,Units,0,Zero
DATAFLOW,OECD.ELS.SAE:DSD_POPULATION@DF_POP_HIST(1.0),Historical population data,I,CYP,Cyprus,POP,Population,PS,Persons,_T,Total,_T,Total,H,Historical,1996,,661326,,A,Normal value,0,Units,0,Zero
DATAFLOW,OECD.ELS.SAE:DSD_POPULATION@DF_POP_HIST(1.0),Historical population data,I,CYP,Cyprus,POP,Population,PS,Persons,_T,Total,_T,Total,H,Historical,1997,,670764,,A,Normal value,0,Units,0,Zero
DATAFLOW,OECD.ELS.SAE:DSD_POPULATION@DF_POP_HIST(1.0),Historical population data,I,CYP,Cyprus,POP,Population,PS,Persons,_T,Total,_T,Total,H,Historical,1998,,679042,,A,Normal value,0,Units,0,Zero
DATAFLOW,OECD.ELS.SAE:DSD_POPULATION@DF_POP_HIST(1.0),Historical population data,I,CYP,Cyprus,POP,Population,PS,Persons,_T,Total,_T,Total,H,Historical,1999,,686675,,A,Normal value,0,Units,0,Zero
DATAFLOW,OECD.ELS.SAE:DSD_POPULATION@DF_POP_HIST(1.0),Historical population data,I,CYP,Cyprus,POP,Population,PS,Persons,_T,Total,_T,Total,H,Historical,2000,,694020,,A,Normal value,0,Units,0,Zero
DATAFLOW,OECD.ELS.SAE:DSD_POPULATION@DF_POP_HIST(1.0),Historical population data,I,CYP,Cyprus,POP,Population,PS,Persons,_T,Total,_T,Total,H,Historical,2001,,701537,,A,Normal value,0,Units,0,Zero
DATAFLOW,OECD.ELS.SAE:DSD_POPULATION@DF_POP_HIST(1.0),Historical population data,I,CYP,Cyprus,POP,Population,PS,Persons,_T,Total,_T,Total,H,Historical,2002,,709631,,A,Normal value,0,Units,0,Zero
DATAFLOW,OECD.ELS.SAE:DSD_POPULATION@DF_POP_HIST(1.0),Historical population data,I,CYP,Cyprus,POP,Population,PS,Persons,_T,Total,_T,Total,H,Historical,2003,,718305,,A,Normal value,0,Units,0,Zero
DATAFLOW,OECD.ELS.SAE:DSD_POPULATION@DF_POP_HIST(1.0),Historical population data,I,CYP,Cyprus,POP,Population,PS,Persons,_T,Total,_T,Total,H,Historical,2004,,727977,,A,Normal value,0,Units,0,Zero
DATAFLOW,OECD.ELS.SAE:DSD_POPULATION@DF_POP_HIST(1.0),Historical population data,I,CYP,Cyprus,POP,Population,PS,Persons,_T,Total,_T,Total,H,Historical,2005,,738541,,A,Normal value,0,Units,0,Zero
DATAFLOW,OECD.ELS.SAE:DSD_POPULATION@DF_POP_HIST(1.0),Historical population data,I,CYP,Cyprus,POP,Population,PS,Persons,_T,Total,_T,Total,H,Historical,2006,,750964,,A,Normal value,0,Units,0,Zero
DATAFLOW,OECD.ELS.SAE:DSD_POPULATION@DF_POP_HIST(1.0),Historical population data,I,CYP,Cyprus,POP,Population,PS,Persons,_T,Total,_T,Total,H,Historical,2007,,767128,,A,Normal value,0,Units,0,Zero
DATAFLOW,OECD.ELS.SAE:DSD_POPULATION@DF_POP_HIST(1.0),Historical population data,I,CYP,Cyprus,POP,Population,PS,Persons,_T,Total,_T,Total,H,Historical,2008,,786630,,A,Normal value,0,Units,0,Zero
DATAFLOW,OECD.ELS.SAE:DSD_POPULATION@DF_POP_HIST(1.0),Historical population data,I,CYP,Cyprus,POP,Population,PS,Persons,_T,Total,_T,Total,H,Historical,2009,,808038,,A,Normal value,0,Units,0,Zero
DATAFLOW,OECD.ELS.SAE:DSD_POPULATION@DF_POP_HIST(1.0),Historical population data,I,CYP,Cyprus,POP,Population,PS,Persons,_T,Total,_T,Total,H,Historical,2010,,829444,,A,Normal value,0,Units,0,Zero
DATAFLOW,OECD.ELS.SAE:DSD_POPULATION@DF_POP_HIST(1.0),Historical population data,I,CYP,Cyprus,POP,Population,PS,Persons,_T,Total,_T,Total,H,Historical,2011,,850882,,A,Normal value,0,Units,0,Zero
DATAFLOW,OECD.ELS.SAE:DSD_POPULATION@DF_POP_HIST(1.0),Historical population data,I,CYP,Cyprus,POP,Population,PS,Persons,_T,Total,_T,Total,H,Historical,2012,,863945,,A,Normal value,0,Units,0,Zero
DATAFLOW,OECD.ELS.SAE:DSD_POPULATION@DF_POP_HIST(1.0),Historical population data,I,CYP,Cyprus,POP,Population,PS,Persons,_T,Total,_T,Total,H,Historical,2013,,861938,,A,Normal value,0,Units,0,Zero
DATAFLOW,OECD.ELS.SAE:DSD_POPULATION@DF_POP_HIST(1.0),Historical population data,I,CYP,Cyprus,POP,Population,PS,Persons,_T,Total,_T,Total,H,Historical,2014,,852511,,A,Normal value,0,Units,0,Zero
DATAFLOW,OECD.ELS.SAE:DSD_POPULATION@DF_POP_HIST(1.0),Historical population data,I,CYP,Cyprus,POP,Population,PS,Persons,_T,Total,_T,Total,H,Historical,2015,,847662,,A,Normal value,0,Units,0,Zero
DATAFLOW,OECD.ELS.SAE:DSD_POPULATION@DF_POP_HIST(1.0),Historical population data,I,CYP,Cyprus,POP,Population,PS,Persons,_T,Total,_T,Total,H,Historical,2016,,851559,,A,Normal value,0,Units,0,Zero
DATAFLOW,OECD.ELS.SAE:DSD_POPULATION@DF_POP_HIST(1.0),Historical population data,I,CYP,Cyprus,POP,Population,PS,Persons,_T,Total,_T,Total,H,Historical,2017,,859520,,A,Normal value,0,Units,0,Zero
DATAFLOW,OECD.ELS.SAE:DSD_POPULATION@DF_POP_HIST(1.0),Historical population data,I,CYP,Cyprus,POP,Population,PS,Persons,_T,Total,_T,Total,H,Historical,2018,,870071,,A,Normal value,0,Units,0,Zero
DATAFLOW,OECD.ELS.SAE:DSD_POPULATION@DF_POP_HIST(1.0),Historical population data,I,CYP,Cyprus,POP,Population,PS,Persons,_T,Total,_T,Total,H,Historical,2019,,881949,,A,Normal value,0,Units,0,Zero
DATAFLOW,OECD.ELS.SAE:DSD_POPULATION@DF_POP_HIST(1.0),Historical population data,I,CYP,Cyprus,POP,Population,PS,Persons,_T,Total,_T,Total,H,Historical,2020,,892006,,A,Normal value,0,Units,0,Zero
DATAFLOW,OECD.ELS.SAE:DSD_POPULATION@DF_POP_HIST(1.0),Historical population data,I,CYP,Cyprus,POP,Population,PS,Persons,_T,Total,_T,Total,H,Historical,2021,,900357,,A,Normal value,0,Units,0,Zero
DATAFLOW,OECD.ELS.SAE:DSD_POPULATION@DF_POP_HIST(1.0),Historical population data,I,MLT,Malta,POP,Population,PS,Persons,_T,Total,_T,Total,H,Historical,1984,,330593,,A,Normal value,0,Units,0,Zero
DATAFLOW,OECD.ELS.SAE:DSD_POPULATION@DF_POP_HIST(1.0),Historical population data,I,MLT,Malta,POP,Population,PS,Persons,_T,Total,_T,Total,H,Historical,1985,,336452,,A,Normal value,0,Units,0,Zero
DATAFLOW,OECD.ELS.SAE:DSD_POPULATION@DF_POP_HIST(1.0),Historical population data,I,MLT,Malta,POP,Population,PS,Persons,_T,Total,_T,Total,H,Historical,1986,,342121,,A,Normal value,0,Units,0,Zero
DATAFLOW,OECD.ELS.SAE:DSD_POPULATION@DF_POP_HIST(1.0),Historical population data,I,MLT,Malta,POP,Population,PS,Persons,_T,Total,_T,Total,H,Historical,1987,,344485,,A,Normal value,0,Units,0,Zero
DATAFLOW,OECD.ELS.SAE:DSD_POPULATION@DF_POP_HIST(1.0),Historical population data,I,MLT,Malta,POP,Population,PS,Persons,_T,Total,_T,Total,H,Historical,1988,,347325,,A,Normal value,0,Units,0,Zero
DATAFLOW,OECD.ELS.SAE:DSD_POPULATION@DF_POP_HIST(1.0),Historical population data,I,MLT,Malta,POP,Population,PS,Persons,_T,Total,_T,Total,H,Historical,1989,,350722,,A,Normal value,0,Units,0,Zero
DATAFLOW,OECD.ELS.SAE:DSD_POPULATION@DF_POP_HIST(1.0),Historical population data,I,MLT,Malta,POP,Population,PS,Persons,_T,Total,_T,Total,H,Historical,1990,,354170,,A,Normal value,0,Units,0,Zero
DATAFLOW,OECD.ELS.SAE:DSD_POPULATION@DF_POP_HIST(1.0),Historical population data,I,MLT,Malta,POP,Population,PS,Persons,_T,Total,_T,Total,H,Historical,1991,,357727,,A,Normal value,0,Units,0,Zero
DATAFLOW,OECD.ELS.SAE:DSD_POPULATION@DF_POP_HIST(1.0),Historical population data,I,MLT,Malta,POP,Population,PS,Persons,_T,Total,_T,Total,H,Historical,1992,,361260,,A,Normal value,0,Units,0,Zero
DATAFLOW,OECD.ELS.SAE:DSD_POPULATION@DF_POP_HIST(1.0),Historical population data,I,MLT,Malta,POP,Population,PS,Persons,_T,Total,_T,Total,H,Historical,1993,,364704,,A,Normal value,0,Units,0,Zero
DATAFLOW,OECD.ELS.SAE:DSD_POPULATION@DF_POP_HIST(1.0),Historical population data,I,MLT,Malta,POP,Population,PS,Persons,_T,Total,_T,Total,H,Historical,1994,,367941,,A,Normal value,0,Units,0,Zero
DATAFLOW,OECD.ELS.SAE:DSD_POPULATION@DF_POP_HIST(1.0),Historical population data,I,MLT,Malta,POP,Population,PS,Persons,_T,Total,_T,Total,H,Historical,1995,,370433,,A,Normal value,0,Units,0,Zero
DATAFLOW,OECD.ELS.SAE:DSD_POPULATION@DF_POP_HIST(1.0),Historical population data,I,MLT,Malta,POP,Population,PS,Persons,_T,Total,_T,Total,H,Historical,1996,,372687,,A,Normal value,0,Units,0,Zero
DATAFLOW,OECD.ELS.SAE:DSD_POPULATION@DF_POP_HIST(1.0),Historical population data,I,MLT,Malta,POP,Population,PS,Persons,_T,Total,_T,Total,H,Historical,1997,,375236,,A,Normal value,0,Units,0,Zero
DATAFLOW,OECD.ELS.SAE:DSD_POPULATION@DF_POP_HIST(1.0),Historical population data,I,MLT,Malta,POP,Population,PS,Persons,_T,Total,_T,Total,H,Historical,1998,,377516,,A,Normal value,0,Units,0,Zero
DATAFLOW,OECD.ELS.SAE:DSD_POPULATION@DF_POP_HIST(1.0),Historical population data,I,MLT,Malta,POP,Population,PS,Persons,_T,Total,_T,Total,H,Historical,1999,,379360,,A,Normal value,0,Units,0,Zero
DATAFLOW,OECD.ELS.SAE:DSD_POPULATION@DF_POP_HIST(1.0),Historical population data,I,MLT,Malta,POP,Population,PS,Persons,_T,Total,_T,Total,H,Historical,2000,,385808,,A,Normal value,0,Units,0,Zero
DATAFLOW,OECD.ELS.SAE:DSD_POPULATION@DF_POP_HIST(1.0),Historical population data,I,MLT,Malta,POP,Population,PS,Persons,_T,Total,_T,Total,H,Historical,2001,,393028,,A,Normal value,0,Units,0,Zero
DATAFLOW,OECD.ELS.SAE:DSD_POPULATION@DF_POP_HIST(1.0),Historical population data,I,MLT,Malta,POP,Population,PS,Persons,_T,Total,_T,Total,H,Historical,2002,,395969,,A,Normal value,0,Units,0,Zero
DATAFLOW,OECD.ELS.SAE:DSD_POPULATION@DF_POP_HIST(1.0),Historical population data,I,MLT,Malta,POP,Population,PS,Persons,_T,Total,_T,Total,H,Historical,2003,,398582,,A,Normal value,0,Units,0,Zero
DATAFLOW,OECD.ELS.SAE:DSD_POPULATION@DF_POP_HIST(1.0),Historical population data,I,MLT,Malta,POP,Population,PS,Persons,_T,Total,_T,Total,H,Historical,2004,,401263,,A,Normal value,0,Units,0,Zero
DATAFLOW,OECD.ELS.SAE:DSD_POPULATION@DF_POP_HIST(1.0),Historical population data,I,MLT,Malta,POP,Population,PS,Persons,_T,Total,_T,Total,H,Historical,2005,,403825,,A,Normal value,0,Units,0,Zero
DATAFLOW,OECD.ELS.SAE:DSD_POPULATION@DF_POP_HIST(1.0),Historical population data,I,MLT,Malta,POP,Population,PS,Persons,_T,Total,_T,Total,H,Historical,2006,,405311,,A,Normal value,0,Units,0,Zero
DATAFLOW,OECD.ELS.SAE:DSD_POPULATION@DF_POP_HIST(1.0),Historical population data,I,MLT,Malta,POP,Population,PS,Persons,_T,Total,_T,Total,H,Historical,2007,,406725,,A,Normal value,0,Units,0,Zero
DATAFLOW,OECD.ELS.SAE:DSD_POPULATION@DF_POP_HIST(1.0),Historical population data,I,MLT,Malta,POP,Population,PS,Persons,_T,Total,_T,Total,H,Historical,2008,,409377,,A,Normal value,0,Units,0,Zero
DATAFLOW,OECD.ELS.SAE:DSD_POPULATION@DF_POP_HIST(1.0),Historical population data,I,MLT,Malta,POP,Population,PS,Persons,_T,Total,_T,Total,H,Historical,2009,,412474,,A,Normal value,0,Units,0,Zero
DATAFLOW,OECD.ELS.SAE:DSD_POPULATION@DF_POP_HIST(1.0),Historical population data,I,MLT,Malta,POP,Population,PS,Persons,_T,Total,_T,Total,H,Historical,2010,,414509,,A,Normal value,0,Units,0,Zero
DATAFLOW,OECD.ELS.SAE:DSD_POPULATION@DF_POP_HIST(1.0),Historical population data,I,MLT,Malta,POP,Population,PS,Persons,_T,Total,_T,Total,H,Historical,2011,,416264,,A,Normal value,0,Units,0,Zero
DATAFLOW,OECD.ELS.SAE:DSD_POPULATION@DF_POP_HIST(1.0),Historical population data,I,ROU,Romania,POP,Population,PS,Persons,_T,Total,_T,Total,H,Historical,1969,,20009141,,A,Normal value,0,Units,0,Zero
DATAFLOW,OECD.ELS.SAE:DSD_POPULATION@DF_POP_HIST(1.0),Historical population data,I,ROU,Romania,POP,Population,PS,Persons,_T,Total,_T,Total,H,Historical,1970,,20250396,,A,Normal value,0,Units,0,Zero
DATAFLOW,OECD.ELS.SAE:DSD_POPULATION@DF_POP_HIST(1.0),Historical population data,I,ROU,Romania,POP,Population,PS,Persons,_T,Total,_T,Total,H,Historical,1971,,20461575,,A,Normal value,0,Units,0,Zero
DATAFLOW,OECD.ELS.SAE:DSD_POPULATION@DF_POP_HIST(1.0),Historical population data,I,ROU,Romania,POP,Population,PS,Persons,_T,Total,_T,Total,H,Historical,1972,,20657956,,A,Normal value,0,Units,0,Zero
DATAFLOW,OECD.ELS.SAE:DSD_POPULATION@DF_POP_HIST(1.0),Historical population data,I,ROU,Romania,POP,Population,PS,Persons,_T,Total,_T,Total,H,Historical,1973,,20835682,,A,Normal value,0,Units,0,Zero
DATAFLOW,OECD.ELS.SAE:DSD_POPULATION@DF_POP_HIST(1.0),Historical population data,I,ROU,Romania,POP,Population,PS,Persons,_T,Total,_T,Total,H,Historical,1974,,21029428,,A,Normal value,0,Units,0,Zero
DATAFLOW,OECD.ELS.SAE:DSD_POPULATION@DF_POP_HIST(1.0),Historical population data,I,ROU,Romania,POP,Population,PS,Persons,_T,Total,_T,Total,H,Historical,1975,,21293586,,A,Normal value,0,Units,0,Zero
DATAFLOW,OECD.ELS.SAE:DSD_POPULATION@DF_POP_HIST(1.0),Historical population data,I,ROU,Romania,POP,Population,PS,Persons,_T,Total,_T,Total,H,Historical,1976,,21551631,,A,Normal value,0,Units,0,Zero
DATAFLOW,OECD.ELS.SAE:DSD_POPULATION@DF_POP_HIST(1.0),Historical population data,I,ROU,Romania,POP,Population,PS,Persons,_T,Total,_T,Total,H,Historical,1977,,21756097,,A,Normal value,0,Units,0,Zero
DATAFLOW,OECD.ELS.SAE:DSD_POPULATION@DF_POP_HIST(1.0),Historical population data,I,ROU,Romania,POP,Population,PS,Persons,_T,Total,_T,Total,H,Historical,1978,,21951467,,A,Normal value,0,Units,0,Zero
DATAFLOW,OECD.ELS.SAE:DSD_POPULATION@DF_POP_HIST(1.0),Historical population data,I,ROU,Romania,POP,Population,PS,Persons,_T,Total,_T,Total,H,Historical,1979,,22090484,,A,Normal value,0,Units,0,Zero
DATAFLOW,OECD.ELS.SAE:DSD_POPULATION@DF_POP_HIST(1.0),Historical population data,I,ROU,Romania,POP,Population,PS,Persons,_T,Total,_T,Total,H,Historical,1980,,22207284,,A,Normal value,0,Units,0,Zero
DATAFLOW,OECD.ELS.SAE:DSD_POPULATION@DF_POP_HIST(1.0),Historical population data,I,ROU,Romania,POP,Population,PS,Persons,_T,Total,_T,Total,H,Historical,1981,,22353071,,A,Normal value,0,Units,0,Zero
DATAFLOW,OECD.ELS.SAE:DSD_POPULATION@DF_POP_HIST(1.0),Historical population data,I,ROU,Romania,POP,Population,PS,Persons,_T,Total,_T,Total,H,Historical,1982,,22475742,,A,Normal value,0,Units,0,Zero
DATAFLOW,OECD.ELS.SAE:DSD_POPULATION@DF_POP_HIST(1.0),Historical population data,I,ROU,Romania,POP,Population,PS,Persons,_T,Total,_T,Total,H,Historical,1983,,22560476,,A,Normal value,0,Units,0,Zero
DATAFLOW,OECD.ELS.SAE:DSD_POPULATION@DF_POP_HIST(1.0),Historical population data,I,ROU,Romania,POP,Population,PS,Persons,_T,Total,_T,Total,H,Historical,1984,,22640545,,A,Normal value,0,Units,0,Zero
DATAFLOW,OECD.ELS.SAE:DSD_POPULATION@DF_POP_HIST(1.0),Historical population data,I,ROU,Romania,POP,Population,PS,Persons,_T,Total,_T,Total,H,Historical,1985,,22732997,,A,Normal value,0,Units,0,Zero
DATAFLOW,OECD.ELS.SAE:DSD_POPULATION@DF_POP_HIST(1.0),Historical population data,I,ROU,Romania,POP,Population,PS,Persons,_T,Total,_T,Total,H,Historical,1986,,22836836,,A,Normal value,0,Units,0,Zero
DATAFLOW,OECD.ELS.SAE:DSD_POPULATION@DF_POP_HIST(1.0),Historical population data,I,ROU,Romania,POP,Population,PS,Persons,_T,Total,_T,Total,H,Historical,1987,,22949427,,A,Normal value,0,Units,0,Zero
DATAFLOW,OECD.ELS.SAE:DSD_POPULATION@DF_POP_HIST(1.0),Historical population data,I,ROU,Romania,POP,Population,PS,Persons,_T,Total,_T,Total,H,Historical,1988,,23057660,,A,Normal value,0,Units,0,Zero
DATAFLOW,OECD.ELS.SAE:DSD_POPULATION@DF_POP_HIST(1.0),Historical population data,I,ROU,Romania,POP,Population,PS,Persons,_T,Total,_T,Total,H,Historical,1989,,23161460,,A,Normal value,0,Units,0,Zero
DATAFLOW,OECD.ELS.SAE:DSD_POPULATION@DF_POP_HIST(1.0),Historical population data,I,ROU,Romania,POP,Population,PS,Persons,_T,Total,_T,Total,H,Historical,1990,,23201832,,A,Normal value,0,Units,0,Zero
DATAFLOW,OECD.ELS.SAE:DSD_POPULATION@DF_POP_HIST(1.0),Historical population data,I,ROU,Romania,POP,Population,PS,Persons,_T,Total,_T,Total,H,Historical,1991,,23001160,,A,Normal value,0,Units,0,Zero
DATAFLOW,OECD.ELS.SAE:DSD_POPULATION@DF_POP_HIST(1.0),Historical population data,I,ROU,Romania,POP,Population,PS,Persons,_T,Total,_T,Total,H,Historical,1992,,22794284,,A,Normal value,0,Units,0,Zero
DATAFLOW,OECD.ELS.SAE:DSD_POPULATION@DF_POP_HIST(1.0),Historical population data,I,ROU,Romania,POP,Population,PS,Persons,_T,Total,_T,Total,H,Historical,1993,,22763283,,A,Normal value,0,Units,0,Zero
DATAFLOW,OECD.ELS.SAE:DSD_POPULATION@DF_POP_HIST(1.0),Historical population data,I,ROU,Romania,POP,Population,PS,Persons,_T,Total,_T,Total,H,Historical,1994,,22730216,,A,Normal value,0,Units,0,Zero
DATAFLOW,OECD.ELS.SAE:DSD_POPULATION@DF_POP_HIST(1.0),Historical population data,I,ROU,Romania,POP,Population,PS,Persons,_T,Total,_T,Total,H,Historical,1995,,22684268,,A,Normal value,0,Units,0,Zero
DATAFLOW,OECD.ELS.SAE:DSD_POPULATION@DF_POP_HIST(1.0),Historical population data,I,ROU,Romania,POP,Population,PS,Persons,_T,Total,_T,Total,H,Historical,1996,,22619005,,A,Normal value,0,Units,0,Zero
DATAFLOW,OECD.ELS.SAE:DSD_POPULATION@DF_POP_HIST(1.0),Historical population data,I,ROU,Romania,POP,Population,PS,Persons,_T,Total,_T,Total,H,Historical,1997,,22553982,,A,Normal value,0,Units,0,Zero
DATAFLOW,OECD.ELS.SAE:DSD_POPULATION@DF_POP_HIST(1.0),Historical population data,I,ROU,Romania,POP,Population,PS,Persons,_T,Total,_T,Total,H,Historical,1998,,22507354,,A,Normal value,0,Units,0,Zero
DATAFLOW,OECD.ELS.SAE:DSD_POPULATION@DF_POP_HIST(1.0),Historical population data,I,ROU,Romania,POP,Population,PS,Persons,_T,Total,_T,Total,H,Historical,1999,,22472043,,A,Normal value,0,Units,0,Zero
DATAFLOW,OECD.ELS.SAE:DSD_POPULATION@DF_POP_HIST(1.0),Historical population data,I,ROU,Romania,POP,Population,PS,Persons,_T,Total,_T,Total,H,Historical,2000,,22442973,,A,Normal value,0,Units,0,Zero
DATAFLOW,OECD.ELS.SAE:DSD_POPULATION@DF_POP_HIST(1.0),Historical population data,I,ROU,Romania,POP,Population,PS,Persons,_T,Total,_T,Total,H,Historical,2001,,22131974,,A,Normal value,0,Units,0,Zero
DATAFLOW,OECD.ELS.SAE:DSD_POPULATION@DF_POP_HIST(1.0),Historical population data,I,ROU,Romania,POP,Population,PS,Persons,_T,Total,_T,Total,H,Historical,2002,,21675775,,A,Normal value,0,Units,0,Zero
DATAFLOW,OECD.ELS.SAE:DSD_POPULATION@DF_POP_HIST(1.0),Historical population data,I,ROU,Romania,POP,Population,PS,Persons,_T,Total,_T,Total,H,Historical,2003,,21574365,,A,Normal value,0,Units,0,Zero
DATAFLOW,OECD.ELS.SAE:DSD_POPULATION@DF_POP_HIST(1.0),Historical population data,I,ROU,Romania,POP,Population,PS,Persons,_T,Total,_T,Total,H,Historical,2004,,21451845,,A,Normal value,0,Units,0,Zero
DATAFLOW,OECD.ELS.SAE:DSD_POPULATION@DF_POP_HIST(1.0),Historical population data,I,ROU,Romania,POP,Population,PS,Persons,_T,Total,_T,Total,H,Historical,2005,,21319673,,A,Normal value,0,Units,0,Zero
DATAFLOW,OECD.ELS.SAE:DSD_POPULATION@DF_POP_HIST(1.0),Historical population data,I,ROU,Romania,POP,Population,PS,Persons,_T,Total,_T,Total,H,Historical,2006,,21193749,,A,Normal value,0,Units,0,Zero
DATAFLOW,OECD.ELS.SAE:DSD_POPULATION@DF_POP_HIST(1.0),Historical population data,I,ROU,Romania,POP,Population,PS,Persons,_T,Total,_T,Total,H,Historical,2007,,20882980,,A,Normal value,0,Units,0,Zero
DATAFLOW,OECD.ELS.SAE:DSD_POPULATION@DF_POP_HIST(1.0),Historical population data,I,ROU,Romania,POP,Population,PS,Persons,_T,Total,_T,Total,H,Historical,2008,,20537848,,A,Normal value,0,Units,0,Zero
DATAFLOW,OECD.ELS.SAE:DSD_POPULATION@DF_POP_HIST(1.0),Historical population data,I,ROU,Romania,POP,Population,PS,Persons,_T,Total,_T,Total,H,Historical,2009,,20367437,,A,Normal value,0,Units,0,Zero
DATAFLOW,OECD.ELS.SAE:DSD_POPULATION@DF_POP_HIST(1.0),Historical population data,I,ROU,Romania,POP,Population,PS,Persons,_T,Total,_T,Total,H,Historical,2010,,20246798,,A,Normal value,0,Units,0,Zero
DATAFLOW,OECD.ELS.SAE:DSD_POPULATION@DF_POP_HIST(1.0),Historical population data,I,ROU,Romania,POP,Population,PS,Persons,_T,Total,_T,Total,H,Historical,2011,,20147657,,A,Normal value,0,Units,0,Zero
DATAFLOW,OECD.ELS.SAE:DSD_POPULATION@DF_POP_HIST(1.0),Historical population data,I,ROU,Romania,POP,Population,PS,Persons,_T,Total,_T,Total,H,Historical,2012,,20060182,,A,Normal value,0,Units,0,Zero
DATAFLOW,OECD.ELS.SAE:DSD_POPULATION@DF_POP_HIST(1.0),Historical population data,I,ROU,Romania,POP,Population,PS,Persons,_T,Total,_T,Total,H,Historical,2013,,19988694,,A,Normal value,0,Units,0,Zero
DATAFLOW,OECD.ELS.SAE:DSD_POPULATION@DF_POP_HIST(1.0),Historical population data,I,ROU,Romania,POP,Population,PS,Persons,_T,Total,_T,Total,H,Historical,2014,,19916451,,A,Normal value,0,Units,0,Zero
DATAFLOW,OECD.ELS.SAE:DSD_POPULATION@DF_POP_HIST(1.0),Historical population data,I,ROU,Romania,POP,Population,PS,Persons,_T,Total,_T,Total,H,Historical,2015,,19822250,,A,Normal value,0,Units,0,Zero
DATAFLOW,OECD.ELS.SAE:DSD_POPULATION@DF_POP_HIST(1.0),Historical population data,I,ROU,Romania,POP,Population,PS,Persons,_T,Total,_T,Total,H,Historical,2016,,19706424,,A,Normal value,0,Units,0,Zero
DATAFLOW,OECD.ELS.SAE:DSD_POPULATION@DF_POP_HIST(1.0),Historical population data,I,ROU,Romania,POP,Population,PS,Persons,_T,Total,_T,Total,H,Historical,2017,,19592933,,A,Normal value,0,Units,0,Zero
DATAFLOW,OECD.ELS.SAE:DSD_POPULATION@DF_POP_HIST(1.0),Historical population data,I,ROU,Romania,POP,Population,PS,Persons,_T,Total,_T,Total,H,Historical,2018,,19483840,,A,Normal value,0,Units,0,Zero
DATAFLOW,OECD.ELS.SAE:DSD_POPULATION@DF_POP_HIST(1.0),Historical population data,I,RUS,Russia,POP,Population,PS,Persons,_T,Total,_T,Total,H,Historical,1990,,147969413,,A,Normal value,0,Units,0,Zero
DATAFLOW,OECD.ELS.SAE:DSD_POPULATION@DF_POP_HIST(1.0),Historical population data,I,RUS,Russia,POP,Population,PS,Persons,_T,Total,_T,Total,H,Historical,1991,,148394220,,A,Normal value,0,Units,0,Zero
DATAFLOW,OECD.ELS.SAE:DSD_POPULATION@DF_POP_HIST(1.0),Historical population data,I,RUS,Russia,POP,Population,PS,Persons,_T,Total,_T,Total,H,Historical,1992,,148538190,,A,Normal value,0,Units,0,Zero
DATAFLOW,OECD.ELS.SAE:DSD_POPULATION@DF_POP_HIST(1.0),Historical population data,I,RUS,Russia,POP,Population,PS,Persons,_T,Total,_T,Total,H,Historical,1993,,148458780,,A,Normal value,0,Units,0,Zero
DATAFLOW,OECD.ELS.SAE:DSD_POPULATION@DF_POP_HIST(1.0),Historical population data,I,RUS,Russia,POP,Population,PS,Persons,_T,Total,_T,Total,H,Historical,1994,,148407906,,A,Normal value,0,Units,0,Zero
DATAFLOW,OECD.ELS.SAE:DSD_POPULATION@DF_POP_HIST(1.0),Historical population data,I,RUS,Russia,POP,Population,PS,Persons,_T,Total,_T,Total,H,Historical,1995,,148375796,,A,Normal value,0,Units,0,Zero
DATAFLOW,OECD.ELS.SAE:DSD_POPULATION@DF_POP_HIST(1.0),Historical population data,I,RUS,Russia,POP,Population,PS,Persons,_T,Total,_T,Total,H,Historical,1996,,148160121,,A,Normal value,0,Units,0,Zero
DATAFLOW,OECD.ELS.SAE:DSD_POPULATION@DF_POP_HIST(1.0),Historical population data,I,RUS,Russia,POP,Population,PS,Persons,_T,Total,_T,Total,H,Historical,1997,,147915371,,A,Normal value,0,Units,0,Zero
DATAFLOW,OECD.ELS.SAE:DSD_POPULATION@DF_POP_HIST(1.0),Historical population data,I,RUS,Russia,POP,Population,PS,Persons,_T,Total,_T,Total,H,Historical,1998,,147670787,,A,Normal value,0,Units,0,Zero
DATAFLOW,OECD.ELS.SAE:DSD_POPULATION@DF_POP_HIST(1.0),Historical population data,I,RUS,Russia,POP,Population,PS,Persons,_T,Total,_T,Total,H,Historical,1999,,147214777,,A,Normal value,0,Units,0,Zero
DATAFLOW,OECD.ELS.SAE:DSD_POPULATION@DF_POP_HIST(1.0),Historical population data,I,RUS,Russia,POP,Population,PS,Persons,_T,Total,_T,Total,H,Historical,2000,,146596873,,A,Normal value,0,Units,0,Zero
DATAFLOW,OECD.ELS.SAE:DSD_POPULATION@DF_POP_HIST(1.0),Historical population data,I,RUS,Russia,POP,Population,PS,Persons,_T,Total,_T,Total,H,Historical,2001,,145976465,,A,Normal value,0,Units,0,Zero
DATAFLOW,OECD.ELS.SAE:DSD_POPULATION@DF_POP_HIST(1.0),Historical population data,I,RUS,Russia,POP,Population,PS,Persons,_T,Total,_T,Total,H,Historical,2002,,145306489,,A,Normal value,0,Units,0,Zero
DATAFLOW,OECD.ELS.SAE:DSD_POPULATION@DF_POP_HIST(1.0),Historical population data,I,RUS,Russia,POP,Population,PS,Persons,_T,Total,_T,Total,H,Historical,2003,,144565937,,A,Normal value,0,Units,0,Zero
DATAFLOW,OECD.ELS.SAE:DSD_POPULATION@DF_POP_HIST(1.0),Historical population data,I,RUS,Russia,POP,Population,PS,Persons,_T,Total,_T,Total,H,Historical,2004,,143821218,,A,Normal value,0,Units,0,Zero
DATAFLOW,OECD.ELS.SAE:DSD_POPULATION@DF_POP_HIST(1.0),Historical population data,I,RUS,Russia,POP,Population,PS,Persons,_T,Total,_T,Total,H,Historical,2005,,143113885,,A,Normal value,0,Units,0,Zero
DATAFLOW,OECD.ELS.SAE:DSD_POPULATION@DF_POP_HIST(1.0),Historical population data,I,RUS,Russia,POP,Population,PS,Persons,_T,Total,_T,Total,H,Historical,2006,,142487259,,A,Normal value,0,Units,0,Zero
DATAFLOW,OECD.ELS.SAE:DSD_POPULATION@DF_POP_HIST(1.0),Historical population data,I,RUS,Russia,POP,Population,PS,Persons,_T,Total,_T,Total,H,Historical,2007,,142114903,,A,Normal value,0,Units,0,Zero
DATAFLOW,OECD.ELS.SAE:DSD_POPULATION@DF_POP_HIST(1.0),Historical population data,I,RUS,Russia,POP,Population,PS,Persons,_T,Total,_T,Total,H,Historical,2008,,141956413,,A,Normal value,0,Units,0,Zero
DATAFLOW,OECD.ELS.SAE:DSD_POPULATION@DF_POP_HIST(1.0),Historical population data,I,RUS,Russia,POP,Population,PS,Persons,_T,Total,_T,Total,H,Historical,2009,,141909248,,A,Normal value,0,Units,0,Zero
DATAFLOW,OECD.ELS.SAE:DSD_POPULATION@DF_POP_HIST(1.0),Historical population data,I,RUS,Russia,POP,Population,PS,Persons,_T,Total,_T,Total,H,Historical,2010,,142389969,,A,Normal value,0,Units,0,Zero
DATAFLOW,OECD.ELS.SAE:DSD_POPULATION@DF_POP_HIST(1.0),Historical population data,I,SAU,Saudi Arabia,POP,Population,PS,Persons,_T,Total,_T,Total,H,Historical,2022,,32175224,,A,Normal value,0,Units,0,Zero
DATAFLOW,OECD.ELS.SAE:DSD_POPULATION@DF_POP_HIST(1.0),Historical population data,I,SGP,Singapore,POP,Population,PS,Persons,_T,Total,_T,Total,H,Historical,1969,,2042500,,A,Normal value,0,Units,0,Zero
DATAFLOW,OECD.ELS.SAE:DSD_POPULATION@DF_POP_HIST(1.0),Historical population data,I,SGP,Singapore,POP,Population,PS,Persons,_T,Total,_T,Total,H,Historical,1970,,2013563,,A,Normal value,0,Units,0,Zero
DATAFLOW,OECD.ELS.SAE:DSD_POPULATION@DF_POP_HIST(1.0),Historical population data,I,SGP,Singapore,POP,Population,PS,Persons,_T,Total,_T,Total,H,Historical,1971,,2112900,,A,Normal value,0,Units,0,Zero
DATAFLOW,OECD.ELS.SAE:DSD_POPULATION@DF_POP_HIST(1.0),Historical population data,I,SGP,Singapore,POP,Population,PS,Persons,_T,Total,_T,Total,H,Historical,1972,,2152400,,A,Normal value,0,Units,0,Zero
DATAFLOW,OECD.ELS.SAE:DSD_POPULATION@DF_POP_HIST(1.0),Historical population data,I,SGP,Singapore,POP,Population,PS,Persons,_T,Total,_T,Total,H,Historical,1973,,2193000,,A,Normal value,0,Units,0,Zero
DATAFLOW,OECD.ELS.SAE:DSD_POPULATION@DF_POP_HIST(1.0),Historical population data,I,SGP,Singapore,POP,Population,PS,Persons,_T,Total,_T,Total,H,Historical,1974,,2229800,,A,Normal value,0,Units,0,Zero
DATAFLOW,OECD.ELS.SAE:DSD_POPULATION@DF_POP_HIST(1.0),Historical population data,I,SGP,Singapore,POP,Population,PS,Persons,_T,Total,_T,Total,H,Historical,1975,,2262600,,A,Normal value,0,Units,0,Zero
DATAFLOW,OECD.ELS.SAE:DSD_POPULATION@DF_POP_HIST(1.0),Historical population data,I,SGP,Singapore,POP,Population,PS,Persons,_T,Total,_T,Total,H,Historical,1976,,2293300,,A,Normal value,0,Units,0,Zero
DATAFLOW,OECD.ELS.SAE:DSD_POPULATION@DF_POP_HIST(1.0),Historical population data,I,SGP,Singapore,POP,Population,PS,Persons,_T,Total,_T,Total,H,Historical,1977,,2325300,,A,Normal value,0,Units,0,Zero
DATAFLOW,OECD.ELS.SAE:DSD_POPULATION@DF_POP_HIST(1.0),Historical population data,I,SGP,Singapore,POP,Population,PS,Persons,_T,Total,_T,Total,H,Historical,1978,,2353600,,A,Normal value,0,Units,0,Zero
DATAFLOW,OECD.ELS.SAE:DSD_POPULATION@DF_POP_HIST(1.0),Historical population data,I,SGP,Singapore,POP,Population,PS,Persons,_T,Total,_T,Total,H,Historical,1979,,2383500,,A,Normal value,0,Units,0,Zero
DATAFLOW,OECD.ELS.SAE:DSD_POPULATION@DF_POP_HIST(1.0),Historical population data,I,SGP,Singapore,POP,Population,PS,Persons,_T,Total,_T,Total,H,Historical,1980,,2282125,,A,Normal value,0,Units,0,Zero
DATAFLOW,OECD.ELS.SAE:DSD_POPULATION@DF_POP_HIST(1.0),Historical population data,I,SGP,Singapore,POP,Population,PS,Persons,_T,Total,_T,Total,H,Historical,1981,,2324403,,A,Normal value,0,Units,0,Zero
DATAFLOW,OECD.ELS.SAE:DSD_POPULATION@DF_POP_HIST(1.0),Historical population data,I,SGP,Singapore,POP,Population,PS,Persons,_T,Total,_T,Total,H,Historical,1982,,2365707,,A,Normal value,0,Units,0,Zero
DATAFLOW,OECD.ELS.SAE:DSD_POPULATION@DF_POP_HIST(1.0),Historical population data,I,SGP,Singapore,POP,Population,PS,Persons,_T,Total,_T,Total,H,Historical,1983,,2406165,,A,Normal value,0,Units,0,Zero
DATAFLOW,OECD.ELS.SAE:DSD_POPULATION@DF_POP_HIST(1.0),Historical population data,I,SGP,Singapore,POP,Population,PS,Persons,_T,Total,_T,Total,H,Historical,1984,,2443705,,A,Normal value,0,Units,0,Zero
DATAFLOW,OECD.ELS.SAE:DSD_POPULATION@DF_POP_HIST(1.0),Historical population data,I,SGP,Singapore,POP,Population,PS,Persons,_T,Total,_T,Total,H,Historical,1985,,2482615,,A,Normal value,0,Units,0,Zero
DATAFLOW,OECD.ELS.SAE:DSD_POPULATION@DF_POP_HIST(1.0),Historical population data,I,SGP,Singapore,POP,Population,PS,Persons,_T,Total,_T,Total,H,Historical,1986,,2518598,,A,Normal value,0,Units,0,Zero
DATAFLOW,OECD.ELS.SAE:DSD_POPULATION@DF_POP_HIST(1.0),Historical population data,I,SGP,Singapore,POP,Population,PS,Persons,_T,Total,_T,Total,H,Historical,1987,,2553864,,A,Normal value,0,Units,0,Zero
DATAFLOW,OECD.ELS.SAE:DSD_POPULATION@DF_POP_HIST(1.0),Historical population data,I,SGP,Singapore,POP,Population,PS,Persons,_T,Total,_T,Total,H,Historical,1988,,2598458,,A,Normal value,0,Units,0,Zero
DATAFLOW,OECD.ELS.SAE:DSD_POPULATION@DF_POP_HIST(1.0),Historical population data,I,SGP,Singapore,POP,Population,PS,Persons,_T,Total,_T,Total,H,Historical,1989,,2647627,,A,Normal value,0,Units,0,Zero
DATAFLOW,OECD.ELS.SAE:DSD_POPULATION@DF_POP_HIST(1.0),Historical population data,I,SGP,Singapore,POP,Population,PS,Persons,_T,Total,_T,Total,H,Historical,1990,,2735868,,A,Normal value,0,Units,0,Zero
DATAFLOW,OECD.ELS.SAE:DSD_POPULATION@DF_POP_HIST(1.0),Historical population data,I,SGP,Singapore,POP,Population,PS,Persons,_T,Total,_T,Total,H,Historical,1991,,2794704,,A,Normal value,0,Units,0,Zero
DATAFLOW,OECD.ELS.SAE:DSD_POPULATION@DF_POP_HIST(1.0),Historical population data,I,SGP,Singapore,POP,Population,PS,Persons,_T,Total,_T,Total,H,Historical,1992,,2849754,,A,Normal value,0,Units,0,Zero
DATAFLOW,OECD.ELS.SAE:DSD_POPULATION@DF_POP_HIST(1.0),Historical population data,I,SGP,Singapore,POP,Population,PS,Persons,_T,Total,_T,Total,H,Historical,1993,,2904547,,A,Normal value,0,Units,0,Zero
DATAFLOW,OECD.ELS.SAE:DSD_POPULATION@DF_POP_HIST(1.0),Historical population data,I,SGP,Singapore,POP,Population,PS,Persons,_T,Total,_T,Total,H,Historical,1994,,2959350,,A,Normal value,0,Units,0,Zero
DATAFLOW,OECD.ELS.SAE:DSD_POPULATION@DF_POP_HIST(1.0),Historical population data,I,SGP,Singapore,POP,Population,PS,Persons,_T,Total,_T,Total,H,Historical,1995,,3013515,,A,Normal value,0,Units,0,Zero
DATAFLOW,OECD.ELS.SAE:DSD_POPULATION@DF_POP_HIST(1.0),Historical population data,I,SGP,Singapore,POP,Population,PS,Persons,_T,Total,_T,Total,H,Historical,1996,,3068132,,A,Normal value,0,Units,0,Zero
DATAFLOW,OECD.ELS.SAE:DSD_POPULATION@DF_POP_HIST(1.0),Historical population data,I,SGP,Singapore,POP,Population,PS,Persons,_T,Total,_T,Total,H,Historical,1997,,3123403,,A,Normal value,0,Units,0,Zero
DATAFLOW,OECD.ELS.SAE:DSD_POPULATION@DF_POP_HIST(1.0),Historical population data,I,SGP,Singapore,POP,Population,PS,Persons,_T,Total,_T,Total,H,Historical,1998,,3180018,,A,Normal value,0,Units,0,Zero
DATAFLOW,OECD.ELS.SAE:DSD_POPULATION@DF_POP_HIST(1.0),Historical population data,I,SGP,Singapore,POP,Population,PS,Persons,_T,Total,_T,Total,H,Historical,1999,,3229681,,A,Normal value,0,Units,0,Zero
DATAFLOW,OECD.ELS.SAE:DSD_POPULATION@DF_POP_HIST(1.0),Historical population data,I,SGP,Singapore,POP,Population,PS,Persons,_T,Total,_T,Total,H,Historical,2000,,3273363,,A,Normal value,0,Units,0,Zero
DATAFLOW,OECD.ELS.SAE:DSD_POPULATION@DF_POP_HIST(1.0),Historical population data,I,SGP,Singapore,POP,Population,PS,Persons,_T,Total,_T,Total,H,Historical,2001,,3325902,,A,Normal value,0,Units,0,Zero
DATAFLOW,OECD.ELS.SAE:DSD_POPULATION@DF_POP_HIST(1.0),Historical population data,I,SGP,Singapore,POP,Population,PS,Persons,_T,Total,_T,Total,H,Historical,2002,,3382944,,A,Normal value,0,Units,0,Zero
DATAFLOW,OECD.ELS.SAE:DSD_POPULATION@DF_POP_HIST(1.0),Historical population data,I,SGP,Singapore,POP,Population,PS,Persons,_T,Total,_T,Total,H,Historical,2003,,3366891,,A,Normal value,0,Units,0,Zero
DATAFLOW,OECD.ELS.SAE:DSD_POPULATION@DF_POP_HIST(1.0),Historical population data,I,SGP,Singapore,POP,Population,PS,Persons,_T,Total,_T,Total,H,Historical,2004,,3413266,,A,Normal value,0,Units,0,Zero
DATAFLOW,OECD.ELS.SAE:DSD_POPULATION@DF_POP_HIST(1.0),Historical population data,I,SGP,Singapore,POP,Population,PS,Persons,_T,Total,_T,Total,H,Historical,2005,,3467814,,A,Normal value,0,Units,0,Zero
DATAFLOW,OECD.ELS.SAE:DSD_POPULATION@DF_POP_HIST(1.0),Historical population data,I,SGP,Singapore,POP,Population,PS,Persons,_T,Total,_T,Total,H,Historical,2006,,3525894,,A,Normal value,0,Units,0,Zero
DATAFLOW,OECD.ELS.SAE:DSD_POPULATION@DF_POP_HIST(1.0),Historical population data,I,SGP,Singapore,POP,Population,PS,Persons,_T,Total,_T,Total,H,Historical,2007,,3583082,,A,Normal value,0,Units,0,Zero
DATAFLOW,OECD.ELS.SAE:DSD_POPULATION@DF_POP_HIST(1.0),Historical population data,I,SGP,Singapore,POP,Population,PS,Persons,_T,Total,_T,Total,H,Historical,2008,,3642659,,A,Normal value,0,Units,0,Zero
DATAFLOW,OECD.ELS.SAE:DSD_POPULATION@DF_POP_HIST(1.0),Historical population data,I,SGP,Singapore,POP,Population,PS,Persons,_T,Total,_T,Total,H,Historical,2009,,3733876,,A,Normal value,0,Units,0,Zero
DATAFLOW,OECD.ELS.SAE:DSD_POPULATION@DF_POP_HIST(1.0),Historical population data,I,SGP,Singapore,POP,Population,PS,Persons,_T,Total,_T,Total,H,Historical,2010,,3771721,,A,Normal value,0,Units,0,Zero
DATAFLOW,OECD.ELS.SAE:DSD_POPULATION@DF_POP_HIST(1.0),Historical population data,I,SGP,Singapore,POP,Population,PS,Persons,_T,Total,_T,Total,H,Historical,2011,,3789251,,A,Normal value,0,Units,0,Zero
DATAFLOW,OECD.ELS.SAE:DSD_POPULATION@DF_POP_HIST(1.0),Historical population data,I,SGP,Singapore,POP,Population,PS,Persons,_T,Total,_T,Total,H,Historical,2012,,3818205,,A,Normal value,0,Units,0,Zero
DATAFLOW,OECD.ELS.SAE:DSD_POPULATION@DF_POP_HIST(1.0),Historical population data,I,SGP,Singapore,POP,Population,PS,Persons,_T,Total,_T,Total,H,Historical,2013,,3844751,,A,Normal value,0,Units,0,Zero
DATAFLOW,OECD.ELS.SAE:DSD_POPULATION@DF_POP_HIST(1.0),Historical population data,I,SGP,Singapore,POP,Population,PS,Persons,_T,Total,_T,Total,H,Historical,2014,,3870739,,A,Normal value,0,Units,0,Zero
DATAFLOW,OECD.ELS.SAE:DSD_POPULATION@DF_POP_HIST(1.0),Historical population data,I,SGP,Singapore,POP,Population,PS,Persons,_T,Total,_T,Total,H,Historical,2015,,3902690,,A,Normal value,0,Units,0,Zero
DATAFLOW,OECD.ELS.SAE:DSD_POPULATION@DF_POP_HIST(1.0),Historical population data,I,SGP,Singapore,POP,Population,PS,Persons,_T,Total,_T,Total,H,Historical,2016,,3933559,,A,Normal value,0,Units,0,Zero
DATAFLOW,OECD.ELS.SAE:DSD_POPULATION@DF_POP_HIST(1.0),Historical population data,I,SGP,Singapore,POP,Population,PS,Persons,_T,Total,_T,Total,H,Historical,2017,,3965796,,A,Normal value,0,Units,0,Zero
DATAFLOW,OECD.ELS.SAE:DSD_POPULATION@DF_POP_HIST(1.0),Historical population data,I,SGP,Singapore,POP,Population,PS,Persons,_T,Total,_T,Total,H,Historical,2018,,3994283,,A,Normal value,0,Units,0,Zero
DATAFLOW,OECD.ELS.SAE:DSD_POPULATION@DF_POP_HIST(1.0),Historical population data,I,SGP,Singapore,POP,Population,PS,Persons,_T,Total,_T,Total,H,Historical,2019,,4026209,,A,Normal value,0,Units,0,Zero
DATAFLOW,OECD.ELS.SAE:DSD_POPULATION@DF_POP_HIST(1.0),Historical population data,I,SGP,Singapore,POP,Population,PS,Persons,_T,Total,_T,Total,H,Historical,2020,,4044210,,A,Normal value,0,Units,0,Zero
DATAFLOW,OECD.ELS.SAE:DSD_POPULATION@DF_POP_HIST(1.0),Historical population data,I,SGP,Singapore,POP,Population,PS,Persons,_T,Total,_T,Total,H,Historical,2021,,3986842,,A,Normal value,0,Units,0,Zero
DATAFLOW,OECD.ELS.SAE:DSD_POPULATION@DF_POP_HIST(1.0),Historical population data,I,SGP,Singapore,POP,Population,PS,Persons,_T,Total,_T,Total,H,Historical,2022,,4073239,,A,Normal value,0,Units,0,Zero
DATAFLOW,OECD.ELS.SAE:DSD_POPULATION@DF_POP_HIST(1.0),Historical population data,I,CRI,Costa Rica,POP,Population,PS,Persons,_T,Total,_T,Total,H,Historical,1969,,1720321.1,,A,Normal value,0,Units,0,Zero
DATAFLOW,OECD.ELS.SAE:DSD_POPULATION@DF_POP_HIST(1.0),Historical population data,I,CRI,Costa Rica,POP,Population,PS,Persons,_T,Total,_T,Total,H,Historical,1970,,1766953.8,,A,Normal value,0,Units,0,Zero
DATAFLOW,OECD.ELS.SAE:DSD_POPULATION@DF_POP_HIST(1.0),Historical population data,I,CRI,Costa Rica,POP,Population,PS,Persons,_T,Total,_T,Total,H,Historical,1971,,1814526.9,,A,Normal value,0,Units,0,Zero
DATAFLOW,OECD.ELS.SAE:DSD_POPULATION@DF_POP_HIST(1.0),Historical population data,I,CRI,Costa Rica,POP,Population,PS,Persons,_T,Total,_T,Total,H,Historical,1972,,1861737.2,,A,Normal value,0,Units,0,Zero
DATAFLOW,OECD.ELS.SAE:DSD_POPULATION@DF_POP_HIST(1.0),Historical population data,I,CRI,Costa Rica,POP,Population,PS,Persons,_T,Total,_T,Total,H,Historical,1973,,1909376.7,,A,Normal value,0,Units,0,Zero
DATAFLOW,OECD.ELS.SAE:DSD_POPULATION@DF_POP_HIST(1.0),Historical population data,I,CRI,Costa Rica,POP,Population,PS,Persons,_T,Total,_T,Total,H,Historical,1974,,1957856.3,,A,Normal value,0,Units,0,Zero
DATAFLOW,OECD.ELS.SAE:DSD_POPULATION@DF_POP_HIST(1.0),Historical population data,I,CRI,Costa Rica,POP,Population,PS,Persons,_T,Total,_T,Total,H,Historical,1975,,2007378.1,,A,Normal value,0,Units,0,Zero
DATAFLOW,OECD.ELS.SAE:DSD_POPULATION@DF_POP_HIST(1.0),Historical population data,I,CRI,Costa Rica,POP,Population,PS,Persons,_T,Total,_T,Total,H,Historical,1976,,2057385.2,,A,Normal value,0,Units,0,Zero
DATAFLOW,OECD.ELS.SAE:DSD_POPULATION@DF_POP_HIST(1.0),Historical population data,I,CRI,Costa Rica,POP,Population,PS,Persons,_T,Total,_T,Total,H,Historical,1977,,2112610.3,,A,Normal value,0,Units,0,Zero
DATAFLOW,OECD.ELS.SAE:DSD_POPULATION@DF_POP_HIST(1.0),Historical population data,I,CRI,Costa Rica,POP,Population,PS,Persons,_T,Total,_T,Total,H,Historical,1978,,2170440.3,,A,Normal value,0,Units,0,Zero
DATAFLOW,OECD.ELS.SAE:DSD_POPULATION@DF_POP_HIST(1.0),Historical population data,I,CRI,Costa Rica,POP,Population,PS,Persons,_T,Total,_T,Total,H,Historical,1979,,2232940.6,,A,Normal value,0,Units,0,Zero
DATAFLOW,OECD.ELS.SAE:DSD_POPULATION@DF_POP_HIST(1.0),Historical population data,I,CRI,Costa Rica,POP,Population,PS,Persons,_T,Total,_T,Total,H,Historical,1980,,2299022.1,,A,Normal value,0,Units,0,Zero
DATAFLOW,OECD.ELS.SAE:DSD_POPULATION@DF_POP_HIST(1.0),Historical population data,I,CRI,Costa Rica,POP,Population,PS,Persons,_T,Total,_T,Total,H,Historical,1981,,2368000.9,,A,Normal value,0,Units,0,Zero
DATAFLOW,OECD.ELS.SAE:DSD_POPULATION@DF_POP_HIST(1.0),Historical population data,I,CRI,Costa Rica,POP,Population,PS,Persons,_T,Total,_T,Total,H,Historical,1982,,2438680,,A,Normal value,0,Units,0,Zero
DATAFLOW,OECD.ELS.SAE:DSD_POPULATION@DF_POP_HIST(1.0),Historical population data,I,CRI,Costa Rica,POP,Population,PS,Persons,_T,Total,_T,Total,H,Historical,1983,,2509190.1,,A,Normal value,0,Units,0,Zero
DATAFLOW,OECD.ELS.SAE:DSD_POPULATION@DF_POP_HIST(1.0),Historical population data,I,CRI,Costa Rica,POP,Population,PS,Persons,_T,Total,_T,Total,H,Historical,1984,,2582116.9,,A,Normal value,0,Units,0,Zero
DATAFLOW,OECD.ELS.SAE:DSD_POPULATION@DF_POP_HIST(1.0),Historical population data,I,CRI,Costa Rica,POP,Population,PS,Persons,_T,Total,_T,Total,H,Historical,1985,,2663129.6,,A,Normal value,0,Units,0,Zero
DATAFLOW,OECD.ELS.SAE:DSD_POPULATION@DF_POP_HIST(1.0),Historical population data,I,CRI,Costa Rica,POP,Population,PS,Persons,_T,Total,_T,Total,H,Historical,1986,,2745705.5,,A,Normal value,0,Units,0,Zero
DATAFLOW,OECD.ELS.SAE:DSD_POPULATION@DF_POP_HIST(1.0),Historical population data,I,CRI,Costa Rica,POP,Population,PS,Persons,_T,Total,_T,Total,H,Historical,1987,,2826606.1,,A,Normal value,0,Units,0,Zero
DATAFLOW,OECD.ELS.SAE:DSD_POPULATION@DF_POP_HIST(1.0),Historical population data,I,CRI,Costa Rica,POP,Population,PS,Persons,_T,Total,_T,Total,H,Historical,1988,,2905304.4,,A,Normal value,0,Units,0,Zero
DATAFLOW,OECD.ELS.SAE:DSD_POPULATION@DF_POP_HIST(1.0),Historical population data,I,CRI,Costa Rica,POP,Population,PS,Persons,_T,Total,_T,Total,H,Historical,1989,,2988314.8,,A,Normal value,0,Units,0,Zero
DATAFLOW,OECD.ELS.SAE:DSD_POPULATION@DF_POP_HIST(1.0),Historical population data,I,EST,Estonia,POP,Population,PS,Persons,_T,Total,_T,Total,H,Historical,1969,,1348702,,A,Normal value,0,Units,0,Zero
DATAFLOW,OECD.ELS.SAE:DSD_POPULATION@DF_POP_HIST(1.0),Historical population data,I,LVA,Latvia,POP,Population,PS,Persons,_T,Total,_T,Total,H,Historical,1969,,2337666,,A,Normal value,0,Units,0,Zero
DATAFLOW,OECD.ELS.SAE:DSD_POPULATION@DF_POP_HIST(1.0),Historical population data,I,LTU,Lithuania,POP,Population,PS,Persons,_T,Total,_T,Total,H,Historical,1969,,3103419,,A,Normal value,0,Units,0,Zero
DATAFLOW,OECD.ELS.SAE:DSD_POPULATION@DF_POP_HIST(1.0),Historical population data,I,LUX,Luxembourg,POP,Population,PS,Persons,_T,Total,_T,Total,H,Historical,1969,,338263,,A,Normal value,0,Units,0,Zero
DATAFLOW,OECD.ELS.SAE:DSD_POPULATION@DF_POP_HIST(1.0),Historical population data,I,MEX,Mexico,POP,Population,PS,Persons,_T,Total,_T,Total,H,Historical,1969,,50023146,,A,Normal value,0,Units,0,Zero
DATAFLOW,OECD.ELS.SAE:DSD_POPULATION@DF_POP_HIST(1.0),Historical population data,I,MEX,Mexico,POP,Population,PS,Persons,_T,Total,_T,Total,H,Historical,1970,,51560567,,A,Normal value,0,Units,0,Zero
DATAFLOW,OECD.ELS.SAE:DSD_POPULATION@DF_POP_HIST(1.0),Historical population data,I,MEX,Mexico,POP,Population,PS,Persons,_T,Total,_T,Total,H,Historical,1971,,53133584,,A,Normal value,0,Units,0,Zero
DATAFLOW,OECD.ELS.SAE:DSD_POPULATION@DF_POP_HIST(1.0),Historical population data,I,MEX,Mexico,POP,Population,PS,Persons,_T,Total,_T,Total,H,Historical,1972,,54758696,,A,Normal value,0,Units,0,Zero
DATAFLOW,OECD.ELS.SAE:DSD_POPULATION@DF_POP_HIST(1.0),Historical population data,I,MEX,Mexico,POP,Population,PS,Persons,_T,Total,_T,Total,H,Historical,1973,,56414565,,A,Normal value,0,Units,0,Zero
DATAFLOW,OECD.ELS.SAE:DSD_POPULATION@DF_POP_HIST(1.0),Historical population data,I,MEX,Mexico,POP,Population,PS,Persons,_T,Total,_T,Total,H,Historical,1974,,58097331,,A,Normal value,0,Units,0,Zero
DATAFLOW,OECD.ELS.SAE:DSD_POPULATION@DF_POP_HIST(1.0),Historical population data,I,MEX,Mexico,POP,Population,PS,Persons,_T,Total,_T,Total,H,Historical,1975,,59792538,,A,Normal value,0,Units,0,Zero
DATAFLOW,OECD.ELS.SAE:DSD_POPULATION@DF_POP_HIST(1.0),Historical population data,I,MEX,Mexico,POP,Population,PS,Persons,_T,Total,_T,Total,H,Historical,1976,,61476071,,A,Normal value,0,Units,0,Zero
DATAFLOW,OECD.ELS.SAE:DSD_POPULATION@DF_POP_HIST(1.0),Historical population data,I,MEX,Mexico,POP,Population,PS,Persons,_T,Total,_T,Total,H,Historical,1977,,63139218,,A,Normal value,0,Units,0,Zero
DATAFLOW,OECD.ELS.SAE:DSD_POPULATION@DF_POP_HIST(1.0),Historical population data,I,MEX,Mexico,POP,Population,PS,Persons,_T,Total,_T,Total,H,Historical,1978,,64788304,,A,Normal value,0,Units,0,Zero
DATAFLOW,OECD.ELS.SAE:DSD_POPULATION@DF_POP_HIST(1.0),Historical population data,I,MEX,Mexico,POP,Population,PS,Persons,_T,Total,_T,Total,H,Historical,1979,,66431403,,A,Normal value,0,Units,0,Zero
DATAFLOW,OECD.ELS.SAE:DSD_POPULATION@DF_POP_HIST(1.0),Historical population data,I,MEX,Mexico,POP,Population,PS,Persons,_T,Total,_T,Total,H,Historical,1980,,68072118,,A,Normal value,0,Units,0,Zero
DATAFLOW,OECD.ELS.SAE:DSD_POPULATION@DF_POP_HIST(1.0),Historical population data,I,MEX,Mexico,POP,Population,PS,Persons,_T,Total,_T,Total,H,Historical,1981,,69715468,,A,Normal value,0,Units,0,Zero
DATAFLOW,OECD.ELS.SAE:DSD_POPULATION@DF_POP_HIST(1.0),Historical population data,I,MEX,Mexico,POP,Population,PS,Persons,_T,Total,_T,Total,H,Historical,1982,,71369508,,A,Normal value,0,Units,0,Zero
DATAFLOW,OECD.ELS.SAE:DSD_POPULATION@DF_POP_HIST(1.0),Historical population data,I,MEX,Mexico,POP,Population,PS,Persons,_T,Total,_T,Total,H,Historical,1983,,73034559,,A,Normal value,0,Units,0,Zero
DATAFLOW,OECD.ELS.SAE:DSD_POPULATION@DF_POP_HIST(1.0),Historical population data,I,MEX,Mexico,POP,Population,PS,Persons,_T,Total,_T,Total,H,Historical,1984,,74707346,,A,Normal value,0,Units,0,Zero
DATAFLOW,OECD.ELS.SAE:DSD_POPULATION@DF_POP_HIST(1.0),Historical population data,I,MEX,Mexico,POP,Population,PS,Persons,_T,Total,_T,Total,H,Historical,1985,,76375259,,A,Normal value,0,Units,0,Zero
DATAFLOW,OECD.ELS.SAE:DSD_POPULATION@DF_POP_HIST(1.0),Historical population data,I,MEX,Mexico,POP,Population,PS,Persons,_T,Total,_T,Total,H,Historical,1986,,78028665,,A,Normal value,0,Units,0,Zero
DATAFLOW,OECD.ELS.SAE:DSD_POPULATION@DF_POP_HIST(1.0),Historical population data,I,MEX,Mexico,POP,Population,PS,Persons,_T,Total,_T,Total,H,Historical,1987,,79665004,,A,Normal value,0,Units,0,Zero
DATAFLOW,OECD.ELS.SAE:DSD_POPULATION@DF_POP_HIST(1.0),Historical population data,I,MEX,Mexico,POP,Population,PS,Persons,_T,Total,_T,Total,H,Historical,1988,,81282371,,A,Normal value,0,Units,0,Zero
DATAFLOW,OECD.ELS.SAE:DSD_POPULATION@DF_POP_HIST(1.0),Historical population data,I,MEX,Mexico,POP,Population,PS,Persons,_T,Total,_T,Total,H,Historical,1989,,82889981,,A,Normal value,0,Units,0,Zero
DATAFLOW,OECD.ELS.SAE:DSD_POPULATION@DF_POP_HIST(1.0),Historical population data,I,PRT,Portugal,POP,Population,PS,Persons,_T,Total,_T,Total,H,Historical,1986,,10032734,,A,Normal value,0,Units,0,Zero
DATAFLOW,OECD.ELS.SAE:DSD_POPULATION@DF_POP_HIST(1.0),Historical population data,I,PRT,Portugal,POP,Population,PS,Persons,_T,Total,_T,Total,H,Historical,1987,,10030031,,A,Normal value,0,Units,0,Zero
DATAFLOW,OECD.ELS.SAE:DSD_POPULATION@DF_POP_HIST(1.0),Historical population data,I,G20,G20,POP,Population,PS,Persons,_T,Total,_T,Total,H,Historical,1969,,2614380000,,A,Normal value,0,Units,0,Zero
DATAFLOW,OECD.ELS.SAE:DSD_POPULATION@DF_POP_HIST(1.0),Historical population data,I,G20,G20,POP,Population,PS,Persons,_T,Total,_T,Total,H,Historical,1970,,2664190000,,A,Normal value,0,Units,0,Zero
DATAFLOW,OECD.ELS.SAE:DSD_POPULATION@DF_POP_HIST(1.0),Historical population data,I,G20,G20,POP,Population,PS,Persons,_T,Total,_T,Total,H,Historical,1971,,2714920000,,A,Normal value,0,Units,0,Zero
DATAFLOW,OECD.ELS.SAE:DSD_POPULATION@DF_POP_HIST(1.0),Historical population data,I,G20,G20,POP,Population,PS,Persons,_T,Total,_T,Total,H,Historical,1972,,2764710000,,A,Normal value,0,Units,0,Zero
DATAFLOW,OECD.ELS.SAE:DSD_POPULATION@DF_POP_HIST(1.0),Historical population data,I,G20,G20,POP,Population,PS,Persons,_T,Total,_T,Total,H,Historical,1973,,2814120000,,A,Normal value,0,Units,0,Zero
DATAFLOW,OECD.ELS.SAE:DSD_POPULATION@DF_POP_HIST(1.0),Historical population data,I,G20,G20,POP,Population,PS,Persons,_T,Total,_T,Total,H,Historical,1974,,2862870000,,A,Normal value,0,Units,0,Zero
DATAFLOW,OECD.ELS.SAE:DSD_POPULATION@DF_POP_HIST(1.0),Historical population data,I,G20,G20,POP,Population,PS,Persons,_T,Total,_T,Total,H,Historical,1975,,2910500000,,A,Normal value,0,Units,0,Zero
DATAFLOW,OECD.ELS.SAE:DSD_POPULATION@DF_POP_HIST(1.0),Historical population data,I,G20,G20,POP,Population,PS,Persons,_T,Total,_T,Total,H,Historical,1976,,2956410000,,A,Normal value,0,Units,0,Zero
DATAFLOW,OECD.ELS.SAE:DSD_POPULATION@DF_POP_HIST(1.0),Historical population data,I,G20,G20,POP,Population,PS,Persons,_T,Total,_T,Total,H,Historical,1977,,3001710000,,A,Normal value,0,Units,0,Zero
DATAFLOW,OECD.ELS.SAE:DSD_POPULATION@DF_POP_HIST(1.0),Historical population data,I,G20,G20,POP,Population,PS,Persons,_T,Total,_T,Total,H,Historical,1978,,3046580000,,A,Normal value,0,Units,0,Zero
DATAFLOW,OECD.ELS.SAE:DSD_POPULATION@DF_POP_HIST(1.0),Historical population data,I,G20,G20,POP,Population,PS,Persons,_T,Total,_T,Total,H,Historical,1979,,3092490000,,A,Normal value,0,Units,0,Zero
DATAFLOW,OECD.ELS.SAE:DSD_POPULATION@DF_POP_HIST(1.0),Historical population data,I,G20,G20,POP,Population,PS,Persons,_T,Total,_T,Total,H,Historical,1980,,3140860000,,A,Normal value,0,Units,0,Zero
DATAFLOW,OECD.ELS.SAE:DSD_POPULATION@DF_POP_HIST(1.0),Historical population data,I,G20,G20,POP,Population,PS,Persons,_T,Total,_T,Total,H,Historical,1981,,3189310000,,A,Normal value,0,Units,0,Zero
DATAFLOW,OECD.ELS.SAE:DSD_POPULATION@DF_POP_HIST(1.0),Historical population data,I,G20,G20,POP,Population,PS,Persons,_T,Total,_T,Total,H,Historical,1982,,3239110000,,A,Normal value,0,Units,0,Zero
DATAFLOW,OECD.ELS.SAE:DSD_POPULATION@DF_POP_HIST(1.0),Historical population data,I,G20,G20,POP,Population,PS,Persons,_T,Total,_T,Total,H,Historical,1983,,3289060000,,A,Normal value,0,Units,0,Zero
DATAFLOW,OECD.ELS.SAE:DSD_POPULATION@DF_POP_HIST(1.0),Historical population data,I,G20,G20,POP,Population,PS,Persons,_T,Total,_T,Total,H,Historical,1984,,3338550000,,A,Normal value,0,Units,0,Zero
DATAFLOW,OECD.ELS.SAE:DSD_POPULATION@DF_POP_HIST(1.0),Historical population data,I,G20,G20,POP,Population,PS,Persons,_T,Total,_T,Total,H,Historical,1985,,3389400000,,A,Normal value,0,Units,0,Zero
DATAFLOW,OECD.ELS.SAE:DSD_POPULATION@DF_POP_HIST(1.0),Historical population data,I,G20,G20,POP,Population,PS,Persons,_T,Total,_T,Total,H,Historical,1986,,3442040000,,A,Normal value,0,Units,0,Zero
DATAFLOW,OECD.ELS.SAE:DSD_POPULATION@DF_POP_HIST(1.0),Historical population data,I,G20,G20,POP,Population,PS,Persons,_T,Total,_T,Total,H,Historical,1987,,3496240000,,A,Normal value,0,Units,0,Zero
DATAFLOW,OECD.ELS.SAE:DSD_POPULATION@DF_POP_HIST(1.0),Historical population data,I,G20,G20,POP,Population,PS,Persons,_T,Total,_T,Total,H,Historical,1988,,3550680000,,A,Normal value,0,Units,0,Zero
DATAFLOW,OECD.ELS.SAE:DSD_POPULATION@DF_POP_HIST(1.0),Historical population data,I,G20,G20,POP,Population,PS,Persons,_T,Total,_T,Total,H,Historical,1989,,3605080000,,A,Normal value,0,Units,0,Zero
DATAFLOW,OECD.ELS.SAE:DSD_POPULATION@DF_POP_HIST(1.0),Historical population data,I,EU27,European Union (27 countries),POP,Population,PS,Persons,_T,Total,_T,Total,H,Historical,1969,,383075696,,A,Normal value,0,Units,0,Zero
DATAFLOW,OECD.ELS.SAE:DSD_POPULATION@DF_POP_HIST(1.0),Historical population data,I,EU27,European Union (27 countries),POP,Population,PS,Persons,_T,Total,_T,Total,H,Historical,1970,,385092691,,A,Normal value,0,Units,0,Zero
DATAFLOW,OECD.ELS.SAE:DSD_POPULATION@DF_POP_HIST(1.0),Historical population data,I,EU27,European Union (27 countries),POP,Population,PS,Persons,_T,Total,_T,Total,H,Historical,1971,,387319356,,A,Normal value,0,Units,0,Zero
DATAFLOW,OECD.ELS.SAE:DSD_POPULATION@DF_POP_HIST(1.0),Historical population data,I,EU27,European Union (27 countries),POP,Population,PS,Persons,_T,Total,_T,Total,H,Historical,1972,,389965874,,A,Normal value,0,Units,0,Zero
DATAFLOW,OECD.ELS.SAE:DSD_POPULATION@DF_POP_HIST(1.0),Historical population data,I,EU27,European Union (27 countries),POP,Population,PS,Persons,_T,Total,_T,Total,H,Historical,1973,,392448238,,A,Normal value,0,Units,0,Zero
DATAFLOW,OECD.ELS.SAE:DSD_POPULATION@DF_POP_HIST(1.0),Historical population data,I,EU27,European Union (27 countries),POP,Population,PS,Persons,_T,Total,_T,Total,H,Historical,1974,,394822348,,A,Normal value,0,Units,0,Zero
DATAFLOW,OECD.ELS.SAE:DSD_POPULATION@DF_POP_HIST(1.0),Historical population data,I,EU27,European Union (27 countries),POP,Population,PS,Persons,_T,Total,_T,Total,H,Historical,1975,,397077225,,A,Normal value,0,Units,0,Zero
DATAFLOW,OECD.ELS.SAE:DSD_POPULATION@DF_POP_HIST(1.0),Historical population data,I,EU27,European Union (27 countries),POP,Population,PS,Persons,_T,Total,_T,Total,H,Historical,1976,,399155798,,A,Normal value,0,Units,0,Zero
DATAFLOW,OECD.ELS.SAE:DSD_POPULATION@DF_POP_HIST(1.0),Historical population data,I,EU27,European Union (27 countries),POP,Population,PS,Persons,_T,Total,_T,Total,H,Historical,1977,,401176295,,A,Normal value,0,Units,0,Zero
DATAFLOW,OECD.ELS.SAE:DSD_POPULATION@DF_POP_HIST(1.0),Historical population data,I,EU27,European Union (27 countries),POP,Population,PS,Persons,_T,Total,_T,Total,H,Historical,1978,,403101563,,A,Normal value,0,Units,0,Zero
DATAFLOW,OECD.ELS.SAE:DSD_POPULATION@DF_POP_HIST(1.0),Historical population data,I,EU27,European Union (27 countries),POP,Population,PS,Persons,_T,Total,_T,Total,H,Historical,1979,,404846749,,A,Normal value,0,Units,0,Zero
DATAFLOW,OECD.ELS.SAE:DSD_POPULATION@DF_POP_HIST(1.0),Historical population data,I,EU27,European Union (27 countries),POP,Population,PS,Persons,_T,Total,_T,Total,H,Historical,1980,,406700358,,A,Normal value,0,Units,0,Zero
DATAFLOW,OECD.ELS.SAE:DSD_POPULATION@DF_POP_HIST(1.0),Historical population data,I,EU27,European Union (27 countries),POP,Population,PS,Persons,_T,Total,_T,Total,H,Historical,1981,,408374373,,A,Normal value,0,Units,0,Zero
DATAFLOW,OECD.ELS.SAE:DSD_POPULATION@DF_POP_HIST(1.0),Historical population data,I,EU27,European Union (27 countries),POP,Population,PS,Persons,_T,Total,_T,Total,H,Historical,1982,,409568188,,A,Normal value,0,Units,0,Zero
DATAFLOW,OECD.ELS.SAE:DSD_POPULATION@DF_POP_HIST(1.0),Historical population data,I,EU27,European Union (27 countries),POP,Population,PS,Persons,_T,Total,_T,Total,H,Historical,1983,,410610034,,A,Normal value,0,Units,0,Zero
DATAFLOW,OECD.ELS.SAE:DSD_POPULATION@DF_POP_HIST(1.0),Historical population data,I,EU27,European Union (27 countries),POP,Population,PS,Persons,_T,Total,_T,Total,H,Historical,1984,,411512879,,A,Normal value,0,Units,0,Zero
DATAFLOW,OECD.ELS.SAE:DSD_POPULATION@DF_POP_HIST(1.0),Historical population data,I,EU27,European Union (27 countries),POP,Population,PS,Persons,_T,Total,_T,Total,H,Historical,1985,,412445168,,A,Normal value,0,Units,0,Zero
DATAFLOW,OECD.ELS.SAE:DSD_POPULATION@DF_POP_HIST(1.0),Historical population data,I,EU27,European Union (27 countries),POP,Population,PS,Persons,_T,Total,_T,Total,H,Historical,1986,,413533810,,A,Normal value,0,Units,0,Zero
DATAFLOW,OECD.ELS.SAE:DSD_POPULATION@DF_POP_HIST(1.0),Historical population data,I,EU27,European Union (27 countries),POP,Population,PS,Persons,_T,Total,_T,Total,H,Historical,1987,,414705652,,A,Normal value,0,Units,0,Zero
DATAFLOW,OECD.ELS.SAE:DSD_POPULATION@DF_POP_HIST(1.0),Historical population data,I,EU27,European Union (27 countries),POP,Population,PS,Persons,_T,Total,_T,Total,H,Historical,1988,,416065050,,A,Normal value,0,Units,0,Zero
DATAFLOW,OECD.ELS.SAE:DSD_POPULATION@DF_POP_HIST(1.0),Historical population data,I,EU27,European Union (27 countries),POP,Population,PS,Persons,_T,Total,_T,Total,H,Historical,1989,,417424361,,A,Normal value,0,Units,0,Zero
DATAFLOW,OECD.ELS.SAE:DSD_POPULATION@DF_POP_HIST(1.0),Historical population data,I,OECD,OECD,POP,Population,PS,Persons,_T,Total,_T,Total,H,Historical,1969,,909871747,,A,Normal value,0,Units,0,Zero
DATAFLOW,OECD.ELS.SAE:DSD_POPULATION@DF_POP_HIST(1.0),Historical population data,I,OECD,OECD,POP,Population,PS,Persons,_T,Total,_T,Total,H,Historical,1970,,919884765,,A,Normal value,0,Units,0,Zero
DATAFLOW,OECD.ELS.SAE:DSD_POPULATION@DF_POP_HIST(1.0),Historical population data,I,OECD,OECD,POP,Population,PS,Persons,_T,Total,_T,Total,H,Historical,1971,,930883325,,A,Normal value,0,Units,0,Zero
DATAFLOW,OECD.ELS.SAE:DSD_POPULATION@DF_POP_HIST(1.0),Historical population data,I,OECD,OECD,POP,Population,PS,Persons,_T,Total,_T,Total,H,Historical,1972,,941844243,,A,Normal value,0,Units,0,Zero
DATAFLOW,OECD.ELS.SAE:DSD_POPULATION@DF_POP_HIST(1.0),Historical population data,I,OECD,OECD,POP,Population,PS,Persons,_T,Total,_T,Total,H,Historical,1973,,952286891,,A,Normal value,0,Units,0,Zero
DATAFLOW,OECD.ELS.SAE:DSD_POPULATION@DF_POP_HIST(1.0),Historical population data,I,OECD,OECD,POP,Population,PS,Persons,_T,Total,_T,Total,H,Historical,1974,,962509736,,A,Normal value,0,Units,0,Zero
DATAFLOW,OECD.ELS.SAE:DSD_POPULATION@DF_POP_HIST(1.0),Historical population data,I,OECD,OECD,POP,Population,PS,Persons,_T,Total,_T,Total,H,Historical,1975,,972548536,,A,Normal value,0,Units,0,Zero
DATAFLOW,OECD.ELS.SAE:DSD_POPULATION@DF_POP_HIST(1.0),Historical population data,I,OECD,OECD,POP,Population,PS,Persons,_T,Total,_T,Total,H,Historical,1976,,981881092,,A,Normal value,0,Units,0,Zero
DATAFLOW,OECD.ELS.SAE:DSD_POPULATION@DF_POP_HIST(1.0),Historical population data,I,OECD,OECD,POP,Population,PS,Persons,_T,Total,_T,Total,H,Historical,1977,,991170840,,A,Normal value,0,Units,0,Zero
DATAFLOW,OECD.ELS.SAE:DSD_POPULATION@DF_POP_HIST(1.0),Historical population data,I,OECD,OECD,POP,Population,PS,Persons,_T,Total,_T,Total,H,Historical,1978,,1000510000,,A,Normal value,0,Units,0,Zero
DATAFLOW,OECD.ELS.SAE:DSD_POPULATION@DF_POP_HIST(1.0),Historical population data,I,OECD,OECD,POP,Population,PS,Persons,_T,Total,_T,Total,H,Historical,1979,,1009910000,,A,Normal value,0,Units,0,Zero
DATAFLOW,OECD.ELS.SAE:DSD_POPULATION@DF_POP_HIST(1.0),Historical population data,I,OECD,OECD,POP,Population,PS,Persons,_T,Total,_T,Total,H,Historical,1980,,1019260000,,A,Normal value,0,Units,0,Zero
DATAFLOW,OECD.ELS.SAE:DSD_POPULATION@DF_POP_HIST(1.0),Historical population data,I,OECD,OECD,POP,Population,PS,Persons,_T,Total,_T,Total,H,Historical,1981,,1028640000,,A,Normal value,0,Units,0,Zero
DATAFLOW,OECD.ELS.SAE:DSD_POPULATION@DF_POP_HIST(1.0),Historical population data,I,OECD,OECD,POP,Population,PS,Persons,_T,Total,_T,Total,H,Historical,1982,,1037690000,,A,Normal value,0,Units,0,Zero
DATAFLOW,OECD.ELS.SAE:DSD_POPULATION@DF_POP_HIST(1.0),Historical population data,I,OECD,OECD,POP,Population,PS,Persons,_T,Total,_T,Total,H,Historical,1983,,1046400000,,A,Normal value,0,Units,0,Zero
DATAFLOW,OECD.ELS.SAE:DSD_POPULATION@DF_POP_HIST(1.0),Historical population data,I,OECD,OECD,POP,Population,PS,Persons,_T,Total,_T,Total,H,Historical,1984,,1054820000,,A,Normal value,0,Units,0,Zero
DATAFLOW,OECD.ELS.SAE:DSD_POPULATION@DF_POP_HIST(1.0),Historical population data,I,OECD,OECD,POP,Population,PS,Persons,_T,Total,_T,Total,H,Historical,1985,,1063340000,,A,Normal value,0,Units,0,Zero
DATAFLOW,OECD.ELS.SAE:DSD_POPULATION@DF_POP_HIST(1.0),Historical population data,I,OECD,OECD,POP,Population,PS,Persons,_T,Total,_T,Total,H,Historical,1986,,1071960000,,A,Normal value,0,Units,0,Zero
DATAFLOW,OECD.ELS.SAE:DSD_POPULATION@DF_POP_HIST(1.0),Historical population data,I,OECD,OECD,POP,Population,PS,Persons,_T,Total,_T,Total,H,Historical,1987,,1080380000,,A,Normal value,0,Units,0,Zero
DATAFLOW,OECD.ELS.SAE:DSD_POPULATION@DF_POP_HIST(1.0),Historical population data,I,OECD,OECD,POP,Population,PS,Persons,_T,Total,_T,Total,H,Historical,1988,,1088990000,,A,Normal value,0,Units,0,Zero
DATAFLOW,OECD.ELS.SAE:DSD_POPULATION@DF_POP_HIST(1.0),Historical population data,I,OECD,OECD,POP,Population,PS,Persons,_T,Total,_T,Total,H,Historical,1989,,1098020000,,A,Normal value,0,Units,0,Zero
DATAFLOW,OECD.ELS.SAE:DSD_POPULATION@DF_POP_HIST(1.0),Historical population data,I,ARG,Argentina,POP,Population,PS,Persons,_T,Total,_T,Total,H,Historical,1969,,23508711,,A,Normal value,0,Units,0,Zero
DATAFLOW,OECD.ELS.SAE:DSD_POPULATION@DF_POP_HIST(1.0),Historical population data,I,ARG,Argentina,POP,Population,PS,Persons,_T,Total,_T,Total,H,Historical,1970,,23878327,,A,Normal value,0,Units,0,Zero
DATAFLOW,OECD.ELS.SAE:DSD_POPULATION@DF_POP_HIST(1.0),Historical population data,I,ARG,Argentina,POP,Population,PS,Persons,_T,Total,_T,Total,H,Historical,1971,,24257208,,A,Normal value,0,Units,0,Zero
DATAFLOW,OECD.ELS.SAE:DSD_POPULATION@DF_POP_HIST(1.0),Historical population data,I,ARG,Argentina,POP,Population,PS,Persons,_T,Total,_T,Total,H,Historical,1972,,24644328,,A,Normal value,0,Units,0,Zero
DATAFLOW,OECD.ELS.SAE:DSD_POPULATION@DF_POP_HIST(1.0),Historical population data,I,ARG,Argentina,POP,Population,PS,Persons,_T,Total,_T,Total,H,Historical,1973,,25046005,,A,Normal value,0,Units,0,Zero
DATAFLOW,OECD.ELS.SAE:DSD_POPULATION@DF_POP_HIST(1.0),Historical population data,I,ARG,Argentina,POP,Population,PS,Persons,_T,Total,_T,Total,H,Historical,1974,,25461351,,A,Normal value,0,Units,0,Zero
DATAFLOW,OECD.ELS.SAE:DSD_POPULATION@DF_POP_HIST(1.0),Historical population data,I,ARG,Argentina,POP,Population,PS,Persons,_T,Total,_T,Total,H,Historical,1975,,25874107,,A,Normal value,0,Units,0,Zero
DATAFLOW,OECD.ELS.SAE:DSD_POPULATION@DF_POP_HIST(1.0),Historical population data,I,ARG,Argentina,POP,Population,PS,Persons,_T,Total,_T,Total,H,Historical,1976,,26282283,,A,Normal value,0,Units,0,Zero
DATAFLOW,OECD.ELS.SAE:DSD_POPULATION@DF_POP_HIST(1.0),Historical population data,I,ARG,Argentina,POP,Population,PS,Persons,_T,Total,_T,Total,H,Historical,1977,,26701805,,A,Normal value,0,Units,0,Zero
DATAFLOW,OECD.ELS.SAE:DSD_POPULATION@DF_POP_HIST(1.0),Historical population data,I,ARG,Argentina,POP,Population,PS,Persons,_T,Total,_T,Total,H,Historical,1978,,27132158,,A,Normal value,0,Units,0,Zero
DATAFLOW,OECD.ELS.SAE:DSD_POPULATION@DF_POP_HIST(1.0),Historical population data,I,ARG,Argentina,POP,Population,PS,Persons,_T,Total,_T,Total,H,Historical,1979,,27568895,,A,Normal value,0,Units,0,Zero
DATAFLOW,OECD.ELS.SAE:DSD_POPULATION@DF_POP_HIST(1.0),Historical population data,I,ARG,Argentina,POP,Population,PS,Persons,_T,Total,_T,Total,H,Historical,1980,,28011596,,A,Normal value,0,Units,0,Zero
DATAFLOW,OECD.ELS.SAE:DSD_POPULATION@DF_POP_HIST(1.0),Historical population data,I,ARG,Argentina,POP,Population,PS,Persons,_T,Total,_T,Total,H,Historical,1981,,28463959,,A,Normal value,0,Units,0,Zero
DATAFLOW,OECD.ELS.SAE:DSD_POPULATION@DF_POP_HIST(1.0),Historical population data,I,ARG,Argentina,POP,Population,PS,Persons,_T,Total,_T,Total,H,Historical,1982,,28924262,,A,Normal value,0,Units,0,Zero
DATAFLOW,OECD.ELS.SAE:DSD_POPULATION@DF_POP_HIST(1.0),Historical population data,I,ARG,Argentina,POP,Population,PS,Persons,_T,Total,_T,Total,H,Historical,1983,,29391332,,A,Normal value,0,Units,0,Zero
DATAFLOW,OECD.ELS.SAE:DSD_POPULATION@DF_POP_HIST(1.0),Historical population data,I,ARG,Argentina,POP,Population,PS,Persons,_T,Total,_T,Total,H,Historical,1984,,29863093,,A,Normal value,0,Units,0,Zero
DATAFLOW,OECD.ELS.SAE:DSD_POPULATION@DF_POP_HIST(1.0),Historical population data,I,ARG,Argentina,POP,Population,PS,Persons,_T,Total,_T,Total,H,Historical,1985,,30336441,,A,Normal value,0,Units,0,Zero
DATAFLOW,OECD.ELS.SAE:DSD_POPULATION@DF_POP_HIST(1.0),Historical population data,I,ARG,Argentina,POP,Population,PS,Persons,_T,Total,_T,Total,H,Historical,1986,,30811980,,A,Normal value,0,Units,0,Zero
DATAFLOW,OECD.ELS.SAE:DSD_POPULATION@DF_POP_HIST(1.0),Historical population data,I,ARG,Argentina,POP,Population,PS,Persons,_T,Total,_T,Total,H,Historical,1987,,31291762,,A,Normal value,0,Units,0,Zero
DATAFLOW,OECD.ELS.SAE:DSD_POPULATION@DF_POP_HIST(1.0),Historical population data,I,ARG,Argentina,POP,Population,PS,Persons,_T,Total,_T,Total,H,Historical,1988,,31780532,,A,Normal value,0,Units,0,Zero
DATAFLOW,OECD.ELS.SAE:DSD_POPULATION@DF_POP_HIST(1.0),Historical population data,I,ARG,Argentina,POP,Population,PS,Persons,_T,Total,_T,Total,H,Historical,1989,,32270948,,A,Normal value,0,Units,0,Zero
DATAFLOW,OECD.ELS.SAE:DSD_POPULATION@DF_POP_HIST(1.0),Historical population data,I,BRA,Brazil,POP,Population,PS,Persons,_T,Total,_T,Total,H,Historical,1969,,93045777,,A,Normal value,0,Units,0,Zero
DATAFLOW,OECD.ELS.SAE:DSD_POPULATION@DF_POP_HIST(1.0),Historical population data,I,BRA,Brazil,POP,Population,PS,Persons,_T,Total,_T,Total,H,Historical,1970,,95375651,,A,Normal value,0,Units,0,Zero
DATAFLOW,OECD.ELS.SAE:DSD_POPULATION@DF_POP_HIST(1.0),Historical population data,I,BRA,Brazil,POP,Population,PS,Persons,_T,Total,_T,Total,H,Historical,1971,,97739273,,A,Normal value,0,Units,0,Zero
DATAFLOW,OECD.ELS.SAE:DSD_POPULATION@DF_POP_HIST(1.0),Historical population data,I,BRA,Brazil,POP,Population,PS,Persons,_T,Total,_T,Total,H,Historical,1972,,100146797,,A,Normal value,0,Units,0,Zero
DATAFLOW,OECD.ELS.SAE:DSD_POPULATION@DF_POP_HIST(1.0),Historical population data,I,BRA,Brazil,POP,Population,PS,Persons,_T,Total,_T,Total,H,Historical,1973,,102600976,,A,Normal value,0,Units,0,Zero
DATAFLOW,OECD.ELS.SAE:DSD_POPULATION@DF_POP_HIST(1.0),Historical population data,I,BRA,Brazil,POP,Population,PS,Persons,_T,Total,_T,Total,H,Historical,1974,,105089675,,A,Normal value,0,Units,0,Zero
DATAFLOW,OECD.ELS.SAE:DSD_POPULATION@DF_POP_HIST(1.0),Historical population data,I,BRA,Brazil,POP,Population,PS,Persons,_T,Total,_T,Total,H,Historical,1975,,107619565,,A,Normal value,0,Units,0,Zero
DATAFLOW,OECD.ELS.SAE:DSD_POPULATION@DF_POP_HIST(1.0),Historical population data,I,BRA,Brazil,POP,Population,PS,Persons,_T,Total,_T,Total,H,Historical,1976,,110213349,,A,Normal value,0,Units,0,Zero
DATAFLOW,OECD.ELS.SAE:DSD_POPULATION@DF_POP_HIST(1.0),Historical population data,I,BRA,Brazil,POP,Population,PS,Persons,_T,Total,_T,Total,H,Historical,1977,,112875292,,A,Normal value,0,Units,0,Zero
DATAFLOW,OECD.ELS.SAE:DSD_POPULATION@DF_POP_HIST(1.0),Historical population data,I,BRA,Brazil,POP,Population,PS,Persons,_T,Total,_T,Total,H,Historical,1978,,115600942,,A,Normal value,0,Units,0,Zero
DATAFLOW,OECD.ELS.SAE:DSD_POPULATION@DF_POP_HIST(1.0),Historical population data,I,BRA,Brazil,POP,Population,PS,Persons,_T,Total,_T,Total,H,Historical,1979,,118380821,,A,Normal value,0,Units,0,Zero
DATAFLOW,OECD.ELS.SAE:DSD_POPULATION@DF_POP_HIST(1.0),Historical population data,I,CHN,China (People’s Republic of),POP,Population,PS,Persons,_T,Total,_T,Total,H,Historical,1969,,802140332,,A,Normal value,0,Units,0,Zero
DATAFLOW,OECD.ELS.SAE:DSD_POPULATION@DF_POP_HIST(1.0),Historical population data,I,CHN,China (People’s Republic of),POP,Population,PS,Persons,_T,Total,_T,Total,H,Historical,1970,,823308967,,A,Normal value,0,Units,0,Zero
DATAFLOW,OECD.ELS.SAE:DSD_POPULATION@DF_POP_HIST(1.0),Historical population data,I,CHN,China (People’s Republic of),POP,Population,PS,Persons,_T,Total,_T,Total,H,Historical,1971,,844069867,,A,Normal value,0,Units,0,Zero
DATAFLOW,OECD.ELS.SAE:DSD_POPULATION@DF_POP_HIST(1.0),Historical population data,I,CHN,China (People’s Republic of),POP,Population,PS,Persons,_T,Total,_T,Total,H,Historical,1972,,863677814,,A,Normal value,0,Units,0,Zero
DATAFLOW,OECD.ELS.SAE:DSD_POPULATION@DF_POP_HIST(1.0),Historical population data,I,CHN,China (People’s Republic of),POP,Population,PS,Persons,_T,Total,_T,Total,H,Historical,1973,,882576946,,A,Normal value,0,Units,0,Zero
DATAFLOW,OECD.ELS.SAE:DSD_POPULATION@DF_POP_HIST(1.0),Historical population data,I,CHN,China (People’s Republic of),POP,Population,PS,Persons,_T,Total,_T,Total,H,Historical,1974,,900307582,,A,Normal value,0,Units,0,Zero
DATAFLOW,OECD.ELS.SAE:DSD_POPULATION@DF_POP_HIST(1.0),Historical population data,I,CHN,China (People’s Republic of),POP,Population,PS,Persons,_T,Total,_T,Total,H,Historical,1975,,916116793,,A,Normal value,0,Units,0,Zero
DATAFLOW,OECD.ELS.SAE:DSD_POPULATION@DF_POP_HIST(1.0),Historical population data,I,CHN,China (People’s Republic of),POP,Population,PS,Persons,_T,Total,_T,Total,H,Historical,1976,,930372292,,A,Normal value,0,Units,0,Zero
DATAFLOW,OECD.ELS.SAE:DSD_POPULATION@DF_POP_HIST(1.0),Historical population data,I,CHN,China (People’s Republic of),POP,Population,PS,Persons,_T,Total,_T,Total,H,Historical,1977,,943546375,,A,Normal value,0,Units,0,Zero
DATAFLOW,OECD.ELS.SAE:DSD_POPULATION@DF_POP_HIST(1.0),Historical population data,I,CHN,China (People’s Republic of),POP,Population,PS,Persons,_T,Total,_T,Total,H,Historical,1978,,956161485,,A,Normal value,0,Units,0,Zero
DATAFLOW,OECD.ELS.SAE:DSD_POPULATION@DF_POP_HIST(1.0),Historical population data,I,CHN,China (People’s Republic of),POP,Population,PS,Persons,_T,Total,_T,Total,H,Historical,1979,,969288069,,A,Normal value,0,Units,0,Zero
DATAFLOW,OECD.ELS.SAE:DSD_POPULATION@DF_POP_HIST(1.0),Historical population data,I,CHN,China (People’s Republic of),POP,Population,PS,Persons,_T,Total,_T,Total,H,Historical,1980,,983163542,,A,Normal value,0,Units,0,Zero
DATAFLOW,OECD.ELS.SAE:DSD_POPULATION@DF_POP_HIST(1.0),Historical population data,I,CHN,China (People’s Republic of),POP,Population,PS,Persons,_T,Total,_T,Total,H,Historical,1981,,997721071,,A,Normal value,0,Units,0,Zero
DATAFLOW,OECD.ELS.SAE:DSD_POPULATION@DF_POP_HIST(1.0),Historical population data,I,CHN,China (People’s Republic of),POP,Population,PS,Persons,_T,Total,_T,Total,H,Historical,1982,,1013590000,,A,Normal value,0,Units,0,Zero
DATAFLOW,OECD.ELS.SAE:DSD_POPULATION@DF_POP_HIST(1.0),Historical population data,I,CHN,China (People’s Republic of),POP,Population,PS,Persons,_T,Total,_T,Total,H,Historical,1983,,1029060000,,A,Normal value,0,Units,0,Zero
DATAFLOW,OECD.ELS.SAE:DSD_POPULATION@DF_POP_HIST(1.0),Historical population data,I,CHN,China (People’s Republic of),POP,Population,PS,Persons,_T,Total,_T,Total,H,Historical,1984,,1043850000,,A,Normal value,0,Units,0,Zero
DATAFLOW,OECD.ELS.SAE:DSD_POPULATION@DF_POP_HIST(1.0),Historical population data,I,CHN,China (People’s Republic of),POP,Population,PS,Persons,_T,Total,_T,Total,H,Historical,1985,,1059810000,,A,Normal value,0,Units,0,Zero
DATAFLOW,OECD.ELS.SAE:DSD_POPULATION@DF_POP_HIST(1.0),Historical population data,I,CHN,China (People’s Republic of),POP,Population,PS,Persons,_T,Total,_T,Total,H,Historical,1986,,1077230000,,A,Normal value,0,Units,0,Zero
DATAFLOW,OECD.ELS.SAE:DSD_POPULATION@DF_POP_HIST(1.0),Historical population data,I,CHN,China (People’s Republic of),POP,Population,PS,Persons,_T,Total,_T,Total,H,Historical,1987,,1096220000,,A,Normal value,0,Units,0,Zero
DATAFLOW,OECD.ELS.SAE:DSD_POPULATION@DF_POP_HIST(1.0),Historical population data,I,CHN,China (People’s Republic of),POP,Population,PS,Persons,_T,Total,_T,Total,H,Historical,1988,,1115240000,,A,Normal value,0,Units,0,Zero
DATAFLOW,OECD.ELS.SAE:DSD_POPULATION@DF_POP_HIST(1.0),Historical population data,I,CHN,China (People’s Republic of),POP,Population,PS,Persons,_T,Total,_T,Total,H,Historical,1989,,1133990000,,A,Normal value,0,Units,0,Zero
DATAFLOW,OECD.ELS.SAE:DSD_POPULATION@DF_POP_HIST(1.0),Historical population data,I,HRV,Croatia,POP,Population,PS,Persons,_T,Total,_T,Total,H,Historical,1969,,4444447,,A,Normal value,0,Units,0,Zero
DATAFLOW,OECD.ELS.SAE:DSD_POPULATION@DF_POP_HIST(1.0),Historical population data,I,HRV,Croatia,POP,Population,PS,Persons,_T,Total,_T,Total,H,Historical,1970,,4462673,,A,Normal value,0,Units,0,Zero
DATAFLOW,OECD.ELS.SAE:DSD_POPULATION@DF_POP_HIST(1.0),Historical population data,I,HRV,Croatia,POP,Population,PS,Persons,_T,Total,_T,Total,H,Historical,1971,,4480162,,A,Normal value,0,Units,0,Zero
DATAFLOW,OECD.ELS.SAE:DSD_POPULATION@DF_POP_HIST(1.0),Historical population data,I,HRV,Croatia,POP,Population,PS,Persons,_T,Total,_T,Total,H,Historical,1972,,4497891,,A,Normal value,0,Units,0,Zero
DATAFLOW,OECD.ELS.SAE:DSD_POPULATION@DF_POP_HIST(1.0),Historical population data,I,HRV,Croatia,POP,Population,PS,Persons,_T,Total,_T,Total,H,Historical,1973,,4515758,,A,Normal value,0,Units,0,Zero
DATAFLOW,OECD.ELS.SAE:DSD_POPULATION@DF_POP_HIST(1.0),Historical population data,I,HRV,Croatia,POP,Population,PS,Persons,_T,Total,_T,Total,H,Historical,1974,,4533953,,A,Normal value,0,Units,0,Zero
DATAFLOW,OECD.ELS.SAE:DSD_POPULATION@DF_POP_HIST(1.0),Historical population data,I,HRV,Croatia,POP,Population,PS,Persons,_T,Total,_T,Total,H,Historical,1975,,4552730,,A,Normal value,0,Units,0,Zero
DATAFLOW,OECD.ELS.SAE:DSD_POPULATION@DF_POP_HIST(1.0),Historical population data,I,HRV,Croatia,POP,Population,PS,Persons,_T,Total,_T,Total,H,Historical,1976,,4571750,,A,Normal value,0,Units,0,Zero
DATAFLOW,OECD.ELS.SAE:DSD_POPULATION@DF_POP_HIST(1.0),Historical population data,I,HRV,Croatia,POP,Population,PS,Persons,_T,Total,_T,Total,H,Historical,1977,,4590623,,A,Normal value,0,Units,0,Zero
DATAFLOW,OECD.ELS.SAE:DSD_POPULATION@DF_POP_HIST(1.0),Historical population data,I,HRV,Croatia,POP,Population,PS,Persons,_T,Total,_T,Total,H,Historical,1978,,4609020,,A,Normal value,0,Units,0,Zero
DATAFLOW,OECD.ELS.SAE:DSD_POPULATION@DF_POP_HIST(1.0),Historical population data,I,HRV,Croatia,POP,Population,PS,Persons,_T,Total,_T,Total,H,Historical,1979,,4626959,,A,Normal value,0,Units,0,Zero
DATAFLOW,OECD.ELS.SAE:DSD_POPULATION@DF_POP_HIST(1.0),Historical population data,I,HRV,Croatia,POP,Population,PS,Persons,_T,Total,_T,Total,H,Historical,1980,,4643896,,A,Normal value,0,Units,0,Zero
DATAFLOW,OECD.ELS.SAE:DSD_POPULATION@DF_POP_HIST(1.0),Historical population data,I,HRV,Croatia,POP,Population,PS,Persons,_T,Total,_T,Total,H,Historical,1981,,4664258,,A,Normal value,0,Units,0,Zero
DATAFLOW,OECD.ELS.SAE:DSD_POPULATION@DF_POP_HIST(1.0),Historical population data,I,HRV,Croatia,POP,Population,PS,Persons,_T,Total,_T,Total,H,Historical,1982,,4689156,,A,Normal value,0,Units,0,Zero
DATAFLOW,OECD.ELS.SAE:DSD_POPULATION@DF_POP_HIST(1.0),Historical population data,I,HRV,Croatia,POP,Population,PS,Persons,_T,Total,_T,Total,H,Historical,1983,,4712884,,A,Normal value,0,Units,0,Zero
DATAFLOW,OECD.ELS.SAE:DSD_POPULATION@DF_POP_HIST(1.0),Historical population data,I,HRV,Croatia,POP,Population,PS,Persons,_T,Total,_T,Total,H,Historical,1984,,4734488,,A,Normal value,0,Units,0,Zero
DATAFLOW,OECD.ELS.SAE:DSD_POPULATION@DF_POP_HIST(1.0),Historical population data,I,HRV,Croatia,POP,Population,PS,Persons,_T,Total,_T,Total,H,Historical,1985,,4754555,,A,Normal value,0,Units,0,Zero
DATAFLOW,OECD.ELS.SAE:DSD_POPULATION@DF_POP_HIST(1.0),Historical population data,I,HRV,Croatia,POP,Population,PS,Persons,_T,Total,_T,Total,H,Historical,1986,,4773051,,A,Normal value,0,Units,0,Zero
DATAFLOW,OECD.ELS.SAE:DSD_POPULATION@DF_POP_HIST(1.0),Historical population data,I,HRV,Croatia,POP,Population,PS,Persons,_T,Total,_T,Total,H,Historical,1987,,4790209,,A,Normal value,0,Units,0,Zero
DATAFLOW,OECD.ELS.SAE:DSD_POPULATION@DF_POP_HIST(1.0),Historical population data,I,HRV,Croatia,POP,Population,PS,Persons,_T,Total,_T,Total,H,Historical,1988,,4806032,,A,Normal value,0,Units,0,Zero
DATAFLOW,OECD.ELS.SAE:DSD_POPULATION@DF_POP_HIST(1.0),Historical population data,I,HRV,Croatia,POP,Population,PS,Persons,_T,Total,_T,Total,H,Historical,1989,,4820733,,A,Normal value,0,Units,0,Zero
DATAFLOW,OECD.ELS.SAE:DSD_POPULATION@DF_POP_HIST(1.0),Historical population data,I,CYP,Cyprus,POP,Population,PS,Persons,_T,Total,_T,Total,H,Historical,1969,,641189,,A,Normal value,0,Units,0,Zero
DATAFLOW,OECD.ELS.SAE:DSD_POPULATION@DF_POP_HIST(1.0),Historical population data,I,CYP,Cyprus,POP,Population,PS,Persons,_T,Total,_T,Total,H,Historical,1970,,647446,,A,Normal value,0,Units,0,Zero
DATAFLOW,OECD.ELS.SAE:DSD_POPULATION@DF_POP_HIST(1.0),Historical population data,I,CYP,Cyprus,POP,Population,PS,Persons,_T,Total,_T,Total,H,Historical,1971,,654050,,A,Normal value,0,Units,0,Zero
DATAFLOW,OECD.ELS.SAE:DSD_POPULATION@DF_POP_HIST(1.0),Historical population data,I,CYP,Cyprus,POP,Population,PS,Persons,_T,Total,_T,Total,H,Historical,1972,,661063,,A,Normal value,0,Units,0,Zero
DATAFLOW,OECD.ELS.SAE:DSD_POPULATION@DF_POP_HIST(1.0),Historical population data,I,CYP,Cyprus,POP,Population,PS,Persons,_T,Total,_T,Total,H,Historical,1973,,665937,,A,Normal value,0,Units,0,Zero
DATAFLOW,OECD.ELS.SAE:DSD_POPULATION@DF_POP_HIST(1.0),Historical population data,I,CYP,Cyprus,POP,Population,PS,Persons,_T,Total,_T,Total,H,Historical,1974,,663254,,A,Normal value,0,Units,0,Zero
DATAFLOW,OECD.ELS.SAE:DSD_POPULATION@DF_POP_HIST(1.0),Historical population data,I,CYP,Cyprus,POP,Population,PS,Persons,_T,Total,_T,Total,H,Historical,1975,,659405,,A,Normal value,0,Units,0,Zero
DATAFLOW,OECD.ELS.SAE:DSD_POPULATION@DF_POP_HIST(1.0),Historical population data,I,CYP,Cyprus,POP,Population,PS,Persons,_T,Total,_T,Total,H,Historical,1976,,662032,,A,Normal value,0,Units,0,Zero
DATAFLOW,OECD.ELS.SAE:DSD_POPULATION@DF_POP_HIST(1.0),Historical population data,I,CYP,Cyprus,POP,Population,PS,Persons,_T,Total,_T,Total,H,Historical,1977,,667101,,A,Normal value,0,Units,0,Zero
DATAFLOW,OECD.ELS.SAE:DSD_POPULATION@DF_POP_HIST(1.0),Historical population data,I,CYP,Cyprus,POP,Population,PS,Persons,_T,Total,_T,Total,H,Historical,1978,,672249,,A,Normal value,0,Units,0,Zero
DATAFLOW,OECD.ELS.SAE:DSD_POPULATION@DF_POP_HIST(1.0),Historical population data,I,CYP,Cyprus,POP,Population,PS,Persons,_T,Total,_T,Total,H,Historical,1979,,677549,,A,Normal value,0,Units,0,Zero
DATAFLOW,OECD.ELS.SAE:DSD_POPULATION@DF_POP_HIST(1.0),Historical population data,I,CYP,Cyprus,POP,Population,PS,Persons,_T,Total,_T,Total,H,Historical,1980,,683076,,A,Normal value,0,Units,0,Zero
DATAFLOW,OECD.ELS.SAE:DSD_POPULATION@DF_POP_HIST(1.0),Historical population data,I,CYP,Cyprus,POP,Population,PS,Persons,_T,Total,_T,Total,H,Historical,1981,,688893,,A,Normal value,0,Units,0,Zero
DATAFLOW,OECD.ELS.SAE:DSD_POPULATION@DF_POP_HIST(1.0),Historical population data,I,IND,India,POP,Population,PS,Persons,_T,Total,_T,Total,H,Historical,1969,,533880544,,A,Normal value,0,Units,0,Zero
DATAFLOW,OECD.ELS.SAE:DSD_POPULATION@DF_POP_HIST(1.0),Historical population data,I,IND,India,POP,Population,PS,Persons,_T,Total,_T,Total,H,Historical,1970,,545864268,,A,Normal value,0,Units,0,Zero
DATAFLOW,OECD.ELS.SAE:DSD_POPULATION@DF_POP_HIST(1.0),Historical population data,I,IND,India,POP,Population,PS,Persons,_T,Total,_T,Total,H,Historical,1971,,558096387,,A,Normal value,0,Units,0,Zero
DATAFLOW,OECD.ELS.SAE:DSD_POPULATION@DF_POP_HIST(1.0),Historical population data,I,IND,India,POP,Population,PS,Persons,_T,Total,_T,Total,H,Historical,1972,,570482142,,A,Normal value,0,Units,0,Zero
DATAFLOW,OECD.ELS.SAE:DSD_POPULATION@DF_POP_HIST(1.0),Historical population data,I,IND,India,POP,Population,PS,Persons,_T,Total,_T,Total,H,Historical,1973,,583465598,,A,Normal value,0,Units,0,Zero
DATAFLOW,OECD.ELS.SAE:DSD_POPULATION@DF_POP_HIST(1.0),Historical population data,I,IND,India,POP,Population,PS,Persons,_T,Total,_T,Total,H,Historical,1974,,597041391,,A,Normal value,0,Units,0,Zero
DATAFLOW,OECD.ELS.SAE:DSD_POPULATION@DF_POP_HIST(1.0),Historical population data,I,IND,India,POP,Population,PS,Persons,_T,Total,_T,Total,H,Historical,1975,,611309535,,A,Normal value,0,Units,0,Zero
DATAFLOW,OECD.ELS.SAE:DSD_POPULATION@DF_POP_HIST(1.0),Historical population data,I,IND,India,POP,Population,PS,Persons,_T,Total,_T,Total,H,Historical,1976,,625861883,,A,Normal value,0,Units,0,Zero
DATAFLOW,OECD.ELS.SAE:DSD_POPULATION@DF_POP_HIST(1.0),Historical population data,I,IND,India,POP,Population,PS,Persons,_T,Total,_T,Total,H,Historical,1977,,640801103,,A,Normal value,0,Units,0,Zero
DATAFLOW,OECD.ELS.SAE:DSD_POPULATION@DF_POP_HIST(1.0),Historical population data,I,IND,India,POP,Population,PS,Persons,_T,Total,_T,Total,H,Historical,1978,,655728229,,A,Normal value,0,Units,0,Zero
DATAFLOW,OECD.ELS.SAE:DSD_POPULATION@DF_POP_HIST(1.0),Historical population data,I,IND,India,POP,Population,PS,Persons,_T,Total,_T,Total,H,Historical,1979,,671155747,,A,Normal value,0,Units,0,Zero
DATAFLOW,OECD.ELS.SAE:DSD_POPULATION@DF_POP_HIST(1.0),Historical population data,I,IND,India,POP,Population,PS,Persons,_T,Total,_T,Total,H,Historical,1980,,687354025,,A,Normal value,0,Units,0,Zero
DATAFLOW,OECD.ELS.SAE:DSD_POPULATION@DF_POP_HIST(1.0),Historical population data,I,IND,India,POP,Population,PS,Persons,_T,Total,_T,Total,H,Historical,1981,,703696250,,A,Normal value,0,Units,0,Zero
DATAFLOW,OECD.ELS.SAE:DSD_POPULATION@DF_POP_HIST(1.0),Historical population data,I,IND,India,POP,Population,PS,Persons,_T,Total,_T,Total,H,Historical,1982,,720313473,,A,Normal value,0,Units,0,Zero
DATAFLOW,OECD.ELS.SAE:DSD_POPULATION@DF_POP_HIST(1.0),Historical population data,I,IND,India,POP,Population,PS,Persons,_T,Total,_T,Total,H,Historical,1983,,737372681,,A,Normal value,0,Units,0,Zero
DATAFLOW,OECD.ELS.SAE:DSD_POPULATION@DF_POP_HIST(1.0),Historical population data,I,IND,India,POP,Population,PS,Persons,_T,Total,_T,Total,H,Historical,1984,,754875449,,A,Normal value,0,Units,0,Zero
DATAFLOW,OECD.ELS.SAE:DSD_POPULATION@DF_POP_HIST(1.0),Historical population data,I,IND,India,POP,Population,PS,Persons,_T,Total,_T,Total,H,Historical,1985,,772647793,,A,Normal value,0,Units,0,Zero
DATAFLOW,OECD.ELS.SAE:DSD_POPULATION@DF_POP_HIST(1.0),Historical population data,I,IND,India,POP,Population,PS,Persons,_T,Total,_T,Total,H,Historical,1986,,790689978,,A,Normal value,0,Units,0,Zero
DATAFLOW,OECD.ELS.SAE:DSD_POPULATION@DF_POP_HIST(1.0),Historical population data,I,IND,India,POP,Population,PS,Persons,_T,Total,_T,Total,H,Historical,1987,,808931270,,A,Normal value,0,Units,0,Zero
DATAFLOW,OECD.ELS.SAE:DSD_POPULATION@DF_POP_HIST(1.0),Historical population data,I,IND,India,POP,Population,PS,Persons,_T,Total,_T,Total,H,Historical,1988,,827342990,,A,Normal value,0,Units,0,Zero
DATAFLOW,OECD.ELS.SAE:DSD_POPULATION@DF_POP_HIST(1.0),Historical population data,I,IND,India,POP,Population,PS,Persons,_T,Total,_T,Total,H,Historical,1989,,846039529,,A,Normal value,0,Units,0,Zero
DATAFLOW,OECD.ELS.SAE:DSD_POPULATION@DF_POP_HIST(1.0),Historical population data,I,IDN,Indonesia,POP,Population,PS,Persons,_T,Total,_T,Total,H,Historical,1969,,112517639,,A,Normal value,0,Units,0,Zero
DATAFLOW,OECD.ELS.SAE:DSD_POPULATION@DF_POP_HIST(1.0),Historical population data,I,IDN,Indonesia,POP,Population,PS,Persons,_T,Total,_T,Total,H,Historical,1970,,115657495,,A,Normal value,0,Units,0,Zero
DATAFLOW,OECD.ELS.SAE:DSD_POPULATION@DF_POP_HIST(1.0),Historical population data,I,IDN,Indonesia,POP,Population,PS,Persons,_T,Total,_T,Total,H,Historical,1971,,118833702,,A,Normal value,0,Units,0,Zero
DATAFLOW,OECD.ELS.SAE:DSD_POPULATION@DF_POP_HIST(1.0),Historical population data,I,IDN,Indonesia,POP,Population,PS,Persons,_T,Total,_T,Total,H,Historical,1972,,122039841,,A,Normal value,0,Units,0,Zero
DATAFLOW,OECD.ELS.SAE:DSD_POPULATION@DF_POP_HIST(1.0),Historical population data,I,IDN,Indonesia,POP,Population,PS,Persons,_T,Total,_T,Total,H,Historical,1973,,125288515,,A,Normal value,0,Units,0,Zero
DATAFLOW,OECD.ELS.SAE:DSD_POPULATION@DF_POP_HIST(1.0),Historical population data,I,IDN,Indonesia,POP,Population,PS,Persons,_T,Total,_T,Total,H,Historical,1974,,128555045,,A,Normal value,0,Units,0,Zero
DATAFLOW,OECD.ELS.SAE:DSD_POPULATION@DF_POP_HIST(1.0),Historical population data,I,IDN,Indonesia,POP,Population,PS,Persons,_T,Total,_T,Total,H,Historical,1975,,131843848,,A,Normal value,0,Units,0,Zero
DATAFLOW,OECD.ELS.SAE:DSD_POPULATION@DF_POP_HIST(1.0),Historical population data,I,IDN,Indonesia,POP,Population,PS,Persons,_T,Total,_T,Total,H,Historical,1976,,135173655,,A,Normal value,0,Units,0,Zero
DATAFLOW,OECD.ELS.SAE:DSD_POPULATION@DF_POP_HIST(1.0),Historical population data,I,IDN,Indonesia,POP,Population,PS,Persons,_T,Total,_T,Total,H,Historical,1977,,138533541,,A,Normal value,0,Units,0,Zero
DATAFLOW,OECD.ELS.SAE:DSD_POPULATION@DF_POP_HIST(1.0),Historical population data,I,IDN,Indonesia,POP,Population,PS,Persons,_T,Total,_T,Total,H,Historical,1978,,141953163,,A,Normal value,0,Units,0,Zero
DATAFLOW,OECD.ELS.SAE:DSD_POPULATION@DF_POP_HIST(1.0),Historical population data,I,IDN,Indonesia,POP,Population,PS,Persons,_T,Total,_T,Total,H,Historical,1979,,145434834,,A,Normal value,0,Units,0,Zero
DATAFLOW,OECD.ELS.SAE:DSD_POPULATION@DF_POP_HIST(1.0),Historical population data,I,IDN,Indonesia,POP,Population,PS,Persons,_T,Total,_T,Total,H,Historical,1980,,148950540,,A,Normal value,0,Units,0,Zero
DATAFLOW,OECD.ELS.SAE:DSD_POPULATION@DF_POP_HIST(1.0),Historical population data,I,IDN,Indonesia,POP,Population,PS,Persons,_T,Total,_T,Total,H,Historical,1981,,152485035,,A,Normal value,0,Units,0,Zero
DATAFLOW,OECD.ELS.SAE:DSD_POPULATION@DF_POP_HIST(1.0),Historical population data,I,IDN,Indonesia,POP,Population,PS,Persons,_T,Total,_T,Total,H,Historical,1982,,156052152,,A,Normal value,0,Units,0,Zero
DATAFLOW,OECD.ELS.SAE:DSD_POPULATION@DF_POP_HIST(1.0),Historical population data,I,IDN,Indonesia,POP,Population,PS,Persons,_T,Total,_T,Total,H,Historical,1983,,159651381,,A,Normal value,0,Units,0,Zero
DATAFLOW,OECD.ELS.SAE:DSD_POPULATION@DF_POP_HIST(1.0),Historical population data,I,IDN,Indonesia,POP,Population,PS,Persons,_T,Total,_T,Total,H,Historical,1984,,163251124,,A,Normal value,0,Units,0,Zero
DATAFLOW,OECD.ELS.SAE:DSD_POPULATION@DF_POP_HIST(1.0),Historical population data,I,IDN,Indonesia,POP,Population,PS,Persons,_T,Total,_T,Total,H,Historical,1985,,166776185,,A,Normal value,0,Units,0,Zero
DATAFLOW,OECD.ELS.SAE:DSD_POPULATION@DF_POP_HIST(1.0),Historical population data,I,IDN,Indonesia,POP,Population,PS,Persons,_T,Total,_T,Total,H,Historical,1986,,170175065,,A,Normal value,0,Units,0,Zero
DATAFLOW,OECD.ELS.SAE:DSD_POPULATION@DF_POP_HIST(1.0),Historical population data,I,IDN,Indonesia,POP,Population,PS,Persons,_T,Total,_T,Total,H,Historical,1987,,173511154,,A,Normal value,0,Units,0,Zero
DATAFLOW,OECD.ELS.SAE:DSD_POPULATION@DF_POP_HIST(1.0),Historical population data,I,IDN,Indonesia,POP,Population,PS,Persons,_T,Total,_T,Total,H,Historical,1988,,176855065,,A,Normal value,0,Units,0,Zero
DATAFLOW,OECD.ELS.SAE:DSD_POPULATION@DF_POP_HIST(1.0),Historical population data,I,IDN,Indonesia,POP,Population,PS,Persons,_T,Total,_T,Total,H,Historical,1989,,180201630,,A,Normal value,0,Units,0,Zero
DATAFLOW,OECD.ELS.SAE:DSD_POPULATION@DF_POP_HIST(1.0),Historical population data,I,MLT,Malta,POP,Population,PS,Persons,_T,Total,_T,Total,H,Historical,1969,,324753,,A,Normal value,0,Units,0,Zero
DATAFLOW,OECD.ELS.SAE:DSD_POPULATION@DF_POP_HIST(1.0),Historical population data,I,MLT,Malta,POP,Population,PS,Persons,_T,Total,_T,Total,H,Historical,1970,,326011,,A,Normal value,0,Units,0,Zero
DATAFLOW,OECD.ELS.SAE:DSD_POPULATION@DF_POP_HIST(1.0),Historical population data,I,MLT,Malta,POP,Population,PS,Persons,_T,Total,_T,Total,H,Historical,1971,,327293,,A,Normal value,0,Units,0,Zero
DATAFLOW,OECD.ELS.SAE:DSD_POPULATION@DF_POP_HIST(1.0),Historical population data,I,MLT,Malta,POP,Population,PS,Persons,_T,Total,_T,Total,H,Historical,1972,,328609,,A,Normal value,0,Units,0,Zero
DATAFLOW,OECD.ELS.SAE:DSD_POPULATION@DF_POP_HIST(1.0),Historical population data,I,MLT,Malta,POP,Population,PS,Persons,_T,Total,_T,Total,H,Historical,1973,,330053,,A,Normal value,0,Units,0,Zero
DATAFLOW,OECD.ELS.SAE:DSD_POPULATION@DF_POP_HIST(1.0),Historical population data,I,MLT,Malta,POP,Population,PS,Persons,_T,Total,_T,Total,H,Historical,1974,,331679,,A,Normal value,0,Units,0,Zero
DATAFLOW,OECD.ELS.SAE:DSD_POPULATION@DF_POP_HIST(1.0),Historical population data,I,MLT,Malta,POP,Population,PS,Persons,_T,Total,_T,Total,H,Historical,1975,,333450,,A,Normal value,0,Units,0,Zero
DATAFLOW,OECD.ELS.SAE:DSD_POPULATION@DF_POP_HIST(1.0),Historical population data,I,MLT,Malta,POP,Population,PS,Persons,_T,Total,_T,Total,H,Historical,1976,,335286,,A,Normal value,0,Units,0,Zero
DATAFLOW,OECD.ELS.SAE:DSD_POPULATION@DF_POP_HIST(1.0),Historical population data,I,MLT,Malta,POP,Population,PS,Persons,_T,Total,_T,Total,H,Historical,1977,,337161,,A,Normal value,0,Units,0,Zero
DATAFLOW,OECD.ELS.SAE:DSD_POPULATION@DF_POP_HIST(1.0),Historical population data,I,MLT,Malta,POP,Population,PS,Persons,_T,Total,_T,Total,H,Historical,1978,,339061,,A,Normal value,0,Units,0,Zero
DATAFLOW,OECD.ELS.SAE:DSD_POPULATION@DF_POP_HIST(1.0),Historical population data,I,MLT,Malta,POP,Population,PS,Persons,_T,Total,_T,Total,H,Historical,1979,,340971,,A,Normal value,0,Units,0,Zero
DATAFLOW,OECD.ELS.SAE:DSD_POPULATION@DF_POP_HIST(1.0),Historical population data,I,MLT,Malta,POP,Population,PS,Persons,_T,Total,_T,Total,H,Historical,1980,,342877,,A,Normal value,0,Units,0,Zero
DATAFLOW,OECD.ELS.SAE:DSD_POPULATION@DF_POP_HIST(1.0),Historical population data,I,MLT,Malta,POP,Population,PS,Persons,_T,Total,_T,Total,H,Historical,1981,,344752,,A,Normal value,0,Units,0,Zero
DATAFLOW,OECD.ELS.SAE:DSD_POPULATION@DF_POP_HIST(1.0),Historical population data,I,MLT,Malta,POP,Population,PS,Persons,_T,Total,_T,Total,H,Historical,1982,,346644,,A,Normal value,0,Units,0,Zero
DATAFLOW,OECD.ELS.SAE:DSD_POPULATION@DF_POP_HIST(1.0),Historical population data,I,MLT,Malta,POP,Population,PS,Persons,_T,Total,_T,Total,H,Historical,1983,,348591,,A,Normal value,0,Units,0,Zero
DATAFLOW,OECD.ELS.SAE:DSD_POPULATION@DF_POP_HIST(1.0),Historical population data,I,RUS,Russia,POP,Population,PS,Persons,_T,Total,_T,Total,H,Historical,1969,,129762187,,A,Normal value,0,Units,0,Zero
DATAFLOW,OECD.ELS.SAE:DSD_POPULATION@DF_POP_HIST(1.0),Historical population data,I,RUS,Russia,POP,Population,PS,Persons,_T,Total,_T,Total,H,Historical,1970,,130367189,,A,Normal value,0,Units,0,Zero
DATAFLOW,OECD.ELS.SAE:DSD_POPULATION@DF_POP_HIST(1.0),Historical population data,I,RUS,Russia,POP,Population,PS,Persons,_T,Total,_T,Total,H,Historical,1971,,130987113,,A,Normal value,0,Units,0,Zero
DATAFLOW,OECD.ELS.SAE:DSD_POPULATION@DF_POP_HIST(1.0),Historical population data,I,RUS,Russia,POP,Population,PS,Persons,_T,Total,_T,Total,H,Historical,1972,,131726419,,A,Normal value,0,Units,0,Zero
DATAFLOW,OECD.ELS.SAE:DSD_POPULATION@DF_POP_HIST(1.0),Historical population data,I,RUS,Russia,POP,Population,PS,Persons,_T,Total,_T,Total,H,Historical,1973,,132475149,,A,Normal value,0,Units,0,Zero
DATAFLOW,OECD.ELS.SAE:DSD_POPULATION@DF_POP_HIST(1.0),Historical population data,I,RUS,Russia,POP,Population,PS,Persons,_T,Total,_T,Total,H,Historical,1974,,133259158,,A,Normal value,0,Units,0,Zero
DATAFLOW,OECD.ELS.SAE:DSD_POPULATION@DF_POP_HIST(1.0),Historical population data,I,RUS,Russia,POP,Population,PS,Persons,_T,Total,_T,Total,H,Historical,1975,,134136098,,A,Normal value,0,Units,0,Zero
DATAFLOW,OECD.ELS.SAE:DSD_POPULATION@DF_POP_HIST(1.0),Historical population data,I,RUS,Russia,POP,Population,PS,Persons,_T,Total,_T,Total,H,Historical,1976,,135080690,,A,Normal value,0,Units,0,Zero
DATAFLOW,OECD.ELS.SAE:DSD_POPULATION@DF_POP_HIST(1.0),Historical population data,I,RUS,Russia,POP,Population,PS,Persons,_T,Total,_T,Total,H,Historical,1977,,136040976,,A,Normal value,0,Units,0,Zero
DATAFLOW,OECD.ELS.SAE:DSD_POPULATION@DF_POP_HIST(1.0),Historical population data,I,RUS,Russia,POP,Population,PS,Persons,_T,Total,_T,Total,H,Historical,1978,,136979087,,A,Normal value,0,Units,0,Zero
DATAFLOW,OECD.ELS.SAE:DSD_POPULATION@DF_POP_HIST(1.0),Historical population data,I,RUS,Russia,POP,Population,PS,Persons,_T,Total,_T,Total,H,Historical,1979,,137816541,,A,Normal value,0,Units,0,Zero
DATAFLOW,OECD.ELS.SAE:DSD_POPULATION@DF_POP_HIST(1.0),Historical population data,I,RUS,Russia,POP,Population,PS,Persons,_T,Total,_T,Total,H,Historical,1980,,138572623,,A,Normal value,0,Units,0,Zero
DATAFLOW,OECD.ELS.SAE:DSD_POPULATION@DF_POP_HIST(1.0),Historical population data,I,RUS,Russia,POP,Population,PS,Persons,_T,Total,_T,Total,H,Historical,1981,,139351498,,A,Normal value,0,Units,0,Zero
DATAFLOW,OECD.ELS.SAE:DSD_POPULATION@DF_POP_HIST(1.0),Historical population data,I,RUS,Russia,POP,Population,PS,Persons,_T,Total,_T,Total,H,Historical,1982,,140247748,,A,Normal value,0,Units,0,Zero
DATAFLOW,OECD.ELS.SAE:DSD_POPULATION@DF_POP_HIST(1.0),Historical population data,I,RUS,Russia,POP,Population,PS,Persons,_T,Total,_T,Total,H,Historical,1983,,141331278,,A,Normal value,0,Units,0,Zero
DATAFLOW,OECD.ELS.SAE:DSD_POPULATION@DF_POP_HIST(1.0),Historical population data,I,RUS,Russia,POP,Population,PS,Persons,_T,Total,_T,Total,H,Historical,1984,,142464239,,A,Normal value,0,Units,0,Zero
DATAFLOW,OECD.ELS.SAE:DSD_POPULATION@DF_POP_HIST(1.0),Historical population data,I,RUS,Russia,POP,Population,PS,Persons,_T,Total,_T,Total,H,Historical,1985,,143569389,,A,Normal value,0,Units,0,Zero
DATAFLOW,OECD.ELS.SAE:DSD_POPULATION@DF_POP_HIST(1.0),Historical population data,I,RUS,Russia,POP,Population,PS,Persons,_T,Total,_T,Total,H,Historical,1986,,144807813,,A,Normal value,0,Units,0,Zero
DATAFLOW,OECD.ELS.SAE:DSD_POPULATION@DF_POP_HIST(1.0),Historical population data,I,RUS,Russia,POP,Population,PS,Persons,_T,Total,_T,Total,H,Historical,1987,,146147383,,A,Normal value,0,Units,0,Zero
DATAFLOW,OECD.ELS.SAE:DSD_POPULATION@DF_POP_HIST(1.0),Historical population data,I,RUS,Russia,POP,Population,PS,Persons,_T,Total,_T,Total,H,Historical,1988,,147364489,,A,Normal value,0,Units,0,Zero
DATAFLOW,OECD.ELS.SAE:DSD_POPULATION@DF_POP_HIST(1.0),Historical population data,I,RUS,Russia,POP,Population,PS,Persons,_T,Total,_T,Total,H,Historical,1989,,148281866,,A,Normal value,0,Units,0,Zero
DATAFLOW,OECD.ELS.SAE:DSD_POPULATION@DF_POP_HIST(1.0),Historical population data,I,SAU,Saudi Arabia,POP,Population,PS,Persons,_T,Total,_T,Total,H,Historical,1969,,3417114,,A,Normal value,0,Units,0,Zero
DATAFLOW,OECD.ELS.SAE:DSD_POPULATION@DF_POP_HIST(1.0),Historical population data,I,SAU,Saudi Arabia,POP,Population,PS,Persons,_T,Total,_T,Total,H,Historical,1970,,3562470,,A,Normal value,0,Units,0,Zero
DATAFLOW,OECD.ELS.SAE:DSD_POPULATION@DF_POP_HIST(1.0),Historical population data,I,SAU,Saudi Arabia,POP,Population,PS,Persons,_T,Total,_T,Total,H,Historical,1971,,3724031,,A,Normal value,0,Units,0,Zero
DATAFLOW,OECD.ELS.SAE:DSD_POPULATION@DF_POP_HIST(1.0),Historical population data,I,SAU,Saudi Arabia,POP,Population,PS,Persons,_T,Total,_T,Total,H,Historical,1972,,3905722,,A,Normal value,0,Units,0,Zero
DATAFLOW,OECD.ELS.SAE:DSD_POPULATION@DF_POP_HIST(1.0),Historical population data,I,SAU,Saudi Arabia,POP,Population,PS,Persons,_T,Total,_T,Total,H,Historical,1973,,4106344,,A,Normal value,0,Units,0,Zero
DATAFLOW,OECD.ELS.SAE:DSD_POPULATION@DF_POP_HIST(1.0),Historical population data,I,SAU,Saudi Arabia,POP,Population,PS,Persons,_T,Total,_T,Total,H,Historical,1974,,4323632,,A,Normal value,0,Units,0,Zero
DATAFLOW,OECD.ELS.SAE:DSD_POPULATION@DF_POP_HIST(1.0),Historical population data,I,SAU,Saudi Arabia,POP,Population,PS,Persons,_T,Total,_T,Total,H,Historical,1975,,4556287,,A,Normal value,0,Units,0,Zero
DATAFLOW,OECD.ELS.SAE:DSD_POPULATION@DF_POP_HIST(1.0),Historical population data,I,SAU,Saudi Arabia,POP,Population,PS,Persons,_T,Total,_T,Total,H,Historical,1976,,4807933,,A,Normal value,0,Units,0,Zero
DATAFLOW,OECD.ELS.SAE:DSD_POPULATION@DF_POP_HIST(1.0),Historical population data,I,SAU,Saudi Arabia,POP,Population,PS,Persons,_T,Total,_T,Total,H,Historical,1977,,5083048,,A,Normal value,0,Units,0,Zero
DATAFLOW,OECD.ELS.SAE:DSD_POPULATION@DF_POP_HIST(1.0),Historical population data,I,SAU,Saudi Arabia,POP,Population,PS,Persons,_T,Total,_T,Total,H,Historical,1978,,5381902,,A,Normal value,0,Units,0,Zero
DATAFLOW,OECD.ELS.SAE:DSD_POPULATION@DF_POP_HIST(1.0),Historical population data,I,SAU,Saudi Arabia,POP,Population,PS,Persons,_T,Total,_T,Total,H,Historical,1979,,5703698,,A,Normal value,0,Units,0,Zero
DATAFLOW,OECD.ELS.SAE:DSD_POPULATION@DF_POP_HIST(1.0),Historical population data,I,SAU,Saudi Arabia,POP,Population,PS,Persons,_T,Total,_T,Total,H,Historical,1980,,6047997,,A,Normal value,0,Units,0,Zero
DATAFLOW,OECD.ELS.SAE:DSD_POPULATION@DF_POP_HIST(1.0),Historical population data,I,SAU,Saudi Arabia,POP,Population,PS,Persons,_T,Total,_T,Total,H,Historical,1981,,6420551,,A,Normal value,0,Units,0,Zero
DATAFLOW,OECD.ELS.SAE:DSD_POPULATION@DF_POP_HIST(1.0),Historical population data,I,SAU,Saudi Arabia,POP,Population,PS,Persons,_T,Total,_T,Total,H,Historical,1982,,6824486,,A,Normal value,0,Units,0,Zero
DATAFLOW,OECD.ELS.SAE:DSD_POPULATION@DF_POP_HIST(1.0),Historical population data,I,SAU,Saudi Arabia,POP,Population,PS,Persons,_T,Total,_T,Total,H,Historical,1983,,7252941,,A,Normal value,0,Units,0,Zero
DATAFLOW,OECD.ELS.SAE:DSD_POPULATION@DF_POP_HIST(1.0),Historical population data,I,SAU,Saudi Arabia,POP,Population,PS,Persons,_T,Total,_T,Total,H,Historical,1984,,7697307,,A,Normal value,0,Units,0,Zero
DATAFLOW,OECD.ELS.SAE:DSD_POPULATION@DF_POP_HIST(1.0),Historical population data,I,SAU,Saudi Arabia,POP,Population,PS,Persons,_T,Total,_T,Total,H,Historical,1985,,8151779,,A,Normal value,0,Units,0,Zero
DATAFLOW,OECD.ELS.SAE:DSD_POPULATION@DF_POP_HIST(1.0),Historical population data,I,SAU,Saudi Arabia,POP,Population,PS,Persons,_T,Total,_T,Total,H,Historical,1986,,8628639,,A,Normal value,0,Units,0,Zero
DATAFLOW,OECD.ELS.SAE:DSD_POPULATION@DF_POP_HIST(1.0),Historical population data,I,SAU,Saudi Arabia,POP,Population,PS,Persons,_T,Total,_T,Total,H,Historical,1987,,9130194,,A,Normal value,0,Units,0,Zero
DATAFLOW,OECD.ELS.SAE:DSD_POPULATION@DF_POP_HIST(1.0),Historical population data,I,SAU,Saudi Arabia,POP,Population,PS,Persons,_T,Total,_T,Total,H,Historical,1988,,9629165,,A,Normal value,0,Units,0,Zero
DATAFLOW,OECD.ELS.SAE:DSD_POPULATION@DF_POP_HIST(1.0),Historical population data,I,SAU,Saudi Arabia,POP,Population,PS,Persons,_T,Total,_T,Total,H,Historical,1989,,10128394,,A,Normal value,0,Units,0,Zero
DATAFLOW,OECD.ELS.SAE:DSD_POPULATION@DF_POP_HIST(1.0),Historical population data,I,ZAF,South Africa,POP,Population,PS,Persons,_T,Total,_T,Total,H,Historical,1969,,21614676,,A,Normal value,0,Units,0,Zero
DATAFLOW,OECD.ELS.SAE:DSD_POPULATION@DF_POP_HIST(1.0),Historical population data,I,ZAF,South Africa,POP,Population,PS,Persons,_T,Total,_T,Total,H,Historical,1970,,22279984,,A,Normal value,0,Units,0,Zero
DATAFLOW,OECD.ELS.SAE:DSD_POPULATION@DF_POP_HIST(1.0),Historical population data,I,ZAF,South Africa,POP,Population,PS,Persons,_T,Total,_T,Total,H,Historical,1971,,22942143,,A,Normal value,0,Units,0,Zero
DATAFLOW,OECD.ELS.SAE:DSD_POPULATION@DF_POP_HIST(1.0),Historical population data,I,ZAF,South Africa,POP,Population,PS,Persons,_T,Total,_T,Total,H,Historical,1972,,23609456,,A,Normal value,0,Units,0,Zero
DATAFLOW,OECD.ELS.SAE:DSD_POPULATION@DF_POP_HIST(1.0),Historical population data,I,ZAF,South Africa,POP,Population,PS,Persons,_T,Total,_T,Total,H,Historical,1973,,24294263,,A,Normal value,0,Units,0,Zero
DATAFLOW,OECD.ELS.SAE:DSD_POPULATION@DF_POP_HIST(1.0),Historical population data,I,ZAF,South Africa,POP,Population,PS,Persons,_T,Total,_T,Total,H,Historical,1974,,24989108,,A,Normal value,0,Units,0,Zero
DATAFLOW,OECD.ELS.SAE:DSD_POPULATION@DF_POP_HIST(1.0),Historical population data,I,ZAF,South Africa,POP,Population,PS,Persons,_T,Total,_T,Total,H,Historical,1975,,25690940,,A,Normal value,0,Units,0,Zero
DATAFLOW,OECD.ELS.SAE:DSD_POPULATION@DF_POP_HIST(1.0),Historical population data,I,ZAF,South Africa,POP,Population,PS,Persons,_T,Total,_T,Total,H,Historical,1976,,26395450,,A,Normal value,0,Units,0,Zero
DATAFLOW,OECD.ELS.SAE:DSD_POPULATION@DF_POP_HIST(1.0),Historical population data,I,ZAF,South Africa,POP,Population,PS,Persons,_T,Total,_T,Total,H,Historical,1977,,27118952,,A,Normal value,0,Units,0,Zero
DATAFLOW,OECD.ELS.SAE:DSD_POPULATION@DF_POP_HIST(1.0),Historical population data,I,ZAF,South Africa,POP,Population,PS,Persons,_T,Total,_T,Total,H,Historical,1978,,27869507,,A,Normal value,0,Units,0,Zero
DATAFLOW,OECD.ELS.SAE:DSD_POPULATION@DF_POP_HIST(1.0),Historical population data,I,ZAF,South Africa,POP,Population,PS,Persons,_T,Total,_T,Total,H,Historical,1979,,28634162,,A,Normal value,0,Units,0,Zero
DATAFLOW,OECD.ELS.SAE:DSD_POPULATION@DF_POP_HIST(1.0),Historical population data,I,ZAF,South Africa,POP,Population,PS,Persons,_T,Total,_T,Total,H,Historical,1980,,29518857,,A,Normal value,0,Units,0,Zero
DATAFLOW,OECD.ELS.SAE:DSD_POPULATION@DF_POP_HIST(1.0),Historical population data,I,ZAF,South Africa,POP,Population,PS,Persons,_T,Total,_T,Total,H,Historical,1981,,30541044,,A,Normal value,0,Units,0,Zero
DATAFLOW,OECD.ELS.SAE:DSD_POPULATION@DF_POP_HIST(1.0),Historical population data,I,ZAF,South Africa,POP,Population,PS,Persons,_T,Total,_T,Total,H,Historical,1982,,31615339,,A,Normal value,0,Units,0,Zero
DATAFLOW,OECD.ELS.SAE:DSD_POPULATION@DF_POP_HIST(1.0),Historical population data,I,ZAF,South Africa,POP,Population,PS,Persons,_T,Total,_T,Total,H,Historical,1983,,32739304,,A,Normal value,0,Units,0,Zero
DATAFLOW,OECD.ELS.SAE:DSD_POPULATION@DF_POP_HIST(1.0),Historical population data,I,ZAF,South Africa,POP,Population,PS,Persons,_T,Total,_T,Total,H,Historical,1984,,33892788,,A,Normal value,0,Units,0,Zero
DATAFLOW,OECD.ELS.SAE:DSD_POPULATION@DF_POP_HIST(1.0),Historical population data,I,ZAF,South Africa,POP,Population,PS,Persons,_T,Total,_T,Total,H,Historical,1985,,35042093,,A,Normal value,0,Units,0,Zero
DATAFLOW,OECD.ELS.SAE:DSD_POPULATION@DF_POP_HIST(1.0),Historical population data,I,ZAF,South Africa,POP,Population,PS,Persons,_T,Total,_T,Total,H,Historical,1986,,36180515,,A,Normal value,0,Units,0,Zero
DATAFLOW,OECD.ELS.SAE:DSD_POPULATION@DF_POP_HIST(1.0),Historical population data,I,ZAF,South Africa,POP,Population,PS,Persons,_T,Total,_T,Total,H,Historical,1987,,37326190,,A,Normal value,0,Units,0,Zero
DATAFLOW,OECD.ELS.SAE:DSD_POPULATION@DF_POP_HIST(1.0),Historical population data,I,ZAF,South Africa,POP,Population,PS,Persons,_T,Total,_T,Total,H,Historical,1988,,38480649,,A,Normal value,0,Units,0,Zero
DATAFLOW,OECD.ELS.SAE:DSD_POPULATION@DF_POP_HIST(1.0),Historical population data,I,ZAF,South Africa,POP,Population,PS,Persons,_T,Total,_T,Total,H,Historical,1989,,39628575,,A,Normal value,0,Units,0,Zero
DATAFLOW,OECD.ELS.SAE:DSD_POPULATION@DF_POP_HIST(1.0),Historical population data,I,W,World,POP,Population,PS,Persons,_T,Total,_T,Total,H,Historical,1969,,3619490000,,A,Normal value,0,Units,0,Zero
DATAFLOW,OECD.ELS.SAE:DSD_POPULATION@DF_POP_HIST(1.0),Historical population data,I,W,World,POP,Population,PS,Persons,_T,Total,_T,Total,H,Historical,1970,,3694680000,,A,Normal value,0,Units,0,Zero
DATAFLOW,OECD.ELS.SAE:DSD_POPULATION@DF_POP_HIST(1.0),Historical population data,I,W,World,POP,Population,PS,Persons,_T,Total,_T,Total,H,Historical,1971,,3769850000,,A,Normal value,0,Units,0,Zero
DATAFLOW,OECD.ELS.SAE:DSD_POPULATION@DF_POP_HIST(1.0),Historical population data,I,W,World,POP,Population,PS,Persons,_T,Total,_T,Total,H,Historical,1972,,3844920000,,A,Normal value,0,Units,0,Zero
DATAFLOW,OECD.ELS.SAE:DSD_POPULATION@DF_POP_HIST(1.0),Historical population data,I,W,World,POP,Population,PS,Persons,_T,Total,_T,Total,H,Historical,1973,,3920810000,,A,Normal value,0,Units,0,Zero
DATAFLOW,OECD.ELS.SAE:DSD_POPULATION@DF_POP_HIST(1.0),Historical population data,I,W,World,POP,Population,PS,Persons,_T,Total,_T,Total,H,Historical,1974,,3996420000,,A,Normal value,0,Units,0,Zero
DATAFLOW,OECD.ELS.SAE:DSD_POPULATION@DF_POP_HIST(1.0),Historical population data,I,W,World,POP,Population,PS,Persons,_T,Total,_T,Total,H,Historical,1975,,4070740000,,A,Normal value,0,Units,0,Zero
DATAFLOW,OECD.ELS.SAE:DSD_POPULATION@DF_POP_HIST(1.0),Historical population data,I,W,World,POP,Population,PS,Persons,_T,Total,_T,Total,H,Historical,1976,,4144250000,,A,Normal value,0,Units,0,Zero
DATAFLOW,OECD.ELS.SAE:DSD_POPULATION@DF_POP_HIST(1.0),Historical population data,I,W,World,POP,Population,PS,Persons,_T,Total,_T,Total,H,Historical,1977,,4217860000,,A,Normal value,0,Units,0,Zero
DATAFLOW,OECD.ELS.SAE:DSD_POPULATION@DF_POP_HIST(1.0),Historical population data,I,W,World,POP,Population,PS,Persons,_T,Total,_T,Total,H,Historical,1978,,4292100000,,A,Normal value,0,Units,0,Zero
DATAFLOW,OECD.ELS.SAE:DSD_POPULATION@DF_POP_HIST(1.0),Historical population data,I,W,World,POP,Population,PS,Persons,_T,Total,_T,Total,H,Historical,1979,,4368540000,,A,Normal value,0,Units,0,Zero
DATAFLOW,OECD.ELS.SAE:DSD_POPULATION@DF_POP_HIST(1.0),Historical population data,I,W,World,POP,Population,PS,Persons,_T,Total,_T,Total,H,Historical,1980,,4447610000,,A,Normal value,0,Units,0,Zero
DATAFLOW,OECD.ELS.SAE:DSD_POPULATION@DF_POP_HIST(1.0),Historical population data,I,W,World,POP,Population,PS,Persons,_T,Total,_T,Total,H,Historical,1981,,4528780000,,A,Normal value,0,Units,0,Zero
DATAFLOW,OECD.ELS.SAE:DSD_POPULATION@DF_POP_HIST(1.0),Historical population data,I,W,World,POP,Population,PS,Persons,_T,Total,_T,Total,H,Historical,1982,,4612670000,,A,Normal value,0,Units,0,Zero
DATAFLOW,OECD.ELS.SAE:DSD_POPULATION@DF_POP_HIST(1.0),Historical population data,I,W,World,POP,Population,PS,Persons,_T,Total,_T,Total,H,Historical,1983,,4697330000,,A,Normal value,0,Units,0,Zero
DATAFLOW,OECD.ELS.SAE:DSD_POPULATION@DF_POP_HIST(1.0),Historical population data,I,W,World,POP,Population,PS,Persons,_T,Total,_T,Total,H,Historical,1984,,4782180000,,A,Normal value,0,Units,0,Zero
DATAFLOW,OECD.ELS.SAE:DSD_POPULATION@DF_POP_HIST(1.0),Historical population data,I,W,World,POP,Population,PS,Persons,_T,Total,_T,Total,H,Historical,1985,,4868940000,,A,Normal value,0,Units,0,Zero
DATAFLOW,OECD.ELS.SAE:DSD_POPULATION@DF_POP_HIST(1.0),Historical population data,I,W,World,POP,Population,PS,Persons,_T,Total,_T,Total,H,Historical,1986,,4958070000,,A,Normal value,0,Units,0,Zero
DATAFLOW,OECD.ELS.SAE:DSD_POPULATION@DF_POP_HIST(1.0),Historical population data,I,W,World,POP,Population,PS,Persons,_T,Total,_T,Total,H,Historical,1987,,5049750000,,A,Normal value,0,Units,0,Zero
DATAFLOW,OECD.ELS.SAE:DSD_POPULATION@DF_POP_HIST(1.0),Historical population data,I,W,World,POP,Population,PS,Persons,_T,Total,_T,Total,H,Historical,1988,,5141990000,,A,Normal value,0,Units,0,Zero
DATAFLOW,OECD.ELS.SAE:DSD_POPULATION@DF_POP_HIST(1.0),Historical population data,I,W,World,POP,Population,PS,Persons,_T,Total,_T,Total,H,Historical,1989,,5234430000,,A,Normal value,0,Units,0,Zero
DATAFLOW,OECD.ELS.SAE:DSD_POPULATION@DF_POP_HIST(1.0),Historical population data,I,MEX,Mexico,POP,Population,PS,Persons,_T,Total,_T,Total,H,Historical,1990,,84502988,,A,Normal value,0,Units,0,Zero
DATAFLOW,OECD.ELS.SAE:DSD_POPULATION@DF_POP_HIST(1.0),Historical population data,I,MEX,Mexico,POP,Population,PS,Persons,_T,Total,_T,Total,H,Historical,1991,,86127477,,A,Normal value,0,Units,0,Zero
DATAFLOW,OECD.ELS.SAE:DSD_POPULATION@DF_POP_HIST(1.0),Historical population data,I,MEX,Mexico,POP,Population,PS,Persons,_T,Total,_T,Total,H,Historical,1992,,87753131,,A,Normal value,0,Units,0,Zero
DATAFLOW,OECD.ELS.SAE:DSD_POPULATION@DF_POP_HIST(1.0),Historical population data,I,MEX,Mexico,POP,Population,PS,Persons,_T,Total,_T,Total,H,Historical,1993,,89364560,,A,Normal value,0,Units,0,Zero
DATAFLOW,OECD.ELS.SAE:DSD_POPULATION@DF_POP_HIST(1.0),Historical population data,I,MEX,Mexico,POP,Population,PS,Persons,_T,Total,_T,Total,H,Historical,1994,,90953505,,A,Normal value,0,Units,0,Zero
DATAFLOW,OECD.ELS.SAE:DSD_POPULATION@DF_POP_HIST(1.0),Historical population data,I,MEX,Mexico,POP,Population,PS,Persons,_T,Total,_T,Total,H,Historical,1995,,92506744,,A,Normal value,0,Units,0,Zero
DATAFLOW,OECD.ELS.SAE:DSD_POPULATION@DF_POP_HIST(1.0),Historical population data,I,MEX,Mexico,POP,Population,PS,Persons,_T,Total,_T,Total,H,Historical,1996,,94005638,,A,Normal value,0,Units,0,Zero
DATAFLOW,OECD.ELS.SAE:DSD_POPULATION@DF_POP_HIST(1.0),Historical population data,I,MEX,Mexico,POP,Population,PS,Persons,_T,Total,_T,Total,H,Historical,1997,,95438019,,A,Normal value,0,Units,0,Zero
DATAFLOW,OECD.ELS.SAE:DSD_POPULATION@DF_POP_HIST(1.0),Historical population data,I,MEX,Mexico,POP,Population,PS,Persons,_T,Total,_T,Total,H,Historical,1998,,96799183,,A,Normal value,0,Units,0,Zero
DATAFLOW,OECD.ELS.SAE:DSD_POPULATION@DF_POP_HIST(1.0),Historical population data,I,MEX,Mexico,POP,Population,PS,Persons,_T,Total,_T,Total,H,Historical,1999,,98085415,,A,Normal value,0,Units,0,Zero
DATAFLOW,OECD.ELS.SAE:DSD_POPULATION@DF_POP_HIST(1.0),Historical population data,I,MEX,Mexico,POP,Population,PS,Persons,_T,Total,_T,Total,H,Historical,2000,,99368858,,A,Normal value,0,Units,0,Zero
DATAFLOW,OECD.ELS.SAE:DSD_POPULATION@DF_POP_HIST(1.0),Historical population data,I,MEX,Mexico,POP,Population,PS,Persons,_T,Total,_T,Total,H,Historical,2001,,100739263,,A,Normal value,0,Units,0,Zero
DATAFLOW,OECD.ELS.SAE:DSD_POPULATION@DF_POP_HIST(1.0),Historical population data,I,MEX,Mexico,POP,Population,PS,Persons,_T,Total,_T,Total,H,Historical,2002,,102167274,,A,Normal value,0,Units,0,Zero
DATAFLOW,OECD.ELS.SAE:DSD_POPULATION@DF_POP_HIST(1.0),Historical population data,I,MEX,Mexico,POP,Population,PS,Persons,_T,Total,_T,Total,H,Historical,2003,,103587899,,A,Normal value,0,Units,0,Zero
DATAFLOW,OECD.ELS.SAE:DSD_POPULATION@DF_POP_HIST(1.0),Historical population data,I,MEX,Mexico,POP,Population,PS,Persons,_T,Total,_T,Total,H,Historical,2004,,104970581,,A,Normal value,0,Units,0,Zero
DATAFLOW,OECD.ELS.SAE:DSD_POPULATION@DF_POP_HIST(1.0),Historical population data,I,MEX,Mexico,POP,Population,PS,Persons,_T,Total,_T,Total,H,Historical,2005,,106370948,,A,Normal value,0,Units,0,Zero
DATAFLOW,OECD.ELS.SAE:DSD_POPULATION@DF_POP_HIST(1.0),Historical population data,I,MEX,Mexico,POP,Population,PS,Persons,_T,Total,_T,Total,H,Historical,2006,,107885646,,A,Normal value,0,Units,0,Zero
DATAFLOW,OECD.ELS.SAE:DSD_POPULATION@DF_POP_HIST(1.0),Historical population data,I,MEX,Mexico,POP,Population,PS,Persons,_T,Total,_T,Total,H,Historical,2007,,109538665,,A,Normal value,0,Units,0,Zero
DATAFLOW,OECD.ELS.SAE:DSD_POPULATION@DF_POP_HIST(1.0),Historical population data,I,MEX,Mexico,POP,Population,PS,Persons,_T,Total,_T,Total,H,Historical,2008,,111275915,,A,Normal value,0,Units,0,Zero
DATAFLOW,OECD.ELS.SAE:DSD_POPULATION@DF_POP_HIST(1.0),Historical population data,I,MEX,Mexico,POP,Population,PS,Persons,_T,Total,_T,Total,H,Historical,2009,,113030218,,A,Normal value,0,Units,0,Zero
DATAFLOW,OECD.ELS.SAE:DSD_POPULATION@DF_POP_HIST(1.0),Historical population data,I,MEX,Mexico,POP,Population,PS,Persons,_T,Total,_T,Total,H,Historical,2010,,114756059,,A,Normal value,0,Units,0,Zero
DATAFLOW,OECD.ELS.SAE:DSD_POPULATION@DF_POP_HIST(1.0),Historical population data,I,MEX,Mexico,POP,Population,PS,Persons,_T,Total,_T,Total,H,Historical,2011,,116446180,,A,Normal value,0,Units,0,Zero
DATAFLOW,OECD.ELS.SAE:DSD_POPULATION@DF_POP_HIST(1.0),Historical population data,I,MEX,Mexico,POP,Population,PS,Persons,_T,Total,_T,Total,H,Historical,2012,,118060514,,A,Normal value,0,Units,0,Zero
DATAFLOW,OECD.ELS.SAE:DSD_POPULATION@DF_POP_HIST(1.0),Historical population data,I,MEX,Mexico,POP,Population,PS,Persons,_T,Total,_T,Total,H,Historical,2013,,119597654,,A,Normal value,0,Units,0,Zero
DATAFLOW,OECD.ELS.SAE:DSD_POPULATION@DF_POP_HIST(1.0),Historical population data,I,MEX,Mexico,POP,Population,PS,Persons,_T,Total,_T,Total,H,Historical,2014,,121048604,,A,Normal value,0,Units,0,Zero
DATAFLOW,OECD.ELS.SAE:DSD_POPULATION@DF_POP_HIST(1.0),Historical population data,I,MEX,Mexico,POP,Population,PS,Persons,_T,Total,_T,Total,H,Historical,2015,,122368490,,A,Normal value,0,Units,0,Zero
DATAFLOW,OECD.ELS.SAE:DSD_POPULATION@DF_POP_HIST(1.0),Historical population data,I,MEX,Mexico,POP,Population,PS,Persons,_T,Total,_T,Total,H,Historical,2016,,123587407,,A,Normal value,0,Units,0,Zero
DATAFLOW,OECD.ELS.SAE:DSD_POPULATION@DF_POP_HIST(1.0),Historical population data,I,MEX,Mexico,POP,Population,PS,Persons,_T,Total,_T,Total,H,Historical,2017,,124777172,,A,Normal value,0,Units,0,Zero
DATAFLOW,OECD.ELS.SAE:DSD_POPULATION@DF_POP_HIST(1.0),Historical population data,I,MEX,Mexico,POP,Population,PS,Persons,_T,Total,_T,Total,H,Historical,2018,,125995825,,A,Normal value,0,Units,0,Zero
DATAFLOW,OECD.ELS.SAE:DSD_POPULATION@DF_POP_HIST(1.0),Historical population data,I,MEX,Mexico,POP,Population,PS,Persons,_T,Total,_T,Total,H,Historical,2019,,127215666,,A,Normal value,0,Units,0,Zero
DATAFLOW,OECD.ELS.SAE:DSD_POPULATION@DF_POP_HIST(1.0),Historical population data,I,ARG,Argentina,POP,Population,PS,Persons,_T,Total,_T,Total,H,Historical,1990,,32755901,,A,Normal value,0,Units,0,Zero
DATAFLOW,OECD.ELS.SAE:DSD_POPULATION@DF_POP_HIST(1.0),Historical population data,I,ARG,Argentina,POP,Population,PS,Persons,_T,Total,_T,Total,H,Historical,1991,,33230294,,A,Normal value,0,Units,0,Zero
DATAFLOW,OECD.ELS.SAE:DSD_POPULATION@DF_POP_HIST(1.0),Historical population data,I,ARG,Argentina,POP,Population,PS,Persons,_T,Total,_T,Total,H,Historical,1992,,33693527,,A,Normal value,0,Units,0,Zero
DATAFLOW,OECD.ELS.SAE:DSD_POPULATION@DF_POP_HIST(1.0),Historical population data,I,ARG,Argentina,POP,Population,PS,Persons,_T,Total,_T,Total,H,Historical,1993,,34152717,,A,Normal value,0,Units,0,Zero
DATAFLOW,OECD.ELS.SAE:DSD_POPULATION@DF_POP_HIST(1.0),Historical population data,I,ARG,Argentina,POP,Population,PS,Persons,_T,Total,_T,Total,H,Historical,1994,,34613491,,A,Normal value,0,Units,0,Zero
DATAFLOW,OECD.ELS.SAE:DSD_POPULATION@DF_POP_HIST(1.0),Historical population data,I,ARG,Argentina,POP,Population,PS,Persons,_T,Total,_T,Total,H,Historical,1995,,35070020,,A,Normal value,0,Units,0,Zero
DATAFLOW,OECD.ELS.SAE:DSD_POPULATION@DF_POP_HIST(1.0),Historical population data,I,ARG,Argentina,POP,Population,PS,Persons,_T,Total,_T,Total,H,Historical,1996,,35513793,,A,Normal value,0,Units,0,Zero
DATAFLOW,OECD.ELS.SAE:DSD_POPULATION@DF_POP_HIST(1.0),Historical population data,I,ARG,Argentina,POP,Population,PS,Persons,_T,Total,_T,Total,H,Historical,1997,,35947791,,A,Normal value,0,Units,0,Zero
DATAFLOW,OECD.ELS.SAE:DSD_POPULATION@DF_POP_HIST(1.0),Historical population data,I,ARG,Argentina,POP,Population,PS,Persons,_T,Total,_T,Total,H,Historical,1998,,36372860,,A,Normal value,0,Units,0,Zero
DATAFLOW,OECD.ELS.SAE:DSD_POPULATION@DF_POP_HIST(1.0),Historical population data,I,ARG,Argentina,POP,Population,PS,Persons,_T,Total,_T,Total,H,Historical,1999,,36794682,,A,Normal value,0,Units,0,Zero
DATAFLOW,OECD.ELS.SAE:DSD_POPULATION@DF_POP_HIST(1.0),Historical population data,I,ARG,Argentina,POP,Population,PS,Persons,_T,Total,_T,Total,H,Historical,2000,,37213984,,A,Normal value,0,Units,0,Zero
DATAFLOW,OECD.ELS.SAE:DSD_POPULATION@DF_POP_HIST(1.0),Historical population data,I,ARG,Argentina,POP,Population,PS,Persons,_T,Total,_T,Total,H,Historical,2001,,37624825,,A,Normal value,0,Units,0,Zero
DATAFLOW,OECD.ELS.SAE:DSD_POPULATION@DF_POP_HIST(1.0),Historical population data,I,ARG,Argentina,POP,Population,PS,Persons,_T,Total,_T,Total,H,Historical,2002,,38029349,,A,Normal value,0,Units,0,Zero
DATAFLOW,OECD.ELS.SAE:DSD_POPULATION@DF_POP_HIST(1.0),Historical population data,I,ARG,Argentina,POP,Population,PS,Persons,_T,Total,_T,Total,H,Historical,2003,,38424282,,A,Normal value,0,Units,0,Zero
DATAFLOW,OECD.ELS.SAE:DSD_POPULATION@DF_POP_HIST(1.0),Historical population data,I,ARG,Argentina,POP,Population,PS,Persons,_T,Total,_T,Total,H,Historical,2004,,38815916,,A,Normal value,0,Units,0,Zero
DATAFLOW,OECD.ELS.SAE:DSD_POPULATION@DF_POP_HIST(1.0),Historical population data,I,ARG,Argentina,POP,Population,PS,Persons,_T,Total,_T,Total,H,Historical,2005,,39216789,,A,Normal value,0,Units,0,Zero
DATAFLOW,OECD.ELS.SAE:DSD_POPULATION@DF_POP_HIST(1.0),Historical population data,I,ARG,Argentina,POP,Population,PS,Persons,_T,Total,_T,Total,H,Historical,2006,,39622115,,A,Normal value,0,Units,0,Zero
DATAFLOW,OECD.ELS.SAE:DSD_POPULATION@DF_POP_HIST(1.0),Historical population data,I,ARG,Argentina,POP,Population,PS,Persons,_T,Total,_T,Total,H,Historical,2007,,40016763,,A,Normal value,0,Units,0,Zero
DATAFLOW,OECD.ELS.SAE:DSD_POPULATION@DF_POP_HIST(1.0),Historical population data,I,ARG,Argentina,POP,Population,PS,Persons,_T,Total,_T,Total,H,Historical,2008,,40424148,,A,Normal value,0,Units,0,Zero
DATAFLOW,OECD.ELS.SAE:DSD_POPULATION@DF_POP_HIST(1.0),Historical population data,I,ARG,Argentina,POP,Population,PS,Persons,_T,Total,_T,Total,H,Historical,2009,,40854831,,A,Normal value,0,Units,0,Zero
DATAFLOW,OECD.ELS.SAE:DSD_POPULATION@DF_POP_HIST(1.0),Historical population data,I,ARG,Argentina,POP,Population,PS,Persons,_T,Total,_T,Total,H,Historical,2010,,41288694,,A,Normal value,0,Units,0,Zero
DATAFLOW,OECD.ELS.SAE:DSD_POPULATION@DF_POP_HIST(1.0),Historical population data,I,ARG,Argentina,POP,Population,PS,Persons,_T,Total,_T,Total,H,Historical,2011,,41730660,,A,Normal value,0,Units,0,Zero
DATAFLOW,OECD.ELS.SAE:DSD_POPULATION@DF_POP_HIST(1.0),Historical population data,I,ARG,Argentina,POP,Population,PS,Persons,_T,Total,_T,Total,H,Historical,2012,,42161721,,A,Normal value,0,Units,0,Zero
DATAFLOW,OECD.ELS.SAE:DSD_POPULATION@DF_POP_HIST(1.0),Historical population data,I,ARG,Argentina,POP,Population,PS,Persons,_T,Total,_T,Total,H,Historical,2013,,42582455,,A,Normal value,0,Units,0,Zero
DATAFLOW,OECD.ELS.SAE:DSD_POPULATION@DF_POP_HIST(1.0),Historical population data,I,ARG,Argentina,POP,Population,PS,Persons,_T,Total,_T,Total,H,Historical,2014,,43024071,,A,Normal value,0,Units,0,Zero
DATAFLOW,OECD.ELS.SAE:DSD_POPULATION@DF_POP_HIST(1.0),Historical population data,I,ARG,Argentina,POP,Population,PS,Persons,_T,Total,_T,Total,H,Historical,2015,,43477012,,A,Normal value,0,Units,0,Zero
DATAFLOW,OECD.ELS.SAE:DSD_POPULATION@DF_POP_HIST(1.0),Historical population data,I,ARG,Argentina,POP,Population,PS,Persons,_T,Total,_T,Total,H,Historical,2016,,43900313,,A,Normal value,0,Units,0,Zero
DATAFLOW,OECD.ELS.SAE:DSD_POPULATION@DF_POP_HIST(1.0),Historical population data,I,ARG,Argentina,POP,Population,PS,Persons,_T,Total,_T,Total,H,Historical,2017,,44288894,,A,Normal value,0,Units,0,Zero
DATAFLOW,OECD.ELS.SAE:DSD_POPULATION@DF_POP_HIST(1.0),Historical population data,I,ARG,Argentina,POP,Population,PS,Persons,_T,Total,_T,Total,H,Historical,2018,,44654882,,A,Normal value,0,Units,0,Zero
DATAFLOW,OECD.ELS.SAE:DSD_POPULATION@DF_POP_HIST(1.0),Historical population data,I,ARG,Argentina,POP,Population,PS,Persons,_T,Total,_T,Total,H,Historical,2019,,44973465,,A,Normal value,0,Units,0,Zero
DATAFLOW,OECD.ELS.SAE:DSD_POPULATION@DF_POP_HIST(1.0),Historical population data,I,CHN,China (People’s Republic of),POP,Population,PS,Persons,_T,Total,_T,Total,H,Historical,1990,,1153580000,,A,Normal value,0,Units,0,Zero
DATAFLOW,OECD.ELS.SAE:DSD_POPULATION@DF_POP_HIST(1.0),Historical population data,I,CHN,China (People’s Republic of),POP,Population,PS,Persons,_T,Total,_T,Total,H,Historical,1991,,1170790000,,A,Normal value,0,Units,0,Zero
DATAFLOW,OECD.ELS.SAE:DSD_POPULATION@DF_POP_HIST(1.0),Historical population data,I,CHN,China (People’s Republic of),POP,Population,PS,Persons,_T,Total,_T,Total,H,Historical,1992,,1184570000,,A,Normal value,0,Units,0,Zero
DATAFLOW,OECD.ELS.SAE:DSD_POPULATION@DF_POP_HIST(1.0),Historical population data,I,CHN,China (People’s Republic of),POP,Population,PS,Persons,_T,Total,_T,Total,H,Historical,1993,,1197310000,,A,Normal value,0,Units,0,Zero
DATAFLOW,OECD.ELS.SAE:DSD_POPULATION@DF_POP_HIST(1.0),Historical population data,I,CHN,China (People’s Republic of),POP,Population,PS,Persons,_T,Total,_T,Total,H,Historical,1994,,1209000000,,A,Normal value,0,Units,0,Zero
DATAFLOW,OECD.ELS.SAE:DSD_POPULATION@DF_POP_HIST(1.0),Historical population data,I,CHN,China (People’s Republic of),POP,Population,PS,Persons,_T,Total,_T,Total,H,Historical,1995,,1220130000,,A,Normal value,0,Units,0,Zero
DATAFLOW,OECD.ELS.SAE:DSD_POPULATION@DF_POP_HIST(1.0),Historical population data,I,CHN,China (People’s Republic of),POP,Population,PS,Persons,_T,Total,_T,Total,H,Historical,1996,,1230940000,,A,Normal value,0,Units,0,Zero
DATAFLOW,OECD.ELS.SAE:DSD_POPULATION@DF_POP_HIST(1.0),Historical population data,I,CHN,China (People’s Republic of),POP,Population,PS,Persons,_T,Total,_T,Total,H,Historical,1997,,1241140000,,A,Normal value,0,Units,0,Zero
DATAFLOW,OECD.ELS.SAE:DSD_POPULATION@DF_POP_HIST(1.0),Historical population data,I,CHN,China (People’s Republic of),POP,Population,PS,Persons,_T,Total,_T,Total,H,Historical,1998,,1250850000,,A,Normal value,0,Units,0,Zero
DATAFLOW,OECD.ELS.SAE:DSD_POPULATION@DF_POP_HIST(1.0),Historical population data,I,CHN,China (People’s Republic of),POP,Population,PS,Persons,_T,Total,_T,Total,H,Historical,1999,,1260180000,,A,Normal value,0,Units,0,Zero
DATAFLOW,OECD.ELS.SAE:DSD_POPULATION@DF_POP_HIST(1.0),Historical population data,I,CHN,China (People’s Republic of),POP,Population,PS,Persons,_T,Total,_T,Total,H,Historical,2000,,1269580000,,A,Normal value,0,Units,0,Zero
DATAFLOW,OECD.ELS.SAE:DSD_POPULATION@DF_POP_HIST(1.0),Historical population data,I,CHN,China (People’s Republic of),POP,Population,PS,Persons,_T,Total,_T,Total,H,Historical,2001,,1278730000,,A,Normal value,0,Units,0,Zero
DATAFLOW,OECD.ELS.SAE:DSD_POPULATION@DF_POP_HIST(1.0),Historical population data,I,CHN,China (People’s Republic of),POP,Population,PS,Persons,_T,Total,_T,Total,H,Historical,2002,,1286870000,,A,Normal value,0,Units,0,Zero
DATAFLOW,OECD.ELS.SAE:DSD_POPULATION@DF_POP_HIST(1.0),Historical population data,I,CHN,China (People’s Republic of),POP,Population,PS,Persons,_T,Total,_T,Total,H,Historical,2003,,1294520000,,A,Normal value,0,Units,0,Zero
DATAFLOW,OECD.ELS.SAE:DSD_POPULATION@DF_POP_HIST(1.0),Historical population data,I,CHN,China (People’s Republic of),POP,Population,PS,Persons,_T,Total,_T,Total,H,Historical,2004,,1302100000,,A,Normal value,0,Units,0,Zero
DATAFLOW,OECD.ELS.SAE:DSD_POPULATION@DF_POP_HIST(1.0),Historical population data,I,CHN,China (People’s Republic of),POP,Population,PS,Persons,_T,Total,_T,Total,H,Historical,2005,,1310030000,,A,Normal value,0,Units,0,Zero
DATAFLOW,OECD.ELS.SAE:DSD_POPULATION@DF_POP_HIST(1.0),Historical population data,I,CHN,China (People’s Republic of),POP,Population,PS,Persons,_T,Total,_T,Total,H,Historical,2006,,1318050000,,A,Normal value,0,Units,0,Zero
DATAFLOW,OECD.ELS.SAE:DSD_POPULATION@DF_POP_HIST(1.0),Historical population data,I,CHN,China (People’s Republic of),POP,Population,PS,Persons,_T,Total,_T,Total,H,Historical,2007,,1325810000,,A,Normal value,0,Units,0,Zero
DATAFLOW,OECD.ELS.SAE:DSD_POPULATION@DF_POP_HIST(1.0),Historical population data,I,CHN,China (People’s Republic of),POP,Population,PS,Persons,_T,Total,_T,Total,H,Historical,2008,,1333820000,,A,Normal value,0,Units,0,Zero
DATAFLOW,OECD.ELS.SAE:DSD_POPULATION@DF_POP_HIST(1.0),Historical population data,I,CHN,China (People’s Republic of),POP,Population,PS,Persons,_T,Total,_T,Total,H,Historical,2009,,1342520000,,A,Normal value,0,Units,0,Zero
DATAFLOW,OECD.ELS.SAE:DSD_POPULATION@DF_POP_HIST(1.0),Historical population data,I,CHN,China (People’s Republic of),POP,Population,PS,Persons,_T,Total,_T,Total,H,Historical,2010,,1351560000,,A,Normal value,0,Units,0,Zero
DATAFLOW,OECD.ELS.SAE:DSD_POPULATION@DF_POP_HIST(1.0),Historical population data,I,CHN,China (People’s Republic of),POP,Population,PS,Persons,_T,Total,_T,Total,H,Historical,2011,,1360250000,,A,Normal value,0,Units,0,Zero
DATAFLOW,OECD.ELS.SAE:DSD_POPULATION@DF_POP_HIST(1.0),Historical population data,I,CHN,China (People’s Republic of),POP,Population,PS,Persons,_T,Total,_T,Total,H,Historical,2012,,1369520000,,A,Normal value,0,Units,0,Zero
DATAFLOW,OECD.ELS.SAE:DSD_POPULATION@DF_POP_HIST(1.0),Historical population data,I,CHN,China (People’s Republic of),POP,Population,PS,Persons,_T,Total,_T,Total,H,Historical,2013,,1379010000,,A,Normal value,0,Units,0,Zero
DATAFLOW,OECD.ELS.SAE:DSD_POPULATION@DF_POP_HIST(1.0),Historical population data,I,CHN,China (People’s Republic of),POP,Population,PS,Persons,_T,Total,_T,Total,H,Historical,2014,,1387950000,,A,Normal value,0,Units,0,Zero
DATAFLOW,OECD.ELS.SAE:DSD_POPULATION@DF_POP_HIST(1.0),Historical population data,I,CHN,China (People’s Republic of),POP,Population,PS,Persons,_T,Total,_T,Total,H,Historical,2015,,1396130000,,A,Normal value,0,Units,0,Zero
DATAFLOW,OECD.ELS.SAE:DSD_POPULATION@DF_POP_HIST(1.0),Historical population data,I,CHN,China (People’s Republic of),POP,Population,PS,Persons,_T,Total,_T,Total,H,Historical,2016,,1404050000,,A,Normal value,0,Units,0,Zero
DATAFLOW,OECD.ELS.SAE:DSD_POPULATION@DF_POP_HIST(1.0),Historical population data,I,CHN,China (People’s Republic of),POP,Population,PS,Persons,_T,Total,_T,Total,H,Historical,2017,,1412350000,,A,Normal value,0,Units,0,Zero
DATAFLOW,OECD.ELS.SAE:DSD_POPULATION@DF_POP_HIST(1.0),Historical population data,I,CHN,China (People’s Republic of),POP,Population,PS,Persons,_T,Total,_T,Total,H,Historical,2018,,1419010000,,A,Normal value,0,Units,0,Zero
DATAFLOW,OECD.ELS.SAE:DSD_POPULATION@DF_POP_HIST(1.0),Historical population data,I,CHN,China (People’s Republic of),POP,Population,PS,Persons,_T,Total,_T,Total,H,Historical,2019,,1423520000,,A,Normal value,0,Units,0,Zero
DATAFLOW,OECD.ELS.SAE:DSD_POPULATION@DF_POP_HIST(1.0),Historical population data,I,IND,India,POP,Population,PS,Persons,_T,Total,_T,Total,H,Historical,1990,,864972221,,A,Normal value,0,Units,0,Zero
DATAFLOW,OECD.ELS.SAE:DSD_POPULATION@DF_POP_HIST(1.0),Historical population data,I,IND,India,POP,Population,PS,Persons,_T,Total,_T,Total,H,Historical,1991,,883927600,,A,Normal value,0,Units,0,Zero
DATAFLOW,OECD.ELS.SAE:DSD_POPULATION@DF_POP_HIST(1.0),Historical population data,I,IND,India,POP,Population,PS,Persons,_T,Total,_T,Total,H,Historical,1992,,902957070,,A,Normal value,0,Units,0,Zero
DATAFLOW,OECD.ELS.SAE:DSD_POPULATION@DF_POP_HIST(1.0),Historical population data,I,IND,India,POP,Population,PS,Persons,_T,Total,_T,Total,H,Historical,1993,,922118387,,A,Normal value,0,Units,0,Zero
DATAFLOW,OECD.ELS.SAE:DSD_POPULATION@DF_POP_HIST(1.0),Historical population data,I,IND,India,POP,Population,PS,Persons,_T,Total,_T,Total,H,Historical,1994,,941163767,,A,Normal value,0,Units,0,Zero
DATAFLOW,OECD.ELS.SAE:DSD_POPULATION@DF_POP_HIST(1.0),Historical population data,I,IND,India,POP,Population,PS,Persons,_T,Total,_T,Total,H,Historical,1995,,960301044,,A,Normal value,0,Units,0,Zero
DATAFLOW,OECD.ELS.SAE:DSD_POPULATION@DF_POP_HIST(1.0),Historical population data,I,IND,India,POP,Population,PS,Persons,_T,Total,_T,Total,H,Historical,1996,,979678458,,A,Normal value,0,Units,0,Zero
DATAFLOW,OECD.ELS.SAE:DSD_POPULATION@DF_POP_HIST(1.0),Historical population data,I,IND,India,POP,Population,PS,Persons,_T,Total,_T,Total,H,Historical,1997,,999133762,,A,Normal value,0,Units,0,Zero
DATAFLOW,OECD.ELS.SAE:DSD_POPULATION@DF_POP_HIST(1.0),Historical population data,I,IND,India,POP,Population,PS,Persons,_T,Total,_T,Total,H,Historical,1998,,1018670000,,A,Normal value,0,Units,0,Zero
DATAFLOW,OECD.ELS.SAE:DSD_POPULATION@DF_POP_HIST(1.0),Historical population data,I,IND,India,POP,Population,PS,Persons,_T,Total,_T,Total,H,Historical,1999,,1038230000,,A,Normal value,0,Units,0,Zero
DATAFLOW,OECD.ELS.SAE:DSD_POPULATION@DF_POP_HIST(1.0),Historical population data,I,IND,India,POP,Population,PS,Persons,_T,Total,_T,Total,H,Historical,2000,,1057920000,,A,Normal value,0,Units,0,Zero
DATAFLOW,OECD.ELS.SAE:DSD_POPULATION@DF_POP_HIST(1.0),Historical population data,I,IND,India,POP,Population,PS,Persons,_T,Total,_T,Total,H,Historical,2001,,1077900000,,A,Normal value,0,Units,0,Zero
DATAFLOW,OECD.ELS.SAE:DSD_POPULATION@DF_POP_HIST(1.0),Historical population data,I,IND,India,POP,Population,PS,Persons,_T,Total,_T,Total,H,Historical,2002,,1097600000,,A,Normal value,0,Units,0,Zero
DATAFLOW,OECD.ELS.SAE:DSD_POPULATION@DF_POP_HIST(1.0),Historical population data,I,IND,India,POP,Population,PS,Persons,_T,Total,_T,Total,H,Historical,2003,,1116800000,,A,Normal value,0,Units,0,Zero
DATAFLOW,OECD.ELS.SAE:DSD_POPULATION@DF_POP_HIST(1.0),Historical population data,I,IND,India,POP,Population,PS,Persons,_T,Total,_T,Total,H,Historical,2004,,1135990000,,A,Normal value,0,Units,0,Zero
DATAFLOW,OECD.ELS.SAE:DSD_POPULATION@DF_POP_HIST(1.0),Historical population data,I,IND,India,POP,Population,PS,Persons,_T,Total,_T,Total,H,Historical,2005,,1154680000,,A,Normal value,0,Units,0,Zero
DATAFLOW,OECD.ELS.SAE:DSD_POPULATION@DF_POP_HIST(1.0),Historical population data,I,IND,India,POP,Population,PS,Persons,_T,Total,_T,Total,H,Historical,2006,,1172880000,,A,Normal value,0,Units,0,Zero
DATAFLOW,OECD.ELS.SAE:DSD_POPULATION@DF_POP_HIST(1.0),Historical population data,I,IND,India,POP,Population,PS,Persons,_T,Total,_T,Total,H,Historical,2007,,1190680000,,A,Normal value,0,Units,0,Zero
DATAFLOW,OECD.ELS.SAE:DSD_POPULATION@DF_POP_HIST(1.0),Historical population data,I,IND,India,POP,Population,PS,Persons,_T,Total,_T,Total,H,Historical,2008,,1207930000,,A,Normal value,0,Units,0,Zero
DATAFLOW,OECD.ELS.SAE:DSD_POPULATION@DF_POP_HIST(1.0),Historical population data,I,IND,India,POP,Population,PS,Persons,_T,Total,_T,Total,H,Historical,2009,,1225520000,,A,Normal value,0,Units,0,Zero
DATAFLOW,OECD.ELS.SAE:DSD_POPULATION@DF_POP_HIST(1.0),Historical population data,I,IND,India,POP,Population,PS,Persons,_T,Total,_T,Total,H,Historical,2010,,1243480000,,A,Normal value,0,Units,0,Zero
DATAFLOW,OECD.ELS.SAE:DSD_POPULATION@DF_POP_HIST(1.0),Historical population data,I,IND,India,POP,Population,PS,Persons,_T,Total,_T,Total,H,Historical,2011,,1261220000,,A,Normal value,0,Units,0,Zero
DATAFLOW,OECD.ELS.SAE:DSD_POPULATION@DF_POP_HIST(1.0),Historical population data,I,IND,India,POP,Population,PS,Persons,_T,Total,_T,Total,H,Historical,2012,,1278670000,,A,Normal value,0,Units,0,Zero
DATAFLOW,OECD.ELS.SAE:DSD_POPULATION@DF_POP_HIST(1.0),Historical population data,I,IND,India,POP,Population,PS,Persons,_T,Total,_T,Total,H,Historical,2013,,1295830000,,A,Normal value,0,Units,0,Zero
DATAFLOW,OECD.ELS.SAE:DSD_POPULATION@DF_POP_HIST(1.0),Historical population data,I,IND,India,POP,Population,PS,Persons,_T,Total,_T,Total,H,Historical,2014,,1312280000,,A,Normal value,0,Units,0,Zero
DATAFLOW,OECD.ELS.SAE:DSD_POPULATION@DF_POP_HIST(1.0),Historical population data,I,IND,India,POP,Population,PS,Persons,_T,Total,_T,Total,H,Historical,2015,,1328020000,,A,Normal value,0,Units,0,Zero
DATAFLOW,OECD.ELS.SAE:DSD_POPULATION@DF_POP_HIST(1.0),Historical population data,I,IND,India,POP,Population,PS,Persons,_T,Total,_T,Total,H,Historical,2016,,1343940000,,A,Normal value,0,Units,0,Zero
DATAFLOW,OECD.ELS.SAE:DSD_POPULATION@DF_POP_HIST(1.0),Historical population data,I,IND,India,POP,Population,PS,Persons,_T,Total,_T,Total,H,Historical,2017,,1359660000,,A,Normal value,0,Units,0,Zero
DATAFLOW,OECD.ELS.SAE:DSD_POPULATION@DF_POP_HIST(1.0),Historical population data,I,IND,India,POP,Population,PS,Persons,_T,Total,_T,Total,H,Historical,2018,,1374660000,,A,Normal value,0,Units,0,Zero
DATAFLOW,OECD.ELS.SAE:DSD_POPULATION@DF_POP_HIST(1.0),Historical population data,I,IND,India,POP,Population,PS,Persons,_T,Total,_T,Total,H,Historical,2019,,1389030000,,A,Normal value,0,Units,0,Zero
DATAFLOW,OECD.ELS.SAE:DSD_POPULATION@DF_POP_HIST(1.0),Historical population data,I,IDN,Indonesia,POP,Population,PS,Persons,_T,Total,_T,Total,H,Historical,1990,,183501098,,A,Normal value,0,Units,0,Zero
DATAFLOW,OECD.ELS.SAE:DSD_POPULATION@DF_POP_HIST(1.0),Historical population data,I,IDN,Indonesia,POP,Population,PS,Persons,_T,Total,_T,Total,H,Historical,1991,,186778238,,A,Normal value,0,Units,0,Zero
DATAFLOW,OECD.ELS.SAE:DSD_POPULATION@DF_POP_HIST(1.0),Historical population data,I,IDN,Indonesia,POP,Population,PS,Persons,_T,Total,_T,Total,H,Historical,1992,,190043744,,A,Normal value,0,Units,0,Zero
DATAFLOW,OECD.ELS.SAE:DSD_POPULATION@DF_POP_HIST(1.0),Historical population data,I,IDN,Indonesia,POP,Population,PS,Persons,_T,Total,_T,Total,H,Historical,1993,,193305168,,A,Normal value,0,Units,0,Zero
DATAFLOW,OECD.ELS.SAE:DSD_POPULATION@DF_POP_HIST(1.0),Historical population data,I,IDN,Indonesia,POP,Population,PS,Persons,_T,Total,_T,Total,H,Historical,1994,,196591828,,A,Normal value,0,Units,0,Zero
DATAFLOW,OECD.ELS.SAE:DSD_POPULATION@DF_POP_HIST(1.0),Historical population data,I,IDN,Indonesia,POP,Population,PS,Persons,_T,Total,_T,Total,H,Historical,1995,,199888057,,A,Normal value,0,Units,0,Zero
DATAFLOW,OECD.ELS.SAE:DSD_POPULATION@DF_POP_HIST(1.0),Historical population data,I,IDN,Indonesia,POP,Population,PS,Persons,_T,Total,_T,Total,H,Historical,1996,,203204348,,A,Normal value,0,Units,0,Zero
DATAFLOW,OECD.ELS.SAE:DSD_POPULATION@DF_POP_HIST(1.0),Historical population data,I,IDN,Indonesia,POP,Population,PS,Persons,_T,Total,_T,Total,H,Historical,1997,,206536095,,A,Normal value,0,Units,0,Zero
DATAFLOW,OECD.ELS.SAE:DSD_POPULATION@DF_POP_HIST(1.0),Historical population data,I,IDN,Indonesia,POP,Population,PS,Persons,_T,Total,_T,Total,H,Historical,1998,,209826788,,A,Normal value,0,Units,0,Zero
DATAFLOW,OECD.ELS.SAE:DSD_POPULATION@DF_POP_HIST(1.0),Historical population data,I,IDN,Indonesia,POP,Population,PS,Persons,_T,Total,_T,Total,H,Historical,1999,,213004668,,A,Normal value,0,Units,0,Zero
DATAFLOW,OECD.ELS.SAE:DSD_POPULATION@DF_POP_HIST(1.0),Historical population data,I,IDN,Indonesia,POP,Population,PS,Persons,_T,Total,_T,Total,H,Historical,2000,,216077790,,A,Normal value,0,Units,0,Zero
DATAFLOW,OECD.ELS.SAE:DSD_POPULATION@DF_POP_HIST(1.0),Historical population data,I,IDN,Indonesia,POP,Population,PS,Persons,_T,Total,_T,Total,H,Historical,2001,,219097902,,A,Normal value,0,Units,0,Zero
DATAFLOW,OECD.ELS.SAE:DSD_POPULATION@DF_POP_HIST(1.0),Historical population data,I,IDN,Indonesia,POP,Population,PS,Persons,_T,Total,_T,Total,H,Historical,2002,,222088495,,A,Normal value,0,Units,0,Zero
DATAFLOW,OECD.ELS.SAE:DSD_POPULATION@DF_POP_HIST(1.0),Historical population data,I,IDN,Indonesia,POP,Population,PS,Persons,_T,Total,_T,Total,H,Historical,2003,,225048008,,A,Normal value,0,Units,0,Zero
DATAFLOW,OECD.ELS.SAE:DSD_POPULATION@DF_POP_HIST(1.0),Historical population data,I,IDN,Indonesia,POP,Population,PS,Persons,_T,Total,_T,Total,H,Historical,2004,,227926649,,A,Normal value,0,Units,0,Zero
DATAFLOW,OECD.ELS.SAE:DSD_POPULATION@DF_POP_HIST(1.0),Historical population data,I,IDN,Indonesia,POP,Population,PS,Persons,_T,Total,_T,Total,H,Historical,2005,,230871650,,A,Normal value,0,Units,0,Zero
DATAFLOW,OECD.ELS.SAE:DSD_POPULATION@DF_POP_HIST(1.0),Historical population data,I,IDN,Indonesia,POP,Population,PS,Persons,_T,Total,_T,Total,H,Historical,2006,,233951652,,A,Normal value,0,Units,0,Zero
DATAFLOW,OECD.ELS.SAE:DSD_POPULATION@DF_POP_HIST(1.0),Historical population data,I,IDN,Indonesia,POP,Population,PS,Persons,_T,Total,_T,Total,H,Historical,2007,,237062337,,A,Normal value,0,Units,0,Zero
DATAFLOW,OECD.ELS.SAE:DSD_POPULATION@DF_POP_HIST(1.0),Historical population data,I,IDN,Indonesia,POP,Population,PS,Persons,_T,Total,_T,Total,H,Historical,2008,,240157903,,A,Normal value,0,Units,0,Zero
DATAFLOW,OECD.ELS.SAE:DSD_POPULATION@DF_POP_HIST(1.0),Historical population data,I,IDN,Indonesia,POP,Population,PS,Persons,_T,Total,_T,Total,H,Historical,2009,,243220028,,A,Normal value,0,Units,0,Zero
DATAFLOW,OECD.ELS.SAE:DSD_POPULATION@DF_POP_HIST(1.0),Historical population data,I,IDN,Indonesia,POP,Population,PS,Persons,_T,Total,_T,Total,H,Historical,2010,,246305322,,A,Normal value,0,Units,0,Zero
DATAFLOW,OECD.ELS.SAE:DSD_POPULATION@DF_POP_HIST(1.0),Historical population data,I,IDN,Indonesia,POP,Population,PS,Persons,_T,Total,_T,Total,H,Historical,2011,,249470032,,A,Normal value,0,Units,0,Zero
DATAFLOW,OECD.ELS.SAE:DSD_POPULATION@DF_POP_HIST(1.0),Historical population data,I,IDN,Indonesia,POP,Population,PS,Persons,_T,Total,_T,Total,H,Historical,2012,,252698525,,A,Normal value,0,Units,0,Zero
DATAFLOW,OECD.ELS.SAE:DSD_POPULATION@DF_POP_HIST(1.0),Historical population data,I,IDN,Indonesia,POP,Population,PS,Persons,_T,Total,_T,Total,H,Historical,2013,,255852467,,A,Normal value,0,Units,0,Zero
DATAFLOW,OECD.ELS.SAE:DSD_POPULATION@DF_POP_HIST(1.0),Historical population data,I,IDN,Indonesia,POP,Population,PS,Persons,_T,Total,_T,Total,H,Historical,2014,,258877399,,A,Normal value,0,Units,0,Zero
DATAFLOW,OECD.ELS.SAE:DSD_POPULATION@DF_POP_HIST(1.0),Historical population data,I,IDN,Indonesia,POP,Population,PS,Persons,_T,Total,_T,Total,H,Historical,2015,,261799249,,A,Normal value,0,Units,0,Zero
DATAFLOW,OECD.ELS.SAE:DSD_POPULATION@DF_POP_HIST(1.0),Historical population data,I,IDN,Indonesia,POP,Population,PS,Persons,_T,Total,_T,Total,H,Historical,2016,,264627418,,A,Normal value,0,Units,0,Zero
DATAFLOW,OECD.ELS.SAE:DSD_POPULATION@DF_POP_HIST(1.0),Historical population data,I,IDN,Indonesia,POP,Population,PS,Persons,_T,Total,_T,Total,H,Historical,2017,,267346658,,A,Normal value,0,Units,0,Zero
DATAFLOW,OECD.ELS.SAE:DSD_POPULATION@DF_POP_HIST(1.0),Historical population data,I,IDN,Indonesia,POP,Population,PS,Persons,_T,Total,_T,Total,H,Historical,2018,,269951846,,A,Normal value,0,Units,0,Zero
DATAFLOW,OECD.ELS.SAE:DSD_POPULATION@DF_POP_HIST(1.0),Historical population data,I,IDN,Indonesia,POP,Population,PS,Persons,_T,Total,_T,Total,H,Historical,2019,,272489381,,A,Normal value,0,Units,0,Zero
DATAFLOW,OECD.ELS.SAE:DSD_POPULATION@DF_POP_HIST(1.0),Historical population data,I,W,World,POP,Population,PS,Persons,_T,Total,_T,Total,H,Historical,1990,,5327800000,,A,Normal value,0,Units,0,Zero
DATAFLOW,OECD.ELS.SAE:DSD_POPULATION@DF_POP_HIST(1.0),Historical population data,I,W,World,POP,Population,PS,Persons,_T,Total,_T,Total,H,Historical,1991,,5418740000,,A,Normal value,0,Units,0,Zero
DATAFLOW,OECD.ELS.SAE:DSD_POPULATION@DF_POP_HIST(1.0),Historical population data,I,W,World,POP,Population,PS,Persons,_T,Total,_T,Total,H,Historical,1992,,5505990000,,A,Normal value,0,Units,0,Zero
DATAFLOW,OECD.ELS.SAE:DSD_POPULATION@DF_POP_HIST(1.0),Historical population data,I,W,World,POP,Population,PS,Persons,_T,Total,_T,Total,H,Historical,1993,,5591540000,,A,Normal value,0,Units,0,Zero
DATAFLOW,OECD.ELS.SAE:DSD_POPULATION@DF_POP_HIST(1.0),Historical population data,I,W,World,POP,Population,PS,Persons,_T,Total,_T,Total,H,Historical,1994,,5675550000,,A,Normal value,0,Units,0,Zero
DATAFLOW,OECD.ELS.SAE:DSD_POPULATION@DF_POP_HIST(1.0),Historical population data,I,W,World,POP,Population,PS,Persons,_T,Total,_T,Total,H,Historical,1995,,5758880000,,A,Normal value,0,Units,0,Zero
DATAFLOW,OECD.ELS.SAE:DSD_POPULATION@DF_POP_HIST(1.0),Historical population data,I,W,World,POP,Population,PS,Persons,_T,Total,_T,Total,H,Historical,1996,,5842060000,,A,Normal value,0,Units,0,Zero
DATAFLOW,OECD.ELS.SAE:DSD_POPULATION@DF_POP_HIST(1.0),Historical population data,I,W,World,POP,Population,PS,Persons,_T,Total,_T,Total,H,Historical,1997,,5924790000,,A,Normal value,0,Units,0,Zero
DATAFLOW,OECD.ELS.SAE:DSD_POPULATION@DF_POP_HIST(1.0),Historical population data,I,W,World,POP,Population,PS,Persons,_T,Total,_T,Total,H,Historical,1998,,6007070000,,A,Normal value,0,Units,0,Zero
DATAFLOW,OECD.ELS.SAE:DSD_POPULATION@DF_POP_HIST(1.0),Historical population data,I,W,World,POP,Population,PS,Persons,_T,Total,_T,Total,H,Historical,1999,,6089010000,,A,Normal value,0,Units,0,Zero
DATAFLOW,OECD.ELS.SAE:DSD_POPULATION@DF_POP_HIST(1.0),Historical population data,I,W,World,POP,Population,PS,Persons,_T,Total,_T,Total,H,Historical,2000,,6171700000,,A,Normal value,0,Units,0,Zero
DATAFLOW,OECD.ELS.SAE:DSD_POPULATION@DF_POP_HIST(1.0),Historical population data,I,W,World,POP,Population,PS,Persons,_T,Total,_T,Total,H,Historical,2001,,6254940000,,A,Normal value,0,Units,0,Zero
DATAFLOW,OECD.ELS.SAE:DSD_POPULATION@DF_POP_HIST(1.0),Historical population data,I,W,World,POP,Population,PS,Persons,_T,Total,_T,Total,H,Historical,2002,,6337730000,,A,Normal value,0,Units,0,Zero
DATAFLOW,OECD.ELS.SAE:DSD_POPULATION@DF_POP_HIST(1.0),Historical population data,I,W,World,POP,Population,PS,Persons,_T,Total,_T,Total,H,Historical,2003,,6420360000,,A,Normal value,0,Units,0,Zero
DATAFLOW,OECD.ELS.SAE:DSD_POPULATION@DF_POP_HIST(1.0),Historical population data,I,W,World,POP,Population,PS,Persons,_T,Total,_T,Total,H,Historical,2004,,6503380000,,A,Normal value,0,Units,0,Zero
DATAFLOW,OECD.ELS.SAE:DSD_POPULATION@DF_POP_HIST(1.0),Historical population data,I,W,World,POP,Population,PS,Persons,_T,Total,_T,Total,H,Historical,2005,,6586970000,,A,Normal value,0,Units,0,Zero
DATAFLOW,OECD.ELS.SAE:DSD_POPULATION@DF_POP_HIST(1.0),Historical population data,I,W,World,POP,Population,PS,Persons,_T,Total,_T,Total,H,Historical,2006,,6671450000,,A,Normal value,0,Units,0,Zero
DATAFLOW,OECD.ELS.SAE:DSD_POPULATION@DF_POP_HIST(1.0),Historical population data,I,W,World,POP,Population,PS,Persons,_T,Total,_T,Total,H,Historical,2007,,6757310000,,A,Normal value,0,Units,0,Zero
DATAFLOW,OECD.ELS.SAE:DSD_POPULATION@DF_POP_HIST(1.0),Historical population data,I,W,World,POP,Population,PS,Persons,_T,Total,_T,Total,H,Historical,2008,,6844460000,,A,Normal value,0,Units,0,Zero
DATAFLOW,OECD.ELS.SAE:DSD_POPULATION@DF_POP_HIST(1.0),Historical population data,I,W,World,POP,Population,PS,Persons,_T,Total,_T,Total,H,Historical,2009,,6932770000,,A,Normal value,0,Units,0,Zero
DATAFLOW,OECD.ELS.SAE:DSD_POPULATION@DF_POP_HIST(1.0),Historical population data,I,W,World,POP,Population,PS,Persons,_T,Total,_T,Total,H,Historical,2010,,7021730000,,A,Normal value,0,Units,0,Zero
DATAFLOW,OECD.ELS.SAE:DSD_POPULATION@DF_POP_HIST(1.0),Historical population data,I,W,World,POP,Population,PS,Persons,_T,Total,_T,Total,H,Historical,2011,,7110920000,,A,Normal value,0,Units,0,Zero
DATAFLOW,OECD.ELS.SAE:DSD_POPULATION@DF_POP_HIST(1.0),Historical population data,I,W,World,POP,Population,PS,Persons,_T,Total,_T,Total,H,Historical,2012,,7201200000,,A,Normal value,0,Units,0,Zero
DATAFLOW,OECD.ELS.SAE:DSD_POPULATION@DF_POP_HIST(1.0),Historical population data,I,W,World,POP,Population,PS,Persons,_T,Total,_T,Total,H,Historical,2013,,7291790000,,A,Normal value,0,Units,0,Zero
DATAFLOW,OECD.ELS.SAE:DSD_POPULATION@DF_POP_HIST(1.0),Historical population data,I,W,World,POP,Population,PS,Persons,_T,Total,_T,Total,H,Historical,2014,,7381620000,,A,Normal value,0,Units,0,Zero
DATAFLOW,OECD.ELS.SAE:DSD_POPULATION@DF_POP_HIST(1.0),Historical population data,I,W,World,POP,Population,PS,Persons,_T,Total,_T,Total,H,Historical,2015,,7470490000,,A,Normal value,0,Units,0,Zero
DATAFLOW,OECD.ELS.SAE:DSD_POPULATION@DF_POP_HIST(1.0),Historical population data,I,W,World,POP,Population,PS,Persons,_T,Total,_T,Total,H,Historical,2016,,7558550000,,A,Normal value,0,Units,0,Zero
DATAFLOW,OECD.ELS.SAE:DSD_POPULATION@DF_POP_HIST(1.0),Historical population data,I,W,World,POP,Population,PS,Persons,_T,Total,_T,Total,H,Historical,2017,,7645620000,,A,Normal value,0,Units,0,Zero
DATAFLOW,OECD.ELS.SAE:DSD_POPULATION@DF_POP_HIST(1.0),Historical population data,I,W,World,POP,Population,PS,Persons,_T,Total,_T,Total,H,Historical,2018,,7729900000,,A,Normal value,0,Units,0,Zero
DATAFLOW,OECD.ELS.SAE:DSD_POPULATION@DF_POP_HIST(1.0),Historical population data,I,W,World,POP,Population,PS,Persons,_T,Total,_T,Total,H,Historical,2019,,7811290000,,A,Normal value,0,Units,0,Zero
DATAFLOW,OECD.ELS.SAE:DSD_POPULATION@DF_POP_HIST(1.0),Historical population data,I,G20,G20,POP,Population,PS,Persons,_T,Total,_T,Total,H,Historical,1990,,3659580000,,A,Normal value,0,Units,0,Zero
DATAFLOW,OECD.ELS.SAE:DSD_POPULATION@DF_POP_HIST(1.0),Historical population data,I,G20,G20,POP,Population,PS,Persons,_T,Total,_T,Total,H,Historical,1991,,3714110000,,A,Normal value,0,Units,0,Zero
DATAFLOW,OECD.ELS.SAE:DSD_POPULATION@DF_POP_HIST(1.0),Historical population data,I,G20,G20,POP,Population,PS,Persons,_T,Total,_T,Total,H,Historical,1992,,3763540000,,A,Normal value,0,Units,0,Zero
DATAFLOW,OECD.ELS.SAE:DSD_POPULATION@DF_POP_HIST(1.0),Historical population data,I,G20,G20,POP,Population,PS,Persons,_T,Total,_T,Total,H,Historical,1993,,3811550000,,A,Normal value,0,Units,0,Zero
DATAFLOW,OECD.ELS.SAE:DSD_POPULATION@DF_POP_HIST(1.0),Historical population data,I,G20,G20,POP,Population,PS,Persons,_T,Total,_T,Total,H,Historical,1994,,3857710000,,A,Normal value,0,Units,0,Zero
DATAFLOW,OECD.ELS.SAE:DSD_POPULATION@DF_POP_HIST(1.0),Historical population data,I,G20,G20,POP,Population,PS,Persons,_T,Total,_T,Total,H,Historical,1995,,3902980000,,A,Normal value,0,Units,0,Zero
DATAFLOW,OECD.ELS.SAE:DSD_POPULATION@DF_POP_HIST(1.0),Historical population data,I,G20,G20,POP,Population,PS,Persons,_T,Total,_T,Total,H,Historical,1996,,3947850000,,A,Normal value,0,Units,0,Zero
DATAFLOW,OECD.ELS.SAE:DSD_POPULATION@DF_POP_HIST(1.0),Historical population data,I,G20,G20,POP,Population,PS,Persons,_T,Total,_T,Total,H,Historical,1997,,3992070000,,A,Normal value,0,Units,0,Zero
DATAFLOW,OECD.ELS.SAE:DSD_POPULATION@DF_POP_HIST(1.0),Historical population data,I,G20,G20,POP,Population,PS,Persons,_T,Total,_T,Total,H,Historical,1998,,4035470000,,A,Normal value,0,Units,0,Zero
DATAFLOW,OECD.ELS.SAE:DSD_POPULATION@DF_POP_HIST(1.0),Historical population data,I,G20,G20,POP,Population,PS,Persons,_T,Total,_T,Total,H,Historical,1999,,4078160000,,A,Normal value,0,Units,0,Zero
DATAFLOW,OECD.ELS.SAE:DSD_POPULATION@DF_POP_HIST(1.0),Historical population data,I,G20,G20,POP,Population,PS,Persons,_T,Total,_T,Total,H,Historical,2000,,4121570000,,A,Normal value,0,Units,0,Zero
DATAFLOW,OECD.ELS.SAE:DSD_POPULATION@DF_POP_HIST(1.0),Historical population data,I,G20,G20,POP,Population,PS,Persons,_T,Total,_T,Total,H,Historical,2001,,4164430000,,A,Normal value,0,Units,0,Zero
DATAFLOW,OECD.ELS.SAE:DSD_POPULATION@DF_POP_HIST(1.0),Historical population data,I,G20,G20,POP,Population,PS,Persons,_T,Total,_T,Total,H,Historical,2002,,4204340000,,A,Normal value,0,Units,0,Zero
DATAFLOW,OECD.ELS.SAE:DSD_POPULATION@DF_POP_HIST(1.0),Historical population data,I,G20,G20,POP,Population,PS,Persons,_T,Total,_T,Total,H,Historical,2003,,4244870000,,A,Normal value,0,Units,0,Zero
DATAFLOW,OECD.ELS.SAE:DSD_POPULATION@DF_POP_HIST(1.0),Historical population data,I,G20,G20,POP,Population,PS,Persons,_T,Total,_T,Total,H,Historical,2004,,4285270000,,A,Normal value,0,Units,0,Zero
DATAFLOW,OECD.ELS.SAE:DSD_POPULATION@DF_POP_HIST(1.0),Historical population data,I,G20,G20,POP,Population,PS,Persons,_T,Total,_T,Total,H,Historical,2005,,4325900000,,A,Normal value,0,Units,0,Zero
DATAFLOW,OECD.ELS.SAE:DSD_POPULATION@DF_POP_HIST(1.0),Historical population data,I,G20,G20,POP,Population,PS,Persons,_T,Total,_T,Total,H,Historical,2006,,4366590000,,A,Normal value,0,Units,0,Zero
DATAFLOW,OECD.ELS.SAE:DSD_POPULATION@DF_POP_HIST(1.0),Historical population data,I,G20,G20,POP,Population,PS,Persons,_T,Total,_T,Total,H,Historical,2007,,4407310000,,A,Normal value,0,Units,0,Zero
DATAFLOW,OECD.ELS.SAE:DSD_POPULATION@DF_POP_HIST(1.0),Historical population data,I,G20,G20,POP,Population,PS,Persons,_T,Total,_T,Total,H,Historical,2008,,4448210000,,A,Normal value,0,Units,0,Zero
DATAFLOW,OECD.ELS.SAE:DSD_POPULATION@DF_POP_HIST(1.0),Historical population data,I,G20,G20,POP,Population,PS,Persons,_T,Total,_T,Total,H,Historical,2009,,4489560000,,A,Normal value,0,Units,0,Zero
DATAFLOW,OECD.ELS.SAE:DSD_POPULATION@DF_POP_HIST(1.0),Historical population data,I,G20,G20,POP,Population,PS,Persons,_T,Total,_T,Total,H,Historical,2010,,4531000000,,A,Normal value,0,Units,0,Zero
DATAFLOW,OECD.ELS.SAE:DSD_POPULATION@DF_POP_HIST(1.0),Historical population data,I,G20,G20,POP,Population,PS,Persons,_T,Total,_T,Total,H,Historical,2011,,4570860000,,A,Normal value,0,Units,0,Zero
DATAFLOW,OECD.ELS.SAE:DSD_POPULATION@DF_POP_HIST(1.0),Historical population data,I,G20,G20,POP,Population,PS,Persons,_T,Total,_T,Total,H,Historical,2012,,4611960000,,A,Normal value,0,Units,0,Zero
DATAFLOW,OECD.ELS.SAE:DSD_POPULATION@DF_POP_HIST(1.0),Historical population data,I,G20,G20,POP,Population,PS,Persons,_T,Total,_T,Total,H,Historical,2013,,4652980000,,A,Normal value,0,Units,0,Zero
DATAFLOW,OECD.ELS.SAE:DSD_POPULATION@DF_POP_HIST(1.0),Historical population data,I,G20,G20,POP,Population,PS,Persons,_T,Total,_T,Total,H,Historical,2014,,4694720000,,A,Normal value,0,Units,0,Zero
DATAFLOW,OECD.ELS.SAE:DSD_POPULATION@DF_POP_HIST(1.0),Historical population data,I,G20,G20,POP,Population,PS,Persons,_T,Total,_T,Total,H,Historical,2015,,4733400000,,A,Normal value,0,Units,0,Zero
DATAFLOW,OECD.ELS.SAE:DSD_POPULATION@DF_POP_HIST(1.0),Historical population data,I,G20,G20,POP,Population,PS,Persons,_T,Total,_T,Total,H,Historical,2016,,4771540000,,A,Normal value,0,Units,0,Zero
DATAFLOW,OECD.ELS.SAE:DSD_POPULATION@DF_POP_HIST(1.0),Historical population data,I,G20,G20,POP,Population,PS,Persons,_T,Total,_T,Total,H,Historical,2017,,4807600000,,A,Normal value,0,Units,0,Zero
DATAFLOW,OECD.ELS.SAE:DSD_POPULATION@DF_POP_HIST(1.0),Historical population data,I,G20,G20,POP,Population,PS,Persons,_T,Total,_T,Total,H,Historical,2018,,4840220000,,A,Normal value,0,Units,0,Zero
DATAFLOW,OECD.ELS.SAE:DSD_POPULATION@DF_POP_HIST(1.0),Historical population data,I,G20,G20,POP,Population,PS,Persons,_T,Total,_T,Total,H,Historical,2019,,4870530000,,A,Normal value,0,Units,0,Zero
DATAFLOW,OECD.ELS.SAE:DSD_POPULATION@DF_POP_HIST(1.0),Historical population data,I,OECD,OECD,POP,Population,PS,Persons,_T,Total,_T,Total,H,Historical,1990,,1107570000,,A,Normal value,0,Units,0,Zero
DATAFLOW,OECD.ELS.SAE:DSD_POPULATION@DF_POP_HIST(1.0),Historical population data,I,OECD,OECD,POP,Population,PS,Persons,_T,Total,_T,Total,H,Historical,1991,,1119440000,,A,Normal value,0,Units,0,Zero
DATAFLOW,OECD.ELS.SAE:DSD_POPULATION@DF_POP_HIST(1.0),Historical population data,I,OECD,OECD,POP,Population,PS,Persons,_T,Total,_T,Total,H,Historical,1992,,1130030000,,A,Normal value,0,Units,0,Zero
DATAFLOW,OECD.ELS.SAE:DSD_POPULATION@DF_POP_HIST(1.0),Historical population data,I,OECD,OECD,POP,Population,PS,Persons,_T,Total,_T,Total,H,Historical,1993,,1139950000,,A,Normal value,0,Units,0,Zero
DATAFLOW,OECD.ELS.SAE:DSD_POPULATION@DF_POP_HIST(1.0),Historical population data,I,OECD,OECD,POP,Population,PS,Persons,_T,Total,_T,Total,H,Historical,1994,,1149230000,,A,Normal value,0,Units,0,Zero
DATAFLOW,OECD.ELS.SAE:DSD_POPULATION@DF_POP_HIST(1.0),Historical population data,I,OECD,OECD,POP,Population,PS,Persons,_T,Total,_T,Total,H,Historical,1995,,1158300000,,A,Normal value,0,Units,0,Zero
DATAFLOW,OECD.ELS.SAE:DSD_POPULATION@DF_POP_HIST(1.0),Historical population data,I,OECD,OECD,POP,Population,PS,Persons,_T,Total,_T,Total,H,Historical,1996,,1167190000,,A,Normal value,0,Units,0,Zero
DATAFLOW,OECD.ELS.SAE:DSD_POPULATION@DF_POP_HIST(1.0),Historical population data,I,OECD,OECD,POP,Population,PS,Persons,_T,Total,_T,Total,H,Historical,1997,,1176000000,,A,Normal value,0,Units,0,Zero
DATAFLOW,OECD.ELS.SAE:DSD_POPULATION@DF_POP_HIST(1.0),Historical population data,I,OECD,OECD,POP,Population,PS,Persons,_T,Total,_T,Total,H,Historical,1998,,1184410000,,A,Normal value,0,Units,0,Zero
DATAFLOW,OECD.ELS.SAE:DSD_POPULATION@DF_POP_HIST(1.0),Historical population data,I,OECD,OECD,POP,Population,PS,Persons,_T,Total,_T,Total,H,Historical,1999,,1192800000,,A,Normal value,0,Units,0,Zero
DATAFLOW,OECD.ELS.SAE:DSD_POPULATION@DF_POP_HIST(1.0),Historical population data,I,OECD,OECD,POP,Population,PS,Persons,_T,Total,_T,Total,H,Historical,2000,,1201550000,,A,Normal value,0,Units,0,Zero
DATAFLOW,OECD.ELS.SAE:DSD_POPULATION@DF_POP_HIST(1.0),Historical population data,I,OECD,OECD,POP,Population,PS,Persons,_T,Total,_T,Total,H,Historical,2001,,1210270000,,A,Normal value,0,Units,0,Zero
DATAFLOW,OECD.ELS.SAE:DSD_POPULATION@DF_POP_HIST(1.0),Historical population data,I,OECD,OECD,POP,Population,PS,Persons,_T,Total,_T,Total,H,Historical,2002,,1219100000,,A,Normal value,0,Units,0,Zero
DATAFLOW,OECD.ELS.SAE:DSD_POPULATION@DF_POP_HIST(1.0),Historical population data,I,OECD,OECD,POP,Population,PS,Persons,_T,Total,_T,Total,H,Historical,2003,,1227810000,,A,Normal value,0,Units,0,Zero
DATAFLOW,OECD.ELS.SAE:DSD_POPULATION@DF_POP_HIST(1.0),Historical population data,I,OECD,OECD,POP,Population,PS,Persons,_T,Total,_T,Total,H,Historical,2004,,1236530000,,A,Normal value,0,Units,0,Zero
DATAFLOW,OECD.ELS.SAE:DSD_POPULATION@DF_POP_HIST(1.0),Historical population data,I,OECD,OECD,POP,Population,PS,Persons,_T,Total,_T,Total,H,Historical,2005,,1245470000,,A,Normal value,0,Units,0,Zero
DATAFLOW,OECD.ELS.SAE:DSD_POPULATION@DF_POP_HIST(1.0),Historical population data,I,OECD,OECD,POP,Population,PS,Persons,_T,Total,_T,Total,H,Historical,2006,,1254680000,,A,Normal value,0,Units,0,Zero
DATAFLOW,OECD.ELS.SAE:DSD_POPULATION@DF_POP_HIST(1.0),Historical population data,I,OECD,OECD,POP,Population,PS,Persons,_T,Total,_T,Total,H,Historical,2007,,1264570000,,A,Normal value,0,Units,0,Zero
DATAFLOW,OECD.ELS.SAE:DSD_POPULATION@DF_POP_HIST(1.0),Historical population data,I,OECD,OECD,POP,Population,PS,Persons,_T,Total,_T,Total,H,Historical,2008,,1274740000,,A,Normal value,0,Units,0,Zero
DATAFLOW,OECD.ELS.SAE:DSD_POPULATION@DF_POP_HIST(1.0),Historical population data,I,OECD,OECD,POP,Population,PS,Persons,_T,Total,_T,Total,H,Historical,2009,,1284010000,,A,Normal value,0,Units,0,Zero
DATAFLOW,OECD.ELS.SAE:DSD_POPULATION@DF_POP_HIST(1.0),Historical population data,I,OECD,OECD,POP,Population,PS,Persons,_T,Total,_T,Total,H,Historical,2010,,1293230000,,A,Normal value,0,Units,0,Zero
DATAFLOW,OECD.ELS.SAE:DSD_POPULATION@DF_POP_HIST(1.0),Historical population data,I,OECD,OECD,POP,Population,PS,Persons,_T,Total,_T,Total,H,Historical,2011,,1299970000,,A,Normal value,0,Units,0,Zero
DATAFLOW,OECD.ELS.SAE:DSD_POPULATION@DF_POP_HIST(1.0),Historical population data,I,OECD,OECD,POP,Population,PS,Persons,_T,Total,_T,Total,H,Historical,2012,,1307850000,,A,Normal value,0,Units,0,Zero
DATAFLOW,OECD.ELS.SAE:DSD_POPULATION@DF_POP_HIST(1.0),Historical population data,I,OECD,OECD,POP,Population,PS,Persons,_T,Total,_T,Total,H,Historical,2013,,1315350000,,A,Normal value,0,Units,0,Zero
DATAFLOW,OECD.ELS.SAE:DSD_POPULATION@DF_POP_HIST(1.0),Historical population data,I,OECD,OECD,POP,Population,PS,Persons,_T,Total,_T,Total,H,Historical,2014,,1323440000,,A,Normal value,0,Units,0,Zero
DATAFLOW,OECD.ELS.SAE:DSD_POPULATION@DF_POP_HIST(1.0),Historical population data,I,OECD,OECD,POP,Population,PS,Persons,_T,Total,_T,Total,H,Historical,2015,,1331490000,,A,Normal value,0,Units,0,Zero
DATAFLOW,OECD.ELS.SAE:DSD_POPULATION@DF_POP_HIST(1.0),Historical population data,I,OECD,OECD,POP,Population,PS,Persons,_T,Total,_T,Total,H,Historical,2016,,1339860000,,A,Normal value,0,Units,0,Zero
DATAFLOW,OECD.ELS.SAE:DSD_POPULATION@DF_POP_HIST(1.0),Historical population data,I,OECD,OECD,POP,Population,PS,Persons,_T,Total,_T,Total,H,Historical,2017,,1347490000,,A,Normal value,0,Units,0,Zero
DATAFLOW,OECD.ELS.SAE:DSD_POPULATION@DF_POP_HIST(1.0),Historical population data,I,OECD,OECD,POP,Population,PS,Persons,_T,Total,_T,Total,H,Historical,2018,,1355340000,,A,Normal value,0,Units,0,Zero
DATAFLOW,OECD.ELS.SAE:DSD_POPULATION@DF_POP_HIST(1.0),Historical population data,I,OECD,OECD,POP,Population,PS,Persons,_T,Total,_T,Total,H,Historical,2019,,1363440000,,A,Normal value,0,Units,0,Zero
DATAFLOW,OECD.ELS.SAE:DSD_POPULATION@DF_POP_HIST(1.0),Historical population data,I,SAU,Saudi Arabia,POP,Population,PS,Persons,_T,Total,_T,Total,H,Historical,1990,,10640691,,A,Normal value,0,Units,0,Zero
DATAFLOW,OECD.ELS.SAE:DSD_POPULATION@DF_POP_HIST(1.0),Historical population data,I,SAU,Saudi Arabia,POP,Population,PS,Persons,_T,Total,_T,Total,H,Historical,1991,,11160744,,A,Normal value,0,Units,0,Zero
DATAFLOW,OECD.ELS.SAE:DSD_POPULATION@DF_POP_HIST(1.0),Historical population data,I,SAU,Saudi Arabia,POP,Population,PS,Persons,_T,Total,_T,Total,H,Historical,1992,,11686676,,A,Normal value,0,Units,0,Zero
DATAFLOW,OECD.ELS.SAE:DSD_POPULATION@DF_POP_HIST(1.0),Historical population data,I,SAU,Saudi Arabia,POP,Population,PS,Persons,_T,Total,_T,Total,H,Historical,1993,,12215862,,A,Normal value,0,Units,0,Zero
DATAFLOW,OECD.ELS.SAE:DSD_POPULATION@DF_POP_HIST(1.0),Historical population data,I,SAU,Saudi Arabia,POP,Population,PS,Persons,_T,Total,_T,Total,H,Historical,1994,,12750040,,A,Normal value,0,Units,0,Zero
DATAFLOW,OECD.ELS.SAE:DSD_POPULATION@DF_POP_HIST(1.0),Historical population data,I,SAU,Saudi Arabia,POP,Population,PS,Persons,_T,Total,_T,Total,H,Historical,1995,,13289245,,A,Normal value,0,Units,0,Zero
DATAFLOW,OECD.ELS.SAE:DSD_POPULATION@DF_POP_HIST(1.0),Historical population data,I,SAU,Saudi Arabia,POP,Population,PS,Persons,_T,Total,_T,Total,H,Historical,1996,,13831009,,A,Normal value,0,Units,0,Zero
DATAFLOW,OECD.ELS.SAE:DSD_POPULATION@DF_POP_HIST(1.0),Historical population data,I,SAU,Saudi Arabia,POP,Population,PS,Persons,_T,Total,_T,Total,H,Historical,1997,,14374943,,A,Normal value,0,Units,0,Zero
DATAFLOW,OECD.ELS.SAE:DSD_POPULATION@DF_POP_HIST(1.0),Historical population data,I,SAU,Saudi Arabia,POP,Population,PS,Persons,_T,Total,_T,Total,H,Historical,1998,,14922185,,A,Normal value,0,Units,0,Zero
DATAFLOW,OECD.ELS.SAE:DSD_POPULATION@DF_POP_HIST(1.0),Historical population data,I,SAU,Saudi Arabia,POP,Population,PS,Persons,_T,Total,_T,Total,H,Historical,1999,,15472075,,A,Normal value,0,Units,0,Zero
DATAFLOW,OECD.ELS.SAE:DSD_POPULATION@DF_POP_HIST(1.0),Historical population data,I,SAU,Saudi Arabia,POP,Population,PS,Persons,_T,Total,_T,Total,H,Historical,2000,,16177722,,A,Normal value,0,Units,0,Zero
DATAFLOW,OECD.ELS.SAE:DSD_POPULATION@DF_POP_HIST(1.0),Historical population data,I,SAU,Saudi Arabia,POP,Population,PS,Persons,_T,Total,_T,Total,H,Historical,2001,,17041397,,A,Normal value,0,Units,0,Zero
DATAFLOW,OECD.ELS.SAE:DSD_POPULATION@DF_POP_HIST(1.0),Historical population data,I,SAU,Saudi Arabia,POP,Population,PS,Persons,_T,Total,_T,Total,H,Historical,2002,,17910910,,A,Normal value,0,Units,0,Zero
DATAFLOW,OECD.ELS.SAE:DSD_POPULATION@DF_POP_HIST(1.0),Historical population data,I,SAU,Saudi Arabia,POP,Population,PS,Persons,_T,Total,_T,Total,H,Historical,2003,,18786767,,A,Normal value,0,Units,0,Zero
DATAFLOW,OECD.ELS.SAE:DSD_POPULATION@DF_POP_HIST(1.0),Historical population data,I,SAU,Saudi Arabia,POP,Population,PS,Persons,_T,Total,_T,Total,H,Historical,2004,,19669480,,A,Normal value,0,Units,0,Zero
DATAFLOW,OECD.ELS.SAE:DSD_POPULATION@DF_POP_HIST(1.0),Historical population data,I,SAU,Saudi Arabia,POP,Population,PS,Persons,_T,Total,_T,Total,H,Historical,2005,,20559890,,A,Normal value,0,Units,0,Zero
DATAFLOW,OECD.ELS.SAE:DSD_POPULATION@DF_POP_HIST(1.0),Historical population data,I,SAU,Saudi Arabia,POP,Population,PS,Persons,_T,Total,_T,Total,H,Historical,2006,,21459144,,A,Normal value,0,Units,0,Zero
DATAFLOW,OECD.ELS.SAE:DSD_POPULATION@DF_POP_HIST(1.0),Historical population data,I,SAU,Saudi Arabia,POP,Population,PS,Persons,_T,Total,_T,Total,H,Historical,2007,,22368313,,A,Normal value,0,Units,0,Zero
DATAFLOW,OECD.ELS.SAE:DSD_POPULATION@DF_POP_HIST(1.0),Historical population data,I,SAU,Saudi Arabia,POP,Population,PS,Persons,_T,Total,_T,Total,H,Historical,2008,,23287877,,A,Normal value,0,Units,0,Zero
DATAFLOW,OECD.ELS.SAE:DSD_POPULATION@DF_POP_HIST(1.0),Historical population data,I,SAU,Saudi Arabia,POP,Population,PS,Persons,_T,Total,_T,Total,H,Historical,2009,,24217654,,A,Normal value,0,Units,0,Zero
DATAFLOW,OECD.ELS.SAE:DSD_POPULATION@DF_POP_HIST(1.0),Historical population data,I,SAU,Saudi Arabia,POP,Population,PS,Persons,_T,Total,_T,Total,H,Historical,2010,,23978487,,A,Normal value,0,Units,0,Zero
DATAFLOW,OECD.ELS.SAE:DSD_POPULATION@DF_POP_HIST(1.0),Historical population data,I,SAU,Saudi Arabia,POP,Population,PS,Persons,_T,Total,_T,Total,H,Historical,2011,,25091867,,A,Normal value,0,Units,0,Zero
DATAFLOW,OECD.ELS.SAE:DSD_POPULATION@DF_POP_HIST(1.0),Historical population data,I,SAU,Saudi Arabia,POP,Population,PS,Persons,_T,Total,_T,Total,H,Historical,2012,,26168861,,A,Normal value,0,Units,0,Zero
DATAFLOW,OECD.ELS.SAE:DSD_POPULATION@DF_POP_HIST(1.0),Historical population data,I,SAU,Saudi Arabia,POP,Population,PS,Persons,_T,Total,_T,Total,H,Historical,2013,,27624004,,A,Normal value,0,Units,0,Zero
DATAFLOW,OECD.ELS.SAE:DSD_POPULATION@DF_POP_HIST(1.0),Historical population data,I,SAU,Saudi Arabia,POP,Population,PS,Persons,_T,Total,_T,Total,H,Historical,2014,,28309273,,A,Normal value,0,Units,0,Zero
DATAFLOW,OECD.ELS.SAE:DSD_POPULATION@DF_POP_HIST(1.0),Historical population data,I,SAU,Saudi Arabia,POP,Population,PS,Persons,_T,Total,_T,Total,H,Historical,2015,,29816382,,A,Normal value,0,Units,0,Zero
DATAFLOW,OECD.ELS.SAE:DSD_POPULATION@DF_POP_HIST(1.0),Historical population data,I,SAU,Saudi Arabia,POP,Population,PS,Persons,_T,Total,_T,Total,H,Historical,2016,,30954198,,A,Normal value,0,Units,0,Zero
DATAFLOW,OECD.ELS.SAE:DSD_POPULATION@DF_POP_HIST(1.0),Historical population data,I,SAU,Saudi Arabia,POP,Population,PS,Persons,_T,Total,_T,Total,H,Historical,2017,,30977355,,A,Normal value,0,Units,0,Zero
DATAFLOW,OECD.ELS.SAE:DSD_POPULATION@DF_POP_HIST(1.0),Historical population data,I,SAU,Saudi Arabia,POP,Population,PS,Persons,_T,Total,_T,Total,H,Historical,2018,,30196281,,A,Normal value,0,Units,0,Zero
DATAFLOW,OECD.ELS.SAE:DSD_POPULATION@DF_POP_HIST(1.0),Historical population data,I,SAU,Saudi Arabia,POP,Population,PS,Persons,_T,Total,_T,Total,H,Historical,2019,,30063799,,A,Normal value,0,Units,0,Zero
DATAFLOW,OECD.ELS.SAE:DSD_POPULATION@DF_POP_HIST(1.0),Historical population data,I,ZAF,South Africa,POP,Population,PS,Persons,_T,Total,_T,Total,H,Historical,1990,,40746268,,A,Normal value,0,Units,0,Zero
DATAFLOW,OECD.ELS.SAE:DSD_POPULATION@DF_POP_HIST(1.0),Historical population data,I,ZAF,South Africa,POP,Population,PS,Persons,_T,Total,_T,Total,H,Historical,1991,,41687898,,A,Normal value,0,Units,0,Zero
DATAFLOW,OECD.ELS.SAE:DSD_POPULATION@DF_POP_HIST(1.0),Historical population data,I,ZAF,South Africa,POP,Population,PS,Persons,_T,Total,_T,Total,H,Historical,1992,,42443509,,A,Normal value,0,Units,0,Zero
DATAFLOW,OECD.ELS.SAE:DSD_POPULATION@DF_POP_HIST(1.0),Historical population data,I,ZAF,South Africa,POP,Population,PS,Persons,_T,Total,_T,Total,H,Historical,1993,,43297156,,A,Normal value,0,Units,0,Zero
DATAFLOW,OECD.ELS.SAE:DSD_POPULATION@DF_POP_HIST(1.0),Historical population data,I,ZAF,South Africa,POP,Population,PS,Persons,_T,Total,_T,Total,H,Historical,1994,,44004139,,A,Normal value,0,Units,0,Zero
DATAFLOW,OECD.ELS.SAE:DSD_POPULATION@DF_POP_HIST(1.0),Historical population data,I,ZAF,South Africa,POP,Population,PS,Persons,_T,Total,_T,Total,H,Historical,1995,,44541554,,A,Normal value,0,Units,0,Zero
DATAFLOW,OECD.ELS.SAE:DSD_POPULATION@DF_POP_HIST(1.0),Historical population data,I,ZAF,South Africa,POP,Population,PS,Persons,_T,Total,_T,Total,H,Historical,1996,,45123018,,A,Normal value,0,Units,0,Zero
DATAFLOW,OECD.ELS.SAE:DSD_POPULATION@DF_POP_HIST(1.0),Historical population data,I,ZAF,South Africa,POP,Population,PS,Persons,_T,Total,_T,Total,H,Historical,1997,,45666838,,A,Normal value,0,Units,0,Zero
DATAFLOW,OECD.ELS.SAE:DSD_POPULATION@DF_POP_HIST(1.0),Historical population data,I,ZAF,South Africa,POP,Population,PS,Persons,_T,Total,_T,Total,H,Historical,1998,,46223880,,A,Normal value,0,Units,0,Zero
DATAFLOW,OECD.ELS.SAE:DSD_POPULATION@DF_POP_HIST(1.0),Historical population data,I,ZAF,South Africa,POP,Population,PS,Persons,_T,Total,_T,Total,H,Historical,1999,,46730335,,A,Normal value,0,Units,0,Zero
DATAFLOW,OECD.ELS.SAE:DSD_POPULATION@DF_POP_HIST(1.0),Historical population data,I,ZAF,South Africa,POP,Population,PS,Persons,_T,Total,_T,Total,H,Historical,2000,,47159719,,A,Normal value,0,Units,0,Zero
DATAFLOW,OECD.ELS.SAE:DSD_POPULATION@DF_POP_HIST(1.0),Historical population data,I,ZAF,South Africa,POP,Population,PS,Persons,_T,Total,_T,Total,H,Historical,2001,,47566800,,A,Normal value,0,Units,0,Zero
DATAFLOW,OECD.ELS.SAE:DSD_POPULATION@DF_POP_HIST(1.0),Historical population data,I,ZAF,South Africa,POP,Population,PS,Persons,_T,Total,_T,Total,H,Historical,2002,,46572861,,A,Normal value,0,Units,0,Zero
DATAFLOW,OECD.ELS.SAE:DSD_POPULATION@DF_POP_HIST(1.0),Historical population data,I,ZAF,South Africa,POP,Population,PS,Persons,_T,Total,_T,Total,H,Historical,2003,,47005180,,A,Normal value,0,Units,0,Zero
DATAFLOW,OECD.ELS.SAE:DSD_POPULATION@DF_POP_HIST(1.0),Historical population data,I,ZAF,South Africa,POP,Population,PS,Persons,_T,Total,_T,Total,H,Historical,2004,,47504691,,A,Normal value,0,Units,0,Zero
DATAFLOW,OECD.ELS.SAE:DSD_POPULATION@DF_POP_HIST(1.0),Historical population data,I,ZAF,South Africa,POP,Population,PS,Persons,_T,Total,_T,Total,H,Historical,2005,,48060577,,A,Normal value,0,Units,0,Zero
DATAFLOW,OECD.ELS.SAE:DSD_POPULATION@DF_POP_HIST(1.0),Historical population data,I,ZAF,South Africa,POP,Population,PS,Persons,_T,Total,_T,Total,H,Historical,2006,,48642306,,A,Normal value,0,Units,0,Zero
DATAFLOW,OECD.ELS.SAE:DSD_POPULATION@DF_POP_HIST(1.0),Historical population data,I,ZAF,South Africa,POP,Population,PS,Persons,_T,Total,_T,Total,H,Historical,2007,,49264665,,A,Normal value,0,Units,0,Zero
DATAFLOW,OECD.ELS.SAE:DSD_POPULATION@DF_POP_HIST(1.0),Historical population data,I,ZAF,South Africa,POP,Population,PS,Persons,_T,Total,_T,Total,H,Historical,2008,,49935872,,A,Normal value,0,Units,0,Zero
DATAFLOW,OECD.ELS.SAE:DSD_POPULATION@DF_POP_HIST(1.0),Historical population data,I,ZAF,South Africa,POP,Population,PS,Persons,_T,Total,_T,Total,H,Historical,2009,,50653813,,A,Normal value,0,Units,0,Zero
DATAFLOW,OECD.ELS.SAE:DSD_POPULATION@DF_POP_HIST(1.0),Historical population data,I,ZAF,South Africa,POP,Population,PS,Persons,_T,Total,_T,Total,H,Historical,2010,,51405009,,A,Normal value,0,Units,0,Zero
DATAFLOW,OECD.ELS.SAE:DSD_POPULATION@DF_POP_HIST(1.0),Historical population data,I,ZAF,South Africa,POP,Population,PS,Persons,_T,Total,_T,Total,H,Historical,2011,,52217038,,A,Normal value,0,Units,0,Zero
DATAFLOW,OECD.ELS.SAE:DSD_POPULATION@DF_POP_HIST(1.0),Historical population data,I,ZAF,South Africa,POP,Population,PS,Persons,_T,Total,_T,Total,H,Historical,2012,,53068330,,A,Normal value,0,Units,0,Zero
DATAFLOW,OECD.ELS.SAE:DSD_POPULATION@DF_POP_HIST(1.0),Historical population data,I,ZAF,South Africa,POP,Population,PS,Persons,_T,Total,_T,Total,H,Historical,2013,,53940104,,A,Normal value,0,Units,0,Zero
DATAFLOW,OECD.ELS.SAE:DSD_POPULATION@DF_POP_HIST(1.0),Historical population data,I,ZAF,South Africa,POP,Population,PS,Persons,_T,Total,_T,Total,H,Historical,2014,,54829783,,A,Normal value,0,Units,0,Zero
DATAFLOW,OECD.ELS.SAE:DSD_POPULATION@DF_POP_HIST(1.0),Historical population data,I,ZAF,South Africa,POP,Population,PS,Persons,_T,Total,_T,Total,H,Historical,2015,,55710675,,A,Normal value,0,Units,0,Zero
DATAFLOW,OECD.ELS.SAE:DSD_POPULATION@DF_POP_HIST(1.0),Historical population data,I,ZAF,South Africa,POP,Population,PS,Persons,_T,Total,_T,Total,H,Historical,2016,,56543365,,A,Normal value,0,Units,0,Zero
DATAFLOW,OECD.ELS.SAE:DSD_POPULATION@DF_POP_HIST(1.0),Historical population data,I,ZAF,South Africa,POP,Population,PS,Persons,_T,Total,_T,Total,H,Historical,2017,,57366323,,A,Normal value,0,Units,0,Zero
DATAFLOW,OECD.ELS.SAE:DSD_POPULATION@DF_POP_HIST(1.0),Historical population data,I,ZAF,South Africa,POP,Population,PS,Persons,_T,Total,_T,Total,H,Historical,2018,,58233213,,A,Normal value,0,Units,0,Zero
DATAFLOW,OECD.ELS.SAE:DSD_POPULATION@DF_POP_HIST(1.0),Historical population data,I,ZAF,South Africa,POP,Population,PS,Persons,_T,Total,_T,Total,H,Historical,2019,,59131136,,A,Normal value,0,Units,0,Zero
DATAFLOW,OECD.ELS.SAE:DSD_POPULATION@DF_POP_HIST(1.0),Historical population data,I,EU27,European Union (27 countries),POP,Population,PS,Persons,_T,Total,_T,Total,H,Historical,1990,,418755049,,A,Normal value,0,Units,0,Zero
DATAFLOW,OECD.ELS.SAE:DSD_POPULATION@DF_POP_HIST(1.0),Historical population data,I,EU27,European Union (27 countries),POP,Population,PS,Persons,_T,Total,_T,Total,H,Historical,1991,,421350472,,A,Normal value,0,Units,0,Zero
DATAFLOW,OECD.ELS.SAE:DSD_POPULATION@DF_POP_HIST(1.0),Historical population data,I,EU27,European Union (27 countries),POP,Population,PS,Persons,_T,Total,_T,Total,H,Historical,1992,,422630571,,A,Normal value,0,Units,0,Zero
DATAFLOW,OECD.ELS.SAE:DSD_POPULATION@DF_POP_HIST(1.0),Historical population data,I,EU27,European Union (27 countries),POP,Population,PS,Persons,_T,Total,_T,Total,H,Historical,1993,,423877393,,A,Normal value,0,Units,0,Zero
DATAFLOW,OECD.ELS.SAE:DSD_POPULATION@DF_POP_HIST(1.0),Historical population data,I,EU27,European Union (27 countries),POP,Population,PS,Persons,_T,Total,_T,Total,H,Historical,1994,,424770932,,A,Normal value,0,Units,0,Zero
DATAFLOW,OECD.ELS.SAE:DSD_POPULATION@DF_POP_HIST(1.0),Historical population data,I,EU27,European Union (27 countries),POP,Population,PS,Persons,_T,Total,_T,Total,H,Historical,1995,,425497367,,A,Normal value,0,Units,0,Zero
DATAFLOW,OECD.ELS.SAE:DSD_POPULATION@DF_POP_HIST(1.0),Historical population data,I,EU27,European Union (27 countries),POP,Population,PS,Persons,_T,Total,_T,Total,H,Historical,1996,,426168067,,A,Normal value,0,Units,0,Zero
DATAFLOW,OECD.ELS.SAE:DSD_POPULATION@DF_POP_HIST(1.0),Historical population data,I,EU27,European Union (27 countries),POP,Population,PS,Persons,_T,Total,_T,Total,H,Historical,1997,,426734824,,A,Normal value,0,Units,0,Zero
DATAFLOW,OECD.ELS.SAE:DSD_POPULATION@DF_POP_HIST(1.0),Historical population data,I,EU27,European Union (27 countries),POP,Population,PS,Persons,_T,Total,_T,Total,H,Historical,1998,,427210645,,A,Normal value,0,Units,0,Zero
DATAFLOW,OECD.ELS.SAE:DSD_POPULATION@DF_POP_HIST(1.0),Historical population data,I,EU27,European Union (27 countries),POP,Population,PS,Persons,_T,Total,_T,Total,H,Historical,1999,,427822651,,A,Normal value,0,Units,0,Zero
DATAFLOW,OECD.ELS.SAE:DSD_POPULATION@DF_POP_HIST(1.0),Historical population data,I,EU27,European Union (27 countries),POP,Population,PS,Persons,_T,Total,_T,Total,H,Historical,2000,,428744343,,A,Normal value,0,Units,0,Zero
DATAFLOW,OECD.ELS.SAE:DSD_POPULATION@DF_POP_HIST(1.0),Historical population data,I,EU27,European Union (27 countries),POP,Population,PS,Persons,_T,Total,_T,Total,H,Historical,2002,,430372731,,A,Normal value,0,Units,0,Zero
DATAFLOW,OECD.ELS.SAE:DSD_POPULATION@DF_POP_HIST(1.0),Historical population data,I,EU27,European Union (27 countries),POP,Population,PS,Persons,_T,Total,_T,Total,H,Historical,2003,,432005738,,A,Normal value,0,Units,0,Zero
DATAFLOW,OECD.ELS.SAE:DSD_POPULATION@DF_POP_HIST(1.0),Historical population data,I,EU27,European Union (27 countries),POP,Population,PS,Persons,_T,Total,_T,Total,H,Historical,2004,,433608119,,A,Normal value,0,Units,0,Zero
DATAFLOW,OECD.ELS.SAE:DSD_POPULATION@DF_POP_HIST(1.0),Historical population data,I,EU27,European Union (27 countries),POP,Population,PS,Persons,_T,Total,_T,Total,H,Historical,2005,,435277031,,A,Normal value,0,Units,0,Zero
DATAFLOW,OECD.ELS.SAE:DSD_POPULATION@DF_POP_HIST(1.0),Historical population data,I,EU27,European Union (27 countries),POP,Population,PS,Persons,_T,Total,_T,Total,H,Historical,2006,,436686798,,A,Normal value,0,Units,0,Zero
DATAFLOW,OECD.ELS.SAE:DSD_POPULATION@DF_POP_HIST(1.0),Historical population data,I,EU27,European Union (27 countries),POP,Population,PS,Persons,_T,Total,_T,Total,H,Historical,2007,,438277869,,A,Normal value,0,Units,0,Zero
DATAFLOW,OECD.ELS.SAE:DSD_POPULATION@DF_POP_HIST(1.0),Historical population data,I,EU27,European Union (27 countries),POP,Population,PS,Persons,_T,Total,_T,Total,H,Historical,2008,,439805662,,A,Normal value,0,Units,0,Zero
DATAFLOW,OECD.ELS.SAE:DSD_POPULATION@DF_POP_HIST(1.0),Historical population data,I,EU27,European Union (27 countries),POP,Population,PS,Persons,_T,Total,_T,Total,H,Historical,2009,,440917841,,A,Normal value,0,Units,0,Zero
DATAFLOW,OECD.ELS.SAE:DSD_POPULATION@DF_POP_HIST(1.0),Historical population data,I,EU27,European Union (27 countries),POP,Population,PS,Persons,_T,Total,_T,Total,H,Historical,2010,,442064109,,A,Normal value,0,Units,0,Zero
DATAFLOW,OECD.ELS.SAE:DSD_POPULATION@DF_POP_HIST(1.0),Historical population data,I,EU27,European Union (27 countries),POP,Population,PS,Persons,_T,Total,_T,Total,H,Historical,2011,,441265066,,A,Normal value,0,Units,0,Zero
DATAFLOW,OECD.ELS.SAE:DSD_POPULATION@DF_POP_HIST(1.0),Historical population data,I,EU27,European Union (27 countries),POP,Population,PS,Persons,_T,Total,_T,Total,H,Historical,2012,,441909106,,A,Normal value,0,Units,0,Zero
DATAFLOW,OECD.ELS.SAE:DSD_POPULATION@DF_POP_HIST(1.0),Historical population data,I,EU27,European Union (27 countries),POP,Population,PS,Persons,_T,Total,_T,Total,H,Historical,2013,,442342482,,A,Normal value,0,Units,0,Zero
DATAFLOW,OECD.ELS.SAE:DSD_POPULATION@DF_POP_HIST(1.0),Historical population data,I,EU27,European Union (27 countries),POP,Population,PS,Persons,_T,Total,_T,Total,H,Historical,2014,,443097901,,A,Normal value,0,Units,0,Zero
DATAFLOW,OECD.ELS.SAE:DSD_POPULATION@DF_POP_HIST(1.0),Historical population data,I,EU27,European Union (27 countries),POP,Population,PS,Persons,_T,Total,_T,Total,H,Historical,2015,,443950469,,A,Normal value,0,Units,0,Zero
DATAFLOW,OECD.ELS.SAE:DSD_POPULATION@DF_POP_HIST(1.0),Historical population data,I,EU27,European Union (27 countries),POP,Population,PS,Persons,_T,Total,_T,Total,H,Historical,2016,,444878536,,A,Normal value,0,Units,0,Zero
DATAFLOW,OECD.ELS.SAE:DSD_POPULATION@DF_POP_HIST(1.0),Historical population data,I,EU27,European Union (27 countries),POP,Population,PS,Persons,_T,Total,_T,Total,H,Historical,2017,,445521630,,A,Normal value,0,Units,0,Zero
DATAFLOW,OECD.ELS.SAE:DSD_POPULATION@DF_POP_HIST(1.0),Historical population data,I,EU27,European Union (27 countries),POP,Population,PS,Persons,_T,Total,_T,Total,H,Historical,2018,,446298731,,A,Normal value,0,Units,0,Zero
DATAFLOW,OECD.ELS.SAE:DSD_POPULATION@DF_POP_HIST(1.0),Historical population data,I,EU27,European Union (27 countries),POP,Population,PS,Persons,_T,Total,_T,Total,H,Historical,2019,,447242570,,A,Normal value,0,Units,0,Zero
DATAFLOW,OECD.ELS.SAE:DSD_POPULATION@DF_POP_HIST(1.0),Historical population data,I,HRV,Croatia,POP,Population,PS,Persons,_T,Total,_T,Total,H,Historical,1990,,4835065,,A,Normal value,0,Units,0,Zero
DATAFLOW,OECD.ELS.SAE:DSD_POPULATION@DF_POP_HIST(1.0),Historical population data,I,HRV,Croatia,POP,Population,PS,Persons,_T,Total,_T,Total,H,Historical,1991,,4825157,,A,Normal value,0,Units,0,Zero
DATAFLOW,OECD.ELS.SAE:DSD_POPULATION@DF_POP_HIST(1.0),Historical population data,I,HRV,Croatia,POP,Population,PS,Persons,_T,Total,_T,Total,H,Historical,1992,,4782233,,A,Normal value,0,Units,0,Zero
DATAFLOW,OECD.ELS.SAE:DSD_POPULATION@DF_POP_HIST(1.0),Historical population data,I,HRV,Croatia,POP,Population,PS,Persons,_T,Total,_T,Total,H,Historical,1993,,4729743,,A,Normal value,0,Units,0,Zero
DATAFLOW,OECD.ELS.SAE:DSD_POPULATION@DF_POP_HIST(1.0),Historical population data,I,HRV,Croatia,POP,Population,PS,Persons,_T,Total,_T,Total,H,Historical,1994,,4675514,,A,Normal value,0,Units,0,Zero
DATAFLOW,OECD.ELS.SAE:DSD_POPULATION@DF_POP_HIST(1.0),Historical population data,I,HRV,Croatia,POP,Population,PS,Persons,_T,Total,_T,Total,H,Historical,1995,,4619360,,A,Normal value,0,Units,0,Zero
DATAFLOW,OECD.ELS.SAE:DSD_POPULATION@DF_POP_HIST(1.0),Historical population data,I,HRV,Croatia,POP,Population,PS,Persons,_T,Total,_T,Total,H,Historical,1996,,4562299,,A,Normal value,0,Units,0,Zero
DATAFLOW,OECD.ELS.SAE:DSD_POPULATION@DF_POP_HIST(1.0),Historical population data,I,HRV,Croatia,POP,Population,PS,Persons,_T,Total,_T,Total,H,Historical,1997,,4504621,,A,Normal value,0,Units,0,Zero
DATAFLOW,OECD.ELS.SAE:DSD_POPULATION@DF_POP_HIST(1.0),Historical population data,I,HRV,Croatia,POP,Population,PS,Persons,_T,Total,_T,Total,H,Historical,1998,,4445667,,A,Normal value,0,Units,0,Zero
DATAFLOW,OECD.ELS.SAE:DSD_POPULATION@DF_POP_HIST(1.0),Historical population data,I,HRV,Croatia,POP,Population,PS,Persons,_T,Total,_T,Total,H,Historical,1999,,4385822,,A,Normal value,0,Units,0,Zero
DATAFLOW,OECD.ELS.SAE:DSD_POPULATION@DF_POP_HIST(1.0),Historical population data,I,HRV,Croatia,POP,Population,PS,Persons,_T,Total,_T,Total,H,Historical,2000,,4326105,,A,Normal value,0,Units,0,Zero
DATAFLOW,OECD.ELS.SAE:DSD_POPULATION@DF_POP_HIST(1.0),Historical population data,I,HRV,Croatia,POP,Population,PS,Persons,_T,Total,_T,Total,H,Historical,2012,,4260368,,A,Normal value,0,Units,0,Zero
DATAFLOW,OECD.ELS.SAE:DSD_POPULATION@DF_POP_HIST(1.0),Historical population data,I,HRV,Croatia,POP,Population,PS,Persons,_T,Total,_T,Total,H,Historical,2013,,4233922,,A,Normal value,0,Units,0,Zero
DATAFLOW,OECD.ELS.SAE:DSD_POPULATION@DF_POP_HIST(1.0),Historical population data,I,HRV,Croatia,POP,Population,PS,Persons,_T,Total,_T,Total,H,Historical,2014,,4201598,,A,Normal value,0,Units,0,Zero
DATAFLOW,OECD.ELS.SAE:DSD_POPULATION@DF_POP_HIST(1.0),Historical population data,I,HRV,Croatia,POP,Population,PS,Persons,_T,Total,_T,Total,H,Historical,2015,,4151725,,A,Normal value,0,Units,0,Zero
DATAFLOW,OECD.ELS.SAE:DSD_POPULATION@DF_POP_HIST(1.0),Historical population data,I,HRV,Croatia,POP,Population,PS,Persons,_T,Total,_T,Total,H,Historical,2016,,4106867,,A,Normal value,0,Units,0,Zero
DATAFLOW,OECD.ELS.SAE:DSD_POPULATION@DF_POP_HIST(1.0),Historical population data,I,HRV,Croatia,POP,Population,PS,Persons,_T,Total,_T,Total,H,Historical,2017,,4041407,,A,Normal value,0,Units,0,Zero
DATAFLOW,OECD.ELS.SAE:DSD_POPULATION@DF_POP_HIST(1.0),Historical population data,I,HRV,Croatia,POP,Population,PS,Persons,_T,Total,_T,Total,H,Historical,2018,,3988775,,A,Normal value,0,Units,0,Zero
DATAFLOW,OECD.ELS.SAE:DSD_POPULATION@DF_POP_HIST(1.0),Historical population data,I,HRV,Croatia,POP,Population,PS,Persons,_T,Total,_T,Total,H,Historical,2019,,3949390,,A,Normal value,0,Units,0,Zero
DATAFLOW,OECD.ELS.SAE:DSD_POPULATION@DF_POP_HIST(1.0),Historical population data,I,CAN,Canada,POP,Population,PS,Persons,_T,Total,_T,Total,H,Historical,2001,,31020855,,A,Normal value,0,Units,0,Zero
DATAFLOW,OECD.ELS.SAE:DSD_POPULATION@DF_POP_HIST(1.0),Historical population data,I,CAN,Canada,POP,Population,PS,Persons,_T,Total,_T,Total,H,Historical,2002,,31359199,,A,Normal value,0,Units,0,Zero
DATAFLOW,OECD.ELS.SAE:DSD_POPULATION@DF_POP_HIST(1.0),Historical population data,I,CAN,Canada,POP,Population,PS,Persons,_T,Total,_T,Total,H,Historical,2003,,31642461,,A,Normal value,0,Units,0,Zero
DATAFLOW,OECD.ELS.SAE:DSD_POPULATION@DF_POP_HIST(1.0),Historical population data,I,CAN,Canada,POP,Population,PS,Persons,_T,Total,_T,Total,H,Historical,2004,,31938807,,A,Normal value,0,Units,0,Zero
DATAFLOW,OECD.ELS.SAE:DSD_POPULATION@DF_POP_HIST(1.0),Historical population data,I,CAN,Canada,POP,Population,PS,Persons,_T,Total,_T,Total,H,Historical,2005,,32242732,,A,Normal value,0,Units,0,Zero
DATAFLOW,OECD.ELS.SAE:DSD_POPULATION@DF_POP_HIST(1.0),Historical population data,I,CAN,Canada,POP,Population,PS,Persons,_T,Total,_T,Total,H,Historical,2006,,32571193,,A,Normal value,0,Units,0,Zero
DATAFLOW,OECD.ELS.SAE:DSD_POPULATION@DF_POP_HIST(1.0),Historical population data,I,CAN,Canada,POP,Population,PS,Persons,_T,Total,_T,Total,H,Historical,2007,,32888886,,A,Normal value,0,Units,0,Zero
DATAFLOW,OECD.ELS.SAE:DSD_POPULATION@DF_POP_HIST(1.0),Historical population data,I,CAN,Canada,POP,Population,PS,Persons,_T,Total,_T,Total,H,Historical,2008,,33247298,,A,Normal value,0,Units,0,Zero
DATAFLOW,OECD.ELS.SAE:DSD_POPULATION@DF_POP_HIST(1.0),Historical population data,I,CAN,Canada,POP,Population,PS,Persons,_T,Total,_T,Total,H,Historical,2009,,33630069,,A,Normal value,0,Units,0,Zero
DATAFLOW,OECD.ELS.SAE:DSD_POPULATION@DF_POP_HIST(1.0),Historical population data,I,CAN,Canada,POP,Population,PS,Persons,_T,Total,_T,Total,H,Historical,2010,,34005902,,A,Normal value,0,Units,0,Zero
DATAFLOW,OECD.ELS.SAE:DSD_POPULATION@DF_POP_HIST(1.0),Historical population data,I,CAN,Canada,POP,Population,PS,Persons,_T,Total,_T,Total,H,Historical,2011,,34339221,,A,Normal value,0,Units,0,Zero
DATAFLOW,OECD.ELS.SAE:DSD_POPULATION@DF_POP_HIST(1.0),Historical population data,I,CAN,Canada,POP,Population,PS,Persons,_T,Total,_T,Total,H,Historical,2012,,34713395,,A,Normal value,0,Units,0,Zero
DATAFLOW,OECD.ELS.SAE:DSD_POPULATION@DF_POP_HIST(1.0),Historical population data,I,CAN,Canada,POP,Population,PS,Persons,_T,Total,_T,Total,H,Historical,2013,,35080992,,A,Normal value,0,Units,0,Zero
DATAFLOW,OECD.ELS.SAE:DSD_POPULATION@DF_POP_HIST(1.0),Historical population data,I,CAN,Canada,POP,Population,PS,Persons,_T,Total,_T,Total,H,Historical,2014,,35434066,,A,Normal value,0,Units,0,Zero
DATAFLOW,OECD.ELS.SAE:DSD_POPULATION@DF_POP_HIST(1.0),Historical population data,I,CAN,Canada,POP,Population,PS,Persons,_T,Total,_T,Total,H,Historical,2015,,35704498,,A,Normal value,0,Units,0,Zero
DATAFLOW,OECD.ELS.SAE:DSD_POPULATION@DF_POP_HIST(1.0),Historical population data,I,CAN,Canada,POP,Population,PS,Persons,_T,Total,_T,Total,H,Historical,2016,,36110803,,A,Normal value,0,Units,0,Zero
DATAFLOW,OECD.ELS.SAE:DSD_POPULATION@DF_POP_HIST(1.0),Historical population data,I,CAN,Canada,POP,Population,PS,Persons,_T,Total,_T,Total,H,Historical,2017,,36545075,,A,Normal value,0,Units,0,Zero
DATAFLOW,OECD.ELS.SAE:DSD_POPULATION@DF_POP_HIST(1.0),Historical population data,I,CAN,Canada,POP,Population,PS,Persons,_T,Total,_T,Total,H,Historical,2018,,37072620,,A,Normal value,0,Units,0,Zero
DATAFLOW,OECD.ELS.SAE:DSD_POPULATION@DF_POP_HIST(1.0),Historical population data,I,CAN,Canada,POP,Population,PS,Persons,_T,Total,_T,Total,H,Historical,2019,,37618495,,A,Normal value,0,Units,0,Zero
DATAFLOW,OECD.ELS.SAE:DSD_POPULATION@DF_POP_HIST(1.0),Historical population data,I,AUT,Austria,POP,Population,PS,Persons,_T,Total,_T,Total,H,Historical,2002,,8080292,,A,Normal value,0,Units,0,Zero
DATAFLOW,OECD.ELS.SAE:DSD_POPULATION@DF_POP_HIST(1.0),Historical population data,I,AUT,Austria,POP,Population,PS,Persons,_T,Total,_T,Total,H,Historical,2003,,8114402,,A,Normal value,0,Units,0,Zero
DATAFLOW,OECD.ELS.SAE:DSD_POPULATION@DF_POP_HIST(1.0),Historical population data,I,AUT,Austria,POP,Population,PS,Persons,_T,Total,_T,Total,H,Historical,2004,,8166432,,A,Normal value,0,Units,0,Zero
DATAFLOW,OECD.ELS.SAE:DSD_POPULATION@DF_POP_HIST(1.0),Historical population data,I,AUT,Austria,POP,Population,PS,Persons,_T,Total,_T,Total,H,Historical,2005,,8222090,,A,Normal value,0,Units,0,Zero
DATAFLOW,OECD.ELS.SAE:DSD_POPULATION@DF_POP_HIST(1.0),Historical population data,I,AUT,Austria,POP,Population,PS,Persons,_T,Total,_T,Total,H,Historical,2006,,8265675,,A,Normal value,0,Units,0,Zero
DATAFLOW,OECD.ELS.SAE:DSD_POPULATION@DF_POP_HIST(1.0),Historical population data,I,AUT,Austria,POP,Population,PS,Persons,_T,Total,_T,Total,H,Historical,2007,,8293654,,A,Normal value,0,Units,0,Zero
DATAFLOW,OECD.ELS.SAE:DSD_POPULATION@DF_POP_HIST(1.0),Historical population data,I,AUT,Austria,POP,Population,PS,Persons,_T,Total,_T,Total,H,Historical,2008,,8319388,,A,Normal value,0,Units,0,Zero
DATAFLOW,OECD.ELS.SAE:DSD_POPULATION@DF_POP_HIST(1.0),Historical population data,I,AUT,Austria,POP,Population,PS,Persons,_T,Total,_T,Total,H,Historical,2009,,8338752,,A,Normal value,0,Units,0,Zero
DATAFLOW,OECD.ELS.SAE:DSD_POPULATION@DF_POP_HIST(1.0),Historical population data,I,AUT,Austria,POP,Population,PS,Persons,_T,Total,_T,Total,H,Historical,2010,,8357367,,A,Normal value,0,Units,0,Zero
DATAFLOW,OECD.ELS.SAE:DSD_POPULATION@DF_POP_HIST(1.0),Historical population data,I,AUT,Austria,POP,Population,PS,Persons,_T,Total,_T,Total,H,Historical,2011,,8384901,,A,Normal value,0,Units,0,Zero
DATAFLOW,OECD.ELS.SAE:DSD_POPULATION@DF_POP_HIST(1.0),Historical population data,I,AUT,Austria,POP,Population,PS,Persons,_T,Total,_T,Total,H,Historical,2012,,8420328,,A,Normal value,0,Units,0,Zero
DATAFLOW,OECD.ELS.SAE:DSD_POPULATION@DF_POP_HIST(1.0),Historical population data,I,AUT,Austria,POP,Population,PS,Persons,_T,Total,_T,Total,H,Historical,2013,,8472176,,A,Normal value,0,Units,0,Zero
DATAFLOW,OECD.ELS.SAE:DSD_POPULATION@DF_POP_HIST(1.0),Historical population data,I,AUT,Austria,POP,Population,PS,Persons,_T,Total,_T,Total,H,Historical,2014,,8538350,,A,Normal value,0,Units,0,Zero
DATAFLOW,OECD.ELS.SAE:DSD_POPULATION@DF_POP_HIST(1.0),Historical population data,I,AUT,Austria,POP,Population,PS,Persons,_T,Total,_T,Total,H,Historical,2015,,8618709,,A,Normal value,0,Units,0,Zero
DATAFLOW,OECD.ELS.SAE:DSD_POPULATION@DF_POP_HIST(1.0),Historical population data,I,AUT,Austria,POP,Population,PS,Persons,_T,Total,_T,Total,H,Historical,2016,,8737663,,A,Normal value,0,Units,0,Zero
DATAFLOW,OECD.ELS.SAE:DSD_POPULATION@DF_POP_HIST(1.0),Historical population data,I,AUT,Austria,POP,Population,PS,Persons,_T,Total,_T,Total,H,Historical,2017,,8790624,,A,Normal value,0,Units,0,Zero
DATAFLOW,OECD.ELS.SAE:DSD_POPULATION@DF_POP_HIST(1.0),Historical population data,I,AUT,Austria,POP,Population,PS,Persons,_T,Total,_T,Total,H,Historical,2018,,8833192,,A,Normal value,0,Units,0,Zero
DATAFLOW,OECD.ELS.SAE:DSD_POPULATION@DF_POP_HIST(1.0),Historical population data,I,AUT,Austria,POP,Population,PS,Persons,_T,Total,_T,Total,H,Historical,2019,,8872344,,A,Normal value,0,Units,0,Zero
DATAFLOW,OECD.ELS.SAE:DSD_POPULATION@DF_POP_HIST(1.0),Historical population data,I,BGR,Bulgaria,POP,Population,PS,Persons,_T,Total,_T,Total,H,Historical,2002,,7837157,,A,Normal value,0,Units,0,Zero
DATAFLOW,OECD.ELS.SAE:DSD_POPULATION@DF_POP_HIST(1.0),Historical population data,I,BGR,Bulgaria,POP,Population,PS,Persons,_T,Total,_T,Total,H,Historical,2003,,7775333,,A,Normal value,0,Units,0,Zero
DATAFLOW,OECD.ELS.SAE:DSD_POPULATION@DF_POP_HIST(1.0),Historical population data,I,BGR,Bulgaria,POP,Population,PS,Persons,_T,Total,_T,Total,H,Historical,2005,,7658968,,A,Normal value,0,Units,0,Zero
DATAFLOW,OECD.ELS.SAE:DSD_POPULATION@DF_POP_HIST(1.0),Historical population data,I,BGR,Bulgaria,POP,Population,PS,Persons,_T,Total,_T,Total,H,Historical,2006,,7601021,,A,Normal value,0,Units,0,Zero
DATAFLOW,OECD.ELS.SAE:DSD_POPULATION@DF_POP_HIST(1.0),Historical population data,I,BGR,Bulgaria,POP,Population,PS,Persons,_T,Total,_T,Total,H,Historical,2007,,7545339,,A,Normal value,0,Units,0,Zero
DATAFLOW,OECD.ELS.SAE:DSD_POPULATION@DF_POP_HIST(1.0),Historical population data,I,BGR,Bulgaria,POP,Population,PS,Persons,_T,Total,_T,Total,H,Historical,2008,,7492568,,A,Normal value,0,Units,0,Zero
DATAFLOW,OECD.ELS.SAE:DSD_POPULATION@DF_POP_HIST(1.0),Historical population data,I,BGR,Bulgaria,POP,Population,PS,Persons,_T,Total,_T,Total,H,Historical,2009,,7444447,,A,Normal value,0,Units,0,Zero
DATAFLOW,OECD.ELS.SAE:DSD_POPULATION@DF_POP_HIST(1.0),Historical population data,I,BGR,Bulgaria,POP,Population,PS,Persons,_T,Total,_T,Total,H,Historical,2010,,7395591,,A,Normal value,0,Units,0,Zero
DATAFLOW,OECD.ELS.SAE:DSD_POPULATION@DF_POP_HIST(1.0),Historical population data,I,BGR,Bulgaria,POP,Population,PS,Persons,_T,Total,_T,Total,H,Historical,2011,,7348329,,A,Normal value,0,Units,0,Zero
DATAFLOW,OECD.ELS.SAE:DSD_POPULATION@DF_POP_HIST(1.0),Historical population data,I,BGR,Bulgaria,POP,Population,PS,Persons,_T,Total,_T,Total,H,Historical,2012,,7305889,,A,Normal value,0,Units,0,Zero
DATAFLOW,OECD.ELS.SAE:DSD_POPULATION@DF_POP_HIST(1.0),Historical population data,I,BGR,Bulgaria,POP,Population,PS,Persons,_T,Total,_T,Total,H,Historical,2013,,7265118,,A,Normal value,0,Units,0,Zero
DATAFLOW,OECD.ELS.SAE:DSD_POPULATION@DF_POP_HIST(1.0),Historical population data,I,BGR,Bulgaria,POP,Population,PS,Persons,_T,Total,_T,Total,H,Historical,2014,,7223942,,A,Normal value,0,Units,0,Zero
DATAFLOW,OECD.ELS.SAE:DSD_POPULATION@DF_POP_HIST(1.0),Historical population data,I,BGR,Bulgaria,POP,Population,PS,Persons,_T,Total,_T,Total,H,Historical,2015,,7177993,,A,Normal value,0,Units,0,Zero
DATAFLOW,OECD.ELS.SAE:DSD_POPULATION@DF_POP_HIST(1.0),Historical population data,I,BGR,Bulgaria,POP,Population,PS,Persons,_T,Total,_T,Total,H,Historical,2016,,7127825,,A,Normal value,0,Units,0,Zero
DATAFLOW,OECD.ELS.SAE:DSD_POPULATION@DF_POP_HIST(1.0),Historical population data,I,BGR,Bulgaria,POP,Population,PS,Persons,_T,Total,_T,Total,H,Historical,2017,,7075944,,A,Normal value,0,Units,0,Zero
DATAFLOW,OECD.ELS.SAE:DSD_POPULATION@DF_POP_HIST(1.0),Historical population data,I,BGR,Bulgaria,POP,Population,PS,Persons,_T,Total,_T,Total,H,Historical,2018,,7025038,,A,Normal value,0,Units,0,Zero
DATAFLOW,OECD.ELS.SAE:DSD_POPULATION@DF_POP_HIST(1.0),Historical population data,I,BGR,Bulgaria,POP,Population,PS,Persons,_T,Total,_T,Total,H,Historical,2019,,6975758,,A,Normal value,0,Units,0,Zero
DATAFLOW,OECD.ELS.SAE:DSD_POPULATION@DF_POP_HIST(1.0),Historical population data,I,TUR,Türkiye,POP,Population,PS,Persons,_T,Total,_T,Total,H,Historical,2001,,65166331,,A,Normal value,0,Units,0,Zero
DATAFLOW,OECD.ELS.SAE:DSD_POPULATION@DF_POP_HIST(1.0),Historical population data,I,TUR,Türkiye,POP,Population,PS,Persons,_T,Total,_T,Total,H,Historical,2002,,66002506,,A,Normal value,0,Units,0,Zero
DATAFLOW,OECD.ELS.SAE:DSD_POPULATION@DF_POP_HIST(1.0),Historical population data,I,TUR,Türkiye,POP,Population,PS,Persons,_T,Total,_T,Total,H,Historical,2007,,70158112,,A,Normal value,0,Units,0,Zero
DATAFLOW,OECD.ELS.SAE:DSD_POPULATION@DF_POP_HIST(1.0),Historical population data,I,ISL,Iceland,POP,Population,PS,Persons,_T,Total,_T,Total,H,Historical,2011,,312510,,A,Normal value,0,Units,0,Zero
DATAFLOW,OECD.ELS.SAE:DSD_POPULATION@DF_POP_HIST(1.0),Historical population data,I,POL,Poland,POP,Population,PS,Persons,_T,Total,_T,Total,H,Historical,2000,,38258478,,A,Normal value,0,Units,0,Zero
DATAFLOW,OECD.ELS.SAE:DSD_POPULATION@DF_POP_HIST(1.0),Historical population data,I,PRT,Portugal,POP,Population,PS,Persons,_T,Total,_T,Total,H,Historical,1996,,10063945,,A,Normal value,0,Units,0,Zero
DATAFLOW,OECD.ELS.SAE:DSD_POPULATION@DF_POP_HIST(1.0),Historical population data,I,PRT,Portugal,POP,Population,PS,Persons,_T,Total,_T,Total,H,Historical,2001,,10362722,,A,Normal value,0,Units,0,Zero
DATAFLOW,OECD.ELS.SAE:DSD_POPULATION@DF_POP_HIST(1.0),Historical population data,I,PRT,Portugal,POP,Population,PS,Persons,_T,Total,_T,Total,H,Historical,2002,,10419631,,A,Normal value,0,Units,0,Zero
DATAFLOW,OECD.ELS.SAE:DSD_POPULATION@DF_POP_HIST(1.0),Historical population data,I,PRT,Portugal,POP,Population,PS,Persons,_T,Total,_T,Total,H,Historical,2007,,10542964,,A,Normal value,0,Units,0,Zero
DATAFLOW,OECD.ELS.SAE:DSD_POPULATION@DF_POP_HIST(1.0),Historical population data,I,PRT,Portugal,POP,Population,PS,Persons,_T,Total,_T,Total,H,Historical,2008,,10558177,,A,Normal value,0,Units,0,Zero
DATAFLOW,OECD.ELS.SAE:DSD_POPULATION@DF_POP_HIST(1.0),Historical population data,I,PRT,Portugal,POP,Population,PS,Persons,_T,Total,_T,Total,H,Historical,2009,,10568247,,A,Normal value,0,Units,0,Zero
DATAFLOW,OECD.ELS.SAE:DSD_POPULATION@DF_POP_HIST(1.0),Historical population data,I,PRT,Portugal,POP,Population,PS,Persons,_T,Total,_T,Total,H,Historical,2011,,10574536,,A,Normal value,0,Units,0,Zero
DATAFLOW,OECD.ELS.SAE:DSD_POPULATION@DF_POP_HIST(1.0),Historical population data,I,RUS,Russia,POP,Population,PS,Persons,_T,Total,_T,Total,H,Historical,2011,,143018195,,A,Normal value,0,Units,0,Zero
DATAFLOW,OECD.ELS.SAE:DSD_POPULATION@DF_POP_HIST(1.0),Historical population data,I,HUN,Hungary,POP,Population,PS,Persons,_T,Total,_T,Total,H,Historical,2016,,9759760,,A,Normal value,0,Units,0,Zero
DATAFLOW,OECD.ELS.SAE:DSD_POPULATION@DF_POP_HIST(1.0),Historical population data,I,ISL,Iceland,POP,Population,PS,Persons,_T,Total,_T,Total,H,Historical,2016,,329272,,A,Normal value,0,Units,0,Zero
DATAFLOW,OECD.ELS.SAE:DSD_POPULATION@DF_POP_HIST(1.0),Historical population data,I,ESP,Spain,POP,Population,PS,Persons,_T,Total,_T,Total,H,Historical,2016,,46427100,,A,Normal value,0,Units,0,Zero
DATAFLOW,OECD.ELS.SAE:DSD_POPULATION@DF_POP_HIST(1.0),Historical population data,I,GBR,United Kingdom,POP,Population,PS,Persons,_T,Total,_T,Total,H,Historical,2016,,65607141,,A,Normal value,0,Units,0,Zero
DATAFLOW,OECD.ELS.SAE:DSD_POPULATION@DF_POP_HIST(1.0),Historical population data,I,MLT,Malta,POP,Population,PS,Persons,_T,Total,_T,Total,H,Historical,2016,,454504,,A,Normal value,0,Units,0,Zero
DATAFLOW,OECD.ELS.SAE:DSD_POPULATION@DF_POP_HIST(1.0),Historical population data,I,RUS,Russia,POP,Population,PS,Persons,_T,Total,_T,Total,H,Historical,2016,,147381167,,A,Normal value,0,Units,0,Zero
DATAFLOW,OECD.ELS.SAE:DSD_POPULATION@DF_POP_HIST(1.0),Historical population data,I,HUN,Hungary,POP,Population,PS,Persons,_T,Total,_T,Total,H,Historical,2015,,9797756,,A,Normal value,0,Units,0,Zero
DATAFLOW,OECD.ELS.SAE:DSD_POPULATION@DF_POP_HIST(1.0),Historical population data,I,ISL,Iceland,POP,Population,PS,Persons,_T,Total,_T,Total,H,Historical,2015,,324530,,A,Normal value,0,Units,0,Zero
DATAFLOW,OECD.ELS.SAE:DSD_POPULATION@DF_POP_HIST(1.0),Historical population data,I,PRT,Portugal,POP,Population,PS,Persons,_T,Total,_T,Total,H,Historical,2015,,10381838,,A,Normal value,0,Units,0,Zero
DATAFLOW,OECD.ELS.SAE:DSD_POPULATION@DF_POP_HIST(1.0),Historical population data,I,ESP,Spain,POP,Population,PS,Persons,_T,Total,_T,Total,H,Historical,2015,,46384379,,A,Normal value,0,Units,0,Zero
DATAFLOW,OECD.ELS.SAE:DSD_POPULATION@DF_POP_HIST(1.0),Historical population data,I,GBR,United Kingdom,POP,Population,PS,Persons,_T,Total,_T,Total,H,Historical,2015,,65088058,,A,Normal value,0,Units,0,Zero
DATAFLOW,OECD.ELS.SAE:DSD_POPULATION@DF_POP_HIST(1.0),Historical population data,I,MLT,Malta,POP,Population,PS,Persons,_T,Total,_T,Total,H,Historical,2015,,444223,,A,Normal value,0,Units,0,Zero
DATAFLOW,OECD.ELS.SAE:DSD_POPULATION@DF_POP_HIST(1.0),Historical population data,I,RUS,Russia,POP,Population,PS,Persons,_T,Total,_T,Total,H,Historical,2015,,146963159,,A,Normal value,0,Units,0,Zero
DATAFLOW,OECD.ELS.SAE:DSD_POPULATION@DF_POP_HIST(1.0),Historical population data,I,HUN,Hungary,POP,Population,PS,Persons,_T,Total,_T,Total,H,Historical,2014,,9833034,,A,Normal value,0,Units,0,Zero
DATAFLOW,OECD.ELS.SAE:DSD_POPULATION@DF_POP_HIST(1.0),Historical population data,I,ISL,Iceland,POP,Population,PS,Persons,_T,Total,_T,Total,H,Historical,2014,,321378,,A,Normal value,0,Units,0,Zero
DATAFLOW,OECD.ELS.SAE:DSD_POPULATION@DF_POP_HIST(1.0),Historical population data,I,PRT,Portugal,POP,Population,PS,Persons,_T,Total,_T,Total,H,Historical,2014,,10419607,,A,Normal value,0,Units,0,Zero
DATAFLOW,OECD.ELS.SAE:DSD_POPULATION@DF_POP_HIST(1.0),Historical population data,I,ESP,Spain,POP,Population,PS,Persons,_T,Total,_T,Total,H,Historical,2014,,46433050,,A,Normal value,0,Units,0,Zero
DATAFLOW,OECD.ELS.SAE:DSD_POPULATION@DF_POP_HIST(1.0),Historical population data,I,GBR,United Kingdom,POP,Population,PS,Persons,_T,Total,_T,Total,H,Historical,2014,,64619493,,A,Normal value,0,Units,0,Zero
DATAFLOW,OECD.ELS.SAE:DSD_POPULATION@DF_POP_HIST(1.0),Historical population data,I,MLT,Malta,POP,Population,PS,Persons,_T,Total,_T,Total,H,Historical,2014,,433481,,A,Normal value,0,Units,0,Zero
DATAFLOW,OECD.ELS.SAE:DSD_POPULATION@DF_POP_HIST(1.0),Historical population data,I,RUS,Russia,POP,Population,PS,Persons,_T,Total,_T,Total,H,Historical,2014,,146508169,,A,Normal value,0,Units,0,Zero
DATAFLOW,OECD.ELS.SAE:DSD_POPULATION@DF_POP_HIST(1.0),Historical population data,I,HUN,Hungary,POP,Population,PS,Persons,_T,Total,_T,Total,H,Historical,2013,,9872737,,A,Normal value,0,Units,0,Zero
DATAFLOW,OECD.ELS.SAE:DSD_POPULATION@DF_POP_HIST(1.0),Historical population data,I,ISL,Iceland,POP,Population,PS,Persons,_T,Total,_T,Total,H,Historical,2013,,317765,,A,Normal value,0,Units,0,Zero
DATAFLOW,OECD.ELS.SAE:DSD_POPULATION@DF_POP_HIST(1.0),Historical population data,I,PRT,Portugal,POP,Population,PS,Persons,_T,Total,_T,Total,H,Historical,2013,,10473991,,A,Normal value,0,Units,0,Zero
DATAFLOW,OECD.ELS.SAE:DSD_POPULATION@DF_POP_HIST(1.0),Historical population data,I,ESP,Spain,POP,Population,PS,Persons,_T,Total,_T,Total,H,Historical,2013,,46581124,,A,Normal value,0,Units,0,Zero
DATAFLOW,OECD.ELS.SAE:DSD_POPULATION@DF_POP_HIST(1.0),Historical population data,I,GBR,United Kingdom,POP,Population,PS,Persons,_T,Total,_T,Total,H,Historical,2013,,64138721,,A,Normal value,0,Units,0,Zero
DATAFLOW,OECD.ELS.SAE:DSD_POPULATION@DF_POP_HIST(1.0),Historical population data,I,MLT,Malta,POP,Population,PS,Persons,_T,Total,_T,Total,H,Historical,2013,,424814,,A,Normal value,0,Units,0,Zero
DATAFLOW,OECD.ELS.SAE:DSD_POPULATION@DF_POP_HIST(1.0),Historical population data,I,RUS,Russia,POP,Population,PS,Persons,_T,Total,_T,Total,H,Historical,2013,,143805638,,A,Normal value,0,Units,0,Zero
DATAFLOW,OECD.ELS.SAE:DSD_POPULATION@DF_POP_HIST(1.0),Historical population data,I,HUN,Hungary,POP,Population,PS,Persons,_T,Total,_T,Total,H,Historical,2012,,9913588,,A,Normal value,0,Units,0,Zero
DATAFLOW,OECD.ELS.SAE:DSD_POPULATION@DF_POP_HIST(1.0),Historical population data,I,ISL,Iceland,POP,Population,PS,Persons,_T,Total,_T,Total,H,Historical,2012,,314498,,A,Normal value,0,Units,0,Zero
DATAFLOW,OECD.ELS.SAE:DSD_POPULATION@DF_POP_HIST(1.0),Historical population data,I,PRT,Portugal,POP,Population,PS,Persons,_T,Total,_T,Total,H,Historical,2012,,10531420,,A,Normal value,0,Units,0,Zero
DATAFLOW,OECD.ELS.SAE:DSD_POPULATION@DF_POP_HIST(1.0),Historical population data,I,ESP,Spain,POP,Population,PS,Persons,_T,Total,_T,Total,H,Historical,2012,,46749303,,A,Normal value,0,Units,0,Zero
DATAFLOW,OECD.ELS.SAE:DSD_POPULATION@DF_POP_HIST(1.0),Historical population data,I,GBR,United Kingdom,POP,Population,PS,Persons,_T,Total,_T,Total,H,Historical,2012,,63710843,,A,Normal value,0,Units,0,Zero
DATAFLOW,OECD.ELS.SAE:DSD_POPULATION@DF_POP_HIST(1.0),Historical population data,I,MLT,Malta,POP,Population,PS,Persons,_T,Total,_T,Total,H,Historical,2012,,419506,,A,Normal value,0,Units,0,Zero
DATAFLOW,OECD.ELS.SAE:DSD_POPULATION@DF_POP_HIST(1.0),Historical population data,I,RUS,Russia,POP,Population,PS,Persons,_T,Total,_T,Total,H,Historical,2012,,143378447,,A,Normal value,0,Units,0,Zero
DATAFLOW,OECD.ELS.SAE:DSD_POPULATION@DF_POP_HIST(1.0),Historical population data,I,AUS,Australia,POP,Population,PS,Persons,_T,Total,_T,Total,H,Historical,2018,,24963258,,A,Normal value,0,Units,0,Zero
DATAFLOW,OECD.ELS.SAE:DSD_POPULATION@DF_POP_HIST(1.0),Historical population data,I,HUN,Hungary,POP,Population,PS,Persons,_T,Total,_T,Total,H,Historical,2018,,9706961,,A,Normal value,0,Units,0,Zero
DATAFLOW,OECD.ELS.SAE:DSD_POPULATION@DF_POP_HIST(1.0),Historical population data,I,ISL,Iceland,POP,Population,PS,Persons,_T,Total,_T,Total,H,Historical,2018,,345821,,A,Normal value,0,Units,0,Zero
DATAFLOW,OECD.ELS.SAE:DSD_POPULATION@DF_POP_HIST(1.0),Historical population data,I,IRL,Ireland,POP,Population,PS,Persons,_T,Total,_T,Total,H,Historical,2018,,4884896,,A,Normal value,0,Units,0,Zero
DATAFLOW,OECD.ELS.SAE:DSD_POPULATION@DF_POP_HIST(1.0),Historical population data,I,ESP,Spain,POP,Population,PS,Persons,_T,Total,_T,Total,H,Historical,2018,,46715383,,A,Normal value,0,Units,0,Zero
DATAFLOW,OECD.ELS.SAE:DSD_POPULATION@DF_POP_HIST(1.0),Historical population data,I,GBR,United Kingdom,POP,Population,PS,Persons,_T,Total,_T,Total,H,Historical,2018,,66288927,,A,Normal value,0,Units,0,Zero
DATAFLOW,OECD.ELS.SAE:DSD_POPULATION@DF_POP_HIST(1.0),Historical population data,I,MLT,Malta,POP,Population,PS,Persons,_T,Total,_T,Total,H,Historical,2018,,483901,,A,Normal value,0,Units,0,Zero
DATAFLOW,OECD.ELS.SAE:DSD_POPULATION@DF_POP_HIST(1.0),Historical population data,I,RUS,Russia,POP,Population,PS,Persons,_T,Total,_T,Total,H,Historical,2018,,147818888,,A,Normal value,0,Units,0,Zero
DATAFLOW,OECD.ELS.SAE:DSD_POPULATION@DF_POP_HIST(1.0),Historical population data,I,AUS,Australia,POP,Population,PS,Persons,_T,Total,_T,Total,H,Historical,2017,,24592588,,A,Normal value,0,Units,0,Zero
DATAFLOW,OECD.ELS.SAE:DSD_POPULATION@DF_POP_HIST(1.0),Historical population data,I,HUN,Hungary,POP,Population,PS,Persons,_T,Total,_T,Total,H,Historical,2017,,9726755,,A,Normal value,0,Units,0,Zero
DATAFLOW,OECD.ELS.SAE:DSD_POPULATION@DF_POP_HIST(1.0),Historical population data,I,ISL,Iceland,POP,Population,PS,Persons,_T,Total,_T,Total,H,Historical,2017,,337346,,A,Normal value,0,Units,0,Zero
DATAFLOW,OECD.ELS.SAE:DSD_POPULATION@DF_POP_HIST(1.0),Historical population data,I,IRL,Ireland,POP,Population,PS,Persons,_T,Total,_T,Total,H,Historical,2017,,4810895,,A,Normal value,0,Units,0,Zero
DATAFLOW,OECD.ELS.SAE:DSD_POPULATION@DF_POP_HIST(1.0),Historical population data,I,ESP,Spain,POP,Population,PS,Persons,_T,Total,_T,Total,H,Historical,2017,,46510461,,A,Normal value,0,Units,0,Zero
DATAFLOW,OECD.ELS.SAE:DSD_POPULATION@DF_POP_HIST(1.0),Historical population data,I,GBR,United Kingdom,POP,Population,PS,Persons,_T,Total,_T,Total,H,Historical,2017,,65965992,,A,Normal value,0,Units,0,Zero
DATAFLOW,OECD.ELS.SAE:DSD_POPULATION@DF_POP_HIST(1.0),Historical population data,I,MLT,Malta,POP,Population,PS,Persons,_T,Total,_T,Total,H,Historical,2017,,467110,,A,Normal value,0,Units,0,Zero
DATAFLOW,OECD.ELS.SAE:DSD_POPULATION@DF_POP_HIST(1.0),Historical population data,I,RUS,Russia,POP,Population,PS,Persons,_T,Total,_T,Total,H,Historical,2017,,147688545,,A,Normal value,0,Units,0,Zero
DATAFLOW,OECD.ELS.SAE:DSD_POPULATION@DF_POP_HIST(1.0),Historical population data,I,AUS,Australia,POP,Population,PS,Persons,_T,Total,_T,Total,H,Historical,2019,,25334826,,A,Normal value,0,Units,0,Zero
DATAFLOW,OECD.ELS.SAE:DSD_POPULATION@DF_POP_HIST(1.0),Historical population data,I,HUN,Hungary,POP,Population,PS,Persons,_T,Total,_T,Total,H,Historical,2019,,9694826,,A,Normal value,0,Units,0,Zero
DATAFLOW,OECD.ELS.SAE:DSD_POPULATION@DF_POP_HIST(1.0),Historical population data,I,ISL,Iceland,POP,Population,PS,Persons,_T,Total,_T,Total,H,Historical,2019,,351754,,A,Normal value,0,Units,0,Zero
DATAFLOW,OECD.ELS.SAE:DSD_POPULATION@DF_POP_HIST(1.0),Historical population data,I,IRL,Ireland,POP,Population,PS,Persons,_T,Total,_T,Total,H,Historical,2019,,4958471,,A,Normal value,0,Units,0,Zero
DATAFLOW,OECD.ELS.SAE:DSD_POPULATION@DF_POP_HIST(1.0),Historical population data,I,NZL,New Zealand,POP,Population,PS,Persons,_T,Total,_T,Total,H,Historical,2019,,4970300,,A,Normal value,0,Units,0,Zero
DATAFLOW,OECD.ELS.SAE:DSD_POPULATION@DF_POP_HIST(1.0),Historical population data,I,PRT,Portugal,POP,Population,PS,Persons,_T,Total,_T,Total,H,Historical,2019,,10354446,,A,Normal value,0,Units,0,Zero
DATAFLOW,OECD.ELS.SAE:DSD_POPULATION@DF_POP_HIST(1.0),Historical population data,I,ESP,Spain,POP,Population,PS,Persons,_T,Total,_T,Total,H,Historical,2019,,47087778,,A,Normal value,0,Units,0,Zero
DATAFLOW,OECD.ELS.SAE:DSD_POPULATION@DF_POP_HIST(1.0),Historical population data,I,GBR,United Kingdom,POP,Population,PS,Persons,_T,Total,_T,Total,H,Historical,2019,,66630707,,A,Normal value,0,Units,0,Zero
DATAFLOW,OECD.ELS.SAE:DSD_POPULATION@DF_POP_HIST(1.0),Historical population data,I,MLT,Malta,POP,Population,PS,Persons,_T,Total,_T,Total,H,Historical,2019,,503910,,A,Normal value,0,Units,0,Zero
DATAFLOW,OECD.ELS.SAE:DSD_POPULATION@DF_POP_HIST(1.0),Historical population data,I,ROU,Romania,POP,Population,PS,Persons,_T,Total,_T,Total,H,Historical,2019,,19394228,,A,Normal value,0,Units,0,Zero
DATAFLOW,OECD.ELS.SAE:DSD_POPULATION@DF_POP_HIST(1.0),Historical population data,I,RUS,Russia,POP,Population,PS,Persons,_T,Total,_T,Total,H,Historical,2019,,147899994,,A,Normal value,0,Units,0,Zero
DATAFLOW,OECD.ELS.SAE:DSD_POPULATION@DF_POP_HIST(1.0),Historical population data,I,CRI,Costa Rica,POP,Population,PS,Persons,_T,Total,_T,Total,H,Historical,1990,,3073708.9,,A,Normal value,0,Units,0,Zero
DATAFLOW,OECD.ELS.SAE:DSD_POPULATION@DF_POP_HIST(1.0),Historical population data,I,CRI,Costa Rica,POP,Population,PS,Persons,_T,Total,_T,Total,H,Historical,1991,,3157913.6,,A,Normal value,0,Units,0,Zero
DATAFLOW,OECD.ELS.SAE:DSD_POPULATION@DF_POP_HIST(1.0),Historical population data,I,CRI,Costa Rica,POP,Population,PS,Persons,_T,Total,_T,Total,H,Historical,1992,,3242753.8,,A,Normal value,0,Units,0,Zero
DATAFLOW,OECD.ELS.SAE:DSD_POPULATION@DF_POP_HIST(1.0),Historical population data,I,CRI,Costa Rica,POP,Population,PS,Persons,_T,Total,_T,Total,H,Historical,1993,,3328470.9,,A,Normal value,0,Units,0,Zero
DATAFLOW,OECD.ELS.SAE:DSD_POPULATION@DF_POP_HIST(1.0),Historical population data,I,CRI,Costa Rica,POP,Population,PS,Persons,_T,Total,_T,Total,H,Historical,1994,,3412559.8,,A,Normal value,0,Units,0,Zero
DATAFLOW,OECD.ELS.SAE:DSD_POPULATION@DF_POP_HIST(1.0),Historical population data,I,CRI,Costa Rica,POP,Population,PS,Persons,_T,Total,_T,Total,H,Historical,1995,,3499614.8,,A,Normal value,0,Units,0,Zero
DATAFLOW,OECD.ELS.SAE:DSD_POPULATION@DF_POP_HIST(1.0),Historical population data,I,CRI,Costa Rica,POP,Population,PS,Persons,_T,Total,_T,Total,H,Historical,1996,,3582865.3,,A,Normal value,0,Units,0,Zero
DATAFLOW,OECD.ELS.SAE:DSD_POPULATION@DF_POP_HIST(1.0),Historical population data,I,CRI,Costa Rica,POP,Population,PS,Persons,_T,Total,_T,Total,H,Historical,1997,,3667367,,A,Normal value,0,Units,0,Zero
DATAFLOW,OECD.ELS.SAE:DSD_POPULATION@DF_POP_HIST(1.0),Historical population data,I,CRI,Costa Rica,POP,Population,PS,Persons,_T,Total,_T,Total,H,Historical,1998,,3747162.3,,A,Normal value,0,Units,0,Zero
DATAFLOW,OECD.ELS.SAE:DSD_POPULATION@DF_POP_HIST(1.0),Historical population data,I,CRI,Costa Rica,POP,Population,PS,Persons,_T,Total,_T,Total,H,Historical,1999,,3826005.9,,A,Normal value,0,Units,0,Zero
DATAFLOW,OECD.ELS.SAE:DSD_POPULATION@DF_POP_HIST(1.0),Historical population data,I,CRI,Costa Rica,POP,Population,PS,Persons,_T,Total,_T,Total,H,Historical,2000,,3902212.7,,A,Normal value,0,Units,0,Zero
DATAFLOW,OECD.ELS.SAE:DSD_POPULATION@DF_POP_HIST(1.0),Historical population data,I,CRI,Costa Rica,POP,Population,PS,Persons,_T,Total,_T,Total,H,Historical,2001,,3976741.2,,A,Normal value,0,Units,0,Zero
DATAFLOW,OECD.ELS.SAE:DSD_POPULATION@DF_POP_HIST(1.0),Historical population data,I,CRI,Costa Rica,POP,Population,PS,Persons,_T,Total,_T,Total,H,Historical,2002,,4044374.4,,A,Normal value,0,Units,0,Zero
DATAFLOW,OECD.ELS.SAE:DSD_POPULATION@DF_POP_HIST(1.0),Historical population data,I,CRI,Costa Rica,POP,Population,PS,Persons,_T,Total,_T,Total,H,Historical,2003,,4111348.6,,A,Normal value,0,Units,0,Zero
DATAFLOW,OECD.ELS.SAE:DSD_POPULATION@DF_POP_HIST(1.0),Historical population data,I,CRI,Costa Rica,POP,Population,PS,Persons,_T,Total,_T,Total,H,Historical,2004,,4177263.4,,A,Normal value,0,Units,0,Zero
DATAFLOW,OECD.ELS.SAE:DSD_POPULATION@DF_POP_HIST(1.0),Historical population data,I,CRI,Costa Rica,POP,Population,PS,Persons,_T,Total,_T,Total,H,Historical,2005,,4242068.9,,A,Normal value,0,Units,0,Zero
DATAFLOW,OECD.ELS.SAE:DSD_POPULATION@DF_POP_HIST(1.0),Historical population data,I,CRI,Costa Rica,POP,Population,PS,Persons,_T,Total,_T,Total,H,Historical,2006,,4306736.5,,A,Normal value,0,Units,0,Zero
DATAFLOW,OECD.ELS.SAE:DSD_POPULATION@DF_POP_HIST(1.0),Historical population data,I,CRI,Costa Rica,POP,Population,PS,Persons,_T,Total,_T,Total,H,Historical,2007,,4372776.5,,A,Normal value,0,Units,0,Zero
DATAFLOW,OECD.ELS.SAE:DSD_POPULATION@DF_POP_HIST(1.0),Historical population data,I,CRI,Costa Rica,POP,Population,PS,Persons,_T,Total,_T,Total,H,Historical,2008,,4438324.5,,A,Normal value,0,Units,0,Zero
DATAFLOW,OECD.ELS.SAE:DSD_POPULATION@DF_POP_HIST(1.0),Historical population data,I,CRI,Costa Rica,POP,Population,PS,Persons,_T,Total,_T,Total,H,Historical,2009,,4500648.5,,A,Normal value,0,Units,0,Zero
DATAFLOW,OECD.ELS.SAE:DSD_POPULATION@DF_POP_HIST(1.0),Historical population data,I,CRI,Costa Rica,POP,Population,PS,Persons,_T,Total,_T,Total,H,Historical,2010,,4561646.5,,A,Normal value,0,Units,0,Zero
DATAFLOW,OECD.ELS.SAE:DSD_POPULATION@DF_POP_HIST(1.0),Historical population data,I,CRI,Costa Rica,POP,Population,PS,Persons,_T,Total,_T,Total,H,Historical,2011,,4626016.1,,A,Normal value,0,Units,0,Zero
DATAFLOW,OECD.ELS.SAE:DSD_POPULATION@DF_POP_HIST(1.0),Historical population data,I,CRI,Costa Rica,POP,Population,PS,Persons,_T,Total,_T,Total,H,Historical,2012,,4688595.7,,A,Normal value,0,Units,0,Zero
DATAFLOW,OECD.ELS.SAE:DSD_POPULATION@DF_POP_HIST(1.0),Historical population data,I,CRI,Costa Rica,POP,Population,PS,Persons,_T,Total,_T,Total,H,Historical,2013,,4749448.1,,A,Normal value,0,Units,0,Zero
DATAFLOW,OECD.ELS.SAE:DSD_POPULATION@DF_POP_HIST(1.0),Historical population data,I,CRI,Costa Rica,POP,Population,PS,Persons,_T,Total,_T,Total,H,Historical,2014,,4810154.7,,A,Normal value,0,Units,0,Zero
DATAFLOW,OECD.ELS.SAE:DSD_POPULATION@DF_POP_HIST(1.0),Historical population data,I,CRI,Costa Rica,POP,Population,PS,Persons,_T,Total,_T,Total,H,Historical,2015,,4868995.7,,A,Normal value,0,Units,0,Zero
DATAFLOW,OECD.ELS.SAE:DSD_POPULATION@DF_POP_HIST(1.0),Historical population data,I,CRI,Costa Rica,POP,Population,PS,Persons,_T,Total,_T,Total,H,Historical,2016,,4925331.3,,A,Normal value,0,Units,0,Zero
DATAFLOW,OECD.ELS.SAE:DSD_POPULATION@DF_POP_HIST(1.0),Historical population data,I,CRI,Costa Rica,POP,Population,PS,Persons,_T,Total,_T,Total,H,Historical,2017,,4978065.4,,A,Normal value,0,Units,0,Zero
DATAFLOW,OECD.ELS.SAE:DSD_POPULATION@DF_POP_HIST(1.0),Historical population data,I,CRI,Costa Rica,POP,Population,PS,Persons,_T,Total,_T,Total,H,Historical,2018,,5027878.2,,A,Normal value,0,Units,0,Zero
DATAFLOW,OECD.ELS.SAE:DSD_POPULATION@DF_POP_HIST(1.0),Historical population data,I,CRI,Costa Rica,POP,Population,PS,Persons,_T,Total,_T,Total,H,Historical,2019,,5069310.6,,A,Normal value,0,Units,0,Zero
DATAFLOW,OECD.ELS.SAE:DSD_POPULATION@DF_POP_HIST(1.0),Historical population data,I,AUS,Australia,POP,Population,PS,Persons,_T,Total,_T,Total,H,Historical,2020,,25649248,,A,Normal value,0,Units,0,Zero
DATAFLOW,OECD.ELS.SAE:DSD_POPULATION@DF_POP_HIST(1.0),Historical population data,I,AUT,Austria,POP,Population,PS,Persons,_T,Total,_T,Total,H,Historical,2020,,8912293,,A,Normal value,0,Units,0,Zero
DATAFLOW,OECD.ELS.SAE:DSD_POPULATION@DF_POP_HIST(1.0),Historical population data,I,CAN,Canada,POP,Population,PS,Persons,_T,Total,_T,Total,H,Historical,2020,,38028638,,A,Normal value,0,Units,0,Zero
DATAFLOW,OECD.ELS.SAE:DSD_POPULATION@DF_POP_HIST(1.0),Historical population data,I,CRI,Costa Rica,POP,Population,PS,Persons,_T,Total,_T,Total,H,Historical,2020,,5101851.9,,A,Normal value,0,Units,0,Zero
DATAFLOW,OECD.ELS.SAE:DSD_POPULATION@DF_POP_HIST(1.0),Historical population data,I,FRA,France,POP,Population,PS,Persons,_T,Total,_T,Total,H,Historical,2020,,67569466,,A,Normal value,0,Units,0,Zero
DATAFLOW,OECD.ELS.SAE:DSD_POPULATION@DF_POP_HIST(1.0),Historical population data,I,HUN,Hungary,POP,Population,PS,Persons,_T,Total,_T,Total,H,Historical,2020,,9670416,,A,Normal value,0,Units,0,Zero
DATAFLOW,OECD.ELS.SAE:DSD_POPULATION@DF_POP_HIST(1.0),Historical population data,I,ISL,Iceland,POP,Population,PS,Persons,_T,Total,_T,Total,H,Historical,2020,,356165,,A,Normal value,0,Units,0,Zero
DATAFLOW,OECD.ELS.SAE:DSD_POPULATION@DF_POP_HIST(1.0),Historical population data,I,IRL,Ireland,POP,Population,PS,Persons,_T,Total,_T,Total,H,Historical,2020,,5029875,,A,Normal value,0,Units,0,Zero
DATAFLOW,OECD.ELS.SAE:DSD_POPULATION@DF_POP_HIST(1.0),Historical population data,I,ISR,Israel,POP,Population,PS,Persons,_T,Total,_T,Total,H,Historical,2020,,9215117,,A,Normal value,0,Units,0,Zero
DATAFLOW,OECD.ELS.SAE:DSD_POPULATION@DF_POP_HIST(1.0),Historical population data,I,MEX,Mexico,POP,Population,PS,Persons,_T,Total,_T,Total,H,Historical,2020,,128209170,,A,Normal value,0,Units,0,Zero
DATAFLOW,OECD.ELS.SAE:DSD_POPULATION@DF_POP_HIST(1.0),Historical population data,I,NZL,New Zealand,POP,Population,PS,Persons,_T,Total,_T,Total,H,Historical,2020,,5072400,,A,Normal value,0,Units,0,Zero
DATAFLOW,OECD.ELS.SAE:DSD_POPULATION@DF_POP_HIST(1.0),Historical population data,I,POL,Poland,POP,Population,PS,Persons,_T,Total,_T,Total,H,Historical,2020,,38177724,,A,Normal value,0,Units,0,Zero
DATAFLOW,OECD.ELS.SAE:DSD_POPULATION@DF_POP_HIST(1.0),Historical population data,I,ESP,Spain,POP,Population,PS,Persons,_T,Total,_T,Total,H,Historical,2020,,47344852,,A,Normal value,0,Units,0,Zero
DATAFLOW,OECD.ELS.SAE:DSD_POPULATION@DF_POP_HIST(1.0),Historical population data,I,GBR,United Kingdom,POP,Population,PS,Persons,_T,Total,_T,Total,H,Historical,2020,,66744067,,A,Normal value,0,Units,0,Zero
DATAFLOW,OECD.ELS.SAE:DSD_POPULATION@DF_POP_HIST(1.0),Historical population data,I,USA,United States,POP,Population,PS,Persons,_T,Total,_T,Total,H,Historical,2020,,331526933,,A,Normal value,0,Units,0,Zero
DATAFLOW,OECD.ELS.SAE:DSD_POPULATION@DF_POP_HIST(1.0),Historical population data,I,G20,G20,POP,Population,PS,Persons,_T,Total,_T,Total,H,Historical,2020,,4893550000,,A,Normal value,0,Units,0,Zero
DATAFLOW,OECD.ELS.SAE:DSD_POPULATION@DF_POP_HIST(1.0),Historical population data,I,EU27,European Union (27 countries),POP,Population,PS,Persons,_T,Total,_T,Total,H,Historical,2020,,447510681,,A,Normal value,0,Units,0,Zero
DATAFLOW,OECD.ELS.SAE:DSD_POPULATION@DF_POP_HIST(1.0),Historical population data,I,OECD,OECD,POP,Population,PS,Persons,_T,Total,_T,Total,H,Historical,2020,,1371110000,,A,Normal value,0,Units,0,Zero
DATAFLOW,OECD.ELS.SAE:DSD_POPULATION@DF_POP_HIST(1.0),Historical population data,I,ARG,Argentina,POP,Population,PS,Persons,_T,Total,_T,Total,H,Historical,2020,,45191965,,A,Normal value,0,Units,0,Zero
DATAFLOW,OECD.ELS.SAE:DSD_POPULATION@DF_POP_HIST(1.0),Historical population data,I,CHN,China (People’s Republic of),POP,Population,PS,Persons,_T,Total,_T,Total,H,Historical,2020,,1426110000,,A,Normal value,0,Units,0,Zero
DATAFLOW,OECD.ELS.SAE:DSD_POPULATION@DF_POP_HIST(1.0),Historical population data,I,HRV,Croatia,POP,Population,PS,Persons,_T,Total,_T,Total,H,Historical,2020,,3914206,,A,Normal value,0,Units,0,Zero
DATAFLOW,OECD.ELS.SAE:DSD_POPULATION@DF_POP_HIST(1.0),Historical population data,I,IND,India,POP,Population,PS,Persons,_T,Total,_T,Total,H,Historical,2020,,1402620000,,A,Normal value,0,Units,0,Zero
DATAFLOW,OECD.ELS.SAE:DSD_POPULATION@DF_POP_HIST(1.0),Historical population data,I,IDN,Indonesia,POP,Population,PS,Persons,_T,Total,_T,Total,H,Historical,2020,,269576540,,A,Normal value,0,Units,0,Zero
DATAFLOW,OECD.ELS.SAE:DSD_POPULATION@DF_POP_HIST(1.0),Historical population data,I,MLT,Malta,POP,Population,PS,Persons,_T,Total,_T,Total,H,Historical,2020,,515490,,A,Normal value,0,Units,0,Zero
DATAFLOW,OECD.ELS.SAE:DSD_POPULATION@DF_POP_HIST(1.0),Historical population data,I,ROU,Romania,POP,Population,PS,Persons,_T,Total,_T,Total,H,Historical,2020,,19296076,,A,Normal value,0,Units,0,Zero
DATAFLOW,OECD.ELS.SAE:DSD_POPULATION@DF_POP_HIST(1.0),Historical population data,I,RUS,Russia,POP,Population,PS,Persons,_T,Total,_T,Total,H,Historical,2020,,147707517,,A,Normal value,0,Units,0,Zero
DATAFLOW,OECD.ELS.SAE:DSD_POPULATION@DF_POP_HIST(1.0),Historical population data,I,SAU,Saudi Arabia,POP,Population,PS,Persons,_T,Total,_T,Total,H,Historical,2020,,31552510,,A,Normal value,0,Units,0,Zero
DATAFLOW,OECD.ELS.SAE:DSD_POPULATION@DF_POP_HIST(1.0),Historical population data,I,ZAF,South Africa,POP,Population,PS,Persons,_T,Total,_T,Total,H,Historical,2020,,60002639,,A,Normal value,0,Units,0,Zero
DATAFLOW,OECD.ELS.SAE:DSD_POPULATION@DF_POP_HIST(1.0),Historical population data,I,W,World,POP,Population,PS,Persons,_T,Total,_T,Total,H,Historical,2020,,7887000000,,A,Normal value,0,Units,0,Zero
DATAFLOW,OECD.ELS.SAE:DSD_POPULATION@DF_POP_HIST(1.0),Historical population data,I,AUS,Australia,POP,Population,PS,Persons,_T,Total,_T,Total,H,Historical,2021,,25685412,,A,Normal value,0,Units,0,Zero
DATAFLOW,OECD.ELS.SAE:DSD_POPULATION@DF_POP_HIST(1.0),Historical population data,I,AUT,Austria,POP,Population,PS,Persons,_T,Total,_T,Total,H,Historical,2021,,8945279,,A,Normal value,0,Units,0,Zero
DATAFLOW,OECD.ELS.SAE:DSD_POPULATION@DF_POP_HIST(1.0),Historical population data,I,CAN,Canada,POP,Population,PS,Persons,_T,Total,_T,Total,H,Historical,2021,,38239864,,A,Normal value,0,Units,0,Zero
DATAFLOW,OECD.ELS.SAE:DSD_POPULATION@DF_POP_HIST(1.0),Historical population data,I,CRI,Costa Rica,POP,Population,PS,Persons,_T,Total,_T,Total,H,Historical,2021,,5129585.5,,A,Normal value,0,Units,0,Zero
DATAFLOW,OECD.ELS.SAE:DSD_POPULATION@DF_POP_HIST(1.0),Historical population data,I,FRA,France,POP,Population,PS,Persons,_T,Total,_T,Total,H,Historical,2021,,67878650,,A,Normal value,0,Units,0,Zero
DATAFLOW,OECD.ELS.SAE:DSD_POPULATION@DF_POP_HIST(1.0),Historical population data,I,HUN,Hungary,POP,Population,PS,Persons,_T,Total,_T,Total,H,Historical,2021,,9630930,,A,Normal value,0,Units,0,Zero
DATAFLOW,OECD.ELS.SAE:DSD_POPULATION@DF_POP_HIST(1.0),Historical population data,I,ISL,Iceland,POP,Population,PS,Persons,_T,Total,_T,Total,H,Historical,2021,,361606,,A,Normal value,0,Units,0,Zero
DATAFLOW,OECD.ELS.SAE:DSD_POPULATION@DF_POP_HIST(1.0),Historical population data,I,IRL,Ireland,POP,Population,PS,Persons,_T,Total,_T,Total,H,Historical,2021,,5074668,,A,Normal value,0,Units,0,Zero
DATAFLOW,OECD.ELS.SAE:DSD_POPULATION@DF_POP_HIST(1.0),Historical population data,I,ISR,Israel,POP,Population,PS,Persons,_T,Total,_T,Total,H,Historical,2021,,9371368,,A,Normal value,0,Units,0,Zero
DATAFLOW,OECD.ELS.SAE:DSD_POPULATION@DF_POP_HIST(1.0),Historical population data,I,KOR,Korea,POP,Population,PS,Persons,_T,Total,_T,Total,H,Historical,2021,,51769539,,A,Normal value,0,Units,0,Zero
DATAFLOW,OECD.ELS.SAE:DSD_POPULATION@DF_POP_HIST(1.0),Historical population data,I,MEX,Mexico,POP,Population,PS,Persons,_T,Total,_T,Total,H,Historical,2021,,128982939,,A,Normal value,0,Units,0,Zero
DATAFLOW,OECD.ELS.SAE:DSD_POPULATION@DF_POP_HIST(1.0),Historical population data,I,NZL,New Zealand,POP,Population,PS,Persons,_T,Total,_T,Total,H,Historical,2021,,5084600,,A,Normal value,0,Units,0,Zero
DATAFLOW,OECD.ELS.SAE:DSD_POPULATION@DF_POP_HIST(1.0),Historical population data,I,POL,Poland,POP,Population,PS,Persons,_T,Total,_T,Total,H,Historical,2021,,37989517,,A,Normal value,0,Units,0,Zero
DATAFLOW,OECD.ELS.SAE:DSD_POPULATION@DF_POP_HIST(1.0),Historical population data,I,ESP,Spain,POP,Population,PS,Persons,_T,Total,_T,Total,H,Historical,2021,,47346836,,A,Normal value,0,Units,0,Zero
DATAFLOW,OECD.ELS.SAE:DSD_POPULATION@DF_POP_HIST(1.0),Historical population data,I,GBR,United Kingdom,POP,Population,PS,Persons,_T,Total,_T,Total,H,Historical,2021,,66983488,,A,Normal value,0,Units,0,Zero
DATAFLOW,OECD.ELS.SAE:DSD_POPULATION@DF_POP_HIST(1.0),Historical population data,I,USA,United States,POP,Population,PS,Persons,_T,Total,_T,Total,H,Historical,2021,,332048977,,A,Normal value,0,Units,0,Zero
DATAFLOW,OECD.ELS.SAE:DSD_POPULATION@DF_POP_HIST(1.0),Historical population data,I,G20,G20,POP,Population,PS,Persons,_T,Total,_T,Total,H,Historical,2021,,4911050000,,A,Normal value,0,Units,0,Zero
DATAFLOW,OECD.ELS.SAE:DSD_POPULATION@DF_POP_HIST(1.0),Historical population data,I,EU27,European Union (27 countries),POP,Population,PS,Persons,_T,Total,_T,Total,H,Historical,2021,,447094101,,A,Normal value,0,Units,0,Zero
DATAFLOW,OECD.ELS.SAE:DSD_POPULATION@DF_POP_HIST(1.0),Historical population data,I,OECD,OECD,POP,Population,PS,Persons,_T,Total,_T,Total,H,Historical,2021,,1373990000,,A,Normal value,0,Units,0,Zero
DATAFLOW,OECD.ELS.SAE:DSD_POPULATION@DF_POP_HIST(1.0),Historical population data,I,ARG,Argentina,POP,Population,PS,Persons,_T,Total,_T,Total,H,Historical,2021,,45312281,,A,Normal value,0,Units,0,Zero
DATAFLOW,OECD.ELS.SAE:DSD_POPULATION@DF_POP_HIST(1.0),Historical population data,I,BGR,Bulgaria,POP,Population,PS,Persons,_T,Total,_T,Total,H,Historical,2021,,6877741,,A,Normal value,0,Units,0,Zero
DATAFLOW,OECD.ELS.SAE:DSD_POPULATION@DF_POP_HIST(1.0),Historical population data,I,CHN,China (People’s Republic of),POP,Population,PS,Persons,_T,Total,_T,Total,H,Historical,2021,,1426440000,,A,Normal value,0,Units,0,Zero
DATAFLOW,OECD.ELS.SAE:DSD_POPULATION@DF_POP_HIST(1.0),Historical population data,I,IND,India,POP,Population,PS,Persons,_T,Total,_T,Total,H,Historical,2021,,1414200000,,A,Normal value,0,Units,0,Zero
DATAFLOW,OECD.ELS.SAE:DSD_POPULATION@DF_POP_HIST(1.0),Historical population data,I,IDN,Indonesia,POP,Population,PS,Persons,_T,Total,_T,Total,H,Historical,2021,,272679150,,A,Normal value,0,Units,0,Zero
DATAFLOW,OECD.ELS.SAE:DSD_POPULATION@DF_POP_HIST(1.0),Historical population data,I,MLT,Malta,POP,Population,PS,Persons,_T,Total,_T,Total,H,Historical,2021,,518147,,A,Normal value,0,Units,0,Zero
DATAFLOW,OECD.ELS.SAE:DSD_POPULATION@DF_POP_HIST(1.0),Historical population data,I,ROU,Romania,POP,Population,PS,Persons,_T,Total,_T,Total,H,Historical,2021,,19140432,,A,Normal value,0,Units,0,Zero
DATAFLOW,OECD.ELS.SAE:DSD_POPULATION@DF_POP_HIST(1.0),Historical population data,I,RUS,Russia,POP,Population,PS,Persons,_T,Total,_T,Total,H,Historical,2021,,147217903,,A,Normal value,0,Units,0,Zero
DATAFLOW,OECD.ELS.SAE:DSD_POPULATION@DF_POP_HIST(1.0),Historical population data,I,SAU,Saudi Arabia,POP,Population,PS,Persons,_T,Total,_T,Total,H,Historical,2021,,30784383,,A,Normal value,0,Units,0,Zero
DATAFLOW,OECD.ELS.SAE:DSD_POPULATION@DF_POP_HIST(1.0),Historical population data,I,ZAF,South Africa,POP,Population,PS,Persons,_T,Total,_T,Total,H,Historical,2021,,60641542,,A,Normal value,0,Units,0,Zero
DATAFLOW,OECD.ELS.SAE:DSD_POPULATION@DF_POP_HIST(1.0),Historical population data,I,W,World,POP,Population,PS,Persons,_T,Total,_T,Total,H,Historical,2021,,7954450000,,A,Normal value,0,Units,0,Zero
DATAFLOW,OECD.ELS.SAE:DSD_POPULATION@DF_POP_HIST(1.0),Historical population data,I,AUS,Australia,POP,Population,PS,Persons,_T,Total,_T,Total,H,Historical,2022,,26014399,,A,Normal value,0,Units,0,Zero
DATAFLOW,OECD.ELS.SAE:DSD_POPULATION@DF_POP_HIST(1.0),Historical population data,I,AUT,Austria,POP,Population,PS,Persons,_T,Total,_T,Total,H,Historical,2022,,9058407,,A,Normal value,0,Units,0,Zero
DATAFLOW,OECD.ELS.SAE:DSD_POPULATION@DF_POP_HIST(1.0),Historical population data,I,CAN,Canada,POP,Population,PS,Persons,_T,Total,_T,Total,H,Historical,2022,,38935934,,A,Normal value,0,Units,0,Zero
DATAFLOW,OECD.ELS.SAE:DSD_POPULATION@DF_POP_HIST(1.0),Historical population data,I,CRI,Costa Rica,POP,Population,PS,Persons,_T,Total,_T,Total,H,Historical,2022,,5157658.6,,A,Normal value,0,Units,0,Zero
DATAFLOW,OECD.ELS.SAE:DSD_POPULATION@DF_POP_HIST(1.0),Historical population data,I,FRA,France,POP,Population,PS,Persons,_T,Total,_T,Total,H,Historical,2022,,68153150,,A,Normal value,0,Units,0,Zero
DATAFLOW,OECD.ELS.SAE:DSD_POPULATION@DF_POP_HIST(1.0),Historical population data,I,GRC,Greece,POP,Population,PS,Persons,_T,Total,_T,Total,H,Historical,2022,,10436881,,A,Normal value,0,Units,0,Zero
DATAFLOW,OECD.ELS.SAE:DSD_POPULATION@DF_POP_HIST(1.0),Historical population data,I,HUN,Hungary,POP,Population,PS,Persons,_T,Total,_T,Total,H,Historical,2022,,9605078,,A,Normal value,0,Units,0,Zero
DATAFLOW,OECD.ELS.SAE:DSD_POPULATION@DF_POP_HIST(1.0),Historical population data,I,ISL,Iceland,POP,Population,PS,Persons,_T,Total,_T,Total,H,Historical,2022,,370069,,A,Normal value,0,Units,0,Zero
DATAFLOW,OECD.ELS.SAE:DSD_POPULATION@DF_POP_HIST(1.0),Historical population data,I,IRL,Ireland,POP,Population,PS,Persons,_T,Total,_T,Total,H,Historical,2022,,5183966,,A,Normal value,0,Units,0,Zero
DATAFLOW,OECD.ELS.SAE:DSD_POPULATION@DF_POP_HIST(1.0),Historical population data,I,ISR,Israel,POP,Population,PS,Persons,_T,Total,_T,Total,H,Historical,2022,,9557506,,A,Normal value,0,Units,0,Zero
DATAFLOW,OECD.ELS.SAE:DSD_POPULATION@DF_POP_HIST(1.0),Historical population data,I,ITA,Italy,POP,Population,PS,Persons,_T,Total,_T,Total,H,Historical,2022,,59013671,,A,Normal value,0,Units,0,Zero
DATAFLOW,OECD.ELS.SAE:DSD_POPULATION@DF_POP_HIST(1.0),Historical population data,I,KOR,Korea,POP,Population,PS,Persons,_T,Total,_T,Total,H,Historical,2022,,51672569,,A,Normal value,0,Units,0,Zero
DATAFLOW,OECD.ELS.SAE:DSD_POPULATION@DF_POP_HIST(1.0),Historical population data,I,LTU,Lithuania,POP,Population,PS,Persons,_T,Total,_T,Total,H,Historical,2022,,2831638,,A,Normal value,0,Units,0,Zero
DATAFLOW,OECD.ELS.SAE:DSD_POPULATION@DF_POP_HIST(1.0),Historical population data,I,MEX,Mexico,POP,Population,PS,Persons,_T,Total,_T,Total,H,Historical,2022,,129960600,,A,Normal value,0,Units,0,Zero
DATAFLOW,OECD.ELS.SAE:DSD_POPULATION@DF_POP_HIST(1.0),Historical population data,I,NLD,Netherlands,POP,Population,PS,Persons,_T,Total,_T,Total,H,Historical,2022,,17700981,,A,Normal value,0,Units,0,Zero
DATAFLOW,OECD.ELS.SAE:DSD_POPULATION@DF_POP_HIST(1.0),Historical population data,I,NZL,New Zealand,POP,Population,PS,Persons,_T,Total,_T,Total,H,Historical,2022,,5081700,,A,Normal value,0,Units,0,Zero
DATAFLOW,OECD.ELS.SAE:DSD_POPULATION@DF_POP_HIST(1.0),Historical population data,I,PRT,Portugal,POP,Population,PS,Persons,_T,Total,_T,Total,H,Historical,2022,,10468869,,A,Normal value,0,Units,0,Zero
DATAFLOW,OECD.ELS.SAE:DSD_POPULATION@DF_POP_HIST(1.0),Historical population data,I,ESP,Spain,POP,Population,PS,Persons,_T,Total,_T,Total,H,Historical,2022,,47781354,,A,Normal value,0,Units,0,Zero
DATAFLOW,OECD.ELS.SAE:DSD_POPULATION@DF_POP_HIST(1.0),Historical population data,I,CHE,Switzerland,POP,Population,PS,Persons,_T,Total,_T,Total,H,Historical,2022,,8777085,,A,Normal value,0,Units,0,Zero
DATAFLOW,OECD.ELS.SAE:DSD_POPULATION@DF_POP_HIST(1.0),Historical population data,I,GBR,United Kingdom,POP,Population,PS,Persons,_T,Total,_T,Total,H,Historical,2022,,67603461,,A,Normal value,0,Units,0,Zero
DATAFLOW,OECD.ELS.SAE:DSD_POPULATION@DF_POP_HIST(1.0),Historical population data,I,USA,United States,POP,Population,PS,Persons,_T,Total,_T,Total,H,Historical,2022,,333271411,,A,Normal value,0,Units,0,Zero
DATAFLOW,OECD.ELS.SAE:DSD_POPULATION@DF_POP_HIST(1.0),Historical population data,I,G20,G20,POP,Population,PS,Persons,_T,Total,_T,Total,H,Historical,2022,,4932830000,,A,Normal value,0,Units,0,Zero
DATAFLOW,OECD.ELS.SAE:DSD_POPULATION@DF_POP_HIST(1.0),Historical population data,I,EU27,European Union (27 countries),POP,Population,PS,Persons,_T,Total,_T,Total,H,Historical,2022,,448644751,,A,Normal value,0,Units,0,Zero
DATAFLOW,OECD.ELS.SAE:DSD_POPULATION@DF_POP_HIST(1.0),Historical population data,I,OECD,OECD,POP,Population,PS,Persons,_T,Total,_T,Total,H,Historical,2022,,1380930000,,A,Normal value,0,Units,0,Zero
DATAFLOW,OECD.ELS.SAE:DSD_POPULATION@DF_POP_HIST(1.0),Historical population data,I,ARG,Argentina,POP,Population,PS,Persons,_T,Total,_T,Total,H,Historical,2022,,45407904,,A,Normal value,0,Units,0,Zero
DATAFLOW,OECD.ELS.SAE:DSD_POPULATION@DF_POP_HIST(1.0),Historical population data,I,BGR,Bulgaria,POP,Population,PS,Persons,_T,Total,_T,Total,H,Historical,2022,,6643325,,A,Normal value,0,Units,0,Zero
DATAFLOW,OECD.ELS.SAE:DSD_POPULATION@DF_POP_HIST(1.0),Historical population data,I,CHN,China (People’s Republic of),POP,Population,PS,Persons,_T,Total,_T,Total,H,Historical,2022,,1425180000,,A,Normal value,0,Units,0,Zero
DATAFLOW,OECD.ELS.SAE:DSD_POPULATION@DF_POP_HIST(1.0),Historical population data,I,HRV,Croatia,POP,Population,PS,Persons,_T,Total,_T,Total,H,Historical,2022,,3855641,,A,Normal value,0,Units,0,Zero
DATAFLOW,OECD.ELS.SAE:DSD_POPULATION@DF_POP_HIST(1.0),Historical population data,I,CYP,Cyprus,POP,Population,PS,Persons,_T,Total,_T,Total,H,Historical,2022,,926895,,A,Normal value,0,Units,0,Zero
DATAFLOW,OECD.ELS.SAE:DSD_POPULATION@DF_POP_HIST(1.0),Historical population data,I,IND,India,POP,Population,PS,Persons,_T,Total,_T,Total,H,Historical,2022,,1425420000,,A,Normal value,0,Units,0,Zero
DATAFLOW,OECD.ELS.SAE:DSD_POPULATION@DF_POP_HIST(1.0),Historical population data,I,IDN,Indonesia,POP,Population,PS,Persons,_T,Total,_T,Total,H,Historical,2022,,275719910,,A,Normal value,0,Units,0,Zero
DATAFLOW,OECD.ELS.SAE:DSD_POPULATION@DF_POP_HIST(1.0),Historical population data,I,MLT,Malta,POP,Population,PS,Persons,_T,Total,_T,Total,H,Historical,2022,,531114,,A,Normal value,0,Units,0,Zero
DATAFLOW,OECD.ELS.SAE:DSD_POPULATION@DF_POP_HIST(1.0),Historical population data,I,ROU,Romania,POP,Population,PS,Persons,_T,Total,_T,Total,H,Historical,2022,,19052694,,A,Normal value,0,Units,0,Zero
DATAFLOW,OECD.ELS.SAE:DSD_POPULATION@DF_POP_HIST(1.0),Historical population data,I,RUS,Russia,POP,Population,PS,Persons,_T,Total,_T,Total,H,Historical,2022,,146713735,,A,Normal value,0,Units,0,Zero
DATAFLOW,OECD.ELS.SAE:DSD_POPULATION@DF_POP_HIST(1.0),Historical population data,I,ZAF,South Africa,POP,Population,PS,Persons,_T,Total,_T,Total,H,Historical,2022,,61356168,,A,Normal value,0,Units,0,Zero
DATAFLOW,OECD.ELS.SAE:DSD_POPULATION@DF_POP_HIST(1.0),Historical population data,I,W,World,POP,Population,PS,Persons,_T,Total,_T,Total,H,Historical,2022,,8021410000,,A,Normal value,0,Units,0,Zero
DATAFLOW,OECD.ELS.SAE:DSD_POPULATION@DF_POP_HIST(1.0),Historical population data,I,AUS,Australia,POP,Population,PS,Persons,_T,Total,_T,Total,H,Historical,2024,,27204809,,A,Normal value,0,Units,0,Zero
DATAFLOW,OECD.ELS.SAE:DSD_POPULATION@DF_POP_HIST(1.0),Historical population data,I,AUT,Austria,POP,Population,PS,Persons,_T,Total,_T,Total,H,Historical,2024,,9174908,,A,Normal value,0,Units,0,Zero
DATAFLOW,OECD.ELS.SAE:DSD_POPULATION@DF_POP_HIST(1.0),Historical population data,I,BEL,Belgium,POP,Population,PS,Persons,_T,Total,_T,Total,H,Historical,2024,,11794601,,A,Normal value,0,Units,0,Zero
DATAFLOW,OECD.ELS.SAE:DSD_POPULATION@DF_POP_HIST(1.0),Historical population data,I,CAN,Canada,POP,Population,PS,Persons,_T,Total,_T,Total,H,Historical,2024,,41288599,,A,Normal value,0,Units,0,Zero
DATAFLOW,OECD.ELS.SAE:DSD_POPULATION@DF_POP_HIST(1.0),Historical population data,I,CHL,Chile,POP,Population,PS,Persons,_T,Total,_T,Total,H,Historical,2024,,20086377,,A,Normal value,0,Units,0,Zero
DATAFLOW,OECD.ELS.SAE:DSD_POPULATION@DF_POP_HIST(1.0),Historical population data,I,COL,Colombia,POP,Population,PS,Persons,_T,Total,_T,Total,H,Historical,2024,,52695952,,A,Normal value,0,Units,0,Zero
DATAFLOW,OECD.ELS.SAE:DSD_POPULATION@DF_POP_HIST(1.0),Historical population data,I,CRI,Costa Rica,POP,Population,PS,Persons,_T,Total,_T,Total,H,Historical,2024,,5224148.4,,A,Normal value,0,Units,0,Zero
DATAFLOW,OECD.ELS.SAE:DSD_POPULATION@DF_POP_HIST(1.0),Historical population data,I,CZE,Czechia,POP,Population,PS,Persons,_T,Total,_T,Total,H,Historical,2024,,10886531,,A,Normal value,0,Units,0,Zero
DATAFLOW,OECD.ELS.SAE:DSD_POPULATION@DF_POP_HIST(1.0),Historical population data,I,DNK,Denmark,POP,Population,PS,Persons,_T,Total,_T,Total,H,Historical,2024,,5972420,,A,Normal value,0,Units,0,Zero
DATAFLOW,OECD.ELS.SAE:DSD_POPULATION@DF_POP_HIST(1.0),Historical population data,I,EST,Estonia,POP,Population,PS,Persons,_T,Total,_T,Total,H,Historical,2024,,1372341,,A,Normal value,0,Units,0,Zero
DATAFLOW,OECD.ELS.SAE:DSD_POPULATION@DF_POP_HIST(1.0),Historical population data,I,FIN,Finland,POP,Population,PS,Persons,_T,Total,_T,Total,H,Historical,2024,,5619914,,A,Normal value,0,Units,0,Zero
DATAFLOW,OECD.ELS.SAE:DSD_POPULATION@DF_POP_HIST(1.0),Historical population data,I,FRA,France,POP,Population,PS,Persons,_T,Total,_T,Total,H,Historical,2024,,68521113,,A,Normal value,0,Units,0,Zero
DATAFLOW,OECD.ELS.SAE:DSD_POPULATION@DF_POP_HIST(1.0),Historical population data,I,GRC,Greece,POP,Population,PS,Persons,_T,Total,_T,Total,H,Historical,2024,,10392589,,A,Normal value,0,Units,0,Zero
DATAFLOW,OECD.ELS.SAE:DSD_POPULATION@DF_POP_HIST(1.0),Historical population data,I,HUN,Hungary,POP,Population,PS,Persons,_T,Total,_T,Total,H,Historical,2024,,9575754,,A,Normal value,0,Units,0,Zero
DATAFLOW,OECD.ELS.SAE:DSD_POPULATION@DF_POP_HIST(1.0),Historical population data,I,ISL,Iceland,POP,Population,PS,Persons,_T,Total,_T,Total,H,Historical,2024,,386583,,A,Normal value,0,Units,0,Zero
DATAFLOW,OECD.ELS.SAE:DSD_POPULATION@DF_POP_HIST(1.0),Historical population data,I,IRL,Ireland,POP,Population,PS,Persons,_T,Total,_T,Total,H,Historical,2024,,5380313,,A,Normal value,0,Units,0,Zero
DATAFLOW,OECD.ELS.SAE:DSD_POPULATION@DF_POP_HIST(1.0),Historical population data,I,ISR,Israel,POP,Population,PS,Persons,_T,Total,_T,Total,H,Historical,2024,,9707142,,A,Normal value,0,Units,0,Zero
DATAFLOW,OECD.ELS.SAE:DSD_POPULATION@DF_POP_HIST(1.0),Historical population data,I,ITA,Italy,POP,Population,PS,Persons,_T,Total,_T,Total,H,Historical,2024,,58952700,,A,Normal value,0,Units,0,Zero
DATAFLOW,OECD.ELS.SAE:DSD_POPULATION@DF_POP_HIST(1.0),Historical population data,I,JPN,Japan,POP,Population,PS,Persons,_T,Total,_T,Total,H,Historical,2024,,123801750,,A,Normal value,0,Units,0,Zero
DATAFLOW,OECD.ELS.SAE:DSD_POPULATION@DF_POP_HIST(1.0),Historical population data,I,KOR,Korea,POP,Population,PS,Persons,_T,Total,_T,Total,H,Historical,2024,,51751065,,A,Normal value,0,Units,0,Zero
DATAFLOW,OECD.ELS.SAE:DSD_POPULATION@DF_POP_HIST(1.0),Historical population data,I,LVA,Latvia,POP,Population,PS,Persons,_T,Total,_T,Total,H,Historical,2024,,1866124,,A,Normal value,0,Units,0,Zero
DATAFLOW,OECD.ELS.SAE:DSD_POPULATION@DF_POP_HIST(1.0),Historical population data,I,LTU,Lithuania,POP,Population,PS,Persons,_T,Total,_T,Total,H,Historical,2024,,2888055,,A,Normal value,0,Units,0,Zero
DATAFLOW,OECD.ELS.SAE:DSD_POPULATION@DF_POP_HIST(1.0),Historical population data,I,LUX,Luxembourg,POP,Population,PS,Persons,_T,Total,_T,Total,H,Historical,2024,,677010,,A,Normal value,0,Units,0,Zero
DATAFLOW,OECD.ELS.SAE:DSD_POPULATION@DF_POP_HIST(1.0),Historical population data,I,MEX,Mexico,POP,Population,PS,Persons,_T,Total,_T,Total,H,Historical,2024,,132274416,,A,Normal value,0,Units,0,Zero
DATAFLOW,OECD.ELS.SAE:DSD_POPULATION@DF_POP_HIST(1.0),Historical population data,I,NLD,Netherlands,POP,Population,PS,Persons,_T,Total,_T,Total,H,Historical,2024,,17994238,,A,Normal value,0,Units,0,Zero
DATAFLOW,OECD.ELS.SAE:DSD_POPULATION@DF_POP_HIST(1.0),Historical population data,I,NZL,New Zealand,POP,Population,PS,Persons,_T,Total,_T,Total,H,Historical,2024,,5290100,,A,Normal value,0,Units,0,Zero
DATAFLOW,OECD.ELS.SAE:DSD_POPULATION@DF_POP_HIST(1.0),Historical population data,I,NOR,Norway,POP,Population,PS,Persons,_T,Total,_T,Total,H,Historical,2024,,5572273,,A,Normal value,0,Units,0,Zero
DATAFLOW,OECD.ELS.SAE:DSD_POPULATION@DF_POP_HIST(1.0),Historical population data,I,POL,Poland,POP,Population,PS,Persons,_T,Total,_T,Total,H,Historical,2024,,37563071,,A,Normal value,0,Units,0,Zero
DATAFLOW,OECD.ELS.SAE:DSD_POPULATION@DF_POP_HIST(1.0),Historical population data,I,PRT,Portugal,POP,Population,PS,Persons,_T,Total,_T,Total,H,Historical,2024,,10701128,,A,Normal value,0,Units,0,Zero
DATAFLOW,OECD.ELS.SAE:DSD_POPULATION@DF_POP_HIST(1.0),Historical population data,I,SVK,Slovak Republic,POP,Population,PS,Persons,_T,Total,_T,Total,H,Historical,2024,,5422069,,A,Normal value,0,Units,0,Zero
DATAFLOW,OECD.ELS.SAE:DSD_POPULATION@DF_POP_HIST(1.0),Historical population data,I,SVN,Slovenia,POP,Population,PS,Persons,_T,Total,_T,Total,H,Historical,2024,,2126324,,A,Normal value,0,Units,0,Zero
DATAFLOW,OECD.ELS.SAE:DSD_POPULATION@DF_POP_HIST(1.0),Historical population data,I,ESP,Spain,POP,Population,PS,Persons,_T,Total,_T,Total,H,Historical,2024,,48807137,,A,Normal value,0,Units,0,Zero
DATAFLOW,OECD.ELS.SAE:DSD_POPULATION@DF_POP_HIST(1.0),Historical population data,I,SWE,Sweden,POP,Population,PS,Persons,_T,Total,_T,Total,H,Historical,2024,,10569710,,A,Normal value,0,Units,0,Zero
DATAFLOW,OECD.ELS.SAE:DSD_POPULATION@DF_POP_HIST(1.0),Historical population data,I,CHE,Switzerland,POP,Population,PS,Persons,_T,Total,_T,Total,H,Historical,2024,,9005581,,A,Normal value,0,Units,0,Zero
DATAFLOW,OECD.ELS.SAE:DSD_POPULATION@DF_POP_HIST(1.0),Historical population data,I,TUR,Türkiye,POP,Population,PS,Persons,_T,Total,_T,Total,H,Historical,2024,,85518662,,A,Normal value,0,Units,0,Zero
DATAFLOW,OECD.ELS.SAE:DSD_POPULATION@DF_POP_HIST(1.0),Historical population data,I,GBR,United Kingdom,POP,Population,PS,Persons,_T,Total,_T,Total,H,Historical,2024,,69517207,,A,Normal value,0,Units,0,Zero
DATAFLOW,OECD.ELS.SAE:DSD_POPULATION@DF_POP_HIST(1.0),Historical population data,I,USA,United States,POP,Population,PS,Persons,_T,Total,_T,Total,H,Historical,2024,,336673595,,A,Normal value,0,Units,0,Zero
DATAFLOW,OECD.ELS.SAE:DSD_POPULATION@DF_POP_HIST(1.0),Historical population data,I,G20,G20,POP,Population,PS,Persons,_T,Total,_T,Total,H,Historical,2024,,4978320000,,A,Normal value,0,Units,0,Zero
DATAFLOW,OECD.ELS.SAE:DSD_POPULATION@DF_POP_HIST(1.0),Historical population data,I,EU27,European Union (27 countries),POP,Population,PS,Persons,_T,Total,_T,Total,H,Historical,2024,,450807117,,A,Normal value,0,Units,0,Zero
DATAFLOW,OECD.ELS.SAE:DSD_POPULATION@DF_POP_HIST(1.0),Historical population data,I,OECD,OECD,POP,Population,PS,Persons,_T,Total,_T,Total,H,Historical,2024,,1395880000,,A,Normal value,0,Units,0,Zero
DATAFLOW,OECD.ELS.SAE:DSD_POPULATION@DF_POP_HIST(1.0),Historical population data,I,ARG,Argentina,POP,Population,PS,Persons,_T,Total,_T,Total,H,Historical,2024,,45696159,,A,Normal value,0,Units,0,Zero
DATAFLOW,OECD.ELS.SAE:DSD_POPULATION@DF_POP_HIST(1.0),Historical population data,I,BRA,Brazil,POP,Population,PS,Persons,_T,Total,_T,Total,H,Historical,2024,,217684462,,A,Normal value,0,Units,0,Zero
DATAFLOW,OECD.ELS.SAE:DSD_POPULATION@DF_POP_HIST(1.0),Historical population data,I,BGR,Bulgaria,POP,Population,PS,Persons,_T,Total,_T,Total,H,Historical,2024,,6441420.5,,A,Normal value,0,Units,0,Zero
DATAFLOW,OECD.ELS.SAE:DSD_POPULATION@DF_POP_HIST(1.0),Historical population data,I,CHN,China (People’s Republic of),POP,Population,PS,Persons,_T,Total,_T,Total,H,Historical,2024,,1419320000,,A,Normal value,0,Units,0,Zero
DATAFLOW,OECD.ELS.SAE:DSD_POPULATION@DF_POP_HIST(1.0),Historical population data,I,HRV,Croatia,POP,Population,PS,Persons,_T,Total,_T,Total,H,Historical,2024,,3866300,,A,Normal value,0,Units,0,Zero
DATAFLOW,OECD.ELS.SAE:DSD_POPULATION@DF_POP_HIST(1.0),Historical population data,I,CYP,Cyprus,POP,Population,PS,Persons,_T,Total,_T,Total,H,Historical,2024,,974930,,A,Normal value,0,Units,0,Zero
DATAFLOW,OECD.ELS.SAE:DSD_POPULATION@DF_POP_HIST(1.0),Historical population data,I,IND,India,POP,Population,PS,Persons,_T,Total,_T,Total,H,Historical,2024,,1450940000,,A,Normal value,0,Units,0,Zero
DATAFLOW,OECD.ELS.SAE:DSD_POPULATION@DF_POP_HIST(1.0),Historical population data,I,IDN,Indonesia,POP,Population,PS,Persons,_T,Total,_T,Total,H,Historical,2024,,281603800,,A,Normal value,0,Units,0,Zero
DATAFLOW,OECD.ELS.SAE:DSD_POPULATION@DF_POP_HIST(1.0),Historical population data,I,MLT,Malta,POP,Population,PS,Persons,_T,Total,_T,Total,H,Historical,2024,,574875,,A,Normal value,0,Units,0,Zero
DATAFLOW,OECD.ELS.SAE:DSD_POPULATION@DF_POP_HIST(1.0),Historical population data,I,ROU,Romania,POP,Population,PS,Persons,_T,Total,_T,Total,H,Historical,2024,,19070966,,A,Normal value,0,Units,0,Zero
DATAFLOW,OECD.ELS.SAE:DSD_POPULATION@DF_POP_HIST(1.0),Historical population data,I,RUS,Russia,POP,Population,PS,Persons,_T,Total,_T,Total,H,Historical,2024,,145927303,,A,Normal value,0,Units,0,Zero
DATAFLOW,OECD.ELS.SAE:DSD_POPULATION@DF_POP_HIST(1.0),Historical population data,I,SAU,Saudi Arabia,POP,Population,PS,Persons,_T,Total,_T,Total,H,Historical,2024,,35300280,,A,Normal value,0,Units,0,Zero
DATAFLOW,OECD.ELS.SAE:DSD_POPULATION@DF_POP_HIST(1.0),Historical population data,I,SGP,Singapore,POP,Population,PS,Persons,_T,Total,_T,Total,H,Historical,2024,,4180868,,A,Normal value,0,Units,0,Zero
DATAFLOW,OECD.ELS.SAE:DSD_POPULATION@DF_POP_HIST(1.0),Historical population data,I,ZAF,South Africa,POP,Population,PS,Persons,_T,Total,_T,Total,H,Historical,2024,,63015904,,A,Normal value,0,Units,0,Zero
DATAFLOW,OECD.ELS.SAE:DSD_POPULATION@DF_POP_HIST(1.0),Historical population data,I,W,World,POP,Population,PS,Persons,_T,Total,_T,Total,H,Historical,2024,,8161970000,,A,Normal value,0,Units,0,Zero
DATAFLOW,OECD.ELS.SAE:DSD_POPULATION@DF_POP_HIST(1.0),Historical population data,I,AUS,Australia,POP,Population,PS,Persons,_T,Total,_T,Total,H,Historical,2023,,26652777,,A,Normal value,0,Units,0,Zero
DATAFLOW,OECD.ELS.SAE:DSD_POPULATION@DF_POP_HIST(1.0),Historical population data,I,AUT,Austria,POP,Population,PS,Persons,_T,Total,_T,Total,H,Historical,2023,,9125730,,A,Normal value,0,Units,0,Zero
DATAFLOW,OECD.ELS.SAE:DSD_POPULATION@DF_POP_HIST(1.0),Historical population data,I,BEL,Belgium,POP,Population,PS,Persons,_T,Total,_T,Total,H,Historical,2023,,11730606,,A,Normal value,0,Units,0,Zero
DATAFLOW,OECD.ELS.SAE:DSD_POPULATION@DF_POP_HIST(1.0),Historical population data,I,CAN,Canada,POP,Population,PS,Persons,_T,Total,_T,Total,H,Historical,2023,,40083484,,A,Normal value,0,Units,0,Zero
DATAFLOW,OECD.ELS.SAE:DSD_POPULATION@DF_POP_HIST(1.0),Historical population data,I,CHL,Chile,POP,Population,PS,Persons,_T,Total,_T,Total,H,Historical,2023,,19960889,,A,Normal value,0,Units,0,Zero
DATAFLOW,OECD.ELS.SAE:DSD_POPULATION@DF_POP_HIST(1.0),Historical population data,I,COL,Colombia,POP,Population,PS,Persons,_T,Total,_T,Total,H,Historical,2023,,52215503,,A,Normal value,0,Units,0,Zero
DATAFLOW,OECD.ELS.SAE:DSD_POPULATION@DF_POP_HIST(1.0),Historical population data,I,CRI,Costa Rica,POP,Population,PS,Persons,_T,Total,_T,Total,H,Historical,2023,,5191864.4,,A,Normal value,0,Units,0,Zero
DATAFLOW,OECD.ELS.SAE:DSD_POPULATION@DF_POP_HIST(1.0),Historical population data,I,CZE,Czechia,POP,Population,PS,Persons,_T,Total,_T,Total,H,Historical,2023,,10878042,,A,Normal value,0,Units,0,Zero
DATAFLOW,OECD.ELS.SAE:DSD_POPULATION@DF_POP_HIST(1.0),Historical population data,I,DNK,Denmark,POP,Population,PS,Persons,_T,Total,_T,Total,H,Historical,2023,,5944145,,A,Normal value,0,Units,0,Zero
DATAFLOW,OECD.ELS.SAE:DSD_POPULATION@DF_POP_HIST(1.0),Historical population data,I,EST,Estonia,POP,Population,PS,Persons,_T,Total,_T,Total,H,Historical,2023,,1370286,,A,Normal value,0,Units,0,Zero
DATAFLOW,OECD.ELS.SAE:DSD_POPULATION@DF_POP_HIST(1.0),Historical population data,I,FIN,Finland,POP,Population,PS,Persons,_T,Total,_T,Total,H,Historical,2023,,5583901,,A,Normal value,0,Units,0,Zero
DATAFLOW,OECD.ELS.SAE:DSD_POPULATION@DF_POP_HIST(1.0),Historical population data,I,FRA,France,POP,Population,PS,Persons,_T,Total,_T,Total,H,Historical,2023,,68341348,,A,Normal value,0,Units,0,Zero
DATAFLOW,OECD.ELS.SAE:DSD_POPULATION@DF_POP_HIST(1.0),Historical population data,I,GRC,Greece,POP,Population,PS,Persons,_T,Total,_T,Total,H,Historical,2023,,10407358,,A,Normal value,0,Units,0,Zero
DATAFLOW,OECD.ELS.SAE:DSD_POPULATION@DF_POP_HIST(1.0),Historical population data,I,HUN,Hungary,POP,Population,PS,Persons,_T,Total,_T,Total,H,Historical,2023,,9592192,,A,Normal value,0,Units,0,Zero
DATAFLOW,OECD.ELS.SAE:DSD_POPULATION@DF_POP_HIST(1.0),Historical population data,I,ISL,Iceland,POP,Population,PS,Persons,_T,Total,_T,Total,H,Historical,2023,,379470,,A,Normal value,0,Units,0,Zero
DATAFLOW,OECD.ELS.SAE:DSD_POPULATION@DF_POP_HIST(1.0),Historical population data,I,IRL,Ireland,POP,Population,PS,Persons,_T,Total,_T,Total,H,Historical,2023,,5281612,,A,Normal value,0,Units,0,Zero
DATAFLOW,OECD.ELS.SAE:DSD_POPULATION@DF_POP_HIST(1.0),Historical population data,I,ISR,Israel,POP,Population,PS,Persons,_T,Total,_T,Total,H,Historical,2023,,9633000,,A,Normal value,0,Units,0,Zero
DATAFLOW,OECD.ELS.SAE:DSD_POPULATION@DF_POP_HIST(1.0),Historical population data,I,ITA,Italy,POP,Population,PS,Persons,_T,Total,_T,Total,H,Historical,2023,,58984217,,A,Normal value,0,Units,0,Zero
DATAFLOW,OECD.ELS.SAE:DSD_POPULATION@DF_POP_HIST(1.0),Historical population data,I,JPN,Japan,POP,Population,PS,Persons,_T,Total,_T,Total,H,Historical,2023,,124351877,,A,Normal value,0,Units,0,Zero
DATAFLOW,OECD.ELS.SAE:DSD_POPULATION@DF_POP_HIST(1.0),Historical population data,I,KOR,Korea,POP,Population,PS,Persons,_T,Total,_T,Total,H,Historical,2023,,51712619,,A,Normal value,0,Units,0,Zero
DATAFLOW,OECD.ELS.SAE:DSD_POPULATION@DF_POP_HIST(1.0),Historical population data,I,LVA,Latvia,POP,Population,PS,Persons,_T,Total,_T,Total,H,Historical,2023,,1883708,,A,Normal value,0,Units,0,Zero
DATAFLOW,OECD.ELS.SAE:DSD_POPULATION@DF_POP_HIST(1.0),Historical population data,I,LTU,Lithuania,POP,Population,PS,Persons,_T,Total,_T,Total,H,Historical,2023,,2871585,,A,Normal value,0,Units,0,Zero
DATAFLOW,OECD.ELS.SAE:DSD_POPULATION@DF_POP_HIST(1.0),Historical population data,I,LUX,Luxembourg,POP,Population,PS,Persons,_T,Total,_T,Total,H,Historical,2023,,666428,,A,Normal value,0,Units,0,Zero
DATAFLOW,OECD.ELS.SAE:DSD_POPULATION@DF_POP_HIST(1.0),Historical population data,I,MEX,Mexico,POP,Population,PS,Persons,_T,Total,_T,Total,H,Historical,2023,,131135337,,A,Normal value,0,Units,0,Zero
DATAFLOW,OECD.ELS.SAE:DSD_POPULATION@DF_POP_HIST(1.0),Historical population data,I,NLD,Netherlands,POP,Population,PS,Persons,_T,Total,_T,Total,H,Historical,2023,,17877121,,A,Normal value,0,Units,0,Zero
DATAFLOW,OECD.ELS.SAE:DSD_POPULATION@DF_POP_HIST(1.0),Historical population data,I,NZL,New Zealand,POP,Population,PS,Persons,_T,Total,_T,Total,H,Historical,2023,,5200000,,A,Normal value,0,Units,0,Zero
DATAFLOW,OECD.ELS.SAE:DSD_POPULATION@DF_POP_HIST(1.0),Historical population data,I,NOR,Norway,POP,Population,PS,Persons,_T,Total,_T,Total,H,Historical,2023,,5519596,,A,Normal value,0,Units,0,Zero
DATAFLOW,OECD.ELS.SAE:DSD_POPULATION@DF_POP_HIST(1.0),Historical population data,I,POL,Poland,POP,Population,PS,Persons,_T,Total,_T,Total,H,Historical,2023,,37698294,,A,Normal value,0,Units,0,Zero
DATAFLOW,OECD.ELS.SAE:DSD_POPULATION@DF_POP_HIST(1.0),Historical population data,I,PRT,Portugal,POP,Population,PS,Persons,_T,Total,_T,Total,H,Historical,2023,,10578174,,A,Normal value,0,Units,0,Zero
DATAFLOW,OECD.ELS.SAE:DSD_POPULATION@DF_POP_HIST(1.0),Historical population data,I,SVK,Slovak Republic,POP,Population,PS,Persons,_T,Total,_T,Total,H,Historical,2023,,5426739.5,,A,Normal value,0,Units,0,Zero
DATAFLOW,OECD.ELS.SAE:DSD_POPULATION@DF_POP_HIST(1.0),Historical population data,I,SVN,Slovenia,POP,Population,PS,Persons,_T,Total,_T,Total,H,Historical,2023,,2120937,,A,Normal value,0,Units,0,Zero
DATAFLOW,OECD.ELS.SAE:DSD_POPULATION@DF_POP_HIST(1.0),Historical population data,I,ESP,Spain,POP,Population,PS,Persons,_T,Total,_T,Total,H,Historical,2023,,48320520,,A,Normal value,0,Units,0,Zero
DATAFLOW,OECD.ELS.SAE:DSD_POPULATION@DF_POP_HIST(1.0),Historical population data,I,SWE,Sweden,POP,Population,PS,Persons,_T,Total,_T,Total,H,Historical,2023,,10536631,,A,Normal value,0,Units,0,Zero
DATAFLOW,OECD.ELS.SAE:DSD_POPULATION@DF_POP_HIST(1.0),Historical population data,I,CHE,Switzerland,POP,Population,PS,Persons,_T,Total,_T,Total,H,Historical,2023,,8888818,,A,Normal value,0,Units,0,Zero
DATAFLOW,OECD.ELS.SAE:DSD_POPULATION@DF_POP_HIST(1.0),Historical population data,I,TUR,Türkiye,POP,Population,PS,Persons,_T,Total,_T,Total,H,Historical,2023,,85325967,,A,Normal value,0,Units,0,Zero
DATAFLOW,OECD.ELS.SAE:DSD_POPULATION@DF_POP_HIST(1.0),Historical population data,I,GBR,United Kingdom,POP,Population,PS,Persons,_T,Total,_T,Total,H,Historical,2023,,68265209,,A,Normal value,0,Units,0,Zero
DATAFLOW,OECD.ELS.SAE:DSD_POPULATION@DF_POP_HIST(1.0),Historical population data,I,USA,United States,POP,Population,PS,Persons,_T,Total,_T,Total,H,Historical,2023,,334914895,,A,Normal value,0,Units,0,Zero
DATAFLOW,OECD.ELS.SAE:DSD_POPULATION@DF_POP_HIST(1.0),Historical population data,I,G20,G20,POP,Population,PS,Persons,_T,Total,_T,Total,H,Historical,2023,,4955190000,,A,Normal value,0,Units,0,Zero
DATAFLOW,OECD.ELS.SAE:DSD_POPULATION@DF_POP_HIST(1.0),Historical population data,I,EU27,European Union (27 countries),POP,Population,PS,Persons,_T,Total,_T,Total,H,Historical,2023,,449388819,,A,Normal value,0,Units,0,Zero
DATAFLOW,OECD.ELS.SAE:DSD_POPULATION@DF_POP_HIST(1.0),Historical population data,I,OECD,OECD,POP,Population,PS,Persons,_T,Total,_T,Total,H,Historical,2023,,1387940000,,A,Normal value,0,Units,0,Zero
DATAFLOW,OECD.ELS.SAE:DSD_POPULATION@DF_POP_HIST(1.0),Historical population data,I,ARG,Argentina,POP,Population,PS,Persons,_T,Total,_T,Total,H,Historical,2023,,45538401,,A,Normal value,0,Units,0,Zero
DATAFLOW,OECD.ELS.SAE:DSD_POPULATION@DF_POP_HIST(1.0),Historical population data,I,BRA,Brazil,POP,Population,PS,Persons,_T,Total,_T,Total,H,Historical,2023,,216284269,,A,Normal value,0,Units,0,Zero
DATAFLOW,OECD.ELS.SAE:DSD_POPULATION@DF_POP_HIST(1.0),Historical population data,I,BGR,Bulgaria,POP,Population,PS,Persons,_T,Total,_T,Total,H,Historical,2023,,6446595.5,,A,Normal value,0,Units,0,Zero
DATAFLOW,OECD.ELS.SAE:DSD_POPULATION@DF_POP_HIST(1.0),Historical population data,I,CHN,China (People’s Republic of),POP,Population,PS,Persons,_T,Total,_T,Total,H,Historical,2023,,1422580000,,A,Normal value,0,Units,0,Zero
DATAFLOW,OECD.ELS.SAE:DSD_POPULATION@DF_POP_HIST(1.0),Historical population data,I,HRV,Croatia,POP,Population,PS,Persons,_T,Total,_T,Total,H,Historical,2023,,3859686,,A,Normal value,0,Units,0,Zero
DATAFLOW,OECD.ELS.SAE:DSD_POPULATION@DF_POP_HIST(1.0),Historical population data,I,CYP,Cyprus,POP,Population,PS,Persons,_T,Total,_T,Total,H,Historical,2023,,957724,,A,Normal value,0,Units,0,Zero
DATAFLOW,OECD.ELS.SAE:DSD_POPULATION@DF_POP_HIST(1.0),Historical population data,I,IND,India,POP,Population,PS,Persons,_T,Total,_T,Total,H,Historical,2023,,1438070000,,A,Normal value,0,Units,0,Zero
DATAFLOW,OECD.ELS.SAE:DSD_POPULATION@DF_POP_HIST(1.0),Historical population data,I,IDN,Indonesia,POP,Population,PS,Persons,_T,Total,_T,Total,H,Historical,2023,,278696190,,A,Normal value,0,Units,0,Zero
DATAFLOW,OECD.ELS.SAE:DSD_POPULATION@DF_POP_HIST(1.0),Historical population data,I,MLT,Malta,POP,Population,PS,Persons,_T,Total,_T,Total,H,Historical,2023,,552743,,A,Normal value,0,Units,0,Zero
DATAFLOW,OECD.ELS.SAE:DSD_POPULATION@DF_POP_HIST(1.0),Historical population data,I,ROU,Romania,POP,Population,PS,Persons,_T,Total,_T,Total,H,Historical,2023,,19065215,,A,Normal value,0,Units,0,Zero
DATAFLOW,OECD.ELS.SAE:DSD_POPULATION@DF_POP_HIST(1.0),Historical population data,I,RUS,Russia,POP,Population,PS,Persons,_T,Total,_T,Total,H,Historical,2023,,146299107,,A,Normal value,0,Units,0,Zero
DATAFLOW,OECD.ELS.SAE:DSD_POPULATION@DF_POP_HIST(1.0),Historical population data,I,SAU,Saudi Arabia,POP,Population,PS,Persons,_T,Total,_T,Total,H,Historical,2023,,33702731,,A,Normal value,0,Units,0,Zero
DATAFLOW,OECD.ELS.SAE:DSD_POPULATION@DF_POP_HIST(1.0),Historical population data,I,SGP,Singapore,POP,Population,PS,Persons,_T,Total,_T,Total,H,Historical,2023,,4149253,,A,Normal value,0,Units,0,Zero
DATAFLOW,OECD.ELS.SAE:DSD_POPULATION@DF_POP_HIST(1.0),Historical population data,I,ZAF,South Africa,POP,Population,PS,Persons,_T,Total,_T,Total,H,Historical,2023,,62180391,,A,Normal value,0,Units,0,Zero
DATAFLOW,OECD.ELS.SAE:DSD_POPULATION@DF_POP_HIST(1.0),Historical population data,I,W,World,POP,Population,PS,Persons,_T,Total,_T,Total,H,Historical,2023,,8091730000,,A,Normal value,0,Units,0,Zero
DATAFLOW,OECD.ELS.SAE:DSD_POPULATION@DF_POP_HIST(1.0),Historical population data,I,DEU,Germany,POP,Population,PS,Persons,_T,Total,_T,Total,H,Historical,2022,,83177812.5,,A,Normal value,0,Units,0,Zero
DATAFLOW,OECD.ELS.SAE:DSD_POPULATION@DF_POP_HIST(1.0),Historical population data,I,DEU,Germany,POP,Population,PS,Persons,_T,Total,_T,Total,H,Historical,2024,,83516592.5,,A,Normal value,0,Units,0,Zero
DATAFLOW,OECD.ELS.SAE:DSD_POPULATION@DF_POP_HIST(1.0),Historical population data,I,DEU,Germany,POP,Population,PS,Persons,_T,Total,_T,Total,H,Historical,2020,,83160871,,A,Normal value,0,Units,0,Zero
DATAFLOW,OECD.ELS.SAE:DSD_POPULATION@DF_POP_HIST(1.0),Historical population data,I,DEU,Germany,POP,Population,PS,Persons,_T,Total,_T,Total,H,Historical,2021,,83196077.5,,A,Normal value,0,Units,0,Zero
DATAFLOW,OECD.ELS.SAE:DSD_POPULATION@DF_POP_HIST(1.0),Historical population data,I,DEU,Germany,POP,Population,PS,Persons,_T,Total,_T,Total,H,Historical,2023,,83287273,,A,Normal value,0,Units,0,Zero
