"iso","year","Population","GDP","GNI","GDP_pc","GNI_pc","gdp_log_diff","GNI_log_diff","gdp_log_diff_total","gni_log_diff_total","gdp_dev","gni_dev","EHB_dev","ehb_crude_dev","eq_ehb_crude_dev","debt_ehb_crude_dev","fdi_ehb_crude_dev","eq_debt_ehb_crude_dev","time","resid_stage1"
"AUS",1993,17634808,5603968231.65016,5480924284.13893,317.778806077739,310.801471960394,0.0229288388014579,0.0276648186664596,-0.00135462222161831,-0.00166973190616737,0.0242834610230762,0.029334550572627,-0.0320286875207326,0.143399160753927,1.5636949432456,-0.834617137049552,1.86937001289265,-0.350211327749302,-13,0.00862928138041528
"AUS",1994,17805468,5840471491.88773,5639641665.01439,328.015612501044,316.736502798713,0.0317056439584791,0.0189158522464234,0.0220913250613259,0.0224786054372377,0.00961431889715314,-0.00356275319081423,-0.0391361538559715,0.114276950828624,1.58066253963556,-0.897164866136696,1.81408615370832,-0.421570448010313,-12,-0.0118849134163185
"AUS",1995,18004882,5955200987.43082,5745066485.71781,330.754791252218,319.083817695545,0.00831608257358774,0.00738361290243184,0.0196658274612975,0.0181449363020514,-0.0113497448877098,-0.0107613233996195,-0.045749242274728,0.198886221298125,1.73649730774935,-0.775177189755927,1.77191154830945,-0.298092618697098,-11,-0.00133834007079069
"AUS",1996,18224767,6107355385.64649,5902664286.22065,335.112947432825,323.881467797127,0.0130903426029993,0.014923789055743,0.0169687253259871,0.0199157558270775,-0.00387838272298779,-0.00499196677133451,-0.0330428418400678,0.272932755190745,1.71016767848438,-0.651885845886674,1.83724740877744,-0.216435765450039,-10,-0.00184293418706686
"AUS",1997,18423037,6451270116.27569,6248371734.66892,350.174084559223,339.160787370124,0.0439627837672569,0.0460966852389548,0.020118714724223,0.0234582751556349,0.0238440690430339,0.0226384100833199,-0.0346578180158259,0.231845440576395,1.66050967718872,-0.65229394863625,1.73015637516077,-0.251823038935821,-9,0.00180483255573105
"AUS",1998,18607584,6750216366.79606,6540086533.1769,362.766943134372,351.474244758315,0.0353301828587824,0.0356621422227059,0.0166442682700927,0.0190432546603718,0.0186859145886897,0.0166188875623341,-0.00439199109854649,0.317926870454974,1.64962394626058,-0.573259001375922,1.74883582915753,-0.169591759238441,-8,-0.000229735229736604
"AUS",1999,18812264,7088576716.77848,6884710581.74845,376.806147137765,365.969273116115,0.0379702584865029,0.0404129404565969,0.0228857791746693,0.0226003218471122,0.0150844793118337,0.0178126186094847,0.00171371400556442,0.318802194386597,1.62747114655511,-0.593721883011129,1.64177961831472,-0.100718285173894,-7,0.00402796222116412
"AUS",2000,19028802,7245292831.84536,7042980651.15467,380.754018663149,370.122125983269,0.010422689688447,0.0112836447596907,0.0275917314821177,0.030749892461027,-0.0171690417936707,-0.0194662477013363,-0.0199113810565089,0.288718349369573,1.90389178624772,-0.585395440729595,1.47464784031572,-0.0899446034422726,-6,-0.00433318263306397
"AUS",2001,19274701,7418443658.46537,7217700143.2453,384.879830741103,374.464960221448,0.0107776113030642,0.0116652130160597,0.00429049256645264,0.00495620591270285,0.00648711873661156,0.00670900710335687,-0.0245830014207918,0.451633476473925,1.91290229660599,-0.554045896337641,1.67983508792385,-0.0263098063695999,-5,0.000711557103147702
"AUS",2002,19495210,7648220908.81523,7433551920.17197,392.312824987021,381.301454058303,0.0191283868450141,0.0180920458613567,0.00834388227701144,0.00648753469019425,0.0107845045680026,0.0116045111711625,-0.0278914962453836,0.372674222002056,2.01680747833323,-0.525528700896153,1.45914678664066,-0.0408171309860585,-4,0.0017229069675115
"AUS",2003,19720737,8009564148.30997,7782114519.06414,406.149331452976,394.615805639725,0.0346613589706664,0.0343223673464461,0.0122912048671653,0.0116199903834531,0.0223701541035011,0.022702376962993,-0.0287920135384329,0.427558239948246,1.8852101342345,-0.459949307003803,1.48727253881337,0.0215626847963351,-3,0.00229650941258673
"AUS",2004,19932722,8381930115.19901,8072055603.43692,420.511062924522,404.965042076888,0.0347498846069882,0.0258880998955853,0.0246676474896086,0.0264226761369253,0.0100822371173797,-0.000534576241340012,-0.0175004311819996,0.381129580531691,1.7149791397299,-0.488305570784926,1.4403893685688,-0.025067175155179,-2,-0.0099689246331278
"AUS",2005,20176844,8817171787.11359,8475407085.70628,436.994595741217,420.056133937809,0.0384500402510168,0.0365876070580544,0.018590244645126,0.0198301255349689,0.0198597956058908,0.0167574815230855,-0.056678676555833,0.384094725453447,1.49712350280229,-0.346444953214315,1.36677516788139,0.078771603453911,-1,-0.00123827603782076
"AUS",2006,20450966,9277607127.96001,8865297755.73666,453.651290993297,433.490415843274,0.0374079931088334,0.031481332615189,0.0213658475515661,0.0248719015186785,0.0160421455572672,0.00660943109651058,-0.0566482867724858,0.45264169193854,1.4684717361612,-0.198955677967053,1.30740828714287,0.211703420406684,0,-0.00805500056201208
"AUS",2007,20827622,9824285338.51402,9423648203.90962,471.695008605112,452.459152749633,0.0390037871163429,0.0428278017040089,0.0188083281161457,0.0132610790346419,0.0201954590001971,0.029566722669367,-0.0663659858563157,0.467928250314618,1.42847804430025,-0.174004692599468,1.17542037527561,0.2737694639755,1,0.0111705197583214
"AUS",2008,21249199,10077891746.8752,9724863122.93103,474.271606514448,457.657868559235,0.00544755859256618,0.0114244041835549,-0.0172992014437723,-0.0221037709787,0.0227467600363385,0.0335281751622549,-0.0752547400956606,0.257088089287337,1.39941774910288,-0.199381108193037,0.789704917482191,0.124547239055784,2,0.0128369914352526
"AUS",2009,21691653,10239289837.7014,9842756064.329,472.038246126352,453.757768683143,-0.00472015488043898,-0.00855838658510866,-0.0355812704632736,-0.034371468752588,0.0308611155828347,0.0258130821674794,-0.0451090493813019,0.463089938068066,1.42851421408827,0.0464171017487995,0.921370688113109,0.355256907419192,3,-0.00298252557718193
"AUS",2010,22031750,10818690382.6448,10385402954.2625,491.049979354559,471.383478582616,0.0394859013288018,0.0381084358356674,0.0181619500143499,0.0238900220366913,0.0213239513144519,0.014218413798976,-0.0513849532657279,0.435428738711973,1.44885072864205,0.0590361068497764,0.877045547157188,0.331305272156973,4,-0.00576960771709972
"AUS",2011,22340024,11082281945.774,10745915052.2913,496.072965086071,481.016271615969,0.0101771093737959,0.0202291559240706,0.00209711609831942,0.00582152923367207,0.00807999327547648,0.0144076266903985,-0.0874707254444487,0.345616323397908,1.37184204657995,0.0325892069439129,0.655647525023143,0.315594355966617,5,0.00686267347734792
"AUS",2012,22733465,11164712556.0492,10887510953.9118,491.113543670056,478.919995430166,-0.0100476720365386,-0.00436753895032549,0.000795119394267907,0.00265209109328168,-0.0108427914308065,-0.00701963004360717,-0.0635246831478453,0.348596088695619,1.35696225989095,0.0470523342699642,0.614677783098212,0.340903998226245,6,0.00289187490089712
"AUS",2013,23128129,11339642426.0125,11044121609.6122,490.296574617538,477.519024976564,-0.00166488856392366,-0.00292955729675093,0.0078495719989311,0.0050414621375996,-0.00951446056285477,-0.00797101943435052,-0.0880130846549603,0.32864259020183,1.46331733635641,0.0460284467153957,0.545689723236564,0.349424953696869,7,0.000602485393118266
"AUS",2014,23475686,11232919223.3975,11004429300.1405,478.491628461784,468.758582822265,-0.0243717469713651,-0.01851611487211,0.0159654849278255,0.0183743549713968,-0.0403372318991906,-0.0368904698435069,-0.0999986487112349,0.400122082742943,1.47732779565105,0.110997301816264,0.604385819442175,0.421395981727004,8,-1.58817012760265e-05
"AUS",2015,23815995,11294369036.6569,11027372766.7469,474.234607315669,463.023810961788,-0.00893656397286158,-0.0123094068106857,0.0280472653851263,0.0245583807465763,-0.0369838293579878,-0.0368677875572621,-0.104805436231678,0.518779726429725,1.53755195779733,0.313077947558368,0.655255023128297,0.56269544050174,9,-0.00298257801577386
"AUS",2016,24190907,11823659203.0659,11500746801.1401,488.764609076705,475.416105776442,0.0301788501574549,0.0264119523937145,0.0168271894449461,0.0144851185438073,0.0133516607125088,0.0119268338499072,-0.115594798004772,0.476106488736557,1.58202267873639,0.24767097870437,0.597090690361278,0.530173352294337,10,-0.000546154776908858
"AUS",2017,24592588,12151269123.3681,11766317382.3158,494.102903011595,478.449741943214,0.0108627996399084,0.00636074014428445,0.0179280727866624,0.0191654966141703,-0.00706527314675398,-0.0128047564698859,-0.120348150705844,0.439343600489676,1.50583998597799,0.16385660821407,0.587532904832958,0.481002784831456,11,-0.0064783705376411
"AUS",2018,24963258,12608580792.3528,12179059021.4336,505.08554581909,487.879387435468,0.0219840114039673,0.0195170455451779,0.0159021573282834,0.016908827659889,0.00608185407568396,0.00260821788528887,-0.137239285145791,0.394585881918654,1.52280532282361,0.117653321025443,0.522307167133316,0.44672403415381,12,-0.00315906283903549
"AUS",2019,25334826,12623354358.9544,12322806462.6571,498.260945583537,486.397911817398,-0.0136038856838825,-0.00304118090614924,0.0144967088861767,0.015257414255065,-0.0281005945700592,-0.0182985951612142,-0.146249224177613,0.424675861224681,1.56402588566984,0.0715691149252752,0.606569978463464,0.462020995239287,13,0.00726789332936055
"AUT",1993,7905632,3034111181.14332,3042569869.7323,383.791097428178,384.861054717991,-0.0114683438171541,-0.0111717835693925,-0.00135462222161831,-0.00166973190616737,-0.0101137215955358,-0.00950205166322515,0.0825441119127156,0.709007530716996,0.299653079736438,0.875587590718709,0.637386186279334,0.800475032904175,-13,0.000710920578657178
"AUT",1994,7936118,3094064216.19052,3098903571.74109,389.871246394084,390.481035153597,0.0157181597226526,0.0144970302401681,0.0220913250613259,0.0224786054372377,-0.00637316533867338,-0.00798157519706955,0.0450665003862337,0.757134936060331,0.612599639690201,0.926650172210959,0.623611649814609,0.858454481525999,-12,-0.00133460563858652
"AUT",1995,7948278,3163270564.60466,3151158153.34072,397.981872879215,396.457969052004,0.0205899115523369,0.0151906279903775,0.0196658274612975,0.0181449363020514,0.00092408409103939,-0.00295430831167387,0.0282128072147516,0.761908554989239,0.661615831182678,0.941728452504932,0.587567042210205,0.868511200499307,-11,-0.00288102692457986
"AUT",1996,7959016,3204775151.5888,3202921577.34,402.659719692585,402.426829816651,0.0116853785411513,0.0149432605145376,0.0169687253259871,0.0199157558270775,-0.00528334678483589,-0.00497249531253985,0.00289007553203657,0.776280915210083,0.706450571212899,0.964755396488156,0.602649709113461,0.888357721364269,-10,0.000604273678634678
"AUT",1997,7968041,3272140766.90926,3256919578.56418,410.658123735717,408.747843863275,0.0196692153586309,0.0155851561877753,0.020118714724223,0.0234582751556349,-0.000449499365592132,-0.00787311896785958,-0.146560379074627,0.844363654745939,1.30308076455963,0.979638011278938,0.793455982458146,0.933440947017795,-9,-0.00661598823602221
"AUT",1999,7992323,3486330131.71342,3430877428.20621,436.20986435526,429.27161830249,0.0315005471862557,0.0215970920586033,0.0228857791746693,0.0226003218471122,0.00861476801158645,-0.00100322978850897,-0.333756093375052,0.935046730334796,1.58856523190712,1.07953330219798,0.706693890502434,1.03932349386425,-7,-0.00595078518998558
"AUT",2000,8011566,3563165856.52549,3531958958.05098,444.752730805124,440.857500025711,0.0193949988109852,0.0266318325620958,0.0275917314821177,0.030749892461027,-0.00819673267113252,-0.00411805989893121,-0.498670928134556,1.13499462902893,2.28988481727555,1.22716918224233,0.891308161733626,1.23973491015497,-6,0.00149924256995222
"AUT",2001,8042293,3585026848.87029,3535737352.47817,445.771728146473,439.642941693142,0.00228853407864626,-0.0027587927168442,0.00429049256645264,0.00495620591270285,-0.00200195848780638,-0.00771499862954705,-0.457335443388261,1.15487315173609,1.91234295064075,1.29319167738154,0.927292001330401,1.26140212270705,-5,-0.00559568603275512
"AUT",2002,8080292,3613007215.58684,3591891415.97209,447.138199409976,444.524952312625,0.00306071707366939,0.0110432877457418,0.00834388227701144,0.00648753469019425,-0.00528316520334204,0.00455575305554756,-0.331066868300304,1.24996492610456,1.93100431823513,1.38973098200035,1.0794087307892,1.34747791906057,-4,0.00914329953261165
"AUT",2003,8114402,3651059976.66237,3641833421.56587,449.948126388411,448.811067231555,0.00626458365767935,0.00959582444643825,0.0122912048671653,0.0116199903834531,-0.00602662120948594,-0.00202416593701482,-0.23903730309277,1.28917517382623,1.87110049034869,1.45665775922678,1.06840695585851,1.40714119677759,-3,0.00348374124764905
"AUT",2004,8166432,3732491686.07662,3727310551.27138,457.052931571171,456.418488670619,0.0156669067667536,0.0168081134515221,0.0246676474896086,0.0264226761369253,-0.00900074072285495,-0.00961456268540317,-0.200593571856664,1.30364806864686,1.76903849330697,1.47196663660647,1.08965381287836,1.41798857485726,-2,-0.00155301394835663
"AUT",2005,8222090,3827790806.07766,3819631786.08403,465.54961160455,464.557282404356,0.0184194598678724,0.0176747442568397,0.018590244645126,0.0198301255349689,-0.00017078477725363,-0.0021553812781292,-0.0846155130912057,1.43393446303553,1.57825640944634,1.50468839018787,1.77442379039647,1.44169006712435,-1,-0.00110412347288741
"AUT",2006,8265675,3976434062.66748,3985789987.57885,481.077959473059,482.209860365772,0.0328106668171912,0.0372945430237985,0.0213658475515661,0.0248719015186785,0.0114448192656251,0.0124226415051201,-0.0858270241412886,1.5290865252443,1.56141264345486,1.62813589925567,1.83191956221484,1.55683106285288,0,0.0032193708176983
"AUT",2007,8293654,4130218029.48929,4126029390.03785,497.997388061919,497.492346562546,0.0345654972761906,0.0312007584429832,0.0188083281161457,0.0132610790346419,0.0157571691600449,0.0179396794083413,-0.0641446727438972,1.54992746816304,1.35092261458908,1.65234027737394,1.86302769416172,1.55926602559069,1,0.00461332718384013
"AUT",2008,8319388,4138191507.25006,4172929514.37029,497.415375656245,501.590924040361,-0.00116938920860132,0.00820472245015313,-0.0172992014437723,-0.0221037709787,0.016129812235171,0.0303084934288531,-0.180426425679109,1.57828236736033,1.2233554472361,1.70188074124074,1.78956789103992,1.61292333528033,2,0.0177967548306394
"AUT",2009,8338752,4038734083.65222,4036973414.37183,484.333157246098,484.12201422609,-0.0266524316108177,-0.035447924682245,-0.0355812704632736,-0.034371468752588,0.00892883885245599,-0.00107645592965699,-0.130713624061227,1.50079754615393,1.16922878355563,1.66120230047175,1.68576998018085,1.54106801816954,3,-0.00794481036748816
"AUT",2010,8357367,4074551336.20806,4108849274.95527,487.540075266296,491.643992055784,0.00659948139775768,0.0154178907353604,0.0181619500143499,0.0238900220366913,-0.0115624686165923,-0.00847213130133095,-0.105929608376971,1.46659052140723,1.44021464885879,1.62457077217394,1.62690820771536,1.51652595911633,4,0.00274599088756068
"AUT",2011,8384901,4134280364.68583,4148315884.76921,493.062513759654,494.736417850278,0.0112634760281649,0.00627027036490713,0.00209711609831942,0.00582152923367207,0.00916635992984549,0.000448741131235053,-0.159953368770786,1.45665261064055,1.23805208168886,1.61761600648841,1.61106647286899,1.51008984422797,5,-0.00655272907250765
"AUT",2012,8420328,4144259701.12196,4148483950.5932,492.173191011319,492.674863804973,-0.00180529996134293,-0.00417568054790518,0.000795119394267907,0.00265209109328168,-0.00260041935561084,-0.00682777164118686,-0.149889527955461,1.46000543115701,1.28133374613185,1.6193428741535,1.62339256002184,1.50819672867643,6,-0.0036524273864798
"AUT",2013,8472176,4122057901.36249,4133016544.57143,486.540636238257,487.834122493611,-0.01151024293757,-0.0098740158599826,0.0078495719989311,0.0050414621375996,-0.0193598149365011,-0.0149154779975822,-0.163967201949145,1.41381395561839,1.38035925397392,1.57823784132931,1.59792211196552,1.45192365702505,7,0.00284504708502573
"AUT",2014,8538350,4169601500.62271,4174120805.09503,488.338086471357,488.867381296741,0.00368754026122797,0.00211581365357461,0.0159654849278255,0.0183743549713968,-0.0122779446665975,-0.0162585413178222,-0.163268803909494,1.27664076682728,1.24395863690507,1.41432289414047,1.48290106723194,1.29685480441753,8,-0.00458983350506415
"AUT",2015,8618709,4282397757.67295,4238715444.04009,496.872299282056,491.803986425356,0.0173250838625076,0.00598898673453441,0.0280472653851263,0.0245583807465763,-0.0107221815226186,-0.0185693940120419,-0.190577795680154,1.27733737872612,1.3228862619377,1.38219300342942,1.49753668282476,1.27774369730389,9,-0.00839821000785732
"AUT",2016,8737663,4413079272.70861,4411189542.65535,505.064028300086,504.847754217043,0.0163521599647511,0.0261766714893223,0.0168271894449461,0.0144851185438073,-0.000475029480194955,0.011691552945515,-0.106821902625435,1.11923648087832,1.36546986063404,1.2241210933606,1.28884707324589,1.14887633792336,10,0.0130325981058868
"AUT",2017,8790624,4464458726.82468,4422148489.51345,507.865963420194,503.052853757987,0.00553235127709684,-0.00356166539097469,0.0179280727866624,0.0191654966141703,-0.0123957215095656,-0.022727162005145,-0.164951821166485,1.15747780244671,1.40690073345701,1.23625169766827,1.37530090642643,1.16304565770548,11,-0.0107580393017849
"AUT",2018,8833192,4566935153.03746,4519707593.53926,517.019799075743,511.673197360508,0.0178636086312736,0.0169908932095746,0.0159021573282834,0.016908827659889,0.00196145130299019,8.20655496855949e-05,-0.16828291683908,1.00706725653317,1.29354969008492,1.11441077569959,1.16070680539054,1.04611511588108,12,-0.000774756938922306
"AUT",2019,8872344,4644465786.99683,4633918793.72758,523.476748308771,522.287998946793,0.0124114436263465,0.0205330230174816,0.0144967088861767,0.015257414255065,-0.00208526525983022,0.00527560876241662,-0.201854799294918,0.963183294103706,1.34889316570234,1.09160560392232,1.08525837703086,1.02973861406824,13,0.00801146950512177
"BEL",1993,10084479,3625608058.55214,3685882240.95842,359.523586548412,365.500512317832,-0.00158748262187824,0.00820441583333764,-0.00135462222161831,-0.00166973190616737,-0.000232860400259938,0.00987414773950501,-0.236370887638032,2.05800704297441,2.92399223932078,2.03114056708735,2.53727529019219,2.0826507884483,-13,0.0105980982209036
"BEL",1994,10115601,3732251133.31549,3823679048.23266,368.959899991655,377.998207741949,0.0259081817029658,0.0336217733057049,0.0220913250613259,0.0224786054372377,0.00381685664163989,0.0111431678684673,-0.22686455971786,2.09203467177927,2.94366082652247,2.10324825323772,2.46346865478011,2.13263939074901,-12,0.00894849503051292
"BEL",1995,10136814,3811947217.30556,3895655031.28657,376.04983353799,384.307636628883,0.019033704587117,0.0165539147181812,0.0196658274612975,0.0181449363020514,-0.000632122874180574,-0.00159102158387014,-0.184110275755622,2.03865673752575,2.86354532565867,2.0712737675745,2.33426882734094,2.08618900418233,-11,-0.000554770661650329
"BEL",1996,10156641,3801764924.73259,3890186561.91175,374.313212875456,383.01900814568,-0.00462875609741253,-0.00335875133079,0.0169687253259871,0.0199157558270775,-0.0215974814233997,-0.0232745071578675,-0.152214145443833,2.0751612483897,2.84123796667911,2.10902339690912,2.4300544552639,2.11769737470391,-10,-0.00582247293308069
"BEL",1997,10181246,3912189765.94446,4007387492.11607,384.254517172501,393.604819303656,0.0262122236504805,0.0272627916966099,0.020118714724223,0.0234582751556349,0.00609350892625748,0.00380451654097502,-0.135874477220344,2.06864856258566,2.85276357564265,2.09043174769767,2.44895869239474,2.09222666688993,-9,-0.000503522442238435
"BEL",1998,10203012,4022779159.92966,4120478076.128,394.273687018075,403.849184547465,0.0257401670848276,0.0256940934207632,0.0166442682700927,0.0190432546603718,0.00909589881473494,0.00665083876039141,-0.112414686610856,2.08479268920335,2.9771604209581,2.05330664517887,2.58275879385557,2.07827461718056,-8,-0.000248131008513945
"BEL",1999,10226419,4143795997.83597,4240324775.76033,405.204988944416,414.644146280368,0.0273477793488972,0.0263791708532386,0.0228857791746693,0.0226003218471122,0.00446200017422793,0.00377884900612635,-0.14736029705311,2.04019129273975,2.87730196315488,1.99291047333175,2.53418296621387,2.02097658610691,-7,0.000757201974574826
"BEL",2000,10251251,4275599273.60673,4385789474.73484,417.0807322547,427.829683882957,0.0288867209896493,0.0313045079888736,0.0275917314821177,0.030749892461027,0.0012949895075316,0.000554615527846636,-0.119947823459487,2.05831098516671,3.17338749309182,1.95386582663058,2.62675245984267,1.99919169081629,-6,4.33804350471534e-05
"BEL",2001,10286571,4302093489.10007,4382567658.29303,418.224254622854,426.047480573752,0.00273797738667358,-0.00417438472738052,0.00429049256645264,0.00495620591270285,-0.00155251517977906,-0.00913059064008337,-0.128899437503809,2.06004761483189,2.98832681373608,1.98464697601631,2.54288308065239,2.01655890339006,-5,-0.00728946281872228
"BEL",2002,10332786,4375300910.03839,4450913123.67211,423.4386456894,430.756344288182,0.0123908462154212,0.0109918069645216,0.00834388227701144,0.00648753469019425,0.00404696393840975,0.00450427227432737,-0.173091640116341,2.0914500061612,2.98799350353307,2.04157328286136,2.51096617601733,2.05207983353884,-4,0.00181577667150661
"BEL",2003,10376131,4432078877.29463,4516705990.34738,427.141761924038,435.297703001955,0.00870732407709163,0.0104875679592897,0.0122912048671653,0.0116199903834531,-0.00358388079007366,-0.00113242242416334,-0.145969685894768,2.14119151310336,2.87286753827808,2.11127834330575,2.55344320528019,2.10991785783796,-3,0.00238673634651479
"BEL",2004,10421136,4582161608.30306,4645787368.54951,439.698858963463,445.804312365706,0.0289741278805034,0.0238499224959599,0.0246676474896086,0.0264226761369253,0.00430648039089476,-0.00257275364096543,-0.0667797376777896,2.10898410782917,2.70111271716061,2.09610296033039,2.49660604586282,2.08388774049095,-2,-0.00582165298520536
"BEL",2005,10478620,4656690233.25054,4714866268.28774,444.399189325555,449.951068775062,0.010633152414691,0.00925874657255665,0.018590244645126,0.0198301255349689,-0.00795709223043506,-0.0105713789624122,-0.0524619663789413,2.10866152854974,2.54048079817,2.1042860943366,2.51395821537108,2.09623166090119,-1,-0.00285659715283448
"BEL",2006,10547956,4797760281.26645,4866758292.505,454.852132609053,461.393495811416,0.023249149291745,0.02511240820595,0.0213658475515661,0.0248719015186785,0.00188330174017892,0.000240506687271491,-0.0403130574292261,2.08563036699902,2.39607410735815,2.10957517567129,2.4496302491301,2.09299275907332,0,-0.000920282671364307
"BEL",2007,10624835,4979476333.10128,5048741734.32618,468.663874130872,475.183071956052,0.0299134423601366,0.0294488954231111,0.0188083281161457,0.0132610790346419,0.0111051142439909,0.0161878163884692,-0.130973159368006,2.13175684337295,2.28946082658869,2.20133038630312,2.3753015581076,2.16636252895518,1,0.00721107098548111
"BEL",2008,10709108,4878202199.09581,4996852666.64989,455.519002992201,466.598400786498,-0.0284483904129704,-0.0182312122200603,-0.0172992014437723,-0.0221037709787,-0.0111491889691981,0.00387255875863968,-0.207176742148094,2.27157739974869,2.4846025095317,2.21627072421244,2.69469188656483,2.2054587265176,2,0.0135050419063486
"BEL",2009,10796498,4825178191.85276,4919703062.26618,446.920676672451,455.675818424287,-0.0190563130452182,-0.0236873000261744,-0.0355812704632736,-0.034371468752588,0.0165249574180555,0.0106841687264136,-0.179412252507807,2.1827341772098,2.21953188369195,2.13737652066745,2.61815288605404,2.08987629213864,3,-0.00260355195393395
"BEL",2010,10895591,4932376223.90729,5007527792.69776,452.694693101759,459.592122418853,0.01283680984504,0.00855777356730236,0.0181619500143499,0.0238900220366913,-0.00532514016930996,-0.015332248469389,-0.142615308100851,2.15488862736848,2.31819243163083,2.06858497481691,2.63440336601291,2.02417718351853,4,-0.0101514654113936
"BEL",2011,10993609,4967433609.07982,4975283233.16776,451.847396890304,452.561413924013,-0.0018734262753366,-0.0154159304371806,0.00209711609831942,0.00582152923367207,-0.00397054237365602,-0.0212374596708527,-0.12602782033937,2.15219116566871,2.11686619194568,2.07184470618448,2.61384044941768,2.01805213904114,5,-0.0171662616450033
"BEL",2012,11067748,4947466940.35198,5059163271.24923,447.016587326706,457.108643171965,-0.0107488032887684,0.00999761856059322,0.000795119394267907,0.00265209109328168,-0.0115439226830363,0.00734552746731154,-0.126940966846212,2.12301077646561,2.16582384430554,2.00671553534873,2.5965555285665,1.9694018818292,6,0.0181748304913701
"BEL",2013,11125033,4977275639.68202,5091617076.12034,447.394236015482,457.672087455411,0.000844463643242754,0.0012318675630878,0.0078495719989311,0.0050414621375996,-0.00700510835568835,-0.0038095945745118,-0.126528003084431,2.01369668544471,2.29059232418138,1.84353361794787,2.52419916913263,1.83117593633136,7,0.00302321096580932
"BEL",2014,11179778,5090411170.54366,5193689278.97681,455.323099487634,464.561038598155,0.0175671100252872,0.0149399952877944,0.0159654849278255,0.0183743549713968,0.00160162509746176,-0.0034343596836024,-0.0921648097922792,1.91224030426869,2.19049435046072,1.72919298357999,2.4113132574001,1.73294862625646,8,-0.00435562965953596
"BEL",2015,11238474,5194237985.59496,5267345668.36417,462.183565633107,468.688691041521,0.014954864670929,0.00884581956460995,0.0280472653851263,0.0245583807465763,-0.0130924007141973,-0.0157125611819664,-0.0944046799125608,1.9674017010365,2.27092044765001,1.74609342778366,2.4760271528643,1.76310124219409,9,-0.00300057311950231
"BEL",2016,11295003,5252179371.02567,5299268743.94088,465.000263481619,469.169308227796,0.00607583183635718,0.00102492536977117,0.0168271894449461,0.0144851185438073,-0.0107513576085889,-0.0134601931740361,-0.161884354683241,1.91439229800394,2.33092732838164,1.69540790273447,2.39505222235023,1.73320408985312,10,-0.00334096890605662
"BEL",2017,11349081,5322170210.72196,5369632059.44078,468.951645575704,473.133644868759,0.00846168979875905,0.0084141942186502,0.0179280727866624,0.0191654966141703,-0.00946638298790337,-0.0107513023955201,-0.188880306314942,1.88512237864378,2.31912399282428,1.64090452703427,2.37850400824622,1.70032769592492,11,-0.00189032552474432
"BEL",2018,11403740,5404273484.33821,5458862913.24686,473.903603935043,478.690579866505,0.010504271774419,0.0116765217563746,0.0159021573282834,0.016908827659889,-0.00539788555386433,-0.00523230590351442,-0.197075200835743,1.67808551623049,2.15873942404837,1.46344408614388,2.12580769825337,1.52345770914299,12,6.18258657109498e-05
"CAN",1993,28684764,8853758477.87584,8552828562.07282,308.65718392788,298.166251675378,0.00956991840728438,0.0114955246620729,-0.00135462222161831,-0.00166973190616737,0.0109245406289027,0.0131652565682403,-0.0309463668904408,0.755605976948033,2.11150936864536,-0.118533913091905,2.44756588081567,0.293367274862716,-13,0.00319397830008957
"CAN",1994,29000663,9370806120.96658,9035172681.36601,323.123858270639,311.550555977497,0.0458044879678301,0.0439104010717735,0.0220913250613259,0.0224786054372377,0.0237131629065042,0.0214317956345358,-0.0458226860809742,0.824398027856375,2.26943108209517,0.039308145159382,2.39231067335886,0.411713817079796,-12,0.000746809083201988
"CAN",1995,29302311,9632953129.95077,9301113456.26909,328.74380215099,317.419109239169,0.0172430186835593,0.0186613882807931,0.0196658274612975,0.0181449363020514,-0.00242280877773826,0.000516451978741728,-0.0499942459437599,1.00171955992702,2.4557615675692,0.175220395538403,2.52240814872514,0.554643711273874,-11,0.00182739429800427
"CAN",1996,29610218,9805752220.05217,9479955927.48587,331.16109513453,320.158261836704,0.00732621868853567,0.00859242995244536,0.0169687253259871,0.0199157558270775,-0.00964250663745148,-0.0113233258746321,-0.0497748687523406,1.15586471653209,2.62501944396558,0.251395690956008,2.69417452091838,0.69186119900712,-10,-0.00386115989767688
"CAN",1997,29905948,10177794682.6795,9862077746.77973,340.32676986797,329.769775122318,0.0273012946778168,0.0295793180693211,0.020118714724223,0.0234582751556349,0.00718257995359384,0.0061210429136862,-0.042544254296076,1.17818598875708,2.66501366850356,0.180104043468128,2.71423729232203,0.656030733414193,-9,-0.000794161747029907
"CAN",1998,30155173,10451025752.976,10099398074.2686,346.5748895878,334.914280686387,0.0181926829354619,0.0154798606902391,0.0166442682700927,0.0190432546603718,0.00154841466536926,-0.00356339397013272,-0.015571520642384,1.20608500271967,2.58569912518049,0.123690544310338,2.71017594794238,0.638100104628733,-8,-0.00566676104897609
"CAN",1999,30401286,11008732009.6853,10638197999.3566,362.114024047708,349.925920875734,0.0438602189426529,0.0438468569062271,0.0228857791746693,0.0226003218471122,0.0209744397679836,0.0212465350591149,-0.00320428280144058,1.16110864525274,2.54340523122627,-0.105633024023653,2.6019973524496,0.62581127526243,-7,0.00167860147745092
"CAN",2000,30685730,11760845938.8887,11452265829.662,383.267595031591,373.211451370459,0.0567742809748779,0.0644236753341403,0.0275917314821177,0.030749892461027,0.0291825494927602,0.0336737828731133,-0.129639488161615,1.06033139930769,2.6827394362702,-0.233693626626655,2.43159519709993,0.499661112262573,-6,0.00901446863567791
"CAN",2001,31020855,11870183367.3086,11535953548.6139,382.651715025539,371.877356333792,-0.00160821154579871,-0.00358104013523874,0.00429049256645264,0.00495620591270285,-0.00589870411225135,-0.00853724604794159,-0.166736956016819,1.00168905271319,2.58894445844712,-0.211733505176774,2.25267490175053,0.499591248585046,-5,-0.00454727966766165
"CAN",2002,31359199,12106520658.0077,11800189764.1986,386.059626650785,376.291172622063,0.008866615508488,0.0117991263324333,0.00834388227701144,0.00648753469019425,0.000522733231476558,0.00531159164223904,-0.0507957191650537,0.849698254515218,2.57000831204022,-0.287375165383,2.0129134250405,0.3589443867936,-4,0.0041153240392526
"CAN",2003,31642461,12384101148.7746,12079479661.0518,391.376042109197,381.749057415343,0.0136770116065712,0.0144002360086501,0.0122912048671653,0.0116199903834531,0.00138580673940591,0.00278024562519708,-0.129389819189284,0.896934014351178,2.46951118210727,-0.301658309608878,2.03702430632535,0.407748020850927,-3,0.000885823504040007
"CAN",2004,31938807,12943011648.205,12664041327.5702,405.244054613717,396.509529224751,0.0348206472679449,0.0379365991591492,0.0246676474896086,0.0264226761369253,0.0101529997783363,0.0115139230222239,-0.115781069794146,0.880128864884393,2.2975264205205,-0.348461953060476,2.05598127112799,0.34918278994619,-2,0.00213208033343869
"CAN",2005,32242732,13476657046.0548,13201102216.3517,417.975035305779,409.428773478366,0.0309322169941915,0.0320628786850232,0.018590244645126,0.0198301255349689,0.0123419723490654,0.0122327531500543,-0.117880341140627,0.884099459990249,2.05450852527756,-0.266361889654895,2.04973793328084,0.409462826575879,-1,0.000933704070287939
"CAN",2006,32571193,13909321663.1178,13687977603.6814,427.043665951009,420.247965853796,0.0214645635882071,0.0260819791280547,0.0213658475515661,0.0248719015186785,9.87160366410222e-05,0.00121007760937619,-0.144307946949773,0.799295048543317,1.92267716964708,-0.234751868516812,1.80391037920064,0.43338623096515,0,0.000392267916285629
"CAN",2007,32888886,14355679705.3756,14144365646.2729,436.490299652459,430.065209453215,0.0218798818337476,0.0230919151282167,0.0188083281161457,0.0132610790346419,0.00307155371760182,0.00983083609357482,-0.107238204029325,0.827641074999052,1.81440613184777,-0.128692575533793,1.70023675204181,0.500741081890528,1,0.00641064367831699
"CAN",2008,33247298,14728872154.2775,14512468865.8446,443.009598983878,436.500700473303,0.0148252859312494,0.0148531329470813,-0.0172992014437723,-0.0221037709787,0.0321244873750217,0.0369569039257813,-0.139495786157358,0.630531590328415,1.81596163112355,-0.0606821020819146,1.31850139181562,0.380009710639575,2,0.00863761218973051
"CAN",2009,33630069,13925350061.2114,13685576549.497,414.074382696371,406.944646753387,-0.0675458119099375,-0.0701128068977965,-0.0355812704632736,-0.034371468752588,-0.0319645414466638,-0.0357413381452085,-0.10192222277909,0.803403593061499,1.78014233231172,0.0933901864585816,1.45798387090415,0.53917381976331,3,-0.00805134840629378
"CAN",2010,34005902,14506945700.1268,14220228445.8737,426.600820649509,418.169423821598,0.0298031036976516,0.0272094974216897,0.0181619500143499,0.0238900220366913,0.0116411536833017,0.00331947538499833,-0.0930687694207794,0.790271272314432,1.91015127812397,0.0814546374831304,1.40097927438628,0.552451966413328,4,-0.00790121478841651
"CAN",2011,34339221,15010354847.523,14726835051.109,437.119841697138,428.86339940877,0.024358665059375,0.025251781374112,0.00209711609831942,0.00582152923367207,0.0222615489610556,0.0194302521404399,-0.109352619150579,0.731055179544423,1.87295303030696,0.134022169016486,1.19647956650242,0.593961723998913,5,-0.00124328641196632
"CAN",2012,34713395,15229130068.4356,14958903172.1725,438.710476703175,430.925963080606,0.00363229434164136,0.00479784402642291,0.000795119394267907,0.00265209109328168,0.00283717494737346,0.00214575293314123,-0.0996603571412298,0.739723679019713,1.8714124426445,0.155894942111752,1.1486039464797,0.63728848204236,6,-0.00116421747006868
"CAN",2013,35080992,15707235812.8772,15468008185.7758,447.742065357706,440.92277053556,0.0203776305053687,0.0229334406561703,0.0078495719989311,0.0050414621375996,0.0125280585064376,0.0178919785185707,-0.138347338308736,0.803535877172683,2.04044475492249,0.119241295147867,1.25079940458301,0.673914379157248,7,0.00603497766245085
"CAN",2014,35434066,16164082665.4825,15902891765.1348,456.173521420954,448.802340807707,0.0186559469236922,0.0177128332895293,0.0159654849278255,0.0183743549713968,0.00269046199586676,-0.000661521681867505,-0.148030170382064,0.87152260797047,2.0609986087358,0.224720346271925,1.27160411248581,0.77102572819012,8,-0.0037826193828315
"CAN",2015,35704498,15948509745.6656,15704191044.8527,446.680688401378,439.83788946851,-0.0210292708358271,-0.0201763439002605,0.0280472653851263,0.0245583807465763,-0.0490765362209533,-0.0447347246468368,-0.217321229406637,1.00170274192186,2.15911602044359,0.393887419106604,1.37975198076907,0.902646476329464,9,-0.00390951606537095
"CAN",2016,36110803,16001078791.7581,15805585405.1419,443.110578066018,437.696868860599,-0.00802464494306765,-0.0048796354466436,0.0168271894449461,0.0144851185438073,-0.0248518343880137,-0.0193647539904509,-0.18953156545736,1.06882101535258,2.25355847863209,0.476500147773144,1.44044891998704,0.974445588466627,10,0.00154466237906826
"CAN",2017,36545075,16644584719.6102,16432911893.6567,455.453565757088,449.661463101573,0.0274744194614387,0.0269684048713854,0.0179280727866624,0.0191654966141703,0.00954634667477627,0.00780290825721508,-0.215523334066022,1.12957390421258,2.25784146897283,0.5213780153324,1.49722318332875,1.0426876572446,11,-0.0011354190726774
"CAN",2018,37072620,16997982311.8343,16708974605.5991,458.505018308237,450.709299898391,0.00667746644687117,0.00232756840390547,0.0159021573282834,0.016908827659889,-0.0092246908814122,-0.0145812592559835,-0.230513045867209,1.04610015065188,2.19751050303081,0.559155022727434,1.34184699049844,1.00324328783701,12,-0.00742758916943278
"CAN",2019,37618495,17253838375.5626,17048229829.7766,458.653074121189,453.187450209706,0.000322857783102037,0.00548327343821242,0.0144967088861767,0.015257414255065,-0.0141738511030747,-0.00977414081685257,-0.204506601846549,1.16250310229003,2.12696009288456,0.624500595145789,1.62376215498713,1.02009667767548,13,0.00193622556110631
"CZE",1993,10330607,2129293795.9809,2131233597.49669,206.115071068032,206.302843336959,0.000998004140087438,0.00804730902683737,-0.00135462222161831,-0.00166973190616737,0.00235262636170575,0.00971704093300474,-0.210730820942071,0.357545717564963,-0.73384856072941,0.617491354343374,-1.5508686907499,0.520360335684855,-13,0.00930209841229073
"CZE",1994,10336162,2237092908.75993,2239167178.27046,216.433615181334,216.634296005661,0.0488492628350743,0.0488654574918552,0.0220913250613259,0.0224786054372377,0.0267579377737484,0.0263868520546175,0.0117193664502258,0.207456475239392,-0.549133808563376,0.465565087179029,-1.28630736474199,0.373312064776696,-12,0.00414865244046825
"CZE",1995,10330759,2378818879.74757,2360403498.62236,230.265644542436,228.483066793288,0.0619497456378637,0.0532514416417804,0.0196658274612975,0.0181449363020514,0.0422839181765662,0.035106505339729,-0.0182316210142924,-0.0278376890738783,-0.0988365530865618,0.222505170037364,-1.55891430823722,0.147350216112373,-11,-0.000186827612459088
"CZE",1996,10315353,2504208802.09692,2467137299.12133,242.765206590304,239.171388426681,0.0528611294952199,0.0457182996705594,0.0169687253259871,0.0199157558270775,0.0358924041692328,0.0258025438434819,0.0146785162459796,0.0201790298518609,-0.200968650153007,0.28367361827456,-1.32110990748621,0.196593310446473,-10,-0.00494651599645078
"CZE",1997,10303642,2483723951.9136,2446630145.47355,241.053013285361,237.452945810185,-0.00707786677914868,-0.00721092038009008,0.020118714724223,0.0234582751556349,-0.0271965815033717,-0.030669195535725,0.0379802981103041,0.0909241151935969,-0.79332428960222,0.381387940013427,-1.30529600902873,0.26339351359883,-9,-0.00452122007673428
"CZE",1998,10294943,2454721237.619,2418722392.86522,238.439517112334,234.942766838556,-0.0109012002847972,-0.0106275418269544,0.0166442682700927,0.0190432546603718,-0.0275454685548899,-0.0296707964873262,0.058141621189533,0.0819033692847035,-1.01832510955872,0.40717563029782,-1.19128075303677,0.262276687056976,-8,-0.0026798100493738
"CZE",1999,10282784,2512427347.00665,2466109878.56979,244.333377712364,239.829007258131,0.0244179136977039,0.0205842605426829,0.0228857791746693,0.0226003218471122,0.00153213452303458,-0.00201606130442933,-0.039084125561496,0.00159970627729622,0.029875633299449,0.30986327546147,-1.47627745404925,0.181202468227684,-7,-0.00206137171876848
"CZE",2000,10272503,2562429450.24716,2512871208.29383,249.44548083823,244.621121872033,0.0207067827878893,0.0197843725744802,0.0275917314821177,0.030749892461027,-0.0068849486942284,-0.0109655198865468,-0.116271938890794,0.00649814354752032,0.576873204454743,0.295029794705927,-1.53125482454009,0.195187871708466,-6,-0.00396602359822637
"CZE",2001,10224192,2644032238.47996,2569926972.08896,258.605495522772,251.35746395304,0.0360633395272068,0.0271655129228909,0.00429049256645264,0.00495620591270285,0.0317728469607541,0.0222093070101881,-0.142335580956961,0.00511850317439799,0.169989893873939,0.305081994017049,-1.28548454670513,0.196098084473237,-5,-0.00245812096811935
"CZE",2002,10200774,2707682575.2692,2610788470.4988,265.438933875919,255.940232623407,0.0260810928263773,0.0180678657528643,0.00834388227701144,0.00648753469019425,0.0177372105493658,0.0115803310626701,-0.16779645719042,-0.255536357076142,0.527935568411964,-0.0239921013829105,-1.37335297149371,-0.0650841352891214,-4,-0.00142007588802888
"CZE",2003,10201651,2833202804.53331,2738277610.05502,277.720028310448,268.415142809239,0.0452287038307464,0.0475908714111695,0.0122912048671653,0.0116199903834531,0.0329374989635811,0.0359708810277164,-0.0115476849664353,-0.353768355912078,-0.350332138833181,-0.0519541839292437,-1.21783674396219,-0.163977741145701,-3,0.00712420946804973
"CZE",2004,10206923,3004846068.55589,2862915226.592,294.392939826811,280.487589314821,0.0583018911767361,0.0439946567985592,0.0246676474896086,0.0264226761369253,0.0336342436871275,0.0175719806616339,-0.0254251852005707,-0.245591760522151,-0.100308111325623,-0.0415661712908038,-0.457419101065139,-0.131593508841392,-2,-0.0117938406314672
"CZE",2005,10234092,3141824519.25048,2996791055.80072,306.995922965172,292.824322450953,0.0419190622546539,0.0430433680002205,0.018590244645126,0.0198301255349689,0.0233288176095279,0.0232132424652516,-0.0623939356151557,-0.232278767210426,0.0412500311600059,-0.0680709272117108,-0.315700961554254,-0.126376752954763,-1,0.00368052423691084
"CZE",2006,10266646,3289446610.25065,3084688982.67541,320.401288819216,300.457323908451,0.0427397704627248,0.0257328798291203,0.0213658475515661,0.0248719015186785,0.0213739229111587,0.000860978310441851,-0.101614332411181,-0.26888505741546,0.113648357422054,-0.130667654937577,-0.297853445223064,-0.154669210570179,0,-0.0164923920910613
"CZE",2007,10322689,3493876028.19609,3268702729.29692,338.465687399483,316.65225304152,0.054848482877432,0.0524984512332605,0.0188083281161457,0.0132610790346419,0.0360401547612863,0.0392373721986186,-0.057042027057087,-0.235459065113871,0.103057752841092,-0.138911100839286,-0.172517822187691,-0.145197017145935,1,0.00781997718696459
"CZE",2008,10429692,3439110865.73577,3229321188.15116,329.742322758503,309.627665721208,-0.0261112112750936,-0.0224336808917025,-0.0172992014437723,-0.0221037709787,-0.00881200983132135,-0.000329909913002524,-0.071491650610777,-0.274723361837596,0.0961119552012755,-0.211746948696491,-0.123128769274982,-0.216815176807415,2,0.00892784508230235
"CZE",2018,10626430,4017710479.81968,3788028935.30526,378.086570919837,356.472393391314,0.0309086435520118,0.0376730882877192,0.0159021573282834,0.016908827659889,0.0150064862237285,0.0207642606278302,-0.252058105538352,-0.249372785956245,-0.127942687998668,-0.310289696233284,0.166357298629277,-0.377934407192444,12,0.0094402334989282
"CZE",2019,10669324,4201165322.73262,3941464892.97205,393.761153258877,369.420301883423,0.0406213224803702,0.0356782263696163,0.0144967088861767,0.015257414255065,0.0261246135941935,0.0204208121145513,-0.279943286299689,-0.355910928705821,-0.255129915857268,-0.443707066071135,0.13304512781755,-0.52126853642849,13,8.26583047747886e-05
"DEU",1993,81156368,31418881995.1832,31446283453.186,387.140070082771,387.477707888382,-0.0229754118007035,-0.0233201298684227,-0.00135462222161831,-0.00166973190616737,-0.0216207895790852,-0.0216503979622553,-0.0262440129499855,0.807013099297212,1.33539749122583,0.845922307446869,1.2018134744541,0.844785756071404,-13,-0.00355848940797799
"DEU",1994,81438346,31999570334.0945,31934047504.6765,392.930012774259,392.125443027495,0.0148449457221282,0.0119234772134957,0.0220913250613259,0.0224786054372377,-0.0072463793391977,-0.0105551282237419,-0.0495635088801196,0.841385185151054,1.60427533967133,0.862862216219057,1.22923778905349,0.879372856321809,-12,-0.00473254090999761
"DEU",1995,81678046,32522521569.7808,32478546077.0454,398.179476156675,397.641075755478,0.013271337290063,0.013967982368432,0.0196658274612975,0.0181449363020514,-0.0063944901712345,-0.00417695393361939,-0.0366154720855508,0.846469985104467,1.62269143900393,0.874547533758901,1.20211330766269,0.883911296531913,-11,0.0010221536964838
"DEU",1996,81914834,32540848554.4236,32544712501.7828,397.252206534699,397.299376835492,-0.00233148883101819,-0.000859684369859615,0.0169687253259871,0.0199157558270775,-0.0193002141570053,-0.0207754401969371,-0.0416639960223743,0.900635625676525,1.71244138249125,0.920809925605204,1.28783899599722,0.937394590698505,-10,-0.00452154513053056
"DEU",1997,82034775,32561012579.0286,32497452412.5449,396.917192483658,396.142397081541,-0.000843684159392843,-0.0029163591129393,0.020118714724223,0.0234582751556349,-0.0209623988836158,-0.0263746342685742,-0.0703955407510528,0.964224426642524,1.99753768521606,0.904203644745582,1.49268011787321,0.956458009271311,-9,-0.00897896080312277
"DEU",1998,82047197,33171281789.6701,32980699177.1556,404.295125276127,401.972284039826,0.0184174436130906,0.0146094058598836,0.0166442682700927,0.0190432546603718,0.00177317534299792,-0.00443384880048825,-0.135779455477489,1.07531407231883,2.18469514746628,1.01845644614463,1.48408412724629,1.08970677273756,-8,-0.00611625142759605
"DEU",1999,82100243,33873969051.6634,33627779246.5504,412.592798923426,409.594150002094,0.0203160281813295,0.0187836503342256,0.0228857791746693,0.0226003218471122,-0.00256975099333978,-0.00381667151288667,-0.0473075085454329,1.07057977320106,2.126887959095,0.978532150639081,1.4951590294264,1.06835514129378,-7,-0.00184033767045379
"DEU",2000,82211501,34235703649.7074,34032024956.7509,416.434479765883,413.956983424386,0.0092679901851449,0.0105952722529681,0.0275917314821177,0.030749892461027,-0.0183237412969728,-0.0201546202080589,-0.067852648709595,1.20954328242721,2.58150406913041,1.07870394958561,1.62732773308199,1.19423005306299,-6,-0.00463816634957627
"DEU",2001,82349926,34608036147.3873,34356632810.3732,420.25582569907,417.202959118302,0.00913449690757684,0.00781075225177297,0.00429049256645264,0.00495620591270285,0.0048440043411242,0.00285454633907012,-0.094773676569795,1.24467820172734,2.36473990910123,1.14223238940699,1.6648008819354,1.22035077981478,-5,-0.00151212282621448
"DEU",2002,82488493,34555747254.5479,34192030358.8356,418.915972371418,414.506667721952,-0.0031932781089079,-0.00648375527980427,0.00834388227701144,0.00648753469019425,-0.0115371603859193,-0.0129712899699985,-0.166068455405855,1.27661444763291,2.31977117143523,1.23721667811774,1.58956253967313,1.26997255120443,-4,-0.00391630861954965
"DEU",2003,82534175,34470454765.6452,34115998913.2034,417.650685496586,413.356029950059,-0.00302495402547898,-0.00277978103388588,0.0122912048671653,0.0116199903834531,-0.0153161588926443,-0.0143997714173389,-0.0919763152117271,1.28417261592283,2.165860748341,1.29263424473143,1.50849672187864,1.3100290711053,-3,-0.001456278418439
"DEU",2004,82516268,34695970094.2236,34904959356.9235,420.474300827851,423.007004593609,0.0067379592782224,0.02307945863922,0.0246676474896086,0.0264226761369253,-0.0179296882113862,-0.00334321749770528,-0.0961520882095578,1.25081757526821,2.01278840417665,1.2767829986901,1.43076850829481,1.28593790201025,-2,0.0119047308855615
"DEU",2005,82469421,34654230900.97,34937414813.9569,420.207035295785,423.640840329859,-0.0006358307948231,0.00149728333560262,0.018590244645126,0.0198301255349689,-0.0192260754399491,-0.0183328421993663,-0.105800967132891,1.25258758319008,1.85271112932712,1.27688060380579,1.4680256972075,1.29482555257262,-1,-0.00197773304439802
"DEU",2006,82376447,35589878194.0525,36186367826.728,432.039490536081,439.280512143574,0.0277694663418746,0.0362521672726643,0.0213658475515661,0.0248719015186785,0.00640361879030849,0.0113802657539859,-0.138873351961937,1.26463513843317,1.65673841319524,1.3595643130582,1.3828406571369,1.34490062132453,0,0.00569556118355407
"DEU",2007,82266373,36454239554.7919,36979754644.4396,443.124428918143,449.512398515972,0.0253336111812388,0.0230252475962658,0.0188083281161457,0.0132610790346419,0.00652528306509303,0.00976416856162388,-0.137966820680379,1.26937501837026,1.40037010901921,1.42602804302599,1.28552215799943,1.37206274378675,1,0.00393538838804583
"DEU",2008,82110097,36178155088.1339,36523521999.9659,440.60543599326,444.811580236788,-0.00570083652725017,-0.0105126591341769,-0.0172992014437723,-0.0221037709787,0.0115983649165221,0.0115911118445231,-0.0339907704554923,1.28279292712651,1.41496967900164,1.47450821957047,1.17401436038292,1.42293867463815,2,0.00056505724613221
"DEU",2009,81902308,34737818652.2918,35517158591.9194,424.137237405957,433.652719431538,-0.0380926960097563,-0.025406749163114,-0.0355812704632736,-0.034371468752588,-0.00251142554648265,0.00896471958947398,-0.124157094686834,1.22661259370333,1.24546626958975,1.47611867159463,1.07585412083706,1.38458069736612,3,0.0109049862613902
"DEU",2010,81776936,36029535786.3554,36753085727.6612,440.583097737428,449.43094624701,0.0380419957226286,0.0357381904938352,0.0181619500143499,0.0238900220366913,0.0198800457082786,0.0118481684571439,-0.0803961949951277,1.25194264785516,1.38941928985765,1.52086495153936,1.07867001778997,1.41936907303099,4,-0.00648246640244618
"DEU",2011,80274981,37073885368.492,38027553577.5478,461.836115146411,473.716133019674,0.0471110273191622,0.0526260481784009,0.00209711609831942,0.00582152923367207,0.0450139112208428,0.0468045189447288,-0.0869418335229592,1.22995775449703,1.21847114973074,1.51177407604063,1.03843515311691,1.41360613127556,5,0.00556244050041714
"DEU",2012,80425826,37036822690.2141,37931822786.9817,460.509074413661,471.637341803387,-0.00287753796182599,-0.00439792019019958,0.000795119394267907,0.00265209109328168,-0.0036726573560939,-0.00705001128348126,-0.0860592374908686,1.2844862988578,1.25344268689781,1.57832052481801,1.10531281485013,1.46874593559305,6,-0.00393902690857531
"DEU",2013,80645605,37363713242.724,38241404917.2512,463.30749509194,474.190811976068,0.00605840884469355,0.00539945098091099,0.0078495719989311,0.0050414621375996,-0.00179116315423755,0.000357988843311396,-0.0744169460073881,1.21617108099734,1.38153344280603,1.50176314009659,1.07898475303681,1.38615020570604,7,0.00176803828716893
"DEU",2014,80982495,38552088143.9243,39361334899.9488,476.054586166113,486.047446425907,0.027141554563074,0.0246964479237866,0.0159654849278255,0.0183743549713968,0.0111760696352485,0.00632209295238972,-0.086576397759189,1.12356721772314,1.27525184485771,1.39974962624135,0.981336654200484,1.28912593143007,8,-0.00430286179961872
"DEU",2015,81686608,39672827654.2753,40455262799.4068,485.671135399272,495.249635036955,0.0199991942425797,0.0187557031253887,0.0280472653851263,0.0245583807465763,-0.00804807114254658,-0.00580267762118769,-0.107219704038144,1.18512918640927,1.39299112079483,1.43365271507366,1.06926287117112,1.33226190682893,9,0.00134372308976869
"DEU",2016,82348669,40862178741.7219,42034545663.3922,496.209340575036,510.445963169024,0.0214661765759461,0.0302228325553857,0.0168271894449461,0.0144851185438073,0.00463898713099997,0.0157377140115784,-0.112993469315869,1.12793800716471,1.41101026300315,1.38165352435399,0.991250472470509,1.28637060453764,10,0.0112062895612461
"DEU",2017,82657000,41991823974.4013,43059411651.8529,508.025018744949,520.940896135269,0.02353280056907,0.0203518109928451,0.0179280727866624,0.0191654966141703,0.00560472778240761,0.00118631437867478,-0.100707276802104,1.1694411662077,1.44526672173423,1.42355237411449,1.05033256968463,1.32021807925601,11,-0.00431257329454561
"DEU",2018,82905788,42526646531.9002,44199363194.3512,512.951478513179,533.127592905229,0.00965056103877071,0.0231241896315408,0.0159021573282834,0.016908827659889,-0.00625159628951266,0.00621536197165184,-0.125672849757219,1.10293185903829,1.37681974754723,1.34988231936618,0.999045257420748,1.25255844200743,12,0.0117393700146014
"DEU",2019,83092956,43181008516.3735,44779433881.096,519.671108058468,538.907700925888,0.0130148700673569,0.0107835330893806,0.0144967088861767,0.015257414255065,-0.0014818388188198,-0.00447388116568437,-0.136510272705942,1.06864742214179,1.40981040981293,1.30920821516187,1.00120746310077,1.21273960189505,13,-0.0033620761013278
"DNK",1993,5189377,1940750392.8524,1895771281.71592,373.985238083954,365.317702243626,-0.0102413798136496,-0.00341414244454885,-0.00135462222161831,-0.00166973190616737,-0.00888675759203128,-0.00174441053838148,-0.0971238429561899,1.03155733427182,1.34136395488761,1.01746837794387,1.80150268174813,0.999590537759001,-13,0.00341753229819091
"DNK",1994,5204994,2038777252.68572,1993785453.30494,391.696369426308,383.052401848098,0.046270645596012,0.0474044071734303,0.0220913250613259,0.0224786054372377,0.0241793205346861,0.0249258017361926,-0.103350427583751,0.941629058803485,1.46098660865679,0.851510184193082,1.88439160935214,0.852503347026312,-12,0.00354235049460434
"DNK",1995,5227861,2084251180.51505,2046613318.87337,398.681445530982,391.481969178861,0.0176757440174438,0.0217676593645448,0.0196658274612975,0.0181449363020514,-0.00199008344385376,0.00362272306249345,-0.10678110369547,0.889122355993668,1.53404434339314,0.768730735846817,1.82253528769866,0.78022911051803,-11,0.00326567710341431
"DNK",1996,5261503,2142450199.87908,2100450453.14766,407.193571851823,399.211110047388,0.0211259630079468,0.0195509161970744,0.0169687253259871,0.0199157558270775,0.00415723768195964,-0.000364839630003111,-0.136890069429,1.01045474028763,1.85392684134678,0.905964075190075,1.82371298238693,0.945398925964243,-10,-0.0056210590572235
"DNK",1997,5284220,2206678675.34745,2166694457.66594,417.597805418292,410.031084562328,0.0252301024370247,0.0267425980000722,0.020118714724223,0.0234582751556349,0.00511138771280173,0.00328432284443725,-0.145279958442489,1.02418481608842,2.17208473748378,0.876902561384622,1.74042985873449,0.967469595473975,-9,-0.00272849191791546
"DNK",1998,5301304,2244414893.02621,2212468635.67495,423.370343037527,417.34422996209,0.0137285301310994,0.0176783999537324,0.0166442682700927,0.0190432546603718,-0.00291573813899326,-0.00136485470663938,-0.172693228941419,1.09957713295295,2.29827403708789,0.94378561755367,1.72904096480736,1.05763878102865,-8,-0.00105295534865713
"DNK",1999,5319111,2292741993.59254,2268581904.75129,431.038568962471,426.496439865852,0.0179502617905927,0.0216926467879368,0.0228857791746693,0.0226003218471122,-0.0049355173840766,-0.000907675059175439,-0.244501452093305,1.06558077111634,2.33522632522248,0.745749170739057,1.81431186573067,0.969339095678257,-7,0.000772783007987524
"DNK",2000,5337344,2380669450.15691,2326439402.90744,446.040099749409,435.879606580996,0.0342112844785447,0.0217620539508845,0.0275917314821177,0.030749892461027,0.00661955299642702,-0.00898783851014251,-0.246217867079201,1.24177644958464,2.74896690887548,0.821797998778774,2.09123049189236,1.0729657984725,-6,-0.015865798347612
"DNK",2001,5355082,2407501481.71904,2372010283.53152,449.573224409829,442.945651164915,0.00788988482699438,0.0160810053955487,0.00429049256645264,0.00495620591270285,0.00359939226054173,0.0111247994828458,-0.289898219998413,1.21087711826936,2.51829919304072,0.797136970355522,2.06355632948153,1.01374259680602,-5,0.00657335477602379
"DNK",2002,5374255,2417662377.14915,2387605153.91437,449.860004251595,444.267187529131,0.000637690141625846,0.0029790762350439,0.00834388227701144,0.00648753469019425,-0.00770619213538559,-0.00350845845515035,-0.234376095344181,1.17136131721985,2.27967839195786,0.898630769543535,1.92932648493433,0.98978131306159,-4,0.000399774710282915
"DNK",2003,5387174,2414515364.65762,2392934133.73575,448.197025872492,444.190986542433,-0.00370350706937206,-0.00017153533865244,0.0122912048671653,0.0116199903834531,-0.0159947119365373,-0.0117915257221055,-0.221972135017567,1.20652886759101,2.21400762328634,1.01752434338835,1.81067812370113,1.09988899194209,-3,-0.00134700168866614
"DNK",2004,5401177,2504378911.51676,2507449511.76901,463.672809003808,464.24131476695,0.0339462248501894,0.0441498721482967,0.0246676474896086,0.0264226761369253,0.0092785773605808,0.0177271960113714,-0.242919852063367,1.20909456416335,2.115159871705,1.02447662474884,1.8047258642596,1.10438121205849,-2,0.00864383396957038
"ESP",1993,39356082,10565103639.5016,10477777312.9757,268.449070705299,266.230193162411,-0.0159756207232338,-0.0119750487527135,-0.00135462222161831,-0.00166973190616737,-0.0146209985016155,-0.0103053168465461,0.16518829880448,0.239266773855145,-0.260104175239907,0.333804656202741,0.754177585648013,0.257972735204179,-13,0.00281120530583762
"ESP",1994,39547353,10730271199.8006,10502604387.548,271.32716568415,265.570350246906,0.0106641310246722,-0.00248154411383972,0.0220913250613259,0.0224786054372377,-0.0114271940366537,-0.0249601495510774,0.167314060824813,0.265137661153796,0.0182647504474405,0.333400980503691,0.86125819901874,0.265154084542806,-12,-0.0148781025280488
"ESP",1995,39718895,11053474077.3648,10960388930.5728,278.292587882035,275.94898928011,0.0253476884412871,0.0383362489223709,0.0196658274612975,0.0181449363020514,0.00568186097998957,0.0201913126203195,0.173629829508234,0.394642819091578,0.141168415579105,0.49674812609586,0.816796217384453,0.420040956167307,-11,0.0134072110550364
"ESP",1996,39884246,11338881276.6155,11174357992.7658,284.294738243654,280.169718960358,0.0213384761014881,0.0151795314985712,0.0169687253259871,0.0199157558270775,0.00436975077550095,-0.00473622432850629,0.172574036981472,0.339130188359334,0.21317820394989,0.421893910112484,0.866160089380453,0.34815969833798,-10,-0.0102399378002324
"ESP",1997,40049974,11802538159.9746,11658438104.676,294.695276455726,291.097270242324,0.0359303505756667,0.038261914634254,0.020118714724223,0.0234582751556349,0.0158116358514437,0.0148036394786191,0.121565842209234,0.393888326267395,0.941022120055893,0.38971387722274,1.00461127486953,0.366094502475073,-9,-0.00166711504464643
"ESP",1998,40214066,12407043406.0381,12246728555.3821,308.524967508586,304.538430791407,0.0458609107264207,0.0451398153622833,0.0166442682700927,0.0190432546603718,0.029216642456328,0.0260965607019115,0.0778618442901592,0.571807918173108,1.19217644306317,0.579053844603515,1.10335688668925,0.556796646463425,-8,-0.00268664863024912
"ESP",1999,40369667,12993080031.9726,12873352183.5086,321.852544188005,318.886756819387,0.0422907313276211,0.0460387567810683,0.0228857791746693,0.0226003218471122,0.0194049521529518,0.023438434933956,0.0876953468932142,0.658500524938444,1.35522733394798,0.591030868843912,1.30933637015954,0.594924203963003,-7,0.00370017484214576
"ESP",2000,40554387,13666060329.4161,13568308288.4045,336.981060259057,334.570666507781,0.0459332244065571,0.0480120719060952,0.0275917314821177,0.030749892461027,0.0183414929244394,0.0172621794450682,0.108573877430765,0.817046514447814,1.92119675208028,0.679264484659806,1.4690923426314,0.729610677154053,-6,-0.0018148764748773
"ESP",2001,40766049,14280129487.1301,14082477393.4467,350.294665228168,345.446216616348,0.0387479731744751,0.0319888454617239,0.00429049256645264,0.00495620591270285,0.0344574806080225,0.027032639549021,0.132787805606111,0.766923768754305,1.4962939900398,0.669718348793218,1.40182509686063,0.669749287308517,-5,-0.00854842572192671
"ESP",2002,41423520,14819691082.6922,14651835365.7085,357.760303390253,353.708119582993,0.0210885176178364,0.0236350892467367,0.00834388227701144,0.00648753469019425,0.0127446353408249,0.0171475545565425,0.180713204924489,0.829402819066256,1.29869969052164,0.83998412773211,1.25174836108887,0.789099682414312,-4,0.0027885789177206
"ESP",2003,42196231,15398168565.1076,15271903594.3837,364.918102877662,361.925774706839,0.0198097341752286,0.0229670964780189,0.0122912048671653,0.0116199903834531,0.00751852930806329,0.0113471060945658,0.225147021443648,0.869619999065844,1.2301284812465,0.910010509330123,1.24792145151785,0.849736354825147,-3,0.00214251413630669
"ESP",2004,42859172,16012183527.8155,15862926703.1761,373.59992693782,370.117432580735,0.0235125580632243,0.022381192080096,0.0246676474896086,0.0264226761369253,-0.00115508942638431,-0.00404148405682925,0.224699085815388,0.842164230569034,1.19201844399454,0.861846748401581,1.24541520855639,0.811840740652756,-2,-0.00394264059570613
"ESP",2005,43662613,16716209679.3161,16485509480.6544,382.84950283017,377.565801676926,0.0244564581640594,0.0199245219414355,0.018590244645126,0.0198301255349689,0.00586621351893335,9.43964064665792e-05,0.251025585121564,0.833512434689178,0.985518502986835,0.873460003911418,1.2557377897302,0.815519512156186,-1,-0.00750621031581637
"ESP",2006,44360521,17485689795.1075,17161735732.2293,394.172327126354,386.869571081666,0.0291462232129769,0.0243427480181451,0.0213658475515661,0.0248719015186785,0.00778037566141077,-0.000529153500533397,0.224948684276736,0.845954269932074,0.985216066370264,0.870234953470705,1.28722341984502,0.825041782825061,0,-0.0101458011224163
"ESP",2007,45236004,18239945518.1016,17791826998.5272,403.217435344236,393.311199603909,0.022687766074327,0.0165135444196975,0.0188083281161457,0.0132610790346419,0.00387943795818124,0.00325246538505564,0.23792317909794,0.803174022723142,0.746278563205598,0.823245397343648,1.23947946171622,0.76128877306281,1,-0.0021722583119154
"ESP",2008,45983169,18093199713.3691,17590543967.0928,393.474397411999,382.543098912838,-0.0244599562587711,-0.0277598311994733,-0.0172992014437723,-0.0221037709787,-0.00716075481499878,-0.00565606022077336,0.35212800973435,0.780436863676029,0.432583558099537,0.803117229215452,1.18869697243745,0.722472964632498,2,0.00167952620376939
"ESP",2009,46367550,17502065769.684,17165967516.0336,377.463673834051,370.215107678401,-0.0415416661800068,-0.0327571150045687,-0.0355812704632736,-0.034371468752588,-0.00596039571673312,0.00161435374801933,0.351810312126635,0.713016171749763,0.350023595356424,0.775410234693694,1.07974276479147,0.661941862271395,3,0.00756080968641578
"ESP",2010,46562483,17259197382.8066,17006945787.7126,370.667461673095,365.249975773685,-0.0181690048630418,-0.0135022245079952,0.0181619500143499,0.0238900220366913,-0.0363309548773918,-0.0373922465446865,0.345012331973247,0.675104900314886,0.59545789079328,0.67404522242086,1.10419646735447,0.579401067745621,4,0.00473299846623893
"ESP",2011,46736257,16593382228.1233,16301679421.959,355.043028544698,348.801561536239,-0.0430663416430495,-0.0460788153965481,0.00209711609831942,0.00582152923367207,-0.0451634577413689,-0.0519003446302202,0.379702110338287,0.660836933522325,0.425175593191021,0.65350301200119,1.07410614889825,0.562872827467151,5,0.00203869112422895
"ESP",2012,46749303,15701179377.0001,15573671063.8746,335.859111674886,333.131620462334,-0.0555472277620153,-0.0459655003754653,0.000795119394267907,0.00265209109328168,-0.0563423471562832,-0.048617591468747,0.338960812701954,0.70566440071492,0.55966557615392,0.703355000401057,1.09523508084725,0.617410061536209,6,0.0177548773995439
"ESP",2013,46581124,15328966153.5428,15230429930.8764,329.081070554305,326.965702478033,-0.0203876260677216,-0.0186823885226399,0.0078495719989311,0.0050414621375996,-0.0282371980666527,-0.0237238506602395,0.300196840098458,0.671010047226532,0.858548330315825,0.60947358921331,1.10002043277037,0.555563525988932,7,0.00840377083702177
"ESP",2014,46433050,15551197007.743,15496039188.6648,334.916552062443,333.72865208434,0.0175772670050147,0.0204729638683308,0.0159654849278255,0.0183743549713968,0.00161178207718926,0.00209860889693392,0.296642728935483,0.606884893255362,0.858700077389111,0.548071683102415,0.992018541656348,0.517133614397035,8,-0.000951475360002435
"ESP",2015,46384379,16353942894.9665,16341155940.6685,352.574363342591,352.298689622826,0.0513801573667028,0.0541511219714215,0.0280472653851263,0.0245583807465763,0.0233328919815765,0.0295927412248451,0.169308802780057,0.712051755267369,1.0902276626652,0.620094822928241,1.0756079738067,0.623247422482547,9,0.0027116212458016
"ESP",2016,46427100,16927622076.5311,16954906044.7675,364.606492254117,365.194165579317,0.0335571087570301,0.0359498067850765,0.0168271894449461,0.0144851185438073,0.016729919312084,0.0214646882412692,0.135644487021973,0.662948301565571,1.0564971505219,0.57874753281345,1.0245999559474,0.575712497565562,10,0.00214470497782425
"ESP",2017,46510461,17298588737.6475,17291285038.8888,371.928988999861,371.771955536816,0.0198842776684591,0.0178514709144322,0.0179280727866624,0.0191654966141703,0.00195620488179671,-0.00131402569973815,0.0973884967398616,0.727663549764487,1.16468965706989,0.66005865288061,1.0541326832828,0.668475119874805,11,-0.00454616174969052
"ESP",2018,46715383,17628008328.8857,17634348313.8656,377.349112794082,377.48482793913,0.0144678413134764,0.0152497334443025,0.0159021573282834,0.016908827659889,-0.00143431601480692,-0.00165909421558652,0.0822837934687379,0.675110050980017,1.10935148753223,0.660557488201563,0.937622337049721,0.653095767586832,12,-0.00128086617676448
"ESP",2019,47087778,18103866814.2427,18121267297.2181,384.470611763475,384.840144659579,0.0186965661004006,0.0192976623966947,0.0144967088861767,0.015257414255065,0.00419985721422389,0.00404024814162973,0.0482877569499862,0.668681858931604,1.10884435400302,0.685517212371285,0.92613847205333,0.665134336002445,13,-0.00149616436559922
"FRA",1993,58961049,19292856036.6048,19402023230.7357,327.213581912439,329.065095682672,-0.0132048934607161,-0.0121464478627367,-0.00135462222161831,-0.00166973190616737,-0.0118502712390978,-0.0104767159565693,0.0944549371661509,1.05602904473971,0.99723897695496,0.948756442902666,2.21421073529425,0.908050492747265,-13,0.000251320627070624
"FRA",1994,59175335,19616196714.1289,19696445220.3298,331.492786887119,332.848900987713,0.0129929369965325,0.011433045805088,0.0220913250613259,0.0224786054372377,-0.00909838806479346,-0.0110455596321497,0.0855216440920099,1.11720009488347,1.07576356965434,1.0400366264845,2.16712609781123,0.991408251471434,-12,-0.00287512209042676
"FRA",1995,59383991,19940986702.1592,20023316627.326,335.79734818024,337.183747507404,0.0129017972149654,0.0129393903727477,0.0196658274612975,0.0181449363020514,-0.0067640302463321,-0.00520554592930367,0.0931909411938889,1.13265753125107,1.06359567958864,1.04479970146538,2.15906721262379,0.988141856953791,-11,0.00087054707906403
"FRA",1996,59589289,20087628057.6889,20274535538.8188,337.101321307743,340.237916562803,0.00387569427278844,0.0090171009030886,0.0169687253259871,0.0199157558270775,-0.0130930310531987,-0.0108986549239889,0.076583610991138,1.19576958210379,1.22598558094745,1.01924151699418,2.3950238717509,0.97343220837623,-10,0.00105119079545315
"FRA",1997,59795263,20528264799.1161,20793206234.5647,343.309214964337,347.740024733475,0.0182480005476746,0.0218100177333955,0.020118714724223,0.0234582751556349,-0.00187071417654838,-0.0016482574222394,0.0293609623978948,1.32837511382779,1.53342473509388,1.09544096480257,2.54599867985668,1.06001408612686,-9,-0.000225337860394286
"FRA",1999,60315406,21945682553.0377,22401530181.7808,363.848708123389,371.406439372734,0.0252108784400962,0.0321410666271031,0.0228857791746693,0.0226003218471122,0.0023250992654269,0.0095407447799909,0.120659840629415,1.04341344701669,1.54681767438291,1.04138392151742,1.62469000906777,1.0006168018174,-7,0.0069862093684265
"FRA",2000,60724780,22796370930.7369,23180807448.8349,375.404751252074,381.735552583886,0.0312666363655003,0.0274311112789931,0.0275917314821177,0.030749892461027,0.00367490488338262,-0.00331878118203388,0.122798749583022,1.1895152855089,1.94621495276714,1.10772882397,1.90051392935931,1.08009391929255,-6,-0.0072221581534664
"FRA",2001,61163237,23290548288.1818,23735882513.4316,380.793258018404,388.074334807223,0.0142518173993018,0.0164688076742543,0.00429049256645264,0.00495620591270285,0.00996132483284917,0.0115126017615514,0.0832558406070049,1.25413129752837,1.83695839313745,1.19320247530811,1.868421776248,1.16490085689438,-5,0.0016085169845202
"FRA",2002,61604550,23571766110.1423,23842393387.7571,382.630278285326,387.023253765462,0.00481259412416613,-0.00271212735412529,0.00834388227701144,0.00648753469019425,-0.00353128815284531,-0.00919966204431955,0.0716910478116267,1.27658544401064,1.87938728747311,1.26027173019622,1.7272139259554,1.22676008438338,-4,-0.00606949822292176
"FRA",2003,62037544,23730642753.3361,24071158626.4714,382.520667699806,388.00953542699,-0.000286507092085664,0.00254513669017786,0.0122912048671653,0.0116199903834531,-0.0125777119592509,-0.00907485369327521,0.0719355560903292,1.28682188926477,1.96198125494785,1.27808131967031,1.67201849031728,1.26466653845504,-3,0.00285451520648652
"FRA",2004,62490800,24289784496.4287,24650486373.4911,388.693767665459,394.465847348587,0.0160091189297322,0.0165026493808673,0.0246676474896086,0.0264226761369253,-0.00865852855987637,-0.00992002675605796,0.0464134578300164,1.27911977555445,1.90248651229157,1.28234773466553,1.60880646983266,1.27248232563505,-2,-0.00189109722710431
"FRA",2005,62958328,24801109471.0668,25250910878.5303,393.928972685977,401.073403323708,0.013378816737613,0.0166118966924858,0.018590244645126,0.0198301255349689,-0.00521142790751306,-0.00321822884248313,0.0708921668694854,1.33083312125682,1.74526269347642,1.3596987246669,1.65664324447972,1.34292848965849,-1,0.00161846003154876
"FRA",2006,63393406,25554963223.3145,26091640475.1297,403.117056422469,411.582877801671,0.0230563616810633,0.0258659427359209,0.0213658475515661,0.0248719015186785,0.00169051412949717,0.000994041217242447,0.0482148863044544,1.35334227906267,1.72010037074459,1.41873113816972,1.57810064233117,1.40482607574944,0,-0.000924603024822501
"FRA",2007,63781275,26433219857.8296,26987084360.0825,414.435425723767,423.119236172098,0.0276901917192731,0.0276436175551726,0.0188083281161457,0.0132610790346419,0.00888186360312737,0.0143825385205307,0.0383709375685004,1.37172580274394,1.52875489203942,1.50482597699678,1.44581043213559,1.4589184253921,1,0.00548361721444809
"FRA",2008,64133174,26401559407.3066,27003890511.9593,411.667749475593,421.059629950006,-0.0067005833810434,-0.00487955903982762,-0.0172992014437723,-0.0221037709787,0.0105986180627289,0.0172242119388724,0.10883479859816,1.35928854686528,1.46168262858085,1.5273813263465,1.33702891515585,1.47515314679482,2,0.00610369307494141
"FRA",2009,64458715,25660534168.5282,26275187832.211,398.092549138285,407.628166838432,-0.0335320769200225,-0.0324190594098361,-0.0355812704632736,-0.034371468752588,0.00204919354325117,0.00195240934275187,0.0847544509973951,1.33528686639074,1.4084872898654,1.54996949875279,1.26453609786188,1.46980011012258,3,-0.000399241464963657
"FRA",2010,64773169,26059968867.7,26696031435.3107,402.326600196139,412.14644655275,0.010579683292951,0.0110233359102514,0.0181619500143499,0.0238900220366913,-0.00758226672139894,-0.0128666861264399,0.103395310802268,1.37042785383884,1.55428100781646,1.59683649869847,1.30004609907125,1.50704642025235,4,-0.00532576078727139
"FRA",2011,65087317,26365765448.0158,27099621933.0366,405.082997168493,416.357950859098,0.00682778032270015,0.0101666100856415,0.00209711609831942,0.00582152923367207,0.00473066422438073,0.00434508085196939,0.135915114558878,1.32402640676016,1.28514257616753,1.55830123066689,1.27206894101677,1.46242405061902,5,-0.000936704254053877
"FRA",2012,65402998,26188279306.6616,26797023045.7775,400.414049928745,409.72163150346,-0.0115928408336563,-0.0160673675181755,0.000795119394267907,0.00265209109328168,-0.0123879602279242,-0.0187194586114572,0.0956473533375932,1.34850905217237,1.41332575135262,1.58666644904268,1.2773737911024,1.49659604793343,6,-0.00614716972331095
"FRA",2013,65735961,26362695213.594,26992001346.4607,401.039169619715,410.612409643798,0.0015599658283012,0.00217174576640478,0.0078495719989311,0.0050414621375996,-0.0062896061706299,-0.00286971637119482,0.0805231270457024,1.32798572028554,1.61855773248943,1.59369531602705,1.18426872043361,1.5000849912434,7,0.00335027773967602
"FRA",2014,66276671,26642449955.6401,27243982127.7313,401.988355082591,411.064432124712,0.00236401835734679,0.00110024404616293,0.0159654849278255,0.0183743549713968,-0.0136014665704787,-0.0172741109252339,0.108731178720442,1.2608050800272,1.46593314031392,1.53096944700418,1.10845864061699,1.42962411233236,8,-0.0031710150113764
"FRA",2015,66512558,27221914244.2622,27772803329.2013,409.274805582762,417.557287891429,0.017963705968703,0.0156717800148858,0.0280472653851263,0.0245583807465763,-0.0100835594164232,-0.00888660073169056,0.094977678243028,1.32200417392298,1.53303890286917,1.56905348889182,1.20819696045951,1.46843240744857,9,0.00146278919378722
"FRA",2016,66688563,27547546411.5187,28103424898.9744,413.077522925762,421.412962504146,0.00924845547643027,0.00919151008286523,0.0168271894449461,0.0144851185438073,-0.00757873396851583,-0.00529360846094207,0.109767049677678,1.26761590873602,1.51913784700337,1.52397099572684,1.14011823894369,1.42293065717181,10,0.00253361496193458
"FRA",2017,66883314,27997398228.1037,28565085522.7354,418.60064272688,427.088369495796,0.0132820632425341,0.0133776846723732,0.0179280727866624,0.0191654966141703,-0.0046460095441283,-0.00578781194179712,0.116955988045665,1.2765903393671,1.51364698571135,1.54557955165768,1.14287456686777,1.43224729439723,11,-0.00104778145727826
"FRA",2018,67125071,28252510895.5591,28890955276.5806,420.893571875091,430.404837509677,0.00546265789613898,0.00773530221226437,0.0159021573282834,0.016908827659889,-0.0104394994321444,-0.00917352544762462,0.143002790400961,1.21242031824057,1.3466957670029,1.490257600512,1.10176937882729,1.3644467016791,12,0.00206073700003341
"GBR",1993,57713889,16093280239.0505,16729731868.7477,278.845881258331,289.87358430737,0.0237934060751508,0.0230444014427098,-0.00135462222161831,-0.00166973190616737,0.0251480282967691,0.0247141333488772,-0.153586680815574,1.87554656867976,2.83772809824759,1.84423086981389,2.27943033265052,1.91196798225062,-13,0.00697862176734775
"GBR",1994,57862145,16579600344.4526,17520335788.8131,286.536220605935,302.794439936733,0.0272057203469931,0.0436092474707257,0.0220913250613259,0.0224786054372377,0.00511439528566715,0.021130642033488,-0.16146137532662,1.84068228894313,2.87969571548568,1.81639055221195,2.22572526974643,1.87912134171648,-12,0.0187037089981364
"GBR",1995,58024799,18535316029.6522,18004057857.5055,319.437832600716,310.282123640023,0.108697725118018,0.0244278006383318,0.0196658274612975,0.0181449363020514,0.0890318976567208,0.00628286433628045,-0.166080581993873,1.90464998515001,2.98655498902553,1.89227506782829,2.2049865612705,1.95141345308957,-11,-0.0605497049948788
"GBR",1996,58164374,19258303957.7354,18648614995.1464,331.101370707357,320.619198878448,0.0358619066683179,0.0327721627257018,0.0169687253259871,0.0199157558270775,0.0188931813423308,0.0128564068986243,-0.157817488987394,1.99101907975389,3.04962429838934,1.99805852258525,2.2180657815709,2.05438944370842,-10,-0.000367340463941961
"GBR",1997,58314249,19772427280.7552,19445814511.4429,339.066825344097,333.465916905539,0.0237726284589703,0.0392865393540802,0.020118714724223,0.0234582751556349,0.00365391373474733,0.0158282641984453,-0.144101106041161,1.95790784838652,3.01003842594763,1.99204323338608,2.02947874395589,2.0315442439456,-9,0.0144139784673126
"GBR",1998,58474943,20308355962.2526,20398172183.9684,347.300141228913,348.83611915566,0.0239921535353966,0.0450615773499976,0.0166442682700927,0.0190432546603718,0.00734788526530394,0.0260183226896258,-0.118830861425382,1.87680619151349,2.80269902560477,1.91480928967023,2.06798850490309,1.93365779755086,-8,0.021509153225838
"GBR",1999,58684427,20818289588.3874,20747624187.6597,354.749814433519,353.545655096192,0.0212234265510336,0.0134103893143003,0.0228857791746693,0.0226003218471122,-0.00166235262363568,-0.00918993253281197,-0.122248419220448,1.8739716643191,2.68536375162707,1.80747620216004,2.44467101735229,1.83417426405352,-7,-0.00634424369374985
"GBR",2000,58886065,21733002384.0265,21792766424.1861,369.06868176752,370.083591494628,0.0395699632227053,0.0457162744668809,0.0275917314821177,0.030749892461027,0.0119782317405877,0.0149663820058539,-0.156814863708156,1.9491996640434,2.82049534080687,1.90276683276931,2.52256077588094,1.88850006449344,-6,0.00684600273110586
"GBR",2001,59113016,22269572946.1149,22389346163.7728,376.728755408367,378.754928758377,0.0205426906495729,0.0231604668823708,0.00429049256645264,0.00495620591270285,0.0162521980831203,0.018204260969668,-0.179952202588925,1.96942364967284,2.71621251644929,1.9439939059057,2.42277224137123,1.93513994157344,-5,0.00681381542613527
"GBR",2002,59365677,22787233003.7254,23050250798.0246,383.845247881623,388.27571692688,0.0187140242315689,0.0248263279330256,0.00834388227701144,0.00648753469019425,0.0103701419545574,0.0183387932428314,-0.201181264616793,1.93123513173927,2.75783802255408,1.8893377144756,2.36176845485235,1.88821225429513,-4,0.0116949826558594
"GBR",2003,59636662,23767579219.7152,24038651561.133,398.539730807119,403.085128425414,0.0375677231036189,0.0374320785315891,0.0122912048671653,0.0116199903834531,0.0252765182364536,0.0258120881481361,-0.222084483681536,1.96474624499845,2.6425221422736,1.97878019452037,2.28770584918036,1.96236521182388,-3,0.00769157261236597
"GBR",2004,59950364,24631244942.5318,24833303321.8394,410.860640354608,414.231068252386,0.0304468882778348,0.0272761775737864,0.0246676474896086,0.0264226761369253,0.00577924078822623,0.000853501436861137,-0.268434163212134,1.93401240206942,2.57593147523809,1.9768832404771,2.13494259692358,1.96375031035194,-2,-0.00200011403782536
"GBR",2005,60413276,25518931037.668,25782986011.9933,422.406012838436,426.776823226624,0.027712884795756,0.0298372603596304,0.018590244645126,0.0198301255349689,0.00912264015062991,0.0100071348246615,-0.2970148082345,1.9717997267736,2.45977568553703,2.0483132552261,2.09612108268266,2.03595565228828,-1,0.00476503862582679
"GBR",2006,60827067,26219341186.7587,26116864234.2014,431.04727023512,429.362544049698,0.0202507925791258,0.00604043870421123,0.0213658475515661,0.0248719015186785,-0.00111505497244035,-0.0188314628144672,-0.321091664388483,1.97773563895846,2.39420047585102,2.10739606515768,1.95389625562358,2.09086832124016,0,-0.0165366550472977
"GBR",2007,61319075,26897945825.9563,26653481921.5094,438.655440023456,434.66868868308,0.0174964704286191,0.0122824526213314,0.0188083281161457,0.0132610790346419,-0.00131185768752662,-0.000978626413310479,-0.350150662050737,1.98513481497757,2.19405226075651,2.1807476765927,1.80328385950564,2.13308543937325,1,0.00144144978000886
"GBR",2008,61823772,26838751480.1568,26486461008.6544,434.11701699723,428.418715840477,-0.0104001080621074,-0.0144830802970555,-0.0172992014437723,-0.0221037709787,0.00689909338166483,0.0076206906816445,-0.379265211178889,1.97865310275028,2.24495955459851,2.17644012388177,1.78816566835338,2.13941164016698,2,0.00427656854071987
"GBR",2009,62260486,25616411235.1182,25402662566.2405,411.439307350062,408.006172104735,-0.0536526041880006,-0.0488187233914408,-0.0355812704632736,-0.034371468752588,-0.0180713337247269,-0.0144472546388528,-0.354258291827548,1.97257478108346,2.30412558040404,2.21310952713189,1.67847109778968,2.16703575790849,3,8.57802843513754e-05
"GBR",2010,62759456,25895335040.4237,25906665378.3309,412.612484092018,412.793020040372,0.00284733932199632,0.0116640032100452,0.0181619500143499,0.0238900220366913,-0.0153146106923536,-0.0122260188266461,-0.409307488314073,1.99428800642363,2.46159073338903,2.25338679960606,1.66285461565651,2.20185101502863,4,-0.000155201978468547
"GBR",2011,63285145,25761702365.6637,25868840638.4388,407.073450896947,408.766395943927,-0.0135152191155639,-0.00980247139944179,0.00209711609831942,0.00582152923367207,-0.0156123352138833,-0.0156240006331139,-0.314351999843173,2.01747564514232,2.33935871364127,2.3118037472504,1.61673555517832,2.25538941646413,5,-0.00227667121652546
"GBR",2012,63710843,25896227618.3752,25656127972.2841,406.46499714931,402.696413423444,-0.00149582078769139,-0.0149608723139867,0.000795119394267907,0.00265209109328168,-0.0022909401819593,-0.0176129634072684,-0.320136204954277,1.91641710396363,2.35176289782207,2.19396342292925,1.53381356911726,2.15641208996075,6,-0.0143838244902281
"GBR",2013,64138721,26306590856.8187,25842384232.7422,410.151472412721,402.913931394769,0.00902871897286861,0.000540007903349959,0.0078495719989311,0.0050414621375996,0.00117914697393751,-0.00450145423424964,-0.318721970968361,1.85135939039058,2.47225059546342,2.10953736561525,1.51449025202771,2.07868092231146,7,-0.00392327958349924
"GBR",2014,64619493,27183505410.3188,26701149273.515,420.670360417696,413.205799579935,0.0253229987227135,0.0252228035190374,0.0159654849278255,0.0183743549713968,0.00935751379488803,0.00684844854764055,-0.355234056916423,1.70945933582471,2.30929165833899,1.96763909014366,1.32066212299595,1.94351836408434,8,0.00131636239140692
"ISR",1993,5261400,1276876927.27283,1252095977.85813,242.687673864908,237.977720351643,0.0156426975603905,0.0152858283632522,-0.00135462222161831,-0.00166973190616737,0.0169973197820088,0.0169555602694196,0.065941421727711,-0.104211150050804,-0.411554236563673,0.00238207949410074,0.285289040342513,-0.0656565250799843,-13,0.000639447676292236
"ISR",1994,5399300,1375196464.05854,1346502802.1328,254.699028403412,249.384698411425,0.0483072434011982,0.0468196204390647,0.0220913250613259,0.0224786054372377,0.0262159183398722,0.0243410150018271,0.0541886963005518,-0.0349323305820237,-0.502744713174045,0.0846480084513632,0.340104706030432,0.00510233725367248,-12,-0.000305823005722931
"ISR",1995,5544900,1454469391.47373,1430557939.79095,262.307596435234,257.995264078875,0.0294352800121951,0.0339445507089309,0.0196658274612975,0.0181449363020514,0.00976945255089756,0.0157996144068795,0.0521888658692297,-0.0510373241092474,-0.478394855248221,0.117008716806994,0.00286243502107864,0.0307460336695122,-11,0.00603684536494066
"ISR",1996,5685100,1509320474.54686,1485932893.02768,265.487058195434,261.373220000998,0.0120482471475167,0.0130081191210296,0.0169687253259871,0.0199157558270775,-0.00492047817847041,-0.00690763670604788,0.0497162747318787,-0.0903172790958693,-0.568053575677022,0.0809185355046509,0.0361942284951429,-0.0125899046976741,-10,-0.00325434417243519
"ISR",1997,5828900,1553566271.57338,1525372404.86039,266.528207993511,261.691297647993,0.00391398966679013,0.00121620823233037,0.020118714724223,0.0234582751556349,-0.0162047250574329,-0.0222420669233045,0.0625592890198057,-0.256164004096352,-0.609159457577832,-0.176234302260961,0.302031235608664,-0.270935256506547,-9,-0.00802298710167058
"ISR",1998,5970700,1637125535.46861,1608778574.06652,274.193232865261,269.445554803711,0.0283530031318113,0.0292007911247927,0.0166442682700927,0.0190432546603718,0.0117087348617186,0.0101575364644209,0.0868684876434638,-0.217175437404723,-0.696079053457281,-0.0671048680912525,0.124516790625724,-0.188494870335137,-8,-0.00184199358719873
"ISR",1999,6125300,1707556419.85163,1664358283.534,278.771067515326,271.718655989747,0.0165578111828308,0.00840083105705514,0.0228857791746693,0.0226003218471122,-0.00632796799183843,-0.0141994907900571,0.114976114514983,-0.201260417219241,-0.837026757767032,-0.0165250883032428,0.105948400025271,-0.177860325301815,-7,-0.00887570999885738
"ISR",2000,6289200,1871526353.64945,1788723493.08599,297.577808568571,284.411927285821,0.0652848337479188,0.0456564574618712,0.0275917314821177,0.030749892461027,0.0376931022658011,0.0149065650008442,0.0803617061585177,-0.167658766299656,-0.177383665929958,-0.0334436701650596,0.194323375809422,-0.168766880662143,-6,-0.0220932753088569
"ISR",2001,6439037,1887743894.2139,1847735921.39763,293.171773079407,286.958425832563,-0.0149170387169333,0.00891371207367886,0.00429049256645264,0.00495620591270285,-0.0192075312833859,0.00395750616097601,0.099406222284531,-0.0942907897959379,-0.472628073286195,0.0653757125592531,0.128899189204382,-0.067527728455173,-5,0.0218743422587858
"ISR",2002,6569957,1865814135.60101,1837003326.29918,283.991833675777,279.606598079589,-0.0318132103946942,-0.0259537391774547,0.00834388227701144,0.00648753469019425,-0.0401570926717056,-0.0324412738676489,0.090607824826638,0.0205292095650198,-0.304086598862205,0.173175363788608,0.157236333008998,0.0591148133701895,-4,0.00594221691998157
"ISR",2003,6689748,1867097708.90964,1832470739.72204,279.098361987573,273.922237388021,-0.0173812114687024,-0.0205393474084516,0.0122912048671653,0.0116199903834531,-0.0296724163358677,-0.0321593377919047,0.0739781059711323,0.083990584925987,0.0261680311711685,0.227838749582334,0.261348384962161,0.122094515872411,-3,-0.00417892925798083
"ISR",2004,6808969,1966857292.7588,1937688007.0033,288.862718094149,284.578767652385,0.0343872797408373,0.0381658177452371,0.0246676474896086,0.0264226761369253,0.00971963225122874,0.0117431416083118,0.0616597792642318,0.199953423614785,0.132413338288398,0.309406884551123,0.474074854186144,0.209753602403722,-2,0.00146859653205601
"ISR",2005,6930128,2046366873.34286,2054067327.30441,295.285581066159,296.39673716047,0.0219914081144328,0.0406888064310102,0.018590244645126,0.0198301255349689,0.00340116346930674,0.0208586808960414,0.0333054483833766,0.327358978887209,0.284555286729266,0.418365100614411,0.681946135602883,0.330868104495513,-1,0.0167529686670735
"ISR",2006,7053707,2144425800.53106,2161805940.13944,304.014017102079,306.477989536486,0.0291308497600644,0.0334470553878337,0.0213658475515661,0.0248719015186785,0.0077650022084983,0.00857515386915519,0.0272455406813273,0.445256669396016,0.418076346781467,0.495806536674652,0.889880724262103,0.423047273194825,0,0.00028409389509786
"ISR",2007,7180160,2287113039.90272,2310708027.60327,318.532322385953,321.818459143427,0.0466501437899005,0.0488416545555488,0.0188083281161457,0.0132610790346419,0.0278418156737548,0.0355805755209069,0.0619762820497048,0.410614515672426,0.30748394423471,0.467675460360409,0.79007808029124,0.393474509941676,1,0.00726128277478128
"ISR",2008,7331353,2289239130.94487,2274393509.63134,312.253294984551,310.228345249689,-0.0199092516790698,-0.0366789711702067,-0.0172992014437723,-0.0221037709787,-0.00261005023529748,-0.0145752001915067,-0.00502303064199583,0.307009472517607,0.437383599291777,0.263866799334652,0.731641984601081,0.240046798234625,2,-0.0129551634229876
"ISR",2009,7485565,2341053348.59344,2315705112.38002,312.742371296414,309.356089003304,0.00156505536943019,-0.00281561890329307,-0.0355812704632736,-0.034371468752588,0.0371463258327038,0.0315558498492949,-0.00958676483646892,0.227903403037242,0.7080266580769,0.166709215610821,0.536976964683744,0.20856198104661,3,-0.0046025361121617
"ISR",2010,7623561,2434452463.02988,2418450946.70617,319.332719057391,317.233763421867,0.0208538089691199,0.0251459211568204,0.0181619500143499,0.0238900220366913,0.00269185895476998,0.00125589912012902,-0.0161137698774986,0.246438015199973,0.97830189361868,0.122880901325766,0.571115415012436,0.214604317918262,4,-0.00215983113487224
"ISR",2011,7765832,2517968386.09271,2513766515.94958,324.236783140906,323.69571166999,0.0152404953614056,0.0201649868339544,0.00209711609831942,0.00582152923367207,0.0131433792630862,0.0143434576002823,-0.0787631658016967,0.231998351550903,0.903921601608048,0.0977574362562046,0.54016374866224,0.20310159945867,5,0.00145123776182165
"ISR",2012,7910525,2623214974.76332,2587428319.53713,331.610730610588,327.086801386397,0.0224877217994255,0.0104216703456128,0.000795119394267907,0.00265209109328168,0.0216926024051576,0.00776957925233113,-0.0805474868903384,0.206806369883601,0.982687817174202,0.0684891710940709,0.44072073938129,0.217584303194278,6,-0.013050610880459
"ISR",2013,8059456,2738396076.93744,2713136760.78013,339.774306967795,336.640185240807,0.0243198113176595,0.0287890770358645,0.0078495719989311,0.0050414621375996,0.0164702393187284,0.0237476148982649,-0.101211457958586,0.161652111444293,1.13915703612429,0.0226237646037966,0.333824688235492,0.205829572902708,7,0.00786628257496965
"ISR",2014,8215668,2848862856.79786,2859786247.97615,346.759734789412,348.089315193378,0.0203505390159897,0.033444439326356,0.0159654849278255,0.0183743549713968,0.00438505408816425,0.0150700843549592,-0.141045329253664,0.170198507303854,1.07017269666579,0.0707970053166829,0.28731959691053,0.234755161013382,8,0.0103062590774782
"ISR",2015,8380149,2999767730.01523,3003310659.60741,357.961144845423,358.383921289157,0.0317923133836135,0.0291457179206764,0.0280472653851263,0.0245583807465763,0.00374504799848729,0.00458733717410009,-0.0879853017255108,0.216290981677905,1.06940856063299,0.111329759631603,0.35415717993648,0.259527870584591,9,0.000241310723194308
"ISR",2016,8546009,3159527960.57602,3161367032.39831,369.708007629762,369.923204199564,0.0322890789534878,0.0316906102581287,0.0168271894449461,0.0144851185438073,0.0154618895085417,0.0172054917143214,-0.110155200238422,0.190032359858576,1.01739570857128,0.0788983909339792,0.379292234786524,0.209280083631914,10,0.00207267533429973
"ISR",2017,8713268,3287625319.79832,3301716211.19409,377.312544477953,378.929720880166,0.0203603489249593,0.0240553269756312,0.0179280727866624,0.0191654966141703,0.00243227613829688,0.00488983036146085,-0.12840483019371,0.138262590267737,0.951338427030529,0.0732305730058674,0.245568781116768,0.199420946771488,11,0.00180552492789651
"ISR",2018,8882764,3418073663.96494,3446912270.33799,384.798432556009,388.045012829113,0.0196457709465294,0.0237705904867838,0.0159021573282834,0.016908827659889,0.00374361361824604,0.00686176282689477,-0.176936756974729,0.115743043262924,0.98389546892541,0.0382280268255892,0.218968819505426,0.179795052110614,12,0.00267397735152957
"ISR",2019,9054026,3578573124.85525,3591433934.06074,395.24661458397,396.667066569142,0.0267902654163441,0.0219759602539389,0.0144967088861767,0.015257414255065,0.0122935565301674,0.00671854599887389,-0.154560182284571,0.0579911966674102,0.980251370517613,0.0122512157761564,0.0807140165998541,0.167765717493639,13,-0.0053358578569954
"ITA",1993,56831823,19324989980.7184,19052396004.4426,340.038185660848,335.241683245715,-0.0162815073895546,-0.0141965936918522,-0.00135462222161831,-0.00166973190616737,-0.0149268851679363,-0.0125268617856849,0.00269897931923846,0.424472123725713,0.67049093423672,0.405680480634707,1.23700166861248,0.382409359655224,-13,0.00132499468005941
"ITA",1994,56843400,19644036297.5013,19339659728.3073,345.58165587388,340.227004864369,0.0161710343814967,0.0147613419542791,0.0220913250613259,0.0224786054372377,-0.00592029067982924,-0.00771726348295854,0.0309442202613788,0.516266222722456,0.86209609296333,0.517436253726401,1.22137740562018,0.492293542693827,-12,-0.00153695595429084
"ITA",1995,56844301,20151555452.8005,19907563004.2807,354.504411142297,350.212117205571,0.0254918327209381,0.0289259638792991,0.0196658274612975,0.0181449363020514,0.00582600525964061,0.0107810275772477,0.00955594394087889,0.609149663700047,1.03509283348198,0.618585890220617,1.22906744219184,0.592501129005703,-11,0.00653097862532807
"ITA",1996,56860279,20494542035.3647,20296582766.099,360.436888383272,356.955384726462,0.0165960853275475,0.0190717811462777,0.0169687253259871,0.0199157558270775,-0.000372639998439617,-0.000843974680799775,-0.0187969857903437,0.691184767730505,1.04997366374003,0.754467492054969,1.14074610793989,0.716148962527082,-10,0.000378754125993386
"ITA",1997,56890371,20991780937.3607,20895928415.2393,368.986536181328,367.30167246122,0.0234432815603682,0.0285727049932918,0.020118714724223,0.0234582751556349,0.00332456683614524,0.00511442983765686,-0.0647073349597043,0.7577706282647,1.40970510189225,0.774025162418984,1.24179121927604,0.760004420194444,-9,0.00320071824472944
"ITA",1999,56916316,21777310645.0372,21734967353.3249,382.619821090269,381.875864090094,0.0146396522546492,0.018193838924466,0.0228857791746693,0.0226003218471122,-0.00824612692002002,-0.00440648292264623,-0.00743922150875731,0.787859172141163,1.82586479985776,0.701297835734955,1.21499702186685,0.785033917844089,-7,0.00387309494617618
"ITA",2000,56942108,22450272585.9627,22364787104.7083,394.264866098086,392.763596049312,0.0299810704557562,0.0281123014235476,0.0275917314821177,0.030749892461027,0.00238933897363847,-0.0026375910374794,-0.0318361237670793,0.868572485136419,2.43907290157357,0.698788537085423,1.15410480167351,0.885391907842825,-6,-0.00385295033356036
"ITA",2001,56976976,22962844068.7249,22892798628.6333,403.019705165204,401.790341218412,0.0219625245231585,0.0227225192092053,0.00429049256645264,0.00495620591270285,0.0176720319567059,0.0177663132965025,-0.102784537947867,0.791194803978826,2.181448172241,0.652697587514557,1.04875004362055,0.809925254702613,-5,0.003761847897367
"ITA",2002,57089823,23213510655.8553,23110364218.4774,406.613813741467,404.807074256955,0.00887841746046814,0.00748018043932941,0.00834388227701144,0.00648753469019425,0.000534535183456697,0.000992645749135157,-0.124015746098788,0.758654556990636,2.26372785388061,0.660412903846093,0.861599731714516,0.804828513830586,-4,0.00144467719081091
"ITA",2003,57399187,23340885239.9797,23228731447.9294,406.641390930846,404.687464439686,6.78192755021456e-05,-0.000295517294859771,0.0122912048671653,0.0116199903834531,-0.0122233855916631,-0.0119155076783128,-0.102284029688282,0.755224954868824,2.10172393906674,0.702993527612481,0.747825831120944,0.835145763292317,-3,-0.000566507497274614
"ITA",2004,57828178,23782962746.3116,23743752480.084,411.269446295051,410.591398540759,0.0113168931066276,0.0144834793959827,0.0246676474896086,0.0264226761369253,-0.0133507543829809,-0.0119391967409426,-0.0914439589358132,0.715002426046056,1.98238000139327,0.659466017472958,0.682492126502996,0.797448674226472,-2,0.000545287755500464
"ITA",2005,58166684,23987529128.7969,24025081622.6409,412.392928034147,413.038529455125,0.00272801689348334,0.00594232441564557,0.018590244645126,0.0198301255349689,-0.0158622277516427,-0.0138878011193233,-0.0605763050866907,0.725704760597775,1.71544973052784,0.687264982596562,0.746582126298515,0.811948174113967,-1,0.00119057139313351
"ITA",2006,58399863,24449091111.4184,24545377192.9931,418.649802507558,420.298540648855,0.0150581732349755,0.0174243895710431,0.0213658475515661,0.0248719015186785,-0.00630767431659063,-0.00744751194763538,-0.0906020274424885,0.737667751227887,1.64292626111041,0.722145234187834,0.704901232251504,0.852681379964499,0,-0.00100013357913402
"ITA",2007,58756247,24961789287.645,24980932593.9033,424.836346127503,425.162154994402,0.0146692499174996,0.011505367479816,0.0188083281161457,0.0132610790346419,-0.00413907819864612,-0.0017557115548259,-0.112290606909535,0.709971018132778,1.39663444824283,0.720538598854188,0.710583246143203,0.81662436347414,1,0.00274789059818548
"ITA",2008,59211183,24480902649.974,24255039616.5946,413.450659311671,409.636125942537,-0.0271658440057525,-0.0372013693814246,-0.0172992014437723,-0.0221037709787,-0.00986664256198022,-0.0150975984027246,-0.0270594933343217,0.616709021454865,1.29149235389768,0.671575595077069,0.638225059353209,0.719214927065484,2,-0.00499198890027606
"ITA",2009,59555456,23411679387.9959,23395066197.0166,393.107214022439,392.82826072252,-0.0504557989446868,-0.0418967471961151,-0.0355812704632736,-0.034371468752588,-0.0148745284814131,-0.00752527844352713,-0.055165007129372,0.602450597927205,1.18169363060897,0.688342327407552,0.586988971659799,0.719262715206963,3,0.00706097511557903
"ITA",2010,59819402,23552475532.5407,23501089203.5581,393.726362101391,392.86733765005,0.00157377169843897,9.94709086885592e-05,0.0181619500143499,0.0238900220366913,-0.016588178315911,-0.0237905511280028,-0.122516462095243,0.578169548909463,1.45524715295712,0.613979010056846,0.547445730715039,0.701758275029193,4,-0.00827342099612752
"ITA",2011,60026844,23473577790.5453,23413341635.5616,391.051340139509,390.04785318318,-0.006817299509148,-0.00720255958424598,0.00209711609831942,0.00582152923367207,-0.00891441560746742,-0.0130240888179181,-0.114754039651606,0.56422605153114,1.36149781683317,0.601514401662028,0.535272104749774,0.694320095258759,5,-0.00417327300946908
"ITA",2012,60191243,22444474844.8868,22416110302.7613,372.886049967215,372.414809622078,-0.0475659791663476,-0.046261119403419,0.000795119394267907,0.00265209109328168,-0.0483610985606155,-0.0489132104967007,-0.168011050308722,0.618825233590665,1.47188919236177,0.641849069120332,0.553801121145608,0.764704936186922,6,-0.00630421177213433
"ITA",2013,60311616,22015918991.3886,21978072908.8745,365.036131537059,364.408622525958,-0.0212765377081929,-0.0217324853013743,0.0078495719989311,0.0050414621375996,-0.029126109707124,-0.0267739474389739,-0.164464330470674,0.602077310632001,1.67444676024634,0.562070908816461,0.546980026091335,0.743765512442003,7,-0.000521162627339278
"ITA",2014,60320708,22160895103.8411,22160908650.6912,367.384532420294,367.384757000716,0.00641273259097375,0.0081338557202848,0.0159654849278255,0.0183743549713968,-0.00955275233685171,-0.010240499251112,-0.14343722627599,0.552550012817413,1.63726569495575,0.503800858672792,0.412057696651784,0.717544087116523,8,-0.000839185903256783
"JPN",1993,124938000,51294991677.027,51903787162.8371,410.563572948398,415.436353734149,-0.0147967672063576,-0.00908466863411306,-0.00135462222161831,-0.00166973190616737,-0.0134421449847393,-0.00741493672794569,0.0419260796117704,0.564877322064124,0.496714697897729,0.662149203785812,0.927541242671154,0.607319177105106,-13,0.00470937603720013
"JPN",1994,125265000,51591305917.9017,52011413888.436,411.85730984634,415.211063652545,0.00314617002599427,-0.000542444561706823,0.0220913250613259,0.0224786054372377,-0.0189451550353317,-0.0230210499989445,0.0415347437489676,0.554981472652926,0.590067165578958,0.67022730291488,0.798330770444992,0.61438923102389,-12,-0.00587566065213123
"JPN",1995,125570246,52505991714.5565,52944677292.1402,418.140390634868,421.633937805141,0.0151402848611477,0.0153505135689977,0.0196658274612975,0.0181449363020514,-0.00452554260014981,-0.00279442273305364,0.0327558434402551,0.526168469653986,0.736958903494232,0.67324633351787,0.480958316587568,0.619504375446246,-11,0.0013841955254705
"JPN",1996,125864000,53991345715.6334,54629630788.51,428.965754430444,434.036982683769,0.0255598503409233,0.0289922523993402,0.0169687253259871,0.0199157558270775,0.0085911250149362,0.00907649657226273,0.0236164656573814,0.612577914941527,0.848001354841445,0.754356765861602,0.665296008806158,0.699847228944778,-10,0.00146576515792759
"JPN",1997,126166000,53854740184.0926,54548101553.537,426.856206775935,432.351834515932,-0.00492988500559033,-0.00389005550263377,0.020118714724223,0.0234582751556349,-0.0250485997298133,-0.0273483306582687,0.00679883306459639,0.621587527147309,0.874528864088461,0.766596284045755,0.633988210755187,0.70294954191988,-9,-0.00486487677100055
"JPN",1998,126486000,52464156016.3368,53103957144.4379,414.782315958579,419.840592195484,-0.0286933614809657,-0.0293645916831107,0.0166442682700927,0.0190432546603718,-0.0453376297510584,-0.0484078463434825,0.0308634291103573,0.700021002701681,1.01462382271872,0.882350479620886,0.523895566468116,0.808108904732353,-8,-0.00682212092586068
"JPN",1999,126686000,51755911823.5274,52384193689.6366,408.536948230486,413.496311270674,-0.015171483998218,-0.0152265031653753,0.0228857791746693,0.0226003218471122,-0.0380572631728873,-0.0378268250124876,0.0763970690958995,0.433017130699665,0.814053132259855,0.626749869368977,0.151775998641724,0.542927649886532,-7,-0.00153741515076687
"JPN",2000,126925843,53021228875.6448,53777017916.3661,417.733911569488,423.688483332477,0.0222622958776535,0.0243498824035351,0.0275917314821177,0.030749892461027,-0.00532943560446419,-0.00640001005749191,0.0580702736521382,0.273107133387928,0.873666200957842,0.463894309065357,0.0308146375493439,0.377679099356746,-6,-0.0012581076824904
"JPN",2001,127291000,53003231559.9902,53815374173.356,416.394179949802,422.774384468313,-0.00321229505479437,-0.00215980937681959,0.00429049256645264,0.00495620591270285,-0.00750278762124701,-0.00711601528952244,0.0404248210865629,0.337343177482302,0.795692011126391,0.512877643416447,0.136620742342099,0.440200775107208,-5,3.27989391363901e-05
"JPN",2002,127435000,52783925842.692,53542831819.9608,414.20273741666,420.157977164521,-0.00527680171287148,-0.00620789004063926,0.00834388227701144,0.00648753469019425,-0.0136206839898829,-0.0126954247308335,0.0451749916061939,0.356899776087904,0.900296510152353,0.5348047405503,0.0468567474714874,0.474914077707047,-4,0.000313167436916108
"JPN",2003,127619000,52705507664.7029,53547027498.2606,412.991072369341,419.585073525577,-0.00292958167619783,-0.00136447387652527,0.0122912048671653,0.0116199903834531,-0.0152207865433631,-0.0129844642599783,0.039539073290321,0.35558113742744,0.845557490922965,0.558972634625881,-0.0145210755101068,0.495086204476592,-3,0.00156892493454429
"JPN",2004,127687000,53149740462.8279,54165883572.9788,416.250209205541,424.208287241292,0.00786056770215549,0.0109582753195472,0.0246676474896086,0.0264226761369253,-0.0168070797874531,-0.0154644008173781,0.0205711646874942,0.330164403983939,0.86705191742714,0.51883226933043,-0.070728382125472,0.471041225098127,-2,0.000478412051973395
"JPN",2005,127767994,53577531010.0872,54755551311.7308,419.334524498265,428.554519778488,0.00738244531371546,0.0101933858614291,0.018590244645126,0.0198301255349689,-0.0112077993314106,-0.00963673967353973,0.0171965252659209,0.379637194892294,0.705037336859538,0.584283198718751,0.0190673003921984,0.527508931883559,-1,0.00106985612710559
"JPN",2006,127900515,53758218016.6003,55181408676.4157,420.312756493595,431.440081976337,0.00233010327091865,0.00671067706888095,0.0213658475515661,0.0248719015186785,-0.0190357442806475,-0.0181612244497975,-0.00723574967879137,0.367903379564254,0.694815459619564,0.592022889578648,-0.0292503392846784,0.544948726966154,0,-0.0002536353541478
"JPN",2007,128032743,54132888564.5806,55776752867.114,422.805036400576,435.644441884011,0.00591207346657896,0.00969776934647371,0.0188083281161457,0.0132610790346419,-0.0128962546495668,-0.0035633096881682,-0.0082905070554754,0.446851240753262,0.618050605027594,0.708481912396562,-0.0253955704198945,0.644485029819663,1,0.00866823583709934
"JPN",2008,128083960,52296967767.5625,53688150098.1116,408.302239933575,419.163727434033,-0.0349034816317024,-0.0385648091863775,-0.0172992014437723,-0.0221037709787,-0.0176042801879301,-0.0164610382076775,0.0199488410184886,0.581805730625657,0.720201759308498,0.855160249130559,0.132475252382218,0.795771628210654,2,0.000624960628995138
"JPN",2009,128031514,49625869629.0295,50862606566.9492,387.606676501767,397.266305598395,-0.0520165792049152,-0.053654750432405,-0.0355812704632736,-0.034371468752588,-0.0164353087416416,-0.019283281679817,-0.0306340355488072,0.406257432532942,0.651057269390881,0.713762964658379,-0.10106517576442,0.644395646251355,3,-0.0037820748048189
"JPN",2010,128057352,51075695033.4097,52424415227.3048,398.850157649751,409.382315099759,0.0285946965127968,0.0300426244128564,0.0181619500143499,0.0238900220366913,0.0104327464984468,0.00615260237616511,-0.0329303721113189,0.481852803925932,0.796364810367305,0.824527700966704,-0.0865469504376397,0.736719173310537,4,-0.00355085075876747
"JPN",2011,127834233,50311928219.7246,51764657513.4678,393.571636008678,404.93580083097,-0.0133227020224584,-0.0109209371011101,0.00209711609831942,0.00582152923367207,-0.0154198181207779,-0.0167424663347822,-0.041767771373883,0.551764414297648,0.758053768167292,0.902552527540345,-0.00694521030399153,0.822306130639179,5,-0.00213104022823436
"JPN",2012,127592657,50759471044.4103,52147816532.0722,397.824390822195,408.705467526021,0.0107475792289229,0.00926623025289697,0.000795119394267907,0.00265209109328168,0.00995245983465498,0.00661413915961528,-0.0118688199534989,0.474032921728151,0.616289455362953,0.843406680184176,-0.0544198597878476,0.746118479039635,6,-0.00288932452269915
"JPN",2013,127413888,51508549288.2285,53260499425.3921,404.26165543452,418.011727460919,0.016051651461007,0.0225147199301601,0.0078495719989311,0.0050414621375996,0.00820207946207585,0.0174732577925605,-0.0810552716403957,0.590154689467035,1.33830975650665,0.842758992388012,0.15144703149678,0.841597400575104,7,0.00998995804931498
"JPN",2014,127237150,51456389496.0406,53335368983.8037,404.413251130197,419.180789445564,0.000374923708458041,0.00279281699468115,0.0159654849278255,0.0183743549713968,-0.0155905612193674,-0.0155815379767157,-0.0725113024050053,0.606107774687807,1.30495220646551,0.825919196830293,0.242835454002418,0.834026657651713,8,-0.000861759619960862
"JPN",2015,127094745,53046263313.4845,55091872201.8368,417.375740542888,433.470889782554,0.0315496185551458,0.0335223371160156,0.0280472653851263,0.0245583807465763,0.00350235317001957,0.00896395636943925,-0.0663632508117054,0.705970529433798,1.42899561335399,0.901219280440504,0.367787072438849,0.918990377287638,9,0.00575767292994161
"JPN",2016,127041812,53801300739.0036,55634560882.3458,423.49286342833,437.923231780934,0.0145497899923317,0.0102189827398487,0.0168271894449461,0.0144851185438073,-0.0022773994526144,-0.00426613580395863,-0.0851161090526802,0.638208027437634,1.39530615748477,0.852725118779031,0.262427584787293,0.865892209148669,10,-0.00201527270595693
"JPN",2017,126918546,54423088211.0992,56393877379.537,428.803275221095,444.33125935383,0.0124615852950996,0.0145267387705816,0.0179280727866624,0.0191654966141703,-0.00546648749156287,-0.00463875784358869,-0.0702520659438998,0.653560962088463,1.39143797327218,0.838215660675866,0.347443954390152,0.860283462019659,11,0.000694982923876551
"JPN",2018,126748506,54274806711.8113,56305386250.8624,428.208650536767,444.229190763498,-0.00138766979052551,-0.000229739216432101,0.0159021573282834,0.016908827659889,-0.0172898271188089,-0.0171385668763211,-0.0812855691313008,0.676205564489533,1.43194834162909,0.865155838419147,0.372123279238032,0.888489207269551,12,-0.000534599327138618
"JPN",2019,126555078,54276367235.6365,56351090148.1692,428.875459550003,445.269293328311,0.00155599465658973,0.0023386280189488,0.0144967088861767,0.015257414255065,-0.012940714229587,-0.0129187862361162,-0.080260331415063,0.638722553927082,1.37947252982339,0.816248776291322,0.409054561099913,0.834974201484139,13,-0.000381568075527769
"KOR",1993,44194628,7692738099.85389,7682795230.69823,174.065004005779,173.840024871309,0.0712450353940879,0.0712379722819927,-0.00135462222161831,-0.00166973190616737,0.0725996576157062,0.0729077041881601,0.079682429167963,-1.00164785723368,-3.22205972688617,-0.930588176766461,-0.207159802118211,-1.03936826737951,-13,0.00570860091563282
"KOR",1994,44641540,8558466188.05835,8537598907.12463,191.715298980688,191.247858096397,0.0965826380678765,0.0954347941296882,0.0220913250613259,0.0224786054372377,0.0744913130065505,0.0729561886924506,0.0753279548372332,-0.896661106958082,-2.85315160950658,-0.81063065897022,-0.201068220299668,-0.918408903742606,-12,0.00381136423218259
"KOR",1995,45092991,9621017492.2098,9586889778.13413,213.359488444885,212.602658762071,0.106967028499437,0.105854698618046,0.0196658274612975,0.0181449363020514,0.0873012010381391,0.0877097623159946,0.0739002659585185,-0.782722483992301,-2.53458312854622,-0.683396100409607,-0.179911722070455,-0.795319972364217,-11,0.00634683881544418
"KOR",1996,45524681,10296541564.6908,10261630912.5947,226.174930576466,225.40807946781,0.0583302467096756,0.0584874742185875,0.0169687253259871,0.0199157558270775,0.0413615213836884,0.03857171839151,0.0693281533127647,-0.587375271473321,-1.92661269385185,-0.481701968525842,0.0144694966747836,-0.595226511271089,-10,-0.000345925407303255
"KOR",1997,45953580,10882795157.2883,10826272780.95,236.821487189645,235.591498659082,0.0459979097487171,0.0441869213518205,0.020118714724223,0.0234582751556349,0.0258791950244941,0.0207286461961855,0.0621717543217627,-0.461129822903054,-2.18756120323108,-0.330501514677756,0.0240562983356774,-0.459151454354752,-9,-0.00383066125611128
"KOR",1998,46286503,10055160168.9812,9929592318.56856,217.237413009603,214.524573579658,-0.0863158140627398,-0.0936750733871623,0.0166442682700927,0.0190432546603718,-0.102960082332832,-0.112718328047534,0.113339422708435,-0.354210190753351,-2.2264106307422,-0.221504138151324,0.199516467381569,-0.375030082185446,-8,-0.013396987990716
"KOR",1999,46616677,10982297207.2457,10865435844.1646,235.587302956959,233.08044552735,0.0810907333007087,0.0829593598020386,0.0228857791746693,0.0226003218471122,0.0582049541260394,0.0603590379549264,0.146097616626241,-0.845553333589693,-2.48227393006228,-0.709965879887912,-0.223979688102118,-0.900158681201082,-7,0.00184372975379184
"KOR",2000,47008111,11837397938.1054,11761016507.8034,251.816073573035,250.191217166828,0.0666173963029815,0.0708418404152926,0.0275917314821177,0.030749892461027,0.0390256648208638,0.0400919479542656,0.143140528384832,-1.03677558881223,-2.5448119181108,-0.921679153149702,-0.422642409378859,-1.1109770576987,-6,0.00055032820861148
"KOR",2001,47370164,12334171655.5288,12253625842.3088,260.378487512283,258.678138465149,0.0334373394263432,0.0333590861015018,0.00429049256645264,0.00495620591270285,0.0291468468598906,0.028402880188799,0.142346133934074,-1.13452908621616,-2.44410343477086,-1.05562806198652,-0.538587140753321,-1.21687513243688,-5,-0.00140448881104053
"KOR",2002,47644736,13321323561.2943,13273614334.7105,279.596964527083,278.595610955017,0.0712128601350877,0.0741767270232145,0.00834388227701144,0.00648753469019425,0.0628689778580762,0.0676891923330203,0.145293019615813,-1.26078858222024,-2.00425557617307,-1.19096671440317,-0.791463575891032,-1.31710995927713,-4,0.00348822951730633
"KOR",2003,47892330,13737534219.1571,13691297797.8053,286.842052143987,285.87662779834,0.025582569487975,0.0257990391266931,0.0122912048671653,0.0116199903834531,0.0132913646208097,0.0141790487432401,0.128152512080468,-1.21228750432402,-1.71564230488319,-1.11297426019849,-0.806338888250091,-1.24140726186579,-3,0.000291667122321939
"KOR",2004,48082519,14403629753.9457,14379575974.1163,299.560631462459,299.060371069917,0.0433851160407599,0.0450851165244517,0.0246676474896086,0.0264226761369253,0.0187174685511513,0.0186624403875264,0.104883620371848,-1.14484900704989,-1.05063604948281,-1.09294144266392,-0.74544125063774,-1.17387700382325,-2,-0.000510127685387414
"KOR",2005,48184561,14794997438.8295,14694464205.0626,307.048505408808,304.962085367191,0.0246888938356156,0.0195419956662946,0.018590244645126,0.0198301255349689,0.00609864919048952,-0.000288129868674325,0.096100361521297,-1.10059431918263,-1.07075505222026,-1.03902131703983,-0.689184099255601,-1.11501878511392,-1,-0.00686754505755251
"KOR",2006,48438292,15204643932.3314,15161940891.524,313.897193822016,313.015597071919,0.0220597909072362,0.02606556159059,0.0213658475515661,0.0248719015186785,0.000693943355670079,0.00119366007191157,0.0644514988882233,-1.03011660957746,-0.498332434336368,-1.00081042358567,-0.817485043825913,-0.975156581472283,0,1.73987434228535e-05
"KOR",2007,48683638,16089198612.535,16050017273.9213,330.484722865926,329.679907527069,0.0514949098261708,0.051869186338191,0.0188083281161457,0.0132610790346419,0.032686581710025,0.0386081073035491,0.0341970962825738,-0.823123461209582,0.241123260477509,-1.06489093743177,-0.694093355643284,-0.751723917807102,1,0.00647027218788731
"KOR",2008,49054708,16297896439.6349,16301868718.0096,332.239189755953,332.320166252129,0.00529472667382969,0.00797665386738089,-0.0172992014437723,-0.0221037709787,0.022593928117602,0.0300804248460809,0.0434948091984634,-0.694196933454165,0.15199680016551,-0.902299405867987,-0.279733659549219,-0.755543456011381,2,0.00744578214535111
"KOR",2009,49307835,16550680816.2459,16526053331.7836,335.660262030281,335.160798112178,0.0102443629333449,0.00851155062442466,-0.0355812704632736,-0.034371468752588,0.0458256333966185,0.0428830193770127,0.0565061873322916,-0.623612014605164,0.228228371903751,-0.890612791261466,-0.244286281590649,-0.682009920373148,3,-0.00317171007269509
"KOR",2010,49554112,17668287085.3093,17693592081.274,356.545327364746,357.055981172137,0.0603618537335153,0.063282168462889,0.0181619500143499,0.0238900220366913,0.0421999037191654,0.0393921464261977,0.065985430451126,-0.673528150893389,0.256912068391591,-0.946551503888489,-0.282751609876787,-0.74453414130852,4,-0.00356225088339937
"KOR",2011,49936638,17835474751.1738,17941333265.7505,357.16210512958,359.281961788268,0.00172837745634791,0.00621490960487403,0.00209711609831942,0.00582152923367207,-0.000368738641971511,0.000393380371201957,0.0803858939726899,-0.563398059535752,0.0909323641608273,-0.762810928609818,-0.174718156596031,-0.644102747419216,5,0.000275506823191344
"KOR",2012,50199853,18129674632.2637,18311344400.6228,361.14995460771,364.768884893404,0.0111035040971057,0.0151564718617685,0.000795119394267907,0.00265209109328168,0.0103083847028378,0.0125043807684868,0.0961576846314142,-0.517801959547144,0.227014758399613,-0.759986406098538,-0.155305494618881,-0.586949475158823,6,0.00131498455404539
"KOR",2013,50428893,18684929229.5875,18798704824.0262,370.520313217811,372.776472091627,0.0256150109233788,0.0217150085187674,0.0078495719989311,0.0050414621375996,0.0177654389244477,0.0166735463811678,0.0729849202566317,-0.473861887988514,0.357861794708205,-0.701277343725559,-0.115382015358817,-0.538582407248901,7,-0.00208055322312596
"KOR",2014,50746659,19243031429.5586,19331869643.1585,379.197996651535,380.948618571293,0.0231502175429288,0.0216855371617939,0.0159654849278255,0.0183743549713968,0.00718473261510333,0.00331118219039706,0.0710372093865365,-0.426207813880601,0.328172963079002,-0.604950774030372,-0.119099420502671,-0.464060615050928,8,-0.00459938153880106
"KOR",2015,51014947,20300988058.6759,20361468530.7017,397.941961180043,399.127505330971,0.0482476811950026,0.0466164214343134,0.0280472653851263,0.0245583807465763,0.0202004158098763,0.0220580406877371,0.0639731707432859,-0.347230861417178,0.379176852933095,-0.515581884059508,-0.0549777164582128,-0.389072721602861,9,0.00069265515715021
"KOR",2016,51217803,21171098087.778,21244599885.9083,413.354280107992,414.789363103066,0.0379988778575591,0.0384899045176059,0.0168271894449461,0.0144851185438073,0.021171688412613,0.0240047859737986,0.0410185871629586,-0.293195638006575,0.476448069800099,-0.410188473243835,-0.0622742830722616,-0.297052414734604,10,0.00183775662691617
"KOR",2017,51361911,21913948109.6549,21998722400.9778,426.657569451707,428.308097823265,0.0316767000931542,0.0320719587465668,0.0179280727866624,0.0191654966141703,0.0137486273064917,0.0129064621323964,0.0418868660489338,-0.245891434591521,0.550072739096581,-0.367484196004257,-0.0528258268951565,-0.227051676892775,11,-0.00174780232432376
"KOR",2018,51585058,22407357765.772,22492366131.3634,434.376903594293,436.024829735839,0.0179308522641213,0.0178563993250052,0.0159021573282834,0.016908827659889,0.0020286949358379,0.000947571665116165,0.0161888839675762,-0.224045271959788,0.615235298296276,-0.375091471215747,-0.0101522027109799,-0.217504397721675,12,-0.00161325345180055
"KOR",2019,51764822,22695802188.4438,22880538926.7507,438.440649683753,442.009419577463,0.00931185546928592,0.0136320024489303,0.0144967088861767,0.015257414255065,-0.00518485341689079,-0.00162541180613474,-0.0289286504971421,-0.162028597054534,0.749869148732925,-0.366203688036534,0.0698537668135677,-0.151198419699656,13,0.00303557289900118
"MEX",1993,89364560,11810301293.3494,11556658882.386,132.158668865481,129.320380275872,-0.001236508060388,-0.0036726577696502,-0.00135462222161831,-0.00166973190616737,0.000118114161230309,-0.00200292586348283,0.0698915072588715,-1.35120528037365,-1.46502114689659,-1.39908560398864,-0.341756709002135,-1.44769608862448,-13,-0.00128395220123831
"MEX",1994,90953505,12482331545.6935,12198970199.8127,137.238598399188,134.12314566451,0.0377177675880382,0.036465481994167,0.0220913250613259,0.0224786054372377,0.0156264425267123,0.0139868765569293,0.0589150409205169,-1.31379083778558,-1.35878918530365,-1.42691077380991,-0.177295894554896,-1.4733799302897,-12,0.000582373634939183
"MEX",1995,92506744,11960264345.5373,11495829852.6239,129.290728744461,124.270181346172,-0.059657425405006,-0.0763002983191106,0.0196658274612975,0.0181449363020514,-0.0793232528663035,-0.094445234621162,0.0452510860924856,-0.655568574861777,-0.774431588022818,-0.765205374950732,0.426241466395618,-0.823621224720136,-11,-0.0216457264161459
"MEX",1996,94005638,12236520480.1621,11816152233.4196,130.167942481941,125.696208065942,0.0067619022001324,0.0114098714928641,0.0169687253259871,0.0199157558270775,-0.0102068231258547,-0.0085058843342134,0.0492008464463703,-0.712133729227951,-0.903978091017059,-0.767490376628648,0.273624497540476,-0.837115011636033,-10,0.00166646403117551
"MEX",1997,95438019,12749780203.6665,12442886935.0858,133.592255342878,130.376626269724,0.025966808470498,0.036559438426834,0.020118714724223,0.0234582751556349,0.00584809374627504,0.013101163271199,0.0621679225355635,-0.911340278976904,-0.962918069191374,-0.922628893096592,-0.10396593752067,-0.996410058371846,-9,0.00848982303567361
"MEX",1998,96799183,13326530821.9801,13001956635.8947,137.671934916849,134.318867504229,0.0300812812899958,0.0297891943791013,0.0166442682700927,0.0190432546603718,0.0134370130199031,0.0107459397187295,0.069237192868023,-1.06881082341378,-1.1341593984913,-1.04384040263246,-0.359173313667668,-1.13547812888146,-8,-0.00106139796639475
"MEX",1999,98085415,13654717673.0348,13399071309.8264,139.212518732115,136.606154032447,0.0111281055550769,0.0168854161966632,0.0228857791746693,0.0226003218471122,-0.0117576736195923,-0.00571490565044908,0.116215691291017,-1.2759089952143,-1.6278056577221,-1.185282992486,-0.670986144149491,-1.32556024680594,-7,0.00659953838397458
"MEX",2000,99368858,14905624373.5249,14652064759.7025,150.002975514973,147.451274520056,0.074653453389077,0.0763957813640079,0.0275917314821177,0.030749892461027,0.0470617219069593,0.0456458889029809,0.115618111847588,-1.29327644174885,-1.74515326336874,-1.111797009861,-1.01967475775839,-1.27380821128399,-6,0.00024311973582817
"MEX",2001,100739263,14824690017.3737,14613466555.5888,147.159008075866,145.062273838442,-0.019141440898828,-0.016334653997383,0.00429049256645264,0.00495620591270285,-0.0234319334652806,-0.0212908599100858,0.0497619331364866,-1.11408166331517,-0.86229588472651,-1.23248768188382,-0.290985695545044,-1.29567833890092,-5,0.00166403772155032
"MEX",2002,102167274,15216272231.4172,15047589826.3015,148.934895056681,147.283853597792,0.0119955747612854,0.0151985767246128,0.00834388227701144,0.00648753469019425,0.00365169248427399,0.00871104203441853,0.0509725707594572,-1.16444202055879,-0.875104432231442,-1.3269525606277,-0.348123289965599,-1.37852661246436,-4,0.0060656192356953
"MEX",2003,103587899,16015849247.7301,15837343127.5807,154.611198820917,152.887965490841,0.0374043063941407,0.0373436997761853,0.0122912048671653,0.0116199903834531,0.0251131015269754,0.0257237093927323,0.0190592528727983,-1.05439911961041,-0.75104230143989,-1.26061514341159,-0.198585868712175,-1.29833794426299,-3,0.00306054412483051
"MEX",2004,104970581,17130182939.5821,16976894168.2549,163.190322244497,161.730020035375,0.0540035698766532,0.0562230005419355,0.0246676474896086,0.0264226761369253,0.0293359223870446,0.0298003244050102,0.0293024394126497,-1.04415841065129,-0.781031665304077,-1.25874703191162,-0.188126907718762,-1.28958057337031,-2,0.00282179541992079
"MEX",2005,106370948,17811273864.9729,17551312450.0347,167.444910474737,165.000996795052,0.025737263680675,0.0200231130511677,0.018590244645126,0.0198301255349689,0.00714701903554893,0.000192987516198784,0.0324629321615135,-1.01725450287015,-1.04318115107445,-1.22585256997674,-0.100791965829394,-1.27406473651983,-1,-0.00580989711603664
"MEX",2006,107885646,19113424421.9353,18826969326.6799,177.16373892719,174.508565548005,0.0564199791570106,0.0560223116083121,0.0213658475515661,0.0248719015186785,0.0350541316054445,0.0311504100896336,0.0475883913637566,-1.06873745160204,-1.22393662252579,-1.31358086961498,-0.145362895512557,-1.36266249954569,0,-0.00207032739176834
"MEX",2007,109538665,19916099877.4864,19598410060.2327,181.817989816531,178.917737040457,0.0259317470971396,0.0249523039271118,0.0188083281161457,0.0132610790346419,0.00712341898099389,0.0116912248924699,0.0804185471824349,-1.05370205591561,-1.40842244263517,-1.22524529160776,-0.272002325392496,-1.30267713914447,1,0.00540376046020553
"MEX",2008,111275915,20330669776.6701,20057374520.323,182.705033489683,180.249019029167,0.0048668828433529,0.00741320327111694,-0.0172992014437723,-0.0221037709787,0.0221660842871252,0.0295169742498169,0.0571067550058492,-1.02105771576282,-1.4411411837588,-1.02868499509841,-0.553638487875265,-1.1126551509666,2,0.00842291571311755
"MEX",2009,113030218,19041054216.9939,18751016379.4675,168.459855726315,165.893835394244,-0.0811755371175327,-0.0829912959289354,-0.0355812704632736,-0.034371468752588,-0.045594266654259,-0.0486198271763474,0.102270788677974,-0.993059387780846,-1.33868412336357,-1.25906380390162,-0.266501951831872,-1.33081274055482,3,-0.00108051613146649
"MEX",2010,114756059,20029145211.2843,19808335178.1339,174.53671192459,172.612543082661,0.0354376265770835,0.0397014094611432,0.0181619500143499,0.0238900220366913,0.0172756765627335,0.0158113874244519,0.0932795000943857,-0.917898569683996,-1.00243024012069,-1.25720904982318,-0.17022699927611,-1.30070928553115,4,-0.00105637980819918
"MEX",2011,116446180,21172230463.225,20855408391.6085,181.819879906966,179.0991202254,0.0408814231514345,0.0368899494537276,0.00209711609831942,0.00582152923367207,0.0387843070531151,0.0310684202200555,0.107676115541245,-0.965532942987511,-1.16354464053969,-1.30714440368563,-0.257560050025131,-1.34539205343888,5,-0.00841934388341766
"MEX",2012,118060514,22015225157.5608,21553049312.9991,186.474075130325,182.559338281376,0.0252756958889391,0.0191358645864481,0.000795119394267907,0.00265209109328168,0.0244805764946712,0.0164837734931664,0.127955827966089,-0.891865975067145,-0.927081724695899,-1.34612718612159,-0.15893321518844,-1.33090960122668,6,-0.00860369626819652
"MEX",2013,119597654,21753118112.6919,21122993964.116,181.885826227761,176.617126320187,-0.0249130602722563,-0.0330909999450935,0.0078495719989311,0.0050414621375996,-0.0327626322711874,-0.038132462082693,0.106112110768253,-0.938055729524665,-0.760978346782974,-1.2522198631541,-0.295393100674976,-1.2543933604862,7,-0.00291273506195332
"MEX",2014,121048604,22372738439.9316,21840626390.9934,184.824423418643,180.428568932471,0.0160271500262379,0.0213506979625917,0.0159654849278255,0.0183743549713968,6.16650984124334e-05,0.00297634299119487,0.103880215946416,-0.902540665520907,-0.780662204915422,-1.22447675378046,-0.260834044404735,-1.22495607217138,8,0.00373808151596523
"MEX",2015,122368490,23090237546.3744,22512994258.2462,188.694308039385,183.977053719027,0.0207219760150155,0.0194760823226341,0.0280472653851263,0.0245583807465763,-0.00732528937011079,-0.00508229842394226,0.0851624667929656,-0.793040624884892,-0.755546543822096,-1.01765726506405,-0.217407374912591,-1.06223534774153,9,0.00341568846098594
"MEX",2016,123587407,24243631286.9209,23609903369.8368,196.165870580333,191.038099616709,0.0388322919635327,0.0376618408037599,0.0168271894449461,0.0144851185438073,0.0220051025185866,0.0231767222599526,0.0590424235484553,-0.692692367697292,-0.655210390132548,-0.885061843931454,-0.138593233505323,-0.943127544997313,10,0.00121503004001998
"MEX",2017,124777172,24819952070.2679,24191229304.7824,198.914205799342,193.875441453204,0.0139130253163291,0.014743015905947,0.0179280727866624,0.0191654966141703,-0.00401504747033332,-0.00442248070822338,0.0478327309672976,-0.743733881052536,-0.641232274454544,-0.98805118214953,-0.153942038560259,-1.02076997323304,11,0.000555180730934916
"NLD",1993,15290368,5708358953.33912,5586528924.63716,373.330383764414,365.362620745109,-0.00413773675777662,0.00305426774001205,-0.00135462222161831,-0.00166973190616737,-0.00278311453615832,0.00472399964617942,-0.177454629458745,1.58658648190195,2.44143264259607,1.37479387967903,2.70000140809652,1.45520696693978,-13,0.00626346067902404
"NLD",1994,15382834,5835150189.25706,5749016178.32005,379.328684770119,373.729325709427,0.0159392964239711,0.0226414654474834,0.0220913250613259,0.0224786054372377,-0.00615202863735487,0.00016286001024568,-0.143264971520416,1.40109196386557,2.58774442840202,0.986651371358283,2.71068896973311,1.15992576505611,-12,0.0043980225210806
"NLD",1995,15459004,6025323465.18012,5984136156.86624,389.761427397271,387.097134903791,0.0271317559387052,0.0351438487720497,0.0196658274612975,0.0181449363020514,0.00746592847740768,0.0169989124699983,-0.143084751113675,1.62982073914131,2.77463296267436,1.37400040442586,2.64233243159107,1.49092547553443,-11,0.010612798219553
"NLD",1996,15530500,6183527940.36631,6177224430.85282,398.153822501936,397.747943134659,0.0213035919937861,0.0271428398335329,0.0169687253259871,0.0199157558270775,0.00433486666779892,0.00722708400645544,-0.132937009937339,1.71110734649174,2.87256577177363,1.43095316246885,2.74823508416362,1.56536604795237,-10,0.00323749008902476
"NLD",1997,15610650,6483016397.67432,6455008560.23698,415.294455879436,413.50030653669,0.042149381556059,0.0388397598326931,0.020118714724223,0.0234582751556349,0.022030666831836,0.0153814846770581,-0.132601632318501,1.76631254513627,3.00235261359412,1.50532625086216,2.68688993103934,1.64086096025806,-9,-0.00280540290242025
"NLD",1998,15707205,6791545224.18989,6663554098.65974,432.384069870476,424.23550839629,0.0403264430274772,0.0256304895751498,0.0166442682700927,0.0190432546603718,0.0236821747573845,0.00658723491477797,-0.189786220021103,1.86731583476272,3.0578731564738,1.67891878350543,2.5826994563228,1.79877406401999,-8,-0.0121594167493184
"NLD",1999,15812085,7074190544.87852,7029368912.1714,447.391381015123,444.556736962355,0.0341195403653387,0.0467889436576829,0.0228857791746693,0.0226003218471122,0.0112337611906694,0.0241886218105707,-0.152518620222326,1.79131139547945,3.01558078559735,1.50299808918949,2.52530762357165,1.70026422988834,-7,0.0146692511187854
"NLD",2000,15925505,7438220729.72744,7379282924.96216,467.063413670551,463.362569975782,0.0430312536306561,0.0414321471146115,0.0275917314821177,0.030749892461027,0.0154395221485384,0.0106822546535845,-0.162051363188609,1.87516048456868,3.31583761597963,1.57897507441736,2.58942247908312,1.76446912317128,-6,-0.00218760988830546
"NLD",2001,16046182,7627068214.78456,7435957597.82078,475.319812201093,463.409775473117,0.0175228284270199,0.000101870750908617,0.00429049256645264,0.00495620591270285,0.0132323358605673,-0.00485433516179423,-0.224352844622136,1.90625600901489,3.1428029689387,1.6648042524855,2.54478243947583,1.80766065267025,-5,-0.0154909711509611
"NLD",2002,16148921,7689500956.70723,7469259653.18942,476.161903120786,462.523759524826,0.00177006268433111,-0.0019137793053714,0.00834388227701144,0.00648753469019425,-0.00657381959268033,-0.00840131399556565,-0.294888654267197,1.91773774638448,3.10600354204037,1.74220634115064,2.47234968787015,1.82959068810906,-4,-0.00420053250196202
"NLD",2003,16225303,7711656350.31306,7617016882.76953,475.285814404394,469.452982343044,-0.00184159139352857,0.0148702219507317,0.0122912048671653,0.0116199903834531,-0.0141327962606939,0.00325023156727866,-0.330777895315064,2.62783818437043,3.15313545968554,1.89265780635505,3.88393706368346,1.98996077321928,-3,0.0126504797240687
"NLD",2004,16281777,7862004047.5981,7751226392.75763,482.871375010117,476.06759340566,0.0158339762477953,0.0139916975737338,0.0246676474896086,0.0264226761369253,-0.00883367124181333,-0.0124309785631915,-0.377596977387396,2.60951455565312,3.07290434426266,1.91715138888929,3.83710223265799,2.01231855779882,-2,-0.00698307133079873
"NLD",2005,16319871,8044907485.28714,7933307196.13825,492.951659071762,486.113352007393,0.0206608007534506,0.0208819841856283,0.018590244645126,0.0198301255349689,0.00207055610832452,0.00105185865065938,-0.514057120000206,2.58322196750167,2.81288966069115,1.94724216432673,3.81566459828712,2.02929077171994,-1,-0.000720614268957818
"NLD",2006,16346096,8451016300.56534,8391285296.96339,517.005179742328,513.351034825893,0.0476417786883525,0.0545180582834384,0.0213658475515661,0.0248719015186785,0.0262759311367864,0.0296461567647599,-0.495719839591957,2.61697017240846,2.62919044963003,2.0131623992558,3.78563618384839,2.06409564954604,0,0.0130390255489409
"NLD",2007,16381696,8816997029.18092,8706666881.297,538.222478867934,531.487513948312,0.0402191108741272,0.0347198158329567,0.0188083281161457,0.0132610790346419,0.0214107827579815,0.0214587367983148,-0.34247683332306,2.6426857483565,2.44963293446985,2.06714739917139,3.71117709686375,2.09033887905998,1,0.00553072716803832
"NLD",2008,16445590,8997115210.10089,8555989275.61588,547.083759846919,520.260402674266,0.0163299123858236,-0.021350244801627,-0.0172992014437723,-0.0221037709787,0.0336291138295959,0.000753526177073027,-0.491168001156111,2.67710037366702,2.57146558078928,2.11980836557478,3.61863046094251,2.13733695971949,2,-0.0208318561337364
"NLD",2009,16530387,8602922129.41354,8296250718.99903,520.43077572313,501.878795638543,-0.0499450330807019,-0.0359708130148411,-0.0355812704632736,-0.034371468752588,-0.0143637626174282,-0.00159934426225306,-0.458068877430421,2.68767549541933,2.47563850749103,2.09285980726066,3.59758410296689,2.10008324820455,3,0.00724099663509317
"NLD",2010,16615390,8667793034.11752,8624307274.17764,521.67255984467,519.055362177935,0.00238322758772735,0.033651900751452,0.0181619500143499,0.0238900220366913,-0.0157787224266226,0.00976187871476064,-0.386942375108858,2.71079122012589,2.66800685960663,2.10453788884532,3.60017161207758,2.12269900370427,4,0.0203596367359598
"NLD",2011,16693074,8640625381.31124,8631642470.13409,517.617389182558,517.079267134028,-0.00780377265361754,-0.00381436424170278,0.00209711609831942,0.00582152923367207,-0.00990088875193695,-0.00963589347537486,-0.407301918788323,2.75525326600539,2.61899322270188,2.13574710696521,3.60361820575963,2.16184013223016,5,-0.00326583843559983
"NLD",2012,16754963,8462062486.11468,8387820560.99206,505.048115362277,500.617074534397,-0.0245826357337533,-0.0323546975432958,0.000795119394267907,0.00265209109328168,-0.0253777551280212,-0.0350067886365775,-0.437544646879773,2.81472805304497,2.68784397306099,2.18558265844619,3.64270302751871,2.22001510163469,6,-0.0181940241516679
"NLD",2013,16804430,8347105898.05846,8302032301.26411,496.720561069817,494.038316162114,-0.0166260860763296,-0.0132284092937667,0.0078495719989311,0.0050414621375996,-0.0244756580752608,-0.0182698714313663,-0.433447535664899,2.78214383560428,2.74761363929368,2.10493497322313,3.64006053354734,2.14037639170868,7,-0.00186879147736783
"NLD",2014,16865008,8428628928.2904,8355660721.96542,499.770230069882,495.443626351403,0.00612083633567817,0.00284049879800019,0.0159654849278255,0.0183743549713968,-0.00984464859214729,-0.0155338561733966,-0.4468940116612,2.7180850440655,2.700922032456,2.07126646348813,3.54955183721672,2.11875166018719,8,-0.00929375944847298
"POL",1995,38274500,5047770157.1661,4891397602.54124,131.883372928872,127.79781845723,0.0668309436995784,0.0609593137136448,0.0196658274612975,0.0181449363020514,0.0471651162382809,0.0428143774115934,0.069453925748245,-0.763588684363036,-4.02414205542964,-0.477473210521519,-1.95059009441142,-0.597886505024675,-11,0.000696135585478776
"POL",1996,38289000,5274292481.43835,5154194656.34119,137.749548994185,134.61293468989,0.0435191803196604,0.0519540380208641,0.0169687253259871,0.0199157558270775,0.0265504549936733,0.0320382821937866,0.070603128814499,-1.3694351347727,-3.69447219471229,-1.11296381077979,-1.77165942908273,-1.23783856858869,-10,0.0087841649798342
"POL",1997,38292000,5550721296.56996,5468441398.5979,144.957727373079,142.808978340068,0.0510049906195444,0.0591044116150394,0.020118714724223,0.0234582751556349,0.0308862758953214,0.0356461364594045,0.0885819924302741,-1.47958688940711,-7.06004572204953,-1.20706773798484,-2.01241006318464,-1.34652217969752,-9,0.0078174659200042
"POL",1998,38283500,5778620974.47269,5717292573.35378,150.942859834464,149.340905960891,0.0404591889490513,0.0447237305618113,0.0166442682700927,0.0190432546603718,0.0238149206789586,0.0256804759014395,0.120971730271881,-1.71687842782034,-5.87470261982009,-1.46295426834095,-1.74748734417954,-1.62657416699545,-8,0.00390499865919559
"POL",1999,38270000,5995032895.2071,5917664965.91739,156.65097714155,154.629343243203,0.0371189016091966,0.0347992671783004,0.0228857791746693,0.0226003218471122,0.0142331224345273,0.0121989453311881,0.149773920939726,-1.5870337761612,-5.10170887809883,-1.26767407316011,-1.89833929454747,-1.47406441927178,-7,-0.000591225513865602
"POL",2000,38258478,6054816368.13755,6033462130.84436,158.260774726521,157.702617726831,0.0102238903299003,0.0196801740413939,0.0275917314821177,0.030749892461027,-0.0173678411522173,-0.0110697184196331,0.149179711646692,-1.36639512109664,-4.39077333237316,-1.0149093714364,-2.07425769455022,-1.21782618471384,-6,0.00780975014148618
"POL",2001,38248076,6001194718.09972,5986912072.59494,156.901871824866,156.528450544674,-0.00862355572800055,-0.00747330716476391,0.00429049256645264,0.00495620591270285,-0.0129140482944532,-0.0124295130774668,0.144406934169258,-1.21459140630935,-3.72721448929966,-0.862559365289708,-2.17474015156128,-1.04048754317228,-5,0.00200831697497562
"POL",2002,38232301,6109875826.32271,6101109508.82925,159.809262495676,159.579971627375,0.0183604049862174,0.019307400008838,0.00834388227701144,0.00648753469019425,0.0100165227092059,0.0128198653186438,0.147633433001847,-1.3657400102672,-3.07474750422071,-1.04777758323316,-2.17847460661154,-1.19554740101956,-4,0.00408696803359317
"POL",2003,38195177,6330926234.67137,6279966062.50967,165.751980535955,164.417776163458,0.0365115832252858,0.0298654182071765,0.0122912048671653,0.0116199903834531,0.0242203783581205,0.0182454278237234,0.136484967869305,-1.27422351804371,-3.21416895071264,-1.06619879999877,-1.11364326968766,-1.23191675149954,-3,-0.00486106665428379
"POL",2004,38180249,6753001249.16338,6547069576.94438,176.87158743159,171.477917206469,0.0649313966089284,0.0420438913792047,0.0246676474896086,0.0264226761369253,0.0402637491193198,0.0156212152422794,0.124081454517237,-0.937464794025268,-2.3790742931948,-0.701246494292725,-0.931815964272665,-0.862642790243296,-2,-0.0236372991828733
"POL",2005,38161313,7003183201.73122,6889994944.97255,183.515258024042,180.549210792945,0.0368738394942465,0.0515488809156182,0.018590244645126,0.0198301255349689,0.0182835948491205,0.0317187553806493,0.103170225303905,-0.986888104062358,-2.03270562138372,-0.787698017423605,-0.75019810472947,-0.950130574114977,-1,0.0148232679542348
"POL",2006,38132277,7471809638.29565,7315234895.82989,195.944491809279,191.83839705743,0.0655336000330591,0.06064995903556,0.0213658475515661,0.0248719015186785,0.044167752481493,0.0357780575168816,0.0867773503913242,-0.928375503887779,-1.30104089023478,-0.836056176157755,-0.480218105125673,-0.951957331490989,0,-0.00683543422184675
"POL",2007,38115967,8080975626.97021,7811423843.71955,212.010248276535,204.938362018194,0.0788032003649857,0.0660559252231598,0.0188083281161457,0.0132610790346419,0.0599948722488399,0.0527948461885179,0.0869121364800929,-0.945510689481021,-0.879308245925759,-0.945209129049536,-0.5166671181886,-0.984030903281716,1,-0.00594785139309917
"POL",2008,38115909,8416554157.80938,8276160744.3159,220.814730085786,217.131401597058,0.0406894100921376,0.0577934467451318,-0.0172992014437723,-0.0221037709787,0.0579886115359098,0.0798972177238317,0.111765816525655,-1.18130420320492,-1.5619419120805,-1.24326663406685,-0.640035284830674,-1.31961547706184,2,0.0218830531934746
"POL",2009,38153389,8644340950.53678,8387356795.82161,226.568102522604,219.832550021221,0.0257215485960671,0.0123634126835617,-0.0355812704632736,-0.034371468752588,0.0613028190593408,0.0467348814361497,0.100745484659538,-1.13164500291036,-1.08126504743425,-1.31745731120168,-0.541137809108626,-1.33859772660829,3,-0.0145770069911323
"POL",2010,38516689,8831199543.12356,8534970120.23564,229.282416853732,221.591480000673,0.0119089319632213,0.00796938620969634,0.0181619500143499,0.0238900220366913,-0.00625301805112866,-0.015920635826995,0.0967694455199996,-0.933451290647755,-0.840642893982384,-1.29048303555095,-0.20203044590842,-1.29680301530389,4,-0.00806897719514974
"POL",2011,38525670,9190664906.61318,8861015644.79143,238.559508675986,230.002895336835,0.0396642863915684,0.0372563907813763,0.00209711609831942,0.00582152923367207,0.037567170293249,0.0314348615477043,0.112244029705446,-0.953321651277053,-1.30176783816574,-1.28184542957286,-0.236033674712187,-1.34519211306785,5,-0.00629557459284146
"POL",2012,38533789,9205566771.88726,8848856478.70843,238.895966651171,229.638888579278,0.00140937971503163,-0.00158387181666608,0.000795119394267907,0.00265209109328168,0.000614260320763726,-0.00423596290994777,0.142600232349144,-0.868374417506723,-1.15273069994253,-1.15314155261514,-0.202744432047217,-1.21747982687005,6,-0.00345956632848058
"POL",2013,38502396,9202370187.52107,8858075248.77495,239.007727922207,230.065558745356,0.000467714622599757,0.00185628088254486,0.0078495719989311,0.0050414621375996,-0.00738185737633135,-0.00318518125505474,0.134939794732517,-0.938797351779478,-1.0037209161398,-1.18074350229206,-0.302155342625114,-1.24821657968622,7,0.00613758818664617
"POL",2014,38483957,9604107635.85726,9236405573.46904,249.561333722966,240.006649354406,0.043208825714828,0.0423023222706949,0.0159654849278255,0.0183743549713968,0.0272433407870025,0.023927967299298,0.127829318753431,-1.03294423092953,-1.04341167917373,-1.2591614865291,-0.432202425313542,-1.30994554285774,8,-0.00378500097244862
"POL",2015,38454576,10251819143.8976,9867119214.82781,266.595557935618,256.591548814056,0.0660280341727555,0.0668188877845068,0.0280472653851263,0.0245583807465763,0.0379807687876292,0.0422605070379305,0.0272865024004825,-0.866324208679999,-0.364159615557508,-1.1023835961817,-0.40971196670531,-1.02569745326027,9,0.00537481642198473
"POL",2016,38426809,10642060722.222,10226406911.0816,276.943649477165,266.126883215351,0.03808130830308,0.0364876832341094,0.0168271894449461,0.0144851185438073,0.0212541188581339,0.0220025646903022,0.0696142582569473,-0.899589173518076,-0.662307452961387,-1.04537672251299,-0.430546139826286,-1.0706882188072,10,0.00127558663461163
"POL",2017,38422346,11156868826.1343,10681822073.0687,290.37448223839,278.010667882401,0.0473573540078585,0.0436862870119157,0.0179280727866624,0.0191654966141703,0.029429281221196,0.0245207903977454,0.0787176995966852,-0.899716152908278,-0.683129977418852,-0.988715520721856,-0.4710276147365,-1.03140689059113,11,-0.00507405044710013
"POL",2018,38413139,11785494514.2406,11286797823.5871,306.808941446846,293.826490555409,0.0550538052790808,0.0553299383099235,0.0159021573282834,0.016908827659889,0.0391516479507974,0.0384211106500345,0.0660738292354647,-1.03417985212298,-0.781991057168802,-1.06281302432954,-0.689831445559624,-1.10965053335732,12,-0.0013182046306096
"POL",2019,38386476,12421659708.304,11908732712.4706,323.594687574446,310.232507731905,0.0532665551180482,0.0543326163506634,0.0144967088861767,0.015257414255065,0.0387698462318715,0.0390752020955984,0.0531603248482031,-1.12598394168421,-0.909896239882686,-1.13265896106155,-0.752770695541629,-1.20251593311795,13,-0.000150854561788798
"PRT",1997,10108977,2574503743.20311,2571018673.22504,254.675002545076,254.330252529513,0.0536196967811753,0.0464101669474051,0.020118714724223,0.0234582751556349,0.0335009820569523,0.0229518917917702,0.0524295991624598,0.905371518655453,1.01447770842893,1.09896503263766,0.578386614977038,1.02242362428436,-9,-0.0058718092556152
"PRT",1998,10160196,2731227727.59108,2723259873.24285,268.816440902427,268.032218398429,0.0540405383805238,0.0524735618991112,0.0166442682700927,0.0190432546603718,0.0373962701104311,0.0334303072387394,0.0621118274858063,1.0280736628804,0.960484244373474,1.20766276511001,1.08792860826786,1.10575393073716,-8,0.000557544009327038
"PRT",1999,10217828,2866499171.87396,2857152174.22593,280.538992423239,279.62421898528,0.042683954873147,0.0423394355375262,0.0228857791746693,0.0226003218471122,0.0197981756984777,0.0197391136904139,0.125901481320743,0.891629932873905,0.855071311431877,1.07452941255558,1.00214615211024,0.950661069028401,-7,0.00238078828976006
"PRT",2000,10289898,2992301982.18686,2943801897.05174,290.799965382248,286.086596490241,0.0359229008929667,0.0228479231932814,0.0275917314821177,0.030749892461027,0.00833116941084899,-0.00790196926774556,0.125978353081126,1.05043867144058,1.18013501668821,1.19192392278666,1.34082889728879,1.0661684323789,-6,-0.0140306772763325
"PRT",2001,10362722,3031350194.17072,2979363730.6609,292.524511819454,287.507831500343,0.0059128376367541,0.00495554994693759,0.00429049256645264,0.00495620591270285,0.00162234507030146,-6.55965765261612e-07,0.0653911267170673,1.12015237852101,1.07957536046392,1.24320714182928,1.40516003302646,1.13221590134299,-5,0.000562787225093953
"PRT",2002,10419631,3072099445.82317,3025585501.34734,294.837643081907,290.373574778928,0.00787637814766207,0.00991818300233316,0.00834388227701144,0.00648753469019425,-0.000467504129349372,0.00343064831213891,0.0271063828272249,1.1790507193083,1.23586526438188,1.33872180532144,1.19404005942597,1.24359142175013,-4,0.00598009360719783
"PRT",2003,10458821,3049650882.24619,3019070350.31165,291.586487831295,288.66258924516,-0.0110881813668549,-0.00590978809212928,0.0122912048671653,0.0116199903834531,-0.0233793862340201,-0.0175297784755823,-0.0177691794684137,1.29136190830364,1.06173800551819,1.4711694537643,1.37169210083106,1.35260391346809,-3,0.00588035242121682
"PRT",2004,10483861,3105239549.36398,3066223499.26904,296.192361703764,292.470827233311,0.0156724528366592,0.0131064309656574,0.0246676474896086,0.0264226761369253,-0.0089951946529494,-0.0133162451712678,-0.127252049824823,1.24530533516715,1.13140187840951,1.39590841290708,1.38744136190625,1.28977757852849,-2,-0.00361103043496898
"PRT",2005,10503330,3161822109.76916,3119825711.94115,301.030445560518,297.032056684989,0.0162022938049322,0.0154751422009767,0.018590244645126,0.0198301255349689,-0.00238795084019383,-0.0043549833339922,-0.257630883820269,1.18322229592679,1.18237539973,1.32407521936535,1.35723780912076,1.23573206745179,-1,-0.000419696842294192
"PRT",2006,10522288,3215598607.90899,3124264976.22494,305.598802076981,296.918785745547,0.0150617297041702,-0.000381415203828617,0.0213658475515661,0.0248719015186785,-0.00630411784739593,-0.0252533167225071,-0.150112813829077,1.16741429519346,1.21319845237594,1.32772596361403,1.27555224038347,1.25020422029613,0,-0.0178436109880729
"PRT",2007,10542964,3312684607.20671,3217516938.16374,314.20809244978,305.181440263263,0.0277823438384681,0.0274478331012684,0.0188083281161457,0.0132610790346419,0.00897401572232237,0.0141867540666265,-0.135497030732265,1.14018105191336,1.14384504935186,1.32822358750748,1.1256574246555,1.25062462091317,1,0.00862035287526725
"PRT",2008,10558177,3295699880.40928,3184818321.88534,312.146678390529,301.644717822531,-0.00658228083515056,-0.0116565920564371,-0.0172992014437723,-0.0221037709787,0.0107169206086217,0.0104471789222629,-0.415357068346094,1.13511805585351,1.18485534523472,1.34033366118613,1.01249132586524,1.27890773631616,2,0.00531563782050705
"PRT",2009,10568247,3255063644.4583,3143584728.27397,308.00412258138,297.455645034978,-0.0133600324943588,-0.013984772234517,-0.0355812704632736,-0.034371468752588,0.0222212379689148,0.020386696518071,-0.201249799167246,1.11653709887708,0.988465165425531,1.40771656312412,0.888930189438087,1.29488268811016,3,0.00420103321870382
"PRT",2010,10573100,3291362438.08267,3185942533.80854,311.295877092118,301.325300414121,0.0106306653085744,0.0129252919000766,0.0181619500143499,0.0238900220366913,-0.00753128470577558,-0.0109647301366147,-0.25074706436707,1.11095067061822,1.05441971820221,1.42127718722402,0.88418329685198,1.29285404992305,4,-0.00285505082451447
"PRT",2011,10574536,3112827121.52738,3057620792.94879,294.370090709169,289.14940503761,-0.0559060455618825,-0.0412468864743039,0.00209711609831942,0.00582152923367207,-0.0580031616602019,-0.0470684157079759,-0.225389831383029,1.03726531298596,0.814446660793268,1.33420641879296,0.872292429593278,1.21293428538523,5,0.00253678588345065
"PRT",2012,10531420,2895193799.06415,2830220677.98068,274.91010700021,268.740652065978,-0.0683936270422985,-0.0731967311500785,0.000795119394267907,0.00265209109328168,-0.0691887464365664,-0.0758488222433602,-0.0381158325524823,1.08113850966318,0.71691851352971,1.39462160853371,0.954066786446104,1.24860402670827,6,-0.0081082440777317
"PRT",2013,10473991,2923878200.30605,2881775114.16154,279.156073392277,275.136298490379,0.0153268676607574,0.0235198099296499,0.0078495719989311,0.0050414621375996,0.00747729566182631,0.0184783477920503,0.000518863293477834,0.99291882445708,0.827326710567505,1.27362626873835,0.983188455335672,1.11756400601159,7,0.0132643552145126
"PRT",2014,10419607,2975170532.77283,2914106518.8081,285.535772392647,279.675281304573,0.0225962903406556,0.016362614802893,0.0159654849278255,0.0183743549713968,0.00663080541283012,-0.00201174016850381,-0.0594884657499141,0.867888695982335,0.715561084044213,1.16362917239217,0.794550573390854,1.01003474598626,8,-0.00617034331116143
"PRT",2015,10381838,3066819899.92256,2987369094.97784,295.402403690229,287.749538663369,0.0339711885390486,0.0284612237865343,0.0280472653851263,0.0245583807465763,0.00592392315392232,0.00390284303995792,-0.0469707547326936,0.860976227923265,0.830525244332974,1.12632987665175,0.804450759888294,0.986999647109678,9,0.00033002532303941
"PRT",2016,10356516,3167047699.40271,3095059318.2676,305.802424232504,298.851401211334,0.0346007138400317,0.0378560195912918,0.0168271894449461,0.0144851185438073,0.0177735243950856,0.0233709010474845,-0.0387579499262576,0.737933073264257,0.734051454784218,0.99809061782003,0.706023909458763,0.858406984183527,10,0.00822859923841194
"PRT",2017,10340124,3277307689.47202,3204102493.56961,316.950521045204,309.870799766967,0.0358064556904809,0.0362089717221252,0.0179280727866624,0.0191654966141703,0.0178783829038185,0.0170434751079549,0.00185295717331729,0.75961152337961,0.738938542377244,1.04564996279279,0.705358373139823,0.887524735138323,11,0.00121694692122974
"PRT",2018,10334633,3402549152.76487,3321537162.10114,329.237540681403,321.398656546502,0.038033821729198,0.0365268376309063,0.0159021573282834,0.016908827659889,0.0221316644009146,0.0196180099710173,-0.0279440832536566,0.641815818957301,0.652915397009211,0.951761347804416,0.503772095531297,0.803339427051232,12,-0.000164839037026816
"USA",1993,259918588,112530380152.033,110491429568.992,432.944719413578,425.100145469365,0.00829920510463644,0.00304785590462586,-0.00135462222161831,-0.00166973190616737,0.00965382732625475,0.00471758781079323,-0.0255688242589139,0.540298122746115,1.69430797871157,-0.0105839459429231,2.04829805794047,0.21782664298814,-13,-0.00385049671810887
"USA",1994,263125821,116525469192.908,114666111055.234,442.850757671965,435.784335491855,0.0226227720925802,0.0248227000403141,0.0220913250613259,0.0224786054372377,0.000531447031254295,0.00234409460307639,-0.0465935857100801,0.531560334391318,1.87416371062826,-0.00600677449363962,1.92064503118481,0.245144958379498,-12,0.00152595402266929
"USA",1995,266278393,118828643932.424,117829968355.39,446.257176910423,442.506682678494,0.00766259252305357,0.0153080888268979,0.0196658274612975,0.0181449363020514,-0.012003234938244,-0.00283684747515345,-0.040259556851364,0.675530925472521,2.10401237824973,0.121202642851311,1.9754929022684,0.393495133058406,-11,0.00700282706118849
"USA",1996,269394284,121993439079.531,121598103501.399,452.843457805255,451.375959786137,0.0146510823249626,0.0198450395239895,0.0169687253259871,0.0199157558270775,-0.00231764300102455,-7.07163030879698e-05,-0.0436029292348697,0.780006217763148,2.22330352649867,0.210609682039373,2.06351266559762,0.509785801858263,-10,0.00153758870987401
"USA",1997,272646925,126655118762.725,126847754456.38,464.538959178525,465.245498207545,0.0254989301008406,0.0302646134474092,0.020118714724223,0.0234582751556349,0.00538021537661759,0.00680633829177424,-0.0301961271190473,0.768159997968195,2.25671656205808,0.190186886198476,1.99353139462252,0.495138590477566,-9,0.00176127082179564
"USA",1998,275854104,131774951232.251,132848132517.998,477.697990790997,481.58838527919,0.0279332862784454,0.0345245573549526,0.0166442682700927,0.0190432546603718,0.0112890180083527,0.0154813026945808,-0.00113838723913673,0.742932332765381,2.17317477015521,0.117625554865345,1.93363545095973,0.452161243377145,-8,0.00502191733556471
"USA",1999,279040168,137040459864.908,137897320950.254,491.113737664136,494.18448225079,0.0276970315249114,0.0258191165675878,0.0228857791746693,0.0226003218471122,0.00481125235024216,0.00321879472047559,0.00864632109715402,0.727149515076958,2.03170718114032,0.0164254333551335,1.9171555235634,0.410882009982142,-7,-0.00151040955829934
"USA",2000,282162411,141094644104.264,142942399366.193,500.047627195333,506.596179340816,0.0180276023703314,0.0248053024459134,0.0275917314821177,0.030749892461027,-0.00956412911178628,-0.0059445900151136,0.019768206732255,0.606994636805084,2.10455663587112,0.0177056366810289,1.65187573914172,0.330444749058194,-6,0.00247179302071693
"USA",2001,284968955,141647057658.182,143883736193.101,497.061364660518,504.910214493718,-0.00598985965974119,-0.00333357538554147,0.00429049256645264,0.00495620591270285,-0.0102803522261938,-0.00828978129824431,0.0238352136830927,0.497368413938544,1.87153640924041,0.0169477829554707,1.38754546502495,0.279494239012315,-5,0.000870694883328055
"USA",2002,287625193,144010252574.805,145689815338.225,500.687200146634,506.52661478866,0.00726806647518252,0.00319624839483978,0.00834388227701144,0.00648753469019425,-0.00107581580182892,-0.00329128629535447,0.0210358964259241,0.379090398280578,1.8143296356374,0.0274016616846924,1.08744367072996,0.222945155410788,-4,-0.00266099223521661
"USA",2003,290107933,147608072669.383,148673473515.983,508.803985961261,512.476415169187,0.0160812909466976,0.0116778219901832,0.0122912048671653,0.0116199903834531,0.00379008607953235,5.78316067301188e-05,-0.0101859714552667,0.483687152010876,1.94046655679753,-0.00889035853212006,1.23873296605341,0.301224764531029,-3,-0.00378513827852873
"USA",2004,292805298,153305386533.059,154620614469.051,523.574496705516,528.066314117891,0.0286164792202186,0.0299671799685548,0.0246676474896086,0.0264226761369253,0.00394883173061,0.00354450383162952,-0.0268777235514263,0.555835232579599,1.90091704004126,0.063899441140413,1.31418678819758,0.36993667087375,-2,-0.00042260845267751
"USA",2005,295516599,158251055517.015,159850606172.851,535.506486107791,540.919213045122,0.0225336768017552,0.0240480680187503,0.018590244645126,0.0198301255349689,0.00394343215662918,0.00421794248378138,-0.0716732209482903,0.638703722711102,1.80658087127747,0.154960563650334,1.36435319651879,0.495365952585534,-1,0.000350406418896208
"USA",2006,298379912,162433708033.998,165446535111.301,544.385535022203,554.48282024864,0.0164446978681632,0.0247658851325339,0.0213658475515661,0.0248719015186785,-0.00492114968340296,-0.000106016386144603,-0.0912470030855331,0.643782887040295,1.73328466808482,0.197192926171798,1.25449831864979,0.548993494606221,0,0.00384988056554102
"USA",2007,301231207,165457605271.515,166410611890.858,549.271129373773,552.434834186545,0.00893448009769937,-0.0037003446294932,0.0188083281161457,0.0132610790346419,-0.00987384801844637,-0.0169614236641351,-0.100811307100426,0.70812930997157,1.68121957670272,0.29583327770095,1.19405249305839,0.642909181327249,1,-0.00865715054793342
"USA",2008,304093966,162594880007.82,162088695510.116,534.686308138783,533.021742069409,-0.0269119450224027,-0.0357732640529758,-0.0172992014437723,-0.0221037709787,-0.0096127435786304,-0.0136694930742758,-0.0721542828697807,0.552494790197717,1.5988900165539,0.406915676360315,0.750596400495023,0.592442492236898,2,-0.00535760723530642
"USA",2009,306771529,159951334274.977,159493103111.126,521.402148355747,519.908427066341,-0.0251586131530246,-0.0249095209367107,-0.0355812704632736,-0.034371468752588,0.010422657310249,0.00946194781587728,-0.0941119216443608,0.544650971325404,1.55007748041537,0.313477050279654,0.773884578711537,0.564901648715988,3,-0.000231621775795931
"USA",2010,309327143,163575878419.051,165056194601.866,528.811913602587,533.597514272668,0.0141111959383453,0.0259891419087879,0.0181619500143499,0.0238900220366913,-0.00405075407600464,0.00209911987209654,-0.113271055712751,0.642663556855553,1.81301451801749,0.404123470356338,0.822167736003294,0.68404824702286,4,0.0053224837843633
"USA",2011,311583481,164373393643.951,167136452491.48,527.54206710962,536.409863433934,-0.00240420754371851,0.00525670326388195,0.00209711609831942,0.00582152923367207,-0.00450132364203792,-0.000564825969790128,-0.117435665774164,0.647691933625073,1.75177117177612,0.45686620420378,0.755312917110827,0.722635647087368,5,0.00307149019492967
"USA",2012,313877662,167794832809.804,171783048953.567,534.586729557721,547.293005367062,0.0132653700267449,0.0200857783694417,0.000795119394267907,0.00265209109328168,0.012470250632477,0.01743368727616,-0.0828671606330103,0.589992673080021,1.71110298546082,0.325039589818125,0.727374767027381,0.651001451879511,6,0.00560358414514993
"USA",2013,316059947,171748748665.644,174394315102.249,543.405611169211,551.776068931156,0.0163620427048663,0.0081579739293467,0.0078495719989311,0.0050414621375996,0.00851247070593519,0.0031165117917471,-0.0767251964284906,0.61124614524872,1.84953934674262,0.25469737567996,0.814465944429654,0.639408545662346,7,-0.00515974539355324
"USA",2014,318386329,176290248686.644,180055699993.352,553.699178103354,565.525852064308,0.0187655164788216,0.0246137181774841,0.0159654849278255,0.0183743549713968,0.00280003155099617,0.00623936320608731,-0.0552011492030943,0.58584035224837,1.763755109259,0.219025666269538,0.779878931346138,0.61249181348364,8,0.00321205744441199
"USA",2015,320738994,182950190000,186081380000,570.402082136605,580.164505972105,0.0297199799469849,0.0255556843900147,0.0280472653851263,0.0245583807465763,0.00167271456185869,0.000997303643438308,-0.0667306671330782,0.488881519398136,1.681795830975,0.0891695965402042,0.675702376219657,0.507300990129888,9,-0.00095737981508385
"USA",2016,323071755,185706259826.035,187468586315.049,574.814284913377,580.269192257458,0.0077054864648014,0.000180426138600254,0.0168271894449461,0.0144851185438073,-0.0091217029801447,-0.014304692405207,-0.0614414537559042,0.447354424347444,1.69727893891582,0.0274177249466026,0.632675857528535,0.46871023268327,10,-0.00595767133931588
"USA",2017,325122128,189638053502.948,191814141750.13,583.282518078709,589.975659085653,0.0146246567220789,0.0165891598119039,0.0179280727866624,0.0191654966141703,-0.00330341606458351,-0.00257633680226643,-0.075836093372262,0.510988544824061,1.70462601203331,0.0483976914540408,0.713085870185855,0.525044955455445,11,0.000196936523521906
"USA",2018,326838199,194974694321.372,197116068209.234,596.548062368229,603.099848219497,0.0224881496639702,0.0220014885279927,0.0159021573282834,0.016908827659889,0.0065859923356868,0.00509266086810367,-0.0456335133953361,0.378167890960612,1.5986503634057,0.0486286506039273,0.47013701267749,0.447551535089936,12,-0.00171706305989533
"USA",2019,328329953,199694635682.142,201779249169.793,608.213274047958,614.562416027247,0.019365787887609,0.0188277271124164,0.0144967088861767,0.015257414255065,0.0048690790014323,0.00357031285735143,-0.0634852611273833,0.357349926490492,1.54685475548166,-0.0149831085052793,0.505143914078562,0.411664221459301,13,-0.00153100052223602
