"iso","year","Population","GDP","consumption","GDP_pc","consumption_pc","gdp_log_diff","consumption_log_diff","gdp_log_diff_total","cons_log_diff_total","gdp_dev","cons_dev","EHB_dev","ehb_crude_dev","eq_ehb_crude_dev","debt_ehb_crude_dev","fdi_ehb_crude_dev","eq_debt_ehb_crude_dev","time"
"AUS",1993,17634808,5603968231.65016,4260006923.4832,317.778806077739,241.568092121173,0.0229288388014579,0.00838290418001897,0.00355913800607954,0.0092685860525954,0.0193697007953784,-0.000885681872576427,-0.0320286875207326,0.143399160753927,1.5636949432456,-0.834617137049552,1.86937001289265,-0.350211327749302,-13
"AUS",1994,17805468,5840471491.88773,4439061295.67236,328.015612501044,249.308880601867,0.0317056439584791,0.0315412237406472,0.0196300592920249,0.0155099329799393,0.0120755846664542,0.0160312907607079,-0.0391361538559715,0.114276950828624,1.58066253963556,-0.897164866136696,1.81408615370832,-0.421570448010313,-12
"AUS",1995,18004882,5955200987.43082,4508191023.21693,330.754791252218,250.387146287153,0.00831608257358774,0.00431569314479407,0.020472910301562,0.0107906391874,-0.0121568277279742,-0.0064749460426059,-0.045749242274728,0.198886221298125,1.73649730774935,-0.775177189755927,1.77191154830945,-0.298092618697098,-11
"AUS",1996,18224767,6107355385.64649,4574965473.48329,335.112947432825,251.030121454134,0.0130903426029993,0.00256463253568828,0.0163520186307737,0.0152015878917426,-0.00326167602777439,-0.0126369553560544,-0.0330428418400678,0.272932755190745,1.71016767848438,-0.651885845886674,1.83724740877744,-0.216435765450039,-10
"AUS",1997,18423037,6451270116.27569,4856259750.97712,350.174084559223,263.59713390236,0.0439627837672569,0.0488489919396615,0.0211787694280359,0.0183733040989642,0.0227840143392211,0.0304756878406973,-0.0346578180158259,0.231845440576395,1.66050967718872,-0.65229394863625,1.73015637516077,-0.251823038935821,-9
"AUS",1998,18607584,6750216366.79606,5152889366.38534,362.766943134372,276.924149120345,0.0353301828587824,0.0493217091339497,0.0153836879272493,0.0177190293211185,0.0199464949315331,0.0316026798128313,-0.00439199109854649,0.317926870454974,1.64962394626058,-0.573259001375922,1.74883582915753,-0.169591759238441,-8
"AUS",1999,18812264,7088576716.77848,5383541677.12555,376.806147137765,286.171918336121,0.0379702584865029,0.032849104488486,0.0184010657893667,0.027539513343072,0.0195691926971362,0.00530959114541396,0.00171371400556442,0.318802194386597,1.62747114655511,-0.593721883011129,1.64177961831472,-0.100718285173894,-7
"AUS",2000,19028802,7245292831.84536,5547438635.33703,380.754018663149,291.528527930294,0.010422689688447,0.0185451236849952,0.0267086851510392,0.0292464264872967,-0.0162859954625922,-0.0107013028023015,-0.0199113810565089,0.288718349369573,1.90389178624772,-0.585395440729595,1.47464784031572,-0.0899446034422726,-6
"AUS",2001,19274701,7418443658.46537,5610440036.35872,384.879830741103,291.077928335113,0.0107776113030642,-0.00154684068527455,0.00282782839492945,0.0111333612851228,0.00794978290813475,-0.0126802019703973,-0.0245830014207918,0.451633476473925,1.91290229660599,-0.554045896337641,1.67983508792385,-0.0263098063695999,-5
"AUS",2002,19495210,7648220908.81523,5827152094.70837,392.312824987021,298.901735077918,0.0191283868450141,0.0265238478638103,0.00746056309001464,0.0166252699007625,0.0116678237549994,0.00989857796304783,-0.0278914962453836,0.372674222002056,2.01680747833323,-0.525528700896153,1.45914678664066,-0.0408171309860585,-4
"AUS",2003,19720737,8009564148.30997,6060023661.34907,406.149331452976,307.291946611786,0.0346613589706664,0.0276833877168521,0.0122426031859542,0.0175369218258217,0.0224187557847122,0.0101464658910304,-0.0287920135384329,0.427558239948246,1.8852101342345,-0.459949307003803,1.48727253881337,0.0215626847963351,-3
"AUS",2004,19932722,8381930115.19901,6311156705.79315,420.511062924522,316.622923140811,0.0347498846069882,0.0299132870670435,0.0278181424125457,0.0220289049871001,0.00693174219444259,0.00788438207994346,-0.0175004311819996,0.381129580531691,1.7149791397299,-0.488305570784926,1.4403893685688,-0.025067175155179,-2
"AUS",2005,20176844,8817171787.11359,6559237051.20302,436.994595741217,325.08736506081,0.0384500402510168,0.0263824128424792,0.0204057147758316,0.0199439140545321,0.0180443254751852,0.00643849878794711,-0.056678676555833,0.384094725453447,1.49712350280229,-0.346444953214315,1.36677516788139,0.078771603453911,-1
"AUS",2006,20450966,9277607127.96001,6882797832.5053,453.651290993297,336.551233448107,0.0374079931088334,0.0346564296502683,0.0238893122218427,0.0180221557412876,0.0135186808869907,0.0166342739089806,-0.0566482867724858,0.45264169193854,1.4684717361612,-0.198955677967053,1.30740828714287,0.211703420406684,0
"AUS",2007,20827622,9824285338.51402,7270302549.50743,471.695008605112,349.070217882168,0.0390037871163429,0.0365227079077606,0.0193862487173533,0.0163072852857997,0.0196175383989896,0.0202154226219609,-0.0663659858563157,0.467928250314618,1.42847804430025,-0.174004692599468,1.17542037527561,0.2737694639755,1
"AUS",2008,21249199,10077891746.8752,7300782612.03324,474.271606514448,343.579191480735,0.00544755859256618,-0.0158554713593455,-0.0156616370432081,-0.00332032165566165,0.0211091956357743,-0.0125351497036839,-0.0752547400956606,0.257088089287337,1.39941774910288,-0.199381108193037,0.789704917482191,0.124547239055784,2
"AUS",2009,21691653,10239289837.7014,7600426278.38108,472.038246126352,350.38483597267,-0.00472015488043898,0.0196144538163727,-0.0370957943770671,-0.0119813474816093,0.0323756394966281,0.031595801297982,-0.0451090493813019,0.463089938068066,1.42851421408827,0.0464171017487995,0.921370688113109,0.355256907419192,3
"AUS",2010,22031750,10818690382.6448,7854059775.65629,491.049979354559,356.488239729313,0.0394859013288018,0.0172691693815752,0.018680091453291,0.012915621343093,0.0208058098755108,0.0043535480384822,-0.0513849532657279,0.435428738711973,1.44885072864205,0.0590361068497764,0.877045547157188,0.331305272156973,4
"AUS",2011,22340024,11082281945.774,8040628211.05521,496.072965086071,359.92030317672,0.0101771093737959,0.00958137570364581,0.00497166914332681,0.0015122222546573,0.00520544023046909,0.00806915344898851,-0.0874707254444487,0.345616323397908,1.37184204657995,0.0325892069439129,0.655647525023143,0.315594355966617,5
"AUS",2012,22733465,11164712556.0492,8212415686.82361,491.113543670056,361.247864627043,-0.0100476720365386,0.00368170146485536,0.000972280674887749,-0.00240676684876995,-0.0110199527114263,0.00608846831362531,-0.0635246831478453,0.348596088695619,1.35696225989095,0.0470523342699642,0.614677783098212,0.340903998226245,6
"AUS",2013,23128129,11339642426.0125,8356916700.91969,490.296574617538,361.33129060806,-0.00166488856392366,0.000230911674612422,0.00948247964295756,0.00484595043719782,-0.0111473682068812,-0.0046150387625854,-0.0880130846549603,0.32864259020183,1.46331733635641,0.0460284467153957,0.545689723236564,0.349424953696869,7
"AUS",2014,23475686,11232919223.3975,8464962040.80879,478.491628461784,360.584224921427,-0.0243717469713651,-0.00206967695592475,0.0161275100011373,0.0100824336091501,-0.0404992569725025,-0.0121521105650748,-0.0999986487112349,0.400122082742943,1.47732779565105,0.110997301816264,0.604385819442175,0.421395981727004,8
"AUS",2015,23815995,11294369036.6569,8703296688.38311,474.234607315669,365.439138208717,-0.00893656397286158,0.01337418573475,0.0280406894709007,0.0182793808301733,-0.0369772534437622,-0.00490519509542331,-0.104805436231678,0.518779726429725,1.53755195779733,0.313077947558368,0.655255023128297,0.56269544050174,9
"AUS",2016,24190907,11823659203.0659,8940073899.27818,488.764609076705,369.563402450275,0.0301788501574549,0.0112225667246983,0.0165084684808763,0.0159763175458041,0.0136703816765786,-0.00475375082110574,-0.115594798004772,0.476106488736557,1.58202267873639,0.24767097870437,0.597090690361278,0.530173352294337,10
"AUS",2017,24592588,12151269123.3681,9161278353.56466,494.102903011595,372.521930329767,0.0108627996399084,0.00797359393484953,0.0196787191644132,0.0142299449425103,-0.00881591952450478,-0.00625635100766075,-0.120348150705844,0.439343600489676,1.50583998597799,0.16385660821407,0.587532904832958,0.481002784831456,11
"AUS",2018,24963258,12608580792.3528,9403428138.72049,505.08554581909,376.690740396165,0.0219840114039673,0.0111286240969992,0.0166008972359144,0.013166254346582,0.00538311416805293,-0.00203763024958281,-0.137239285145791,0.394585881918654,1.52280532282361,0.117653321025443,0.522307167133316,0.44672403415381,12
"AUS",2019,25334826,12623354358.9544,9376452092.17336,498.260945583537,370.101302143277,-0.0136038856838825,-0.0176477758109774,0.0130299273747152,0.0116795844928292,-0.0266338130585977,-0.0293273603038067,-0.146249224177613,0.424675861224681,1.56402588566984,0.0715691149252752,0.606569978463464,0.462020995239287,13
"AUT",1993,7905632,3034111143.28736,2278092834.21987,383.791092639697,288.160748466393,-0.0114683434056184,-0.00147136682785298,0.00355913800607954,0.0092685860525954,-0.015027481411698,-0.0107399528804484,0.0825441119127156,0.709007530716996,0.299653079736438,0.875587590718709,0.637386186279334,0.800475032904175,-13
"AUT",1994,7936118,3094064179.42052,2317413900.68115,389.871241760836,292.008498447371,0.0157181603153953,0.0132644272936613,0.0196300592920249,0.0155099329799393,-0.00391189897662958,-0.00224550568627802,0.0450665003862337,0.757134936060331,0.612599639690201,0.926650172210959,0.623611649814609,0.858454481525999,-12
"AUT",1995,7948278,3163270528.64144,2349972173.06534,397.98186835456,295.658024677212,0.0205899120673863,0.0124205582720558,0.020472910301562,0.0107906391874,0.000117001765824298,0.00162991908465582,0.0282128072147516,0.761908554989239,0.661615831182678,0.941728452504932,0.587567042210205,0.868511200499307,-11
"AUT",1996,7959016,3204775434.0382,2401505501.75765,402.659755180566,301.733970852384,0.0116854780440692,0.0203422735562961,0.0163520186307737,0.0152015878917426,-0.00466654058670457,0.0051406856645535,0.00289007553203657,0.776280915210083,0.706450571212899,0.964755396488156,0.602649709113461,0.888357721364269,-10
"AUT",1997,7968041,3272141394.22784,2426091740.39915,410.658202465053,304.477818374573,0.0196693189397275,0.0090525004911024,0.0211787694280359,0.0183733040989642,-0.00150945048830842,-0.0093208036078618,-0.146560379074627,0.844363654745939,1.30308076455963,0.979638011278938,0.793455982458146,0.933440947017795,-9
"AUT",1999,7992323,3486330475.08445,2550166943.16926,436.209907317866,319.077062221992,0.0315003896270154,0.0242348079431451,0.0184010657893667,0.027539513343072,0.0130993238376487,-0.00330470539992689,-0.333756093375052,0.935046730334796,1.58856523190712,1.07953330219798,0.706693890502434,1.03932349386425,-7
"AUT",2000,8011566,3563166108.15344,2597411037.22193,444.75276221321,324.207656433453,0.0193949709395156,0.0159515774380736,0.0267086851510392,0.0292464264872967,-0.0073137142115236,-0.0132948490492231,-0.498670928134556,1.13499462902893,2.28988481727555,1.22716918224233,0.891308161733626,1.23973491015497,-6
"AUT",2001,8042293,3585026881.55455,2616234582.23303,445.771732210521,325.309533267817,0.00228847257632125,0.00339291371772799,0.00282782839492945,0.0111333612851228,-0.0005393558186082,-0.00774044756739478,-0.457335443388261,1.15487315173609,1.91234295064075,1.29319167738154,0.927292001330401,1.26140212270705,-5
"AUT",2002,8080292,3613007552.66916,2609314623.62572,447.138241126578,322.923308170759,0.00306080125366925,-0.00736228010344497,0.00746056309001464,0.0166252699007625,-0.00439976183634538,-0.0239875500042075,-0.331066868300304,1.24996492610456,1.93100431823513,1.38973098200035,1.0794087307892,1.34747791906057,-4
"AUT",2003,8114402,3651059533.23027,2666798698.45218,449.948071740871,328.650059296074,0.00626436890781434,0.0175786761063126,0.0122426031859542,0.0175369218258217,-0.00597823427813982,4.17542804909132e-05,-0.23903730309277,1.28917517382623,1.87110049034869,1.45665775922678,1.06840695585851,1.40714119677759,-3
"AUT",2004,8166432,3732492105.03631,2713831285.77701,457.052982873831,332.315420709682,0.0156671404663813,0.011091045138695,0.0278181424125457,0.0220289049871001,-0.0121510019461644,-0.0109378598484051,-0.200593571856664,1.30364806864686,1.76903849330697,1.47196663660647,1.08965381287836,1.41798857485726,-2
"AUT",2005,8222090,3827791306.63103,2794462497.28582,465.549672483643,339.872525998356,0.0184194783894371,0.0224860435031262,0.0204057147758316,0.0199439140545321,-0.0019862363863945,0.00254212944859411,-0.0846155130912057,1.43393446303553,1.57825640944634,1.50468839018787,1.77442379039647,1.44169006712435,-1
"AUT",2006,8265675,3976434825.25685,2875171063.88917,481.078051732841,347.844678612354,0.0328107278261598,0.0231854305403276,0.0238893122218427,0.0180221557412876,0.00892141560431714,0.00516327479904,-0.0858270241412886,1.5290865252443,1.56141264345486,1.62813589925567,1.83191956221484,1.55683106285288,0
"AUT",2007,8293654,4130218424.64396,2915557094.69532,497.997435707344,351.540719530296,0.0345654011730545,0.01056949526272,0.0193862487173533,0.0163072852857997,0.0151791524557012,-0.00573779002307973,-0.0641446727438972,1.54992746816304,1.35092261458908,1.65234027737394,1.86302769416172,1.55926602559069,1
"AUT",2008,8319388,4138191549.78813,2937676098.12955,497.41538076937,353.112043593777,-0.00116947460325445,0.00445986094209161,-0.0156616370432081,-0.00332032165566165,0.0144921624399537,0.00778018259775326,-0.180426425679109,1.57828236736033,1.2233554472361,1.70188074124074,1.78956789103992,1.61292333528033,2
"AUT",2009,8338752,4038734450.45832,2984563218.50314,484.333201234228,357.91485566463,-0.0266523510681607,0.0135097142551457,-0.0370957943770671,-0.0119813474816093,0.0104434433089065,0.025491061736755,-0.130713624061227,1.50079754615393,1.16922878355563,1.66120230047175,1.68576998018085,1.54106801816954,3
"AUT",2010,8357367,4074551419.34786,3011757552.63596,487.540085214381,360.371580263971,0.00659941098036487,0.00684054175672433,0.018680091453291,0.012915621343093,-0.0120806804729261,-0.00607507958636866,-0.105929608376971,1.46659052140723,1.44021464885879,1.62457077217394,1.62690820771536,1.51652595911633,4
"AUT",2011,8384901,4134280968.39297,3021092129.00072,493.062585758969,360.301466767553,0.0112636016482233,-0.000194577823959818,0.00497166914332681,0.0015122222546573,0.00629193250489646,-0.00170680007861712,-0.159953368770786,1.45665261064055,1.23805208168886,1.61761600648841,1.61106647286899,1.51008984422797,5
"AUT",2012,8420328,4144259832.02526,3033177027.1962,492.173206557423,360.220768976719,-0.00180541439939841,-0.000223998059097674,0.000972280674887749,-0.00240676684876995,-0.00277769507428616,0.00218276878967227,-0.149889527955461,1.46000543115701,1.28133374613185,1.6193428741535,1.62339256002184,1.50819672867643,6
"AUT",2013,8472176,4122058016.86523,3027429806.28445,486.540649871442,357.337926677214,-0.0115102465035752,-0.00803518326136299,0.00948247964295756,0.00484595043719782,-0.0209927261465328,-0.0128811336985608,-0.163967201949145,1.41381395561839,1.38035925397392,1.57823784132931,1.59792211196552,1.45192365702505,7
"AUT",2014,8538350,4169601285.89891,3040798389.88546,488.338061323196,356.134193361184,0.00368746074313808,-0.00337429991825733,0.0161275100011373,0.0100824336091501,-0.0124400492579992,-0.0134567335274074,-0.163268803909494,1.27664076682728,1.24395863690507,1.41432289414047,1.48290106723194,1.29685480441753,8
"AUT",2015,8618709,4282398258.41593,3098066118.10274,496.87235738159,359.458257391302,0.0173252522904574,0.00929044999175499,0.0280406894709007,0.0182793808301733,-0.0107154371804432,-0.00898893083841834,-0.190577795680154,1.27733737872612,1.3228862619377,1.38219300342942,1.49753668282476,1.27774369730389,9
"AUT",2016,8737663,4413079272.70861,3169017778.41699,505.064028300086,362.684825269295,0.0163520430342423,0.0089361497100553,0.0165084684808763,0.0159763175458041,-0.000156425446633968,-0.00704016783574879,-0.106821902625435,1.11923648087832,1.36546986063404,1.2241210933606,1.28884707324589,1.14887633792336,10
"AUT",2017,8790624,4464458763.28959,3209713809.29181,507.865967568353,365.129234203603,0.00553235944492059,0.00671715005634699,0.0196787191644132,0.0142299449425103,-0.0141463597194926,-0.0075127948861633,-0.164951821166485,1.15747780244671,1.40690073345701,1.23625169766827,1.37530090642643,1.16304565770548,11
"AUT",2018,8833192,4566935355.62345,3245616958.03592,517.019822010373,367.434213819412,0.0178636448227349,0.00629293538643427,0.0166008972359144,0.013166254346582,0.00126274758682055,-0.00687331896014776,-0.16828291683908,1.00706725653317,1.29354969008492,1.11441077569959,1.16070680539054,1.04611511588108,12
"AUT",2019,8872344,4644465434.88266,3286562410.71722,523.476708622057,370.427748373735,0.0124113234533505,0.00811412196849925,0.0130299273747152,0.0116795844928292,-0.000618603921364702,-0.00356546252432999,-0.201854799294918,0.963183294103706,1.34889316570234,1.09160560392232,1.08525837703086,1.02973861406824,13
"BEL",1993,10084479,3625608058.55214,2717593589.49567,359.523586548412,269.482795243628,-0.00158748262187824,-0.00356580703800802,0.00355913800607954,0.0092685860525954,-0.00514662062795779,-0.0128343930906034,-0.236370887638032,2.05800704297441,2.92399223932078,2.03114056708735,2.53727529019219,2.0826507884483,-13
"BEL",1994,10115601,3732251133.31549,2777437934.1963,368.959899991655,274.569739770904,0.0259081817029658,0.018700741007768,0.0196300592920249,0.0155099329799393,0.00627812241094095,0.00319080802782867,-0.22686455971786,2.09203467177927,2.94366082652247,2.10324825323772,2.46346865478011,2.13263939074901,-12
"BEL",1995,10136814,3811947217.30556,2834527825.78322,376.04983353799,279.62709247533,0.019033704587117,0.0182516131528265,0.020472910301562,0.0107906391874,-0.001439205714445,0.00746097396542655,-0.184110275755622,2.03865673752575,2.86354532565867,2.0712737675745,2.33426882734094,2.08618900418233,-11
"BEL",1996,10156641,3801764924.73259,2858822563.00804,374.313212875456,281.473231455954,-0.00462875609741253,0.00658044760880472,0.0163520186307737,0.0152015878917426,-0.0209807747281863,-0.00862114028293792,-0.152214145443833,2.0751612483897,2.84123796667911,2.10902339690912,2.4300544552639,2.11769737470391,-10
"BEL",1997,10181246,3912189765.94446,2887799944.96771,384.254517172501,283.639148387899,0.0262122236504805,0.00766547545186924,0.0211787694280359,0.0183733040989642,0.00503345422244461,-0.010707828647095,-0.135874477220344,2.06864856258566,2.85276357564265,2.09043174769767,2.44895869239474,2.09222666688993,-9
"BEL",1998,10203012,4022779159.92966,2977330200.89058,394.273687018075,291.80894826847,0.0257401670848276,0.0283964753862573,0.0153836879272493,0.0177190293211185,0.0103564791575783,0.0106774460651389,-0.112414686610856,2.08479268920335,2.9771604209581,2.05330664517887,2.58275879385557,2.07827461718056,-8
"BEL",1999,10226419,4143795997.83597,3039675740.08308,405.204988944416,297.237551100056,0.0273477793488972,0.0184323530811064,0.0184010657893667,0.027539513343072,0.00894671355953047,-0.00910716026196567,-0.14736029705311,2.04019129273975,2.87730196315488,1.99291047333175,2.53418296621387,2.02097658610691,-7
"BEL",2000,10251251,4275599273.60673,3136253973.90629,417.0807322547,305.938658014158,0.0288867209896493,0.0288529633921799,0.0267086851510392,0.0292464264872967,0.00217803583861009,-0.000393463095116786,-0.119947823459487,2.05831098516671,3.17338749309182,1.95386582663058,2.62675245984267,1.99919169081629,-6
"BEL",2001,10286571,4302093489.10007,3171464450.51914,418.224254622854,308.311141829394,0.00273797738667358,0.00772485595820172,0.00282782839492945,0.0111333612851228,-8.98510082558701e-05,-0.00340850532692105,-0.128899437503809,2.06004761483189,2.98832681373608,1.98464697601631,2.54288308065239,2.01655890339006,-5
"BEL",2002,10332786,4375300910.03839,3223509601.1485,423.4386456894,311.969066343627,0.0123908462154212,0.0117945627506648,0.00746056309001464,0.0166252699007625,0.00493028312540655,-0.0048307071500977,-0.173091640116341,2.0914500061612,2.98799350353307,2.04157328286136,2.51096617601733,2.05207983353884,-4
"BEL",2003,10376131,4432078877.29463,3265459456.89737,427.141761924038,314.708773134935,0.00870732407709163,0.00874364489442669,0.0122426031859542,0.0175369218258217,-0.00353527910886253,-0.00879327693139498,-0.145969685894768,2.14119151310336,2.87286753827808,2.11127834330575,2.55344320528019,2.10991785783796,-3
"BEL",2004,10421136,4582161608.30306,3319262437.84164,439.698858963463,318.512534318872,0.0289741278805034,0.0120141470031818,0.0278181424125457,0.0220289049871001,0.0011559854679577,-0.0100147579839183,-0.0667797376777896,2.10898410782917,2.70111271716061,2.09610296033039,2.49660604586282,2.08388774049095,-2
"BEL",2005,10478620,4656690233.25054,3365964184.11188,444.399189325555,321.22208688853,0.010633152414691,0.00847091491417284,0.0204057147758316,0.0199439140545321,-0.00977256236114066,-0.0114729991403593,-0.0524619663789413,2.10866152854974,2.54048079817,2.1042860943366,2.51395821537108,2.09623166090119,-1
"BEL",2006,10547956,4797760281.26645,3453762066.07415,454.852132609053,327.434250396395,0.023249149291745,0.0191545294000619,0.0238893122218427,0.0180221557412876,-0.00064016293009761,0.00113237365877428,-0.0403130574292261,2.08563036699902,2.39607410735815,2.10957517567129,2.4496302491301,2.09299275907332,0
"BEL",2007,10624835,4979476333.10128,3548452680.07409,468.663874130872,333.977203417662,0.0299134423601366,0.0197854646353335,0.0193862487173533,0.0163072852857997,0.0105271936427833,0.00347817934953376,-0.130973159368006,2.13175684337295,2.28946082658869,2.20133038630312,2.3753015581076,2.16636252895518,1
"BEL",2008,10709108,4878202199.09581,3580133936.5217,455.519002992201,334.307389235565,-0.0284483904129704,0.000988159381199338,-0.0156616370432081,-0.00332032165566165,-0.0127867533697623,0.00430848103686099,-0.207176742148094,2.27157739974869,2.4846025095317,2.21627072421244,2.69469188656483,2.2054587265176,2
"BEL",2009,10796498,4825178191.85276,3663267844.5951,446.920676672451,339.301488741543,-0.0190563130452182,0.0148281626776186,-0.0370957943770671,-0.0119813474816093,0.018039481331849,0.0268095101592278,-0.179412252507807,2.1827341772098,2.21953188369195,2.13737652066745,2.61815288605404,2.08987629213864,3
"BEL",2010,10895591,4932376223.90729,3754115859.33704,452.694693101759,344.553669400498,0.01283680984504,0.0153608081154406,0.018680091453291,0.012915621343093,-0.00584328160825098,0.00244518677234762,-0.142615308100851,2.15488862736848,2.31819243163083,2.06858497481691,2.63440336601291,2.02417718351853,4
"BEL",2011,10993609,4967433609.07982,3762494671.01426,451.847396890304,342.243813747993,-0.0018734262753366,-0.00672647881913147,0.00497166914332681,0.0015122222546573,-0.0068450954186634,-0.00823870107378877,-0.12602782033937,2.15219116566871,2.11686619194568,2.07184470618448,2.61384044941768,2.01805213904114,5
"BEL",2012,11067748,4947466940.35198,3794564710.08649,447.016587326706,342.848853270466,-0.0107488032887684,0.00176630026535474,0.000972280674887749,-0.00240676684876995,-0.0117210839636561,0.00417306711412468,-0.126940966846212,2.12301077646561,2.16582384430554,2.00671553534873,2.5965555285665,1.9694018818292,6
"BEL",2013,11125033,4977275639.68202,3834585258.62575,447.394236015482,344.680798576125,0.000844463643242754,0.00532907820397277,0.00948247964295756,0.00484595043719782,-0.00863801599971481,0.000483127766774949,-0.126528003084431,2.01369668544471,2.29059232418138,1.84353361794787,2.52419916913263,1.83117593633136,7
"BEL",2014,11179778,5090411170.54366,3895196566.05248,455.323099487634,348.41448247474,0.0175671100252872,0.0107740454099448,0.0161275100011373,0.0100824336091501,0.00143960002414989,0.000691611800794689,-0.0921648097922792,1.91224030426869,2.19049435046072,1.72919298357999,2.4113132574001,1.73294862625646,8
"BEL",2015,11238474,5194237985.59496,3947144867.86217,462.183565633107,351.217155270562,0.014954864670929,0.00801189550807546,0.0280406894709007,0.0182793808301733,-0.0130858247999717,-0.0102674853220979,-0.0944046799125608,1.9674017010365,2.27092044765001,1.74609342778366,2.4760271528643,1.76310124219409,9
"BEL",2016,11295003,5252179371.02567,3972740944.39577,465.000263481619,351.72553246739,0.00607583183635718,0.00144642598701061,0.0165084684808763,0.0159763175458041,-0.0104326366445191,-0.0145298915587935,-0.161884354683241,1.91439229800394,2.33092732838164,1.69540790273447,2.39505222235023,1.73320408985312,10
"BEL",2017,11349081,5322170210.72196,4028001232.05328,468.951645575704,354.918713863553,0.00846168979875905,0.00903765408809143,0.0196787191644132,0.0142299449425103,-0.0112170293656542,-0.00519229085441886,-0.188880306314942,1.88512237864378,2.31912399282428,1.64090452703427,2.37850400824622,1.70032769592492,11
"BEL",2018,11403740,5404273484.33821,4094277736.63525,473.903603935043,359.029383047601,0.010504271774419,0.0115154438438676,0.0166008972359144,0.013166254346582,-0.00609662546149536,-0.00165081050271443,-0.197075200835743,1.67808551623049,2.15873942404837,1.46344408614388,2.12580769825337,1.52345770914299,12
"CAN",1993,28684764,8853758477.87584,7219023169.43477,308.65718392788,251.667511346259,0.00956991840728438,0.00210672985109106,0.00355913800607954,0.0092685860525954,0.00601078040120484,-0.00716185620150434,-0.0309463668904408,0.755605976948033,2.11150936864536,-0.118533913091905,2.44756588081567,0.293367274862716,-13
"CAN",1994,29000663,9370806120.96658,7427738639.32216,323.123858270639,256.123063094184,0.0458044879678301,0.0175492272666409,0.0196300592920249,0.0155099329799393,0.0261744286758052,0.00203929428670158,-0.0458226860809742,0.824398027856375,2.26943108209517,0.039308145159382,2.39231067335886,0.411713817079796,-12
"CAN",1995,29302311,9632953129.95077,7464099155.48541,328.74380215099,254.727320158653,0.0172430186835593,-0.00546440388155034,0.020472910301562,0.0107906391874,-0.00322989161800269,-0.0162550430689503,-0.0499942459437599,1.00171955992702,2.4557615675692,0.175220395538403,2.52240814872514,0.554643711273874,-11
"CAN",1996,29610218,9805752220.05217,7568548492.04851,331.16109513453,255.605969940799,0.00732621868853567,0.00344343850339079,0.0163520186307737,0.0152015878917426,-0.00902579994223807,-0.0117581493883518,-0.0497748687523406,1.15586471653209,2.62501944396558,0.251395690956008,2.69417452091838,0.69186119900712,-10
"CAN",1997,29905948,10177794682.6795,7809137713.65543,340.32676986797,261.123229186897,0.0273012946778168,0.0213553595705207,0.0211787694280359,0.0183733040989642,0.00612252524978096,0.0029820554715565,-0.042544254296076,1.17818598875708,2.66501366850356,0.180104043468128,2.71423729232203,0.656030733414193,-9
"CAN",1998,30155173,10451025752.976,8038845431.91791,346.5748895878,266.582633497673,0.0181926829354619,0.0206918265769307,0.0153836879272493,0.0177190293211185,0.00280899500821263,0.00297279725581223,-0.015571520642384,1.20608500271967,2.58569912518049,0.123690544310338,2.71017594794238,0.638100104628733,-8
"CAN",1999,30401286,11008732009.6853,8319064675.40304,362.114024047708,273.641867498731,0.0438602189426529,0.0261359335710436,0.0184010657893667,0.027539513343072,0.0254591531532862,-0.00140357977202843,-0.00320428280144058,1.16110864525274,2.54340523122627,-0.105633024023653,2.6019973524496,0.62581127526243,-7
"CAN",2000,30685730,11760845938.8887,8660743470.13881,383.267595031591,282.240098903914,0.0567742809748779,0.03093792471822,0.0267086851510392,0.0292464264872967,0.0300655958238387,0.00169149823092329,-0.129639488161615,1.06033139930769,2.6827394362702,-0.233693626626655,2.43159519709993,0.499661112262573,-6
"CAN",2001,31020855,11870183367.3086,8855508600.86531,382.651715025539,285.469520452138,-0.00160821154579871,0.0113771416673591,0.00282782839492945,0.0111333612851228,-0.00443603994072816,0.00024378038223638,-0.166736956016819,1.00168905271319,2.58894445844712,-0.211733505176774,2.25267490175053,0.499591248585046,-5
"CAN",2002,31359199,12106520658.0077,9175514941.66752,386.059626650785,292.594046859026,0.008866615508488,0.0246508778055254,0.00746056309001464,0.0166252699007625,0.00140605241847336,0.00802560790476292,-0.0507957191650537,0.849698254515218,2.57000831204022,-0.287375165383,2.0129134250405,0.3589443867936,-4
"CAN",2003,31642461,12384101148.7746,9358849725.40576,391.376042109197,295.768705392598,0.0136770116065712,0.0107916054546022,0.0122426031859542,0.0175369218258217,0.00143440842061704,-0.00674531637121945,-0.129389819189284,0.896934014351178,2.46951118210727,-0.301658309608878,2.03702430632535,0.407748020850927,-3
"CAN",2004,31938807,12943011648.205,9595358110.75356,405.244054613717,300.429446558651,0.0348206472679449,0.0156351914113495,0.0278181424125457,0.0220289049871001,0.00700250485539922,-0.00639371357575058,-0.115781069794146,0.880128864884393,2.2975264205205,-0.348461953060476,2.05598127112799,0.34918278994619,-2
"CAN",2005,32242732,13476657046.0548,9889315586.06162,417.975035305779,306.714567055348,0.0309322169941915,0.0207046265150534,0.0204057147758316,0.0199439140545321,0.0105265022183598,0.00076071246052134,-0.117880341140627,0.884099459990249,2.05450852527756,-0.266361889654895,2.04973793328084,0.409462826575879,-1
"CAN",2006,32571193,13909321663.1178,10246484553.2524,427.043665951009,314.587327312586,0.0214645635882071,0.0253441418103968,0.0238893122218427,0.0180221557412876,-0.00242474863363551,0.00732198606910917,-0.144307946949773,0.799295048543317,1.92267716964708,-0.234751868516812,1.80391037920064,0.43338623096515,0
"CAN",2007,32888886,14355679705.3756,10620135229.2377,436.490299652459,322.909545468877,0.0218798818337476,0.0261105311072205,0.0193862487173533,0.0163072852857997,0.00249363311639428,0.00980324582142078,-0.107238204029325,0.827641074999052,1.81440613184777,-0.128692575533793,1.70023675204181,0.500741081890528,1
"CAN",2008,33247298,14728872154.2775,10925983905.2858,443.009598983878,328.627725034551,0.0148252859312494,0.017553336232349,-0.0156616370432081,-0.00332032165566165,0.0304869229744575,0.0208736578880107,-0.139495786157358,0.630531590328415,1.81596163112355,-0.0606821020819146,1.31850139181562,0.380009710639575,2
"CAN",2009,33630069,13925350061.2114,11075877252.3868,414.074382696371,329.344470045149,-0.0675458119099375,0.002178649187492,-0.0370957943770671,-0.0119813474816093,-0.0304500175328704,0.0141599966691013,-0.10192222277909,0.803403593061499,1.78014233231172,0.0933901864585816,1.45798387090415,0.53917381976331,3
"CAN",2010,34005902,14506945700.1268,11384141319.9396,426.600820649509,334.769573821027,0.0298031036976516,0.0163382313802556,0.018680091453291,0.012915621343093,0.0111230122443606,0.0034226100371626,-0.0930687694207794,0.790271272314432,1.91015127812397,0.0814546374831304,1.40097927438628,0.552451966413328,4
"CAN",2011,34339221,15010354847.523,11565270764.277,437.119841697138,336.79479113044,0.024358665059375,0.00603136066901477,0.00497166914332681,0.0015122222546573,0.0193869959160482,0.00451913841435747,-0.109352619150579,0.731055179544423,1.87295303030696,0.134022169016486,1.19647956650242,0.593961723998913,5
"CAN",2012,34713395,15229130068.4356,11738358992.395,438.710476703175,338.150705005804,0.00363229434164136,0.0040178524256671,0.000972280674887749,-0.00240676684876995,0.00266001366675361,0.00642461927443705,-0.0996603571412298,0.739723679019713,1.8714124426445,0.155894942111752,1.1486039464797,0.63728848204236,6
"CAN",2013,35080992,15707235812.8772,12041996408.3397,447.742065357706,343.262710710681,0.0203776305053687,0.0150044055283516,0.00948247964295756,0.00484595043719782,0.0108951508624111,0.0101584550911538,-0.138347338308736,0.803535877172683,2.04044475492249,0.119241295147867,1.25079940458301,0.673914379157248,7
"CAN",2014,35434066,16164082665.4825,12294859736.4974,456.173521420954,346.978518821334,0.0186559469236922,0.0107667981787483,0.0161275100011373,0.0100824336091501,0.00252843692255489,0.000684364569598195,-0.148030170382064,0.87152260797047,2.0609986087358,0.224720346271925,1.27160411248581,0.77102572819012,8
"CAN",2015,35704498,15948509745.6656,12549377344.6727,446.680688401378,351.478890549664,-0.0210292708358271,0.012886781495471,0.0280406894709007,0.0182793808301733,-0.0490699603067277,-0.00539259933470237,-0.217321229406637,1.00170274192186,2.15911602044359,0.393887419106604,1.37975198076907,0.902646476329464,9
"CAN",2016,36110803,16001078791.7581,12726021462.9211,443.110578066018,352.415908971094,-0.00802464494306765,0.00266238357082837,0.0165084684808763,0.0159763175458041,-0.0245331134239439,-0.0133139339749757,-0.18953156545736,1.06882101535258,2.25355847863209,0.476500147773144,1.44044891998704,0.974445588466627,10
"CAN",2017,36545075,16644584719.6102,13095886643.4163,455.453565757088,358.348878567531,0.0274744194614387,0.0166949953186872,0.0196787191644132,0.0142299449425103,0.00779570029702548,0.00246505037617695,-0.215523334066022,1.12957390421258,2.25784146897283,0.5213780153324,1.49722318332875,1.0426876572446,11
"CAN",2018,37072620,16997982311.8343,13355019342.3412,458.505018308237,360.239425817252,0.00667746644687117,0.00526184910095928,0.0166008972359144,0.013166254346582,-0.00992343078904323,-0.00790440524562275,-0.230513045867209,1.04610015065188,2.19751050303081,0.559155022727434,1.34184699049844,1.00324328783701,12
"CAN",2019,37618495,17253838375.5626,13530123677.9386,458.653074121189,359.666798949257,0.000322857783102037,-0.00159083772041591,0.0130299273747152,0.0116795844928292,-0.0127070695916132,-0.0132704222132451,-0.204506601846549,1.16250310229003,2.12696009288456,0.624500595145789,1.62376215498713,1.02009667767548,13
"CHE",1993,6938265,3767339609.23984,2545032197.93963,542.980069115239,366.81103963882,-0.0198087528206026,-0.0197029131708062,0.00355913800607954,0.0092685860525954,-0.0233678908266821,-0.0289714992234016,-0.322629233714774,2.15503937636939,3.11076730723642,2.08425882681163,2.75982308518123,2.15762221729774,-13
"CHE",1994,6993795,3827745496.51494,2557383691.72057,547.305932832595,365.664662993492,0.00793532414311038,-0.00313014500605568,0.0196300592920249,0.0155099329799393,-0.0116947351489145,-0.018640077985995,-0.325398656810506,2.18778271357777,3.23265773032256,2.11663604588323,2.78189869152888,2.18821127094268,-12
"CHE",1995,7040687,3806025099.91341,2559456501.21767,540.575813115028,363.523687563113,-0.0123730462491825,-0.00587223199885756,0.020472910301562,0.0107906391874,-0.0328459565507444,-0.0166628711862575,-0.279093060282511,2.19022637371638,3.29768344638209,2.10424539174131,2.7805372369352,2.18053529782414,-11
"CHE",1996,7071851,3805392542.40098,2593967889.15026,538.104174197247,366.801830122023,-0.00458271827138557,0.00897726971146984,0.0163520186307737,0.0152015878917426,-0.0209347369021593,-0.0062243181802728,-0.305168029431356,2.29342753125764,3.40991725256704,2.23151508557587,2.78174305208929,2.31060630113637,-10
"CHE",1997,7088906,3846585252.79719,2637333316.24056,542.620434351534,372.03671712399,0.00835788582684316,0.0141708215512351,0.0211787694280359,0.0183733040989642,-0.0128208836011927,-0.00420248254772915,-0.2473482618823,2.42390918421524,3.6392340668907,2.33225931681811,2.91193907445976,2.42526282145294,-9
"CHE",1998,7110002,3945266911.12158,2689211906.60548,554.889704830122,378.229416335674,0.0223593043799912,0.016508381691513,0.0153836879272493,0.0177190293211185,0.00697561645274192,-0.00121064762960543,-0.244742601618254,2.46295660591771,3.61951925259357,2.41246391714173,2.80076233267727,2.49243001255342,-8
"CHE",1999,7143991,3989139801.57528,2741316291.99206,558.390933243797,383.723368631351,0.0062899503275684,0.0144209657498022,0.0184010657893667,0.027539513343072,-0.0121111154617983,-0.0131185475932698,-0.267140170345596,2.35341507066857,3.46668503050131,2.26079183387897,2.71320265485857,2.36578753062744,-7
"CHE",2000,7184250,4129399915.96182,2796776838.39636,574.785108530719,389.292805567228,0.028936932361864,0.0144098752221611,0.0267086851510392,0.0292464264872967,0.00222824721082482,-0.0148365512651356,-0.245104435301686,2.45816597461625,3.77125129740731,2.37185771739499,2.80802335533673,2.46001545444569,-6
"CHE",2001,7226647,4199415826.42502,2848601889.02077,581.101557392387,394.180300908675,0.0109292925032323,0.0124766471307884,0.00282782839492945,0.0111333612851228,0.00810146410830281,0.00134328584566568,-0.394671678080683,2.39393194516028,3.59006604104776,2.2864537155211,2.76408462675845,2.38379652528664,-5
"CHE",2002,7284754,4169347435.21075,2837203126.69295,572.338809959918,389.471370851088,-0.0151943980245761,-0.0120180608413909,0.00746056309001464,0.0166252699007625,-0.0226549611145908,-0.0286433307421534,-0.269263318661122,2.39152039990072,3.53851788547754,2.33325132027751,2.69232807716834,2.38832765932774,-4
"CHE",2003,7339002,4179811977.92438,2870271235.78228,569.534110758436,391.098304072173,-0.00491246405954993,0.0041685851482578,0.0122426031859542,0.0175369218258217,-0.0171550672455041,-0.0133683366775639,-0.332789786017434,2.343266128514,3.43727792599373,2.27749234534517,2.6301983160683,2.35161713258533,-3
"CHE",2004,7389626,4272144033.73125,2917181000.23954,578.127233195733,394.767069434846,0.0149752940145529,0.00933694787801365,0.0278181424125457,0.0220289049871001,-0.0128428483979928,-0.0126919571090864,-0.341490915250725,2.28937298533206,3.29090010903107,2.20122711560296,2.62502020278898,2.28090069734894,-2
"CHE",2005,7437116,4388650541.23948,2960964340.14654,590.101128076997,398.133408184912,0.0204999546479137,0.00849125223537683,0.0204057147758316,0.0199439140545321,9.42398720820137e-05,-0.0114526618191553,-0.347112744314647,2.31207258604439,3.01787538160356,2.24599422185952,2.69847420390433,2.30570640102252,-1
"CHE",2006,7483935,4618334716.73933,3010940546.2027,617.099789982052,402.320510026169,0.0447368192642763,0.0104619140124322,0.0238893122218427,0.0180221557412876,0.0208475070424337,-0.00756024172885539,-0.31888319273818,2.28120954223546,2.8465641048706,2.22115903650695,2.68528261832743,2.27428081800372,0
"CHE",2007,7551117,4885150513.07336,3094524195.502,646.944089605995,409.810124184541,0.047229130942009,0.0184448811083726,0.0193862487173533,0.0163072852857997,0.0278428822246557,0.00213759582257289,-0.333591163326038,2.37225699089662,2.73612793300688,2.39177053283957,2.61644992288942,2.40663804635106,1
"CHE",2008,7647676,4956319219.72475,3130122269.64254,648.081746627963,409.29064851107,0.00175696466092212,-0.00126840496416225,-0.0156616370432081,-0.00332032165566165,0.0174186017041302,0.0020519166914994,-0.326096188921028,2.27759981122083,2.70369706946937,2.25239655819574,2.58612850142342,2.26986565594588,2
"CHE",2009,7743832,4907087751.3105,3193139307.96195,633.676938150324,412.346149549984,-0.0224775773097337,0.00743762969610984,-0.0370957943770671,-0.0119813474816093,0.0146182170673335,0.0194189771777191,-0.378765305719735,2.18163766691118,2.50933865275961,2.15301968805748,2.50466575932197,2.15487297059496,3
"CHE",2010,7824910,5055147163.71331,3241003527.74347,646.03262704789,414.190518196819,0.0193107454836206,0.00446289143617395,0.018680091453291,0.012915621343093,0.00063065403032958,-0.00845272990691903,-0.335672564969098,2.18675174347905,2.63077723012522,2.09239079894121,2.59455968615249,2.10495913180107,4
"CHE",2011,7912396,5119908407.15518,3271600028.40809,647.074338437457,413.47779211355,0.00161117624870677,-0.00172225093207157,0.00497166914332681,0.0015122222546573,-0.00336049289462004,-0.00323447318672887,-0.359837754113708,2.10336926830248,2.4755527551575,1.99764136597504,2.49216866061015,2.02258243943024,5
"CHE",2012,7996861,5224120989.41106,3338462963.33777,653.271451061992,417.471675866039,0.00953155628619218,0.00961289383247088,0.000972280674887749,-0.00240676684876995,0.00855927561130443,0.0120196606812408,-0.430775021648074,2.10989834903884,2.48153786263487,1.99952857354678,2.4889520683419,2.02917109902587,6
"CHE",2013,8089346,5330037413.26915,3410591101.19778,658.895961832903,421.615183872439,0.00857290794339693,0.00987631170384518,0.00948247964295756,0.00484595043719782,-0.00090957169956063,0.00503036126664735,-0.404550586498944,2.07356301646174,2.59865983190582,2.00603500371629,2.40216751657527,2.02856814778106,7
"CHE",2014,8188646,5433255891.15442,3446637690.07113,663.510901699062,420.904468219915,0.00697963497961318,-0.00168711986560588,0.0161275100011373,0.0100824336091501,-0.00914787502152414,-0.0117695534747559,-0.397581526134493,1.99981893060431,2.48354696821279,1.9006909610248,2.34802704701083,1.93547012393846,8
"CHE",2015,8282398,5501067945.76254,3516273626.90375,664.187828906862,424.547773109159,0.00101970010342001,0.00861864754388808,0.0280406894709007,0.0182793808301733,-0.0270209893674807,-0.00966073328628525,-0.373899249484342,2.04773184377479,2.49578744641105,1.90248883142991,2.44097289061505,1.93765200760822,9
"CHE",2016,8373334,5596388634.06432,3573076299.00456,668.358462001434,426.720861607164,0.00625966503575803,0.00510554043644706,0.0165084684808763,0.0159763175458041,-0.0102488034451182,-0.010870777109357,-0.420330595185538,2.09070639020966,2.55574120254215,1.91254727561783,2.5201070873371,1.9524530658836,10
"CHE",2017,8451834,5626827063.898,3628177599.79827,665.752198149893,429.276959272777,-0.00390712291701778,0.00597222376206474,0.0196787191644132,0.0142299449425103,-0.023585842081431,-0.00825772118044554,-0.387866612826013,2.09666947685032,2.53659196888029,1.91270128117893,2.53749310018652,1.95548570099877,11
"CHE",2018,8514327,5803274805.97581,3639729781.12575,681.589373531908,427.482968545342,0.0235098584647293,-0.00418785540995259,0.0166008972359144,0.013166254346582,0.0069089612288149,-0.0173541097565346,-0.402209764402888,2.03395076069764,2.48875498305857,1.80491057533406,2.50249469489785,1.861517918848,12
"CHE",2019,8575280,5841503289.09531,3670481585.74529,681.2026300127,428.030523288486,-0.000567575284539323,0.00128006121034385,0.0130299273747152,0.0116795844928292,-0.0135975026592545,-0.0103995232824854,-0.373262097936148,1.99612478093537,2.46405379439131,1.75530817124145,2.49872298892857,1.81902463433783,13
"CHL",1993,13956766,1311847461.81802,952471232.303724,93.9936559671502,68.2444079311585,0.0329679852738938,0.0477464239823293,0.00355913800607954,0.0092685860525954,0.0294088472678142,0.0384778379297339,0.0672699207494738,-0.492167447662986,-0.200287247843637,-0.426681188861242,-0.104752527716099,-0.45330647120562,-13
"CHL",1994,14171821,1401132349.02613,999137373.583099,98.8674884495177,70.5016930134172,0.0505531627514086,0.0325412282709863,0.0196300592920249,0.0155099329799393,0.0309231034593838,0.017031295291047,0.0614659042436876,-0.363078932339423,0.274954870077237,-0.394006639765672,0.33857497203358,-0.386240456804224,-12
"CHL",1995,14381249,1565660169.02191,1083547904.4682,108.868163608175,75.3444922946681,0.0963571889691979,0.0664341035350713,0.020472910301562,0.0107906391874,0.0758842786676359,0.0556434643476713,0.0601402468948997,-0.332211333115794,0.23678048488609,-0.354191226524426,0.344472871108876,-0.362936932038466,-11
"CHL",1996,14584947,1593186790.18536,1149303340.92246,109.235007174545,78.8006525441925,0.00336394845605259,0.0448504504075515,0.0163520186307737,0.0152015878917426,-0.0129880701747211,0.0296488625158089,0.0572063665393009,-0.257987246410245,0.252888910777501,-0.324264157722488,0.591173941380077,-0.334400805027273,-10
"CHL",1997,14782706,1665760076.31992,1207409933.28574,112.683028149239,81.6771931529819,0.0310772260730214,0.0358535314738555,0.0211787694280359,0.0183733040989642,0.00989845664498556,0.0174802273748913,0.0531621198406852,-0.489014264304689,0.640463008856467,-0.820292694385498,0.611422018726445,-0.693364350585826,-9
"CHL",1998,14974898,1663893168.96709,1246760632.33542,111.112153750035,83.25670280595,-0.0140387311787773,0.0191538304839733,0.0153836879272493,0.0177190293211185,-0.0294224191060266,0.00143480116285488,0.00729138482250125,-0.149453186589834,1.36587476250305,-0.568815324742996,0.734603796636369,-0.280046177433479,-8
"CHL",1999,15162353,1640888216.83297,1239312123.54356,108.22121189455,81.7361344603678,-0.0263626947661102,-0.018432453460413,0.0184010657893667,0.027539513343072,-0.0447637605554769,-0.045971966803485,-0.0108994084431997,0.238631576844209,1.75461405921078,-0.214568873863481,0.938372257122729,0.159269743442151,-7
"CHL",2000,15343326,1734356348.98125,1295801101.94194,113.036531256733,84.4537293896997,0.0435336613385759,0.0327076168541787,0.0267086851510392,0.0292464264872967,0.0168249761875368,0.00346119036688197,0.00689628517428387,0.0944577653799875,1.69321274428483,-0.391184443411286,0.954571766087624,-0.0794374365446269,-6
"CHL",2001,15520049,1801289218.66624,1339419398.76013,116.062083223206,86.3025238361125,0.0264141962131985,0.021655039377344,0.00282782839492945,0.0111333612851228,0.0235863678182691,0.0105216780922213,-0.00664037868448886,0.170046485497246,1.75912777605876,-0.396792316236086,1.00022775747569,-0.0152080549054465,-5
"CHL",2002,15691701,1874421378.58834,1384466812.72974,119.453039449856,88.2292373994212,0.0287980706836439,0.0220795552953454,0.00746056309001464,0.0166252699007625,0.0213375075936293,0.00545428539458293,-0.0281266063534487,0.118041888574088,2.00385955518087,-0.587878590762977,0.905260394567468,-0.0794639446742764,-4
"CHL",2003,15856977,1991405779.10535,1437244051.98786,125.585461787915,90.6379603115939,0.0500631784168091,0.0269347154131641,0.0122426031859542,0.0175369218258217,0.0378205752308549,0.00939779358734238,-0.0609208553670242,0.428372916662198,2.36651062086666,-0.322666817158669,0.991978282701667,0.339388990279259,-3
"CHL",2004,16022133,2249815654.17247,1558551554.48854,140.419234703174,97.2749105558253,0.111645984280197,0.07066798608746,0.0278181424125457,0.0220289049871001,0.0838278418676515,0.0486390811003599,-0.0572871895888241,0.358282235635149,2.16594053600807,-0.361057563883259,0.918498344850235,0.268806641381505,-2
"CHL",2005,16183489,2475128187.50865,1694069047.59418,152.941568255686,104.678851859088,0.0854234601033497,0.0733560101277186,0.0204057147758316,0.0199439140545321,0.065017745327518,0.0534120960731865,-0.0913601403195044,0.360578187001141,1.94603978241418,-0.409473580143535,0.934205702653241,0.28672979559096,-1
"CHL",2006,16347890,2852292070.17889,1819590240.80197,174.474630681934,111.304287024318,0.13172340653994,0.0613706657785702,0.0238893122218427,0.0180221557412876,0.107834094318098,0.0433485100372826,-0.0934231271117031,0.260865677025,1.70528149286048,-0.345756529425433,0.644235953117025,0.261417061020365,0
"CHL",2007,16517933,3019269211.83564,1943482403.91156,182.787350683384,117.658934923126,0.0465441108894895,0.0555222819592354,0.0193862487173533,0.0163072852857997,0.0271578621721362,0.0392149966734356,-0.105811294643673,0.413377752328909,1.79350345045562,-0.169362132260381,0.585771458720655,0.47149410817976,1
"CHL",2008,16697754,2891408319.37054,2008214989.25527,173.161511384737,120.268569608539,-0.0540987082600255,0.0219372648449436,-0.0156616370432081,-0.00332032165566165,-0.0384370712168174,0.0252575865006053,-0.0654625668328651,0.359280791647622,1.69531354567271,-0.0920390934363875,0.753087957578544,0.309073904346916,2
"CHL",2009,16881078,2950955309.45015,2051939498.84136,174.80846362123,121.552634188489,0.00946613014376041,0.01062005009004,-0.0370957943770671,-0.0119813474816093,0.0465619245208275,0.0226013975716493,-0.0957142826891151,0.471881578000942,2.02489692336342,-0.316426224758471,0.681370303587379,0.501222291485983,3
"CHL",2010,17063927,3353007412.11774,2318075649.77711,196.496821166531,135.846552190308,0.116955372973865,0.111178583843673,0.018680091453291,0.012915621343093,0.0982752815205741,0.0982629625005798,-0.0782099047209234,0.46975181514017,2.16988384677149,-0.31476006241513,0.578123103272261,0.54169204619109,4
"CHL",2011,17254159,3558913705.94192,2507460608.29464,206.264107450379,145.324997196017,0.0485111687261464,0.067446638276544,0.00497166914332681,0.0015122222546573,0.0435394995828196,0.0659344160218867,-0.0777797502637898,0.414628346008995,1.88591788228036,-0.271044899192528,0.669722344840979,0.416381880306505,5
"CHL",2012,17443491,3695675132.06753,2648823870.33248,211.865568197761,151.85170619416,0.0267945386280344,0.0439318331855718,0.000972280674887749,-0.00240676684876995,0.0258222579531466,0.0463386000343418,-0.0505838732914599,0.425626200320712,1.82138104678024,-0.316294028507123,0.715535654700207,0.403631827709089,6
"CHL",2013,17611902,3835621097.47445,2818084594.8259,217.785739295759,160.010235965763,0.0275597709477644,0.0523333604951279,0.00948247964295756,0.00484595043719782,0.0180772913048068,0.0474874100579301,-0.112691968826087,0.388201591406707,1.87301277924693,-0.394332192369087,0.675205184733129,0.369112772245044,7
"CHL",2014,17787617,3946668928.78871,2939034180.09289,221.877327850533,165.229225482699,0.0186129196845091,0.0320959671682202,0.0161275100011373,0.0100824336091501,0.00248540968337174,0.0220135335590701,-0.143449803689937,0.504809385137986,1.92036467382362,-0.25368808847567,0.763962976896024,0.495720297047044,8
"CHL",2015,17971423,4054996797.28348,3056150260.68599,225.635821786816,170.05610856113,0.0167976396396501,0.028794677813444,0.0280406894709007,0.0182793808301733,-0.0112430498312506,0.0105152969832707,-0.179435757683277,0.508290446474226,1.88418611228366,-0.272528197297003,0.796675766570881,0.468841995383367,9
"CHL",2016,18167147,4156871425.42173,3180121144.57866,228.812560685601,175.047911737526,0.0139808645651938,0.0289312848543144,0.0165084684808763,0.0159763175458041,-0.00252760391568252,0.0129549673085103,-0.153780142036618,0.475577842814972,1.82458301321612,-0.265784418042816,0.79998487056771,0.413952560801089,10
"CHL",2017,18419192,4322388508.38723,3316427591.04764,234.667650371809,180.052827021274,0.0252671033062724,0.0281905734743635,0.0196787191644132,0.0142299449425103,0.00558838414185914,0.0139606285318532,-0.127824432047139,0.400142552116394,1.75450477770127,-0.405829753957735,0.668278760869374,0.377113187244894,11
"CHL",2018,18751405,4457789625.24132,3428748240.48174,237.730966039149,182.852871050555,0.0129693800934376,0.0154315548593011,0.0166008972359144,0.013166254346582,-0.00363151714247678,0.00226530051271912,-0.126162112464455,0.300732030740231,1.69288368432634,-0.537923126881723,0.595640924089165,0.25841469018943,12
"CHL",2019,19107216,4486895688.5582,3451183181.70905,234.827286641769,180.621979764559,-0.0122893460247973,-0.0122755084429587,0.0130299273747152,0.0116795844928292,-0.0253192733995125,-0.0239550929357879,-0.208304909930772,0.342976342387207,1.69481873269741,-0.516991952779453,0.657095236685145,0.305421390871175,13
"CZE",1993,10330607,2129293795.9809,1514606491.86138,206.115071068032,146.613504110783,0.000998004140087438,-0.0128283586100588,0.00355913800607954,0.0092685860525954,-0.0025611338659921,-0.0220969446626542,-0.210730820942071,0.357545717564963,-0.73384856072941,0.617491354343374,-1.5508686907499,0.520360335684855,-13
"CZE",1994,10336162,2237092908.75993,1581699935.90093,216.433615181334,153.025846141046,0.0488492628350743,0.0428069355885627,0.0196300592920249,0.0155099329799393,0.0292192035430494,0.0272970026086234,0.0117193664502258,0.207456475239392,-0.549133808563376,0.465565087179029,-1.28630736474199,0.373312064776696,-12
"CZE",1995,10330759,2378818879.74757,1645855636.3958,230.265644542436,159.316042160677,0.0619497456378637,0.0402830797783107,0.020472910301562,0.0107906391874,0.0414768353363018,0.0294924405909107,-0.0182316210142924,-0.0278376890738783,-0.0988365530865618,0.222505170037364,-1.55891430823722,0.147350216112373,-11
"CZE",1996,10315353,2504208802.09692,1727138561.26446,242.765206590304,167.433781593753,0.0528611294952199,0.0496980234011941,0.0163520186307737,0.0152015878917426,0.0365091108644462,0.0344964355094515,0.0146785162459796,0.0201790298518609,-0.200968650153007,0.28367361827456,-1.32110990748621,0.196593310446473,-10
"CZE",1997,10303642,2483723951.9136,1773917609.42817,241.053013285361,172.164134723254,-0.00707786677914868,0.0278603541010609,0.0211787694280359,0.0183733040989642,-0.0282566362071845,0.00948705000209671,0.0379802981103041,0.0909241151935969,-0.79332428960222,0.381387940013427,-1.30529600902873,0.26339351359883,-9
"CZE",1998,10294943,2454721237.619,1707696824.95536,238.439517112334,165.877249146048,-0.0109012002847972,-0.037200241589221,0.0153836879272493,0.0177190293211185,-0.0262848882120466,-0.0549192709103394,0.058141621189533,0.0819033692847035,-1.01832510955872,0.40717563029782,-1.19128075303677,0.262276687056976,-8
"CZE",1999,10282784,2512427347.00665,1777050270.61528,244.333377712364,172.818010240736,0.0244179136977039,0.0409910250256722,0.0184010657893667,0.027539513343072,0.00601684790833712,0.0134515116826002,-0.039084125561496,0.00159970627729622,0.029875633299449,0.30986327546147,-1.47627745404925,0.181202468227684,-7
"CZE",2000,10272503,2562429450.24716,1794185402.00904,249.44548083823,174.65902925597,0.0207067827878893,0.0105965921941831,0.0267086851510392,0.0292464264872967,-0.0060019023631499,-0.0186498342931136,-0.116271938890794,0.00649814354752032,0.576873204454743,0.295029794705927,-1.53125482454009,0.195187871708466,-6
"CZE",2001,10224192,2644032238.47996,1831974823.14505,258.605495522772,179.180401066905,0.0360633395272068,0.0255574564501337,0.00282782839492945,0.0111333612851228,0.0332355111322773,0.014424095165011,-0.142335580956961,0.00511850317439799,0.169989893873939,0.305081994017049,-1.28548454670513,0.196098084473237,-5
"CZE",2002,10200774,2707682575.2692,1918072562.79253,265.438933875919,188.032061370297,0.0260810928263773,0.0482193619801885,0.00746056309001464,0.0166252699007625,0.0186205297363626,0.031594092079426,-0.16779645719042,-0.255536357076142,0.527935568411964,-0.0239921013829105,-1.37335297149371,-0.0650841352891214,-4
"CZE",2003,10201651,2833202804.53331,2038847177.09468,277.720028310448,199.854629127646,0.0452287038307464,0.0609777604060602,0.0122426031859542,0.0175369218258217,0.0329861006447922,0.0434408385802385,-0.0115476849664353,-0.353768355912078,-0.350332138833181,-0.0519541839292437,-1.21783674396219,-0.163977741145701,-3
"CZE",2004,10206923,3004846068.55589,2089892916.85919,294.392939826811,204.752491701876,0.0583018911767361,0.0242116442437021,0.0278181424125457,0.0220289049871001,0.0304837487641905,0.00218273925660206,-0.0254251852005707,-0.245591760522151,-0.100308111325623,-0.0415661712908038,-0.457419101065139,-0.131593508841392,-2
"CZE",2005,10234092,3141824519.25048,2148629430.4265,306.995922965172,209.948223098493,0.0419190622546539,0.0250590515002678,0.0204057147758316,0.0199439140545321,0.0215133474788223,0.00511513744573566,-0.0623939356151557,-0.232278767210426,0.0412500311600059,-0.0680709272117108,-0.315700961554254,-0.126376752954763,-1
"CZE",2006,10266646,3289446610.25065,2210421145.26514,320.401288819216,215.301194300957,0.0427397704627248,0.0251770078593649,0.0238893122218427,0.0180221557412876,0.0188504582408822,0.00715485211807732,-0.101614332411181,-0.26888505741546,0.113648357422054,-0.130667654937577,-0.297853445223064,-0.154669210570179,0
"CZE",2007,10322689,3493876028.19609,2287386273.52841,338.465687399483,221.588219264226,0.054848482877432,0.0287828397920267,0.0193862487173533,0.0163072852857997,0.0354622341600788,0.0124755545062269,-0.057042027057087,-0.235459065113871,0.103057752841092,-0.138911100839286,-0.172517822187691,-0.145197017145935,1
"CZE",2008,10429692,3439110865.73577,2298597123.31782,329.742322758503,220.389741453325,-0.0261112112750936,-0.00542326022952455,-0.0156616370432081,-0.00332032165566165,-0.0104495742318855,-0.0021029385738629,-0.071491650610777,-0.274723361837596,0.0961119552012755,-0.211746948696491,-0.123128769274982,-0.216815176807415,2
"CZE",2018,10626430,4017710479.81968,2743274516.01731,378.086570919837,258.155797950705,0.0309086435520118,0.0454741525313951,0.0166008972359144,0.013166254346582,0.0143077463160974,0.0323078981848131,-0.252058105538352,-0.249372785956245,-0.127942687998668,-0.310289696233284,0.166357298629277,-0.377934407192444,12
"CZE",2019,10669324,4201165322.73262,2845577705.26092,393.761153258877,266.706466619714,0.0406213224803702,0.0325854069944223,0.0130299273747152,0.0116795844928292,0.027591395105655,0.020905822501593,-0.279943286299689,-0.355910928705821,-0.255129915857268,-0.443707066071135,0.13304512781755,-0.52126853642849,13
"DEU",1993,81156368,31418881995.1832,23827442623.694,387.140070082771,293.599174173172,-0.0229754118007035,-0.0100962734915173,0.00355913800607954,0.0092685860525954,-0.026534549806783,-0.0193648595441127,-0.0262440129499855,0.807013099297212,1.33539749122583,0.845922307446869,1.2018134744541,0.844785756071404,-13
"DEU",1994,81438346,31999570334.0945,24106243168.8008,392.930012774259,296.006050623877,0.0148449457221282,0.00816441143729385,0.0196300592920249,0.0155099329799393,-0.00478511356989664,-0.00734552154264545,-0.0495635088801196,0.841385185151054,1.60427533967133,0.862862216219057,1.22923778905349,0.879372856321809,-12
"DEU",1995,81678046,32522521569.7808,24445889111.0973,398.179476156675,299.295714188575,0.013271337290063,0.0110521998939737,0.020472910301562,0.0107906391874,-0.00720157301149893,0.000261560706573682,-0.0366154720855508,0.846469985104467,1.62269143900393,0.874547533758901,1.20211330766269,0.883911296531913,-11
"DEU",1996,81914834,32540848554.4236,24691619139.7925,397.252206534699,301.430375111211,-0.00233148883101819,0.00710696587216741,0.0163520186307737,0.0152015878917426,-0.0186835074617919,-0.00809462201957523,-0.0416639960223743,0.900635625676525,1.71244138249125,0.920809925605204,1.28783899599722,0.937394590698505,-10
"DEU",1997,82034775,32561012579.0286,24607169485.037,396.917192483658,299.960224003016,-0.000843684159392843,-0.00488918196896382,0.0211787694280359,0.0183733040989642,-0.0220224535874287,-0.023262486067928,-0.0703955407510528,0.964224426642524,1.99753768521606,0.904203644745582,1.49268011787321,0.956458009271311,-9
"DEU",1998,82047197,33171281789.6701,24803607761.7198,404.295125276127,302.309020522905,0.0184174436130906,0.00779986177013559,0.0153836879272493,0.0177190293211185,0.0030337556858413,-0.00991916755098288,-0.135779455477489,1.07531407231883,2.18469514746628,1.01845644614463,1.48408412724629,1.08970677273756,-8
"DEU",1999,82100243,33873969051.6634,25642974856.0236,412.592798923426,312.337380731304,0.0203160281813295,0.0326342110917661,0.0184010657893667,0.027539513343072,0.00191496239196276,0.00509469774869409,-0.0473075085454329,1.07057977320106,2.126887959095,0.978532150639081,1.4951590294264,1.06835514129378,-7
"DEU",2000,82211501,34235703649.7074,25974740213.5196,416.434479765883,315.95020036819,0.0092679901851449,0.0115006553250554,0.0267086851510392,0.0292464264872967,-0.0174406949658943,-0.0177457711622413,-0.067852648709595,1.20954328242721,2.58150406913041,1.07870394958561,1.62732773308199,1.19423005306299,-6
"DEU",2001,82349926,34608036147.3873,26189247881.2968,420.25582569907,318.023939466525,0.00913449690757684,0.00654205389179641,0.00282782839492945,0.0111333612851228,0.00630666851264738,-0.00459130739332636,-0.094773676569795,1.24467820172734,2.36473990910123,1.14223238940699,1.6648008819354,1.22035077981478,-5
"DEU",2002,82488493,34555747254.5479,26193227199.7454,418.915972371418,317.537952835984,-0.0031932781089079,-0.00152931360783803,0.00746056309001464,0.0166252699007625,-0.0106538411989225,-0.0181545835086006,-0.166068455405855,1.27661444763291,2.31977117143523,1.23721667811774,1.58956253967313,1.26997255120443,-4
"DEU",2003,82534175,34470454765.6452,26474077181.036,417.650685496586,320.765030740732,-0.00302495402547898,0.010111515951448,0.0122426031859542,0.0175369218258217,-0.0152675572114331,-0.00742540587437368,-0.0919763152117271,1.28417261592283,2.165860748341,1.29263424473143,1.50849672187864,1.3100290711053,-3
"DEU",2004,82516268,34695970094.2236,26374030363.5463,420.474300827851,319.622190905995,0.0067379592782224,-0.0035692187768781,0.0278181424125457,0.0220289049871001,-0.0210801831343232,-0.0255981237639782,-0.0961520882095578,1.25081757526821,2.01278840417665,1.2767829986901,1.43076850829481,1.28593790201025,-2
"DEU",2005,82469421,34654230900.97,26445086130.3398,420.207035295785,320.665354620833,-0.0006358307948231,0.00325842551551769,0.0204057147758316,0.0199439140545321,-0.0210415455706547,-0.0166854885390144,-0.105800967132891,1.25258758319008,1.85271112932712,1.27688060380579,1.4680256972075,1.29482555257262,-1
"DEU",2006,82376447,35589878194.0525,26664772060.2416,432.039490536081,323.694126553451,0.0277694663418746,0.00940094567526195,0.0238893122218427,0.0180221557412876,0.00388015412003195,-0.00862121006602568,-0.138873351961937,1.26463513843317,1.65673841319524,1.3595643130582,1.3828406571369,1.34490062132453,0
"DEU",2007,82266373,36454239554.7919,26547029707.9318,443.124428918143,322.696002507996,0.0253336111812388,-0.00308830470606036,0.0193862487173533,0.0163072852857997,0.0059473624638855,-0.0193955899918601,-0.137966820680379,1.26937501837026,1.40037010901921,1.42602804302599,1.28552215799943,1.37206274378675,1
"DEU",2008,82110097,36178155088.1339,26528965733.1434,440.60543599326,323.09017651195,-0.00570083652725017,0.00122075716610581,-0.0156616370432081,-0.00332032165566165,0.00996080051595793,0.00454107882176746,-0.0339907704554923,1.28279292712651,1.41496967900164,1.47450821957047,1.17401436038292,1.42293867463815,2
"DEU",2009,81902308,34737818652.2918,26825816175.0549,424.137237405957,327.534312892073,-0.0380926960097563,0.0136613532711083,-0.0370957943770671,-0.0119813474816093,-0.000996901632689173,0.0256427007527176,-0.124157094686834,1.22661259370333,1.24546626958975,1.47611867159463,1.07585412083706,1.38458069736612,3
"DEU",2010,81776936,36029535786.3554,27153112725.9442,440.583097737428,332.038763667353,0.0380419957226286,0.0136588983583756,0.018680091453291,0.012915621343093,0.0193619042693376,0.000743277015282651,-0.0803961949951277,1.25194264785516,1.38941928985765,1.52086495153936,1.07867001778997,1.41936907303099,4
"DEU",2011,80274981,37073885368.492,27389726168.9558,461.836115146411,341.198787315263,0.0471110273191622,0.027213541300549,0.00497166914332681,0.0015122222546573,0.0421393581758354,0.0257013190458917,-0.0869418335229592,1.22995775449703,1.21847114973074,1.51177407604063,1.03843515311691,1.41360613127556,5
"DEU",2012,80425826,37036822690.2141,27587992634.6778,460.509074413661,343.02405093953,-0.00287753796182599,0.00533530262937987,0.000972280674887749,-0.00240676684876995,-0.00384981863671374,0.00774206947814982,-0.0860592374908686,1.2844862988578,1.25344268689781,1.57832052481801,1.10531281485013,1.46874593559305,6
"DEU",2013,80645605,37363713242.724,27812456976.8908,463.30749509194,344.872569024571,0.00605840884469355,0.00537441958815865,0.00948247964295756,0.00484595043719782,-0.00342407079826401,0.000528469150960831,-0.0744169460073881,1.21617108099734,1.38153344280603,1.50176314009659,1.07898475303681,1.38615020570604,7
"DEU",2014,80982495,38552088143.9243,28266980016.4638,476.054586166113,349.050495622094,0.027141554563074,0.0120416146795082,0.0161275100011373,0.0100824336091501,0.0110140445619367,0.00195918107035808,-0.086576397759189,1.12356721772314,1.27525184485771,1.39974962624135,0.981336654200484,1.28912593143007,8
"DEU",2015,81686608,39672827654.2753,28996070025.0089,485.671135399272,354.967242917088,0.0199991942425797,0.0168089134123752,0.0280406894709007,0.0182793808301733,-0.00804149522832098,-0.0014704674177981,-0.107219704038144,1.18512918640927,1.39299112079483,1.43365271507366,1.06926287117112,1.33226190682893,9
"DEU",2016,82348669,40862178741.7219,29838645572.2822,496.209340575036,362.345207695854,0.0214661765759461,0.0205718581008272,0.0165084684808763,0.0159763175458041,0.00495770809506979,0.00459554055502309,-0.112993469315869,1.12793800716471,1.41101026300315,1.38165352435399,0.991250472470509,1.28637060453764,10
"DEU",2017,82657000,41991823974.4013,30384422148.3065,508.025018744949,367.596478801632,0.02353280056907,0.0143884417042024,0.0196787191644132,0.0142299449425103,0.00385408140465682,0.000158496761692106,-0.100707276802104,1.1694411662077,1.44526672173423,1.42355237411449,1.05033256968463,1.32021807925601,11
"DEU",2018,82905788,42526646531.9002,30823772303.7141,512.951478513179,371.792766793485,0.00965056103877071,0.011350808985128,0.0166008972359144,0.013166254346582,-0.00695033619714369,-0.00181544536145406,-0.125672849757219,1.10293185903829,1.37681974754723,1.34988231936618,0.999045257420748,1.25255844200743,12
"DEU",2019,83092956,43181008516.3735,31527099747.7059,519.671108058468,379.419643558064,0.0130148700673569,0.02030621094986,0.0130299273747152,0.0116795844928292,-1.50573073582905e-05,0.00862662645703072,-0.136510272705942,1.06864742214179,1.40981040981293,1.30920821516187,1.00120746310077,1.21273960189505,13
"DNK",1993,5189377,1944430906.3147,1460523725.44455,374.694478029771,281.444906670791,-0.0110082367000679,0.00159937869501814,0.00355913800607954,0.0092685860525954,-0.0145673747061474,-0.00766920735757726,-0.0971238429561899,1.03155733427182,1.34136395488761,1.01746837794387,1.80150268174813,0.999590537759001,-13
"DNK",1994,5204994,2038866009.12399,1536395895.26858,391.713421595489,295.177265385623,0.0444195364244901,0.0476393604841023,0.0196300592920249,0.0155099329799393,0.0247894771324653,0.032129427504163,-0.103350427583751,0.941629058803485,1.46098660865679,0.851510184193082,1.88439160935214,0.852503347026312,-12
"DNK",1995,5227861,2084251442.15464,1555727243.3504,398.681495578141,297.583895851555,0.0176323363449828,0.00812011260849754,0.020472910301562,0.0107906391874,-0.00284057395657911,-0.00267052657890243,-0.10678110369547,0.889122355993668,1.53404434339314,0.768730735846817,1.82253528769866,0.78022911051803,-11
"DNK",1996,5261503,2142450180.17199,1592111670.01682,407.193568106299,302.596362677513,0.0211258282778672,0.016703592956353,0.0163520186307737,0.0152015878917426,0.00477380964709351,0.0015020050646104,-0.136890069429,1.01045474028763,1.85392684134678,0.905964075190075,1.82371298238693,0.945398925964243,-10
"DNK",1997,5284220,2206677903.89814,1624561846.33963,417.597659427151,307.436451612468,0.0252297620378688,0.015868623417215,0.0211787694280359,0.0183733040989642,0.00405099260983288,-0.00250468068174925,-0.145279958442489,1.02418481608842,2.17208473748378,0.876902561384622,1.74042985873449,0.967469595473975,-9
"DNK",1998,5301304,2244414743.42608,1668145662.17406,423.370314818029,314.667044593946,0.0137288130742359,0.0232466740504638,0.0153836879272493,0.0177190293211185,-0.00165487485301341,0.0055276447293453,-0.172693228941419,1.09957713295295,2.29827403708789,0.94378561755367,1.72904096480736,1.05763878102865,-8
"DNK",1999,5319111,2292742577.41054,1677431784.96156,431.038678721039,315.359424716191,0.0179505830824311,0.00219794067300239,0.0184010657893667,0.027539513343072,-0.000450482706935595,-0.0253415726700696,-0.244501452093305,1.06558077111634,2.33522632522248,0.745749170739057,1.81431186573067,0.969339095678257,-7
"DNK",2000,5337344,2380668694.29364,1690044151.90297,446.039958131543,316.645161320493,0.034210712340764,0.00406876281112911,0.0267086851510392,0.0292464264872967,0.00750202718972481,-0.0251776636761676,-0.246217867079201,1.24177644958464,2.74896690887548,0.821797998778774,2.09123049189236,1.0729657984725,-6
"DNK",2001,5355082,2407500664.17587,1712071481.28788,449.573071743041,319.709666684448,0.00788986274570114,0.00963151034363019,0.00282782839492945,0.0111333612851228,0.00506203435077168,-0.00150185094149258,-0.289898219998413,1.21087711826936,2.51829919304072,0.797136970355522,2.06355632948153,1.01374259680602,-5
"DNK",2002,5374255,2417662853.32354,1738228271.78157,449.860092854458,323.436136130789,0.000638226679774867,0.0115883867466877,0.00746056309001464,0.0166252699007625,-0.00682233641023977,-0.0050368831540748,-0.234376095344181,1.17136131721985,2.27967839195786,0.898630769543535,1.92932648493433,0.98978131306159,-4
"DNK",2003,5387174,2414515861.3565,1746395548.09954,448.19711807276,324.176562349674,-0.00370349831220107,0.00228663379592398,0.0122426031859542,0.0175369218258217,-0.0159461014981552,-0.0152502880298977,-0.221972135017567,1.20652886759101,2.21400762328634,1.01752434338835,1.81067812370113,1.09988899194209,-3
"DNK",2004,5401177,2504379337.85078,1821148265.64852,463.672887937347,337.176186903063,0.0339461893719264,0.0393172906491799,0.0278181424125457,0.0220289049871001,0.00612804695938074,0.0172883856620798,-0.242919852063367,1.20909456416335,2.115159871705,1.02447662474884,1.8047258642596,1.10438121205849,-2
"ESP",1993,39356082,10565103639.5016,8475695232.46057,268.449070705299,215.359222812387,-0.0159756207232338,-0.0101799713936961,0.00355913800607954,0.0092685860525954,-0.0195347587293133,-0.0194485574462915,0.16518829880448,0.239266773855145,-0.260104175239907,0.333804656202741,0.754177585648013,0.257972735204179,-13
"ESP",1994,39547353,10730271199.8006,8521207043.61179,271.32716568415,215.468454832155,0.0106641310246722,0.000507079873353966,0.0196300592920249,0.0155099329799393,-0.00896592826735265,-0.0150028531065853,0.167314060824813,0.265137661153796,0.0182647504474405,0.333400980503691,0.86125819901874,0.265154084542806,-12
"ESP",1995,39718895,11053474077.3648,8685711325.8802,278.292587882035,218.679581239111,0.0253476884412871,0.0147930415369757,0.020472910301562,0.0107906391874,0.00487477813972514,0.00400240234957572,0.173629829508234,0.394642819091578,0.141168415579105,0.49674812609586,0.816796217384453,0.420040956167307,-11
"ESP",1996,39884246,11338881276.6155,8834752519.79939,284.294738243654,221.509829214256,0.0213384761014881,0.0128594051090625,0.0163520186307737,0.0152015878917426,0.00498645747071436,-0.00234218278268017,0.172574036981472,0.339130188359334,0.21317820394989,0.421893910112484,0.866160089380453,0.34815969833798,-10
"ESP",1997,40049974,11802538159.9746,9108793736.03859,294.695276455726,227.435696613401,0.0359303505756667,0.0264005820027924,0.0211787694280359,0.0183733040989642,0.0147515811476309,0.00802727790382818,0.121565842209234,0.393888326267395,0.941022120055893,0.38971387722274,1.00461127486953,0.366094502475073,-9
"ESP",1998,40214066,12407043406.0381,9490927373.66309,308.524967508586,236.010140672249,0.0458609107264207,0.0370072268641355,0.0153836879272493,0.0177190293211185,0.0304772227991714,0.019288197543017,0.0778618442901592,0.571807918173108,1.19217644306317,0.579053844603515,1.10335688668925,0.556796646463425,-8
"ESP",1999,40369667,12993080031.9726,9922808335.7933,321.852544188005,245.798617456847,0.0422907313276211,0.0406377993964204,0.0184010657893667,0.027539513343072,0.0238896655382543,0.0130982860533484,0.0876953468932142,0.658500524938444,1.35522733394798,0.591030868843912,1.30933637015954,0.594924203963003,-7
"ESP",2000,40554387,13666060329.4161,10423296756.4876,336.981060259057,257.020202437965,0.0459332244065571,0.0446421180646555,0.0267086851510392,0.0292464264872967,0.0192245392555179,0.0153956915773588,0.108573877430765,0.817046514447814,1.92119675208028,0.679264484659806,1.4690923426314,0.729610677154053,-6
"ESP",2001,40766049,14280129487.1301,10821156730.7583,350.294665228168,265.445315310255,0.0387479731744751,0.0322541602541699,0.00282782839492945,0.0111333612851228,0.0359201447795456,0.0211207989690472,0.132787805606111,0.766923768754305,1.4962939900398,0.669718348793218,1.40182509686063,0.669749287308517,-5
"ESP",2002,41423520,14819691082.6922,11154478879.0729,357.760303390253,269.278875360493,0.0210885176178364,0.0143387031970921,0.00746056309001464,0.0166252699007625,0.0136279545278217,-0.00228656670367045,0.180713204924489,0.829402819066256,1.29869969052164,0.83998412773211,1.25174836108887,0.789099682414312,-4
"ESP",2003,42196231,15398168565.1076,11498744854.38,364.918102877662,272.506443866514,0.0198097341752286,0.0119147070752579,0.0122426031859542,0.0175369218258217,0.00756713098927442,-0.00562221475056379,0.225147021443648,0.869619999065844,1.2301284812465,0.910010509330123,1.24792145151785,0.849736354825147,-3
"ESP",2004,42859172,16012183527.8155,12073214566.9296,373.59992693782,281.695002575636,0.0235125580632243,0.0331626734491115,0.0278181424125457,0.0220289049871001,-0.00430558434932138,0.0111337684620114,0.224699085815388,0.842164230569034,1.19201844399454,0.861846748401581,1.24541520855639,0.811840740652756,-2
"ESP",2005,43662613,16716209679.3161,12606345706.1386,382.84950283017,288.721742469664,0.0244564581640594,0.0246384609809409,0.0204057147758316,0.0199439140545321,0.00405074338822775,0.0046945469264088,0.251025585121564,0.833512434689178,0.985518502986835,0.873460003911418,1.2557377897302,0.815519512156186,-1
"ESP",2006,44360521,17485689795.1075,13137460362.3796,394.172327126354,296.1520754542,0.0291462232129769,0.0254096953462755,0.0238893122218427,0.0180221557412876,0.00525691099113423,0.00738753960498784,0.224948684276736,0.845954269932074,0.985216066370264,0.870234953470705,1.28722341984502,0.825041782825061,0
"ESP",2007,45236004,18239945518.1016,13738650595.4188,403.217435344236,303.710526584506,0.022687766074327,0.0252019417621954,0.0193862487173533,0.0163072852857997,0.0033015173569737,0.00889465647639565,0.23792317909794,0.803174022723142,0.746278563205598,0.823245397343648,1.23947946171622,0.76128877306281,1
"ESP",2008,45983169,18093199713.3691,13796692592.8598,393.474397411999,300.037881096446,-0.0244599562587711,-0.0121662955725359,-0.0156616370432081,-0.00332032165566165,-0.00879831921556296,-0.00884597391687425,0.35212800973435,0.780436863676029,0.432583558099537,0.803117229215452,1.18869697243745,0.722472964632498,2
"ESP",2009,46367550,17502065769.684,13566543617.1486,377.463673834051,292.587027288451,-0.0415416661800068,-0.0251465853960955,-0.0370957943770671,-0.0119813474816093,-0.00444587180293965,-0.0131652379144862,0.351810312126635,0.713016171749763,0.350023595356424,0.775410234693694,1.07974276479147,0.661941862271395,3
"ESP",2010,46562483,17259197382.8066,13572443300.6636,370.667461673095,291.488821604801,-0.0181690048630418,-0.00376049439436343,0.018680091453291,0.012915621343093,-0.0368490963163328,-0.0166761157374564,0.345012331973247,0.675104900314886,0.59545789079328,0.67404522242086,1.10419646735447,0.579401067745621,4
"ESP",2011,46736257,16593382228.1233,13112326054.662,355.043028544698,280.560038315906,-0.0430663416430495,-0.0382139148145049,0.00497166914332681,0.0015122222546573,-0.0480380107863763,-0.0397261370691622,0.379702110338287,0.660836933522325,0.425175593191021,0.65350301200119,1.07410614889825,0.562872827467151,5
"ESP",2012,46749303,15701179377.0001,12460470648.9469,335.859111674886,266.538105369119,-0.0555472277620153,-0.0512705245171974,0.000972280674887749,-0.00240676684876995,-0.056519508436903,-0.0488637576684274,0.338960812701954,0.70566440071492,0.55966557615392,0.703355000401057,1.09523508084725,0.617410061536209,6
"ESP",2013,46581124,15328966153.5428,12070874096.4183,329.081070554305,259.136599975954,-0.0203876260677216,-0.0281618821833609,0.00948247964295756,0.00484595043719782,-0.0298701057106792,-0.0330078326205587,0.300196840098458,0.671010047226532,0.858548330315825,0.60947358921331,1.10002043277037,0.555563525988932,7
"ESP",2014,46433050,15551197007.743,12256276953.996,334.916552062443,263.955888187314,0.0175772670050147,0.0184266632848864,0.0161275100011373,0.0100824336091501,0.00144975700387739,0.00834422967573634,0.296642728935483,0.606884893255362,0.858700077389111,0.548071683102415,0.992018541656348,0.517133614397035,8
"ESP",2015,46384379,16353942894.9665,12692496314.3485,352.574363342591,273.637301781026,0.0513801573667028,0.0360215143886906,0.0280406894709007,0.0182793808301733,0.0233394678958021,0.0177421335585173,0.169308802780057,0.712051755267369,1.0902276626652,0.620094822928241,1.0756079738067,0.623247422482547,9
"ESP",2016,46427100,16927622076.5311,13029783122.6265,364.606492254117,280.650377099291,0.0335571087570301,0.0253061716769514,0.0165084684808763,0.0159763175458041,0.0170486402761538,0.00932985413114729,0.135644487021973,0.662948301565571,1.0564971505219,0.57874753281345,1.0245999559474,0.575712497565562,10
"ESP",2017,46510461,17298588737.6475,13285487181.2567,371.928988999861,285.645140805133,0.0198842776684591,0.0176405889650049,0.0196787191644132,0.0142299449425103,0.000205558504045911,0.00341064402249458,0.0973884967398616,0.727663549764487,1.16468965706989,0.66005865288061,1.0541326832828,0.668475119874805,11
"ESP",2018,46715383,17628008328.8857,13494876148.2925,377.349112794082,288.874355333713,0.0144678413134764,0.0112415629313452,0.0166008972359144,0.013166254346582,-0.00213305592243795,-0.00192469141523688,0.0822837934687379,0.675110050980017,1.10935148753223,0.660557488201563,0.937622337049721,0.653095767586832,12
"ESP",2019,47087778,18103866814.2427,13778178947.7178,384.470611763475,292.606267123452,0.0186965661004006,0.0128360701494667,0.0130299273747152,0.0116795844928292,0.0056666387256854,0.00115648565663751,0.0482877569499862,0.668681858931604,1.10884435400302,0.685517212371285,0.92613847205333,0.665134336002445,13
"FRA",1993,58961049,19292856036.6048,15202377559.0259,327.213581912439,257.837637166629,-0.0132048934607161,0.00641729301620853,0.00355913800607954,0.0092685860525954,-0.0167640314667956,-0.00285129303638687,0.0944549371661509,1.05602904473971,0.99723897695496,0.948756442902666,2.21421073529425,0.908050492747265,-13
"FRA",1994,59175335,19616196714.1289,15344302070.2204,331.492786887119,259.302327062794,0.0129929369965325,0.005664593394477,0.0196300592920249,0.0155099329799393,-0.0066371222954924,-0.0098453395854623,0.0855216440920099,1.11720009488347,1.07576356965434,1.0400366264845,2.16712609781123,0.991408251471434,-12
"FRA",1995,59383991,19940986702.1592,15527099587.3033,335.79734818024,261.469452049852,0.0129017972149654,0.00832279160848071,0.020472910301562,0.0107906391874,-0.00757111308659653,-0.00246784757891927,0.0931909411938889,1.13265753125107,1.06359567958864,1.04479970146538,2.15906721262379,0.988141856953791,-11
"FRA",1996,59589289,20087628057.6889,15797812529.5385,337.101321307743,265.111613087689,0.00387569427278844,0.0138334602609831,0.0163520186307737,0.0152015878917426,-0.0124763243579853,-0.00136812763075955,0.076583610991138,1.19576958210379,1.22598558094745,1.01924151699418,2.3950238717509,0.97343220837623,-10
"FRA",1997,59795263,20528264799.1161,15939929665.0855,343.309214964337,266.575124271725,0.0182480005476746,0.00550517730616917,0.0211787694280359,0.0183733040989642,-0.00293076888036126,-0.012868126792795,0.0293609623978948,1.32837511382779,1.53342473509388,1.09544096480257,2.54599867985668,1.06001408612686,-9
"FRA",1999,60315406,21945682553.0377,16794089190.6341,363.848708123389,278.437803944055,0.0252108784400962,0.0217737349745013,0.0184010657893667,0.027539513343072,0.00680981265072944,-0.00576577836857073,0.120659840629415,1.04341344701669,1.54681767438291,1.04138392151742,1.62469000906777,1.0006168018174,-7
"FRA",2000,60724780,22796370930.7369,17419179365.7568,375.404751252074,286.854548765048,0.0312666363655003,0.0297805792951165,0.0267086851510392,0.0292464264872967,0.00455795121446112,0.000534152807819765,0.122798749583022,1.1895152855089,1.94621495276714,1.10772882397,1.90051392935931,1.08009391929255,-6
"FRA",2001,61163237,23290548288.1818,17821316351.0328,380.793258018404,291.373008119776,0.0142518173993018,0.0156289726271064,0.00282782839492945,0.0111333612851228,0.0114239890043724,0.00449561134198362,0.0832558406070049,1.25413129752837,1.83695839313745,1.19320247530811,1.868421776248,1.16490085689438,-5
"FRA",2002,61604550,23571766110.1423,18143407781.2837,382.630278285326,294.514086723849,0.00481259412416613,0.010722573433509,0.00746056309001464,0.0166252699007625,-0.00264796896584851,-0.0059026964672535,0.0716910478116267,1.27658544401064,1.87938728747311,1.26027173019622,1.7272139259554,1.22676008438338,-4
"FRA",2003,62037544,23730642753.3361,18432617794.0034,382.520667699806,297.120366241504,-0.000286507092085664,0.0088104956156787,0.0122426031859542,0.0175369218258217,-0.0125291102780398,-0.00872642621014297,0.0719355560903292,1.28682188926477,1.96198125494785,1.27808131967031,1.67201849031728,1.26466653845504,-3
"FRA",2004,62490800,24289784496.4287,18778235297.5386,388.693767665459,300.49599777149,0.0160091189297322,0.0112971050804989,0.0278181424125457,0.0220289049871001,-0.0118090234828134,-0.0107317999066012,0.0464134578300164,1.27911977555445,1.90248651229157,1.28234773466553,1.60880646983266,1.27248232563505,-2
"FRA",2005,62958328,24801109471.0668,19241784435.5777,393.928972685977,305.627310108643,0.013378816737613,0.0169319835157804,0.0204057147758316,0.0199439140545321,-0.00702689803821865,-0.00301193053875171,0.0708921668694854,1.33083312125682,1.74526269347642,1.3596987246669,1.65664324447972,1.34292848965849,-1
"FRA",2006,63393406,25554963223.3145,19761242128.121,403.117056422469,311.723937472629,0.0230563616810633,0.0197515614978165,0.0238893122218427,0.0180221557412876,-0.000832950540779365,0.00172940575652891,0.0482148863044544,1.35334227906267,1.72010037074459,1.41873113816972,1.57810064233117,1.40482607574944,0
"FRA",2007,63781275,26433219857.8296,20318261122.4135,414.435425723767,318.561538984812,0.0276901917192731,0.0216976910354827,0.0193862487173533,0.0163072852857997,0.00830394300191983,0.00539040574968297,0.0383709375685004,1.37172580274394,1.52875489203942,1.50482597699678,1.44581043213559,1.4589184253921,1
"FRA",2008,64133174,26401559407.3066,20412251982.3686,411.667749475593,318.279148048537,-0.0067005833810434,-0.000886849601580586,-0.0156616370432081,-0.00332032165566165,0.00896105366216471,0.00243347205408107,0.10883479859816,1.35928854686528,1.46168262858085,1.5273813263465,1.33702891515585,1.47515314679482,2
"FRA",2009,64458715,25660534168.5282,20456438557.7559,398.092549138285,317.357219388501,-0.0335320769200225,-0.00290080729720099,-0.0370957943770671,-0.0119813474816093,0.00356371745704465,0.00908054018440829,0.0847544509973951,1.33528686639074,1.4084872898654,1.54996949875279,1.26453609786188,1.46980011012258,3
"FRA",2010,64773169,26059968867.7,20742877731.7483,402.326600196139,320.238735451531,0.010579683292951,0.00903875145134592,0.018680091453291,0.012915621343093,-0.00810040816033997,-0.00387686989174707,0.103395310802268,1.37042785383884,1.55428100781646,1.59683649869847,1.30004609907125,1.50704642025235,4
"FRA",2011,65087317,26365765448.0158,20836415039.0697,405.082997168493,320.130188175827,0.00682778032270015,-0.000339014817048344,0.00497166914332681,0.0015122222546573,0.00185611117937334,-0.00185123707170565,0.135915114558878,1.32402640676016,1.28514257616753,1.55830123066689,1.27206894101677,1.46242405061902,5
"FRA",2012,65402998,26188279306.6616,20719651960.0735,400.414049928745,316.799727744491,-0.0115928408336563,-0.0104579505595588,0.000972280674887749,-0.00240676684876995,-0.0125651215085441,-0.00805118371078883,0.0956473533375932,1.34850905217237,1.41332575135262,1.58666644904268,1.2773737911024,1.49659604793343,6
"FRA",2013,65735961,26362695213.594,20857168266.6502,401.039169619715,317.287036644223,0.0015599658283012,0.00153704200446558,0.00948247964295756,0.00484595043719782,-0.00792251381465636,-0.00330890843273224,0.0805231270457024,1.32798572028554,1.61855773248943,1.59369531602705,1.18426872043361,1.5000849912434,7
"FRA",2014,66276671,26642449955.6401,21015343475.6142,401.988355082591,317.08507923722,0.00236401835734679,-0.000636715923572062,0.0161275100011373,0.0100824336091501,-0.0137634916437905,-0.0107191495327221,0.108731178720442,1.2608050800272,1.46593314031392,1.53096944700418,1.10845864061699,1.42962411233236,8
"FRA",2015,66512558,27221914244.2622,21342295420.6485,409.274805582762,320.876178309793,0.017963705968703,0.0118851847331509,0.0280406894709007,0.0182793808301733,-0.0100769835021977,-0.00639419609702241,0.094977678243028,1.32200417392298,1.53303890286917,1.56905348889182,1.20819696045951,1.46843240744857,9
"FRA",2016,66688563,27547546411.5187,21693272887.1314,413.077522925762,325.292252693036,0.00924845547643027,0.0136687059504554,0.0165084684808763,0.0159763175458041,-0.00726001300444601,-0.00230761159534865,0.109767049677678,1.26761590873602,1.51913784700337,1.52397099572684,1.14011823894369,1.42293065717181,10
"FRA",2017,66883314,27997398228.1037,22003373890.805,418.60064272688,328.981513846712,0.0132820632425341,0.0112775429589327,0.0196787191644132,0.0142299449425103,-0.0063966559218791,-0.0029524019835776,0.116955988045665,1.2765903393671,1.51364698571135,1.54557955165768,1.14287456686777,1.43224729439723,11
"FRA",2018,67125071,28252510895.5591,22137176681.7275,420.893571875091,329.789992799076,0.00546265789613898,0.0024545061530592,0.0166008972359144,0.013166254346582,-0.0111382393397754,-0.0107117481935228,0.143002790400961,1.21242031824057,1.3466957670029,1.490257600512,1.10176937882729,1.3644467016791,12
"GBR",1993,57713889,16093280239.0505,14232073417.2146,278.845881258331,246.597026535754,0.0237934060751508,0.0257189153224182,0.00355913800607954,0.0092685860525954,0.0202342680690712,0.0164503292698228,-0.153586680815574,1.87554656867976,2.83772809824759,1.84423086981389,2.27943033265052,1.91196798225062,-13
"GBR",1994,57862145,16579600344.4526,14593330667.7826,286.536220605935,252.208601457527,0.0272057203469931,0.0225009958352933,0.0196300592920249,0.0155099329799393,0.00757566105496821,0.006991062855354,-0.16146137532662,1.84068228894313,2.87969571548568,1.81639055221195,2.22572526974643,1.87912134171648,-12
"GBR",1995,58024799,18535316029.6522,14923912564.6639,319.437832600716,257.198867068267,0.108697725118018,0.0195930588378124,0.020472910301562,0.0107906391874,0.0882248148164564,0.0088024196504124,-0.166080581993873,1.90464998515001,2.98655498902553,1.89227506782829,2.2049865612705,1.95141345308957,-11
"GBR",1996,58164374,19258303957.7354,15483262467.471,331.101370707357,266.198385758797,0.0358619066683179,0.0343922544390916,0.0163520186307737,0.0152015878917426,0.0195098880375442,0.0191906665473489,-0.157817488987394,1.99101907975389,3.04962429838934,1.99805852258525,2.2180657815709,2.05438944370842,-10
"GBR",1997,58314249,19772427280.7552,16049070754.356,339.066825344097,275.216967200521,0.0237726284589703,0.0333179163042274,0.0211787694280359,0.0183733040989642,0.00259385903093445,0.0149446122052632,-0.144101106041161,1.95790784838652,3.01003842594763,1.99204323338608,2.02947874395589,2.0315442439456,-9
"GBR",1998,58474943,20308355962.2526,16591807984.9444,347.300141228913,283.742183125247,0.0239921535353966,0.0305062617285525,0.0153836879272493,0.0177190293211185,0.00860846560814732,0.0127872324074341,-0.118830861425382,1.87680619151349,2.80269902560477,1.91480928967023,2.06798850490309,1.93365779755086,-8
"GBR",1999,58684427,20818289588.3874,17176883389.9526,354.749814433519,292.699175369857,0.0212234265510336,0.0310793564130263,0.0184010657893667,0.027539513343072,0.00282236076166686,0.00353984306995425,-0.122248419220448,1.8739716643191,2.68536375162707,1.80747620216004,2.44467101735229,1.83417426405352,-7
"GBR",2000,58886065,21733002384.0265,17881566061.9444,369.06868176752,303.663796552621,0.0395699632227053,0.0367757806471483,0.0267086851510392,0.0292464264872967,0.0128612780716661,0.00752935415985156,-0.156814863708156,1.9491996640434,2.82049534080687,1.90276683276931,2.52256077588094,1.88850006449344,-6
"GBR",2001,59113016,22269572946.1149,18470237960.0015,376.728755408367,312.45636257168,0.0205426906495729,0.028543662636249,0.00282782839492945,0.0111333612851228,0.0177148622546435,0.0174103013511262,-0.179952202588925,1.96942364967284,2.71621251644929,1.9439939059057,2.42277224137123,1.93513994157344,-5
"GBR",2002,59365677,22787233003.7254,19066987549.7745,383.845247881623,321.178642496985,0.0187140242315689,0.0275326673578311,0.00746056309001464,0.0166252699007625,0.0112534611415542,0.0109073974570686,-0.201181264616793,1.93123513173927,2.75783802255408,1.8893377144756,2.36176845485235,1.88821225429513,-4
"GBR",2003,59636662,23767579219.7152,19919233017.8755,398.539730807119,334.009858195543,0.0375677231036189,0.0391730210835215,0.0122426031859542,0.0175369218258217,0.0253251199176647,0.0216360992576998,-0.222084483681536,1.96474624499845,2.6425221422736,1.97878019452037,2.28770584918036,1.96236521182388,-3
"GBR",2004,59950364,24631244942.5318,20744159166.3389,410.860640354608,346.022238769709,0.0304468882778348,0.0353325387964949,0.0278181424125457,0.0220289049871001,0.00262874586528916,0.0133036338093948,-0.268434163212134,1.93401240206942,2.57593147523809,1.9768832404771,2.13494259692358,1.96375031035194,-2
"GBR",2005,60413276,25518931037.668,21363684127.2994,422.406012838436,353.625652204317,0.027712884795756,0.0217358270657186,0.0204057147758316,0.0199439140545321,0.00730717001992431,0.00179191301118653,-0.2970148082345,1.9717997267736,2.45977568553703,2.0483132552261,2.09612108268266,2.03595565228828,-1
"GBR",2006,60827067,26219341186.7587,21754028159.3326,431.04727023512,357.637302474778,0.0202507925791258,0.0112804773084543,0.0238893122218427,0.0180221557412876,-0.00363851964271689,-0.00674167843283335,-0.321091664388483,1.97773563895846,2.39420047585102,2.10739606515768,1.95389625562358,2.09086832124016,0
"GBR",2007,61319075,26897945825.9563,22260325325.1034,438.655440023456,363.024480149177,0.0174964704286191,0.0149509191511576,0.0193862487173533,0.0163072852857997,-0.00188977828873416,-0.00135636613464207,-0.350150662050737,1.98513481497757,2.19405226075651,2.1807476765927,1.80328385950564,2.13308543937325,1
"GBR",2008,61823772,26838751480.1568,22380570925.3788,434.11701699723,362.005911340686,-0.0104001080621074,-0.00280972905562216,-0.0156616370432081,-0.00332032165566165,0.00526152898110066,0.000510592600039494,-0.379265211178889,1.97865310275028,2.24495955459851,2.17644012388177,1.78816566835338,2.13941164016698,2
"GBR",2009,62260486,25616411235.1182,21838602279.9101,411.439307350062,350.761834398628,-0.0536526041880006,-0.0315530826825281,-0.0370957943770671,-0.0119813474816093,-0.0165568098109334,-0.0195717352009188,-0.354258291827548,1.97257478108346,2.30412558040404,2.21310952713189,1.67847109778968,2.16703575790849,3
"GBR",2010,62759456,25895335040.4237,21995583376.5904,412.612484092018,350.474411004939,0.00284733932199632,-0.000819761989397705,0.018680091453291,0.012915621343093,-0.0158327521312946,-0.0137353833324907,-0.409307488314073,1.99428800642363,2.46159073338903,2.25338679960606,1.66285461565651,2.20185101502863,4
"GBR",2011,63285145,25761702365.6637,21717768645.4317,407.073450896947,343.173246192795,-0.0135152191155639,-0.0210522860993798,0.00497166914332681,0.0015122222546573,-0.0184868882588907,-0.0225645083540371,-0.314351999843173,2.01747564514232,2.33935871364127,2.3118037472504,1.61673555517832,2.25538941646413,5
"GBR",2012,63710843,25896227618.3752,21870711807.9872,406.46499714931,343.280841661241,-0.00149582078769139,0.000313481910096058,0.000972280674887749,-0.00240676684876995,-0.00246810146257914,0.00272024875886601,-0.320136204954277,1.91641710396363,2.35176289782207,2.19396342292925,1.53381356911726,2.15641208996075,6
"GBR",2013,64138721,26306590856.8187,22132936596.3066,410.151472412721,345.079169824834,0.00902871897286861,0.00522497595687277,0.00948247964295756,0.00484595043719782,-0.000453760670088954,0.000379025519674947,-0.318721970968361,1.85135939039058,2.47225059546342,2.10953736561525,1.51449025202771,2.07868092231146,7
"GBR",2014,64619493,27183505410.3188,22650543608.3495,420.670360417696,350.521840342348,0.0253229987227135,0.0156491480358749,0.0161275100011373,0.0100824336091501,0.00919548872157616,0.00556671442672485,-0.355234056916423,1.70945933582471,2.30929165833899,1.96763909014366,1.32066212299595,1.94351836408434,8
"GRC",2001,10862129,3268324510.9852,2790977794.43917,300.891704654327,256.945741892696,0.0411915507209697,0.0460964639439201,0.00282782839492945,0.0111333612851228,0.0383637223260402,0.0349631026587973,0.262639220396796,0.0012321778366462,-0.190665588082035,0.219656568791153,-0.125512119186235,0.0933757903406696,-5
"GRC",2002,10902022,3399076039.99099,2909950343.88978,311.784001168865,266.918406868907,0.0355602293014199,0.038078077880197,0.00746056309001464,0.0166252699007625,0.0280996662114052,0.0214528079794345,0.27437468883448,0.143432050396359,-0.169378863042141,0.369534614786553,-0.106108222936087,0.252954841122232,-4
"GRC",2003,10928072,3597084480.83879,3021880213.979,329.160027572914,276.524551995906,0.0542333943945215,0.0353565932193804,0.0122426031859542,0.0175369218258217,0.0419907912085673,0.0178196713935588,0.309876568858563,0.200323199801263,-0.157161391685842,0.467324392152143,-0.155226353770291,0.337886952753153,-3
"GRC",2004,10955142,3793108285.04438,3164482227.74292,346.239992602961,288.858166123536,0.0505881163491342,0.0436361803185665,0.0278181424125457,0.0220289049871001,0.0227699739365885,0.0216072753314664,0.307725371853389,0.186361073494301,-0.263801763441036,0.468693966418157,-0.283102403827996,0.335647488774462,-2
"GRC",2005,10987316,3777039316.31683,3255902476.50523,343.763601257744,296.332832923457,-0.00717793936088285,0.0255474651880352,0.0204057147758316,0.0199439140545321,-0.0275836541367145,0.00560355113350308,0.334386104296467,0.2651947297624,-0.256553345568194,0.577795443138041,-0.280340574617363,0.434566534923419,-1
"GRC",2006,11020366,4026977125.77976,3353044665.68621,365.412285379611,304.258920773249,0.0610720496139825,0.0263957938022399,0.0238893122218427,0.0180221557412876,0.0371827373921398,0.00837363806095226,0.299657543638119,0.254793267824943,-0.151020788839648,0.570821334288783,-0.155166935723526,0.433578012729605,0
"GRC",2007,11048466,4187322377.07253,3532366182.63529,378.995815081707,319.71553178833,0.036498897913436,0.0495525852958671,0.0193862487173533,0.0163072852857997,0.0171126491960827,0.0332453000100674,0.265799212945511,0.388256152711618,-0.0589051754485532,0.736921362082483,-0.13938313532213,0.593611262582206,1
"GRC",2008,11077839,4186112477.50456,3628927530.34682,377.881685905036,327.584426019083,-0.00294401664713195,0.0243141739543553,-0.0156616370432081,-0.00332032165566165,0.0127176203960762,0.027634495610017,0.281349310912842,0.572960421930069,0.155905830122468,0.921868190044812,-0.0496900573256105,0.814454570079395,2
"GRC",2009,11107017,4059611642.56368,3653631261.54768,365.499723513855,328.948021016596,-0.0333156236440537,0.00415393622790639,-0.0370957943770671,-0.0119813474816093,0.0037801707330134,0.0161352837095157,0.312807577028517,0.590683232292136,-0.331252130939749,1.02926870450455,-0.0504962364910713,0.85110110293068,3
"GRC",2010,11121344,3699330512.91625,3301618931.02108,332.63340410262,296.872296281913,-0.0942245277527238,-0.10259767996598,0.018680091453291,0.012915621343093,-0.112904619206015,-0.115513301309073,0.279157485030132,0.520592938290159,-0.252326063451846,0.948173323060291,0.038096853771886,0.759839049089806,4
"GRC",2011,11104900,3258027511.66261,2984559723.78764,293.386479091447,268.760612323176,-0.125550213862679,-0.099481001110111,0.00497166914332681,0.0015122222546573,-0.130521883006006,-0.100993223364768,0.195722805771143,0.610855048112337,-0.200124519690311,1.03114823545877,0.149999008673578,0.86192449441668,5
"GRC",2012,11045010,2932572693.34401,2703890545.49901,265.511094452971,244.806527608306,-0.0998341542883212,-0.0933528510271264,0.000972280674887749,-0.00240676684876995,-0.100806434963209,-0.0909460841783565,0.327299818364325,0.814233170873535,-0.724132238496122,1.32671650226226,0.141684638172608,1.11295103406171,6
"GRC",2013,10965209,2835884475.01877,2557611052.29823,258.625665504303,233.247816097096,-0.026274917522966,-0.048366738593427,0.00948247964295756,0.00484595043719782,-0.0357573971659235,-0.0532126890306248,0.406284205404481,0.668956025189622,-0.698851630222654,1.22180360983892,-0.0902350029724026,0.979570645197999,7
"GRC",2014,10892415,2840648098.91256,2535751463.31346,260.791394645959,232.799747651321,0.00833912421588323,-0.0019228448711397,0.0161275100011373,0.0100824336091501,-0.00778838578525409,-0.0120052784802898,0.366150212640239,0.536825174467065,-0.637035202226993,1.08987188511718,-0.277162125558435,0.849701421530141,8
"GRC",2015,10820883,2879190864.76103,2559331094.94804,266.077256796976,236.517767999898,0.0200658721801101,0.0158447021888692,0.0280406894709007,0.0182793808301733,-0.00797481729079053,-0.00243467864130409,0.154480728525616,0.653427200790749,0.0654487619495336,1.1932181012536,-0.284539267153546,0.975771399938957,9
"GRC",2016,10775966,2888018212.63569,2565449809.55742,268.005505273095,238.071446175444,0.00722081666485064,0.00654748856316356,0.0165084684808763,0.0159763175458041,-0.00928765181602564,-0.00942882898264052,0.179487159259117,0.514815507456992,-0.150723563853257,1.0895173758933,-0.590498733657381,0.863198851236261,10
"GRC",2017,10754679,2903969531.53378,2597184435.98072,270.019173192782,241.493440760131,0.00748544593861578,0.0142714896735008,0.0196787191644132,0.0142299449425103,-0.0121932732257974,4.15447309904948e-05,0.259282916935698,0.371326125659795,-0.3954874456308,0.953074315012054,-0.579697369007057,0.696503531993898,11
"GRC",2018,10732877,2938580713.57321,2616017354.63423,273.792452254248,243.738687644909,0.0138773775331282,0.00925438682884483,0.0166008972359144,0.013166254346582,-0.00272351970278617,-0.0039118675177372,0.268162606526222,0.262917857551471,-0.564468606374998,0.844565694461205,-0.70835197002999,0.60042973948991,12
"GRC",2019,10721584,3005258499.06423,2685795222.50393,280.299860455716,250.503584405432,0.0234896144961709,0.0273765302871851,0.0130299273747152,0.0116795844928292,0.0104596871214557,0.0156969457943559,0.293807689221104,0.312619933567858,-0.603824485042999,0.943246081145857,-0.781811918331142,0.663332817259359,13
"HUN",2002,10158610,2204549852.79362,1684006761.52768,217.012942990589,165.771376352442,0.0751396165833222,0.0940502570539419,0.00746056309001464,0.0166252699007625,0.0676790534933076,0.0774249871531794,0.110699664352663,-0.539456187107213,-1.36072681843066,-0.535772733524229,0.0977818314050571,-0.662269036820915,-4
"HUN",2003,10129554,2307797882.45127,1832182144.09531,227.828183003049,180.874907631206,0.0486347646681589,0.0871960860880794,0.0122426031859542,0.0175369218258217,0.0363921614822047,0.0696591642622577,0.0940596892427598,-0.408437492023675,-1.55152512285704,-0.475804204366092,0.399504378369068,-0.621925624701711,-3
"HUN",2004,10107140,2385992341.83197,1836861549.32854,236.069980413052,181.739003252012,0.0355365266962258,0.00476593550589488,0.0278181424125457,0.0220289049871001,0.0077183842836801,-0.0172629694812052,0.0536125788113648,-0.310362320443517,-1.10660645938624,-0.365417262835154,0.452586949462309,-0.498859508498931,-2
"HUN",2005,10087064,2466036746.00392,1893856955.89198,244.475175928687,187.751059762482,0.0349854855723262,0.0325453253889245,0.0204057147758316,0.0199439140545321,0.0145797707964945,0.0126014113343924,0.0162467454143119,-0.309942164566274,-1.02066242106033,-0.388979453001769,0.534165482159202,-0.519600065117221,-1
"HUN",2006,10071374,2556685605.22574,1924587861.0065,253.856683827424,191.094865606868,0.0376560970606992,0.0176530481438126,0.0238893122218427,0.0180221557412876,0.0137667848388565,-0.000369107597474994,-0.061009995910074,0.886483764107561,-0.56000195449854,-0.164996346022574,2.34421530968125,-0.274163200311563,0
"HUN",2007,10055778,2505332166.90692,1880483857.96239,249.143543831906,187.005307591555,-0.0187406592612316,-0.0216329840183036,0.0193862487173533,0.0163072852857997,-0.0381269079785849,-0.0379402693041033,-0.0855500964013483,1.09807326261777,-0.285391630167954,-0.0828637437930466,2.47196939608135,-0.162966442545137,1
"HUN",2008,10038186,2500573638.0668,1873012884.88073,249.106127149547,186.588780570586,-0.000150192502307966,-0.00222983824826972,-0.0156616370432081,-0.00332032165566165,0.0155114445409001,0.00109048340739193,-0.238498236536788,1.28602501534746,0.123660768136701,-0.397683773649744,2.59818870832606,-0.36818722400991,2
"HUN",2009,10022647,2332074448.23578,1763125925.28473,232.680493310378,175.914199640547,-0.0682127799495573,-0.0589107869180214,-0.0370957943770671,-0.0119813474816093,-0.0311169855724902,-0.0469294394364121,-0.248683922129079,1.26548770765609,0.284709811372996,-0.249151815458142,2.47336048947452,-0.209025023282964,3
"HUN",2010,10000020,2304732687.02655,1708790439.73031,230.472807757039,170.878702215626,-0.00953335437167535,-0.0290424130969846,0.018680091453291,0.012915621343093,-0.0282134458249663,-0.0419580344400776,-0.28978678220988,1.16440262174057,0.478518870986048,-0.243133655223097,2.323496263506,-0.187111417814785,4
"HUN",2011,9958824,2303650085.0825,1689364643.7195,231.317481369538,169.634953255475,0.00365826035930272,-0.00730516659913949,0.00497166914332681,0.0015122222546573,-0.00131340878402408,-0.00881738885379679,-0.260879245259134,1.15205920372982,0.0136500875051948,-0.375214126351358,2.28752025968977,-0.36880231055539,5
"HUN",2012,9913588,2213096729.78346,1631360980.99721,223.238723435295,164.558077357785,-0.0355494375988608,-0.0303852326886247,0.000972280674887749,-0.00240676684876995,-0.0365217182737485,-0.0279784658398547,-0.234107754136315,1.23069962162769,-0.066255959913168,-0.391492571511062,2.3562413369738,-0.396497325759307,6
"HUN",2013,9872737,2282522199.53771,1638709445.10721,231.194470139103,165.983297752914,0.0350175108759547,0.00862360560481967,0.00948247964295756,0.00484595043719782,0.0255350312329972,0.00377765516762185,-0.253797581241483,1.11990742532454,-0.148474337290781,-0.512107429185776,2.25705512796046,-0.542768645452915,7
"HUN",2014,9833034,2474964893.1963,1729097365.13465,251.699006959225,175.845762877932,0.0849747383699517,0.0577200961887865,0.0161275100011373,0.0100824336091501,0.0688472283688144,0.0476376625796364,-0.320656900644589,0.972455728128256,-0.191186119153083,-0.658364304520769,2.102254441651,-0.653172781569827,8
"HUN",2015,9797756,2639292991.93963,1809610247.21262,269.377293325087,184.696398564387,0.0678790175269102,0.0491061246389153,0.0280406894709007,0.0182793808301733,0.0398383280560095,0.030826743808742,-0.307239386126314,1.08826371364201,-0.149882598212179,-0.396603138099702,2.19065287216627,-0.444415279505492,9
"HUN",2016,9759760,2728640414.47928,1902321746.07607,279.580687893891,194.914807953891,0.0371779631689586,0.0538491926393174,0.0165084684808763,0.0159763175458041,0.0206694946880823,0.0378728750935133,-0.248957921864339,1.21976692184384,-0.185997467492576,-0.235174770142096,2.31469269259382,-0.327044430256083,10
"HUN",2017,9726755,2888062764.38851,2029368701.94376,296.919452005166,208.637793585195,0.0601699591555267,0.0680371226428953,0.0196787191644132,0.0142299449425103,0.0404912399911135,0.053807177700385,-0.208965965661758,1.04083864305993,-0.223256409505335,-0.198302336685759,2.11690607561035,-0.310358628143685,11
"HUN",2018,9706961,3109136153.61708,2139589515.26238,320.299644102524,220.418060324172,0.0757960488265113,0.0549263138581573,0.0166008972359144,0.013166254346582,0.0591951515905969,0.0417600595115752,-0.191523343400629,0.681174915327274,-0.364787475267034,-0.279481822305826,1.67024686846333,-0.39601134549237,12
"HUN",2019,9694826,3311708211.98844,2288251542.81203,341.595425435014,236.028118793677,0.0643701247644914,0.0684249280427638,0.0130299273747152,0.0116795844928292,0.0513401973897762,0.0567453435499345,-0.205863766391009,0.855583004748774,-0.414709350187171,-0.389245294210387,1.94475847838053,-0.510604808519208,13
"ISR",1993,5261400,1276876927.27283,1001544706.00424,242.687673864908,190.357073403322,0.0156426975603905,0.0335726765755266,0.00355913800607954,0.0092685860525954,0.012083559554311,0.0243040905229313,0.065941421727711,-0.104211150050804,-0.411554236563673,0.00238207949410074,0.285289040342513,-0.0656565250799843,-13
"ISR",1994,5399300,1375196464.05854,1082634909.47888,254.699028403412,200.513938747409,0.0483072434011982,0.0519821221434036,0.0196300592920249,0.0155099329799393,0.0286771841091733,0.0364721891634643,0.0541886963005518,-0.0349323305820237,-0.502744713174045,0.0846480084513632,0.340104706030432,0.00510233725367248,-12
"ISR",1995,5544900,1454469391.47373,1145741547.46756,262.307596435234,206.629794489993,0.0294352800121951,0.0300449954278781,0.020472910301562,0.0107906391874,0.00896236971063313,0.0192543562404781,0.0521888658692297,-0.0510373241092474,-0.478394855248221,0.117008716806994,0.00286243502107864,0.0307460336695122,-11
"ISR",1996,5685100,1509320474.54686,1177479879.94748,265.487058195434,207.116828190794,0.0120482471475167,0.00235426175854148,0.0163520186307737,0.0152015878917426,-0.004303771483257,-0.0128473261332012,0.0497162747318787,-0.0903172790958693,-0.568053575677022,0.0809185355046509,0.0361942284951429,-0.0125899046976741,-10
"ISR",1997,5828900,1553566271.57338,1196098742.74315,266.528207993511,205.201451859381,0.00391398966679013,-0.00929083284414567,0.0211787694280359,0.0183733040989642,-0.0172647797612457,-0.0276641369431099,0.0625592890198057,-0.256164004096352,-0.609159457577832,-0.176234302260961,0.302031235608664,-0.270935256506547,-9
"ISR",1998,5970700,1637125535.46861,1256814996.00406,274.193232865261,210.497093473807,0.0283530031318113,0.0254796566920295,0.0153836879272493,0.0177190293211185,0.012969315204562,0.00776062737091099,0.0868684876434638,-0.217175437404723,-0.696079053457281,-0.0671048680912525,0.124516790625724,-0.188494870335137,-8
"ISR",1999,6125300,1707556419.85163,1306101869.088,278.771067515326,213.230677532202,0.0165578111828308,0.0129027275026505,0.0184010657893667,0.027539513343072,-0.00184325460653589,-0.0146367858404215,0.114976114514983,-0.201260417219241,-0.837026757767032,-0.0165250883032428,0.105948400025271,-0.177860325301815,-7
"ISR",2000,6289200,1871526353.64945,1405142598.20802,297.577808568571,223.421515965149,0.0652848337479188,0.0466856205858663,0.0267086851510392,0.0292464264872967,0.0385761485968796,0.0174391940985696,0.0803617061585177,-0.167658766299656,-0.177383665929958,-0.0334436701650596,0.194323375809422,-0.168766880662143,-6
"ISR",2001,6439037,1887743894.2139,1464843777.7023,293.171773079407,227.494232088167,-0.0149170387169333,0.0180646912207498,0.00282782839492945,0.0111333612851228,-0.0177448671118627,0.00693132993562706,0.099406222284531,-0.0942907897959379,-0.472628073286195,0.0653757125592531,0.128899189204382,-0.067527728455173,-5
"ISR",2002,6569957,1865814135.60101,1483660021.14573,283.991833675777,225.82492109853,-0.0318132103946942,-0.00736487096724581,0.00746056309001464,0.0166252699007625,-0.0392737734847088,-0.0239901408680083,0.090607824826638,0.0205292095650198,-0.304086598862205,0.173175363788608,0.157236333008998,0.0591148133701895,-4
"ISR",2003,6689748,1867097708.90964,1468705418.21692,279.098361987573,219.545701604443,-0.0173812114687024,-0.028199595035634,0.0122426031859542,0.0175369218258217,-0.0296238146546566,-0.0457365168614556,0.0739781059711323,0.083990584925987,0.0261680311711685,0.227838749582334,0.261348384962161,0.122094515872411,-3
"ISR",2004,6808969,1966857292.7588,1529832877.66681,288.862718094149,224.679078090503,0.0343872797408373,0.0231126458364779,0.0278181424125457,0.0220289049871001,0.00656913732829167,0.00108374084937779,0.0616597792642318,0.199953423614785,0.132413338288398,0.309406884551123,0.474074854186144,0.209753602403722,-2
"ISR",2005,6930128,2046366873.34286,1575424025.64296,295.285581066159,227.329715359219,0.0219914081144328,0.0117283897619735,0.0204057147758316,0.0199439140545321,0.00158569333860115,-0.00821552429255856,0.0333054483833766,0.327358978887209,0.284555286729266,0.418365100614411,0.681946135602883,0.330868104495513,-1
"ISR",2006,7053707,2144425800.53106,1645479435.16405,304.014017102079,233.278676753095,0.0291308497600644,0.0258323222429375,0.0238893122218427,0.0180221557412876,0.00524153753822176,0.0078101665016499,0.0272455406813273,0.445256669396016,0.418076346781467,0.495806536674652,0.889880724262103,0.423047273194825,0
"ISR",2007,7180160,2287113039.90272,1759126938.28506,318.532322385953,244.998292278314,0.0466501437899005,0.0490174637783323,0.0193862487173533,0.0163072852857997,0.0272638950725472,0.0327101784925325,0.0619762820497048,0.410614515672426,0.30748394423471,0.467675460360409,0.79007808029124,0.393474509941676,1
"ISR",2008,7331353,2289239130.94487,1780514628.79715,312.253294984551,242.863033439687,-0.0199092516790698,-0.00875360419311111,-0.0156616370432081,-0.00332032165566165,-0.00424761463586165,-0.00543328253744946,-0.00502303064199583,0.307009472517607,0.437383599291777,0.263866799334652,0.731641984601081,0.240046798234625,2
"ISR",2009,7485565,2341053348.59344,1799151871.07134,312.742371296414,240.349508830841,0.00156505536943019,-0.010403485254816,-0.0370957943770671,-0.0119813474816093,0.0386608497464973,0.00157786222679324,-0.00958676483646892,0.227903403037242,0.7080266580769,0.166709215610821,0.536976964683744,0.20856198104661,3
"ISR",2010,7623561,2434452463.02988,1874775354.28057,319.332719057391,245.918587688952,0.0208538089691199,0.0229063860244318,0.018680091453291,0.012915621343093,0.00217371751582895,0.00999076468133886,-0.0161137698774986,0.246438015199973,0.97830189361868,0.122880901325766,0.571115415012436,0.214604317918262,4
"ISR",2011,7765832,2517968386.09271,1940569503.07111,324.236783140906,249.885588958286,0.0152404953614056,0.0160026321399984,0.00497166914332681,0.0015122222546573,0.0102688262180788,0.0144904098853411,-0.0787631658016967,0.231998351550903,0.903921601608048,0.0977574362562046,0.54016374866224,0.20310159945867,5
"ISR",2012,7910525,2623214974.76332,2009287646.39268,331.610730610588,254.001807262183,0.0224877217994255,0.0163382132543299,0.000972280674887749,-0.00240676684876995,0.0215154411245377,0.0187449801030999,-0.0805474868903384,0.206806369883601,0.982687817174202,0.0684891710940709,0.44072073938129,0.217584303194278,6
"ISR",2013,8059456,2738396076.93744,2085396516.36195,339.774306967795,258.751523224638,0.0243198113176595,0.0185268492220869,0.00948247964295756,0.00484595043719782,0.0148373316747019,0.0136808987848891,-0.101211457958586,0.161652111444293,1.13915703612429,0.0226237646037966,0.333824688235492,0.205829572902708,7
"ISR",2014,8215668,2848862856.79786,2161113172.19921,346.759734789412,263.047773132898,0.0203505390159897,0.0164674311543562,0.0161275100011373,0.0100824336091501,0.00422302901485239,0.00638499754520616,-0.141045329253664,0.170198507303854,1.07017269666579,0.0707970053166829,0.28731959691053,0.234755161013382,8
"ISR",2015,8380149,2999767730.01523,2250599302.99381,357.961144845423,268.563160749745,0.0317923133836135,0.0207504592772789,0.0280406894709007,0.0182793808301733,0.00375162391271289,0.00247107844710559,-0.0879853017255108,0.216290981677905,1.06940856063299,0.111329759631603,0.35415717993648,0.259527870584591,9
"ISR",2016,8546009,3159527960.57602,2378034349.59046,369.708007629762,278.26256087379,0.0322890789534878,0.0354790096879345,0.0165084684808763,0.0159763175458041,0.0157806104726115,0.0195026921421304,-0.110155200238422,0.190032359858576,1.01739570857128,0.0788983909339792,0.379292234786524,0.209280083631914,10
"ISR",2017,8713268,3287625319.79832,2467998217.55257,377.312544477953,283.245989627837,0.0203603489249593,0.0177506098486253,0.0196787191644132,0.0142299449425103,0.000681629760546087,0.00352066490611502,-0.12840483019371,0.138262590267737,0.951338427030529,0.0732305730058674,0.245568781116768,0.199420946771488,11
"ISR",2018,8882764,3418073663.96494,2569218009.43911,384.798432556009,289.236324351194,0.0196457709465294,0.0209283438823915,0.0166008972359144,0.013166254346582,0.00304487371061501,0.00776208953580948,-0.176936756974729,0.115743043262924,0.98389546892541,0.0382280268255892,0.218968819505426,0.179795052110614,12
"ISR",2019,9054026,3578573124.85525,2665044107.92794,395.24661458397,294.349067246763,0.0267902654163441,0.0175222813402973,0.0130299273747152,0.0116795844928292,0.0137603380416289,0.00584269684746808,-0.154560182284571,0.0579911966674102,0.980251370517613,0.0122512157761564,0.0807140165998541,0.167765717493639,13
"ITA",1993,56831823,19324989980.7184,14954124562.594,340.038185660848,263.129418927737,-0.0162815073895546,-0.0243341749982555,0.00355913800607954,0.0092685860525954,-0.0198406453956341,-0.0336027610508509,0.00269897931923846,0.424472123725713,0.67049093423672,0.405680480634707,1.23700166861248,0.382409359655224,-13
"ITA",1994,56843400,19644036297.5013,15162815080.3966,345.58165587388,266.747152358876,0.0161710343814967,0.0136552164864234,0.0196300592920249,0.0155099329799393,-0.00345902491052819,-0.00185471649351587,0.0309442202613788,0.516266222722456,0.86209609296333,0.517436253726401,1.22137740562018,0.492293542693827,-12
"ITA",1995,56844301,20151555452.8005,15268752475.2244,354.504411142297,268.60656577032,0.0254918327209381,0.00694651340035168,0.020472910301562,0.0107906391874,0.00501892241937618,-0.00384412578704829,0.00955594394087889,0.609149663700047,1.03509283348198,0.618585890220617,1.22906744219184,0.592501129005703,-11
"ITA",1996,56860279,20494542035.3647,15503350457.4578,360.436888383272,272.656953678645,0.0165960853275475,0.0149666968876367,0.0163520186307737,0.0152015878917426,0.000244066696773793,-0.000234891004105897,-0.0187969857903437,0.691184767730505,1.04997366374003,0.754467492054969,1.14074610793989,0.716148962527082,-10
"ITA",1997,56890371,20991779020.4636,16013606860.5047,368.986502486749,281.481849722946,0.0234431902438104,0.0318535434008007,0.0211787694280359,0.0183733040989642,0.00226442081577449,0.0134802393018365,-0.0647073349597043,0.7577706282647,1.40970510189225,0.774025162418984,1.24179121927604,0.760004420194444,-9
"ITA",1999,56916316,21777310645.0372,16881345348.2971,382.619821090269,296.599403030532,0.0146396522546492,0.0247269297365236,0.0184010657893667,0.027539513343072,-0.00376141353471748,-0.00281258360654846,-0.00743922150875731,0.787859172141163,1.82586479985776,0.701297835734955,1.21499702186685,0.785033917844089,-7
"ITA",2000,56942108,22450272585.9627,17472763791.7483,394.264866098086,306.851368968433,0.0299810704557562,0.0339810731926562,0.0267086851510392,0.0292464264872967,0.00327238530471696,0.0047346467053595,-0.0318361237670793,0.868572485136419,2.43907290157357,0.698788537085423,1.15410480167351,0.885391907842825,-6
"ITA",2001,56976976,22962844068.7249,17781431010.5375,403.019705165204,312.080988828497,0.0219625245231585,0.0168992435175133,0.00282782839492945,0.0111333612851228,0.019134696128229,0.0057658822323905,-0.102784537947867,0.791194803978826,2.181448172241,0.652697587514557,1.04875004362055,0.809925254702613,-5
"ITA",2002,57089823,23213510655.8553,17919432547.6541,406.613813741467,313.881382109979,0.00887841746046814,0.00575241685345951,0.00746056309001464,0.0166252699007625,0.0014178543704535,-0.010872853047303,-0.124015746098788,0.758654556990636,2.26372785388061,0.660412903846093,0.861599731714516,0.804828513830586,-4
"ITA",2003,57399187,23340885239.9797,18197891392.05,406.641390930846,317.040925894125,6.78192755021456e-05,0.0100157187545546,0.0122426031859542,0.0175369218258217,-0.012174783910452,-0.00752120307126702,-0.102284029688282,0.755224954868824,2.10172393906674,0.702993527612481,0.747825831120944,0.835145763292317,-3
"ITA",2004,57828178,23782962746.3116,18496179574.8407,411.269446295051,319.84717856476,0.0113168931066276,0.00881244542615178,0.0278181424125457,0.0220289049871001,-0.016501249305918,-0.0132164595609483,-0.0914439589358132,0.715002426046056,1.98238000139327,0.659466017472958,0.682492126502996,0.797448674226472,-2
"ITA",2005,58166684,23987529128.7969,18847589939.6441,412.392928034147,324.027237647656,0.00272801689348334,0.0129842643354507,0.0204057147758316,0.0199439140545321,-0.0176776978823483,-0.00695964971908136,-0.0605763050866907,0.725704760597775,1.71544973052784,0.687264982596562,0.746582126298515,0.811948174113967,-1
"ITA",2006,58399863,24449091111.4184,19182035084.1348,418.649802507558,328.460275397133,0.0150581732349755,0.0135883242859283,0.0238893122218427,0.0180221557412876,-0.00883113898686716,-0.00443383145535936,-0.0906020274424885,0.737667751227887,1.64292626111041,0.722145234187834,0.704901232251504,0.852681379964499,0
"ITA",2007,58756247,24961789287.645,19399769918.7964,424.836346127503,330.173741675441,0.0146692499174996,0.00520310248031741,0.0193862487173533,0.0163072852857997,-0.00471699879985366,-0.0111041828054823,-0.112290606909535,0.709971018132778,1.39663444824283,0.720538598854188,0.710583246143203,0.81662436347414,1
"ITA",2008,59211183,24480901160.6134,19264010344.4857,413.450634158304,325.344121979216,-0.0271659048434065,-0.0147355468224077,-0.0156616370432081,-0.00332032165566165,-0.0115042678001984,-0.0114152251667461,-0.0270594933343217,0.616709021454865,1.29149235389768,0.671575595077069,0.638225059353209,0.719214927065484,2
"ITA",2009,59555456,23411679387.9959,18936485365.1423,393.107214022439,317.963905190186,-0.0504557381070327,-0.022945588369824,-0.0370957943770671,-0.0119813474816093,-0.0133599437299656,-0.0109642408882147,-0.055165007129372,0.602450597927205,1.18169363060897,0.688342327407552,0.586988971659799,0.719262715206963,3
"ITA",2010,59819402,23552475532.5407,19084061567.4399,393.726362101391,319.027956304878,0.00157377169843897,0.00334086561760749,0.018680091453291,0.012915621343093,-0.017106319754852,-0.0095747557254855,-0.122516462095243,0.578169548909463,1.45524715295712,0.613979010056846,0.547445730715039,0.701758275029193,4
"ITA",2011,60026844,23473577790.5453,18935871955.6311,391.051340139509,315.456730585922,-0.006817299509148,-0.0112572092163088,0.00497166914332681,0.0015122222546573,-0.0117889686524748,-0.0127694314709661,-0.114754039651606,0.56422605153114,1.36149781683317,0.601514401662028,0.535272104749774,0.694320095258759,5
"ITA",2012,60191243,22444474844.8868,18167526343.351,372.886049967215,301.830057627336,-0.0475659791663476,-0.044157391149457,0.000972280674887749,-0.00240676684876995,-0.0485382598412354,-0.0417506243006871,-0.168011050308722,0.618825233590665,1.47188919236177,0.641849069120332,0.553801121145608,0.764704936186922,6
"ITA",2013,60311616,22015918991.3886,17760919376.843,365.036131537059,294.48588107543,-0.0212765377081929,-0.0246330759750482,0.00948247964295756,0.00484595043719782,-0.0307590173511505,-0.029479026412246,-0.164464330470674,0.602077310632001,1.67444676024634,0.562070908816461,0.546980026091335,0.743765512442003,7
"ITA",2014,60320708,22160895103.8411,17758199989.4353,367.384532420294,294.396411750261,0.00641273259097375,-0.000303861491326884,0.0161275100011373,0.0100824336091501,-0.00971477741016358,-0.010386295100477,-0.14343722627599,0.552550012817413,1.63726569495575,0.503800858672792,0.412057696651784,0.717544087116523,8
"JPN",1993,124938000,51294991677.027,33123472950.2894,410.563572948398,265.119282766567,-0.0147967672063576,0.0109820815266719,0.00355913800607954,0.0092685860525954,-0.0183559052124371,0.00171349547407651,0.0419260796117704,0.564877322064124,0.496714697897729,0.662149203785812,0.927541242671154,0.607319177105106,-13
"JPN",1994,125265000,51591305917.9017,33995437617.8695,411.85730984634,271.388158047894,0.00314617002599427,0.0233702652529129,0.0196300592920249,0.0155099329799393,-0.0164838892660306,0.00786033227297356,0.0415347437489676,0.554981472652926,0.590067165578958,0.67022730291488,0.798330770444992,0.61438923102389,-12
"JPN",1995,125570246,52505991714.5565,34901476138.0235,418.140390634868,277.943838208484,0.0151402848611477,0.0238689588375882,0.020472910301562,0.0107906391874,-0.00533262544041424,0.0130783196501882,0.0327558434402551,0.526168469653986,0.736958903494232,0.67324633351787,0.480958316587568,0.619504375446246,-11
"JPN",1996,125864000,53991345715.6334,35688295145.2687,428.965754430444,283.546487838212,0.0255598503409233,0.0199570155412498,0.0163520186307737,0.0152015878917426,0.0092078317101496,0.0047554276495072,0.0236164656573814,0.612577914941527,0.848001354841445,0.754356765861602,0.665296008806158,0.699847228944778,-10
"JPN",1997,126166000,53854740184.0926,35750223433.7864,426.856206775935,283.358618278985,-0.00492988500559033,-0.000662790170972372,0.0211787694280359,0.0183733040989642,-0.0261086544336262,-0.0190360942699366,0.00679883306459639,0.621587527147309,0.874528864088461,0.766596284045755,0.633988210755187,0.70294954191988,-9
"JPN",1998,126486000,52464156016.3368,35449362685.6399,414.782315958579,280.263133355786,-0.0286933614809657,-0.0109843739648046,0.0153836879272493,0.0177190293211185,-0.044077049408215,-0.028703403285923,0.0308634291103573,0.700021002701681,1.01462382271872,0.882350479620886,0.523895566468116,0.808108904732353,-8
"JPN",1999,126686000,51755911823.5274,35856747764.4156,408.536948230486,283.03638732311,-0.015171483998218,0.00984654263701312,0.0184010657893667,0.027539513343072,-0.0335725497875847,-0.0176929707060589,0.0763970690958995,0.433017130699665,0.814053132259855,0.626749869368977,0.151775998641724,0.542927649886532,-7
"JPN",2000,126925843,53021228875.6448,36586549447.1913,417.733911569488,288.251380352788,0.0222622958776535,0.0182574813810676,0.0267086851510392,0.0292464264872967,-0.0044463892733857,-0.0109889451062291,0.0580702736521382,0.273107133387928,0.873666200957842,0.463894309065357,0.0308146375493439,0.377679099356746,-6
"JPN",2001,127291000,53003231559.9902,37318167281.6657,416.394179949802,293.172080364407,-0.00321229505479437,0.0169267937465181,0.00282782839492945,0.0111333612851228,-0.00604012344972382,0.0057934324613953,0.0404248210865629,0.337343177482302,0.795692011126391,0.512877643416447,0.136620742342099,0.440200775107208,-5
"JPN",2002,127435000,52783925842.692,37770020285.1871,414.20273741666,296.386552243788,-0.00527680171287148,0.0109047804760989,0.00746056309001464,0.0166252699007625,-0.0127373648028861,-0.00572048942466363,0.0451749916061939,0.356899776087904,0.900296510152353,0.5348047405503,0.0468567474714874,0.474914077707047,-4
"JPN",2003,127619000,52705507664.7029,37748699395.4205,412.991072369341,295.792157871638,-0.00292958167619783,-0.00200748375993332,0.0122426031859542,0.0175369218258217,-0.015172184862152,-0.019544405585755,0.039539073290321,0.35558113742744,0.845557490922965,0.558972634625881,-0.0145210755101068,0.495086204476592,-3
"JPN",2004,127687000,53149740462.8279,37974320017.887,416.250209205541,297.401615026486,0.00786056770215549,0.00542642616201672,0.0278181424125457,0.0220289049871001,-0.0199575747103902,-0.0166024788250834,0.0205711646874942,0.330164403983939,0.86705191742714,0.51883226933043,-0.070728382125472,0.471041225098127,-2
"JPN",2005,127767994,53577531010.0872,38365529811.1722,419.334524498265,300.274964097599,0.00738244531371546,0.00961513737833641,0.0204057147758316,0.0199439140545321,-0.0130232694621162,-0.0103287766761957,0.0171965252659209,0.379637194892294,0.705037336859538,0.584283198718751,0.0190673003921984,0.527508931883559,-1
"JPN",2006,127900515,53758218016.6003,38507734970.073,420.312756493595,301.075683472213,0.00233010327091865,0.00266307137465205,0.0238893122218427,0.0180221557412876,-0.021559208950924,-0.0153590843666356,-0.00723574967879137,0.367903379564254,0.694815459619564,0.592022889578648,-0.0292503392846784,0.544948726966154,0
"JPN",2007,128032743,54132888564.5806,38680130716.5813,422.805036400576,302.111239752016,0.00591207346657896,0.00343361985263169,0.0193862487173533,0.0163072852857997,-0.0134741752507743,-0.012873665433168,-0.0082905070554754,0.446851240753262,0.618050605027594,0.708481912396562,-0.0253955704198945,0.644485029819663,1
"JPN",2008,128083960,52296967767.5625,38022878743.7266,408.302239933575,296.859019222443,-0.0349034816317024,-0.0175379497503023,-0.0156616370432081,-0.00332032165566165,-0.0192418445884943,-0.0142176280946407,0.0199488410184886,0.581805730625657,0.720201759308498,0.855160249130559,0.132475252382218,0.795771628210654,2
"JPN",2009,128031514,49625869629.0295,37664292911.6569,387.606676501767,294.179860371384,-0.0520165792049152,-0.00906599309804701,-0.0370957943770671,-0.0119813474816093,-0.0149207848278481,0.00291535438356227,-0.0306340355488072,0.406257432532942,0.651057269390881,0.713762964658379,-0.10106517576442,0.644395646251355,3
"JPN",2010,128057352,51075695033.4097,38359024433.2868,398.850157649751,299.545663206332,0.0285946965127968,0.0180755204752838,0.018680091453291,0.012915621343093,0.00991460505950581,0.00515989913219084,-0.0329303721113189,0.481852803925932,0.796364810367305,0.824527700966704,-0.0865469504376397,0.736719173310537,4
"JPN",2011,127834233,50311928219.7246,38333030594.4871,393.571636008678,299.865143278852,-0.0133227020224584,0.00106598045719419,0.00497166914332681,0.0015122222546573,-0.0182943711657853,-0.000446241797463109,-0.041767771373883,0.551764414297648,0.758053768167292,0.902552527540345,-0.00694521030399153,0.822306130639179,5
"JPN",2012,127592657,50759471044.4103,38901907002.0891,397.824390822195,304.891424920237,0.0107475792289229,0.0166228781751485,0.000972280674887749,-0.00240676684876995,0.00977529855403514,0.0190296450239185,-0.0118688199534989,0.474032921728151,0.616289455362953,0.843406680184176,-0.0544198597878476,0.746118479039635,6
"JPN",2013,127413888,51508549288.2285,39667164618.9853,404.26165543452,311.32528205234,0.016051651461007,0.0208825592187143,0.00948247964295756,0.00484595043719782,0.00656917181804939,0.0160366087815165,-0.0810552716403957,0.590154689467035,1.33830975650665,0.842758992388012,0.15144703149678,0.841597400575104,7
"JPN",2014,127237150,51456389496.0406,39210101255.6189,404.413251130197,308.165510274467,0.000374923708458041,-0.0102012789182861,0.0161275100011373,0.0100824336091501,-0.0157525862926793,-0.0202837125274362,-0.0725113024050053,0.606107774687807,1.30495220646551,0.825919196830293,0.242835454002418,0.834026657651713,8
"JPN",2015,127094745,53046263313.4845,39249590195.412,417.375740542888,308.821503166099,0.0315496185551458,0.00212644066901913,0.0280406894709007,0.0182793808301733,0.00350892908424516,-0.0161529401611542,-0.0663632508117054,0.705970529433798,1.42899561335399,0.901219280440504,0.367787072438849,0.918990377287638,9
"JPN",2016,127041812,53801300739.0036,39259588455.8529,423.49286342833,309.028876696539,0.0145497899923317,0.000671274292243673,0.0165084684808763,0.0159763175458041,-0.00195867848854459,-0.0153050432535604,-0.0851161090526802,0.638208027437634,1.39530615748477,0.852725118779031,0.262427584787293,0.865892209148669,10
"JPN",2017,126918546,54423088211.0992,39523470240.4372,428.803275221095,311.408154962925,0.0124615852950996,0.00766972249661091,0.0196787191644132,0.0142299449425103,-0.00721713386931366,-0.00656022244589938,-0.0702520659438998,0.653560962088463,1.39143797327218,0.838215660675866,0.347443954390152,0.860283462019659,11
"JPN",2018,126748506,54274806711.8113,39536438408.677,428.208650536767,311.928240074696,-0.00138766979052551,0.0016687144745493,0.0166008972359144,0.013166254346582,-0.0179885670264399,-0.0114975398720327,-0.0812855691313008,0.676205564489533,1.43194834162909,0.865155838419147,0.372123279238032,0.888489207269551,12
"JPN",2019,126555078,54276367235.6365,39599135380.987,428.875459550003,312.900406738219,0.00155599465658973,0.00311178897753273,0.0130299273747152,0.0116795844928292,-0.0114739327181255,-0.00856779551529652,-0.080260331415063,0.638722553927082,1.37947252982339,0.816248776291322,0.409054561099913,0.834974201484139,13
"KOR",1993,44194628,7692738099.85389,4729852858.40189,174.065004005779,107.023253106733,0.0712450353940879,0.0705986442507633,0.00355913800607954,0.0092685860525954,0.0676858973880083,0.061330058198168,0.079682429167963,-1.00164785723368,-3.22205972688617,-0.930588176766461,-0.207159802118211,-1.03936826737951,-13
"KOR",1994,44641540,8558466188.05835,5288869817.14828,191.715298980688,118.47417936631,0.0965826380678765,0.101648911583408,0.0196300592920249,0.0155099329799393,0.0769525787758516,0.0861389786034685,0.0753279548372332,-0.896661106958082,-2.85315160950658,-0.81063065897022,-0.201068220299668,-0.918408903742606,-12
"KOR",1995,45092991,9621017492.2098,5948698861.64145,213.359488444885,131.920698310774,0.106967028499437,0.107505930489094,0.020472910301562,0.0107906391874,0.0864941181978747,0.0967152913016935,0.0739002659585185,-0.782722483992301,-2.53458312854622,-0.683396100409607,-0.179911722070455,-0.795319972364217,-11
"KOR",1996,45524681,10296541564.6908,6544538697.57339,226.174930576466,143.758035285813,0.0583302467096756,0.0859306040770678,0.0163520186307737,0.0152015878917426,0.0419782280789018,0.0707290161853251,0.0693281533127647,-0.587375271473321,-1.92661269385185,-0.481701968525842,0.0144694966747836,-0.595226511271089,-10
"KOR",1997,45953580,10882795157.2883,6916811977.1783,236.821487189645,150.517369423194,0.0459979097487171,0.0459469132236512,0.0211787694280359,0.0183733040989642,0.0248191403206812,0.027573609124687,0.0621717543217627,-0.461129822903054,-2.18756120323108,-0.330501514677756,0.0240562983356774,-0.459151454354752,-9
"KOR",1998,46286503,10055160168.9812,6191861569.65529,217.237413009603,133.772507498682,-0.0863158140627398,-0.117937836996791,0.0153836879272493,0.0177190293211185,-0.101699501989989,-0.13565686631791,0.113339422708435,-0.354210190753351,-2.2264106307422,-0.221504138151324,0.199516467381569,-0.375030082185446,-8
"KOR",1999,46616677,10982297207.2457,6970636282.19571,235.587302956959,149.530956103879,0.0810907333007087,0.111362783653349,0.0184010657893667,0.027539513343072,0.062689667511342,0.083823270310277,0.146097616626241,-0.845553333589693,-2.48227393006228,-0.709965879887912,-0.223979688102118,-0.900158681201082,-7
"KOR",2000,47008111,11837397938.1054,7714026952.91156,251.816073573035,164.099913585372,0.0666173963029815,0.0929720358626431,0.0267086851510392,0.0292464264872967,0.0399087111519423,0.0637256093753464,0.143140528384832,-1.03677558881223,-2.5448119181108,-0.921679153149702,-0.422642409378859,-1.1109770576987,-6
"KOR",2001,47370164,12334171655.5288,8241419530.66606,260.378487512283,173.979121766732,0.0334373394263432,0.058459830670266,0.00282782839492945,0.0111333612851228,0.0306095110314137,0.0473264693851432,0.142346133934074,-1.13452908621616,-2.44410343477086,-1.05562806198652,-0.538587140753321,-1.21687513243688,-5
"KOR",2002,47644736,13321323561.2943,9004437121.91745,279.596964527083,188.991227108855,0.0712128601350877,0.0827652944000539,0.00746056309001464,0.0166252699007625,0.063752297045073,0.0661400244992913,0.145293019615813,-1.26078858222024,-2.00425557617307,-1.19096671440317,-0.791463575891032,-1.31710995927713,-4
"KOR",2003,47892330,13737534219.1571,9086430010.73334,286.842052143987,189.726204816791,0.025582569487975,0.00388140903323198,0.0122426031859542,0.0175369218258217,0.0133399663020208,-0.0136555127925897,0.128152512080468,-1.21228750432402,-1.71564230488319,-1.11297426019849,-0.806338888250091,-1.24140726186579,-3
"KOR",2004,48082519,14403629753.9457,9209476763.17242,299.560631462459,191.534822939963,0.0433851160407599,0.00948762951570181,0.0278181424125457,0.0220289049871001,0.0155669736282142,-0.0125412754713983,0.104883620371848,-1.14484900704989,-1.05063604948281,-1.09294144266392,-0.74544125063774,-1.17387700382325,-2
"KOR",2005,48184561,14794997438.8295,9638140433.10502,307.048505408808,200.025490179417,0.0246888938356156,0.0433751742061554,0.0204057147758316,0.0199439140545321,0.00428317905978393,0.0234312601516233,0.096100361521297,-1.10059431918263,-1.07075505222026,-1.03902131703983,-0.689184099255601,-1.11501878511392,-1
"KOR",2006,48438292,15204643932.3314,10100113963.9167,313.897193822016,208.515072412477,0.0220597909072362,0.0415665190502255,0.0238893122218427,0.0180221557412876,-0.00182952131460645,0.0235443633089378,0.0644514988882233,-1.03011660957746,-0.498332434336368,-1.00081042358567,-0.817485043825913,-0.975156581472283,0
"KOR",2007,48683638,16089198612.535,10613421830.6581,330.484722865926,218.007985160396,0.0514949098261708,0.0445203629202124,0.0193862487173533,0.0163072852857997,0.0321086611088175,0.0282130776344127,0.0341970962825738,-0.823123461209582,0.241123260477509,-1.06489093743177,-0.694093355643284,-0.751723917807102,1
"KOR",2008,49054708,16297896439.6349,10864216579.8305,332.239189755953,221.471435113436,0.00529472667382969,0.0157619287614512,-0.0156616370432081,-0.00332032165566165,0.0209563637170378,0.0190822504171129,0.0434948091984634,-0.694196933454165,0.15199680016551,-0.902299405867987,-0.279733659549219,-0.755543456011381,2
"KOR",2009,49307835,16550680816.2459,11005710199.7065,335.660262030281,223.204085105472,0.0102443629333449,0.00779291272770255,-0.0370957943770671,-0.0119813474816093,0.047340157310412,0.0197742602093118,0.0565061873322916,-0.623612014605164,0.228228371903751,-0.890612791261466,-0.244286281590649,-0.682009920373148,3
"KOR",2010,49554112,17668287085.3093,11432246940.1562,356.545327364746,230.702286424913,0.0603618537335153,0.0330415431615938,0.018680091453291,0.012915621343093,0.0416817622802244,0.0201259218185008,0.065985430451126,-0.673528150893389,0.256912068391591,-0.946551503888489,-0.282751609876787,-0.74453414130852,4
"KOR",2011,49936638,17835474751.1738,11745842946.0613,357.16210512958,235.214932692531,0.00172837745634791,0.0193716274029692,0.00497166914332681,0.0015122222546573,-0.0032432916869789,0.0178594051483119,0.0803858939726899,-0.563398059535752,0.0909323641608273,-0.762810928609818,-0.174718156596031,-0.644102747419216,5
"KOR",2012,50199853,18129674632.2637,12011861412.7633,361.14995460771,239.280808506815,0.0111035040971057,0.0171380898830265,0.000972280674887749,-0.00240676684876995,0.010131223422218,0.0195448567317964,0.0961576846314142,-0.517801959547144,0.227014758399613,-0.759986406098538,-0.155305494618881,-0.586949475158823,6
"KOR",2013,50428893,18684929229.5875,12294830496.7398,370.520313217811,243.80528235549,0.0256150109233788,0.0187320903388697,0.00948247964295756,0.00484595043719782,0.0161325312804212,0.0138861399016719,0.0729849202566317,-0.473861887988514,0.357861794708205,-0.701277343725559,-0.115382015358817,-0.538582407248901,7
"KOR",2014,50746659,19243031429.5586,12617583088.4686,379.197996651535,248.638695376351,0.0231502175429288,0.0196309365570366,0.0161275100011373,0.0100824336091501,0.00702270754179146,0.00954850294788656,0.0710372093865365,-0.426207813880601,0.328172963079002,-0.604950774030372,-0.119099420502671,-0.464060615050928,8
"KOR",2015,51014947,20300988058.6759,13020993956.5861,397.941961180043,255.238802004168,0.0482476811950026,0.0261987652567379,0.0280406894709007,0.0182793808301733,0.0202069917241019,0.00791938442656459,0.0639731707432859,-0.347230861417178,0.379176852933095,-0.515581884059508,-0.0549777164582128,-0.389072721602861,9
"KOR",2016,51217803,21171098087.778,13484158327.4679,413.354280107992,263.270924125111,0.0379988778575591,0.0309840463277125,0.0165084684808763,0.0159763175458041,0.0214904093766828,0.0150077287819084,0.0410185871629586,-0.293195638006575,0.476448069800099,-0.410188473243835,-0.0622742830722616,-0.297052414734604,10
"KOR",2017,51361911,21913948109.6549,13921726207.4187,426.657569451707,271.051562069384,0.0316767000931542,0.0291254370086342,0.0196787191644132,0.0142299449425103,0.0119979809287409,0.014895492066124,0.0418868660489338,-0.245891434591521,0.550072739096581,-0.367484196004257,-0.0528258268951565,-0.227051676892775,11
"KOR",2018,51585058,22407357765.772,14464882366.6581,434.376903594293,280.408376523645,0.0179308522641213,0.0339379594735894,0.0166008972359144,0.013166254346582,0.00132995502820688,0.0207717051270073,0.0161888839675762,-0.224045271959788,0.615235298296276,-0.375091471215747,-0.0101522027109799,-0.217504397721675,12
"KOR",2019,51764822,22695802188.4438,15017544839.108,438.440649683753,290.111010892842,0.00931185546928592,0.0340166177212602,0.0130299273747152,0.0116795844928292,-0.00371807190542928,0.0223370332284309,-0.0289286504971421,-0.162028597054534,0.749869148732925,-0.366203688036534,0.0698537668135677,-0.151198419699656,13
"MEX",1993,89364560,12958195364.1811,10321383348.5304,145.003739336725,115.497500894431,0.0915197849786171,0.0655815134877153,0.00355913800607954,0.0092685860525954,0.0879606469725376,0.05631292743512,0.0698915072588715,-1.35120528037365,-1.46502114689659,-1.39908560398864,-0.341756709002135,-1.44769608862448,-13
"MEX",1994,90953505,13703992977.7349,10855568582.8117,150.670312020795,119.352943933405,0.0383345550825247,0.0328361264185046,0.0196300592920249,0.0155099329799393,0.0187044957904998,0.0173261934385653,0.0589150409205169,-1.31379083778558,-1.35878918530365,-1.42691077380991,-0.177295894554896,-1.4733799302897,-12
"MEX",1995,92506744,13257940527.3245,10187531546.6708,143.318637691156,110.127446996413,-0.0500236986726659,-0.0804467146873868,0.020472910301562,0.0107906391874,-0.0704966089742278,-0.0912373538747868,0.0452510860924856,-0.655568574861777,-0.774431588022818,-0.765205374950732,0.426241466395618,-0.823621224720136,-11
"MEX",1996,94005638,13277353261.8027,10158897275.5292,141.2399675624,108.066893557269,-0.0146100456298761,-0.0188878840070643,0.0163520186307737,0.0152015878917426,-0.0309620642606498,-0.034089471898807,0.0492008464463703,-0.712133729227951,-0.903978091017059,-0.767490376628648,0.273624497540476,-0.837115011636033,-10
"MEX",1997,95438019,13891941826.7113,10659585943.6064,145.559830057991,111.691190316999,0.0301268638412324,0.0329874136500994,0.0211787694280359,0.0183733040989642,0.00894809441319655,0.0146141095511352,0.0621679225355635,-0.911340278976904,-0.962918069191374,-0.922628893096592,-0.10396593752067,-0.996410058371846,-9
"MEX",1998,96799183,14724151327.2365,11205167975.6773,152.110285137804,115.756844514662,0.0440186126335131,0.0357539892699972,0.0153836879272493,0.0177190293211185,0.0286349247062638,0.0180349599488787,0.069237192868023,-1.06881082341378,-1.1341593984913,-1.04384040263246,-0.359173313667668,-1.13547812888146,-8
"MEX",1999,98085415,14965440051.1048,11439898252.8971,152.575589868328,116.632001331667,0.00305432663885075,0.00753186712595166,0.0184010657893667,0.027539513343072,-0.015346739150516,-0.0200076462171204,0.116215691291017,-1.2759089952143,-1.6278056577221,-1.185282992486,-0.670986144149491,-1.32556024680594,-7
"MEX",2000,99368858,15891282984.1498,12402543540.4194,159.922165797153,124.813183828875,0.0470270885933779,0.0677943997900918,0.0267086851510392,0.0292464264872967,0.0203184034423387,0.0385479733027951,0.115618111847588,-1.29327644174885,-1.74515326336874,-1.111797009861,-1.01967475775839,-1.27380821128399,-6
"MEX",2001,100739263,15835295058.2083,12448492027.7804,157.190896445294,123.571402619655,-0.0172262654392714,-0.00999894214810215,0.00282782839492945,0.0111333612851228,-0.0200540938342009,-0.0211323034332249,0.0497619331364866,-1.11408166331517,-0.86229588472651,-1.23248768188382,-0.290985695545044,-1.29567833890092,-5
"MEX",2002,102167274,15868762725.2054,12615243828.9355,155.321387210599,123.476367089284,-0.0119645315343178,-0.000769369706684842,0.00746056309001464,0.0166252699007625,-0.0194250946243324,-0.0173946396074474,0.0509725707594572,-1.16444202055879,-0.875104432231442,-1.3269525606277,-0.348123289965599,-1.37852661246436,-4
"MEX",2003,103587899,16015849247.7301,12996469907.9218,154.611198820917,125.463205966961,-0.00458286520796225,0.015962757884675,0.0122426031859542,0.0175369218258217,-0.0168254683939164,-0.00157416394114662,0.0190592528727983,-1.05439911961041,-0.75104230143989,-1.26061514341159,-0.198585868712175,-1.29833794426299,-3
"MEX",2004,104970581,17130182939.5821,13693021771.8058,163.190322244497,130.446279722942,0.0540035698766532,0.0389489563389676,0.0278181424125457,0.0220289049871001,0.0261854274641076,0.0169200513518675,0.0293024394126497,-1.04415841065129,-0.781031665304077,-1.25874703191162,-0.188126907718762,-1.28958057337031,-2
"MEX",2005,106370948,17811273864.9729,14481095284.3783,167.444910474737,136.137691321303,0.025737263680675,0.0427053173750949,0.0204057147758316,0.0199439140545321,0.00533154890484333,0.0227614033205628,0.0324629321615135,-1.01725450287015,-1.04318115107445,-1.22585256997674,-0.100791965829394,-1.27406473651983,-1
"MEX",2006,107885646,19113424421.9353,15131414557.3084,177.16373892719,140.254196163486,0.0564199791570106,0.0297896533702282,0.0238893122218427,0.0180221557412876,0.0325306669351679,0.0117674976289406,0.0475883913637566,-1.06873745160204,-1.22393662252579,-1.31358086961498,-0.145362895512557,-1.36266249954569,0
"MEX",2007,109538665,19916099882.4461,15787663106.3852,181.817989861809,144.128679187255,0.0259317473461698,0.0272500428909064,0.0193862487173533,0.0163072852857997,0.00654549862881648,0.0109427576051067,0.0804185471824349,-1.05370205591561,-1.40842244263517,-1.22524529160776,-0.272002325392496,-1.30267713914447,1
"MEX",2008,111275915,20330669781.388,16373088710.3874,182.705033532081,147.139555854359,0.00486688282638159,0.0206749899600487,-0.0156616370432081,-0.00332032165566165,0.0205285198695897,0.0239953116157103,0.0571067550058492,-1.02105771576282,-1.4411411837588,-1.02868499509841,-0.553638487875265,-1.1126551509666,2
"MEX",2009,113030218,19041054214.0069,15328557162.3128,168.459855699888,135.614682812633,-0.0811755375064651,-0.0815638460018748,-0.0370957943770671,-0.0119813474816093,-0.044079743129398,-0.0695824985202655,0.102270788677974,-0.993059387780846,-1.33868412336357,-1.25906380390162,-0.266501951831872,-1.33081274055482,3
"MEX",2010,114756059,20029145205.5486,16387227804.8967,174.536711874609,142.80054532804,0.0354376264475906,0.0516312187484465,0.018680091453291,0.012915621343093,0.0167575349942997,0.0387155974053535,0.0932795000943857,-0.917898569683996,-1.00243024012069,-1.25720904982318,-0.17022699927611,-1.30070928553115,4
"MEX",2011,116446180,21172230467.385,17198360088.4805,181.819879942691,147.693639142826,0.0408814236342856,0.033691253827203,0.00497166914332681,0.0015122222546573,0.0359097544909588,0.0321790315725456,0.107676115541245,-0.965532942987511,-1.16354464053969,-1.30714440368563,-0.257560050025131,-1.34539205343888,5
"MEX",2012,118060514,22015225164.2203,17746841688.7618,186.474075186733,150.319874846231,0.0252756959949503,0.0176253999733769,0.000972280674887749,-0.00240676684876995,0.0243034153200625,0.0200321668221468,0.127955827966089,-0.891865975067145,-0.927081724695899,-1.34612718612159,-0.15893321518844,-1.33090960122668,6
"MEX",2013,119597654,21753118112.6919,17937754219.2856,181.885826227761,149.984164566352,-0.0249130605747521,-0.00223580355683772,0.00948247964295756,0.00484595043719782,-0.0343955402177096,-0.00708175399403554,0.106112110768253,-0.938055729524665,-0.760978346782974,-1.2522198631541,-0.295393100674976,-1.2543933604862,7
"MEX",2014,121048604,22372738438.6981,18471447453.1612,184.824423408453,152.595295135838,0.0160271499711042,0.0172595680583232,0.0161275100011373,0.0100824336091501,-0.000100360030033109,0.00717713444917312,0.103880215946416,-0.902540665520907,-0.780662204915422,-1.22447675378046,-0.260834044404735,-1.22495607217138,8
"MEX",2015,122368490,23090237541.5711,18714753046.9481,188.694308000132,152.937680663937,0.0207219758621262,0.00224123547072264,0.0280406894709007,0.0182793808301733,-0.00731871360877445,-0.0160381453594507,0.0851624667929656,-0.793040624884892,-0.755546543822096,-1.01765726506405,-0.217407374912591,-1.06223534774153,9
"MEX",2016,123587407,24243631291.5924,19517154958.1847,196.165870618132,157.921874339387,0.038832292364245,0.0320699220370395,0.0165084684808763,0.0159763175458041,0.0223238238833687,0.0160936044912354,0.0590424235484553,-0.692692367697292,-0.655210390132548,-0.885061843931454,-0.138593233505323,-0.943127544997313,10
"MEX",2017,124777172,24819952074.6732,19719791474.6707,198.914205834647,158.040057797357,0.0139130253011315,0.000748086724762231,0.0196787191644132,0.0142299449425103,-0.00576569386328174,-0.0134818582177481,0.0478327309672976,-0.743733881052536,-0.641232274454544,-0.98805118214953,-0.153942038560259,-1.02076997323304,11
"NLD",1993,15290368,5708358953.33912,4097851502.88737,373.330383764414,268.002150300592,-0.00413773675777662,0.000558669474526319,0.00355913800607954,0.0092685860525954,-0.00769687476385617,-0.00870991657806908,-0.177454629458745,1.58658648190195,2.44143264259607,1.37479387967903,2.70000140809652,1.45520696693978,-13
"NLD",1994,15382834,5835150189.25706,4163927893.54664,379.328684770119,270.686655888417,0.0159392964239711,0.0099668965828128,0.0196300592920249,0.0155099329799393,-0.00369076286805381,-0.0055430363971265,-0.143264971520416,1.40109196386557,2.58774442840202,0.986651371358283,2.71068896973311,1.15992576505611,-12
"NLD",1995,15459004,6025323465.18012,4284648498.9219,389.761427397271,277.162002087709,0.0271317559387052,0.0236402797429323,0.020472910301562,0.0107906391874,0.00665884563714325,0.0128496405555323,-0.143084751113675,1.62982073914131,2.77463296267436,1.37400040442586,2.64233243159107,1.49092547553443,-11
"NLD",1996,15530500,6183527940.36631,4380061634.70066,398.153822501936,282.02966000455,0.0213035919937861,0.0174100624143776,0.0163520186307737,0.0152015878917426,0.00495157336301233,0.00220847452263495,-0.132937009937339,1.71110734649174,2.87256577177363,1.43095316246885,2.74823508416362,1.56536604795237,-10
"NLD",1997,15610650,6483016397.67432,4551685721.43808,415.294455879436,291.575669266692,0.042149381556059,0.0332873151960689,0.0211787694280359,0.0183733040989642,0.0209706121280231,0.0149140110971047,-0.132601632318501,1.76631254513627,3.00235261359412,1.50532625086216,2.68688993103934,1.64086096025806,-9
"NLD",1998,15707205,6791545224.18989,4775199074.59363,432.384069870476,304.013290371752,0.0403264430274772,0.0417718608542019,0.0153836879272493,0.0177190293211185,0.0249427551002279,0.0240528315330835,-0.189786220021103,1.86731583476272,3.0578731564738,1.67891878350543,2.5826994563228,1.79877406401999,-8
"NLD",1999,15812085,7074190544.87852,5006030835.857,447.391381015123,316.595239391706,0.0341195403653387,0.0405526918896344,0.0184010657893667,0.027539513343072,0.015718474575972,0.0130131785465624,-0.152518620222326,1.79131139547945,3.01558078559735,1.50299808918949,2.52530762357165,1.70026422988834,-7
"NLD",2000,15925505,7438220729.72744,5230726060.59554,467.063413670551,328.449619688389,0.0430312536306561,0.036759350771403,0.0267086851510392,0.0292464264872967,0.0163225684796169,0.00751292428410633,-0.162051363188609,1.87516048456868,3.31583761597963,1.57897507441736,2.58942247908312,1.76446912317128,-6
"NLD",2001,16046182,7627068214.78456,5348554608.31953,475.319812201093,333.322569089615,0.0175228284270199,0.0147272356216774,0.00282782839492945,0.0111333612851228,0.0146950000320905,0.00359387433655467,-0.224352844622136,1.90625600901489,3.1428029689387,1.6648042524855,2.54478243947583,1.80766065267025,-5
"NLD",2002,16148921,7689500956.70723,5503723754.50797,476.161903120786,340.81061852417,0.00177006268433111,0.022216255049667,0.00746056309001464,0.0166252699007625,-0.00569050040568353,0.00559098514890444,-0.294888654267197,1.91773774638448,3.10600354204037,1.74220634115064,2.47234968787015,1.82959068810906,-4
"NLD",2003,16225303,7711656350.31306,5582829966.92383,475.285814404394,344.081707868496,-0.00184159139352857,0.00955219993172385,0.0122426031859542,0.0175369218258217,-0.0140841945794827,-0.00798472189409782,-0.330777895315064,2.62783818437043,3.15313545968554,1.89265780635505,3.88393706368346,1.98996077321928,-3
"NLD",2004,16281777,7862004047.5981,5623762977.15394,482.871375010117,345.402284846055,0.0158339762477953,0.00383062872039641,0.0278181424125457,0.0220289049871001,-0.0119841661647504,-0.0181982762667037,-0.377596977387396,2.60951455565312,3.07290434426266,1.91715138888929,3.83710223265799,2.01231855779882,-2
"NLD",2005,16319871,8044907485.28714,5687164116.0079,492.951659071762,348.480947919741,0.0206608007534506,0.00887377913302334,0.0204057147758316,0.0199439140545321,0.000255085977618918,-0.0110701349215088,-0.514057120000206,2.58322196750167,2.81288966069115,1.94724216432673,3.81566459828712,2.02929077171994,-1
"NLD",2006,16346096,8451016300.56534,5913081634.99631,517.005179742328,361.742744872923,0.0476417786883525,0.0373497497761317,0.0238893122218427,0.0180221557412876,0.0237524664665099,0.0193275940348441,-0.495719839591957,2.61697017240846,2.62919044963003,2.0131623992558,3.78563618384839,2.06409564954604,0
"NLD",2007,16381696,8816997029.18092,6096912211.67941,538.222478867934,372.178327059629,0.0402191108741272,0.0284398035540399,0.0193862487173533,0.0163072852857997,0.0208328621567739,0.0121325182682401,-0.34247683332306,2.6426857483565,2.44963293446985,2.06714739917139,3.71117709686375,2.09033887905998,1
"NLD",2008,16445590,8997115210.10089,6184148246.79702,547.083759846919,376.036873520319,0.0163299123858236,0.0103140932283114,-0.0156616370432081,-0.00332032165566165,0.0319915494290317,0.0136344148839731,-0.491168001156111,2.67710037366702,2.57146558078928,2.11980836557478,3.61863046094251,2.13733695971949,2
"NLD",2009,16530387,8602922129.41354,6136404275.21828,520.43077572313,371.219637823257,-0.0499450330807019,-0.0128933033233558,-0.0370957943770671,-0.0119813474816093,-0.0128492387036347,-0.000911955841746526,-0.458068877430421,2.68767549541933,2.47563850749103,2.09285980726066,3.59758410296689,2.10008324820455,3
"NLD",2010,16615390,8667793034.11752,6194860582.23558,521.67255984467,372.838710510893,0.00238322758772735,0.00435201149666931,0.018680091453291,0.012915621343093,-0.0162968638655636,-0.00856360984642368,-0.386942375108858,2.71079122012589,2.66800685960663,2.10453788884532,3.60017161207758,2.12269900370427,4
"NLD",2011,16693074,8640625381.31124,6177621776.49902,517.617389182558,370.07095137175,-0.00780377265361754,-0.00745116690928516,0.00497166914332681,0.0015122222546573,-0.0127754417969443,-0.00896338916394246,-0.407301918788323,2.75525326600539,2.61899322270188,2.13574710696521,3.60361820575963,2.16184013223016,5
"NLD",2012,16754963,8462062486.11468,6063861896.35722,505.048115362277,361.914371064694,-0.0245826357337533,-0.0222871078941331,0.000972280674887749,-0.00240676684876995,-0.025554916408641,-0.0198803410453632,-0.437544646879773,2.81472805304497,2.68784397306099,2.18558265844619,3.64270302751871,2.22001510163469,6
"NLD",2013,16804430,8347105898.05846,5972251575.25077,496.720561069817,355.397450270599,-0.0166260860763296,-0.0181708983824977,0.00948247964295756,0.00484595043719782,-0.0261085657192872,-0.0230168488196956,-0.433447535664899,2.78214383560428,2.74761363929368,2.10493497322313,3.64006053354734,2.14037639170868,7
"NLD",2014,16865008,8428628928.2904,6004954247.36035,499.770230069882,356.059970286427,0.00612083633567817,0.001862431083544,0.0161275100011373,0.0100824336091501,-0.0100066736654592,-0.00822000252560606,-0.4468940116612,2.7180850440655,2.700922032456,2.07126646348813,3.54955183721672,2.11875166018719,8
"NOR",1993,4311984,1320563461.52823,952020866.233062,306.254258255185,220.784879125957,0.02244752538207,0.0202051907367755,0.00355913800607954,0.0092685860525954,0.0188883873759904,0.0109366046841801,-0.140910457679556,0.321754284174499,1.06439092764495,0.0893792485223532,1.52980621525773,0.154032552441673,-13
"NOR",1994,4336614,1366043326.44687,977008874.292538,315.002286679624,225.293022227143,0.0281642318306821,0.0202130460909524,0.0196300592920249,0.0155099329799393,0.00853417253865718,0.00470311311101312,-0.0939764575522972,0.521881945564213,1.07531587336246,0.313539659177083,1.72655572345794,0.332609722600002,-12
"NOR",1995,4359187,1431337664.6438,1008573804.95365,328.349681865861,231.367409783901,0.0414992456495513,0.0266050896023202,0.020472910301562,0.0107906391874,0.0210263353479894,0.0158144504149202,-0.0956986066426296,0.507907785251279,1.20051924897143,0.25158699820307,1.69795453334566,0.288019212676646,-11
"NOR",1996,4381339,1547110856.60475,1069223616.12447,353.113707157732,244.040375813072,0.0727109779097939,0.0533267207157175,0.0163520186307737,0.0152015878917426,0.0563589592790201,0.0381251328239749,-0.106579445981262,0.622826031861178,1.40003251780023,0.396930544235606,1.73224268853514,0.445175285913209,-10
"NOR",1997,4405158,1629646055.46069,1102834574.77937,369.940432434136,250.35074219344,0.0465518775971585,0.0255292171473283,0.0211787694280359,0.0183733040989642,0.0253731081691226,0.00715591304836405,-0.118085265612311,0.731339109381486,1.684875070351,0.532538504337166,1.67877793572664,0.59535003364472,-9
"NOR",1998,4431465,1625047590.03773,1148988801.06004,366.706628629072,259.279674116808,-0.0087798479063057,0.0350443985601752,0.0153836879272493,0.0177190293211185,-0.024163535833555,0.0173253692390567,-0.301365987741218,0.859779639778066,2.18028296685332,0.589158923606156,1.64882666051748,0.765886780238347,-8
"NOR",1999,4461915,1730517265.46324,1193511600.5068,387.84182698757,267.488645683927,0.0560354427533181,0.0311698174387836,0.0184010657893667,0.027539513343072,0.0376343769639513,0.00363030409571152,-0.264833475899106,0.915015228574592,2.0718387101569,0.618040358153764,1.72488159200124,0.796070835175173,-7
"NOR",2000,4490973,2003935552.186,1242127902.77807,446.214117115824,276.583248836738,0.140201325933126,0.033434737036723,0.0267086851510392,0.0292464264872967,0.113492640782087,0.00418831054942626,-0.315725035209795,1.01559067722947,2.45277558301616,0.791827116429196,1.59367486249183,0.953364210839482,-6
"NOR",2001,4513747,2022066817.64567,1282480499.9486,447.979653632707,284.127688137727,0.00394889534890464,0.0269118868068876,0.00282782839492945,0.0111333612851228,0.00112106695397518,0.0157785255217648,-0.28814232341501,1.10382640219018,2.31975392942252,0.910685466972535,1.66276707691259,1.03484878678759,-5
"NOR",2002,4538157,1994891417.70869,1342289245.53513,439.581842961512,295.778494559604,-0.018923897254016,0.0401871017580611,0.00746056309001464,0.0166252699007625,-0.0263844603440306,0.0235618318572985,-0.376287843592758,1.25086045270235,2.62528304421503,1.08675371090851,1.66053765246915,1.21470744862011,-4
"NOR",2003,4564856,2025107200.27259,1389136456.5202,443.630029134016,304.311123181147,0.00916702922431423,0.0284397645786845,0.0122426031859542,0.0175369218258217,-0.00307557396163993,0.0109028427528628,-0.366112902184253,1.28959995187317,2.54697811312374,1.18416078553063,1.54510927567192,1.30691216987643,-3
"NOR",2004,4591909,2224717527.23259,1469519286.23212,484.486414524458,320.02360809679,0.0880984433849665,0.0503441588008151,0.0278181424125457,0.0220289049871001,0.0602803009724209,0.028315253813715,-0.359685272604364,1.26211018643561,2.4824041796035,1.16078334893796,1.43737282206039,1.29841408853566,-2
"NOR",2005,4623293,2454856099.26119,1532249959.01453,530.975670211945,331.419609143208,0.091626810641837,0.0349905054861877,0.0204057147758316,0.0199439140545321,0.0712210958660053,0.0150465914316555,-0.363136778085528,1.26377472267098,2.27471685165681,1.1599651460375,1.46540600548365,1.30949565019178,-1
"NOR",2006,4660673,2682234998.9424,1609880746.30676,575.503795040415,345.418085822962,0.080529621093949,0.0413702524462982,0.0238893122218427,0.0180221557412876,0.0566403088721064,0.0233480967050106,-0.36671717570219,1.33673113461955,2.20883565705061,1.33261831566332,1.31046207693532,1.45037776449555,0
"NOR",2007,4709156,2838117373.92772,1709347863.11948,602.680687139632,362.983911155093,0.0461416935962555,0.0496029850883479,0.0193862487173533,0.0163072852857997,0.0267554448789022,0.0332956998025482,-0.378371070553727,1.38770788872857,2.21211635995626,1.36531990088411,1.31724200506021,1.51155683221382,1
"NOR",2008,4768215,3046610247.57067,1750856271.76008,638.941458715823,367.19323095961,0.0584253202049414,0.0115297129747551,-0.0156616370432081,-0.00332032165566165,0.0740869572481495,0.0148500346304168,-0.498929793833893,1.3317364817049,2.45343928143046,1.31042486795209,1.18498722864768,1.48172378640223,2
"NOR",2009,4828716,2785870251.48128,1796316649.50136,576.938103520954,372.007102820162,-0.102077848450817,0.013024723322884,-0.0370957943770671,-0.0119813474816093,-0.0649820540737496,0.0250060708044932,-0.536827568568903,1.46235366725713,2.74429467828257,1.30707152940252,1.24146056022707,1.63899670295545,3
"NOR",2010,4889253,2908304607.9132,1860026573.15801,594.836186205378,380.431647361675,0.0305510625103196,0.0223935744743597,0.018680091453291,0.012915621343093,0.0118709710570286,0.00947795313126676,-0.501206934478853,1.47423654032505,2.88052988523236,1.3311604444359,1.19190340590917,1.67017786491078,4
"NOR",2011,4953089,3102606889.90755,1918670820.66956,626.398372794745,387.368533185969,0.0517004966267027,0.0180699998632763,0.00497166914332681,0.0015122222546573,0.0467288274833759,0.016557777608619,-0.568824350029858,1.44154379389446,2.7698244078217,1.33156178582754,1.14294058551552,1.65474734058844,5
"NOR",2012,5018574,3274340370.10539,2002652844.59112,652.444373661799,399.04818472162,0.040739337506059,0.0297056512807599,0.000972280674887749,-0.00240676684876995,0.0397670568311712,0.0321124181295298,-0.563918624051679,1.45047399138791,2.81040314817782,1.28590261862962,1.13406544066923,1.67388761453781,6
"NOR",2013,5080171,3330846839.60957,2070906814.54512,655.656441409072,407.645099849025,0.00491104992229197,0.0213147692391766,0.00948247964295756,0.00484595043719782,-0.0045714297206656,0.0164688188019788,-0.588435136067347,1.46998486255867,2.95930902841752,1.3143433450062,1.02221895796588,1.72343020609177,7
"NOR",2014,5137427,3343725461.01349,2132554292.34945,650.856053237057,415.101624285747,-0.00734843301262167,0.0181264254989824,0.0161275100011373,0.0100824336091501,-0.023475943013759,0.00804399188983229,-0.607975674926691,1.48452712734439,2.93499969413729,1.33911856362999,0.910363213679731,1.7578661699395,8
"NOR",2015,5189898,3253015650.81798,2202275838.26696,626.797607740649,424.338944285025,-0.0376648075279133,0.0220091647330722,0.0280406894709007,0.0182793808301733,-0.065705496998814,0.00372978390289891,-0.625650259646723,1.66154876785285,3.12350391103779,1.50211706326632,1.04557757690373,1.93483359466675,9
"NOR",2016,5236152,3130333822.50804,2222876280.79452,597.830968716729,424.524780944961,-0.0473156408658317,0.000437848048826517,0.0165084684808763,0.0159763175458041,-0.063824109346708,-0.0155384694969776,-0.607204760716836,1.69531329067699,3.20985438695717,1.52372991880929,1.08530093873858,1.97343308592624,10
"NOR",2017,5276965,3281462654.23139,2284927060.65679,621.846583070266,433.000230370447,0.0393853583177179,0.0197678792038092,0.0196787191644132,0.0142299449425103,0.0197066391533047,0.00553793426129889,-0.606238506889108,1.67610278160226,3.16768519690574,1.44733059826982,1.01134481202436,1.95954600745265,11
"NOR",2018,5311916,3433373609.72433,2321408062.67141,646.353144463189,437.018970682407,0.0386526063690065,0.00923834529019363,0.0166008972359144,0.013166254346582,0.0220517091330921,-0.0039279090563884,-0.59299025438219,1.54824961092373,3.08627851034812,1.32232257046081,0.91827199065119,1.83397930381284,12
"NOR",2019,5347893,3393624088.12625,2361106013.5073,634.572174149006,441.502104381539,-0.0183949873431226,0.0102061811428493,0.0130299273747152,0.0116795844928292,-0.0314249147178378,-0.00147340334997992,-0.609875520157787,1.64982732741076,3.21012190904797,1.35679722880398,0.952046784889261,1.94851486660202,13
"POL",1995,38274500,5047770157.1661,3936514882.38284,131.883372928872,102.849544275767,0.0668309436995784,0.0379668752509401,0.020472910301562,0.0107906391874,0.0463580333980165,0.0271762360635401,0.069453925748245,-0.763588684363036,-4.02414205542964,-0.477473210521519,-1.95059009441142,-0.597886505024675,-11
"POL",1996,38289000,5274292481.43835,4195719813.98649,137.749548994185,109.580292355154,0.0435191803196604,0.0633903589384213,0.0163520186307737,0.0152015878917426,0.0271671616888867,0.0481887710466786,0.070603128814499,-1.3694351347727,-3.69447219471229,-1.11296381077979,-1.77165942908273,-1.23783856858869,-10
"POL",1997,38292000,5550721296.56996,4445444540.24957,144.957727373079,116.093297300992,0.0510049906195444,0.0577366108507489,0.0211787694280359,0.0183733040989642,0.0298262211915086,0.0393633067517847,0.0885819924302741,-1.47958688940711,-7.06004572204953,-1.20706773798484,-2.01241006318464,-1.34652217969752,-9
"POL",1998,38283500,5778620974.47269,4600198767.39823,150.942859834464,120.161395050041,0.0404591889490513,0.0344416429671712,0.0153836879272493,0.0177190293211185,0.025075501021802,0.0167226136460528,0.120971730271881,-1.71687842782034,-5.87470261982009,-1.46295426834095,-1.74748734417954,-1.62657416699545,-8
"POL",1999,38270000,5995032895.2071,4820261297.48431,156.65097714155,125.954044878085,0.0371189016091966,0.0470813193484778,0.0184010657893667,0.027539513343072,0.0187178358198299,0.0195418060054058,0.149773920939726,-1.5870337761612,-5.10170887809883,-1.26767407316011,-1.89833929454747,-1.47406441927178,-7
"POL",2000,38258478,6054816368.13755,4950679056.08484,158.260774726521,129.400836491322,0.0102238903299003,0.0269977291961601,0.0267086851510392,0.0292464264872967,-0.0164847948211388,-0.00224869729113664,0.149179711646692,-1.36639512109664,-4.39077333237316,-1.0149093714364,-2.07425769455022,-1.21782618471384,-6
"POL",2001,38248076,6001194718.09972,4988380153.10478,156.901871824866,130.421727699579,-0.00862355572800055,0.00785841264527409,0.00282782839492945,0.0111333612851228,-0.01145138412293,-0.00327494863984867,0.144406934169258,-1.21459140630935,-3.72721448929966,-0.862559365289708,-2.17474015156128,-1.04048754317228,-5
"POL",2002,38232301,6109875826.32271,5193731906.85438,159.809262495676,135.846699544827,0.0183604049862174,0.0407537816532679,0.00746056309001464,0.0166252699007625,0.0108998418962027,0.0241285117525054,0.147633433001847,-1.3657400102672,-3.07474750422071,-1.04777758323316,-2.17847460661154,-1.19554740101956,-4
"POL",2003,38195177,6330926234.67137,5306896396.88001,165.751980535955,138.941531724804,0.0365115832252858,0.0225261688368938,0.0122426031859542,0.0175369218258217,0.0242689800393316,0.00498924701107217,0.136484967869305,-1.27422351804371,-3.21416895071264,-1.06619879999877,-1.11364326968766,-1.23191675149954,-3
"POL",2004,38180249,6753001249.16338,5562323685.924,176.87158743159,145.685893403262,0.0649313966089284,0.0473996794785414,0.0278181424125457,0.0220289049871001,0.0371132541963828,0.0253707744914413,0.124081454517237,-0.937464794025268,-2.3790742931948,-0.701246494292725,-0.931815964272665,-0.862642790243296,-2
"POL",2005,38161313,7003183201.73122,5683306883.16571,183.515258024042,148.928494236184,0.0368738394942465,0.0220133972551855,0.0204057147758316,0.0199439140545321,0.0164681247184149,0.00206948320065337,0.103170225303905,-0.986888104062358,-2.03270562138372,-0.787698017423605,-0.75019810472947,-0.950130574114977,-1
"POL",2006,38132277,7471809638.29565,6009468508.90009,195.944491809279,157.595322956982,0.0655336000330591,0.0565642140152018,0.0238893122218427,0.0180221557412876,0.0416442878112164,0.0385420582739142,0.0867773503913242,-0.928375503887779,-1.30104089023478,-0.836056176157755,-0.480218105125673,-0.951957331490989,0
"POL",2007,38115967,8080982420.966,6334239307.53118,212.010426521935,166.183355850087,0.0788040411041804,0.0530612317856169,0.0193862487173533,0.0163072852857997,0.0594177923868271,0.0367539464998172,0.0869121364800929,-0.945510689481021,-0.879308245925759,-0.945209129049536,-0.5166671181886,-0.984030903281716,1
"POL",2008,38115909,8416554157.80938,6773726199.13352,220.814730085786,177.713883174963,0.0406885693529428,0.0670831270484555,-0.0156616370432081,-0.00332032165566165,0.056350206396151,0.0704034487041172,0.111765816525655,-1.18130420320492,-1.5619419120805,-1.24326663406685,-0.640035284830674,-1.31961547706184,2
"POL",2009,38153389,8644334666.69106,6932979554.61557,226.567937823061,181.713334944258,0.0257208216640725,0.022255503457477,-0.0370957943770671,-0.0119813474816093,0.0628166160411396,0.0342368509390862,0.100745484659538,-1.13164500291036,-1.08126504743425,-1.31745731120168,-0.541137809108626,-1.33859772660829,3
"POL",2010,38516689,8831199543.12356,7204737188.81161,229.282416853732,187.054946202972,0.0119096588952159,0.0289720410513654,0.018680091453291,0.012915621343093,-0.00677043255807508,0.0160564197082724,0.0967694455199996,-0.933451290647755,-0.840642893982384,-1.29048303555095,-0.20203044590842,-1.29680301530389,4
"POL",2011,38525670,9190659029.9885,7347220631.89837,238.559356138089,190.709743189369,0.0396636469790099,0.019350199355225,0.00497166914332681,0.0015122222546573,0.0346919778356831,0.0178379771005677,0.112244029705446,-0.953321651277053,-1.30176783816574,-1.28184542957286,-0.236033674712187,-1.34519211306785,5
"POL",2012,38533789,9205555422.71072,7362800977.40587,238.895672125851,191.073890434337,0.00140878626666829,0.00190761113534066,0.000972280674887749,-0.00240676684876995,0.000436505591780545,0.00431437798411061,0.142600232349144,-0.868374417506723,-1.15273069994253,-1.15314155261514,-0.202744432047217,-1.21747982687005,6
"POL",2013,38502396,9202370187.52107,7339339844.80098,239.007727922207,190.62034073934,0.000468947483521553,-0.00237650910817333,0.00948247964295756,0.00484595043719782,-0.00901353215943601,-0.00722245954537115,0.134939794732517,-0.938797351779478,-1.0037209161398,-1.18074350229206,-0.302155342625114,-1.24821657968622,7
"POL",2014,38483957,9604107635.85726,7564713481.38321,249.561333722966,196.567974581803,0.043208825714828,0.0307245930756217,0.0161275100011373,0.0100824336091501,0.0270813157136907,0.0206421594664716,0.127829318753431,-1.03294423092953,-1.04341167917373,-1.2591614865291,-0.432202425313542,-1.30994554285774,8
"POL",2015,38454576,10251813478.5476,7907270683.62646,266.595410609847,205.62626106257,0.0660274815536033,0.0450519562124718,0.0280406894709007,0.0182793808301733,0.0379867920827026,0.0267725753822985,0.0272865024004825,-0.866324208679999,-0.364159615557508,-1.1023835961817,-0.40971196670531,-1.02569745326027,9
"POL",2016,38426809,10642060722.222,8190741230.36887,276.943649477165,213.151740764342,0.0380818609222322,0.0359440557011883,0.0165084684808763,0.0159763175458041,0.0215733924413559,0.0199677381553842,0.0696142582569473,-0.899589173518076,-0.662307452961387,-1.04537672251299,-0.430546139826286,-1.0706882188072,10
"POL",2017,38422346,11156868826.1343,8621213264.65698,290.37448223839,224.380189191388,0.0473573540078585,0.0513375762613819,0.0196787191644132,0.0142299449425103,0.0276786348434452,0.0371076313188716,0.0787176995966852,-0.899716152908278,-0.683129977418852,-0.988715520721856,-0.4710276147365,-1.03140689059113,11
"POL",2018,38413139,11785489026.4587,9019839030.80345,306.808798584742,234.811298050999,0.0550533396403114,0.0454403182698773,0.0166008972359144,0.013166254346582,0.038452442404397,0.0322740639232952,0.0660738292354647,-1.03417985212298,-0.781991057168802,-1.06281302432954,-0.689831445559624,-1.10965053335732,12
"POL",2019,38386476,12421654340.095,9396679339.85308,323.594547728086,244.791403614468,0.0532665885915335,0.0416242295072502,0.0130299273747152,0.0116795844928292,0.0402366612168183,0.029944645014421,0.0531603248482031,-1.12598394168421,-0.909896239882686,-1.13265896106155,-0.752770695541629,-1.20251593311795,13
"PRT",1997,10108977,2574503743.20311,2097507872.97024,254.675002545076,207.489627582518,0.0536196967811753,0.0386086997424426,0.0211787694280359,0.0183733040989642,0.0324409273531394,0.0202353956434784,0.0524295991624598,0.905371518655453,1.01447770842893,1.09896503263766,0.578386614977038,1.02242362428436,-9
"PRT",1998,10160196,2731227727.59108,2208221715.14955,268.816440902427,217.340464214425,0.0540405383805238,0.0463837326556478,0.0153836879272493,0.0177190293211185,0.0386568504532745,0.0286647033345293,0.0621118274858063,1.0280736628804,0.960484244373474,1.20766276511001,1.08792860826786,1.10575393073716,-8
"PRT",1999,10217828,2866499171.87396,2331110497.66777,280.538992423239,228.141489332936,0.042683954873147,0.0485009202090758,0.0184010657893667,0.027539513343072,0.0242828890837803,0.0209614068660038,0.125901481320743,0.891629932873905,0.855071311431877,1.07452941255558,1.00214615211024,0.950661069028401,-7
"PRT",2000,10289898,2992301982.18686,2461680602.66737,290.799965382248,239.232750671325,0.0359229008929667,0.047470926494463,0.0267086851510392,0.0292464264872967,0.00921421574192749,0.0182245000071664,0.125978353081126,1.05043867144058,1.18013501668821,1.19192392278666,1.34082889728879,1.0661684323789,-6
"PRT",2001,10362722,3031350194.17072,2487520245.20554,292.524511819454,240.045062021883,0.0059128376367541,0.00338973391570896,0.00282782839492945,0.0111333612851228,0.00308500924182464,-0.00774362736941381,0.0653911267170673,1.12015237852101,1.07957536046392,1.24320714182928,1.40516003302646,1.13221590134299,-5
"PRT",2002,10419631,3072099445.82317,2527023152.91606,294.837643081907,242.525205826969,0.00787637814766207,0.0102789823884004,0.00746056309001464,0.0166252699007625,0.000415815057647428,-0.0063462875123621,0.0271063828272249,1.1790507193083,1.23586526438188,1.33872180532144,1.19404005942597,1.24359142175013,-4
"PRT",2003,10458821,3049650882.24619,2540049899.51053,291.586487831295,242.861972636354,-0.0110881813668549,0.00138762158690842,0.0122426031859542,0.0175369218258217,-0.023330784552809,-0.0161493002389133,-0.0177691794684137,1.29136190830364,1.06173800551819,1.4711694537643,1.37169210083106,1.35260391346809,-3
"PRT",2004,10483861,3105239549.36398,2609834808.57121,296.192361703764,248.938326115847,0.0156724528366592,0.0247119113862482,0.0278181424125457,0.0220289049871001,-0.0121456895758865,0.00268300639914809,-0.127252049824823,1.24530533516715,1.13140187840951,1.39590841290708,1.38744136190625,1.28977757852849,-2
"PRT",2005,10503330,3161822109.76916,2700751156.7006,301.030445560518,257.132848030158,0.0162022938049322,0.0323876902405509,0.0204057147758316,0.0199439140545321,-0.00420342097089943,0.0124437761860188,-0.257630883820269,1.18322229592679,1.18237539973,1.32407521936535,1.35723780912076,1.23573206745179,-1
"PRT",2006,10522288,3215598607.90899,2730254512.07402,305.598802076981,259.473463573134,0.0150617297041702,0.00906156779906198,0.0238893122218427,0.0180221557412876,-0.00882758251767246,-0.00896058794222565,-0.150112813829077,1.16741429519346,1.21319845237594,1.32772596361403,1.27555224038347,1.25020422029613,0
"PRT",2007,10542964,3312684607.20671,2797822600.66669,314.20809244978,265.373437741672,0.0277823438384681,0.0224835954790166,0.0193862487173533,0.0163072852857997,0.00839609512111483,0.00617631019321685,-0.135497030732265,1.14018105191336,1.14384504935186,1.32822358750748,1.1256574246555,1.25062462091317,1
"PRT",2008,10558177,3295699898.81045,2833448049.9548,312.146680133365,268.36527271278,-0.00658227525176436,0.011210977388088,-0.0156616370432081,-0.00332032165566165,0.00907936179144375,0.0145312990437496,-0.415357068346094,1.13511805585351,1.18485534523472,1.34033366118613,1.01249132586524,1.27890773631616,2
"PRT",2009,10568247,3255063644.4583,2801395679.06859,308.00412258138,265.076665890624,-0.013360038077745,-0.012329921017205,-0.0370957943770671,-0.0119813474816093,0.0237357562993221,-0.000348573535595698,-0.201249799167246,1.11653709887708,0.988465165425531,1.40771656312412,0.888930189438087,1.29488268811016,3
"PRT",2010,10573100,3291362438.08267,2844876526.19119,311.295877092118,269.067399929178,0.0106306653085744,0.0149428161819554,0.018680091453291,0.012915621343093,-0.0080494261447166,0.00202719483886238,-0.25074706436707,1.11095067061822,1.05441971820221,1.42127718722402,0.88418329685198,1.29285404992305,4
"PRT",2011,10574536,3112827103.87276,2662188402.86035,294.370089039628,251.754630450012,-0.0559060512334533,-0.0665069810968957,0.00497166914332681,0.0015122222546573,-0.0608777203767801,-0.068019203351553,-0.225389831383029,1.03726531298596,0.814446660793268,1.33420641879296,0.872292429593278,1.21293428538523,5
"PRT",2012,10531420,2895193799.06415,2453399804.07018,274.91010700021,232.960019073419,-0.0683936213707277,-0.0775880775956894,0.000972280674887749,-0.00240676684876995,-0.0693659020456154,-0.0751813107469195,-0.0381158325524823,1.08113850966318,0.71691851352971,1.39462160853371,0.954066786446104,1.24860402670827,6
"PRT",2013,10473991,2923878183.17485,2462463162.77112,279.156071756683,235.102661704704,0.0153268618016913,0.00915543018469744,0.00948247964295756,0.00484595043719782,0.00584438215873373,0.00430947974749962,0.000518863293477834,0.99291882445708,0.827326710567505,1.27362626873835,0.983188455335672,1.11756400601159,7
"PRT",2014,10419607,2975170532.77283,2514200108.42557,285.535772392647,241.295099558513,0.0225962961997217,0.0259983868557168,0.0161275100011373,0.0100824336091501,0.00646878619858438,0.0159159532465667,-0.0594884657499141,0.867888695982335,0.715561084044213,1.16362917239217,0.794550573390854,1.01003474598626,8
"PRT",2015,10381838,3066819882.82699,2555315849.12821,295.402402043549,246.133280940062,0.0339711829646863,0.0198525177321534,0.0280406894709007,0.0182793808301733,0.0059304934937856,0.00157313690198002,-0.0469707547326936,0.860976227923265,0.830525244332974,1.12632987665175,0.804450759888294,0.986999647109678,9
"PRT",2016,10356516,3167047733.38742,2621802657.08273,305.802427513985,253.154888872158,0.0346007301451161,0.0281283287298075,0.0165084684808763,0.0159763175458041,0.0180922616642398,0.0121520111840034,-0.0387579499262576,0.737933073264257,0.734051454784218,0.99809061782003,0.706023909458763,0.858406984183527,10
"PRT",2017,10340124,3277307706.23496,2670224093.89557,316.950522666359,258.239078554142,0.0358064500746096,0.0198843065139638,0.0196787191644132,0.0142299449425103,0.0161277309101964,0.00565436157145349,0.00185295717331729,0.75961152337961,0.738938542377244,1.04564996279279,0.705358373139823,0.887524735138323,11
"PRT",2018,10334633,3402549152.76487,2751158775.14417,329.237540681403,266.207689730653,0.0380338166143472,0.030390975687185,0.0166008972359144,0.013166254346582,0.0214329193784328,0.0172247213406029,-0.0279440832536566,0.641815818957301,0.652915397009211,0.951761347804416,0.503772095531297,0.803339427051232,12
"SVK",1993,5324632,893364534.788023,749701129.549791,167.779582661867,140.798674828569,-0.0509700255380476,-0.0045609558323827,0.00355913800607954,0.0092685860525954,-0.0545291635441272,-0.0138295418849781,0.0951832028441779,0.437222775361841,0.648239802555895,0.631213004174571,-0.830428425171636,0.588249425905612,-13
"SVK",1994,5347413,949078364.301626,733902835.088529,177.483647569699,137.244464769886,0.0562273683015064,-0.0255672819198125,0.0196300592920249,0.0155099329799393,0.0365973090094815,-0.0410772148997518,0.0908466145539602,0.386131935355474,0.694415500590081,0.590234528847616,-0.872280615937394,0.546246808344401,-12
"SVK",1995,5363676,1004994699.50422,769254175.563975,187.370508491605,143.419210176747,0.0542095071398743,0.044008131343408,0.020472910301562,0.0107906391874,0.0337365968383123,0.033217492156008,0.0592209770970945,0.172206053975377,-0.0908960437434763,0.431444887071883,-1.37952627591055,0.347863814694874,-11
"SVK",1996,5373793,1055450711.23577,828699984.405524,196.407027817366,154.211370703249,0.047101193020751,0.072552317005429,0.0163520186307737,0.0152015878917426,0.0307491743899773,0.0573507291136863,0.0935644136892441,0.119883710000803,-0.546450797475798,0.386609199422526,-0.863896723423754,0.284131385407701,-10
"SVK",1997,5383233,1098533196.93813,822120032.369711,204.065697497791,152.718641821692,0.0382528100918469,-0.0097269122594632,0.0211787694280359,0.0183733040989642,0.017074040663811,-0.0281002163584274,0.150022813944616,0.0970947455269526,-1.5217449053725,0.38294843120197,-0.857371687898516,0.253789109094077,-9
"SVK",1998,5390866,1122793070.45742,852099560.700054,208.276939263082,158.063576557097,0.0204266443313665,0.0344000492449998,0.0153836879272493,0.0177190293211185,0.00504295640411723,0.0166810199238814,0.121897231158896,-0.0379068037382335,-2.49476849850251,0.259251981778742,-0.525961032177621,0.0998898183702477,-8
"SVK",1999,5395324,1084365422.41847,810446142.84938,200.982447470897,150.212692110683,-0.035651054657019,-0.0509450982026207,0.0184010657893667,0.027539513343072,-0.0540521204463857,-0.0784846115456928,0.0868119861467078,-0.44207857940531,-3.00339841309288,-0.1292961530727,-0.726326700955227,-0.331857538339716,-7
"SVK",2000,5400679,1069954107.03779,797259255.809618,198.114738357491,147.622040822944,-0.0143712287195275,-0.0173970080759016,0.0267086851510392,0.0292464264872967,-0.0410799138705666,-0.0466434345631983,0.229296521957992,-0.331055012556242,-3.44057403059072,-0.0158356850579759,-0.638502979924652,-0.218889616471913,-6
"SVK",2001,5379780,1081198889.22148,821246298.045566,200.974554576856,152.654253156368,0.0143319563893902,0.0335203518505374,0.00282782839492945,0.0111333612851228,0.0115041279944608,0.0223869905654146,0.176987066253408,-0.261654105486304,-3.26967040547605,-0.0180167302960539,-0.2203350179057,-0.197545027724636,-5
"SVK",2002,5378809,1139019898.18957,860271844.563277,211.760614327367,159.937236024421,0.0522781530690848,0.0466058824892386,0.00746056309001464,0.0166252699007625,0.0448175899790701,0.0299806125884761,0.226070944398229,-0.501895530216873,-2.50214522815721,-0.371727383604034,-0.148568450401246,-0.52040576228703,-4
"SVK",2003,5378950,1160143024.81521,857835655.906574,215.682061520411,159.480131978653,0.0183489269451389,-0.00286211335760189,0.0122426031859542,0.0175369218258217,0.00610632375918474,-0.0203990351834236,-0.00204989047941095,-0.491605177723364,-0.680063300076645,-0.463997906001168,0.048255372243978,-0.570713124099229,-3
"SVK",2004,5382574,1203988093.41688,890206321.869071,223.682590042771,165.386731676902,0.0364226522965199,0.0363672096952738,0.0278181424125457,0.0220289049871001,0.00860450988397421,0.0143383047081738,0.0821164147949477,0.254035032680795,-0.64231201108071,0.500721827769503,0.137116323580395,0.352163485194856,-2
"SVK",2005,5387285,1281285547.03088,933660356.302979,237.83511491055,173.308142469348,0.0613496008738759,0.0467846206738258,0.0204057147758316,0.0199439140545321,0.0409438860980442,0.0268407066192937,0.1790567478222,0.149023590994418,-1.38074609680311,0.430739762234574,0.0838653151683908,0.251656425729548,-1
"SVK",2006,5391184,1374439853.74389,1005612925.3251,254.942115450685,186.529141896307,0.069458882072837,0.0735163032556594,0.0238893122218427,0.0180221557412876,0.0455695698509944,0.0554941475143718,0.217361178951385,-0.183521154544909,-1.1491800436281,0.0684807303249302,-0.0865002408328182,-0.0979802704115568,0
"SVK",2007,5397766,1499730386.36583,1062171764.51745,277.842793919898,196.779883477248,0.0860189430865592,0.0534982775964066,0.0193862487173533,0.0163072852857997,0.0666326943692059,0.0371909923106069,0.178092106965827,-0.173343353963592,-1.27098421509441,0.128661045617214,-0.233704131857277,-0.0518476973064774,1
"SVK",2008,5406972,1555801754.17686,1132041934.84179,287.739931735703,209.367079178844,0.0350015931214926,0.0620033097860055,-0.0156616370432081,-0.00332032165566165,0.0506632301647008,0.0653236314416672,0.321046485590213,-0.236092771601593,-1.52182416777007,0.0449234167586732,-0.353008464942253,-0.0937981451826926,2
"SVK",2009,5418374,1430541400.02534,1131835253.69356,264.016732699761,208.88835907111,-0.0860445747895859,-0.00228912895327049,-0.0370957943770671,-0.0119813474816093,-0.0489487804125188,0.00969221852833879,0.191053321413966,-0.0101634813424029,-1.52231588405872,0.390103238221503,-0.34460375123748,0.193447201133388,3
"SVK",2010,5431024,1520321941.21684,1148876834.08102,279.932834253143,211.53963489777,0.0585372141503662,0.0126124378503043,0.018680091453291,0.012915621343093,0.0398571226970752,-0.000303183492788683,0.206969966036949,-0.017408759429887,-1.24221016956517,0.411600129443606,-0.420122024851826,0.205826505471821,4
"SVK",2011,5398384,1524775386.15746,1118858522.80469,282.450338130348,207.258046631119,0.00895304417736931,-0.0204477609883158,0.00497166914332681,0.0015122222546573,0.0039813750340425,-0.0219599832429731,0.297981163973402,-0.0230090845567055,-1.37970071528759,0.359116815732701,-0.249931656717435,0.170860875009537,5
"SVK",2012,5407579,1514811395.74597,1116057421.5541,280.127464757514,206.387631425097,-0.0082580100442593,-0.00420851243902209,0.000972280674887749,-0.00240676684876995,-0.00923029071914705,-0.00180174559025215,0.166172998446221,-0.0361643050042579,-0.843092198585683,0.373607797829493,-0.3645530621098,0.19035306838726,6
"SVK",2013,5413392.5,1512430454.88624,1104557348.97536,279.386808713064,204.041615119422,-0.00264749806104358,-0.0114321378224504,0.00948247964295756,0.00484595043719782,-0.0121299777040011,-0.0162780882596483,0.10500721134939,0.0361776911275015,-0.550350709633804,0.479955576433627,-0.349214546287371,0.275371527413088,7
"SVK",2014,5418649,1552509413.84347,1134829767.51759,286.512267881434,209.430388924912,0.0251841222698177,0.0260674429893237,0.0161275100011373,0.0100824336091501,0.00905661226868038,0.0159850093801737,0.0969241423726494,-0.0562964632824687,-0.51295654494626,0.410053337637248,-0.604398302229542,0.212036103829383,8
"SVN",1997,1986848,460863718.356291,345552395.487706,231.957209789722,173.919894973197,0.0520471677857923,0.0354507415740679,0.0211787694280359,0.0183733040989642,0.0308683983577565,0.0170774374751037,0.196760146610024,-0.232540019793544,-2.98330161788738,-0.10749815399448,0.308195703939111,-0.243167711330902,-9
"SVN",1998,1982603,472884329.918134,352226204.198216,238.516904250691,177.65846425039,0.0278872710845874,0.0212681474930214,0.0153836879272493,0.0177190293211185,0.0125035831573381,0.00354911817190295,0.176109459174587,-0.34658697745743,-3.19830959350802,-0.171196390967265,0.0604656438725377,-0.331813734288593,-8
"SVN",1999,1985557,499602596.501331,375638390.856479,251.618360239133,189.185397778296,0.0534733109091343,0.0628645078919172,0.0184010657893667,0.027539513343072,0.0350722451197676,0.0353249945488452,0.267313085714597,-0.538195377636354,-2.94884213705915,-0.329708829291373,-0.157203514390688,-0.530473223384062,-7
"SVN",2000,1990272,501051639.215354,374003611.642151,251.750333228501,187.915828410464,0.000524359159020271,-0.00673333352575156,0.0267086851510392,0.0292464264872967,-0.0261843259920189,-0.0359797600130483,0.293711385206421,-0.404519137325279,-2.49579830088456,-0.208149807069199,-0.0433689528155541,-0.405422883100147,-6
"SVN",2001,1992035,516747679.747835,383246426.56746,259.406927964536,192.389404085501,0.0299601239299294,0.0235273230424458,0.00282782839492945,0.0111333612851228,0.027132295535,0.012393961757323,0.287084880451481,-0.217155564888309,-2.94216769089085,-0.020445796282202,0.0413426561365067,-0.198650372185783,-5
"SVN",2002,1995718,534400710.428393,391695174.015444,267.773658617296,196.267796359728,0.0317440870969925,0.0199585702445457,0.00746056309001464,0.0166252699007625,0.0242835240069779,0.00333330034378321,0.309175095392435,-0.166205758417346,-2.42890282165208,-0.0399117815095835,0.20603285363602,-0.190492244315379,-4
"SVN",2003,1996773,552098319.900814,405693674.295992,276.495285092905,203.174659461036,0.0320517024385918,0.034585965911992,0.0122426031859542,0.0175369218258217,0.0198090992526376,0.0170490440861704,0.322905152757896,-0.154041085670873,-1.18220094850885,-0.0512901344251322,0.297045310525307,-0.198996946285287,-3
"SVN",2004,1997004,575888533.54504,417005445.961929,288.376254401614,208.815528642872,0.0420722976699146,0.0273852235871592,0.0278181424125457,0.0220289049871001,0.014254155257369,0.00535631860005914,0.298864053598303,-0.0903408313396856,-0.511355165583087,0.023840159769061,0.246831962968309,-0.0992850447736597,-2
"SVN",2005,2001114,592546926.777205,426313959.071518,296.108530936871,213.038317193082,0.0264599793100553,0.0200208183178177,0.0204057147758316,0.0199439140545321,0.00605426453422364,7.69042632855488e-05,0.239782151400488,0.0988666365410064,-0.0260922973226796,0.211000512480146,0.418076578424254,0.112886583400121,-1
"SVN",2006,2008516,626123971.16177,434991362.059603,311.734619570753,216.573511019879,0.0514262018718918,0.016457990172019,0.0238893122218427,0.0180221557412876,0.0275368896500492,-0.00156416556926864,0.21126582122528,0.177581336443534,0.312725750266676,0.324773084068081,0.2835866423938,0.260901954988702,0
"SVN",2007,2019406,674336907.387193,458792371.591751,333.928346943207,227.191744300924,0.0687741922880312,0.0478643168551995,0.0193862487173533,0.0163072852857997,0.0493879435706779,0.0315570315693998,0.203163687179364,0.558743774679592,0.511683417506604,0.771842080063178,0.48197991958253,0.684044647376957,1
"SVN",2008,2022629,689539374.616722,475575148.752748,340.912433578636,235.127227362383,0.0206992114303475,0.0343324111921204,-0.0156616370432081,-0.00332032165566165,0.0363608484735556,0.037652732847782,0.291819896283657,0.492685349628605,0.13395087417208,0.72826604413628,0.389755790237828,0.631272748728715,2
"SVN",2009,2042335,649164708.994471,485646838.903405,317.854176222055,237.789999634441,-0.0700329390145242,0.0112611690152455,-0.0370957943770671,-0.0119813474816093,-0.0329371446374571,0.0232425164968548,0.208340993416393,0.469992003548276,0.217604490809503,0.742678787791861,0.349480123417126,0.619376852006311,3
"SVN",2010,2049261,641602037.99092,489958014.900311,313.08946883336,239.090098772343,-0.0151037196545554,0.00545253351210562,0.018680091453291,0.012915621343093,-0.0337838111078463,-0.00746308783098737,0.154611919201525,0.435349728041854,0.452624180403824,0.702151556473626,0.318317385941885,0.586448042490074,4
"SVN",2011,2052496,643026742.098627,494471222.55029,313.290131673157,240.91214918338,0.000640706838149541,0.00759187762219149,0.00497166914332681,0.0015122222546573,-0.00433096230517727,0.00607965536753419,0.111047617814363,0.422786366201105,0.310853822416381,0.720255526609984,0.220278765096904,0.609656687833904,5
"SVN",2012,2056262,612287225.99267,475776668.02125,297.767125975518,231.379400106236,-0.0508179748999353,-0.0403735529050904,0.000972280674887749,-0.00240676684876995,-0.0517902555748231,-0.0379667860563204,0.0784802791834257,0.455945003049696,0.354963535569512,0.80073760580945,0.147153193517511,0.677360819652488,6
"SVN",2013,2059114,603445811.27708,455400458.511132,293.060904484686,221.163305436771,-0.0159312719995972,-0.0451574206547445,0.00948247964295756,0.00484595043719782,-0.0254137516425548,-0.0500033710919423,0.0702937699850282,0.41649998890232,0.444351400048932,0.79686630706294,0.0495038738063998,0.651276924991876,7
"SVN",2014,2061623,622792878.52026,457264165.040143,302.088635274374,221.798148856577,0.0303400160483029,0.00286636161368126,0.0161275100011373,0.0100824336091501,0.0142125060471656,-0.00721607199546881,0.123381452479252,0.403133756912173,0.324306837687535,0.821236058176151,-0.0985148516021106,0.662146190167276,8
"SVN",2015,2063077,646627118.709211,468296432.698517,313.428494772231,226.989313873654,0.036850778606424,0.0231352120482322,0.0280406894709007,0.0182793808301733,0.00881008913552339,0.00485583121805888,0.0204057248148515,0.468935221059833,0.484040226856606,0.877206994113522,-0.0599307052099778,0.725457259973936,9
"SVN",2016,2064241,672517661.30313,487692092.861835,325.794159355971,236.257342462356,0.0386945217167867,0.0400187041697793,0.0165084684808763,0.0159763175458041,0.0221860532359104,0.0240423866239752,-0.00444101940796693,0.360769767166992,0.416836265459748,0.763855089938217,-0.123078119283565,0.613511965495571,10
"SVN",2017,2066161,706329587.350752,499289117.180658,341.856025426263,241.650634766922,0.0481239012175241,0.0225713799939049,0.0196787191644132,0.0142299449425103,0.0284451820531109,0.00834143505139462,-0.0209409546110105,0.372231355366693,0.393238516421781,0.781299495704003,-0.0687545144896498,0.611791809428823,11
"SVN",2018,2070050,740465857.480494,517699498.686384,357.704334426943,250.090335347641,0.0453170935431215,0.0343291688941845,0.0166008972359144,0.013166254346582,0.0287161963072071,0.0211629145476024,0.0255258602897777,0.287597319354478,0.290367376946009,0.70268800008784,-0.176296988658784,0.539555212291042,12
"SVN",2019,2089310,771761242.810114,544057988.14929,369.385702844534,260.400796506641,0.0321345996089084,0.0403997751262679,0.0130299273747152,0.0116795844928292,0.0191046722341932,0.0287201906334387,-0.00373037417022976,0.276874752935615,0.241244087570026,0.709227503277275,-0.127899854154087,0.518435368151594,13
"TUR",1993,57913000,10278104818.8844,7487167639.32135,177.474916148092,129.283021762322,0.0712580989665037,0.067907277408513,0.00355913800607954,0.0092685860525954,0.0676989609604242,0.0586386913559176,0.0632250349072048,-1.10219375075028,-1.73886899100878,-0.85217132400796,-3.11168742348535,-0.938125225571214,-13
"TUR",1994,58837000,9776064440.06474,7077247929.61327,166.155045975572,120.285669385136,-0.0659079171137975,-0.0721344763757301,0.0196300592920249,0.0155099329799393,-0.0855379764058224,-0.0876444093556694,0.0450911233584829,-0.903117472500328,-1.2933505419023,-0.652334348832915,-2.57337237065955,-0.733777702232414,-12
"TUR",1995,59756000,10373048830.2,7462626534.99176,173.590080162662,124.884974479412,0.0437752943335594,0.0375236175856024,0.020472910301562,0.0107906391874,0.0233023840319975,0.0267329783982024,0.0342204078663101,-1.09733349920453,-1.25488504750777,-0.84751535314276,-2.45616371978079,-0.926476049465306,-11
"TUR",1996,60671000,10890915329.6394,7781055428.278,179.50776037381,128.249994697269,0.0335217816006423,0.0265883332142138,0.0163520186307737,0.0152015878917426,0.0171697629698686,0.0113867453224712,0.0463163495891343,-1.11667394068686,-1.29554876057283,-0.856551365401828,-2.40946668615948,-0.941658880772162,-10
"TUR",1997,61582000,11530748742.4217,8400728373.54639,187.242193212654,136.415322229651,0.0421844894658943,0.0617226294583899,0.0211787694280359,0.0183733040989642,0.0210057200378584,0.0433493253594257,0.0692643447524735,-1.13596728722892,-1.25892332948876,-0.887001280799253,-2.09792237241275,-0.978940779546623,-9
"TUR",1998,62464000,11217935017.6719,8275275671.46652,179.590404355659,132.480719637976,-0.0417242031630094,-0.0292669494903022,0.0153836879272493,0.0177190293211185,-0.0571078910902587,-0.0469859788114206,0.0787716939993442,-1.15556875635442,-1.34660263107723,-0.889564429765937,-1.84880272681857,-1.0030476520089,-8
"TUR",1999,63364000,10162555596.4117,7977608755.4227,160.383744656456,125.901280781243,-0.113109378820853,-0.0509390086692614,0.0184010657893667,0.027539513343072,-0.13151044461022,-0.0784785220123334,0.133486509044454,-1.0734149809104,-1.39125701014905,-0.79031188869538,-1.61161349435633,-0.940335984414724,-7
"TUR",2000,64268751,10483466293.9699,8229156646.88161,163.11918515376,128.042890500262,0.0169117831185064,0.016867175822596,0.0267086851510392,0.0292464264872967,-0.00979690203253281,-0.0123792506647007,0.127541272654351,-1.16355400492357,-1.39388792434077,-0.903106503755732,-1.40922578774196,-1.05857446020879,-6
"TUR",2001,65166331,9795008433.86442,7418377000.06146,150.307809010521,113.837573578624,-0.0817958793075366,-0.117592650583886,0.00282782839492945,0.0111333612851228,-0.0846237077024661,-0.128726011869008,0.120467168413709,-0.791625263517377,-1.32024913761145,-0.546965399047103,-0.982442793699061,-0.690150159432874,-5
"TUR",2002,66002506,9895196485.78255,7524937591.17899,149.921527006604,114.009877006473,-0.00257324765255973,0.00151244580750642,0.00746056309001464,0.0166252699007625,-0.0100338107425744,-0.0151128240932561,0.12428378208541,-0.959326761881429,-1.5397985330066,-0.748652109304797,-1.05584939401487,-0.874114111241298,-4
"TUR",2003,66794551,10614177512.0983,8185871569.79293,158.907835342712,122.552984446185,0.058212378309948,0.0722583775145544,0.0122426031859542,0.0175369218258217,0.0459697751239938,0.0547214556887328,0.120651254555838,-1.14895735693315,-1.76298380869444,-0.890004946935995,-1.37916815799776,-1.02951732829247,-3
"TUR",2004,67598736,12072369060.9642,9189101804.3943,178.588680429827,135.936000406787,0.11676090475711,0.103640727168211,0.0278181424125457,0.0220289049871001,0.0889427623445647,0.0816118221811113,0.117485963223292,-1.24164011358993,-2.05657570195575,-0.96463654278155,-1.56146860893378,-1.11158179717692,-2
"TUR",2005,68435380,13035185651.7015,9711703877.75561,190.474366500216,141.910571370476,0.0644323394773094,0.0430128903941007,0.0204057147758316,0.0199439140545321,0.0440266247014778,0.0230689763395686,0.111147657779502,-1.32865496770456,-2.47640656383299,-1.02684843381609,-1.57574796673619,-1.19636920174741,-1
"TUR",2006,69295253,13922505461.2202,10224213394.8541,200.915717289035,147.545653594109,0.0533678766922678,0.0389405636560181,0.0238893122218427,0.0180221557412876,0.0294785644704252,0.0209184079147304,0.110129573785397,-1.23047480545685,-2.67648777215345,-0.838298492030989,-1.85158815924118,-1.026347790392,0
"TUR",2007,70158112,14296303992.7511,10593985299.1899,203.772644177641,151.001573405936,0.014119379862727,0.0231526128855242,0.0193862487173533,0.0163072852857997,-0.00526686885462624,0.00684532759972445,0.139641958206923,-1.34311736928047,-2.99584477548691,-0.926789602268761,-1.93131793755293,-1.12985775748432,1
"TUR",2008,71051689,14632229326.5221,10709664216.2468,205.937811366062,150.730607068986,0.0105693536262583,-0.00179607232722478,-0.0156616370432081,-0.00332032165566165,0.0262309906694664,0.00152424932843687,0.15158726774545,-1.15989171008273,-3.11991200261411,-0.785454418742475,-1.65468347780149,-0.938160946278088,2
"TUR",2009,72039215,13829914141.5159,10487022515.754,191.977579732315,145.573803320233,-0.0701956436582947,-0.0348109870167868,-0.0370957943770671,-0.0119813474816093,-0.0330998492812276,-0.0228296395351775,0.155496200018096,-1.20693934268475,-3.10582168781316,-0.810496992532493,-1.48922872266332,-1.01524532437653,3
"TUR",2010,73142162,14781576460.3322,11132207346.3293,202.093786349003,152.199593803767,0.0513532855270862,0.0445095792685173,0.018680091453291,0.012915621343093,0.0326731940737952,0.0315939579254243,0.154051003376336,-1.42908640958487,-3.08605534699635,-1.03132152488665,-1.65548842548228,-1.24727861242885,4
"TUR",2011,74223642,16691888323.4902,12470940882.1658,224.886409151012,168.01844461049,0.106863547998993,0.0988809861330004,0.00497166914332681,0.0015122222546573,0.101891878855667,0.0973687638783431,0.161330950314229,-1.48639606205904,-3.19948575710717,-1.1500807050579,-1.5436433489246,-1.34612535859876,5
"TUR",2012,75175836,17237612357.8089,12751452519.861,229.297248623998,169.621692266395,0.0194237642608206,0.00949685496809227,0.000972280674887749,-0.00240676684876995,0.0184514835859328,0.0119036218168622,0.196868466413192,-1.5804349431879,-3.2858114375046,-1.23490740900162,-1.60753317139834,-1.44867419187189,6
"TUR",2013,76147634,18473567599.7961,13466656286.372,242.601990756484,176.849306787023,0.0564030116287366,0.0417273781713678,0.00948247964295756,0.00484595043719782,0.0469205319857791,0.03688142773417,0.184647685838623,-1.70744260360114,-3.19936268106331,-1.35941707496666,-1.67554813009608,-1.59940674078267,7
"TUR",2014,77181894,19107479578.8491,13845391592.5517,247.564274321244,179.386522861848,0.0202480401237981,0.0142448275372553,0.0161275100011373,0.0100824336091501,0.00412053012266078,0.00416239392810525,0.200416730505432,-1.6179785364927,-3.22519364022107,-1.31051667001303,-1.49389638850715,-1.55667690139825,8
"TUR",2015,78218488,20256226456.1701,14432653920.6516,258.969803356083,184.517168379062,0.0450412230224337,0.0281996892947003,0.0280406894709007,0.0182793808301733,0.0170005335515331,0.00992030846452696,0.19654199906253,-1.59833192745561,-3.19540007942179,-1.26239177957293,-1.54774766388768,-1.51507288600592,9
"TUR",2016,79277971,20997931005.544,15071674215.7244,264.864636931034,190.111755202772,0.0225074259038474,0.0298695718286517,0.0165084684808763,0.0159763175458041,0.00599895742297107,0.0138932542828476,0.194454853685368,-1.56742025867005,-3.30475623670176,-1.21778623021969,-1.52863705864206,-1.47584892037684,10
"TUR",2017,80312708,22638977365.1987,15906591108.8062,281.885369438654,198.058209029711,0.0622816054982529,0.0409488879628839,0.0196787191644132,0.0142299449425103,0.0426028863338397,0.0267189430203736,0.19869927086034,-1.54486256020924,-3.25589521990633,-1.21272022599828,-1.40747519476495,-1.49793623827755,11
"TUR",2018,81407211,23504876764.0313,15990044275.408,288.732121826791,196.420490015412,0.0239988472219528,-0.00830325402866183,0.0166008972359144,0.013166254346582,0.00739794998603838,-0.0214695083752439,0.208440875770618,-1.37887102397018,-3.27751198233448,-1.00093034727719,-1.36665295898155,-1.27411395242239,12
"TUR",2019,82579448,23600673072.7438,16287500934.3502,285.793543603535,197.234315908121,-0.0102296695376198,0.00413472433151707,0.0130299273747152,0.0116795844928292,-0.023259596912335,-0.00754486016131217,0.212996187474794,-1.38750204489327,-3.20345663784775,-0.995387737406645,-1.31459073910343,-1.2987899675379,13
"USA",1993,259918588,112530380152.033,90650682026.5171,432.944719413578,348.765675914326,0.00829920510463644,0.00955913774129424,0.00355913800607954,0.0092685860525954,0.0047400670985569,0.000290551688698848,-0.0255688242589139,0.540298122746115,1.69430797871157,-0.0105839459429231,2.04829805794047,0.21782664298814,-13
"USA",1994,263125821,116525469192.908,93208817527.8564,442.850757671965,354.236681043387,0.0226227720925802,0.0155649992610627,0.0196300592920249,0.0155099329799393,0.00299271280055535,5.50662811233948e-05,-0.0465935857100801,0.531560334391318,1.87416371062826,-0.00600677449363962,1.92064503118481,0.245144958379498,-12
"USA",1995,266278393,118828643932.424,94946785882.88,446.257176910423,356.569621790079,0.00766259252305357,0.00656423308128584,0.020472910301562,0.0107906391874,-0.0128103177785084,-0.00422640610611413,-0.040259556851364,0.675530925472521,2.10401237824973,0.121202642851311,1.9754929022684,0.393495133058406,-11
"USA",1996,269394284,121993439079.531,96974992251.8035,452.843457805255,359.974201426647,0.0146510823249626,0.00950285285246899,0.0163520186307737,0.0152015878917426,-0.00170093630581114,-0.00569873503927365,-0.0436029292348697,0.780006217763148,2.22330352649867,0.210609682039373,2.06351266559762,0.509785801858263,-10
"USA",1997,272646925,126655118762.725,99777758713.3837,464.538959178525,365.959596695924,0.0254989301008406,0.0164905695880746,0.0211787694280359,0.0183733040989642,0.00432016067280472,-0.00188273451088961,-0.0301961271190473,0.768159997968195,2.25671656205808,0.190186886198476,1.99353139462252,0.495138590477566,-9
"USA",1998,275854104,131774951232.251,103887461366.753,477.697990790997,376.602921110622,0.0279332862784454,0.0286684369601717,0.0153836879272493,0.0177190293211185,0.0125495983511961,0.0109494076390533,-0.00113838723913673,0.742932332765381,2.17317477015521,0.117625554865345,1.93363545095973,0.452161243377145,-8
"USA",1999,279040168,137040459864.908,108639868912.491,491.113737664136,389.334158200803,0.0276970315249114,0.0332466206575148,0.0184010657893667,0.027539513343072,0.0092959657355447,0.00570710731444279,0.00864632109715402,0.727149515076958,2.03170718114032,0.0164254333551335,1.9171555235634,0.410882009982142,-7
"USA",2000,282162411,141094644104.264,112930845820.311,500.047627195333,400.233487586379,0.0180276023703314,0.0276101023920168,0.0267086851510392,0.0292464264872967,-0.00868108278070778,-0.00163632409527992,0.019768206732255,0.606994636805084,2.10455663587112,0.0177056366810289,1.65187573914172,0.330444749058194,-6
"USA",2001,284968955,141647057658.182,115277437742.541,497.061364660518,404.526302672308,-0.00598985965974119,0.0106686637560776,0.00282782839492945,0.0111333612851228,-0.00881768805467065,-0.00046469752904521,0.0238352136830927,0.497368413938544,1.87153640924041,0.0169477829554707,1.38754546502495,0.279494239012315,-5
"USA",2002,287625193,144010252574.805,118521809780.794,500.687200146634,412.070335510541,0.00726806647518252,0.018477292505227,0.00746056309001464,0.0166252699007625,-0.000192496614832116,0.00185202260446449,0.0210358964259241,0.379090398280578,1.8143296356374,0.0274016616846924,1.08744367072996,0.222945155410788,-4
"USA",2003,290107933,147608072669.383,122234782960.492,508.803985961261,421.342435198049,0.0160812909466976,0.0222518362947897,0.0122426031859542,0.0175369218258217,0.00383868776074348,0.00471491446896799,-0.0101859714552667,0.483687152010876,1.94046655679753,-0.00889035853212006,1.23873296605341,0.301224764531029,-3
"USA",2004,292805298,153305386533.059,126535836959.068,523.574496705516,432.150093674426,0.0286164792202186,0.0253270786299309,0.0278181424125457,0.0220289049871001,0.000798336807672939,0.0032981736428308,-0.0268777235514263,0.555835232579599,1.90091704004126,0.063899441140413,1.31418678819758,0.36993667087375,-2
"USA",2005,295516599,158251055517.015,130238602430.905,535.506486107791,440.715015236438,0.0225336768017552,0.0196254756381844,0.0204057147758316,0.0199439140545321,0.00212796202592358,-0.00031843841634771,-0.0716732209482903,0.638703722711102,1.80658087127747,0.154960563650334,1.36435319651879,0.495365952585534,-1
"USA",2006,298379912,162433708033.998,133447375051.541,544.385535022203,447.239809667686,0.0164446978681632,0.01469649510772,0.0238893122218427,0.0180221557412876,-0.00744461435367949,-0.00332566063356765,-0.0912470030855331,0.643782887040295,1.73328466808482,0.197192926171798,1.25449831864979,0.548993494606221,0
"USA",2007,301231207,165457605271.515,136546967660.486,549.271129373773,453.296220602026,0.00893448009769937,0.0134508826834852,0.0193862487173533,0.0163072852857997,-0.0104517686196539,-0.00285640260231457,-0.100811307100426,0.70812930997157,1.68121957670272,0.29583327770095,1.19405249305839,0.642909181327249,1
"USA",2008,304093966,162594880007.82,136544900274.575,534.686308138783,449.022064037191,-0.0269119450224027,-0.00947379346215715,-0.0156616370432081,-0.00332032165566165,-0.0112503079791946,-0.0061534718064955,-0.0721542828697807,0.552494790197717,1.5988900165539,0.406915676360315,0.750596400495023,0.592442492236898,2
"USA",2009,306771529,159951334274.977,136160710685.303,521.402148355747,443.850546134947,-0.0251586131530246,-0.0115841289666108,-0.0370957943770671,-0.0119813474816093,0.0119371812240425,0.000397218514998521,-0.0941119216443608,0.544650971325404,1.55007748041537,0.313477050279654,0.773884578711537,0.564901648715988,3
"USA",2010,309327143,163575878419.051,138818612273.008,528.811913602587,448.776046378213,0.0141111959383453,0.0110360822236242,0.018680091453291,0.012915621343093,-0.00456889551494566,-0.00187953911946881,-0.113271055712751,0.642663556855553,1.81301451801749,0.404123470356338,0.822167736003294,0.68404824702286,4
"USA",2011,311583481,164373393643.951,139194708265.932,527.54206710962,446.733272955289,-0.00240420754371851,-0.00456226847015628,0.00497166914332681,0.0015122222546573,-0.00737587668704531,-0.00607449072481359,-0.117435665774164,0.647691933625073,1.75177117177612,0.45686620420378,0.755312917110827,0.722635647087368,5
"USA",2012,313877662,167794832809.804,140013071379.934,534.586729557721,446.075297260032,0.0132653700267449,-0.00147394600887374,0.000972280674887749,-0.00240676684876995,0.0122930893518571,0.000932820839896209,-0.0828671606330103,0.589992673080021,1.71110298546082,0.325039589818125,0.727374767027381,0.651001451879511,6
"USA",2013,316059947,171748748665.644,141615540923.588,543.405611169211,448.06544539346,0.0163620427048663,0.00445153950585553,0.00948247964295756,0.00484595043719782,0.00687956306190873,-0.000394410931342293,-0.0767251964284906,0.61124614524872,1.84953934674262,0.25469737567996,0.814465944429654,0.639408545662346,7
"USA",2014,318386329,176290248686.644,144538519237.593,553.699178103354,453.972127796959,0.0187655164788216,0.0130964984256607,0.0161275100011373,0.0100824336091501,0.00263800647768431,0.00301406481651068,-0.0552011492030943,0.58584035224837,1.763755109259,0.219025666269538,0.779878931346138,0.61249181348364,8
"USA",2015,320738994,182950190000,149014260000,570.402082136605,464.596643337978,0.0297199799469849,0.0231337918282479,0.0280406894709007,0.0182793808301733,0.00167929047608428,0.0048544109980746,-0.0667306671330782,0.488881519398136,1.681795830975,0.0891695965402042,0.675702376219657,0.507300990129888,9
"USA",2016,323071755,185706259826.035,151886035772.692,574.814284913377,470.130964474724,0.0077054864648014,0.0118417082402855,0.0165084684808763,0.0159763175458041,-0.00880298201607488,-0.00413460930551857,-0.0614414537559042,0.447354424347444,1.69727893891582,0.0274177249466026,0.632675857528535,0.46871023268327,10
"USA",2017,325122128,189638053502.948,154772352362.148,583.282518078709,476.043735670147,0.0146246567220789,0.0124984279629574,0.0196787191644132,0.0142299449425103,-0.00505406244233431,-0.00173151697955287,-0.075836093372262,0.510988544824061,1.70462601203331,0.0483976914540408,0.713085870185855,0.525044955455445,11
"USA",2018,326838199,194974694321.372,158518442657.766,596.548062368229,485.005862664683,0.0224881496639702,0.018651247162313,0.0166008972359144,0.013166254346582,0.00588725242805577,0.005484992815731,-0.0456335133953361,0.378167890960612,1.5986503634057,0.0486286506039273,0.47013701267749,0.447551535089936,12
"USA",2019,328329953,199694635682.142,161773176741.952,608.213274047958,492.715255686564,0.019365787887609,0.0157704536770584,0.0130299273747152,0.0116795844928292,0.00633586051289381,0.00409086918422918,-0.0634852611273833,0.357349926490492,1.54685475548166,-0.0149831085052793,0.505143914078562,0.411664221459301,13
