"iso","year","Population","GDP","consumption","GDP_pc","consumption_pc","gdp_log_diff","consumption_log_diff","gdp_log_diff_total","cons_log_diff_total","gdp_dev","cons_dev","EHB_dev","ehb_crude_dev","eq_ehb_crude_dev","debt_ehb_crude_dev","fdi_ehb_crude_dev","eq_debt_ehb_crude_dev","time"
"AUS",1979,14515729,4116826374.90719,3012256862.24803,283.611410416052,207.516746988596,0.0272185852475966,0.0152039384333831,0.0215457587587258,0.0201997213590133,0.0056728264888708,-0.00499578292563019,0.0679355121542392,-0.682172108776926,-0.928269188806388,-1.48248239578263,1.24204180124281,-1.47279770991698,-18
"AUS",1980,14695356,4230856432.4396,3125012419.21303,287.904317012776,212.653059865513,0.0150231643021614,0.0244499660133659,-0.0156432379353957,-0.0038320346254368,0.0306664022375571,0.0282820006388027,0.0787514803682686,-0.694636639391884,-0.92885344220052,-1.4924165965299,1.33527490452946,-1.47386417591579,-17
"AUS",1981,14923260,4460248013.10247,3294097599.95586,298.87893215708,220.735790970328,0.0374103898792439,0.0373044595409375,0.00419783673928897,0.00264743305538317,0.033212553139955,0.0346570264855544,0.0541027298309739,-0.829664681279516,-0.984317720886921,-1.76473425897406,1.17594990373258,-1.74003376173321,-16
"AUS",1982,15184247,4314248935.52204,3354637409.81906,284.126630416512,220.928796127925,-0.0506185616854271,0.000873989790085794,-0.00918576473877231,0.00369999222902972,-0.0414327969466548,-0.00282600243894393,0.0619037413481585,-0.835502778475571,-0.303008202876241,-1.82167172491927,1.27151185743786,-1.73134766238761,-15
"AUS",1983,15393472,4421941608.92239,3323364812.25492,287.260834262887,215.894426693011,0.0109706126740354,-0.0230509372478407,0.0182852510119069,0.0203066879324174,-0.00731463833787149,-0.0433576251802581,0.0602372158128247,-0.898321192981765,-0.0349481944608705,-1.89481440473239,1.41211052344202,-1.72014318329266,-14
"AUS",1984,15579391,4687819726.49217,3477925756.69875,300.898778809272,223.238877353983,0.0463832919595903,0.0334528741434257,0.0332840576160178,0.0211421136602716,0.0130992343435725,0.012310760483154,0.0458782739452792,-0.868428949327289,0.0978820205660069,-1.73827405538928,1.35122243605741,-1.56754004776211,-13
"AUS",1985,15788312,4865363936.73655,3665815292.4209,308.162388527447,232.185384506013,0.02385295434512,0.0392937266927795,0.0262101804312636,0.028220326045802,-0.00235722608614353,0.0110734006469775,0.0298997983938789,-0.548465438919637,0.615324363301793,-1.47322584869438,1.45162345851334,-1.19066737672019,-12
"AUS",1986,16018350,4897436537.1245,3709661065.02842,305.739138995246,231.588213831538,-0.00789462807740371,-0.00257526951362497,0.0279589003908649,0.0285999536129466,-0.0358535284682686,-0.0311752231265716,0.0475531029948495,-0.264322210968129,1.13135075876635,-1.38830526940614,1.71443073735683,-0.903365226922316,-11
"AUS",1987,16263874,5114837714.96244,3755273012.70718,314.49073664506,230.896587904406,0.0282223700428652,-0.00299091533437856,0.0263884259116285,0.0256711609223075,0.00183394413123672,-0.028662076256686,0.0586915269315127,-0.0970185950781011,1.05476567064901,-1.2082368555691,1.86621683680581,-0.825945960033314,-10
"AUS",1988,16532164,5412993111.07209,3888869976.53467,327.421934059697,235.230546741169,0.0402950358994962,0.0185961443140394,0.0364906014573148,0.027747718061808,0.00380443444218148,-0.00915157374776854,0.0241966076470326,0.0630153297363316,1.22815901261174,-0.978626806443476,1.94726405689692,-0.59727306931244,-9
"AUS",1989,16814416,5531783739.82694,4002779772.56298,328.990536443665,238.056425662537,0.00477932836527639,0.0119416449959608,0.0304836646236,0.0283504260475418,-0.0257043362583236,-0.0164087810515809,0.0002445366939412,0.0281784117429609,0.968874472179157,-1.02651836950335,1.6594025600395,-0.561858259451232,-8
"AUS",1990,17065128,5289335311.04955,3985334464.40946,309.94993480562,233.536746071255,-0.0596182019332128,-0.0191682927052224,0.0164458339043234,0.0205820614091339,-0.0760640358375362,-0.0397503541143562,-0.0256293628276535,0.00192839753815854,0.987747883303206,-0.9528431479085,1.79676637506745,-0.577958959918062,-7
"AUS",1991,17284036,5224860256.6868,4071896460.82845,302.293992947411,235.587131433217,-0.0250107533845965,0.00874139440106436,-0.00141331299475933,0.00452667529189377,-0.0235974403898371,0.0042147191091706,-0.0308875983942709,0.0060839034496416,1.21092083579064,-0.90011649680361,1.67991416896586,-0.462663699149755,-6
"AUS",1992,17478635,5428434151.83375,4187033479.54558,310.575405449782,239.551514151167,0.0270266931550225,0.0166876542405001,0.00822094545024843,0.0165018474627896,0.0188057477047741,0.000185806777710518,-0.0352788266725287,0.0266960551613549,1.53669303032745,-0.913096418118571,1.81397348523871,-0.45803985243194,-5
"AUS",1993,17634808,5603968231.65016,4260006923.4832,317.778806077739,241.568092121173,0.0229288388014579,0.00838290418001897,0.00361881945756348,0.00911361657858833,0.0193100193438944,-0.000730712398569366,-0.0320286875207326,0.143399160753927,1.5636949432456,-0.834617137049552,1.86937001289265,-0.350211327749302,-4
"AUS",1994,17805468,5840471491.88773,4439061295.67236,328.015612501044,249.308880601867,0.0317056439584791,0.0315412237406472,0.0180921203943054,0.0149797630443098,0.0136135235641737,0.0165614606963373,-0.0391361538559715,0.114276950828624,1.58066253963556,-0.897164866136696,1.81408615370832,-0.421570448010313,-3
"AUS",1995,18004882,5955200987.43082,4508191023.21693,330.754791252218,250.387146287153,0.00831608257358774,0.00431569314479407,0.0189567142277136,0.0100831862779449,-0.0106406316541259,-0.00576749313315084,-0.045749242274728,0.198886221298125,1.73649730774935,-0.775177189755927,1.77191154830945,-0.298092618697098,-2
"AUS",1996,18224767,6107355385.64649,4574965473.48329,335.112947432825,251.030121454134,0.0130903426029993,0.00256463253568828,0.0156695395914666,0.0140774563943511,-0.0025791969884672,-0.0115128238586628,-0.0330428418400678,0.272932755190745,1.71016767848438,-0.651885845886674,1.83724740877744,-0.216435765450039,-1
"AUS",1997,18423037,6451270116.27569,4856259750.97712,350.174084559223,263.59713390236,0.0439627837672569,0.0488489919396615,0.02050062055583,0.0175132404659122,0.0234621632114269,0.0313357514737493,-0.0346578180158259,0.231845440576395,1.66050967718872,-0.65229394863625,1.73015637516077,-0.251823038935821,0
"AUS",1998,18607584,6750216366.79606,5152889366.38534,362.766943134372,276.924149120345,0.0353301828587824,0.0493217091339497,0.0149938500692626,0.0174862766889339,0.0203363327895199,0.0318354324450159,-0.00439199109854649,0.317926870454974,1.64962394626058,-0.573259001375922,1.74883582915753,-0.169591759238441,1
"AUS",1999,18812264,7088576716.77848,5383541677.12555,376.806147137765,286.171918336121,0.0379702584865029,0.032849104488486,0.0182258328903169,0.0272492682614001,0.0197444255961861,0.00559983622708593,0.00171371400556442,0.318802194386597,1.62747114655511,-0.593721883011129,1.64177961831472,-0.100718285173894,2
"AUS",2000,19028802,7245292831.84536,5547438635.33703,380.754018663149,291.528527930294,0.010422689688447,0.0185451236849952,0.0268436568591222,0.0293540444884357,-0.0164209671706752,-0.0108089208034405,-0.0199113810565089,0.288718349369573,1.90389178624772,-0.585395440729595,1.47464784031572,-0.0899446034422726,3
"AUS",2001,19274701,7418443658.46537,5610440036.35872,384.879830741103,291.077928335113,0.0107776113030642,-0.00154684068527455,0.00215289391887818,0.0106107106280655,0.00862471738418602,-0.0121575513133401,-0.0245830014207918,0.451633476473925,1.91290229660599,-0.554045896337641,1.67983508792385,-0.0263098063695999,4
"AUS",2002,19495210,7648220908.81523,5827152094.70837,392.312824987021,298.901735077918,0.0191283868450141,0.0265238478638103,0.00638623846891573,0.0153392187404462,0.0127421483760983,0.0111846291233642,-0.0278914962453836,0.372674222002056,2.01680747833323,-0.525528700896153,1.45914678664066,-0.0408171309860585,5
"AUS",2003,19720737,8009564148.30997,6060023661.34907,406.149331452976,307.291946611786,0.0346613589706664,0.0276833877168521,0.0110470774483113,0.0166019935238024,0.023614281522355,0.0110813941930497,-0.0287920135384329,0.427558239948246,1.8852101342345,-0.459949307003803,1.48727253881337,0.0215626847963351,6
"AUS",2004,19932722,8381930115.19901,6311156705.79315,420.511062924522,316.622923140811,0.0347498846069882,0.0299132870670435,0.0263858068989702,0.0212830416609107,0.00836407770801806,0.00863024540613289,-0.0175004311819996,0.381129580531691,1.7149791397299,-0.488305570784926,1.4403893685688,-0.025067175155179,7
"AUS",2005,20176844,8817171787.11359,6559237051.20302,436.994595741217,325.08736506081,0.0384500402510168,0.0263824128424792,0.0193022056726155,0.0193163187011001,0.0191478345784013,0.00706609414137915,-0.056678676555833,0.384094725453447,1.49712350280229,-0.346444953214315,1.36677516788139,0.078771603453911,8
"AUS",2006,20450966,9277607127.96001,6882797832.5053,453.651290993297,336.551233448107,0.0374079931088334,0.0346564296502683,0.0220147135635518,0.0167770598408197,0.0153932795452816,0.0178793698094486,-0.0566482867724858,0.45264169193854,1.4684717361612,-0.198955677967053,1.30740828714287,0.211703420406684,9
"AUS",2007,20827622,9824285338.51402,7270302549.50743,471.695008605112,349.070217882168,0.0390037871163429,0.0365227079077606,0.0176900974428609,0.015227656370616,0.021313689673482,0.0212950515371446,-0.0663659858563157,0.467928250314618,1.42847804430025,-0.174004692599468,1.17542037527561,0.2737694639755,10
"AUS",2008,21249199,10077891746.8752,7300782612.03324,474.271606514448,343.579191480735,0.00544755859256618,-0.0158554713593455,-0.0167928531087504,-0.00513339052490291,0.0222404117013166,-0.0107220808344426,-0.0752547400956606,0.257088089287337,1.39941774910288,-0.199381108193037,0.789704917482191,0.124547239055784,11
"AUS",2009,21691653,10239289837.7014,7600426278.38108,472.038246126352,350.38483597267,-0.00472015488043898,0.0196144538163727,-0.0382893276384815,-0.0127238407540204,0.0335691727580425,0.0323382945703932,-0.0451090493813019,0.463089938068066,1.42851421408827,0.0464171017487995,0.921370688113109,0.355256907419192,12
"AUS",2010,22031750,10818690382.6448,7854059775.65629,491.049979354559,356.488239729313,0.0394859013288018,0.0172691693815752,0.0182857770671028,0.0122087170534364,0.021200124261699,0.00506045232813879,-0.0513849532657279,0.435428738711973,1.44885072864205,0.0590361068497764,0.877045547157188,0.331305272156973,13
"AUS",2011,22340024,11082281945.774,8040628211.05521,496.072965086071,359.92030317672,0.0101771093737959,0.00958137570364581,0.00393705771288744,0.000771261829759062,0.00624005166090846,0.00881011387388675,-0.0874707254444487,0.345616323397908,1.37184204657995,0.0325892069439129,0.655647525023143,0.315594355966617,14
"AUS",2012,22733465,11164712556.0492,8212415686.82361,491.113543670056,361.247864627043,-0.0100476720365386,0.00368170146485536,0.0011010074539648,-0.00262632992958434,-0.0111486794905034,0.0063080313944397,-0.0635246831478453,0.348596088695619,1.35696225989095,0.0470523342699642,0.614677783098212,0.340903998226245,15
"AUS",2013,23128129,11339642426.0125,8356916700.91969,490.296574617538,361.33129060806,-0.00166488856392366,0.000230911674612422,0.00944826426052359,0.00465162136883635,-0.0111131528244472,-0.00442070969422392,-0.0880130846549603,0.32864259020183,1.46331733635641,0.0460284467153957,0.545689723236564,0.349424953696869,16
"AUS",2014,23475686,11232919223.3975,8464962040.80879,478.491628461784,360.584224921427,-0.0243717469713651,-0.00206967695592475,0.0148832913327048,0.00905130252420072,-0.03925503830407,-0.0111209794801255,-0.0999986487112349,0.400122082742943,1.47732779565105,0.110997301816264,0.604385819442175,0.421395981727004,17
"AUS",2015,23815995,11294369036.6569,8703296688.38311,474.234607315669,365.439138208717,-0.00893656397286158,0.01337418573475,0.0267705816951347,0.0172220531417135,-0.0357071456679963,-0.00384786740696352,-0.104805436231678,0.518779726429725,1.53755195779733,0.313077947558368,0.655255023128297,0.56269544050174,18
"AUS",2016,24190907,11823659203.0659,8940073899.27818,488.764609076705,369.563402450275,0.0301788501574549,0.0112225667246983,0.0157056923493712,0.014961983003583,0.0144731578080837,-0.00373941627888463,-0.115594798004772,0.476106488736557,1.58202267873639,0.24767097870437,0.597090690361278,0.530173352294337,19
"AUS",2017,24592588,12151269123.3681,9161278353.56466,494.102903011595,372.521930329767,0.0108627996399084,0.00797359393484953,0.0185754166562608,0.0127129942470035,-0.0077126170163524,-0.00473940031215392,-0.120348150705844,0.439343600489676,1.50583998597799,0.16385660821407,0.587532904832958,0.481002784831456,20
"AUS",2018,24963258,12608580792.3528,9403428138.72049,505.08554581909,376.690740396165,0.0219840114039673,0.0111286240969992,0.0153037426286939,0.0119860371650411,0.00668026877527339,-0.000857413068041879,-0.137239285145791,0.394585881918654,1.52280532282361,0.117653321025443,0.522307167133316,0.44672403415381,21
"AUS",2019,25334826,12623354358.9544,9376452092.17336,498.260945583537,370.101302143277,-0.0136038856838825,-0.0176477758109774,0.0118218315246761,0.0106828258038965,-0.0254257172085586,-0.0283306016148739,-0.146249224177613,0.424675861224681,1.56402588566984,0.0715691149252752,0.606569978463464,0.462020995239287,22
"AUT",1975,7578903,1944923065.35417,1423338543.8201,256.623295660885,187.802712849089,-0.0194881160434006,0.0392193835877572,-0.00933551755570505,0.0193647328665918,-0.0101525984876956,0.0198546507211654,-0.0634016629048402,0.566626435895752,-0.00275063410575349,0.659794643837684,-0.716701050809307,0.670686809785081,-22
"AUT",1976,7565525,2001868877.64824,1482590521.54241,264.604092597439,195.966640985578,0.0306254847151086,0.0425524336062049,0.0351278210121118,0.02958742031044,-0.00450233629700314,0.0129650132957648,-0.0412911135070265,0.900706980359552,0.800067662996108,1.0413911181273,-0.631507052584282,1.01425008185086,-21
"AUT",1977,7568430,2097663440.23799,1568179950.98485,277.159654015164,207.200165818387,0.0463589897649825,0.0557408649749558,0.0222098391100305,0.0204536093697749,0.024149150654952,0.0352872556051809,-0.024587077118065,0.890814966219316,0.772600111063492,1.0400717806388,-0.340251663683958,1.01451183528533,-20
"AUT",1978,7562305,2142126528.3535,1575470702.86395,283.263704433172,208.332076379351,0.0217845731188877,0.00544801700417885,0.0350355318764581,0.0256444736593533,-0.0132509587575704,-0.0201964566551744,0.0897635187243239,0.907438065509781,0.594822346463803,1.05148753802137,-0.18097661463361,1.03029601352944,-19
"AUT",1979,7549425,2265730592.83786,1655266587.05129,300.119624055853,219.257305960558,0.0578028604750331,0.0511126255372325,0.0215457587587258,0.0201997213590133,0.0362571017163074,0.0309129041782192,-0.0368566226874849,0.943399035442371,0.40491271168222,1.09825573637621,-0.487076452877117,1.06971490558145,-18
"AUT",1980,7549433,2288753111.63894,1687977963.50028,303.168875283606,223.590031662018,0.0101088523904638,0.0195682059609803,-0.0156432379353957,-0.0038320346254368,0.0257520903258595,0.0234002405864171,-0.0406421354785284,0.925622267703001,0.383260364606026,1.07648997622239,-0.514962355824144,1.05267188358643,-17
"AUT",1981,7568710,2283602267.96484,1716841167.98824,301.716179899196,226.834053357605,-0.00480322059499194,0.014404548492851,0.00419783673928897,0.00264743305538317,-0.00900105733428092,0.0117571154374678,-0.00735284395819547,1.06952229082815,0.409744642787843,1.21660475155583,-0.303185014571777,1.19131893249136,-16
"AUT",1982,7574140,2327747474.63509,1763332209.84929,307.328287387756,232.809561197613,0.0184297424495634,0.0260020777883598,-0.00918576473877231,0.00369999222902972,0.0276155071883357,0.0223020855593301,0.00109533423725194,1.0522541013162,0.113069184724553,1.2147312196025,-0.213260536500653,1.17624715110293,-15
"AUT",1983,7561910,2400052706.81398,1847267049.92703,317.38710283698,244.285775674006,0.0322056572071201,0.0481179662880642,0.0182852510119069,0.0203066879324174,0.0139204061952132,0.0278112783556468,0.00268776817569372,0.954925025579269,-0.174385316214175,1.11115229718102,0.0326470865550261,1.07085235723994,-14
"AUT",1984,7561434,2385070131.07989,1810740476.37316,315.425636338278,239.470512653176,-0.00619922027140252,-0.0199084629134649,0.0332840576160178,0.0211421136602716,-0.0394832778874203,-0.0410505765737366,-0.0369188846764762,0.993467762783813,0.0646002351397579,1.15088225889542,-0.0103115320314195,1.11316753707075,-13
"AUT",1985,7564984,2439298866.04815,1854428388.63853,322.446004650921,245.13315410033,0.0220127415678872,0.0233712602084317,0.0262101804312636,0.028220326045802,-0.00419743886337631,-0.00484906583737033,0.0297646308209113,1.2123923594626,0.0527045589748507,1.38430205858968,0.28225919503392,1.33149111672852,-12
"AUT",1986,7569794,2525997575.90147,1905585048.51191,333.694361550853,251.735390489083,0.0342897940742857,0.0265769490604075,0.0279589003908649,0.0285999536129466,0.00633089368342077,-0.00202300455253912,0.0108288986131387,1.05295854685908,-0.00740595816423806,1.25104507063594,-0.0823655168707047,1.18481836590376,-11
"AUT",1987,7574586,2586412127.90023,1947419919.29022,341.459206866254,257.099189221723,0.0230027302147642,0.021083462620811,0.0263884259116285,0.0256711609223075,-0.00338569569686431,-0.00458769830149652,-0.00405864400474654,0.997992504600384,0.155080847363847,1.20427771906124,-0.36661529966225,1.143725868477,-10
"AUT",1988,7585317,2661463317.40683,1984028830.88875,350.870414170803,261.56175554545,0.0271887458334046,0.0172084537828248,0.0364906014573148,0.027747718061808,-0.00930185562391017,-0.0105392642789832,-0.00597033314138906,0.874512230276097,0.245754577103594,1.08464315012494,-0.423367631604201,1.01985999616918,-9
"AUT",1989,7619566,2775602244.43526,2051053120.27614,364.273010357186,269.18240753819,0.03748665005803,0.0287188302393826,0.0304836646236,0.0283504260475418,0.00700298543443001,0.00036840419184081,0.0492333297094921,1.00505692270773,0.144898851148029,1.19054976875186,0.104229755777829,1.12552326094289,-8
"AUT",1990,7677850,2888866403.76506,2126751236.4643,376.259812807629,276.998279005751,0.032376281315063,0.0286220484555537,0.0164458339043234,0.0205820614091339,0.0159304474107396,0.00803998704641984,0.0653118194525826,0.921784186493666,0.35282777637245,1.08743033999526,0.397584349355956,1.03991761347847,-7
"AUT",1991,7754891,2997094142.27092,2197185871.22279,386.477919840642,283.32904630417,0.0267948416359953,0.022597636818209,-0.00141331299475933,0.00452667529189377,0.0282081546307547,0.0180709615263153,0.0487988696903791,0.858346344864039,0.2904777978232,1.02440309293593,0.604856255861199,0.96252343270993,-6
"AUT",1992,7840709,3043903395.13008,2262711404.35441,388.217876104072,288.585050708349,0.00449198046060761,0.0183809156401509,0.00822094545024843,0.0165018474627896,-0.00372896498964082,0.00187906817736128,0.0519501053279048,0.736855115633144,0.41722758559377,0.910493669675886,0.571705356271419,0.850170410492,-5
"AUT",1993,7905632,3034111143.28736,2278092834.21987,383.791092639697,288.160748466393,-0.0114683434056184,-0.00147136682785298,0.00361881945756348,0.00911361657858833,-0.0150871628631819,-0.0105849834064413,0.0825441119127156,0.709007530716996,0.299653079736438,0.875587590718709,0.637386186279334,0.800475032904175,-4
"AUT",1994,7936118,3094064179.42052,2317413900.68115,389.871241760836,292.008498447371,0.0157181603153953,0.0132644272936613,0.0180921203943054,0.0149797630443098,-0.00237396007891011,-0.00171533575064853,0.0450665003862337,0.757134936060331,0.612599639690201,0.926650172210959,0.623611649814609,0.858454481525999,-3
"AUT",1995,7948278,3163270528.64144,2349972173.06534,397.98186835456,295.658024677212,0.0205899120673863,0.0124205582720558,0.0189567142277136,0.0100831862779449,0.00163319783967264,0.00233737199411088,0.0282128072147516,0.761908554989239,0.661615831182678,0.941728452504932,0.587567042210205,0.868511200499307,-2
"AUT",1996,7959016,3204775434.0382,2401505501.75765,402.659755180566,301.733970852384,0.0116854780440692,0.0203422735562961,0.0156695395914666,0.0140774563943511,-0.00398406154739739,0.00626481716194505,0.00289007553203657,0.776280915210083,0.706450571212899,0.964755396488156,0.602649709113461,0.888357721364269,-1
"AUT",1997,7968041,3272141394.22784,2426091740.39915,410.658202465053,304.477818374573,0.0196693189397275,0.0090525004911024,0.02050062055583,0.0175132404659122,-0.000831301616102564,-0.00846073997480978,-0.146560379074627,0.844363654745939,1.30308076455963,0.979638011278938,0.793455982458146,0.933440947017795,0
"AUT",1999,7992323,3486330475.08445,2550166943.16926,436.209907317866,319.077062221992,0.0315003896270154,0.0242348079431451,0.0182258328903169,0.0272492682614001,0.0132745567366985,-0.00301446031825492,-0.333756093375052,0.935046730334796,1.58856523190712,1.07953330219798,0.706693890502434,1.03932349386425,2
"AUT",2000,8011566,3563166108.15344,2597411037.22193,444.75276221321,324.207656433453,0.0193949709395156,0.0159515774380736,0.0268436568591222,0.0293540444884357,-0.00744868591960657,-0.0134024670503621,-0.498670928134556,1.13499462902893,2.28988481727555,1.22716918224233,0.891308161733626,1.23973491015497,3
"AUT",2001,8042293,3585026881.55455,2616234582.23303,445.771732210521,325.309533267817,0.00228847257632125,0.00339291371772799,0.00215289391887818,0.0106107106280655,0.00013557865744307,-0.00721779691033753,-0.457335443388261,1.15487315173609,1.91234295064075,1.29319167738154,0.927292001330401,1.26140212270705,4
"AUT",2002,8080292,3613007552.66916,2609314623.62572,447.138241126578,322.923308170759,0.00306080125366925,-0.00736228010344497,0.00638623846891573,0.0153392187404462,-0.00332543721524647,-0.0227014988438912,-0.331066868300304,1.24996492610456,1.93100431823513,1.38973098200035,1.0794087307892,1.34747791906057,5
"AUT",2003,8114402,3651059533.23027,2666798698.45218,449.948071740871,328.650059296074,0.00626436890781434,0.0175786761063126,0.0110470774483113,0.0166019935238024,-0.004782708540497,0.000976682582510158,-0.23903730309277,1.28917517382623,1.87110049034869,1.45665775922678,1.06840695585851,1.40714119677759,6
"AUT",2004,8166432,3732492105.03631,2713831285.77701,457.052982873831,332.315420709682,0.0156671404663813,0.011091045138695,0.0263858068989702,0.0212830416609107,-0.0107186664325889,-0.0101919965222157,-0.200593571856664,1.30364806864686,1.76903849330697,1.47196663660647,1.08965381287836,1.41798857485726,7
"AUT",2005,8222090,3827791306.63103,2794462497.28582,465.549672483643,339.872525998356,0.0184194783894371,0.0224860435031262,0.0193022056726155,0.0193163187011001,-0.000882727283178397,0.00316972480202615,-0.0846155130912057,1.43393446303553,1.57825640944634,1.50468839018787,1.77442379039647,1.44169006712435,8
"AUT",2006,8265675,3976434825.25685,2875171063.88917,481.078051732841,347.844678612354,0.0328107278261598,0.0231854305403276,0.0220147135635518,0.0167770598408197,0.010796014262608,0.00640837069950795,-0.0858270241412886,1.5290865252443,1.56141264345486,1.62813589925567,1.83191956221484,1.55683106285288,9
"AUT",2007,8293654,4130218424.64396,2915557094.69532,497.997435707344,351.540719530296,0.0345654011730545,0.01056949526272,0.0176900974428609,0.015227656370616,0.0168753037301936,-0.00465816110789596,-0.0641446727438972,1.54992746816304,1.35092261458908,1.65234027737394,1.86302769416172,1.55926602559069,10
"AUT",2008,8319388,4138191549.78813,2937676098.12955,497.41538076937,353.112043593777,-0.00116947460325445,0.00445986094209161,-0.0167928531087504,-0.00513339052490291,0.015623378505496,0.00959325146699452,-0.180426425679109,1.57828236736033,1.2233554472361,1.70188074124074,1.78956789103992,1.61292333528033,11
"AUT",2009,8338752,4038734450.45832,2984563218.50314,484.333201234228,357.91485566463,-0.0266523510681607,0.0135097142551457,-0.0382893276384815,-0.0127238407540204,0.0116369765703208,0.0262335550091661,-0.130713624061227,1.50079754615393,1.16922878355563,1.66120230047175,1.68576998018085,1.54106801816954,12
"AUT",2010,8357367,4074551419.34786,3011757552.63596,487.540085214381,360.371580263971,0.00659941098036487,0.00684054175672433,0.0182857770671028,0.0122087170534364,-0.0116863660867379,-0.00536817529671207,-0.105929608376971,1.46659052140723,1.44021464885879,1.62457077217394,1.62690820771536,1.51652595911633,13
"AUT",2011,8384901,4134280968.39297,3021092129.00072,493.062585758969,360.301466767553,0.0112636016482233,-0.000194577823959818,0.00393705771288744,0.000771261829759062,0.00732654393533583,-0.000965839653718881,-0.159953368770786,1.45665261064055,1.23805208168886,1.61761600648841,1.61106647286899,1.51008984422797,14
"AUT",2012,8420328,4144259832.02526,3033177027.1962,492.173206557423,360.220768976719,-0.00180541439939841,-0.000223998059097674,0.0011010074539648,-0.00262632992958434,-0.00290642185336321,0.00240233187048666,-0.149889527955461,1.46000543115701,1.28133374613185,1.6193428741535,1.62339256002184,1.50819672867643,15
"AUT",2013,8472176,4122058016.86523,3027429806.28445,486.540649871442,357.337926677214,-0.0115102465035752,-0.00803518326136299,0.00944826426052359,0.00465162136883635,-0.0209585107640988,-0.0126868046301993,-0.163967201949145,1.41381395561839,1.38035925397392,1.57823784132931,1.59792211196552,1.45192365702505,16
"AUT",2014,8538350,4169601285.89891,3040798389.88546,488.338061323196,356.134193361184,0.00368746074313808,-0.00337429991825733,0.0148832913327048,0.00905130252420072,-0.0111958305895667,-0.012425602442458,-0.163268803909494,1.27664076682728,1.24395863690507,1.41432289414047,1.48290106723194,1.29685480441753,17
"AUT",2015,8618709,4282398258.41593,3098066118.10274,496.87235738159,359.458257391302,0.0173252522904574,0.00929044999175499,0.0267705816951347,0.0172220531417135,-0.00944532940467724,-0.00793160314995855,-0.190577795680154,1.27733737872612,1.3228862619377,1.38219300342942,1.49753668282476,1.27774369730389,18
"AUT",2016,8737663,4413079272.70861,3169017778.41699,505.064028300086,362.684825269295,0.0163520430342423,0.0089361497100553,0.0157056923493712,0.014961983003583,0.000646350684871067,-0.00602583329352768,-0.106821902625435,1.11923648087832,1.36546986063404,1.2241210933606,1.28884707324589,1.14887633792336,19
"AUT",2017,8790624,4464458763.28959,3209713809.29181,507.865967568353,365.129234203603,0.00553235944492059,0.00671715005634699,0.0185754166562608,0.0127129942470035,-0.0130430572113402,-0.00599584419065646,-0.164951821166485,1.15747780244671,1.40690073345701,1.23625169766827,1.37530090642643,1.16304565770548,20
"AUT",2018,8833192,4566935355.62345,3245616958.03592,517.019822010373,367.434213819412,0.0178636448227349,0.00629293538643427,0.0153037426286939,0.0119860371650411,0.00255990219404101,-0.00569310177860682,-0.16828291683908,1.00706725653317,1.29354969008492,1.11441077569959,1.16070680539054,1.04611511588108,21
"AUT",2019,8872344,4644465434.88266,3286562410.71722,523.476708622057,370.427748373735,0.0124113234533505,0.00811412196849925,0.0118218315246761,0.0106828258038965,0.000589491928674413,-0.0025687038353972,-0.201854799294918,0.963183294103706,1.34889316570234,1.09160560392232,1.08525837703086,1.02973861406824,22
"BEL",1975,9800700,2594605738.58929,1913015380.22334,264.736777841306,195.191708778285,-0.0216683062776131,0.0265222511134073,-0.00933551755570505,0.0193647328665918,-0.012332788721908,0.00715751824681554,0.00780283655246317,1.51521972831988,0.908296548110675,1.55919670990096,0.935228991847381,1.57062217452873,-22
"BEL",1976,9818228,2703739688.19784,1992991508.30678,275.379598864259,202.988921046322,0.0394144641718306,0.0391692038701619,0.0351278210121118,0.02958742031044,0.00428664315971883,0.00958178355972183,0.00993081996691503,1.55597333878352,1.78031057159274,1.62006847734837,1.09393046242739,1.60827492641667,-21
"BEL",1977,9830358,2730375011.67032,2051180944.60794,277.74929577034,208.657807234278,0.00856838768361268,0.0275442227609721,0.0222098391100305,0.0204536093697749,-0.0136414514264178,0.00709061339119721,0.00296571036146909,1.57638703359155,2.05637053288315,1.64697618349115,1.30765704001519,1.64432407972594,-20
"BEL",1978,9839534,2806697517.07317,2123424193.76377,285.246996155831,215.805361693325,0.0266365650837752,0.0336812739879742,0.0350355318764581,0.0256444736593533,-0.00839896679268293,0.00803680032862086,-0.0652032404735076,1.60539184979497,2.0458535550283,1.6705169635015,1.44117173677796,1.67568023101605,-19
"BEL",1979,9848382,2873398673.00649,2216156462.20865,291.763527552698,225.027467680341,0.0225881789047602,0.0418455751578231,0.0215457587587258,0.0201997213590133,0.0010424201460344,0.0216458537988098,-0.0683780099720357,1.58458888397976,2.0571843708236,1.64314563854406,1.51422483856058,1.64592475197605,-18
"BEL",1980,9859243,2930121579.22802,2272912495.16736,297.195391089155,230.536208019963,0.0184461679232362,0.0241854614527703,-0.0156432379353957,-0.0038320346254368,0.0340894058586318,0.0280174960782071,-0.125759250235442,1.65252129153171,2.04333787449481,1.72282738699147,1.48958255373166,1.728789181733,-17
"BEL",1981,9858982,2854385116.82699,2293959867.7606,289.521282910039,232.677153458704,-0.026160994540243,0.00924395046512405,0.00419783673928897,0.00264743305538317,-0.030358831279532,0.00659651740974088,-0.162641476387138,1.93499281308531,2.48374690922757,2.00531120408826,1.60842862648425,2.01390754112702,-16
"BEL",1982,9856303,2840835864.4748,2296401346.35669,288.225297505038,232.98810379071,-0.00448635309204448,0.00133551031940637,-0.00918576473877231,0.00369999222902972,0.00469941164672782,-0.00236448190962335,-0.0829541901210393,1.97257347647566,2.06569227562143,2.0790816042831,1.62817600930008,2.0616227750112,-15
"BEL",1983,9855521,2795466191.04832,2264891442.70256,283.644689210071,229.809407610471,-0.016020096757094,-0.0137370927406186,0.0182852510119069,0.0203066879324174,-0.034305347769001,-0.034043780673036,-0.104775246722976,1.94129344365116,2.18731585149646,2.02471554477595,1.93654678545985,2.01893269548267,-14
"BEL",1984,9855372,2840088006.10098,2267703563.10071,288.176641744317,230.098220858706,0.0158512709516172,0.00125596214683998,0.0332840576160178,0.0211421136602716,-0.0174327866644006,-0.0198861515134316,-0.0721135116381636,2.0102587348176,2.17373709853495,2.10359439573705,1.92906304632763,2.09418544336896,-13
"BEL",1985,9858309,2880366312.08528,2307374063.12666,292.176509387694,234.053737119283,0.0137844723355212,0.0170444698257866,0.0262101804312636,0.028220326045802,-0.0124257080957424,-0.0111758562200155,-0.0997963367540841,2.12787615098499,2.24215720404475,2.22203488729293,2.03110213351862,2.20708629567595,-12
"BEL",1986,9861824,2976368970.05014,2354370362.64321,301.807147445558,238.735791943074,0.0324301249297818,0.0198067326019196,0.0279589003908649,0.0285999536129466,0.00447122453891691,-0.00879322101102709,-0.100381155791882,2.05594359193797,2.25054759342001,2.14816217530902,2.09151659258546,2.13061956831278,-11
"BEL",1987,9870234,3048943740.30544,2396717120.69406,308.902883184475,242.82272544846,0.0232387048201819,0.0169741848003522,0.0263884259116285,0.0256711609223075,-0.00314972109144662,-0.0086969761219553,-0.0938379574651074,2.04782729887758,2.14631472381585,2.15609898532398,1.99021544501154,2.13332568799127,-10
"BEL",1988,9901665,3224769190.62007,2449038678.77904,325.679488310307,247.336046895046,0.0528867994552851,0.0184162735085485,0.0364906014573148,0.027747718061808,0.0163961979979703,-0.00933144455325952,-0.103830682221208,2.02087811731478,2.41409610066463,2.09383379125856,2.13799305400495,2.08865425001998,-9
"BEL",1989,9937697,3391344748.05605,2532223925.41846,341.260630914391,254.809934879124,0.0467327658256353,0.0297699881164046,0.0304836646236,0.0283504260475418,0.0162491012020354,0.00141956206886285,-0.131946638749467,2.1975998003407,2.31841662488004,2.23620748523933,2.2791939038698,2.24184091865837,-8
"BEL",1990,9967378,3476243633.38686,2586759606.0326,348.762095045142,259.522575147907,0.02174351479061,0.018325779782475,0.0164458339043234,0.0205820614091339,0.00529768088628657,-0.00225628162665892,-0.175058628239348,2.15302159669915,2.47498998581205,2.19140141537482,2.35901270364441,2.21039327274274,-7
"BEL",1991,10004486,3528350324.81414,2669262601.08896,352.676821659218,266.806570681289,0.0111621045432573,0.0276802478674334,-0.00141331299475933,0.00452667529189377,0.0125754175380166,0.0231535725755396,-0.18549207980373,2.14365524769407,2.52581969372965,2.17826545584021,2.44319007385266,2.19141124647186,-6
"BEL",1992,10045165,3617211453.13374,2716669009.67255,360.094777251915,270.445434163854,0.020815148734382,0.0135464143287889,0.00822094545024843,0.0165018474627896,0.0125942032841335,-0.00295543313400071,-0.204123090579794,2.0189420413346,2.77301428151964,2.03402977163307,2.50866548633754,2.06091140705212,-5
"BEL",1993,10084479,3625608058.55214,2717593589.49567,359.523586548412,269.482795243628,-0.00158748262187824,-0.00356580703800802,0.00361881945756348,0.00911361657858833,-0.00520630207944173,-0.0126794236165964,-0.236370887638032,2.05800704297441,2.92399223932078,2.03114056708735,2.53727529019219,2.0826507884483,-4
"BEL",1994,10115601,3732251133.31549,2777437934.1963,368.959899991655,274.569739770904,0.0259081817029658,0.018700741007768,0.0180921203943054,0.0149797630443098,0.00781606130866042,0.00372097796345816,-0.22686455971786,2.09203467177927,2.94366082652247,2.10324825323772,2.46346865478011,2.13263939074901,-3
"BEL",1995,10136814,3811947217.30556,2834527825.78322,376.04983353799,279.62709247533,0.019033704587117,0.0182516131528265,0.0189567142277136,0.0100831862779449,7.69903594033394e-05,0.00816842687488162,-0.184110275755622,2.03865673752575,2.86354532565867,2.0712737675745,2.33426882734094,2.08618900418233,-2
"BEL",1996,10156641,3801764924.73259,2858822563.00804,374.313212875456,281.473231455954,-0.00462875609741253,0.00658044760880472,0.0156695395914666,0.0140774563943511,-0.0202982956888791,-0.00749700878554638,-0.152214145443833,2.0751612483897,2.84123796667911,2.10902339690912,2.4300544552639,2.11769737470391,-1
"BEL",1997,10181246,3912189765.94446,2887799944.96771,384.254517172501,283.639148387899,0.0262122236504805,0.00766547545186924,0.02050062055583,0.0175132404659122,0.00571160309465046,-0.00984776501404294,-0.135874477220344,2.06864856258566,2.85276357564265,2.09043174769767,2.44895869239474,2.09222666688993,0
"BEL",1998,10203012,4022779159.92966,2977330200.89058,394.273687018075,291.80894826847,0.0257401670848276,0.0283964753862573,0.0149938500692626,0.0174862766889339,0.0107463170155651,0.0109101986973235,-0.112414686610856,2.08479268920335,2.9771604209581,2.05330664517887,2.58275879385557,2.07827461718056,1
"BEL",1999,10226419,4143795997.83597,3039675740.08308,405.204988944416,297.237551100056,0.0273477793488972,0.0184323530811064,0.0182258328903169,0.0272492682614001,0.00912194645858033,-0.0088169151802937,-0.14736029705311,2.04019129273975,2.87730196315488,1.99291047333175,2.53418296621387,2.02097658610691,2
"BEL",2000,10251251,4275599273.60673,3136253973.90629,417.0807322547,305.938658014158,0.0288867209896493,0.0288529633921799,0.0268436568591222,0.0293540444884357,0.00204306413052713,-0.000501081096255795,-0.119947823459487,2.05831098516671,3.17338749309182,1.95386582663058,2.62675245984267,1.99919169081629,3
"BEL",2001,10286571,4302093489.10007,3171464450.51914,418.224254622854,308.311141829394,0.00273797738667358,0.00772485595820172,0.00215289391887818,0.0106107106280655,0.0005850834677954,-0.0028858546698638,-0.128899437503809,2.06004761483189,2.98832681373608,1.98464697601631,2.54288308065239,2.01655890339006,4
"BEL",2002,10332786,4375300910.03839,3223509601.1485,423.4386456894,311.969066343627,0.0123908462154212,0.0117945627506648,0.00638623846891573,0.0153392187404462,0.00600460774650546,-0.00354465598978138,-0.173091640116341,2.0914500061612,2.98799350353307,2.04157328286136,2.51096617601733,2.05207983353884,5
"BEL",2003,10376131,4432078877.29463,3265459456.89737,427.141761924038,314.708773134935,0.00870732407709163,0.00874364489442669,0.0110470774483113,0.0166019935238024,-0.00233975337121972,-0.00785834862937573,-0.145969685894768,2.14119151310336,2.87286753827808,2.11127834330575,2.55344320528019,2.10991785783796,6
"BEL",2004,10421136,4582161608.30306,3319262437.84164,439.698858963463,318.512534318872,0.0289741278805034,0.0120141470031818,0.0263858068989702,0.0212830416609107,0.00258832098153317,-0.00926889465772884,-0.0667797376777896,2.10898410782917,2.70111271716061,2.09610296033039,2.49660604586282,2.08388774049095,7
"BEL",2005,10478620,4656690233.25054,3365964184.11188,444.399189325555,321.22208688853,0.010633152414691,0.00847091491417284,0.0193022056726155,0.0193163187011001,-0.00866905325792455,-0.0108454037869272,-0.0524619663789413,2.10866152854974,2.54048079817,2.1042860943366,2.51395821537108,2.09623166090119,8
"BEL",2006,10547956,4797760281.26645,3453762066.07415,454.852132609053,327.434250396395,0.023249149291745,0.0191545294000619,0.0220147135635518,0.0167770598408197,0.00123443572819326,0.00237746955924223,-0.0403130574292261,2.08563036699902,2.39607410735815,2.10957517567129,2.4496302491301,2.09299275907332,9
"BEL",2007,10624835,4979476333.10128,3548452680.07409,468.663874130872,333.977203417662,0.0299134423601366,0.0197854646353335,0.0176900974428609,0.015227656370616,0.0122233449172757,0.00455780826471752,-0.130973159368006,2.13175684337295,2.28946082658869,2.20133038630312,2.3753015581076,2.16636252895518,10
"BEL",2008,10709108,4878202199.09581,3580133936.5217,455.519002992201,334.307389235565,-0.0284483904129704,0.000988159381199338,-0.0167928531087504,-0.00513339052490291,-0.01165553730422,0.00612154990610225,-0.207176742148094,2.27157739974869,2.4846025095317,2.21627072421244,2.69469188656483,2.2054587265176,11
"BEL",2009,10796498,4825178191.85276,3663267844.5951,446.920676672451,339.301488741543,-0.0190563130452182,0.0148281626776186,-0.0382893276384815,-0.0127238407540204,0.0192330145932633,0.027552003431639,-0.179412252507807,2.1827341772098,2.21953188369195,2.13737652066745,2.61815288605404,2.08987629213864,12
"BEL",2010,10895591,4932376223.90729,3754115859.33704,452.694693101759,344.553669400498,0.01283680984504,0.0153608081154406,0.0182857770671028,0.0122087170534364,-0.00544896722206278,0.0031520910620042,-0.142615308100851,2.15488862736848,2.31819243163083,2.06858497481691,2.63440336601291,2.02417718351853,13
"BEL",2011,10993609,4967433609.07982,3762494671.01426,451.847396890304,342.243813747993,-0.0018734262753366,-0.00672647881913147,0.00393705771288744,0.000771261829759062,-0.00581048398822404,-0.00749774064889053,-0.12602782033937,2.15219116566871,2.11686619194568,2.07184470618448,2.61384044941768,2.01805213904114,14
"BEL",2012,11067748,4947466940.35198,3794564710.08649,447.016587326706,342.848853270466,-0.0107488032887684,0.00176630026535474,0.0011010074539648,-0.00262632992958434,-0.0118498107427332,0.00439263019493907,-0.126940966846212,2.12301077646561,2.16582384430554,2.00671553534873,2.5965555285665,1.9694018818292,15
"BEL",2013,11125033,4977275639.68202,3834585258.62575,447.394236015482,344.680798576125,0.000844463643242754,0.00532907820397277,0.00944826426052359,0.00465162136883635,-0.00860380061728083,0.000677456835136425,-0.126528003084431,2.01369668544471,2.29059232418138,1.84353361794787,2.52419916913263,1.83117593633136,16
"BEL",2014,11179778,5090411170.54366,3895196566.05248,455.323099487634,348.41448247474,0.0175671100252872,0.0107740454099448,0.0148832913327048,0.00905130252420072,0.00268381869258238,0.00172274288574403,-0.0921648097922792,1.91224030426869,2.19049435046072,1.72919298357999,2.4113132574001,1.73294862625646,17
"BEL",2015,11238474,5194237985.59496,3947144867.86217,462.183565633107,351.217155270562,0.014954864670929,0.00801189550807546,0.0267705816951347,0.0172220531417135,-0.0118157170242057,-0.00921015763363808,-0.0944046799125608,1.9674017010365,2.27092044765001,1.74609342778366,2.4760271528643,1.76310124219409,18
"BEL",2016,11295003,5252179371.02567,3972740944.39577,465.000263481619,351.72553246739,0.00607583183635718,0.00144642598701061,0.0157056923493712,0.014961983003583,-0.00962986051301407,-0.0135155570165724,-0.161884354683241,1.91439229800394,2.33092732838164,1.69540790273447,2.39505222235023,1.73320408985312,19
"BEL",2017,11349081,5322170210.72196,4028001232.05328,468.951645575704,354.918713863553,0.00846168979875905,0.00903765408809143,0.0185754166562608,0.0127129942470035,-0.0101137268575018,-0.00367534015891202,-0.188880306314942,1.88512237864378,2.31912399282428,1.64090452703427,2.37850400824622,1.70032769592492,20
"BEL",2018,11403740,5404273484.33821,4094277736.63525,473.903603935043,359.029383047601,0.010504271774419,0.0115154438438676,0.0153037426286939,0.0119860371650411,-0.0047994708542749,-0.000470593321173496,-0.197075200835743,1.67808551623049,2.15873942404837,1.46344408614388,2.12580769825337,1.52345770914299,21
"CAN",1977,23725843,6866093288.40551,5259265581.52535,289.393017074483,221.66822824906,0.0113406116665793,0.0237792592889035,0.0222098391100305,0.0204536093697749,-0.0108692274434512,0.00332564991912854,0.0509923927087559,0.696287585004342,1.24582753119737,0.535234662118491,1.55573499713635,0.548638787937075,-20
"CAN",1978,23963203,6978201824.73839,5341110001.63195,291.204887123745,222.887983782133,0.00624141395611932,0.00548753368387711,0.0350355318764581,0.0256444736593533,-0.0287941179203388,-0.0201569399754762,0.0453280767709731,0.726975516210093,1.18558148518943,0.569741725877445,1.6992571987191,0.587347960596765,-19
"CAN",1979,24201544,7294778334.17267,5446683953.83152,301.417890287193,225.055225973662,0.0344705428339065,0.00967649047922148,0.0215457587587258,0.0201997213590133,0.0129247840751807,-0.0105232308797918,0.0598966584623142,0.671290625900713,1.27151758661634,0.4653455605127,1.8204024692292,0.48999437733766,-18
"CAN",1980,24515667,7433920957.96194,5558386426.50545,303.23143800093,226.727929797115,0.00599869401043751,0.00740493064143966,-0.0156432379353957,-0.0038320346254368,0.0216419319458332,0.0112369652668765,0.0692964783650014,0.796885661938194,1.26563239785938,0.589646881313564,2.05695713201144,0.615075133028901,-17
"CAN",1982,25116942,7175989545.02732,5495409584.80661,285.703153872287,218.792940032533,-0.0617562410163384,-0.0293445529282756,-0.00918576473877231,0.00369999222902972,-0.0525704762775661,-0.0330445451573054,0.0566933621194746,0.798734182190388,1.16146049251967,0.605960947642032,2.07892398429149,0.612257904014026,-15
"CAN",1983,25366451,7357137407.46421,5656748020.2778,290.034163922427,223.001160874961,0.015045374390164,0.0190511738983696,0.0182852510119069,0.0203066879324174,-0.00323987662174297,-0.00125551403404778,0.0582565261809463,0.646193017835446,1.09205321274783,0.366524666961204,2.31400178731799,0.393713002736065,-14
"CAN",1984,25607053,7734380944.17574,5860745718.50347,302.041040965383,228.872323515848,0.040564182707123,0.0259873316754629,0.0332840576160178,0.0211421136602716,0.0072801250911052,0.00484521801519122,0.0475871263104283,0.639548800334266,1.12300327312533,0.340410233782034,2.3328747808463,0.372437811901586,-13
"CAN",1985,25842116,8052215541.97662,6133749950.79394,311.592732653031,237.354787463764,0.0311340856669533,0.0363917064359782,0.0262101804312636,0.028220326045802,0.00492390523568975,0.00817138039017618,0.046378995093571,0.539566301341672,1.14315149444725,0.212556648857208,2.07137695136895,0.269429779650061,-12
"CAN",1986,26100278,8139197345.2946,6313407057.63717,311.84332003263,241.890414256782,0.000803891247590727,0.0189287746715818,0.0279589003908649,0.0285999536129466,-0.0271550091432742,-0.00967117894136482,0.0516925334017723,0.598268314523068,1.38692253456356,0.278489323613844,2.04429017006269,0.366084269909138,-11
"CAN",1987,26446601,8505976147.49618,6507115590.74374,321.628331273882,246.047331025402,0.030895745889203,0.0170391300207502,0.0263884259116285,0.0256711609223075,0.00450731997757448,-0.00863203090155729,0.0549044031115116,0.541463508680957,1.42954126962851,0.110061977691078,2.05416957609429,0.235157358713149,-10
"CAN",1988,26791747,8924852013.14722,6746278914.40347,333.119449550909,251.804367755618,0.0351045048386354,0.0231285476224823,0.0364906014573148,0.027747718061808,-0.00138609661867939,-0.00461917043932569,0.0422538974758305,0.501734135031702,1.56598073487027,-0.0409785795250421,2.05258752685662,0.15349379272338,-9
"CAN",1989,27276781,9107148842.71302,6942099238.00032,333.879164213439,254.505809831458,0.00227801070462963,0.0106711965542488,0.0304836646236,0.0283504260475418,-0.0282056539189703,-0.017679229493293,0.0368054747473517,0.535205605052397,1.28369001955274,-0.0639363949259859,1.91228767546718,0.170179518797754,-8
"CAN",1990,27691138,9001247498.73522,7062364750.49975,325.058778687074,255.040610844515,-0.0267731202493762,0.00209912654757982,0.0164458339043234,0.0205820614091339,-0.0432189541536996,-0.0184829348615541,0.0309301606382595,0.613374195071859,1.27620719764161,-0.0385287917040884,2.29415984629101,0.147455147918957,-7
"CAN",1991,28037420,8598671240.25621,6990493666.76217,306.685538122131,249.327279998023,-0.058183106639274,-0.0226563797631094,-0.00141331299475933,0.00452667529189377,-0.0567697936445146,-0.0271830550550032,0.00319532931782029,0.700659254120804,1.55384959592945,-0.0894498577902467,2.43034585310653,0.178511910111065,-6
"CAN",1992,28371264,8673590449.60458,7125098923.22341,305.717448810338,251.137873984867,-0.00316161135347759,0.00723567613808829,0.00822094545024843,0.0165018474627896,-0.011382556803726,-0.00926617132470131,-0.00918243428018983,0.67830357562646,1.96366074256615,-0.0960902206619472,2.44667898847182,0.211272558343229,-5
"CAN",1993,28684764,8853758477.87584,7219023169.43477,308.65718392788,251.667511346259,0.00956991840728438,0.00210672985109106,0.00361881945756348,0.00911361657858833,0.0059510989497209,-0.00700688672749727,-0.0309463668904408,0.755605976948033,2.11150936864536,-0.118533913091905,2.44756588081567,0.293367274862716,-4
"CAN",1994,29000663,9370806120.96658,7427738639.32216,323.123858270639,256.123063094184,0.0458044879678301,0.0175492272666409,0.0180921203943054,0.0149797630443098,0.0277123675735247,0.00256946422233106,-0.0458226860809742,0.824398027856375,2.26943108209517,0.039308145159382,2.39231067335886,0.411713817079796,-3
"CAN",1995,29302311,9632953129.95077,7464099155.48541,328.74380215099,254.727320158653,0.0172430186835593,-0.00546440388155034,0.0189567142277136,0.0100831862779449,-0.00171369554415435,-0.0155475901594953,-0.0499942459437599,1.00171955992702,2.4557615675692,0.175220395538403,2.52240814872514,0.554643711273874,-2
"CAN",1996,29610218,9805752220.05217,7568548492.04851,331.16109513453,255.605969940799,0.00732621868853567,0.00344343850339079,0.0156695395914666,0.0140774563943511,-0.00834332090293088,-0.0106340178909603,-0.0497748687523406,1.15586471653209,2.62501944396558,0.251395690956008,2.69417452091838,0.69186119900712,-1
"CAN",1997,29905948,10177794682.6795,7809137713.65543,340.32676986797,261.123229186897,0.0273012946778168,0.0213553595705207,0.02050062055583,0.0175132404659122,0.00680067412198682,0.00384211910460852,-0.042544254296076,1.17818598875708,2.66501366850356,0.180104043468128,2.71423729232203,0.656030733414193,0
"CAN",1998,30155173,10451025752.976,8038845431.91791,346.5748895878,266.582633497673,0.0181926829354619,0.0206918265769307,0.0149938500692626,0.0174862766889339,0.00319883286619937,0.00320554988799682,-0.015571520642384,1.20608500271967,2.58569912518049,0.123690544310338,2.71017594794238,0.638100104628733,1
"CAN",1999,30401286,11008732009.6853,8319064675.40304,362.114024047708,273.641867498731,0.0438602189426529,0.0261359335710436,0.0182258328903169,0.0272492682614001,0.025634386052336,-0.00111333469035646,-0.00320428280144058,1.16110864525274,2.54340523122627,-0.105633024023653,2.6019973524496,0.62581127526243,2
"CAN",2000,30685730,11760845938.8887,8660743470.13881,383.267595031591,282.240098903914,0.0567742809748779,0.03093792471822,0.0268436568591222,0.0293540444884357,0.0299306241157558,0.00158388022978428,-0.129639488161615,1.06033139930769,2.6827394362702,-0.233693626626655,2.43159519709993,0.499661112262573,3
"CAN",2001,31020855,11870183367.3086,8855508600.86531,382.651715025539,285.469520452138,-0.00160821154579871,0.0113771416673591,0.00215289391887818,0.0106107106280655,-0.0037611054646769,0.000766431039293636,-0.166736956016819,1.00168905271319,2.58894445844712,-0.211733505176774,2.25267490175053,0.499591248585046,4
"CAN",2002,31359199,12106520658.0077,9175514941.66752,386.059626650785,292.594046859026,0.008866615508488,0.0246508778055254,0.00638623846891573,0.0153392187404462,0.00248037703957227,0.00931165906507925,-0.0507957191650537,0.849698254515218,2.57000831204022,-0.287375165383,2.0129134250405,0.3589443867936,5
"CAN",2003,31642461,12384101148.7746,9358849725.40576,391.376042109197,295.768705392598,0.0136770116065712,0.0107916054546022,0.0110470774483113,0.0166019935238024,0.00262993415825985,-0.0058103880692002,-0.129389819189284,0.896934014351178,2.46951118210727,-0.301658309608878,2.03702430632535,0.407748020850927,6
"CAN",2004,31938807,12943011648.205,9595358110.75356,405.244054613717,300.429446558651,0.0348206472679449,0.0156351914113495,0.0263858068989702,0.0212830416609107,0.00843484036897468,-0.00564785024956116,-0.115781069794146,0.880128864884393,2.2975264205205,-0.348461953060476,2.05598127112799,0.34918278994619,7
"CAN",2005,32242732,13476657046.0548,9889315586.06162,417.975035305779,306.714567055348,0.0309322169941915,0.0207046265150534,0.0193022056726155,0.0193163187011001,0.0116300113215759,0.00138830781395338,-0.117880341140627,0.884099459990249,2.05450852527756,-0.266361889654895,2.04973793328084,0.409462826575879,8
"CAN",2006,32571193,13909321663.1178,10246484553.2524,427.043665951009,314.587327312586,0.0214645635882071,0.0253441418103968,0.0220147135635518,0.0167770598408197,-0.000550149975344638,0.00856708196957712,-0.144307946949773,0.799295048543317,1.92267716964708,-0.234751868516812,1.80391037920064,0.43338623096515,9
"CAN",2007,32888886,14355679705.3756,10620135229.2377,436.490299652459,322.909545468877,0.0218798818337476,0.0261105311072205,0.0176900974428609,0.015227656370616,0.00418978439088669,0.0108828747366045,-0.107238204029325,0.827641074999052,1.81440613184777,-0.128692575533793,1.70023675204181,0.500741081890528,10
"CAN",2008,33247298,14728872154.2775,10925983905.2858,443.009598983878,328.627725034551,0.0148252859312494,0.017553336232349,-0.0167928531087504,-0.00513339052490291,0.0316181390399999,0.0226867267572519,-0.139495786157358,0.630531590328415,1.81596163112355,-0.0606821020819146,1.31850139181562,0.380009710639575,11
"CAN",2009,33630069,13925350061.2114,11075877252.3868,414.074382696371,329.344470045149,-0.0675458119099375,0.002178649187492,-0.0382893276384815,-0.0127238407540204,-0.029256484271456,0.0149024899415124,-0.10192222277909,0.803403593061499,1.78014233231172,0.0933901864585816,1.45798387090415,0.53917381976331,12
"CAN",2010,34005902,14506945700.1268,11384141319.9396,426.600820649509,334.769573821027,0.0298031036976516,0.0163382313802556,0.0182857770671028,0.0122087170534364,0.0115173266305488,0.00412951432681918,-0.0930687694207794,0.790271272314432,1.91015127812397,0.0814546374831304,1.40097927438628,0.552451966413328,13
"CAN",2011,34339221,15010354847.523,11565270764.277,437.119841697138,336.79479113044,0.024358665059375,0.00603136066901477,0.00393705771288744,0.000771261829759062,0.0204216073464876,0.00526009883925571,-0.109352619150579,0.731055179544423,1.87295303030696,0.134022169016486,1.19647956650242,0.593961723998913,14
"CAN",2012,34713395,15229130068.4356,11738358992.395,438.710476703175,338.150705005804,0.00363229434164136,0.0040178524256671,0.0011010074539648,-0.00262632992958434,0.00253128688767656,0.00664418235525144,-0.0996603571412298,0.739723679019713,1.8714124426445,0.155894942111752,1.1486039464797,0.63728848204236,15
"CAN",2013,35080992,15707235812.8772,12041996408.3397,447.742065357706,343.262710710681,0.0203776305053687,0.0150044055283516,0.00944826426052359,0.00465162136883635,0.0109293662448451,0.0103527841595152,-0.138347338308736,0.803535877172683,2.04044475492249,0.119241295147867,1.25079940458301,0.673914379157248,16
"CAN",2014,35434066,16164082665.4825,12294859736.4974,456.173521420954,346.978518821334,0.0186559469236922,0.0107667981787483,0.0148832913327048,0.00905130252420072,0.00377265559098738,0.00171549565454754,-0.148030170382064,0.87152260797047,2.0609986087358,0.224720346271925,1.27160411248581,0.77102572819012,17
"CAN",2015,35704498,15948509745.6656,12549377344.6727,446.680688401378,351.478890549664,-0.0210292708358271,0.012886781495471,0.0267705816951347,0.0172220531417135,-0.0477998525309618,-0.00433527164624259,-0.217321229406637,1.00170274192186,2.15911602044359,0.393887419106604,1.37975198076907,0.902646476329464,18
"CAN",2016,36110803,16001078791.7581,12726021462.9211,443.110578066018,352.415908971094,-0.00802464494306765,0.00266238357082837,0.0157056923493712,0.014961983003583,-0.0237303372924389,-0.0122995994327546,-0.18953156545736,1.06882101535258,2.25355847863209,0.476500147773144,1.44044891998704,0.974445588466627,19
"CAN",2017,36545075,16644584719.6102,13095886643.4163,455.453565757088,358.348878567531,0.0274744194614387,0.0166949953186872,0.0185754166562608,0.0127129942470035,0.00889900280517786,0.00398200107168378,-0.215523334066022,1.12957390421258,2.25784146897283,0.5213780153324,1.49722318332875,1.0426876572446,20
"CAN",2018,37072620,16997982311.8343,13355019342.3412,458.505018308237,360.239425817252,0.00667746644687117,0.00526184910095928,0.0153037426286939,0.0119860371650411,-0.00862627618182277,-0.00672418806408182,-0.230513045867209,1.04610015065188,2.19751050303081,0.559155022727434,1.34184699049844,1.00324328783701,21
"CAN",2019,37618495,17253838375.5626,13530123677.9386,458.653074121189,359.666798949257,0.000322857783102037,-0.00159083772041591,0.0118218315246761,0.0106828258038965,-0.011498973741574,-0.0122736635243124,-0.204506601846549,1.16250310229003,2.12696009288456,0.624500595145789,1.62376215498713,1.02009667767548,22
"CHE",1975,6338632,2820908351.2407,1841673563.55902,445.034252065855,290.547481469033,-0.0711014562779884,-0.0231905564470951,-0.00933551755570505,0.0193647328665918,-0.0617659387222833,-0.0425552893136869,-0.340070720247688,2.39828925012119,2.60608436729289,2.2614148070273,2.51722176164619,2.3484808985339,-22
"CHE",1976,6302505,2809049259.69527,1878192257.68386,445.703614625497,298.007261824284,0.00150293977761784,0.0253508444127641,0.0351278210121118,0.02958742031044,-0.0336248812344939,-0.0042365758976759,-0.268160306616466,2.49309064006956,3.42578261195924,2.41173663379289,2.64605511498673,2.46019344541562,-21
"CHE",1977,6281175,2847926260.30547,1922251736.11766,453.406609480785,306.033781277812,0.0171351256441845,0.0265776374455102,0.0222098391100305,0.0204536093697749,-0.00507471346584598,0.00612402807573531,-0.248754240082502,2.57164764613735,3.5372117647614,2.52102017322635,2.92531827516189,2.55607949444339,-20
"CHE",1978,6281737,2932715154.82287,1958075295.77537,466.863728109418,311.709212877802,0.0292480967621902,0.0183752510191884,0.0350355318764581,0.0256444736593533,-0.00578743511426794,-0.00726922264016494,-0.226885066632195,2.43174418770249,3.18334221728243,2.40186668976417,2.8431713827502,2.42983978279274,-19
"CHE",1979,6294364,2957664793.53248,1995404903.92171,469.890968099793,317.014539343723,0.00646327270291369,0.016876895052043,0.0215457587587258,0.0201997213590133,-0.0150824860558121,-0.00332282630697023,-0.186624839608303,2.36266053633964,3.03102497522101,2.34540032105561,2.79968233798359,2.36244702265779,-18
"CHE",1980,6319409,3054642279.35174,2052419908.95883,483.374676231865,324.780356669243,0.0282913950943309,0.0242014899604479,-0.0156432379353957,-0.0038320346254368,0.0439346330297266,0.0280335245858847,-0.221576395105581,2.2620045811853,3.00352593347999,2.22096130387211,2.85237306847507,2.25361086189537,-17
"CHE",1981,6354073,3079390876.38335,2067682943.2345,484.632593359149,325.410637119609,0.00259898427392535,0.00193875539283006,0.00419783673928897,0.00264743305538317,-0.00159885246536362,-0.000708677662553114,-0.255569649498151,2.40565828026157,3.14224509502995,2.38427487266538,2.81945715855366,2.40761402740105,-16
"CHE",1982,6391309,3087764692.25487,2082794508.38715,483.11929406869,325.87917567233,-0.00312745558769745,0.00143880227925575,-0.00918576473877231,0.00369999222902972,0.00605830915107486,-0.00226118994977398,-0.257314055039268,2.3148992796716,3.0414542894175,2.31849527133647,2.72845914407625,2.33460818880779,-15
"CHE",1983,6418774,3089902869.71734,2119283968.60626,481.385209966473,330.169588243215,-0.00359580689030015,0.0130797403288883,0.0182852510119069,0.0203066879324174,-0.0218810579022071,-0.00722694760352915,-0.301082756337492,2.10074428679243,2.97643493421208,2.07053601034837,2.77952863228647,2.11250750725615,-14
"CHE",1984,6441865,3208470505.49324,2157081961.51503,498.065467918567,334.853642775039,0.0340637281523923,0.0140871228988146,0.0332840576160178,0.0211421136602716,0.00077967053637451,-0.00705499076145699,-0.34066969554613,2.1404037345622,3.08223958026578,2.1197203696035,2.70976811275999,2.16732857422514,-13
"CHE",1985,6470366,3288882223.14715,2193776793.50883,508.29925589173,339.049876546216,0.0203388304680505,0.0124536758896943,0.0262101804312636,0.028220326045802,-0.00587134996321304,-0.0157666501561078,-0.27865652407924,2.34781414375402,3.22042747681114,2.31506273677441,2.82916059987303,2.36904269195563,-12
"CHE",1986,6504125,3425964705.42591,2274287448.29148,526.737217600509,349.668471668592,0.0356314253144809,0.0308382567664394,0.0279589003908649,0.0285999536129466,0.00767252492361603,0.00223830315349272,-0.25241799857446,2.24221909255999,3.01254366276815,2.22259671342907,2.73396100666422,2.26633235995965,-11
"CHE",1987,6545107,3506122581.61871,2324990444.60334,535.686060077966,355.225734980855,0.0168464948159004,0.0157679787997544,0.0263884259116285,0.0256711609223075,-0.0095419310957281,-0.00990318212255303,-0.265548129267202,2.24874922238648,2.84673196359457,2.25964108787886,2.65546825962026,2.2826348574297,-10
"CHE",1988,6593387,3653660951.64032,2386366586.88808,554.140224385481,361.93334122327,0.0338694866622387,0.0187065940234321,0.0364906014573148,0.027747718061808,-0.0026211147950761,-0.00904112403837587,-0.228067754089062,2.18171197381414,2.73186523557114,2.1924638457644,2.62370061370041,2.20773177376635,-9
"CHE",1989,6646912,3823097300.53541,2470259343.57075,575.16893567049,371.640145615099,0.0372460314834457,0.0264659809879895,0.0304836646236,0.0283504260475418,0.00676236685984577,-0.00188444505955232,-0.240245599175896,2.3182776382907,2.56584685767201,2.30548301803761,2.62152877925903,2.33059770723307,-8
"CHE",1990,6712273,3933486088.01663,2518004000.49024,586.01402058835,375.134324913519,0.0186799163971694,0.00935812601092234,0.0164458339043234,0.0205820614091339,0.00223408249284596,-0.0112239353982115,-0.24905134858365,2.22318162483193,2.39644132313105,2.23650305286918,2.69092989828635,2.24370973597251,-7
"CHE",1991,6799979,3880876734.92502,2561103598.77425,570.718929415079,376.634045307236,-0.0264468694503215,0.00398985230722104,-0.00141331299475933,0.00452667529189377,-0.0250335564555622,-0.000536822984672725,-0.245948003158894,2.20081181085991,2.5435655211946,2.20291333373333,2.71499081758894,2.21530659669871,-6
"CHE",1992,6875364,3807872657.45619,2572142113.38114,553.843063066362,374.109954524755,-0.0300154788067433,-0.00672426364713896,0.00822094545024843,0.0165018474627896,-0.0382364242569917,-0.0232261111099286,-0.260369848974519,2.09625525701123,2.85213826409133,2.09700722188934,2.6631141093949,2.12580602080123,-5
"CHE",1993,6938265,3767339609.23984,2545032197.93963,542.980069115239,366.81103963882,-0.0198087528206026,-0.0197029131708062,0.00361881945756348,0.00911361657858833,-0.0234275722781661,-0.0288165297493945,-0.322629233714774,2.15503937636939,3.11076730723642,2.08425882681163,2.75982308518123,2.15762221729774,-4
"CHE",1994,6993795,3827745496.51494,2557383691.72057,547.305932832595,365.664662993492,0.00793532414311038,-0.00313014500605568,0.0180921203943054,0.0149797630443098,-0.010156796251195,-0.0181099080503655,-0.325398656810506,2.18778271357777,3.23265773032256,2.11663604588323,2.78189869152888,2.18821127094268,-3
"CHE",1995,7040687,3806025099.91341,2559456501.21767,540.575813115028,363.523687563113,-0.0123730462491825,-0.00587223199885756,0.0189567142277136,0.0100831862779449,-0.0313297604768961,-0.0159554182768025,-0.279093060282511,2.19022637371638,3.29768344638209,2.10424539174131,2.7805372369352,2.18053529782414,-2
"CHE",1996,7071851,3805392542.40098,2593967889.15026,538.104174197247,366.801830122023,-0.00458271827138557,0.00897726971146984,0.0156695395914666,0.0140774563943511,-0.0202522578628521,-0.00510018668288126,-0.305168029431356,2.29342753125764,3.40991725256704,2.23151508557587,2.78174305208929,2.31060630113637,-1
"CHE",1997,7088906,3846585252.79719,2637333316.24056,542.620434351534,372.03671712399,0.00835788582684316,0.0141708215512351,0.02050062055583,0.0175132404659122,-0.0121427347289869,-0.00334241891467713,-0.2473482618823,2.42390918421524,3.6392340668907,2.33225931681811,2.91193907445976,2.42526282145294,0
"CHE",1998,7110002,3945266911.12158,2689211906.60548,554.889704830122,378.229416335674,0.0223593043799912,0.016508381691513,0.0149938500692626,0.0174862766889339,0.00736545431072866,-0.000977894997420847,-0.244742601618254,2.46295660591771,3.61951925259357,2.41246391714173,2.80076233267727,2.49243001255342,1
"CHE",1999,7143991,3989139801.57528,2741316291.99206,558.390933243797,383.723368631351,0.0062899503275684,0.0144209657498022,0.0182258328903169,0.0272492682614001,-0.0119358825627485,-0.0128283025115978,-0.267140170345596,2.35341507066857,3.46668503050131,2.26079183387897,2.71320265485857,2.36578753062744,2
"CHE",2000,7184250,4129399915.96182,2796776838.39636,574.785108530719,389.292805567228,0.028936932361864,0.0144098752221611,0.0268436568591222,0.0293540444884357,0.00209327550274185,-0.0149441692662746,-0.245104435301686,2.45816597461625,3.77125129740731,2.37185771739499,2.80802335533673,2.46001545444569,3
"CHE",2001,7226647,4199415826.42502,2848601889.02077,581.101557392387,394.180300908675,0.0109292925032323,0.0124766471307884,0.00215289391887818,0.0106107106280655,0.00877639858435408,0.00186593650272293,-0.394671678080683,2.39393194516028,3.59006604104776,2.2864537155211,2.76408462675845,2.38379652528664,4
"CHE",2002,7284754,4169347435.21075,2837203126.69295,572.338809959918,389.471370851088,-0.0151943980245761,-0.0120180608413909,0.00638623846891573,0.0153392187404462,-0.0215806364934918,-0.0273572795818371,-0.269263318661122,2.39152039990072,3.53851788547754,2.33325132027751,2.69232807716834,2.38832765932774,5
"CHE",2003,7339002,4179811977.92438,2870271235.78228,569.534110758436,391.098304072173,-0.00491246405954993,0.0041685851482578,0.0110470774483113,0.0166019935238024,-0.0159595415078613,-0.0124334083755446,-0.332789786017434,2.343266128514,3.43727792599373,2.27749234534517,2.6301983160683,2.35161713258533,6
"CHE",2004,7389626,4272144033.73125,2917181000.23954,578.127233195733,394.767069434846,0.0149752940145529,0.00933694787801365,0.0263858068989702,0.0212830416609107,-0.0114105128844173,-0.011946093782897,-0.341490915250725,2.28937298533206,3.29090010903107,2.20122711560296,2.62502020278898,2.28090069734894,7
"CHE",2005,7437116,4388650541.23948,2960964340.14654,590.101128076997,398.133408184912,0.0204999546479137,0.00849125223537683,0.0193022056726155,0.0193163187011001,0.00119774897529812,-0.0108250664657232,-0.347112744314647,2.31207258604439,3.01787538160356,2.24599422185952,2.69847420390433,2.30570640102252,8
"CHE",2006,7483935,4618334716.73933,3010940546.2027,617.099789982052,402.320510026169,0.0447368192642763,0.0104619140124322,0.0220147135635518,0.0167770598408197,0.0227221057007245,-0.00631514582838744,-0.31888319273818,2.28120954223546,2.8465641048706,2.22115903650695,2.68528261832743,2.27428081800372,9
"CHE",2007,7551117,4885150513.07336,3094524195.502,646.944089605995,409.810124184541,0.047229130942009,0.0184448811083726,0.0176900974428609,0.015227656370616,0.0295390334991481,0.00321722473775665,-0.333591163326038,2.37225699089662,2.73612793300688,2.39177053283957,2.61644992288942,2.40663804635106,10
"CHE",2008,7647676,4956319219.72475,3130122269.64254,648.081746627963,409.29064851107,0.00175696466092212,-0.00126840496416225,-0.0167928531087504,-0.00513339052490291,0.0185498177696726,0.00386498556074066,-0.326096188921028,2.27759981122083,2.70369706946937,2.25239655819574,2.58612850142342,2.26986565594588,11
"CHE",2009,7743832,4907087751.3105,3193139307.96195,633.676938150324,412.346149549984,-0.0224775773097337,0.00743762969610984,-0.0382893276384815,-0.0127238407540204,0.0158117503287478,0.0201614704501303,-0.378765305719735,2.18163766691118,2.50933865275961,2.15301968805748,2.50466575932197,2.15487297059496,12
"CHE",2010,7824910,5055147163.71331,3241003527.74347,646.03262704789,414.190518196819,0.0193107454836206,0.00446289143617395,0.0182857770671028,0.0122087170534364,0.00102496841651778,-0.00774582561726245,-0.335672564969098,2.18675174347905,2.63077723012522,2.09239079894121,2.59455968615249,2.10495913180107,13
"CHE",2011,7912396,5119908407.15518,3271600028.40809,647.074338437457,413.47779211355,0.00161117624870677,-0.00172225093207157,0.00393705771288744,0.000771261829759062,-0.00232588146418067,-0.00249351276183063,-0.359837754113708,2.10336926830248,2.4755527551575,1.99764136597504,2.49216866061015,2.02258243943024,14
"CHE",2012,7996861,5224120989.41106,3338462963.33777,653.271451061992,417.471675866039,0.00953155628619218,0.00961289383247088,0.0011010074539648,-0.00262632992958434,0.00843054883222738,0.0122392237620552,-0.430775021648074,2.10989834903884,2.48153786263487,1.99952857354678,2.4889520683419,2.02917109902587,15
"CHE",2013,8089346,5330037413.26915,3410591101.19778,658.895961832903,421.615183872439,0.00857290794339693,0.00987631170384518,0.00944826426052359,0.00465162136883635,-0.000875356317126652,0.00522469033500883,-0.404550586498944,2.07356301646174,2.59865983190582,2.00603500371629,2.40216751657527,2.02856814778106,16
"CHE",2014,8188646,5433255891.15442,3446637690.07113,663.510901699062,420.904468219915,0.00697963497961318,-0.00168711986560588,0.0148832913327048,0.00905130252420072,-0.00790365635309165,-0.0107384223898066,-0.397581526134493,1.99981893060431,2.48354696821279,1.9006909610248,2.34802704701083,1.93547012393846,17
"CHE",2015,8282398,5501067945.76254,3516273626.90375,664.187828906862,424.547773109159,0.00101970010342001,0.00861864754388808,0.0267705816951347,0.0172220531417135,-0.0257508815917147,-0.00860340559782546,-0.373899249484342,2.04773184377479,2.49578744641105,1.90248883142991,2.44097289061505,1.93765200760822,18
"CHE",2016,8373334,5596388634.06432,3573076299.00456,668.358462001434,426.720861607164,0.00625966503575803,0.00510554043644706,0.0157056923493712,0.014961983003583,-0.00944602731361321,-0.00985644256713591,-0.420330595185538,2.09070639020966,2.55574120254215,1.91254727561783,2.5201070873371,1.9524530658836,19
"CHE",2017,8451834,5626827063.898,3628177599.79827,665.752198149893,429.276959272777,-0.00390712291701778,0.00597222376206474,0.0185754166562608,0.0127129942470035,-0.0224825395732786,-0.00674077048493871,-0.387866612826013,2.09666947685032,2.53659196888029,1.91270128117893,2.53749310018652,1.95548570099877,20
"CHE",2018,8514327,5803274805.97581,3639729781.12575,681.589373531908,427.482968545342,0.0235098584647293,-0.00418785540995259,0.0153037426286939,0.0119860371650411,0.00820611583603537,-0.0161738925749937,-0.402209764402888,2.03395076069764,2.48875498305857,1.80491057533406,2.50249469489785,1.861517918848,21
"CHE",2019,8575280,5841503289.09531,3670481585.74529,681.2026300127,428.030523288486,-0.000567575284539323,0.00128006121034385,0.0118218315246761,0.0106828258038965,-0.0123894068092154,-0.0094027645935526,-0.373262097936148,1.99612478093537,2.46405379439131,1.75530817124145,2.49872298892857,1.81902463433783,22
"DEU",1975,78673555,19930487708.6788,15673023089.6909,253.3314747081,199.215900307173,-0.00728051786650141,0.0389657435944102,-0.00933551755570505,0.0193647328665918,0.00205499968920364,0.0196010107278184,0.0646445415443305,0.778064435896768,-0.0802671501064571,0.767915052897403,0.67605581396998,0.771061361834424,-22
"DEU",1976,78336948,20728204482.9038,16171119937.5758,264.603166348832,206.430303329864,0.0435324102513297,0.0355736785051484,0.0351278210121118,0.02958742031044,0.00840458923921794,0.00598625819470833,0.0859756065174955,0.861940399959513,0.627283980550202,0.87999738490019,0.884110402288139,0.852501835284764,-21
"DEU",1977,78159813,21291207481.2807,16663983487.5047,272.406069872258,213.203983580471,0.0290626388067725,0.0322865355392574,0.0222098391100305,0.0204536093697749,0.00685279969674202,0.0118329261694825,0.105627481270599,0.832618218988698,0.749536524097367,0.859582460830567,1.06619754442986,0.8380967905394,-20
"DEU",1978,78091821,22108360079.8365,17201082121.7963,283.107242176316,220.267396784054,0.0385319165153097,0.0325928714022119,0.0350355318764581,0.0256444736593533,0.0034963846388516,0.0069483977428586,0.0554324359043447,0.759871659934887,0.614195297450916,0.779050743826672,1.13034845614548,0.764806979320714,-19
"DEU",1979,78126353,23077839489.6308,18004950602.1676,295.3912297638,230.459376520079,0.0424749068188488,0.0452323579799421,0.0215457587587258,0.0201997213590133,0.020929148060123,0.0250326366209288,0.0684421096733068,0.639386230864151,0.35275722818924,0.658870580027072,1.08542335417606,0.63772693694472,-18
"DEU",1980,78288576,23405215068.1761,18548331289.751,298.960796887864,236.922578458331,0.0120117704080114,0.0276588083835421,-0.0156432379353957,-0.0038320346254368,0.0276550083434071,0.0314908430089789,0.0809771966048077,0.596376514228891,0.40831262211221,0.59839745693122,1.19987618651159,0.585773650320484,-17
"DEU",1981,78407904,23049182580.4538,18519555120.1018,293.965039295704,236.195002994874,-0.0168516043994069,-0.00307566687662852,0.00419783673928897,0.00264743305538317,-0.0210494411386959,-0.0057230999320117,0.103897979219701,0.758064650080033,0.610515118025889,0.753984542773226,1.2878917141038,0.741025036405063,-16
"DEU",1982,78333354,22814199092.0331,18239417965.0047,291.2450179528,232.843572164734,-0.0092959473155183,-0.0142908837175497,-0.00918576473877231,0.00369999222902972,-0.000110182576745999,-0.0179908759465794,0.09831151236795,0.723986836702748,0.600504095904073,0.729960745315612,1.36225200879729,0.70905813938586,-15
"DEU",1983,78128284,23064020779.1391,18406149465.8238,295.207056885303,235.588810139792,0.0135120988864577,0.011721091487277,0.0182852510119069,0.0203066879324174,-0.00477315212544926,-0.00858559644514045,0.0783937635018126,0.595993593360012,0.7432249642322,0.582535290346513,1.47575394980796,0.576667779922803,-14
"DEU",1984,77858682,23618620624.8117,18753994631.0737,303.352433127646,240.872233504719,0.0272182773367602,0.0221786859906663,0.0332840576160178,0.0211421136602716,-0.00606578027925764,0.00103657233039467,0.0752306123839837,0.635499499412042,0.724972770945628,0.626302825808408,1.50771552640136,0.618071527998695,-13
"DEU",1985,77684878,24182297963.0604,19034358007.6225,311.287068804568,245.020118427971,0.0258202620329797,0.0170736817279291,0.0262101804312636,0.028220326045802,-0.000389918398283839,-0.0111466443178729,0.0688099127612177,0.838795396667531,0.816681424831108,0.856427229415402,1.46525513926742,0.838561432834288,-12
"DEU",1986,77720438,25510392661.2227,19676852112.0672,328.232744406596,253.174745516324,0.0530074061037311,0.0327396208428619,0.0279589003908649,0.0285999536129466,0.0250485057128662,0.00413966722991521,0.059354471045417,0.819667549527817,0.664062113007532,0.874233987885376,1.34189501208459,0.83938832038468,-11
"DEU",1987,77839920,26133799083.948,20322639938.8608,335.737743357753,261.082487480213,0.0226073861213569,0.0307564573280166,0.0263884259116285,0.0256711609223075,-0.00378103979027156,0.00508529640570909,0.058851684967919,0.813220738587644,0.470733774110079,0.8854913497129,1.24533351197837,0.843432121321146,-10
"DEU",1988,78144617,27214062862.7765,20963058332.8848,348.252559261714,268.259787272165,0.0365976320804098,0.02711946510557,0.0364906014573148,0.027747718061808,0.000107030623095028,-0.000628252956238029,0.0195313959926655,0.836577399318839,0.843916204316381,0.903027523075353,1.22302854203304,0.870867646914935,-9
"DEU",1989,78751284,28301565728.1942,21556298151.688,359.379102037171,273.7263071379,0.0314498642969303,0.0201728616347907,0.0304836646236,0.0283504260475418,0.000966199673330337,-0.00817756441275108,0.0163321128095578,1.09153964100878,0.7162691209552,1.16651845773302,1.22055465340554,1.12961327529349,-8
"DEU",1990,79433034,29991913181.767,22494233705.0028,377.574815809843,283.184873751678,0.049390910777487,0.0339712203821438,0.0164458339043234,0.0205820614091339,0.0329450768731636,0.01338915897301,0.0451723020247183,1.0644084126237,0.677105921060371,1.14024252186919,1.40088287573519,1.10478629439682,-7
"DEU",1991,80013901,31232528429.5448,23199033342.0636,390.338779127202,289.937536504608,0.0332462898535599,0.0235655599177393,-0.00141331299475933,0.00452667529189377,0.0346596028483193,0.0190388846258456,0.0188549693392113,0.914545589214951,0.71420599180556,0.986327082874434,1.31530778751106,0.947638739354674,-6
"DEU",1992,80624601,31938447180.1855,23911518889.8753,396.13773940023,296.578446197523,0.014746951063211,0.0226462490491999,0.00822094545024843,0.0165018474627896,0.00652600561296257,0.00614440158641028,-0.049589837297288,0.736059572043182,1.33166603913223,0.76611113719911,1.25130017385787,0.774043115575225,-5
"DEU",1993,81156368,31418881995.1832,23827442623.694,387.140070082771,293.599174173172,-0.0229754118007035,-0.0100962734915173,0.00361881945756348,0.00911361657858833,-0.026594231258267,-0.0192098900701057,-0.0262440129499855,0.807013099297212,1.33539749122583,0.845922307446869,1.2018134744541,0.844785756071404,-4
"DEU",1994,81438346,31999570334.0945,24106243168.8008,392.930012774259,296.006050623877,0.0148449457221282,0.00816441143729385,0.0180921203943054,0.0149797630443098,-0.00324717467217717,-0.00681535160701596,-0.0495635088801196,0.841385185151054,1.60427533967133,0.862862216219057,1.22923778905349,0.879372856321809,-3
"DEU",1995,81678046,32522521569.7808,24445889111.0973,398.179476156675,299.295714188575,0.013271337290063,0.0110521998939737,0.0189567142277136,0.0100831862779449,-0.00568537693765059,0.000969013616028747,-0.0366154720855508,0.846469985104467,1.62269143900393,0.874547533758901,1.20211330766269,0.883911296531913,-2
"DEU",1996,81914834,32540848554.4236,24691619139.7925,397.252206534699,301.430375111211,-0.00233148883101819,0.00710696587216741,0.0156695395914666,0.0140774563943511,-0.0180010284224847,-0.00697049052218368,-0.0416639960223743,0.900635625676525,1.71244138249125,0.920809925605204,1.28783899599722,0.937394590698505,-1
"DEU",1997,82034775,32561012579.0286,24607169485.037,396.917192483658,299.960224003016,-0.000843684159392843,-0.00488918196896382,0.02050062055583,0.0175132404659122,-0.0213443047152229,-0.022402422434876,-0.0703955407510528,0.964224426642524,1.99753768521606,0.904203644745582,1.49268011787321,0.956458009271311,0
"DEU",1998,82047197,33171281789.6701,24803607761.7198,404.295125276127,302.309020522905,0.0184174436130906,0.00779986177013559,0.0149938500692626,0.0174862766889339,0.00342359354382804,-0.00968641491879829,-0.135779455477489,1.07531407231883,2.18469514746628,1.01845644614463,1.48408412724629,1.08970677273756,1
"DEU",1999,82100243,33873969051.6634,25642974856.0236,412.592798923426,312.337380731304,0.0203160281813295,0.0326342110917661,0.0182258328903169,0.0272492682614001,0.00209019529101262,0.00538494283036606,-0.0473075085454329,1.07057977320106,2.126887959095,0.978532150639081,1.4951590294264,1.06835514129378,2
"DEU",2000,82211501,34235703649.7074,25974740213.5196,416.434479765883,315.95020036819,0.0092679901851449,0.0115006553250554,0.0268436568591222,0.0293540444884357,-0.0175756666739773,-0.0178533891633803,-0.067852648709595,1.20954328242721,2.58150406913041,1.07870394958561,1.62732773308199,1.19423005306299,3
"DEU",2001,82349926,34608036147.3873,26189247881.2968,420.25582569907,318.023939466525,0.00913449690757684,0.00654205389179641,0.00215289391887818,0.0106107106280655,0.00698160298869865,-0.0040686567362691,-0.094773676569795,1.24467820172734,2.36473990910123,1.14223238940699,1.6648008819354,1.22035077981478,4
"DEU",2002,82488493,34555747254.5479,26193227199.7454,418.915972371418,317.537952835984,-0.0031932781089079,-0.00152931360783803,0.00638623846891573,0.0153392187404462,-0.00957951657782363,-0.0168685323482842,-0.166068455405855,1.27661444763291,2.31977117143523,1.23721667811774,1.58956253967313,1.26997255120443,5
"DEU",2003,82534175,34470454765.6452,26474077181.036,417.650685496586,320.765030740732,-0.00302495402547898,0.010111515951448,0.0110470774483113,0.0166019935238024,-0.0140720314737903,-0.00649047757235444,-0.0919763152117271,1.28417261592283,2.165860748341,1.29263424473143,1.50849672187864,1.3100290711053,6
"DEU",2004,82516268,34695970094.2236,26374030363.5463,420.474300827851,319.622190905995,0.0067379592782224,-0.0035692187768781,0.0263858068989702,0.0212830416609107,-0.0196478476207478,-0.0248522604377888,-0.0961520882095578,1.25081757526821,2.01278840417665,1.2767829986901,1.43076850829481,1.28593790201025,7
"DEU",2005,82469421,34654230900.97,26445086130.3398,420.207035295785,320.665354620833,-0.0006358307948231,0.00325842551551769,0.0193022056726155,0.0193163187011001,-0.0199380364674386,-0.0160578931855824,-0.105800967132891,1.25258758319008,1.85271112932712,1.27688060380579,1.4680256972075,1.29482555257262,8
"DEU",2006,82376447,35589878194.0525,26664772060.2416,432.039490536081,323.694126553451,0.0277694663418746,0.00940094567526195,0.0220147135635518,0.0167770598408197,0.00575475277832282,-0.00737611416555772,-0.138873351961937,1.26463513843317,1.65673841319524,1.3595643130582,1.3828406571369,1.34490062132453,9
"DEU",2007,82266373,36454239554.7919,26547029707.9318,443.124428918143,322.696002507996,0.0253336111812388,-0.00308830470606036,0.0176900974428609,0.015227656370616,0.0076435137383779,-0.0183159610766763,-0.137966820680379,1.26937501837026,1.40037010901921,1.42602804302599,1.28552215799943,1.37206274378675,10
"DEU",2008,82110097,36178155088.1339,26528965733.1434,440.60543599326,323.09017651195,-0.00570083652725017,0.00122075716610581,-0.0167928531087504,-0.00513339052490291,0.0110920165815003,0.00635414769100873,-0.0339907704554923,1.28279292712651,1.41496967900164,1.47450821957047,1.17401436038292,1.42293867463815,11
"DEU",2009,81902308,34737818652.2918,26825816175.0549,424.137237405957,327.534312892073,-0.0380926960097563,0.0136613532711083,-0.0382893276384815,-0.0127238407540204,0.000196631628725186,0.0263851940251287,-0.124157094686834,1.22661259370333,1.24546626958975,1.47611867159463,1.07585412083706,1.38458069736612,12
"DEU",2010,81776936,36029535786.3554,27153112725.9442,440.583097737428,332.038763667353,0.0380419957226286,0.0136588983583756,0.0182857770671028,0.0122087170534364,0.0197562186555258,0.00145018130493924,-0.0803961949951277,1.25194264785516,1.38941928985765,1.52086495153936,1.07867001778997,1.41936907303099,13
"DEU",2011,80274981,37073885368.492,27389726168.9558,461.836115146411,341.198787315263,0.0471110273191622,0.027213541300549,0.00393705771288744,0.000771261829759062,0.0431739696062747,0.0264422794707899,-0.0869418335229592,1.22995775449703,1.21847114973074,1.51177407604063,1.03843515311691,1.41360613127556,14
"DEU",2012,80425826,37036822690.2141,27587992634.6778,460.509074413661,343.02405093953,-0.00287753796182599,0.00533530262937987,0.0011010074539648,-0.00262632992958434,-0.00397854541579079,0.0079616325589642,-0.0860592374908686,1.2844862988578,1.25344268689781,1.57832052481801,1.10531281485013,1.46874593559305,15
"DEU",2013,80645605,37363713242.724,27812456976.8908,463.30749509194,344.872569024571,0.00605840884469355,0.00537441958815865,0.00944826426052359,0.00465162136883635,-0.00338985541583003,0.000722798219322307,-0.0744169460073881,1.21617108099734,1.38153344280603,1.50176314009659,1.07898475303681,1.38615020570604,16
"DEU",2014,80982495,38552088143.9243,28266980016.4638,476.054586166113,349.050495622094,0.027141554563074,0.0120416146795082,0.0148832913327048,0.00905130252420072,0.0122582632303692,0.00299031215530743,-0.086576397759189,1.12356721772314,1.27525184485771,1.39974962624135,0.981336654200484,1.28912593143007,17
"DEU",2015,81686608,39672827654.2753,28996070025.0089,485.671135399272,354.967242917088,0.0199991942425797,0.0168089134123752,0.0267705816951347,0.0172220531417135,-0.00677138745255501,-0.000413139729338319,-0.107219704038144,1.18512918640927,1.39299112079483,1.43365271507366,1.06926287117112,1.33226190682893,18
"DEU",2016,82348669,40862178741.7219,29838645572.2822,496.209340575036,362.345207695854,0.0214661765759461,0.0205718581008272,0.0157056923493712,0.014961983003583,0.00576048422657482,0.0056098750972442,-0.112993469315869,1.12793800716471,1.41101026300315,1.38165352435399,0.991250472470509,1.28637060453764,19
"DEU",2017,82657000,41991823974.4013,30384422148.3065,508.025018744949,367.596478801632,0.02353280056907,0.0143884417042024,0.0185754166562608,0.0127129942470035,0.0049573839128092,0.00167544745719894,-0.100707276802104,1.1694411662077,1.44526672173423,1.42355237411449,1.05033256968463,1.32021807925601,20
"DEU",2018,82905788,42526646531.9002,30823772303.7141,512.951478513179,371.792766793485,0.00965056103877071,0.011350808985128,0.0153037426286939,0.0119860371650411,-0.00565318158992323,-0.000635228179913128,-0.125672849757219,1.10293185903829,1.37681974754723,1.34988231936618,0.999045257420748,1.25255844200743,21
"DEU",2019,83092956,43181008516.3735,31527099747.7059,519.671108058468,379.419643558064,0.0130148700673569,0.02030621094986,0.0118218315246761,0.0106828258038965,0.00119303854268082,0.0096233851459635,-0.136510272705942,1.06864742214179,1.40981040981293,1.30920821516187,1.00120746310077,1.21273960189505,22
"DNK",1975,5059862,1500131770.17455,1177287741.0161,296.476815014826,232.671907063097,0.0157331881133329,0.0425188034037562,-0.00933551755570505,0.0193647328665918,0.025068705669038,0.0231540705371645,0.0463760044343017,0.420981572419227,-0.906200863739086,0.190450124180508,1.11050648949882,0.185174420777839,-22
"DNK",1976,5072597,1593997099.14079,1261006007.95437,314.236888745704,248.591797841296,0.0581781044166352,0.066182848100028,0.0351278210121118,0.02958742031044,0.0230502834045234,0.0365954277895879,0.107189810068834,0.471112785632567,-0.158266454000312,0.278005962518392,1.26919310085936,0.245306048764114,-21
"DNK",1977,5088420,1594112276.67606,1261802430.53346,313.282369905797,247.975291059594,-0.00304220010116918,-0.00248307675738868,0.0222098391100305,0.0204536093697749,-0.0252520392111997,-0.0229366861271636,0.0356922305339571,0.479995041005678,-0.0815102246320478,0.318779912472091,1.44912615871794,0.290237259330188,-20
"DNK",1978,5104248,1612196716.09179,1274890104.85441,315.853915423347,249.770407874855,0.0081748896021816,0.00721301902586813,0.0350355318764581,0.0256444736593533,-0.0268606422742765,-0.0184314546334852,0.0295323113415383,0.456204392520147,-0.272326272413171,0.334696583214553,1.4455808400911,0.310628598350968,-19
"DNK",1979,5116802,1637516139.00339,1297988164.94787,320.02726292778,253.671759225366,0.0131263750815735,0.0154990173789873,0.0215457587587258,0.0201997213590133,-0.00841938367715223,-0.00470070398002598,0.0426781855076056,0.322867116638034,-0.440020237390573,0.182752837573551,1.43570295186355,0.155359352378225,-18
"DNK",1980,5123027,1571277847.37261,1261829711.9713,306.70887492348,246.305497115533,-0.042507181289948,-0.0294685211244321,-0.0156432379353957,-0.0038320346254368,-0.0268639433545523,-0.0256364864989953,0.048675822569871,0.318257987036714,-0.385060940143396,0.121397562430126,1.66405452274883,0.101108372713922,-17
"DNK",1981,5121572,1542238934.19411,1256964658.01784,301.126086715976,245.42555645373,-0.0183699377421993,-0.0035789547748637,0.00419783673928897,0.00264743305538317,-0.0225677744814883,-0.00622638783024687,0.0313875639581739,0.453006820113847,-0.258556812155241,0.28050891974621,1.6379117840771,0.259260737269153,-16
"DNK",1982,5117810,1601522963.86963,1293178663.6624,312.931305357102,252.682038540391,0.0384546249682574,0.0291382647913876,-0.00918576473877231,0.00369999222902972,0.0476403897070297,0.0254382725623579,0.0556126954734353,0.382299732531267,-0.761753684526966,0.33837881385483,1.33719486097485,0.299911262163402,-15
"DNK",1983,5114297,1650885466.37179,1309938714.94905,322.798121886897,256.13270307709,0.031043423434455,0.0135637478923734,0.0182852510119069,0.0203066879324174,0.0127581724225481,-0.00674294004004405,0.0647490486331882,0.361777832811625,-0.714584734413419,0.324918652971251,1.50974526865794,0.287623674187821,-14
"DNK",1984,5111619,1716323125.44539,1332616971.66342,335.768985412526,260.70350150577,0.0393962618971129,0.0176880704518982,0.0332840576160178,0.0211421136602716,0.00611220428109505,-0.00345404320837339,0.0343342790735424,0.4639106033963,-0.136464906085106,0.437608124549573,1.52987089871631,0.408670895014778,-13
"DNK",1985,5113691,1779692903.94379,1371298569.0032,348.02511609399,268.162188329955,0.0358512697722979,0.0282082257804346,0.0262101804312636,0.028220326045802,0.00964108934103436,-1.21002653674651e-05,0.0322713866049964,0.720714179403672,0.328206687279304,0.75240163770075,1.3544487067819,0.719306865056819,-12
"DNK",1986,5120534,1841589936.57658,1405882953.59936,359.648024322576,274.557878846105,0.0328511931106581,0.0235701128230872,0.0279589003908649,0.0285999536129466,0.00489229271979319,-0.00502984078985946,-0.036154861866911,0.622129866251686,1.0522846753359,0.608075625063757,1.30345048874411,0.616242406506868,-11
"DNK",1987,5127024,1862366840.03558,1413793271.85823,363.245196440582,275.753199489262,0.00995223555953828,0.00434417030670975,0.0263884259116285,0.0256711609223075,-0.0164361903520902,-0.0213269906155977,-0.0169705591357781,0.644382246476891,0.814253356888968,0.674005044129789,1.16770961395346,0.660473869195604,-10
"DNK",1988,5129517,1855307579.98271,1400125943.13353,361.692451742086,272.954732996017,-0.00428380861974631,-0.010200292693507,0.0364906014573148,0.027747718061808,-0.0407744100770611,-0.037948010755315,-0.0155243044970744,0.75837852064991,0.975214426821361,0.777731304868181,1.33072471673337,0.762761964982423,-9
"DNK",1989,5132594,1869299756.1041,1399679095.60585,364.201757650049,272.704035348569,0.00691372343462682,-0.000918880735108374,0.0304836646236,0.0283504260475418,-0.0235699411889732,-0.0292693067826502,-0.00412597242706247,1.04234115797306,0.848497471269933,1.0167883398713,1.62860199172311,0.99981472172497,-8
"DNK",1990,5140939,1897385084.84651,1397425063.67722,369.073642936925,271.822922558937,0.0132882051439172,-0.00323625321337051,0.0164458339043234,0.0205820614091339,-0.00315762876040626,-0.0238183146225044,-0.0156661569728082,1.14686810763933,0.865173072430955,1.16050935929661,1.7971357303855,1.13422067807612,-7
"DNK",1991,5154298,1928593560.25916,1430620816.12408,374.171916381079,277.558809390548,0.0137191627839846,0.0208820021785581,-0.00141331299475933,0.00452667529189377,0.0151324757787439,0.0163553268866643,-0.0456956818686121,1.11906946109872,1.11865620982148,1.09305730220329,1.91199090837733,1.07563576027964,-6
"DNK",1992,5171370,1959132102.0736,1453129782.64157,378.841990047822,280.995129461162,0.012403844080529,0.0123044998399946,0.00822094545024843,0.0165018474627896,0.00418289863028054,-0.004197347622795,-0.0813506930103585,0.956366926856013,1.27854180714294,0.918068179282256,1.8949968961921,0.90709201217789,-5
"DNK",1993,5189377,1944430906.3147,1460523725.44455,374.694478029771,281.444906670791,-0.0110082367000679,0.00159937869501814,0.00361881945756348,0.00911361657858833,-0.0146270561576314,-0.0075142378835702,-0.0971238429561899,1.03155733427182,1.34136395488761,1.01746837794387,1.80150268174813,0.999590537759001,-4
"DNK",1994,5204994,2038866009.12399,1536395895.26858,391.713421595489,295.177265385623,0.0444195364244901,0.0476393604841023,0.0180921203943054,0.0149797630443098,0.0263274160301847,0.0326595974397925,-0.103350427583751,0.941629058803485,1.46098660865679,0.851510184193082,1.88439160935214,0.852503347026312,-3
"DNK",1995,5227861,2084251442.15464,1555727243.3504,398.681495578141,297.583895851555,0.0176323363449828,0.00812011260849754,0.0189567142277136,0.0100831862779449,-0.00132437788273077,-0.00196307366944737,-0.10678110369547,0.889122355993668,1.53404434339314,0.768730735846817,1.82253528769866,0.78022911051803,-2
"DNK",1996,5261503,2142450180.17199,1592111670.01682,407.193568106299,302.596362677513,0.0211258282778672,0.016703592956353,0.0156695395914666,0.0140774563943511,0.00545628868640069,0.00262613656200195,-0.136890069429,1.01045474028763,1.85392684134678,0.905964075190075,1.82371298238693,0.945398925964243,-1
"DNK",1997,5284220,2206677903.89814,1624561846.33963,417.597659427151,307.436451612468,0.0252297620378688,0.015868623417215,0.02050062055583,0.0175132404659122,0.00472914148203873,-0.00164461704869723,-0.145279958442489,1.02418481608842,2.17208473748378,0.876902561384622,1.74042985873449,0.967469595473975,0
"DNK",1998,5301304,2244414743.42608,1668145662.17406,423.370314818029,314.667044593946,0.0137288130742359,0.0232466740504638,0.0149938500692626,0.0174862766889339,-0.00126503699502667,0.00576039736152989,-0.172693228941419,1.09957713295295,2.29827403708789,0.94378561755367,1.72904096480736,1.05763878102865,1
"DNK",1999,5319111,2292742577.41054,1677431784.96156,431.038678721039,315.359424716191,0.0179505830824311,0.00219794067300239,0.0182258328903169,0.0272492682614001,-0.000275249807885736,-0.0250513275883977,-0.244501452093305,1.06558077111634,2.33522632522248,0.745749170739057,1.81431186573067,0.969339095678257,2
"DNK",2000,5337344,2380668694.29364,1690044151.90297,446.039958131543,316.645161320493,0.034210712340764,0.00406876281112911,0.0268436568591222,0.0293540444884357,0.00736705548164185,-0.0252852816773066,-0.246217867079201,1.24177644958464,2.74896690887548,0.821797998778774,2.09123049189236,1.0729657984725,3
"DNK",2001,5355082,2407500664.17587,1712071481.28788,449.573071743041,319.709666684448,0.00788986274570114,0.00963151034363019,0.00215289391887818,0.0106107106280655,0.00573696882682295,-0.000979200284435322,-0.289898219998413,1.21087711826936,2.51829919304072,0.797136970355522,2.06355632948153,1.01374259680602,4
"DNK",2002,5374255,2417662853.32354,1738228271.78157,449.860092854458,323.436136130789,0.000638226679774867,0.0115883867466877,0.00638623846891573,0.0153392187404462,-0.00574801178914086,-0.00375083199375847,-0.234376095344181,1.17136131721985,2.27967839195786,0.898630769543535,1.92932648493433,0.98978131306159,5
"DNK",2003,5387174,2414515861.3565,1746395548.09954,448.19711807276,324.176562349674,-0.00370349831220107,0.00228663379592398,0.0110470774483113,0.0166019935238024,-0.0147505757605124,-0.0143153597278785,-0.221972135017567,1.20652886759101,2.21400762328634,1.01752434338835,1.81067812370113,1.09988899194209,6
"DNK",2004,5401177,2504379337.85078,1821148265.64852,463.672887937347,337.176186903063,0.0339461893719264,0.0393172906491799,0.0263858068989702,0.0212830416609107,0.00756038247295621,0.0180342489882692,-0.242919852063367,1.20909456416335,2.115159871705,1.02447662474884,1.8047258642596,1.10438121205849,7
"ESP",1975,35687714,6981033277.75605,5222958688.99732,195.614470508143,146.35173014997,-0.00733609746503916,0.00205629757798764,-0.00933551755570505,0.0193647328665918,0.00199942009066589,-0.0173084352886042,0.122714951177066,-0.37029391771823,-1.98442927667472,-0.263294327119501,-1.3544850029587,-0.282594794809984,-22
"ESP",1976,36118035,7142088114.05595,5504722110.40475,197.742986683964,152.409235729595,0.0108224054837214,0.0405564082466903,0.0351278210121118,0.02958742031044,-0.0243054155283904,0.0109689879362502,0.142554738410156,-0.379637587605137,-1.08269563514509,-0.28937064721652,-0.81562111454112,-0.329876972026136,-21
"ESP",1978,36971471,7436009133.21021,5647135364.23299,201.128300608061,152.743053264854,0.0105698300581158,0.00144613320281195,0.0350355318764581,0.0256444736593533,-0.0244657018183423,-0.0241983404565413,0.101787544707627,-0.19049308831621,-1.20093670192956,-0.086608447299783,-0.382381577157999,-0.117765578335841,-19
"ESP",1979,37289006,7520876441.46487,5793664580.38923,201.691523809052,155.371923306007,0.00279640441645945,0.0170646286938414,0.0215457587587258,0.0201997213590133,-0.0187493543422663,-0.00313509266517187,0.114450564276472,-0.22250912540804,-1.38852243387779,-0.112261783173675,-0.454794616530892,-0.147762136860655,-18
"ESP",1980,37526911,7540179094.67358,5949923322.17276,200.927251770698,158.550841612643,-0.00379650926729802,0.0202535612511436,-0.0156432379353957,-0.0038320346254368,0.0118467286680977,0.0240855958765804,0.143781498290508,-0.0957348610354292,-1.30302259086126,0.0136820950320571,-0.277025971081329,-0.0181545021442591,-17
"ESP",1981,37764458,7385689033.67871,5932516154.15637,195.572488652656,157.092580387526,-0.0270118144086142,-0.00923999360470695,0.00419783673928897,0.00264743305538317,-0.0312096511479032,-0.0118874266600901,0.170052810482526,0.055349423019214,-1.06852366666655,0.149791745573353,-0.081474135837639,0.120051852853232,-16
"ESP",1982,37987108,7423330467.3879,5951951702.46826,195.417099595681,156.683464886779,-0.000794850143464032,-0.0026076925803844,-0.00918576473877231,0.00369999222902972,0.00839091459530827,-0.00630768480941413,0.148499180505822,-0.119702050180231,-0.817271722156078,-0.0561029874893939,0.21839499023349,-0.0902195791215483,-15
"ESP",1983,38160263,7535211838.49495,6027096838.566,197.462261685538,157.941700731098,0.0104112395049034,0.00799835925190706,0.0182852510119069,0.0203066879324174,-0.00787401150700351,-0.0123083286805103,0.143439311011641,-0.165354649270897,-0.788340446056601,-0.135531314462003,0.6016300131986,-0.166352555190857,-14
"ESP",1984,38325244,7641050781.75194,5985590286.59627,199.3738326037,156.178791362588,0.00963413223288878,-0.0112245327633369,0.0332840576160178,0.0211421136602716,-0.023649925383129,-0.0323666464236085,0.135378959308603,-0.0911065456288038,-0.441970162011283,-0.060898288485977,0.634933270410115,-0.0852048492115345,-13
"ESP",1985,38467025,7802699940.13777,6112028331.54033,202.841263137396,158.890070951427,0.0172420999245997,0.0172111359863099,0.0262101804312636,0.028220326045802,-0.00896808050666387,-0.0110091900594922,0.0883140606346327,-0.0991678703134149,-0.237318870494624,-0.0718864334716507,0.501756109851207,-0.0953606375855163,-12
"ESP",1986,38571941,8210863256.82901,6351267475.79671,212.871404548426,164.660302570636,0.0482645307066072,0.0356719939719836,0.0279589003908649,0.0285999536129466,0.0203056303157423,0.00707204035903697,0.0974961206238171,-0.270083442890391,-0.145752793003336,-0.254574181314912,0.386693262909238,-0.271704245777854,-11
"ESP",1987,38682322,8723654816.65786,6792349430.22253,225.520453933915,175.593115382849,0.0577226107620952,0.0642848947679378,0.0263884259116285,0.0256711609223075,0.0313341848504667,0.0386137338456303,0.122400281914696,-0.414211898625167,-0.295406086842892,-0.432012069743801,0.360149705162979,-0.445783345383112,-10
"ESP",1988,38764307,9264161414.5019,7126940645.43162,238.986896231678,183.853167952457,0.0579978633098905,0.0459679645944844,0.0364906014573148,0.027747718061808,0.0215072618525758,0.0182202465326764,0.122909082308332,-0.524413154510126,-0.265644639519423,-0.567133557272872,0.304869389810909,-0.573882473003767,-9
"ESP",1989,38821377,9720870570.86293,7553937931.40586,250.399942559042,194.581916334546,0.0466506868832113,0.0567157992888276,0.0304836646236,0.0283504260475418,0.0161670222596113,0.0283653732412859,0.116556919669983,-0.379269848841002,-0.597825093440483,-0.404592535317522,0.214607856950741,-0.423546655474336,-8
"ESP",1990,38860827,10145593327.2979,7869656137.04047,261.075075095492,202.508714933948,0.0417486001759872,0.0399296842636634,0.0164458339043234,0.0205820614091339,0.0253027662716638,0.0193476228545295,0.14985446219797,-0.380898965371694,-0.792515386169687,-0.394740510984296,0.419295998886958,-0.42679765820196,-7
"ESP",1991,38941622,10502202546.7218,8210718714.06347,269.690937545484,210.846859796016,0.0324686175941249,0.0403491646794443,-0.00141331299475933,0.00452667529189377,0.0338819305888842,0.0358224893875505,0.153868139317062,-0.339960866438096,-0.685421414321626,-0.367936102273579,0.552459035258799,-0.40937719179328,-6
"ESP",1992,39147940,10678467810.6271,8517134287.20107,272.772151245433,217.562770536612,0.0113602082816122,0.0313553220492135,0.00822094545024843,0.0165018474627896,0.00313926283136379,0.0148534745864239,0.177480626327048,-0.24837845753429,-0.550002628469492,-0.213440646563412,0.566723002067463,-0.267419769620766,-5
"ESP",1993,39356082,10565103639.5016,8475695232.46057,268.449070705299,215.359222812387,-0.0159756207232338,-0.0101799713936961,0.00361881945756348,0.00911361657858833,-0.0195944401807973,-0.0192935879722844,0.16518829880448,0.239266773855145,-0.260104175239907,0.333804656202741,0.754177585648013,0.257972735204179,-4
"ESP",1994,39547353,10730271199.8006,8521207043.61179,271.32716568415,215.468454832155,0.0106641310246722,0.000507079873353966,0.0180921203943054,0.0149797630443098,-0.00742798936963318,-0.0144726831709558,0.167314060824813,0.265137661153796,0.0182647504474405,0.333400980503691,0.86125819901874,0.265154084542806,-3
"ESP",1995,39718895,11053474077.3648,8685711325.8802,278.292587882035,218.679581239111,0.0253476884412871,0.0147930415369757,0.0189567142277136,0.0100831862779449,0.00639097421357349,0.00470985525903078,0.173629829508234,0.394642819091578,0.141168415579105,0.49674812609586,0.816796217384453,0.420040956167307,-2
"ESP",1996,39884246,11338881276.6155,8834752519.79939,284.294738243654,221.509829214256,0.0213384761014881,0.0128594051090625,0.0156695395914666,0.0140774563943511,0.00566893651002154,-0.00121805128528862,0.172574036981472,0.339130188359334,0.21317820394989,0.421893910112484,0.866160089380453,0.34815969833798,-1
"ESP",1997,40049974,11802538159.9746,9108793736.03859,294.695276455726,227.435696613401,0.0359303505756667,0.0264005820027924,0.02050062055583,0.0175132404659122,0.0154297300198367,0.0088873415368802,0.121565842209234,0.393888326267395,0.941022120055893,0.38971387722274,1.00461127486953,0.366094502475073,0
"ESP",1998,40214066,12407043406.0381,9490927373.66309,308.524967508586,236.010140672249,0.0458609107264207,0.0370072268641355,0.0149938500692626,0.0174862766889339,0.0308670606571582,0.0195209501752016,0.0778618442901592,0.571807918173108,1.19217644306317,0.579053844603515,1.10335688668925,0.556796646463425,1
"ESP",1999,40369667,12993080031.9726,9922808335.7933,321.852544188005,245.798617456847,0.0422907313276211,0.0406377993964204,0.0182258328903169,0.0272492682614001,0.0240648984373042,0.0133885311350204,0.0876953468932142,0.658500524938444,1.35522733394798,0.591030868843912,1.30933637015954,0.594924203963003,2
"ESP",2000,40554387,13666060329.4161,10423296756.4876,336.981060259057,257.020202437965,0.0459332244065571,0.0446421180646555,0.0268436568591222,0.0293540444884357,0.019089567547435,0.0152880735762198,0.108573877430765,0.817046514447814,1.92119675208028,0.679264484659806,1.4690923426314,0.729610677154053,3
"ESP",2001,40766049,14280129487.1301,10821156730.7583,350.294665228168,265.445315310255,0.0387479731744751,0.0322541602541699,0.00215289391887818,0.0106107106280655,0.0365950792555969,0.0216434496261044,0.132787805606111,0.766923768754305,1.4962939900398,0.669718348793218,1.40182509686063,0.669749287308517,4
"ESP",2002,41423520,14819691082.6922,11154478879.0729,357.760303390253,269.278875360493,0.0210885176178364,0.0143387031970921,0.00638623846891573,0.0153392187404462,0.0147022791489206,-0.00100051554335412,0.180713204924489,0.829402819066256,1.29869969052164,0.83998412773211,1.25174836108887,0.789099682414312,5
"ESP",2003,42196231,15398168565.1076,11498744854.38,364.918102877662,272.506443866514,0.0198097341752286,0.0119147070752579,0.0110470774483113,0.0166019935238024,0.00876265672691723,-0.00468728644854455,0.225147021443648,0.869619999065844,1.2301284812465,0.910010509330123,1.24792145151785,0.849736354825147,6
"ESP",2004,42859172,16012183527.8155,12073214566.9296,373.59992693782,281.695002575636,0.0235125580632243,0.0331626734491115,0.0263858068989702,0.0212830416609107,-0.00287324883574591,0.0118796317882008,0.224699085815388,0.842164230569034,1.19201844399454,0.861846748401581,1.24541520855639,0.811840740652756,7
"ESP",2005,43662613,16716209679.3161,12606345706.1386,382.84950283017,288.721742469664,0.0244564581640594,0.0246384609809409,0.0193022056726155,0.0193163187011001,0.00515425249144386,0.00532214227984085,0.251025585121564,0.833512434689178,0.985518502986835,0.873460003911418,1.2557377897302,0.815519512156186,8
"ESP",2006,44360521,17485689795.1075,13137460362.3796,394.172327126354,296.1520754542,0.0291462232129769,0.0254096953462755,0.0220147135635518,0.0167770598408197,0.0071315096494251,0.00863263550545579,0.224948684276736,0.845954269932074,0.985216066370264,0.870234953470705,1.28722341984502,0.825041782825061,9
"ESP",2007,45236004,18239945518.1016,13738650595.4188,403.217435344236,303.710526584506,0.022687766074327,0.0252019417621954,0.0176900974428609,0.015227656370616,0.00499766863146611,0.00997428539157941,0.23792317909794,0.803174022723142,0.746278563205598,0.823245397343648,1.23947946171622,0.76128877306281,10
"ESP",2008,45983169,18093199713.3691,13796692592.8598,393.474397411999,300.037881096446,-0.0244599562587711,-0.0121662955725359,-0.0167928531087504,-0.00513339052490291,-0.00766710315002062,-0.00703290504763299,0.35212800973435,0.780436863676029,0.432583558099537,0.803117229215452,1.18869697243745,0.722472964632498,11
"ESP",2009,46367550,17502065769.684,13566543617.1486,377.463673834051,292.587027288451,-0.0415416661800068,-0.0251465853960955,-0.0382893276384815,-0.0127238407540204,-0.00325233854152529,-0.012422744642075,0.351810312126635,0.713016171749763,0.350023595356424,0.775410234693694,1.07974276479147,0.661941862271395,12
"ESP",2010,46562483,17259197382.8066,13572443300.6636,370.667461673095,291.488821604801,-0.0181690048630418,-0.00376049439436343,0.0182857770671028,0.0122087170534364,-0.0364547819301446,-0.0159692114477998,0.345012331973247,0.675104900314886,0.59545789079328,0.67404522242086,1.10419646735447,0.579401067745621,13
"ESP",2011,46736257,16593382228.1233,13112326054.662,355.043028544698,280.560038315906,-0.0430663416430495,-0.0382139148145049,0.00393705771288744,0.000771261829759062,-0.0470033993559369,-0.0389851766442639,0.379702110338287,0.660836933522325,0.425175593191021,0.65350301200119,1.07410614889825,0.562872827467151,14
"ESP",2012,46749303,15701179377.0001,12460470648.9469,335.859111674886,266.538105369119,-0.0555472277620153,-0.0512705245171974,0.0011010074539648,-0.00262632992958434,-0.0566482352159801,-0.048644194587613,0.338960812701954,0.70566440071492,0.55966557615392,0.703355000401057,1.09523508084725,0.617410061536209,15
"ESP",2013,46581124,15328966153.5428,12070874096.4183,329.081070554305,259.136599975954,-0.0203876260677216,-0.0281618821833609,0.00944826426052359,0.00465162136883635,-0.0298358903282452,-0.0328135035521973,0.300196840098458,0.671010047226532,0.858548330315825,0.60947358921331,1.10002043277037,0.555563525988932,16
"ESP",2014,46433050,15551197007.743,12256276953.996,334.916552062443,263.955888187314,0.0175772670050147,0.0184266632848864,0.0148832913327048,0.00905130252420072,0.00269397567230989,0.00937536076068568,0.296642728935483,0.606884893255362,0.858700077389111,0.548071683102415,0.992018541656348,0.517133614397035,17
"ESP",2015,46384379,16353942894.9665,12692496314.3485,352.574363342591,273.637301781026,0.0513801573667028,0.0360215143886906,0.0267705816951347,0.0172220531417135,0.0246095756715681,0.0187994612469771,0.169308802780057,0.712051755267369,1.0902276626652,0.620094822928241,1.0756079738067,0.623247422482547,18
"ESP",2016,46427100,16927622076.5311,13029783122.6265,364.606492254117,280.650377099291,0.0335571087570301,0.0253061716769514,0.0157056923493712,0.014961983003583,0.0178514164076589,0.0103441886733684,0.135644487021973,0.662948301565571,1.0564971505219,0.57874753281345,1.0245999559474,0.575712497565562,19
"ESP",2017,46510461,17298588737.6475,13285487181.2567,371.928988999861,285.645140805133,0.0198842776684591,0.0176405889650049,0.0185754166562608,0.0127129942470035,0.00130886101219829,0.00492759471800142,0.0973884967398616,0.727663549764487,1.16468965706989,0.66005865288061,1.0541326832828,0.668475119874805,20
"ESP",2018,46715383,17628008328.8857,13494876148.2925,377.349112794082,288.874355333713,0.0144678413134764,0.0112415629313452,0.0153037426286939,0.0119860371650411,-0.000835901315217491,-0.000744474233695946,0.0822837934687379,0.675110050980017,1.10935148753223,0.660557488201563,0.937622337049721,0.653095767586832,21
"ESP",2019,47087778,18103866814.2427,13778178947.7178,384.470611763475,292.606267123452,0.0186965661004006,0.0128360701494667,0.0118218315246761,0.0106828258038965,0.00687473457572452,0.00215324434557029,0.0482877569499862,0.668681858931604,1.10884435400302,0.685517212371285,0.92613847205333,0.665134336002445,22
"FRA",1975,52699171,12978734513.2566,9524438145.81261,246.27967133025,180.732219598153,0.0042868259851776,0.0341229704097152,-0.00933551755570505,0.0193647328665918,0.0136223435408827,0.0147582375431234,0.0067291250604472,0.39092013928844,0.521677507602099,0.0915145236089372,1.00468245290558,0.188840842987353,-22
"FRA",1976,52908675,13670538240.852,10071804800.9009,258.379901610691,190.362068241188,0.0479632232338219,0.0519113950221977,0.0351278210121118,0.02958742031044,0.0128354022217101,0.0223239747117576,-0.0267055558026958,0.550890392232851,1.40729677276102,0.345534729214714,1.16107144131993,0.398955884616214,-21
"FRA",1977,53145280,14067861657.6598,10380826815.0436,264.705758585895,195.329233659952,0.024187875398658,0.0257586315119571,0.0222098391100305,0.0204536093697749,0.00197803628862747,0.0053050221421822,-0.00485760416431957,0.729147649747512,1.45046816019347,0.658823106270063,1.2560336836115,0.677384697271519,-20
"FRA",1978,53376322,14625713088.7891,10802133277.2053,274.011257066178,202.376875596736,0.0345503255895787,0.03544516728223,0.0350355318764581,0.0256444736593533,-0.000485206286879425,0.00980069362287672,-0.0140328605919985,0.783807046477732,1.25438918806544,0.75906616881699,1.26167109444197,0.770082898081492,-19
"FRA",1979,53606226,15106419098.23,11177446469.3538,281.803443843072,208.510229191546,0.0280406305394001,0.0298564210242338,0.0215457587587258,0.0201997213590133,0.00649487178067432,0.00965669966522054,0.00900935799261637,0.714810467879321,1.12305818814337,0.705985904891701,1.18679220554695,0.708904918076549,-18
"FRA",1980,53880012,15086927769.0665,11334518319.9195,280.009732905525,210.365920481226,-0.00638545732466955,0.00886039193895627,-0.0156432379353957,-0.0038320346254368,0.00925778061072613,0.0126924265643931,0.0038913774524667,0.74930870507607,1.21008394106805,0.718298665378521,1.38680103911195,0.732826728157425,-17
"FRA",1981,54181806,15019174971.0195,11623647225.0034,277.199600379129,214.53045003711,-0.0100865372610235,0.0196031936628325,0.00419783673928897,0.00264743305538317,-0.0142843740003125,0.0169557606074493,-0.0356630991948503,0.875006595061883,1.55380373007704,0.817930466779853,1.50192534161999,0.839957232116465,-16
"FRA",1982,54492495,15393471852.0887,12037223934.1291,282.487925210411,220.896913127745,0.018897981374014,0.0292444497496431,-0.00918576473877231,0.00369999222902972,0.0280837461127863,0.0255444575206134,-0.0995902772111078,0.8925515877745,1.48699197485055,0.833333259406623,1.69818712578001,0.845195621222766,-15
"FRA",1983,54772418,15609532153.0671,12189514825.9392,284.988918200893,222.548415261477,0.00881448895203896,0.0074485383588021,0.0182852510119069,0.0203066879324174,-0.00947076205986797,-0.0128581495736153,-0.0885019403592537,0.849559044886133,1.43638648946438,0.745206407687988,2.02039616952365,0.769847422253431,-14
"FRA",1984,55026074,15772303123.1938,12330421634.3834,286.633262681866,224.083252502866,0.0057532722544158,0.00687297114832575,0.0332840576160178,0.0211421136602716,-0.027530785361602,-0.0142691425119459,-0.0753698478447777,0.886129161977639,1.45615374712932,0.77497425953454,2.08501975267622,0.799290032221671,-13
"FRA",1985,55284271,15970291457.6468,12581382321.2046,288.875862316188,227.576163954565,0.00779348541281166,0.0154673232112525,0.0262101804312636,0.028220326045802,-0.0184166950184519,-0.0127530028345495,-0.0470211231440035,0.877342849590988,1.30008217373683,0.765984867785473,1.94374984360862,0.78416312774619,-12
"FRA",1986,55546504,16782618936.5795,13078284714.6237,302.136367332488,235.447485851202,0.0448814092423087,0.0340029295984285,0.0279589003908649,0.0285999536129466,0.0169225088514438,0.0054029759854819,-0.0154818364005158,0.704468190257991,1.15197066486287,0.584219186324337,1.79955922370494,0.603847970965129,-11
"FRA",1987,55823956,17074631566.5601,13394661641.9623,305.865667538146,239.944686864584,0.0122675476759362,0.0189205268074364,0.0263884259116285,0.0256711609223075,-0.0141208782356923,-0.00675063411487109,-0.0241833617626401,0.720337830637217,1.12165771758144,0.640634294850208,1.64080242148717,0.653561321812477,-10
"FRA",1988,56117974,17979974183.8144,13847261606.5457,320.395996188571,246.752700062651,0.0464117082332738,0.0279781953750584,0.0364906014573148,0.027747718061808,0.00992110677595903,0.000230477313250432,-0.00550503437167249,0.748908527565294,1.21108520228583,0.617405426280473,1.79532781642948,0.638393773609029,-9
"FRA",1989,56423411,18715016779.9802,14249929889.1424,331.688858370867,252.553499276078,0.0346396370872624,0.023236483836607,0.0304836646236,0.0283504260475418,0.00415597246366239,-0.00511394221093475,0.0145498635614835,1.00490784515338,0.960084909385041,0.889892130905678,1.84399956223511,0.894319904219603,-8
"FRA",1990,56708826,19146063430.704,14587809370.0406,337.620521904368,257.240546119587,0.0177251925926951,0.0183885196673064,0.0164458339043234,0.0205820614091339,0.0012793586883717,-0.00219354174182751,0.0506646361744413,0.960143905883005,0.806262444712296,0.888210802888237,1.90444800213977,0.875876023559718,-7
"FRA",1991,58425681,19240432210.0983,14727446333.6703,329.314641794219,252.071453538904,-0.0249088967222066,-0.0202990311515654,-0.00141331299475933,0.00452667529189377,-0.0234955837274473,-0.0248257064434592,0.05304398658241,0.966967268989373,0.846360998261174,0.856532757355489,2.05329229243995,0.836235554859628,-6
"FRA",1992,58711615,19466602513.9892,15041229732.4261,331.563056372903,256.18831524948,0.00680435505663102,0.0162001873878177,0.00822094545024843,0.0165018474627896,-0.00141659039361741,-0.000301660074971899,0.0733717371636188,0.929035394958533,0.980947405285439,0.834291846127258,2.10315144712676,0.807041008661151,-5
"FRA",1993,58961049,19292856036.6048,15202377559.0259,327.213581912439,257.837637166629,-0.0132048934607161,0.00641729301620853,0.00361881945756348,0.00911361657858833,-0.0168237129182796,-0.00269632356237981,0.0944549371661509,1.05602904473971,0.99723897695496,0.948756442902666,2.21421073529425,0.908050492747265,-4
"FRA",1994,59175335,19616196714.1289,15344302070.2204,331.492786887119,259.302327062794,0.0129929369965325,0.005664593394477,0.0180921203943054,0.0149797630443098,-0.00509918339777293,-0.00931516964983281,0.0855216440920099,1.11720009488347,1.07576356965434,1.0400366264845,2.16712609781123,0.991408251471434,-3
"FRA",1995,59383991,19940986702.1592,15527099587.3033,335.79734818024,261.469452049852,0.0129017972149654,0.00832279160848071,0.0189567142277136,0.0100831862779449,-0.00605491701274818,-0.0017603946694642,0.0931909411938889,1.13265753125107,1.06359567958864,1.04479970146538,2.15906721262379,0.988141856953791,-2
"FRA",1996,59589289,20087628057.6889,15797812529.5385,337.101321307743,265.111613087689,0.00387569427278844,0.0138334602609831,0.0156695395914666,0.0140774563943511,-0.0117938453186781,-0.000243996133368007,0.076583610991138,1.19576958210379,1.22598558094745,1.01924151699418,2.3950238717509,0.97343220837623,-1
"FRA",1997,59795263,20528264799.1161,15939929665.0855,343.309214964337,266.575124271725,0.0182480005476746,0.00550517730616917,0.02050062055583,0.0175132404659122,-0.0022526200081554,-0.012008063159743,0.0293609623978948,1.32837511382779,1.53342473509388,1.09544096480257,2.54599867985668,1.06001408612686,0
"FRA",1999,60315406,21945682553.0377,16794089190.6341,363.848708123389,278.437803944055,0.0252108784400962,0.0217737349745013,0.0182258328903169,0.0272492682614001,0.0069850455497793,-0.00547553328689876,0.120659840629415,1.04341344701669,1.54681767438291,1.04138392151742,1.62469000906777,1.0006168018174,2
"FRA",2000,60724780,22796370930.7369,17419179365.7568,375.404751252074,286.854548765048,0.0312666363655003,0.0297805792951165,0.0268436568591222,0.0293540444884357,0.00442297950637816,0.000426534806680756,0.122798749583022,1.1895152855089,1.94621495276714,1.10772882397,1.90051392935931,1.08009391929255,3
"FRA",2001,61163237,23290548288.1818,17821316351.0328,380.793258018404,291.373008119776,0.0142518173993018,0.0156289726271064,0.00215289391887818,0.0106107106280655,0.0120989234804236,0.00501826199904087,0.0832558406070049,1.25413129752837,1.83695839313745,1.19320247530811,1.868421776248,1.16490085689438,4
"FRA",2002,61604550,23571766110.1423,18143407781.2837,382.630278285326,294.514086723849,0.00481259412416613,0.010722573433509,0.00638623846891573,0.0153392187404462,-0.0015736443447496,-0.00461664530693717,0.0716910478116267,1.27658544401064,1.87938728747311,1.26027173019622,1.7272139259554,1.22676008438338,5
"FRA",2003,62037544,23730642753.3361,18432617794.0034,382.520667699806,297.120366241504,-0.000286507092085664,0.0088104956156787,0.0110470774483113,0.0166019935238024,-0.011333584540397,-0.00779149790812372,0.0719355560903292,1.28682188926477,1.96198125494785,1.27808131967031,1.67201849031728,1.26466653845504,6
"FRA",2004,62490800,24289784496.4287,18778235297.5386,388.693767665459,300.49599777149,0.0160091189297322,0.0112971050804989,0.0263858068989702,0.0212830416609107,-0.010376687969238,-0.0099859365804118,0.0464134578300164,1.27911977555445,1.90248651229157,1.28234773466553,1.60880646983266,1.27248232563505,7
"FRA",2005,62958328,24801109471.0668,19241784435.5777,393.928972685977,305.627310108643,0.013378816737613,0.0169319835157804,0.0193022056726155,0.0193163187011001,-0.00592338893500255,-0.00238433518531966,0.0708921668694854,1.33083312125682,1.74526269347642,1.3596987246669,1.65664324447972,1.34292848965849,8
"FRA",2006,63393406,25554963223.3145,19761242128.121,403.117056422469,311.723937472629,0.0230563616810633,0.0197515614978165,0.0220147135635518,0.0167770598408197,0.00104164811751151,0.00297450165699686,0.0482148863044544,1.35334227906267,1.72010037074459,1.41873113816972,1.57810064233117,1.40482607574944,9
"FRA",2007,63781275,26433219857.8296,20318261122.4135,414.435425723767,318.561538984812,0.0276901917192731,0.0216976910354827,0.0176900974428609,0.015227656370616,0.0100000942764122,0.00647003466486673,0.0383709375685004,1.37172580274394,1.52875489203942,1.50482597699678,1.44581043213559,1.4589184253921,10
"FRA",2008,64133174,26401559407.3066,20412251982.3686,411.667749475593,318.279148048537,-0.0067005833810434,-0.000886849601580586,-0.0167928531087504,-0.00513339052490291,0.010092269727707,0.00424654092332233,0.10883479859816,1.35928854686528,1.46168262858085,1.5273813263465,1.33702891515585,1.47515314679482,11
"FRA",2009,64458715,25660534168.5282,20456438557.7559,398.092549138285,317.357219388501,-0.0335320769200225,-0.00290080729720099,-0.0382893276384815,-0.0127238407540204,0.004757250718459,0.00982303345681945,0.0847544509973951,1.33528686639074,1.4084872898654,1.54996949875279,1.26453609786188,1.46980011012258,12
"FRA",2010,64773169,26059968867.7,20742877731.7483,402.326600196139,320.238735451531,0.010579683292951,0.00903875145134592,0.0182857770671028,0.0122087170534364,-0.00770609377415177,-0.00316996560209049,0.103395310802268,1.37042785383884,1.55428100781646,1.59683649869847,1.30004609907125,1.50704642025235,13
"FRA",2011,65087317,26365765448.0158,20836415039.0697,405.082997168493,320.130188175827,0.00682778032270015,-0.000339014817048344,0.00393705771288744,0.000771261829759062,0.00289072260981271,-0.00111027664680741,0.135915114558878,1.32402640676016,1.28514257616753,1.55830123066689,1.27206894101677,1.46242405061902,14
"FRA",2012,65402998,26188279306.6616,20719651960.0735,400.414049928745,316.799727744491,-0.0115928408336563,-0.0104579505595588,0.0011010074539648,-0.00262632992958434,-0.0126938482876211,-0.00783162062997445,0.0956473533375932,1.34850905217237,1.41332575135262,1.58666644904268,1.2773737911024,1.49659604793343,15
"FRA",2013,65735961,26362695213.594,20857168266.6502,401.039169619715,317.287036644223,0.0015599658283012,0.00153704200446558,0.00944826426052359,0.00465162136883635,-0.00788829843222238,-0.00311457936437076,0.0805231270457024,1.32798572028554,1.61855773248943,1.59369531602705,1.18426872043361,1.5000849912434,16
"FRA",2014,66276671,26642449955.6401,21015343475.6142,401.988355082591,317.08507923722,0.00236401835734679,-0.000636715923572062,0.0148832913327048,0.00905130252420072,-0.012519272975358,-0.00968801844777278,0.108731178720442,1.2608050800272,1.46593314031392,1.53096944700418,1.10845864061699,1.42962411233236,17
"FRA",2015,66512558,27221914244.2622,21342295420.6485,409.274805582762,320.876178309793,0.017963705968703,0.0118851847331509,0.0267705816951347,0.0172220531417135,-0.00880687572643168,-0.00533686840856262,0.094977678243028,1.32200417392298,1.53303890286917,1.56905348889182,1.20819696045951,1.46843240744857,18
"FRA",2016,66688563,27547546411.5187,21693272887.1314,413.077522925762,325.292252693036,0.00924845547643027,0.0136687059504554,0.0157056923493712,0.014961983003583,-0.00645723687294097,-0.00129327705312754,0.109767049677678,1.26761590873602,1.51913784700337,1.52397099572684,1.14011823894369,1.42293065717181,19
"FRA",2017,66883314,27997398228.1037,22003373890.805,418.60064272688,328.981513846712,0.0132820632425341,0.0112775429589327,0.0185754166562608,0.0127129942470035,-0.00529335341372672,-0.00143545128807077,0.116955988045665,1.2765903393671,1.51364698571135,1.54557955165768,1.14287456686777,1.43224729439723,20
"FRA",2018,67125071,28252510895.5591,22137176681.7275,420.893571875091,329.789992799076,0.00546265789613898,0.0024545061530592,0.0153037426286939,0.0119860371650411,-0.00984108473255496,-0.0095315310119819,0.143002790400961,1.21242031824057,1.3466957670029,1.490257600512,1.10176937882729,1.3644467016791,21
"GBR",1975,56225718,10169866679.4832,9229463647.46788,180.875710284094,164.150214097184,-0.00216081590593387,0.0201647226830799,-0.00933551755570505,0.0193647328665918,0.00717470164977119,0.0007999898164881,-0.0500594605085245,2.03790998619517,1.81234194223135,1.92247968097533,2.24968470432524,1.96640424019629,-22
"GBR",1976,56216121,10336004118.8835,9227601378.47663,183.861923146272,164.145110234067,0.0163749463439711,-3.10931209765997e-05,0.0351278210121118,0.02958742031044,-0.0187528746681407,-0.0296185134314166,-0.0274838198965345,2.09329731298138,2.66522492743668,2.01297423500819,2.38993723743316,2.03003030468011,-21
"GBR",1977,56189910,10395337166.4354,8988015599.23019,185.003627278197,159.957821595197,0.00619037357389196,-0.0258406896522114,0.0222098391100305,0.0204536093697749,-0.0160194655361385,-0.0462942990219863,-0.0391256844768491,2.04403657798264,2.696248775252,1.9785267547241,2.57051108295651,1.99236897177493,-20
"GBR",1978,56178025,11152004229.7874,9522943456.69375,198.511859927212,169.513674727685,0.0704734142912766,0.0580234349745403,0.0350355318764581,0.0256444736593533,0.0354378824148185,0.032378961315187,-0.0584711103760005,1.95434453775344,2.59355727629291,1.88426804186654,2.59431947732524,1.90752471367674,-19
"GBR",1979,56240053,11635917192.2455,9903605502.92863,206.897336889876,176.095237729037,0.0413738670976889,0.0380913717182834,0.0215457587587258,0.0201997213590133,0.0198281083389631,0.0178916503592701,-0.397031031913273,1.84679843192208,2.43457032545699,1.79052859009297,2.51051184933965,1.80514626066643,-18
"GBR",1980,56329673,11567485916.1882,9951805670.61688,205.353329783899,176.670751676774,-0.00749065774928592,0.00326286816536925,-0.0156432379353957,-0.0038320346254368,0.00815258018610976,0.00709490279080605,-0.483870388830321,1.82044313941816,2.57346666849929,1.76649138135989,2.47512176556685,1.80089814948109,-17
"GBR",1981,56357464,11444833073.1137,9941261487.76118,203.075728764405,176.396537072023,-0.0111530978578012,-0.00155332804043784,0.00419783673928897,0.00264743305538317,-0.0153509345970901,-0.00420076109582102,-0.103736232792459,1.99471275495409,2.82457613518108,1.95658344833012,2.47026767602048,1.98687788887841,-16
"GBR",1982,56290711,11546297909.3124,10016983556.6711,205.119063237848,177.950915501335,0.0100116492465459,0.00877324438502214,-0.00918576473877231,0.00369999222902972,0.0191974139853182,0.00507325215599241,-0.111569540549476,2.0327240224382,2.92979138846159,2.01126032760545,2.52730072480668,2.04096455531239,-15
"GBR",1983,56315677,12092838510.2469,10477281133.0928,214.733075307732,186.045550568322,0.0458051397951138,0.0444837826057594,0.0182852510119069,0.0203066879324174,0.0275198887832069,0.0241770946733419,-0.13370284407493,2.0320197402693,2.98243993294475,1.9927160342037,2.72057314338851,2.04243205020685,-14
"GBR",1984,56409327,12375408272.2792,10695860704.9773,219.385852135395,189.61156379294,0.0214363148012389,0.0189860391703762,0.0332840576160178,0.0211421136602716,-0.011847742814779,-0.00215607448989541,-0.126923333188817,2.07465290068331,2.95398423431104,2.0431109033699,2.7628366797307,2.08598221170258,-13
"GBR",1985,56553955,12820658703.5116,10943528656.9315,226.697826942636,193.505983037464,0.0327859104393449,0.0203308536519016,0.0262101804312636,0.028220326045802,0.00657573000808132,-0.00788947239390048,-0.120656563314013,2.05178089755797,2.90258724972883,2.02184491914571,2.53273265729493,2.07306309888636,-12
"GBR",1986,56683835,13340620500.8625,11645415036.046,235.351410165924,205.445080348675,0.0374617877519228,0.0598703172253012,0.0279589003908649,0.0285999536129466,0.00950288736105787,0.0312703636123546,-0.12021821700488,2.01387140877332,2.88690100398963,1.99167321069678,2.42729583758764,2.04859392814341,-11
"GBR",1987,56803958,14234412868.8876,12227699902.7041,250.588398591654,215.261406655925,0.0627319872524925,0.046674385190717,0.0263884259116285,0.0256711609223075,0.036343561340864,0.0210032242684095,-0.0687235579377702,1.92367450735051,2.67251899625572,1.90742244491131,2.38435706452603,1.94962211690756,-10
"GBR",1988,56916448,15328229852.9106,13107968482.4626,269.311075998814,230.301941583961,0.072055380956142,0.0675381029658748,0.0364906014573148,0.027747718061808,0.0355647794988272,0.0397903849040668,-0.106176940891433,1.82689229500386,2.70654439588847,1.7779938007306,2.34290522242683,1.8410306603854,-9
"GBR",1989,57076451,16039365232.8457,13547994610.7742,281.015461750517,237.365750207107,0.0425425640232069,0.0302109639039072,0.0304836646236,0.0283504260475418,0.0120588993996069,0.00186053785636542,-0.138048072831564,1.92816407299794,2.55540488200648,1.85885977024927,2.19299403204081,1.94661486331626,-8
"GBR",1990,57237493,16134174460.7795,13736071108.4298,281.881221820451,239.98380062575,0.00307609114737595,0.0109692223033591,0.0164458339043234,0.0205820614091339,-0.0133697427569475,-0.00961283910577482,-0.115174008069547,1.86823620196001,2.43897393244663,1.8331308256748,2.33017100229009,1.88970849933436,-7
"GBR",1991,57438658,15804426853.216,13702644745.2187,275.153135597563,238.561366548966,-0.0241579835927332,-0.00594484434724407,-0.00141331299475933,0.00452667529189377,-0.0227446705979739,-0.0104715196391378,-0.134050526250585,1.78851172813106,2.54272882904408,1.73958459088207,2.23788079388046,1.8139336649086,-6
"GBR",1992,57584530,15679662688.1102,13839617240.1587,272.289496642765,240.335681131004,-0.0104619732025348,0.00741003816748176,0.00822094545024843,0.0165018474627896,-0.0186829186527833,-0.00909180929530784,-0.113970029826056,1.68936481786265,2.63806049625206,1.67224971473369,2.19599533661651,1.72870643942505,-5
"GBR",1993,57713889,16093280239.0505,14232073417.2146,278.845881258331,246.597026535754,0.0237934060751508,0.0257189153224182,0.00361881945756348,0.00911361657858833,0.0201745866175873,0.0166052987438299,-0.153586680815574,1.87554656867976,2.83772809824759,1.84423086981389,2.27943033265052,1.91196798225062,-4
"GBR",1994,57862145,16579600344.4526,14593330667.7826,286.536220605935,252.208601457527,0.0272057203469931,0.0225009958352933,0.0180921203943054,0.0149797630443098,0.00911359995268768,0.00752123279098349,-0.16146137532662,1.84068228894313,2.87969571548568,1.81639055221195,2.22572526974643,1.87912134171648,-3
"GBR",1995,58024799,18535316029.6522,14923912564.6639,319.437832600716,257.198867068267,0.108697725118018,0.0195930588378124,0.0189567142277136,0.0100831862779449,0.0897410108903047,0.00950987255986746,-0.166080581993873,1.90464998515001,2.98655498902553,1.89227506782829,2.2049865612705,1.95141345308957,-2
"GBR",1996,58164374,19258303957.7354,15483262467.471,331.101370707357,266.198385758797,0.0358619066683179,0.0343922544390916,0.0156695395914666,0.0140774563943511,0.0201923670768513,0.0203147980447405,-0.157817488987394,1.99101907975389,3.04962429838934,1.99805852258525,2.2180657815709,2.05438944370842,-1
"GBR",1997,58314249,19772427280.7552,16049070754.356,339.066825344097,275.216967200521,0.0237726284589703,0.0333179163042274,0.02050062055583,0.0175132404659122,0.00327200790314031,0.0158046758383152,-0.144101106041161,1.95790784838652,3.01003842594763,1.99204323338608,2.02947874395589,2.0315442439456,0
"GBR",1998,58474943,20308355962.2526,16591807984.9444,347.300141228913,283.742183125247,0.0239921535353966,0.0305062617285525,0.0149938500692626,0.0174862766889339,0.00899830346613406,0.0130199850396187,-0.118830861425382,1.87680619151349,2.80269902560477,1.91480928967023,2.06798850490309,1.93365779755086,1
"GBR",1999,58684427,20818289588.3874,17176883389.9526,354.749814433519,292.699175369857,0.0212234265510336,0.0310793564130263,0.0182258328903169,0.0272492682614001,0.00299759366071672,0.00383008815162622,-0.122248419220448,1.8739716643191,2.68536375162707,1.80747620216004,2.44467101735229,1.83417426405352,2
"GBR",2000,58886065,21733002384.0265,17881566061.9444,369.06868176752,303.663796552621,0.0395699632227053,0.0367757806471483,0.0268436568591222,0.0293540444884357,0.0127263063635832,0.00742173615871256,-0.156814863708156,1.9491996640434,2.82049534080687,1.90276683276931,2.52256077588094,1.88850006449344,3
"GBR",2001,59113016,22269572946.1149,18470237960.0015,376.728755408367,312.45636257168,0.0205426906495729,0.028543662636249,0.00215289391887818,0.0106107106280655,0.0183897967306947,0.0179329520081835,-0.179952202588925,1.96942364967284,2.71621251644929,1.9439939059057,2.42277224137123,1.93513994157344,4
"GBR",2002,59365677,22787233003.7254,19066987549.7745,383.845247881623,321.178642496985,0.0187140242315689,0.0275326673578311,0.00638623846891573,0.0153392187404462,0.0123277857626531,0.0121934486173849,-0.201181264616793,1.93123513173927,2.75783802255408,1.8893377144756,2.36176845485235,1.88821225429513,5
"GBR",2003,59636662,23767579219.7152,19919233017.8755,398.539730807119,334.009858195543,0.0375677231036189,0.0391730210835215,0.0110470774483113,0.0166019935238024,0.0265206456553075,0.0225710275597191,-0.222084483681536,1.96474624499845,2.6425221422736,1.97878019452037,2.28770584918036,1.96236521182388,6
"GBR",2004,59950364,24631244942.5318,20744159166.3389,410.860640354608,346.022238769709,0.0304468882778348,0.0353325387964949,0.0263858068989702,0.0212830416609107,0.00406108137886463,0.0140494971355842,-0.268434163212134,1.93401240206942,2.57593147523809,1.9768832404771,2.13494259692358,1.96375031035194,7
"GBR",2005,60413276,25518931037.668,21363684127.2994,422.406012838436,353.625652204317,0.027712884795756,0.0217358270657186,0.0193022056726155,0.0193163187011001,0.00841067912314042,0.00241950836461857,-0.2970148082345,1.9717997267736,2.45977568553703,2.0483132552261,2.09612108268266,2.03595565228828,8
"GBR",2006,60827067,26219341186.7587,21754028159.3326,431.04727023512,357.637302474778,0.0202507925791258,0.0112804773084543,0.0220147135635518,0.0167770598408197,-0.00176392098442602,-0.0054965825323654,-0.321091664388483,1.97773563895846,2.39420047585102,2.10739606515768,1.95389625562358,2.09086832124016,9
"GBR",2007,61319075,26897945825.9563,22260325325.1034,438.655440023456,363.024480149177,0.0174964704286191,0.0149509191511576,0.0176900974428609,0.015227656370616,-0.000193627014241748,-0.000276737219458312,-0.350150662050737,1.98513481497757,2.19405226075651,2.1807476765927,1.80328385950564,2.13308543937325,10
"GBR",2008,61823772,26838751480.1568,22380570925.3788,434.11701699723,362.005911340686,-0.0104001080621074,-0.00280972905562216,-0.0167928531087504,-0.00513339052490291,0.006392745046643,0.00232366146928076,-0.379265211178889,1.97865310275028,2.24495955459851,2.17644012388177,1.78816566835338,2.13941164016698,11
"GBR",2009,62260486,25616411235.1182,21838602279.9101,411.439307350062,350.761834398628,-0.0536526041880006,-0.0315530826825281,-0.0382893276384815,-0.0127238407540204,-0.0153632765495191,-0.0188292419285077,-0.354258291827548,1.97257478108346,2.30412558040404,2.21310952713189,1.67847109778968,2.16703575790849,12
"GBR",2010,62759456,25895335040.4237,21995583376.5904,412.612484092018,350.474411004939,0.00284733932199632,-0.000819761989397705,0.0182857770671028,0.0122087170534364,-0.0154384377451064,-0.0130284790428341,-0.409307488314073,1.99428800642363,2.46159073338903,2.25338679960606,1.66285461565651,2.20185101502863,13
"GBR",2011,63285145,25761702365.6637,21717768645.4317,407.073450896947,343.173246192795,-0.0135152191155639,-0.0210522860993798,0.00393705771288744,0.000771261829759062,-0.0174522768284513,-0.0218235479291389,-0.314351999843173,2.01747564514232,2.33935871364127,2.3118037472504,1.61673555517832,2.25538941646413,14
"GBR",2012,63710843,25896227618.3752,21870711807.9872,406.46499714931,343.280841661241,-0.00149582078769139,0.000313481910096058,0.0011010074539648,-0.00262632992958434,-0.00259682824165619,0.0029398118396804,-0.320136204954277,1.91641710396363,2.35176289782207,2.19396342292925,1.53381356911726,2.15641208996075,15
"GBR",2013,64138721,26306590856.8187,22132936596.3066,410.151472412721,345.079169824834,0.00902871897286861,0.00522497595687277,0.00944826426052359,0.00465162136883635,-0.000419545287654977,0.000573354588036423,-0.318721970968361,1.85135939039058,2.47225059546342,2.10953736561525,1.51449025202771,2.07868092231146,16
"GBR",2014,64619493,27183505410.3188,22650543608.3495,420.670360417696,350.521840342348,0.0253229987227135,0.0156491480358749,0.0148832913327048,0.00905130252420072,0.0104397073900087,0.00659784551167419,-0.355234056916423,1.70945933582471,2.30929165833899,1.96763909014366,1.32066212299595,1.94351836408434,17
"GRC",2001,10862129,3268324510.9852,2790977794.43917,300.891704654327,256.945741892696,0.0411915507209697,0.0460964639439201,0.00215289391887818,0.0106107106280655,0.0390386568020915,0.0354857533158546,0.262639220396796,0.0012321778366462,-0.190665588082035,0.219656568791153,-0.125512119186235,0.0933757903406696,4
"GRC",2002,10902022,3399076039.99099,2909950343.88978,311.784001168865,266.918406868907,0.0355602293014199,0.038078077880197,0.00638623846891573,0.0153392187404462,0.0291739908325042,0.0227388591397508,0.27437468883448,0.143432050396359,-0.169378863042141,0.369534614786553,-0.106108222936087,0.252954841122232,5
"GRC",2003,10928072,3597084480.83879,3021880213.979,329.160027572914,276.524551995906,0.0542333943945215,0.0353565932193804,0.0110470774483113,0.0166019935238024,0.0431863169462101,0.018754599695578,0.309876568858563,0.200323199801263,-0.157161391685842,0.467324392152143,-0.155226353770291,0.337886952753153,6
"GRC",2004,10955142,3793108285.04438,3164482227.74292,346.239992602961,288.858166123536,0.0505881163491342,0.0436361803185665,0.0263858068989702,0.0212830416609107,0.024202309450164,0.0223531386576559,0.307725371853389,0.186361073494301,-0.263801763441036,0.468693966418157,-0.283102403827996,0.335647488774462,7
"GRC",2005,10987316,3777039316.31683,3255902476.50523,343.763601257744,296.332832923457,-0.00717793936088285,0.0255474651880352,0.0193022056726155,0.0193163187011001,-0.0264801450334984,0.00623114648693512,0.334386104296467,0.2651947297624,-0.256553345568194,0.577795443138041,-0.280340574617363,0.434566534923419,8
"GRC",2006,11020366,4026977125.77976,3353044665.68621,365.412285379611,304.258920773249,0.0610720496139825,0.0263957938022399,0.0220147135635518,0.0167770598408197,0.0390573360504307,0.00961873396142021,0.299657543638119,0.254793267824943,-0.151020788839648,0.570821334288783,-0.155166935723526,0.433578012729605,9
"GRC",2007,11048466,4187322377.07253,3532366182.63529,378.995815081707,319.71553178833,0.036498897913436,0.0495525852958671,0.0176900974428609,0.015227656370616,0.0188088004705751,0.0343249289252512,0.265799212945511,0.388256152711618,-0.0589051754485532,0.736921362082483,-0.13938313532213,0.593611262582206,10
"GRC",2008,11077839,4186112477.50456,3628927530.34682,377.881685905036,327.584426019083,-0.00294401664713195,0.0243141739543553,-0.0167928531087504,-0.00513339052490291,0.0138488364616185,0.0294475644792582,0.281349310912842,0.572960421930069,0.155905830122468,0.921868190044812,-0.0496900573256105,0.814454570079395,11
"GRC",2009,11107017,4059611642.56368,3653631261.54768,365.499723513855,328.948021016596,-0.0333156236440537,0.00415393622790639,-0.0382893276384815,-0.0127238407540204,0.00497370399442776,0.0168777769819268,0.312807577028517,0.590683232292136,-0.331252130939749,1.02926870450455,-0.0504962364910713,0.85110110293068,12
"GRC",2010,11121344,3699330512.91625,3301618931.02108,332.63340410262,296.872296281913,-0.0942245277527238,-0.10259767996598,0.0182857770671028,0.0122087170534364,-0.112510304819827,-0.114806397019416,0.279157485030132,0.520592938290159,-0.252326063451846,0.948173323060291,0.038096853771886,0.759839049089806,13
"GRC",2011,11104900,3258027511.66261,2984559723.78764,293.386479091447,268.760612323176,-0.125550213862679,-0.099481001110111,0.00393705771288744,0.000771261829759062,-0.129487271575567,-0.10025226293987,0.195722805771143,0.610855048112337,-0.200124519690311,1.03114823545877,0.149999008673578,0.86192449441668,14
"GRC",2012,11045010,2932572693.34401,2703890545.49901,265.511094452971,244.806527608306,-0.0998341542883212,-0.0933528510271264,0.0011010074539648,-0.00262632992958434,-0.100935161742286,-0.0907265210975421,0.327299818364325,0.814233170873535,-0.724132238496122,1.32671650226226,0.141684638172608,1.11295103406171,15
"GRC",2013,10965209,2835884475.01877,2557611052.29823,258.625665504303,233.247816097096,-0.026274917522966,-0.048366738593427,0.00944826426052359,0.00465162136883635,-0.0357231817834895,-0.0530183599622633,0.406284205404481,0.668956025189622,-0.698851630222654,1.22180360983892,-0.0902350029724026,0.979570645197999,16
"GRC",2014,10892415,2840648098.91256,2535751463.31346,260.791394645959,232.799747651321,0.00833912421588323,-0.0019228448711397,0.0148832913327048,0.00905130252420072,-0.0065441671168216,-0.0109741473953404,0.366150212640239,0.536825174467065,-0.637035202226993,1.08987188511718,-0.277162125558435,0.849701421530141,17
"GRC",2015,10820883,2879190864.76103,2559331094.94804,266.077256796976,236.517767999898,0.0200658721801101,0.0158447021888692,0.0267705816951347,0.0172220531417135,-0.00670470951502455,-0.0013773509528443,0.154480728525616,0.653427200790749,0.0654487619495336,1.1932181012536,-0.284539267153546,0.975771399938957,18
"GRC",2016,10775966,2888018212.63569,2565449809.55742,268.005505273095,238.071446175444,0.00722081666485064,0.00654748856316356,0.0157056923493712,0.014961983003583,-0.00848487568452061,-0.00841449444041942,0.179487159259117,0.514815507456992,-0.150723563853257,1.0895173758933,-0.590498733657381,0.863198851236261,19
"GRC",2017,10754679,2903969531.53378,2597184435.98072,270.019173192782,241.493440760131,0.00748544593861578,0.0142714896735008,0.0185754166562608,0.0127129942470035,-0.0110899707176451,0.00155849542649733,0.259282916935698,0.371326125659795,-0.3954874456308,0.953074315012054,-0.579697369007057,0.696503531993898,20
"GRC",2018,10732877,2938580713.57321,2616017354.63423,273.792452254248,243.738687644909,0.0138773775331282,0.00925438682884483,0.0153037426286939,0.0119860371650411,-0.00142636509556571,-0.00273165033619627,0.268162606526222,0.262917857551471,-0.564468606374998,0.844565694461205,-0.70835197002999,0.60042973948991,21
"GRC",2019,10721584,3005258499.06423,2685795222.50393,280.299860455716,250.503584405432,0.0234896144961709,0.0273765302871851,0.0118218315246761,0.0106828258038965,0.0116677829714948,0.0166937044832887,0.293807689221104,0.312619933567858,-0.603824485042999,0.943246081145857,-0.781811918331142,0.663332817259359,22
"ISR",1979,3786400,713685950.236219,591312353.359163,188.486676060696,156.167429051121,0.026980256401588,0.00355646583899549,0.0215457587587258,0.0201997213590133,0.00543449764286219,-0.0166432555200178,0.050857747060021,1.03281644816492,-0.228013677338133,1.20756227797094,-1.17100593457694,1.17076122102152,-18
"ISR",1980,3877700,707841737.047346,588596640.463599,182.541645059532,151.790143761405,-0.0320489812639817,-0.0284297611170787,-0.0156432379353957,-0.0038320346254368,-0.016405743328586,-0.0245977264916419,0.0661155999424171,1.02300579678868,-0.178576725388933,1.19332774435588,-1.27273343475079,1.16099141905026,-17
"ISR",1981,3949800,772540098.65308,664422220.912084,195.589675085594,168.216674492907,0.0690406312488125,0.102753943795982,0.00419783673928897,0.00264743305538317,0.0648427945095236,0.100106510740599,0.0465860104661993,1.00989514540694,-0.0705586570951127,1.16798775869179,-0.693533666527505,1.13807220852298,-16
"ISR",1982,4020700,813248644.177314,679476877.219093,202.265437405754,168.994671877806,0.0335619110142185,0.00461430953429431,-0.00918576473877231,0.00369999222902972,0.0427476757529908,0.000914317305264589,0.071738651774375,0.923989168718334,-0.235430003977221,1.08236972711516,-0.100942885966459,1.04178606443265,-15
"ISR",1983,4106100,854133252.47316,702348226.678723,208.015696761686,171.049956571618,0.0280326606936363,0.0120884704548621,0.0182852510119069,0.0203066879324174,0.00974740968172938,-0.00821821747755536,0.0430926454528207,0.764735193557479,-0.0432067756150625,0.90981198300391,0.0856296705869211,0.873758960351873,-14
"ISR",1984,4159100,883154372.430714,720723730.443725,212.342663660579,173.288387017317,0.0205877657708164,0.0130015260818368,0.0332840576160178,0.0211421136602716,-0.0126962918452014,-0.00814058757843483,0.0447484542529947,0.748836047972159,-0.0853849600610532,0.89579123198585,0.0718116591731217,0.859536002698125,-13
"ISR",1985,4233000,822617965.672732,676225716.878035,194.334506419261,159.750937131593,-0.0886203736982818,-0.0813412241336176,0.0262101804312636,0.028220326045802,-0.114830554129545,-0.10956155017942,0.0507750073932798,0.659968397903071,-0.148782742726572,0.808951636912142,0.171636615755224,0.762230055179286,-12
"ISR",1986,4298800,871686536.627358,708043619.05292,202.774387416804,164.707271576468,0.0425130348253226,0.0305538271640255,0.0279589003908649,0.0285999536129466,0.0145541344344577,0.0019538735510789,0.0697597807791811,0.496930853285879,-0.286146496317292,0.65551008943393,0.196206578436848,0.59567601681564,-11
"ISR",1987,4368900,942542900.768105,797819460.162142,215.739179374237,182.613348935005,0.061976206215852,0.103201283637843,0.0263884259116285,0.0256711609223075,0.0355877803042235,0.0775301227155358,0.0774444529175954,0.215176219607315,-0.386854278699429,0.35167418080396,0.179688516312254,0.298768529565067,-10
"ISR",1988,4441700,993156379.140367,820040969.198485,223.598257230422,184.623222909806,0.0357807719430472,0.0109460451205603,0.0364906014573148,0.027747718061808,-0.000709829514267568,-0.0168016729412477,0.0278232644114211,0.103020202324963,-0.460386831858476,0.253255476285199,-0.00698438440275417,0.192211871164629,-9
"ISR",1989,4518200,985449852.792044,803360471.495992,218.106735600913,177.805425057765,-0.0248663912950837,-0.0376272806510967,0.0304836646236,0.0283504260475418,-0.0553500559186837,-0.0659777066986384,0.0471795218369303,0.179337772044484,-0.757907217106739,0.326908924429692,-0.0919752124310218,0.260535387795078,-8
"ISR",1990,4660200,1045602895.0528,846255791.531025,224.368674102571,181.592161609164,0.0283060096143233,0.0210734675402859,0.0164458339043234,0.0205820614091339,0.0118601757099999,0.000491406131152061,0.0534334948704022,0.0756488405034605,-0.959502913729931,0.219072660656094,0.0520457227688187,0.157518832185778,-7
"ISR",1991,4949100,1136041508.98482,894871058.255711,229.545070615833,180.814907408561,0.0228088309146273,-0.00428940525047494,-0.00141331299475933,0.00452667529189377,0.0242221439093866,-0.00881608054236871,0.0514393825754276,-0.0456387287205324,-0.806210706639901,0.0944053978009052,0.0558604942128729,0.0263692151482717,-6
"ISR",1992,5123500,1224111343.20234,943094759.449568,238.920921870273,184.072364487083,0.0400332300009998,0.0178550685084566,0.00822094545024843,0.0165018474627896,0.0318122845507514,0.00135322104566704,0.0716406725303037,-0.103279830512595,-0.358139776918874,0.0197126365253604,0.204517497539349,-0.0360316960603595,-5
"ISR",1993,5261400,1276876927.27283,1001544706.00424,242.687673864908,190.357073403322,0.0156426975603905,0.0335726765755266,0.00361881945756348,0.00911361657858833,0.012023878102827,0.0244590599969383,0.065941421727711,-0.104211150050804,-0.411554236563673,0.00238207949410074,0.285289040342513,-0.0656565250799843,-4
"ISR",1994,5399300,1375196464.05854,1082634909.47888,254.699028403412,200.513938747409,0.0483072434011982,0.0519821221434036,0.0180921203943054,0.0149797630443098,0.0302151230068928,0.0370023590990938,0.0541886963005518,-0.0349323305820237,-0.502744713174045,0.0846480084513632,0.340104706030432,0.00510233725367248,-3
"ISR",1995,5544900,1454469391.47373,1145741547.46756,262.307596435234,206.629794489993,0.0294352800121951,0.0300449954278781,0.0189567142277136,0.0100831862779449,0.0104785657844815,0.0199618091499332,0.0521888658692297,-0.0510373241092474,-0.478394855248221,0.117008716806994,0.00286243502107864,0.0307460336695122,-2
"ISR",1996,5685100,1509320474.54686,1177479879.94748,265.487058195434,207.116828190794,0.0120482471475167,0.00235426175854148,0.0156695395914666,0.0140774563943511,-0.00362129244394982,-0.0117231946358096,0.0497162747318787,-0.0903172790958693,-0.568053575677022,0.0809185355046509,0.0361942284951429,-0.0125899046976741,-1
"ISR",1997,5828900,1553566271.57338,1196098742.74315,266.528207993511,205.201451859381,0.00391398966679013,-0.00929083284414567,0.02050062055583,0.0175132404659122,-0.0165866308890399,-0.0268040733100579,0.0625592890198057,-0.256164004096352,-0.609159457577832,-0.176234302260961,0.302031235608664,-0.270935256506547,0
"ISR",1998,5970700,1637125535.46861,1256814996.00406,274.193232865261,210.497093473807,0.0283530031318113,0.0254796566920295,0.0149938500692626,0.0174862766889339,0.0133591530625488,0.00799338000309557,0.0868684876434638,-0.217175437404723,-0.696079053457281,-0.0671048680912525,0.124516790625724,-0.188494870335137,1
"ISR",1999,6125300,1707556419.85163,1306101869.088,278.771067515326,213.230677532202,0.0165578111828308,0.0129027275026505,0.0182258328903169,0.0272492682614001,-0.00166802170748603,-0.0143465407587495,0.114976114514983,-0.201260417219241,-0.837026757767032,-0.0165250883032428,0.105948400025271,-0.177860325301815,2
"ISR",2000,6289200,1871526353.64945,1405142598.20802,297.577808568571,223.421515965149,0.0652848337479188,0.0466856205858663,0.0268436568591222,0.0293540444884357,0.0384411768887967,0.0173315760974306,0.0803617061585177,-0.167658766299656,-0.177383665929958,-0.0334436701650596,0.194323375809422,-0.168766880662143,3
"ISR",2001,6439037,1887743894.2139,1464843777.7023,293.171773079407,227.494232088167,-0.0149170387169333,0.0180646912207498,0.00215289391887818,0.0106107106280655,-0.0170699326358115,0.00745398059268432,0.099406222284531,-0.0942907897959379,-0.472628073286195,0.0653757125592531,0.128899189204382,-0.067527728455173,4
"ISR",2002,6569957,1865814135.60101,1483660021.14573,283.991833675777,225.82492109853,-0.0318132103946942,-0.00736487096724581,0.00638623846891573,0.0153392187404462,-0.0381994488636099,-0.022704089707692,0.090607824826638,0.0205292095650198,-0.304086598862205,0.173175363788608,0.157236333008998,0.0591148133701895,5
"ISR",2003,6689748,1867097708.90964,1468705418.21692,279.098361987573,219.545701604443,-0.0173812114687024,-0.028199595035634,0.0110470774483113,0.0166019935238024,-0.0284282889170138,-0.0448015885594364,0.0739781059711323,0.083990584925987,0.0261680311711685,0.227838749582334,0.261348384962161,0.122094515872411,6
"ISR",2004,6808969,1966857292.7588,1529832877.66681,288.862718094149,224.679078090503,0.0343872797408373,0.0231126458364779,0.0263858068989702,0.0212830416609107,0.00800147284186714,0.00182960417556721,0.0616597792642318,0.199953423614785,0.132413338288398,0.309406884551123,0.474074854186144,0.209753602403722,7
"ISR",2005,6930128,2046366873.34286,1575424025.64296,295.285581066159,227.329715359219,0.0219914081144328,0.0117283897619735,0.0193022056726155,0.0193163187011001,0.00268920244181725,-0.00758792893912652,0.0333054483833766,0.327358978887209,0.284555286729266,0.418365100614411,0.681946135602883,0.330868104495513,8
"ISR",2006,7053707,2144425800.53106,1645479435.16405,304.014017102079,233.278676753095,0.0291308497600644,0.0258323222429375,0.0220147135635518,0.0167770598408197,0.00711613619651263,0.00905526240211785,0.0272455406813273,0.445256669396016,0.418076346781467,0.495806536674652,0.889880724262103,0.423047273194825,9
"ISR",2007,7180160,2287113039.90272,1759126938.28506,318.532322385953,244.998292278314,0.0466501437899005,0.0490174637783323,0.0176900974428609,0.015227656370616,0.0289600463470396,0.0337898074077163,0.0619762820497048,0.410614515672426,0.30748394423471,0.467675460360409,0.79007808029124,0.393474509941676,10
"ISR",2008,7331353,2289239130.94487,1780514628.79715,312.253294984551,242.863033439687,-0.0199092516790698,-0.00875360419311111,-0.0167928531087504,-0.00513339052490291,-0.00311639857031931,-0.00362021366820819,-0.00502303064199583,0.307009472517607,0.437383599291777,0.263866799334652,0.731641984601081,0.240046798234625,11
"ISR",2009,7485565,2341053348.59344,1799151871.07134,312.742371296414,240.349508830841,0.00156505536943019,-0.010403485254816,-0.0382893276384815,-0.0127238407540204,0.0398543830079117,0.0023203554992044,-0.00958676483646892,0.227903403037242,0.7080266580769,0.166709215610821,0.536976964683744,0.20856198104661,12
"ISR",2010,7623561,2434452463.02988,1874775354.28057,319.332719057391,245.918587688952,0.0208538089691199,0.0229063860244318,0.0182857770671028,0.0122087170534364,0.00256803190201715,0.0106976689709954,-0.0161137698774986,0.246438015199973,0.97830189361868,0.122880901325766,0.571115415012436,0.214604317918262,13
"ISR",2011,7765832,2517968386.09271,1940569503.07111,324.236783140906,249.885588958286,0.0152404953614056,0.0160026321399984,0.00393705771288744,0.000771261829759062,0.0113034376485182,0.0152313703102394,-0.0787631658016967,0.231998351550903,0.903921601608048,0.0977574362562046,0.54016374866224,0.20310159945867,14
"ISR",2012,7910525,2623214974.76332,2009287646.39268,331.610730610588,254.001807262183,0.0224877217994255,0.0163382132543299,0.0011010074539648,-0.00262632992958434,0.0213867143454607,0.0189645431839143,-0.0805474868903384,0.206806369883601,0.982687817174202,0.0684891710940709,0.44072073938129,0.217584303194278,15
"ISR",2013,8059456,2738396076.93744,2085396516.36195,339.774306967795,258.751523224638,0.0243198113176595,0.0185268492220869,0.00944826426052359,0.00465162136883635,0.0148715470571359,0.0138752278532506,-0.101211457958586,0.161652111444293,1.13915703612429,0.0226237646037966,0.333824688235492,0.205829572902708,16
"ISR",2014,8215668,2848862856.79786,2161113172.19921,346.759734789412,263.047773132898,0.0203505390159897,0.0164674311543562,0.0148832913327048,0.00905130252420072,0.00546724768328488,0.0074161286301555,-0.141045329253664,0.170198507303854,1.07017269666579,0.0707970053166829,0.28731959691053,0.234755161013382,17
"ISR",2015,8380149,2999767730.01523,2250599302.99381,357.961144845423,268.563160749745,0.0317923133836135,0.0207504592772789,0.0267705816951347,0.0172220531417135,0.00502173168847886,0.00352840613556538,-0.0879853017255108,0.216290981677905,1.06940856063299,0.111329759631603,0.35415717993648,0.259527870584591,18
"ISR",2016,8546009,3159527960.57602,2378034349.59046,369.708007629762,278.26256087379,0.0322890789534878,0.0354790096879345,0.0157056923493712,0.014961983003583,0.0165833866041165,0.0205170266843515,-0.110155200238422,0.190032359858576,1.01739570857128,0.0788983909339792,0.379292234786524,0.209280083631914,19
"ISR",2017,8713268,3287625319.79832,2467998217.55257,377.312544477953,283.245989627837,0.0203603489249593,0.0177506098486253,0.0185754166562608,0.0127129942470035,0.00178493226869847,0.00503761560162186,-0.12840483019371,0.138262590267737,0.951338427030529,0.0732305730058674,0.245568781116768,0.199420946771488,20
"ISR",2018,8882764,3418073663.96494,2569218009.43911,384.798432556009,289.236324351194,0.0196457709465294,0.0209283438823915,0.0153037426286939,0.0119860371650411,0.00434202831783548,0.00894230671735041,-0.176936756974729,0.115743043262924,0.98389546892541,0.0382280268255892,0.218968819505426,0.179795052110614,21
"ISR",2019,9054026,3578573124.85525,2665044107.92794,395.24661458397,294.349067246763,0.0267902654163441,0.0175222813402973,0.0118218315246761,0.0106828258038965,0.014968433891668,0.00683945553640086,-0.154560182284571,0.0579911966674102,0.980251370517613,0.0122512157761564,0.0807140165998541,0.167765717493639,22
"ITA",1975,55440999,10719551756.4156,8124351736.55661,193.350624082651,146.540500407588,-0.0268169792031303,-5.72621721346422e-05,-0.00933551755570505,0.0193647328665918,-0.0174814616474253,-0.0194219950387264,0.0651217636898236,0.70941664474619,-0.871944703056325,0.796424325532271,-0.0149754761231842,0.778005829283068,-22
"ITA",1977,55955407,11998670265.3228,8904250203.92192,214.432722566432,159.131184657846,0.032471185234094,0.0326944287833637,0.0222098391100305,0.0204536093697749,0.0102613461240635,0.0122408194135888,0.0435085591410795,0.433640553643759,-0.0715184530944555,0.517086399646141,0.32869027506635,0.484927495736382,-20
"ITA",1978,56155142,12591992125.5124,9265034107.25123,224.235781035198,164.989950648709,0.0447020507122433,0.0361556441005604,0.0350355318764581,0.0256444736593533,0.00966651883578518,0.0105111704412071,-0.00478045204824229,0.423823354231238,0.0502148278040453,0.509711497610597,0.320657681320547,0.488461794922219,-19
"ITA",1979,56317750,13418199287.1142,9944868879.37667,238.258795621526,176.584982165954,0.0606593672931899,0.0679176789695388,0.0215457587587258,0.0201997213590133,0.0391136085344641,0.0477179576105256,0.0458826898495686,0.334399022333133,-0.333804117754947,0.42367692959142,0.281306155236378,0.394160246869756,-18
"ITA",1980,56433876,13849972624.2582,10467454547.6285,245.419482161002,185.481758290508,0.0296114590679419,0.0491542932994431,-0.0156432379353957,-0.0038320346254368,0.0452546970033376,0.0529863279248799,0.0716428678504524,0.10881112336582,0.125706559062954,0.159135061536182,0.324476972950105,0.151274848047634,-17
"ITA",1981,56501674,14063731466.9134,10824050098.8835,248.908226452077,191.57043203505,0.0141153415263293,0.0322989931523727,0.00419783673928897,0.00264743305538317,0.00991750478704034,0.0296515600969895,0.0938066037586233,0.226035772868507,0.361210747823098,0.270498120217884,0.364120380033002,0.264183119044007,-16
"ITA",1982,56543539,14250477821.9101,11002880565.0679,252.026634235082,194.591296541731,0.012450513274433,0.0156459115812826,-0.00918576473877231,0.00369999222902972,0.0216362780132053,0.0119459193522529,0.0677087236593886,0.108330643263473,0.269828122309629,0.145103913753645,0.48993148203297,0.13228065009769,-15
"ITA",1983,56564076,14473703507.9546,11127581283.5318,255.881551180198,196.72523747284,0.0151798733673036,0.0109065776622055,0.0182852510119069,0.0203066879324174,-0.00310537764460328,-0.00940011027021193,0.0787931092908678,-0.00252793749880831,-0.101434582873802,0.0317685022695633,0.636629584481337,0.0145638786218905,-14
"ITA",1984,56576719,14936198463.3998,11464820659.1849,263.999021636441,202.642020637232,0.0312307505140366,0.0296329556539643,0.0332840576160178,0.0211421136602716,-0.00205330710198126,0.00849084199369265,0.0639710148178908,0.0663019054274696,0.221616821158101,0.0413277983527589,1.00618113061375,0.0366490998561912,-13
"ITA",1985,56593070,15349720952.9557,11801426009.9471,271.229692132902,208.531292081294,0.027020637122261,0.0286481346971099,0.0262101804312636,0.028220326045802,0.000810456690997441,0.00042780865130787,0.0579785837754311,0.129786416672518,0.304378922279323,0.110073162135954,0.898902605236339,0.104617267281172,-12
"ITA",1986,56596157,16037115185.4513,12281892047.0341,283.360497170352,217.009293529137,0.0437538942476001,0.0398510680442463,0.0279589003908649,0.0285999536129466,0.0157949938567352,0.0112511144312997,0.0851646149642363,0.000408193190432504,0.183797772461102,-0.0464324388247359,0.925118685476116,-0.0552974340582273,-11
"ITA",1987,56601936,16748395986.2017,12909027509.4713,295.89793512013,228.066889964175,0.0432946524920359,0.0496987830170594,0.0263884259116285,0.0256711609223075,0.0169062265804074,0.024027622094752,0.0844170312710602,-0.0807270218675449,0.0510916336960072,-0.119208035828116,0.773404879399678,-0.13072677681513,-10
"ITA",1988,56629290,17715355810.9837,13641267014.2842,312.830265238779,240.887127744038,0.0556461787902824,0.0546895112072514,0.0364906014573148,0.027747718061808,0.0191555773329677,0.0269417931454434,0.0965072798638482,-0.111237315666316,-0.183292694409877,-0.154053396435053,0.809674077680815,-0.184417512848182,-9
"ITA",1989,56671778,18304854737.7157,14152740071.2233,322.997713918834,249.731710750689,0.0319844856778868,0.0360587104488097,0.0304836646236,0.0283504260475418,0.00150082105428684,0.00770828440126792,0.0446309842298017,0.121995599617133,0.122133207078284,0.0691635001446911,0.740751936279334,0.0718857875439456,-8
"ITA",1990,56719239,19099289805.6457,14680558597.0506,336.733886814767,258.828553694992,0.0416477194963276,0.0357787030453771,0.0164458339043234,0.0205820614091339,0.0252018855920042,0.0151966416362432,0.020505193901293,0.146614302495825,0.30820970273084,0.0894329928402926,0.941157102586538,0.102083364694121,-7
"ITA",1991,56758522,19636120696.5035,15164364128.2567,345.95898562164,267.17334408843,0.0270272643224105,0.0317317888729196,-0.00141331299475933,0.00452667529189377,0.0284405773171699,0.0272051135810258,0.0147596869120136,0.222329385447677,0.376118148726066,0.190117568821904,0.982287638455328,0.186813811385579,-6
"ITA",1992,56797078,19630196751.1399,15313116903.6429,345.6198354278,269.610998362325,-0.00098079990510147,0.00908249678051121,0.00822094545024843,0.0165018474627896,-0.0092017453553499,-0.00741935068227839,0.028983930291464,0.155591784979898,0.393140111580627,0.147265693231502,1.01109431659598,0.127168260413971,-5
"ITA",1993,56831823,19324989980.7184,14954124562.594,340.038185660848,263.129418927737,-0.0162815073895546,-0.0243341749982555,0.00361881945756348,0.00911361657858833,-0.0199003268471181,-0.0334477915768439,0.00269897931923846,0.424472123725713,0.67049093423672,0.405680480634707,1.23700166861248,0.382409359655224,-4
"ITA",1994,56843400,19644036297.5013,15162815080.3966,345.58165587388,266.747152358876,0.0161710343814967,0.0136552164864234,0.0180921203943054,0.0149797630443098,-0.00192108601280871,-0.00132454655788639,0.0309442202613788,0.516266222722456,0.86209609296333,0.517436253726401,1.22137740562018,0.492293542693827,-3
"ITA",1995,56844301,20151555452.8005,15268752475.2244,354.504411142297,268.60656577032,0.0254918327209381,0.00694651340035168,0.0189567142277136,0.0100831862779449,0.00653511849322452,-0.00313667287759323,0.00955594394087889,0.609149663700047,1.03509283348198,0.618585890220617,1.22906744219184,0.592501129005703,-2
"ITA",1996,56860279,20494542035.3647,15503350457.4578,360.436888383272,272.656953678645,0.0165960853275475,0.0149666968876367,0.0156695395914666,0.0140774563943511,0.000926545736080975,0.000889240493285648,-0.0187969857903437,0.691184767730505,1.04997366374003,0.754467492054969,1.14074610793989,0.716148962527082,-1
"ITA",1997,56890371,20991779020.4636,16013606860.5047,368.986502486749,281.481849722946,0.0234431902438104,0.0318535434008007,0.02050062055583,0.0175132404659122,0.00294256968798035,0.0143403029348885,-0.0647073349597043,0.7577706282647,1.40970510189225,0.774025162418984,1.24179121927604,0.760004420194444,0
"ITA",1999,56916316,21777310645.0372,16881345348.2971,382.619821090269,296.599403030532,0.0146396522546492,0.0247269297365236,0.0182258328903169,0.0272492682614001,-0.00358618063566762,-0.00252233852487649,-0.00743922150875731,0.787859172141163,1.82586479985776,0.701297835734955,1.21499702186685,0.785033917844089,2
"ITA",2000,56942108,22450272585.9627,17472763791.7483,394.264866098086,306.851368968433,0.0299810704557562,0.0339810731926562,0.0268436568591222,0.0293540444884357,0.003137413596634,0.00462702870422049,-0.0318361237670793,0.868572485136419,2.43907290157357,0.698788537085423,1.15410480167351,0.885391907842825,3
"ITA",2001,56976976,22962844068.7249,17781431010.5375,403.019705165204,312.080988828497,0.0219625245231585,0.0168992435175133,0.00215289391887818,0.0106107106280655,0.0198096306042803,0.00628853288944775,-0.102784537947867,0.791194803978826,2.181448172241,0.652697587514557,1.04875004362055,0.809925254702613,4
"ITA",2002,57089823,23213510655.8553,17919432547.6541,406.613813741467,313.881382109979,0.00887841746046814,0.00575241685345951,0.00638623846891573,0.0153392187404462,0.00249217899155241,-0.00958680188698668,-0.124015746098788,0.758654556990636,2.26372785388061,0.660412903846093,0.861599731714516,0.804828513830586,5
"ITA",2003,57399187,23340885239.9797,18197891392.05,406.641390930846,317.040925894125,6.78192755021456e-05,0.0100157187545546,0.0110470774483113,0.0166019935238024,-0.0109792581728092,-0.00658627476924778,-0.102284029688282,0.755224954868824,2.10172393906674,0.702993527612481,0.747825831120944,0.835145763292317,6
"ITA",2004,57828178,23782962746.3116,18496179574.8407,411.269446295051,319.84717856476,0.0113168931066276,0.00881244542615178,0.0263858068989702,0.0212830416609107,-0.0150689137923425,-0.0124705962347589,-0.0914439589358132,0.715002426046056,1.98238000139327,0.659466017472958,0.682492126502996,0.797448674226472,7
"ITA",2005,58166684,23987529128.7969,18847589939.6441,412.392928034147,324.027237647656,0.00272801689348334,0.0129842643354507,0.0193022056726155,0.0193163187011001,-0.0165741887791322,-0.00633205436564932,-0.0605763050866907,0.725704760597775,1.71544973052784,0.687264982596562,0.746582126298515,0.811948174113967,8
"ITA",2006,58399863,24449091111.4184,19182035084.1348,418.649802507558,328.460275397133,0.0150581732349755,0.0135883242859283,0.0220147135635518,0.0167770598408197,-0.00695654032857629,-0.00318873555489141,-0.0906020274424885,0.737667751227887,1.64292626111041,0.722145234187834,0.704901232251504,0.852681379964499,9
"ITA",2007,58756247,24961789287.645,19399769918.7964,424.836346127503,330.173741675441,0.0146692499174996,0.00520310248031741,0.0176900974428609,0.015227656370616,-0.00302084752536125,-0.0100245538902985,-0.112290606909535,0.709971018132778,1.39663444824283,0.720538598854188,0.710583246143203,0.81662436347414,10
"ITA",2008,59211183,24480901160.6134,19264010344.4857,413.450634158304,325.344121979216,-0.0271659048434065,-0.0147355468224077,-0.0167928531087504,-0.00513339052490291,-0.0103730517346561,-0.00960215629750483,-0.0270594933343217,0.616709021454865,1.29149235389768,0.671575595077069,0.638225059353209,0.719214927065484,11
"ITA",2009,59555456,23411679387.9959,18936485365.1423,393.107214022439,317.963905190186,-0.0504557381070327,-0.022945588369824,-0.0382893276384815,-0.0127238407540204,-0.0121664104685513,-0.0102217476158035,-0.055165007129372,0.602450597927205,1.18169363060897,0.688342327407552,0.586988971659799,0.719262715206963,12
"ITA",2010,59819402,23552475532.5407,19084061567.4399,393.726362101391,319.027956304878,0.00157377169843897,0.00334086561760749,0.0182857770671028,0.0122087170534364,-0.0167120053686638,-0.00886785143582891,-0.122516462095243,0.578169548909463,1.45524715295712,0.613979010056846,0.547445730715039,0.701758275029193,13
"ITA",2011,60026844,23473577790.5453,18935871955.6311,391.051340139509,315.456730585922,-0.006817299509148,-0.0112572092163088,0.00393705771288744,0.000771261829759062,-0.0107543572220354,-0.0120284710460679,-0.114754039651606,0.56422605153114,1.36149781683317,0.601514401662028,0.535272104749774,0.694320095258759,14
"ITA",2012,60191243,22444474844.8868,18167526343.351,372.886049967215,301.830057627336,-0.0475659791663476,-0.044157391149457,0.0011010074539648,-0.00262632992958434,-0.0486669866203124,-0.0415310612198727,-0.168011050308722,0.618825233590665,1.47188919236177,0.641849069120332,0.553801121145608,0.764704936186922,15
"ITA",2013,60311616,22015918991.3886,17760919376.843,365.036131537059,294.48588107543,-0.0212765377081929,-0.0246330759750482,0.00944826426052359,0.00465162136883635,-0.0307248019687165,-0.0292846973438845,-0.164464330470674,0.602077310632001,1.67444676024634,0.562070908816461,0.546980026091335,0.743765512442003,16
"ITA",2014,60320708,22160895103.8411,17758199989.4353,367.384532420294,294.396411750261,0.00641273259097375,-0.000303861491326884,0.0148832913327048,0.00905130252420072,-0.00847055874173108,-0.00935516401552761,-0.14343722627599,0.552550012817413,1.63726569495575,0.503800858672792,0.412057696651784,0.717544087116523,17
"JPN",1975,111939643,28877671901.4325,18197576796.9522,257.975379655557,162.565971350759,-0.0234787778770462,0.0364898897827652,-0.00933551755570505,0.0193647328665918,-0.0141432603213412,0.0171251569161734,0.0706719933293327,-0.0535470951263783,-1.63595982558783,-0.0772521118800991,0.0203383824635903,-0.0936846528583262,-22
"JPN",1976,113094000,29646801297.6162,18704219202.1559,262.143007565531,165.386485597431,0.0160260325761916,0.0172011749334313,0.0351278210121118,0.02958742031044,-0.0191017884359201,-0.0123862453770087,0.130947277857541,-0.1137871929179,-0.954858169764869,-0.130548632325211,0.158884847154267,-0.17161231403933,-21
"JPN",1977,114165000,30547075106.5389,19312082787.022,267.569527495632,169.159399001638,0.0204892631826477,0.0225563878985175,0.0222098391100305,0.0204536093697749,-0.00172057592738284,0.00210277852874263,0.0205014445673884,-0.233075504493788,-1.02244461175035,-0.239264462022877,0.248020561329939,-0.274519497886433,-20
"JPN",1978,115190000,32284208949.3669,20342436764.5679,280.269198275604,176.598982242972,0.0463711152763002,0.043040065331386,0.0350355318764581,0.0256444736593533,0.0113355833998421,0.0173955916720328,0.0272043365360743,-0.253380514559779,-1.28807588471247,-0.22350353728872,0.151159522687447,-0.254111592615762,-19
"JPN",1979,116155000,33732989732.6536,21573607396.7836,290.413582993875,185.73119880146,0.0355554915400811,0.0504189356273752,0.0215457587587258,0.0201997213590133,0.0140097327813553,0.0302192142683619,0.0680189069084031,-0.247098648183755,-0.852618127939879,-0.235972334840227,0.284495058815118,-0.263262392569661,-18
"JPN",1980,117060396,33932419216.2003,21791544752.3932,289.871044142037,186.156424350326,-0.00186990654086561,0.00228685069203838,-0.0156432379353957,-0.0038320346254368,0.0137733313945301,0.00611888531747518,0.0790320904598638,-0.159159615129146,-0.955517004365093,-0.145762268550629,0.45438632395622,-0.171475680051782,-17
"JPN",1981,117902000,34678522256.6926,22143476479.9261,294.13005934329,187.812560261286,0.014585899525918,0.00885713417914591,0.00419783673928897,0.00264743305538317,0.0103880627866291,0.00620970112376273,0.0547139119305879,0.0336010696910802,-0.907782822949069,0.0595318395367892,0.468494459020683,0.0322909828537599,-16
"JPN",1982,118728000,35471769862.4554,23072691886.9528,298.764991092711,194.332355358069,0.0156352331398661,0.0341254196187171,-0.00918576473877231,0.00369999222902972,0.0248209978786385,0.0304254273896873,0.0722471841987687,0.145795475707461,-0.844365703128729,0.176931044457257,0.734194556179879,0.139349540260875,-15
"JPN",1983,119536000,36413066645.4598,23837487523.1703,304.620086379499,199.416807682793,0.0194081003754771,0.0258272800563031,0.0182852510119069,0.0203066879324174,0.00112284936357021,0.00552059212388567,0.0749214219927498,0.137459530773246,-0.829769626426988,0.174926001636946,0.89348598697718,0.138118183746812,-14
"JPN",1984,120305000,37713949789.1361,24410306126.3193,313.486137642958,202.903504645021,0.0286897592984552,0.0173333741892829,0.0332840576160178,0.0211421136602716,-0.00459429831756264,-0.0038087394709887,0.0688321842494786,0.283809940638195,-0.908630916893229,0.337366099564334,0.95351877552255,0.29770414894723,-13
"JPN",1985,121048923,39357478427.3166,25230036915.0911,325.136956627996,208.428429512679,0.0364913575222632,0.0268651991296789,0.0262101804312636,0.028220326045802,0.0102811770909996,-0.00135512691612316,0.0742958070949338,0.359557830224311,-0.808991831318598,0.446589650150567,0.730968759741098,0.394842257710818,-12
"JPN",1986,121660000,41060315228.4789,26158166102.6418,337.500536153862,215.010406893324,0.0373206003425572,0.0310907125290001,0.0279589003908649,0.0285999536129466,0.00936169995169234,0.00249075891605344,0.0905395372067573,0.423092997888151,-0.477299389933052,0.552731190941445,0.535749384807873,0.490910116365072,-11
"JPN",1987,122239000,42843744557.1499,27288373816.4535,350.491615254951,223.237868572661,0.0377696850333473,0.0375514470688545,0.0263884259116285,0.0256711609223075,0.0113812591217188,0.011880286146547,0.0926340229580581,0.547508184786427,0.00573315077103054,0.684822503811302,0.482162485859903,0.633662148682259,-10
"JPN",1988,122745000,45679004029.0903,28560918204.4389,372.145537733433,232.684982723849,0.0599482242799754,0.0414476551245606,0.0364906014573148,0.027747718061808,0.0234576228226606,0.0136999370627526,0.093877280781723,0.704871035293392,-0.0267390371282019,0.855642080510384,0.646347312923002,0.789663148982248,-9
"JPN",1989,123205000,47823589062.026,29800469553.3374,388.162729288795,241.87711175145,0.0421396488522294,0.0387442611966522,0.0304836646236,0.0283504260475418,0.0116559842286295,0.0103938351491104,0.0859591035745799,0.927598269547021,0.151556996391947,1.05469353787829,0.804336175763212,0.995020930746533,-8
"JPN",1990,123611167,49894251847.1588,31077269988.4388,403.638708848682,251.411508706481,0.0390955357408087,0.0386612790735752,0.0164458339043234,0.0205820614091339,0.0226497018364853,0.0180792176644413,0.0748553506579404,0.937326115804264,0.327942396676807,1.0350216022436,1.1924294961023,0.988593556370398,-7
"JPN",1991,124101000,51467834565.772,31821915650.7182,414.725381469706,256.41949420809,0.0270963769698227,0.0197236790342572,-0.00141331299475933,0.00452667529189377,0.028509689964582,0.0151970037423634,0.0589975812647241,0.835787473132135,0.370550301841202,0.93859522113005,1.13269210808681,0.883902321132843,-6
"JPN",1992,124567000,51905045227.6083,32664413450.3102,416.683754345921,262.223650327215,0.00471098142600024,0.0223830142225987,0.00822094545024843,0.0165018474627896,-0.00350996402424819,0.0058811667598091,0.0581083168897982,0.710861737157825,0.500799876704425,0.81379090035972,1.14684867703181,0.760851167891436,-5
"JPN",1993,124938000,51294991677.027,33123472950.2894,410.563572948398,265.119282766567,-0.0147967672063576,0.0109820815266719,0.00361881945756348,0.00911361657858833,-0.0184155866639211,0.00186846494808357,0.0419260796117704,0.564877322064124,0.496714697897729,0.662149203785812,0.927541242671154,0.607319177105106,-4
"JPN",1994,125265000,51591305917.9017,33995437617.8695,411.85730984634,271.388158047894,0.00314617002599427,0.0233702652529129,0.0180921203943054,0.0149797630443098,-0.0149459503683111,0.00839050220860305,0.0415347437489676,0.554981472652926,0.590067165578958,0.67022730291488,0.798330770444992,0.61438923102389,-3
"JPN",1995,125570246,52505991714.5565,34901476138.0235,418.140390634868,277.943838208484,0.0151402848611477,0.0238689588375882,0.0189567142277136,0.0100831862779449,-0.0038164293665659,0.0137857725596433,0.0327558434402551,0.526168469653986,0.736958903494232,0.67324633351787,0.480958316587568,0.619504375446246,-2
"JPN",1996,125864000,53991345715.6334,35688295145.2687,428.965754430444,283.546487838212,0.0255598503409233,0.0199570155412498,0.0156695395914666,0.0140774563943511,0.00989031074945679,0.00587955914689875,0.0236164656573814,0.612577914941527,0.848001354841445,0.754356765861602,0.665296008806158,0.699847228944778,-1
"JPN",1997,126166000,53854740184.0926,35750223433.7864,426.856206775935,283.358618278985,-0.00492988500559033,-0.000662790170972372,0.02050062055583,0.0175132404659122,-0.0254305055614203,-0.0181760306368846,0.00679883306459639,0.621587527147309,0.874528864088461,0.766596284045755,0.633988210755187,0.70294954191988,0
"JPN",1998,126486000,52464156016.3368,35449362685.6399,414.782315958579,280.263133355786,-0.0286933614809657,-0.0109843739648046,0.0149938500692626,0.0174862766889339,-0.0436872115502283,-0.0284706506537384,0.0308634291103573,0.700021002701681,1.01462382271872,0.882350479620886,0.523895566468116,0.808108904732353,1
"JPN",1999,126686000,51755911823.5274,35856747764.4156,408.536948230486,283.03638732311,-0.015171483998218,0.00984654263701312,0.0182258328903169,0.0272492682614001,-0.0333973168885349,-0.0174027256243869,0.0763970690958995,0.433017130699665,0.814053132259855,0.626749869368977,0.151775998641724,0.542927649886532,2
"JPN",2000,126925843,53021228875.6448,36586549447.1913,417.733911569488,288.251380352788,0.0222622958776535,0.0182574813810676,0.0268436568591222,0.0293540444884357,-0.00458136098146866,-0.0110965631073681,0.0580702736521382,0.273107133387928,0.873666200957842,0.463894309065357,0.0308146375493439,0.377679099356746,3
"JPN",2001,127291000,53003231559.9902,37318167281.6657,416.394179949802,293.172080364407,-0.00321229505479437,0.0169267937465181,0.00215289391887818,0.0106107106280655,-0.00536518897367255,0.00631608311845255,0.0404248210865629,0.337343177482302,0.795692011126391,0.512877643416447,0.136620742342099,0.440200775107208,4
"JPN",2002,127435000,52783925842.692,37770020285.1871,414.20273741666,296.386552243788,-0.00527680171287148,0.0109047804760989,0.00638623846891573,0.0153392187404462,-0.0116630401817872,-0.00443443826434731,0.0451749916061939,0.356899776087904,0.900296510152353,0.5348047405503,0.0468567474714874,0.474914077707047,5
"JPN",2003,127619000,52705507664.7029,37748699395.4205,412.991072369341,295.792157871638,-0.00292958167619783,-0.00200748375993332,0.0110470774483113,0.0166019935238024,-0.0139766591245092,-0.0186094772837357,0.039539073290321,0.35558113742744,0.845557490922965,0.558972634625881,-0.0145210755101068,0.495086204476592,6
"JPN",2004,127687000,53149740462.8279,37974320017.887,416.250209205541,297.401615026486,0.00786056770215549,0.00542642616201672,0.0263858068989702,0.0212830416609107,-0.0185252391968147,-0.0158566154988939,0.0205711646874942,0.330164403983939,0.86705191742714,0.51883226933043,-0.070728382125472,0.471041225098127,7
"JPN",2005,127767994,53577531010.0872,38365529811.1722,419.334524498265,300.274964097599,0.00738244531371546,0.00961513737833641,0.0193022056726155,0.0193163187011001,-0.0119197603589001,-0.00970118132276365,0.0171965252659209,0.379637194892294,0.705037336859538,0.584283198718751,0.0190673003921984,0.527508931883559,8
"JPN",2006,127900515,53758218016.6003,38507734970.073,420.312756493595,301.075683472213,0.00233010327091865,0.00266307137465205,0.0220147135635518,0.0167770598408197,-0.0196846102926331,-0.0141139884661676,-0.00723574967879137,0.367903379564254,0.694815459619564,0.592022889578648,-0.0292503392846784,0.544948726966154,9
"JPN",2007,128032743,54132888564.5806,38680130716.5813,422.805036400576,302.111239752016,0.00591207346657896,0.00343361985263169,0.0176900974428609,0.015227656370616,-0.0117780239762819,-0.0117940365179843,-0.0082905070554754,0.446851240753262,0.618050605027594,0.708481912396562,-0.0253955704198945,0.644485029819663,10
"JPN",2008,128083960,52296967767.5625,38022878743.7266,408.302239933575,296.859019222443,-0.0349034816317024,-0.0175379497503023,-0.0167928531087504,-0.00513339052490291,-0.018110628522952,-0.0124045592253994,0.0199488410184886,0.581805730625657,0.720201759308498,0.855160249130559,0.132475252382218,0.795771628210654,11
"JPN",2009,128031514,49625869629.0295,37664292911.6569,387.606676501767,294.179860371384,-0.0520165792049152,-0.00906599309804701,-0.0382893276384815,-0.0127238407540204,-0.0137272515664337,0.00365784765597343,-0.0306340355488072,0.406257432532942,0.651057269390881,0.713762964658379,-0.10106517576442,0.644395646251355,12
"JPN",2010,128057352,51075695033.4097,38359024433.2868,398.850157649751,299.545663206332,0.0285946965127968,0.0180755204752838,0.0182857770671028,0.0122087170534364,0.010308919445694,0.00586680342184742,-0.0329303721113189,0.481852803925932,0.796364810367305,0.824527700966704,-0.0865469504376397,0.736719173310537,13
"JPN",2011,127834233,50311928219.7246,38333030594.4871,393.571636008678,299.865143278852,-0.0133227020224584,0.00106598045719419,0.00393705771288744,0.000771261829759062,-0.0172597597353459,0.000294718627435131,-0.041767771373883,0.551764414297648,0.758053768167292,0.902552527540345,-0.00694521030399153,0.822306130639179,14
"JPN",2012,127592657,50759471044.4103,38901907002.0891,397.824390822195,304.891424920237,0.0107475792289229,0.0166228781751485,0.0011010074539648,-0.00262632992958434,0.00964657177495809,0.0192492081047329,-0.0118688199534989,0.474032921728151,0.616289455362953,0.843406680184176,-0.0544198597878476,0.746118479039635,15
"JPN",2013,127413888,51508549288.2285,39667164618.9853,404.26165543452,311.32528205234,0.016051651461007,0.0208825592187143,0.00944826426052359,0.00465162136883635,0.00660338720048337,0.0162309378498779,-0.0810552716403957,0.590154689467035,1.33830975650665,0.842758992388012,0.15144703149678,0.841597400575104,16
"JPN",2014,127237150,51456389496.0406,39210101255.6189,404.413251130197,308.165510274467,0.000374923708458041,-0.0102012789182861,0.0148832913327048,0.00905130252420072,-0.0145083676242468,-0.0192525814424869,-0.0725113024050053,0.606107774687807,1.30495220646551,0.825919196830293,0.242835454002418,0.834026657651713,17
"JPN",2015,127094745,53046263313.4845,39249590195.412,417.375740542888,308.821503166099,0.0315496185551458,0.00212644066901913,0.0267705816951347,0.0172220531417135,0.00477903686001113,-0.0150956124726944,-0.0663632508117054,0.705970529433798,1.42899561335399,0.901219280440504,0.367787072438849,0.918990377287638,18
"JPN",2016,127041812,53801300739.0036,39259588455.8529,423.49286342833,309.028876696539,0.0145497899923317,0.000671274292243673,0.0157056923493712,0.014961983003583,-0.00115590235703955,-0.0142907087113393,-0.0851161090526802,0.638208027437634,1.39530615748477,0.852725118779031,0.262427584787293,0.865892209148669,19
"JPN",2017,126918546,54423088211.0992,39523470240.4372,428.803275221095,311.408154962925,0.0124615852950996,0.00766972249661091,0.0185754166562608,0.0127129942470035,-0.00611383136116128,-0.00504327175039254,-0.0702520659438998,0.653560962088463,1.39143797327218,0.838215660675866,0.347443954390152,0.860283462019659,20
"JPN",2018,126748506,54274806711.8113,39536438408.677,428.208650536767,311.928240074696,-0.00138766979052551,0.0016687144745493,0.0153037426286939,0.0119860371650411,-0.0166914124192195,-0.0103173226904918,-0.0812855691313008,0.676205564489533,1.43194834162909,0.865155838419147,0.372123279238032,0.888489207269551,21
"JPN",2019,126555078,54276367235.6365,39599135380.987,428.875459550003,312.900406738219,0.00155599465658973,0.00311178897753273,0.0118218315246761,0.0106828258038965,-0.0102658368680864,-0.00757103682636373,-0.080260331415063,0.638722553927082,1.37947252982339,0.816248776291322,0.409054561099913,0.834974201484139,22
"KOR",1979,37534236,2237778223.71979,1556793529.04806,59.6196556050798,41.476627606009,0.0703392145851307,0.0726397578789317,0.0215457587587258,0.0201997213590133,0.0487934558264049,0.0524400365199185,0.0715339695507283,-0.821076684817867,-2.96409097274393,-0.649482505531085,-2.45896905331681,-0.690700557044069,-18
"KOR",1980,38123775,2132994313.8874,1582710126.97493,55.9491895513338,41.5150421744681,-0.0635413623112342,0.000925745229711339,-0.0156432379353957,-0.0038320346254368,-0.0478981243758385,0.00475777985514814,0.0763680994924375,-0.574930728282782,-2.23507102565599,-0.412067995668952,-2.02993451835802,-0.447607279617679,-17
"KOR",1981,38723248,2199840893.90951,1634481462.40676,56.8093072644503,42.2093069880595,0.0152562231709226,0.0165849178677626,0.00419783673928897,0.00264743305538317,0.0110583864316336,0.0139374848123794,0.0462288331444825,-0.588489213689724,-1.55356599437896,-0.438681919117367,-1.92772350702449,-0.467466610759103,-16
"KOR",1982,39326352,2370191554.6871,1724292329.13711,60.269804702127,43.8457228155083,0.0591310545137809,0.038036431328949,-0.00918576473877231,0.00369999222902972,0.0683168192525532,0.0343364390999192,0.0594694852189017,-0.631148889063181,-1.41314528900308,-0.48879474925117,-1.31619621198639,-0.525187635543466,-15
"KOR",1983,39910403,2726955123.02984,1880402129.73508,68.3269252638176,47.1155886282351,0.125472682339062,0.0719267422213878,0.0182852510119069,0.0203066879324174,0.107187431327155,0.0516200542889704,0.0538075071232734,-0.829854564014109,-1.40292311392152,-0.715635464496477,-0.91613816159586,-0.74713885663931,-14
"KOR",1984,40405956,3083291944.30814,2048091625.3022,76.3078577897808,50.6878645638827,0.110472008991128,0.0730826092155299,0.0332840576160178,0.0211421136602716,0.0771879513751097,0.0519404955552583,0.0531715015769885,-0.924688758731538,-1.47076634916373,-0.812301177957814,-0.969500227886452,-0.843004424996136,-13
"KOR",1985,40805744,3379153315.48099,2226336392.15787,82.8107267320256,54.5593873293395,0.0817816844669768,0.0736032599390328,0.0262101804312636,0.028220326045802,0.0555715040357132,0.0453829338932308,0.0579074277917512,-1.0157626828985,-1.66033224903802,-0.951591512924709,-0.547073216518186,-0.99282552420111,-12
"KOR",1986,41213674,3852181879.39251,2422199449.50445,93.4685386066894,58.7717428323535,0.121067291276703,0.0743713911498425,0.0279589003908649,0.0285999536129466,0.0931083908858383,0.0457714375368958,0.0853757363422305,-1.04848136931773,-1.90027687574635,-1.07685497121699,-0.00759546767354813,-1.13374784364867,-11
"KOR",1987,41621690,4426943161.23172,2661532188.39805,106.361446669554,63.945798173934,0.129218273733336,0.0843746456809473,0.0263884259116285,0.0256711609223075,0.102829847821708,0.0587034847586398,0.098317430420794,-1.20755085352914,-2.25263659882207,-1.2705577736824,-0.101301001607347,-1.32964818093091,-10
"KOR",1988,42031247,4958905967.91771,2891643485.86132,117.981414349132,68.7974707450703,0.103683938630458,0.0731311608352536,0.0364906014573148,0.027747718061808,0.0671933371731432,0.0453834427734456,0.102720874841098,-1.24512788820093,-3.25716608251477,-1.26158558355362,-0.229845447620411,-1.34580403340382,-9
"KOR",1989,42449038,5328504513.84934,3244493787.26762,125.527097076955,76.4326811662403,0.061994541685233,0.105243386826342,0.0304836646236,0.0283504260475418,0.031510877061633,0.0768929607788005,0.100722492916184,-1.30566669245249,-3.44280746437106,-1.31322205634822,-0.514146575142775,-1.40171419672192,-8
"KOR",1990,42869283,5942845847.98963,3604836477.77268,138.62713421145,84.0890312481475,0.0992661928962804,0.0954657646980195,0.0164458339043234,0.0205820614091339,0.082820358991957,0.0748837032888856,0.0965239678633417,-1.19042129351773,-3.47154491224484,-1.19267033119242,-0.25800994341827,-1.27124946617653,-7
"KOR",1991,43295704,6572885506.99713,3983509682.20081,151.813803674312,92.0070425971318,0.0908669529971604,0.0899889907264644,-0.00141331299475933,0.00452667529189377,0.0922802659919197,0.0854623154345706,0.0857684893357912,-1.15944479730882,-3.55085559689755,-1.14015061622951,-0.24499840718494,-1.23507027445593,-6
"KOR",1992,43747962,7091334390.03106,4362901140.3097,162.095194057978,99.7281002554976,0.0655289861713717,0.0805823612672869,0.00822094545024843,0.0165018474627896,0.0573080407211233,0.0640805138044973,0.0927025484325641,-1.05599394103442,-3.4529457171444,-1.0088106713402,-0.130433409974455,-1.1018448816362,-5
"KOR",1993,44194628,7692738099.85389,4729852858.40189,174.065004005779,107.023253106733,0.0712450353940879,0.0705986442507633,0.00361881945756348,0.00911361657858833,0.0676262159365244,0.061485027672175,0.079682429167963,-1.00164785723368,-3.22205972688617,-0.930588176766461,-0.207159802118211,-1.03936826737951,-4
"KOR",1994,44641540,8558466188.05835,5288869817.14828,191.715298980688,118.47417936631,0.0965826380678765,0.101648911583408,0.0180921203943054,0.0149797630443098,0.0784905176735711,0.086669148539098,0.0753279548372332,-0.896661106958082,-2.85315160950658,-0.81063065897022,-0.201068220299668,-0.918408903742606,-3
"KOR",1995,45092991,9621017492.2098,5948698861.64145,213.359488444885,131.920698310774,0.106967028499437,0.107505930489094,0.0189567142277136,0.0100831862779449,0.088010314271723,0.0974227442111486,0.0739002659585185,-0.782722483992301,-2.53458312854622,-0.683396100409607,-0.179911722070455,-0.795319972364217,-2
"KOR",1996,45524681,10296541564.6908,6544538697.57339,226.174930576466,143.758035285813,0.0583302467096756,0.0859306040770678,0.0156695395914666,0.0140774563943511,0.042660707118209,0.0718531476827167,0.0693281533127647,-0.587375271473321,-1.92661269385185,-0.481701968525842,0.0144694966747836,-0.595226511271089,-1
"KOR",1997,45953580,10882795157.2883,6916811977.1783,236.821487189645,150.517369423194,0.0459979097487171,0.0459469132236512,0.02050062055583,0.0175132404659122,0.0254972891928871,0.028433672757739,0.0621717543217627,-0.461129822903054,-2.18756120323108,-0.330501514677756,0.0240562983356774,-0.459151454354752,0
"KOR",1998,46286503,10055160168.9812,6191861569.65529,217.237413009603,133.772507498682,-0.0863158140627398,-0.117937836996791,0.0149938500692626,0.0174862766889339,-0.101309664132002,-0.135424113685725,0.113339422708435,-0.354210190753351,-2.2264106307422,-0.221504138151324,0.199516467381569,-0.375030082185446,1
"KOR",1999,46616677,10982297207.2457,6970636282.19571,235.587302956959,149.530956103879,0.0810907333007087,0.111362783653349,0.0182258328903169,0.0272492682614001,0.0628649004103918,0.084113515391949,0.146097616626241,-0.845553333589693,-2.48227393006228,-0.709965879887912,-0.223979688102118,-0.900158681201082,2
"KOR",2000,47008111,11837397938.1054,7714026952.91156,251.816073573035,164.099913585372,0.0666173963029815,0.0929720358626431,0.0268436568591222,0.0293540444884357,0.0397737394438593,0.0636179913742074,0.143140528384832,-1.03677558881223,-2.5448119181108,-0.921679153149702,-0.422642409378859,-1.1109770576987,3
"KOR",2001,47370164,12334171655.5288,8241419530.66606,260.378487512283,173.979121766732,0.0334373394263432,0.058459830670266,0.00215289391887818,0.0106107106280655,0.031284445507465,0.0478491200422004,0.142346133934074,-1.13452908621616,-2.44410343477086,-1.05562806198652,-0.538587140753321,-1.21687513243688,4
"KOR",2002,47644736,13321323561.2943,9004437121.91745,279.596964527083,188.991227108855,0.0712128601350877,0.0827652944000539,0.00638623846891573,0.0153392187404462,0.0648266216661719,0.0674260756596077,0.145293019615813,-1.26078858222024,-2.00425557617307,-1.19096671440317,-0.791463575891032,-1.31710995927713,5
"KOR",2003,47892330,13737534219.1571,9086430010.73334,286.842052143987,189.726204816791,0.025582569487975,0.00388140903323198,0.0110470774483113,0.0166019935238024,0.0145354920396636,-0.0127205844905705,0.128152512080468,-1.21228750432402,-1.71564230488319,-1.11297426019849,-0.806338888250091,-1.24140726186579,6
"KOR",2004,48082519,14403629753.9457,9209476763.17242,299.560631462459,191.534822939963,0.0433851160407599,0.00948762951570181,0.0263858068989702,0.0212830416609107,0.0169993091417897,-0.0117954121452089,0.104883620371848,-1.14484900704989,-1.05063604948281,-1.09294144266392,-0.74544125063774,-1.17387700382325,7
"KOR",2005,48184561,14794997438.8295,9638140433.10502,307.048505408808,200.025490179417,0.0246888938356156,0.0433751742061554,0.0193022056726155,0.0193163187011001,0.00538668816300003,0.0240588555050554,0.096100361521297,-1.10059431918263,-1.07075505222026,-1.03902131703983,-0.689184099255601,-1.11501878511392,8
"KOR",2006,48438292,15204643932.3314,10100113963.9167,313.897193822016,208.515072412477,0.0220597909072362,0.0415665190502255,0.0220147135635518,0.0167770598408197,4.50773436844187e-05,0.0247894592094058,0.0644514988882233,-1.03011660957746,-0.498332434336368,-1.00081042358567,-0.817485043825913,-0.975156581472283,9
"KOR",2007,48683638,16089198612.535,10613421830.6581,330.484722865926,218.007985160396,0.0514949098261708,0.0445203629202124,0.0176900974428609,0.015227656370616,0.0338048123833099,0.0292927065495965,0.0341970962825738,-0.823123461209582,0.241123260477509,-1.06489093743177,-0.694093355643284,-0.751723917807102,10
"KOR",2008,49054708,16297896439.6349,10864216579.8305,332.239189755953,221.471435113436,0.00529472667382969,0.0157619287614512,-0.0167928531087504,-0.00513339052490291,0.0220875797825801,0.0208953192863541,0.0434948091984634,-0.694196933454165,0.15199680016551,-0.902299405867987,-0.279733659549219,-0.755543456011381,11
"KOR",2009,49307835,16550680816.2459,11005710199.7065,335.660262030281,223.204085105472,0.0102443629333449,0.00779291272770255,-0.0382893276384815,-0.0127238407540204,0.0485336905718263,0.020516753481723,0.0565061873322916,-0.623612014605164,0.228228371903751,-0.890612791261466,-0.244286281590649,-0.682009920373148,12
"KOR",2010,49554112,17668287085.3093,11432246940.1562,356.545327364746,230.702286424913,0.0603618537335153,0.0330415431615938,0.0182857770671028,0.0122087170534364,0.0420760766664126,0.0208328261081574,0.065985430451126,-0.673528150893389,0.256912068391591,-0.946551503888489,-0.282751609876787,-0.74453414130852,13
"KOR",2011,49936638,17835474751.1738,11745842946.0613,357.16210512958,235.214932692531,0.00172837745634791,0.0193716274029692,0.00393705771288744,0.000771261829759062,-0.00220868025653953,0.0186003655732101,0.0803858939726899,-0.563398059535752,0.0909323641608273,-0.762810928609818,-0.174718156596031,-0.644102747419216,14
"KOR",2012,50199853,18129674632.2637,12011861412.7633,361.14995460771,239.280808506815,0.0111035040971057,0.0171380898830265,0.0011010074539648,-0.00262632992958434,0.0100024966431409,0.0197644198126108,0.0961576846314142,-0.517801959547144,0.227014758399613,-0.759986406098538,-0.155305494618881,-0.586949475158823,15
"KOR",2013,50428893,18684929229.5875,12294830496.7398,370.520313217811,243.80528235549,0.0256150109233788,0.0187320903388697,0.00944826426052359,0.00465162136883635,0.0161667466628552,0.0140804689700333,0.0729849202566317,-0.473861887988514,0.357861794708205,-0.701277343725559,-0.115382015358817,-0.538582407248901,16
"KOR",2014,50746659,19243031429.5586,12617583088.4686,379.197996651535,248.638695376351,0.0231502175429288,0.0196309365570366,0.0148832913327048,0.00905130252420072,0.00826692621022396,0.0105796340328359,0.0710372093865365,-0.426207813880601,0.328172963079002,-0.604950774030372,-0.119099420502671,-0.464060615050928,17
"KOR",2015,51014947,20300988058.6759,13020993956.5861,397.941961180043,255.238802004168,0.0482476811950026,0.0261987652567379,0.0267705816951347,0.0172220531417135,0.0214770994998679,0.00897671211502438,0.0639731707432859,-0.347230861417178,0.379176852933095,-0.515581884059508,-0.0549777164582128,-0.389072721602861,18
"KOR",2016,51217803,21171098087.778,13484158327.4679,413.354280107992,263.270924125111,0.0379988778575591,0.0309840463277125,0.0157056923493712,0.014961983003583,0.0222931855081878,0.0160220633241295,0.0410185871629586,-0.293195638006575,0.476448069800099,-0.410188473243835,-0.0622742830722616,-0.297052414734604,19
"KOR",2017,51361911,21913948109.6549,13921726207.4187,426.657569451707,271.051562069384,0.0316767000931542,0.0291254370086342,0.0185754166562608,0.0127129942470035,0.0131012834368933,0.0164124427616308,0.0418868660489338,-0.245891434591521,0.550072739096581,-0.367484196004257,-0.0528258268951565,-0.227051676892775,20
"KOR",2018,51585058,22407357765.772,14464882366.6581,434.376903594293,280.408376523645,0.0179308522641213,0.0339379594735894,0.0153037426286939,0.0119860371650411,0.00262710963542734,0.0219519223085483,0.0161888839675762,-0.224045271959788,0.615235298296276,-0.375091471215747,-0.0101522027109799,-0.217504397721675,21
"KOR",2019,51764822,22695802188.4438,15017544839.108,438.440649683753,290.111010892842,0.00931185546928592,0.0340166177212602,0.0118218315246761,0.0106828258038965,-0.00250997605539016,0.0233337919173637,-0.0289286504971421,-0.162028597054534,0.749869148732925,-0.366203688036534,0.0698537668135677,-0.151198419699656,22
"MEX",1975,59792538,7074853374.35185,5631559209.57307,118.323349551609,94.1849835772662,0.0330019430753596,0.0318795917178436,-0.00933551755570505,0.0193647328665918,0.0423374606310647,0.0125148588512518,0.0762724593795205,-1.36698567534817,NA,-1.18171660923716,NA,-1.21743599823881,-22
"MEX",1976,61476071,7612570046.04513,6057502849.52046,123.829807634342,98.5343199554907,0.0454869764985411,0.0451441545684856,0.0351278210121118,0.02958742031044,0.0103591554864293,0.0155567342580456,-0.313174621504299,-1.17874681008289,-0.770304619211001,-1.02755523339442,NA,-1.03466857009095,-21
"MEX",1982,71369508,11308550943.7483,7942121206.38883,158.450734223196,111.281714403703,-0.0172890992404353,-0.0590481718650224,-0.00918576473877231,0.00369999222902972,-0.00810333450166301,-0.0627481640940522,-0.0610918539738714,-0.950685751286524,-1.36964735685266,-0.819867647129938,-1.50660955152556,-0.850435796007157,-15
"MEX",1983,73034559,10221926273.8302,6938974835.26885,139.960128654027,95.0094712733029,-0.124086133191921,-0.158088369467618,0.0182852510119069,0.0203066879324174,-0.142371384203828,-0.178395057400035,-0.0173060660406729,-0.501474696302567,-1.2961605739907,-0.352410269568917,-1.31854375290191,-0.388323805320977,-14
"MEX",1984,74707346,10184411622.3942,7176089576.65512,136.324098869663,96.056010029524,-0.0263224560907744,0.0109548748969344,0.0332840576160178,0.0211421136602716,-0.0596065137067923,-0.0101872387633373,-0.00757211717990047,-0.513661348614272,-1.49031555352101,-0.367994096937098,-1.09634200325976,-0.406175419695821,-13
"MEX",1985,76375259,10381732470.4499,7460047057.30072,135.930569747069,97.676225979158,-0.00289089181583346,0.0167267333373182,0.0262101804312636,0.028220326045802,-0.029101072247097,-0.0114935927084838,-0.0350276410662576,-0.647310184134738,-1.48807382097164,-0.532618520638951,-0.600256953788765,-0.579295696623013,-12
"MEX",1986,78028665,9315111739.99128,7039519261.911,119.380637102932,90.2170921662059,-0.129827219321781,-0.0794392914969579,0.0279589003908649,0.0285999536129466,-0.157786119712646,-0.108039245109905,-0.0398352309450243,-0.212236447448142,-0.819023476012417,-0.142877148324699,0.330776705436051,-0.195599787439108,-11
"MEX",1987,79665004,9808513537.56664,7132532429.91986,123.121986381456,89.5315643230227,0.030858603612363,-0.00762766387586744,0.0263884259116285,0.0256711609223075,0.00447017770073455,-0.0332988247981749,0.0101815263085758,-0.11986685446537,-0.805415813534548,-0.00318658018266271,0.0636519726251072,-0.057854098485141,-10
"MEX",1988,81282371,9250589003.85855,7035189077.96962,113.808060592358,86.5524589331876,-0.078662272703391,-0.0338405453365764,0.0364906014573148,0.027747718061808,-0.115152874160706,-0.0615882633983844,0.0466707035165566,-0.464951046972204,-1.07008872270074,-0.378860330731699,-0.0213100945713083,-0.439185490661602,-9
"MEX",1989,82889981,10162667938.3075,7837865860.48075,122.604298079252,94.5574575590836,0.0744487302306576,0.0884569744611667,0.0304836646236,0.0283504260475418,0.0439650656070576,0.060106548413625,0.0582977101754956,-0.62921793407259,-1.40345740095094,-0.568626891951924,-0.275020928282741,-0.62546165661985,-8
"MEX",1990,84502988,10802419776.2074,8422128333.44611,127.83476693401,99.6666334857426,0.0417764660536797,0.0526232855727553,0.0164458339043234,0.0205820614091339,0.0253306321493563,0.0320412241636214,0.0715917004355331,-0.651802948505088,-1.53883091132411,-0.590770095119596,-0.0993420018911118,-0.645786242528007,-7
"MEX",1991,86127477,11312518840.4258,9002643436.13178,131.346223463922,104.526961078075,0.0270982173320986,0.0476140870719721,-0.00141331299475933,0.00452667529189377,0.0285115303268579,0.0430874117800784,0.0707950513921163,-0.862674509391022,-1.36121489290091,-0.822556399130274,-0.203621391879017,-0.875853118816169,-6
"MEX",1992,87753131,11611686051.9373,9491907966.27845,132.322185198581,108.16603189097,0.00740298162251651,0.0342223400868651,0.00822094545024843,0.0165018474627896,-0.000817963827731916,0.0177204926240755,0.0790741652976731,-1.02746185606087,-1.06908331725191,-1.09110324992461,0.0797332719863384,-1.1264518642975,-5
"MEX",1993,89364560,12958195364.1811,10321383348.5304,145.003739336725,115.497500894431,0.0915197849786171,0.0655815134877153,0.00361881945756348,0.00911361657858833,0.0879009655210536,0.056467896909127,0.0698915072588715,-1.35120528037365,-1.46502114689659,-1.39908560398864,-0.341756709002135,-1.44769608862448,-4
"MEX",1994,90953505,13703992977.7349,10855568582.8117,150.670312020795,119.352943933405,0.0383345550825247,0.0328361264185046,0.0180921203943054,0.0149797630443098,0.0202424346882193,0.0178563633741948,0.0589150409205169,-1.31379083778558,-1.35878918530365,-1.42691077380991,-0.177295894554896,-1.4733799302897,-3
"MEX",1995,92506744,13257940527.3245,10187531546.6708,143.318637691156,110.127446996413,-0.0500236986726659,-0.0804467146873868,0.0189567142277136,0.0100831862779449,-0.0689804129003795,-0.0905299009653318,0.0452510860924856,-0.655568574861777,-0.774431588022818,-0.765205374950732,0.426241466395618,-0.823621224720136,-2
"MEX",1996,94005638,13277353261.8027,10158897275.5292,141.2399675624,108.066893557269,-0.0146100456298761,-0.0188878840070643,0.0156695395914666,0.0140774563943511,-0.0302795852213427,-0.0329653404014154,0.0492008464463703,-0.712133729227951,-0.903978091017059,-0.767490376628648,0.273624497540476,-0.837115011636033,-1
"MEX",1997,95438019,13891941826.7113,10659585943.6064,145.559830057991,111.691190316999,0.0301268638412324,0.0329874136500994,0.02050062055583,0.0175132404659122,0.0096262432854024,0.0154741731841872,0.0621679225355635,-0.911340278976904,-0.962918069191374,-0.922628893096592,-0.10396593752067,-0.996410058371846,0
"MEX",1998,96799183,14724151327.2365,11205167975.6773,152.110285137804,115.756844514662,0.0440186126335131,0.0357539892699972,0.0149938500692626,0.0174862766889339,0.0290247625642506,0.0182677125810633,0.069237192868023,-1.06881082341378,-1.1341593984913,-1.04384040263246,-0.359173313667668,-1.13547812888146,1
"MEX",1999,98085415,14965440051.1048,11439898252.8971,152.575589868328,116.632001331667,0.00305432663885075,0.00753186712595166,0.0182258328903169,0.0272492682614001,-0.0151715062514661,-0.0197174011354484,0.116215691291017,-1.2759089952143,-1.6278056577221,-1.185282992486,-0.670986144149491,-1.32556024680594,2
"MEX",2000,99368858,15891282984.1498,12402543540.4194,159.922165797153,124.813183828875,0.0470270885933779,0.0677943997900918,0.0268436568591222,0.0293540444884357,0.0201834317342557,0.0384403553016561,0.115618111847588,-1.29327644174885,-1.74515326336874,-1.111797009861,-1.01967475775839,-1.27380821128399,3
"MEX",2001,100739263,15835295058.2083,12448492027.7804,157.190896445294,123.571402619655,-0.0172262654392714,-0.00999894214810215,0.00215289391887818,0.0106107106280655,-0.0193791593581496,-0.0206096527761677,0.0497619331364866,-1.11408166331517,-0.86229588472651,-1.23248768188382,-0.290985695545044,-1.29567833890092,4
"MEX",2002,102167274,15868762725.2054,12615243828.9355,155.321387210599,123.476367089284,-0.0119645315343178,-0.000769369706684842,0.00638623846891573,0.0153392187404462,-0.0183507700032335,-0.016108588447131,0.0509725707594572,-1.16444202055879,-0.875104432231442,-1.3269525606277,-0.348123289965599,-1.37852661246436,5
"MEX",2003,103587899,16015849247.7301,12996469907.9218,154.611198820917,125.463205966961,-0.00458286520796225,0.015962757884675,0.0110470774483113,0.0166019935238024,-0.0156299426562736,-0.000639235639127378,0.0190592528727983,-1.05439911961041,-0.75104230143989,-1.26061514341159,-0.198585868712175,-1.29833794426299,6
"MEX",2004,104970581,17130182939.5821,13693021771.8058,163.190322244497,130.446279722942,0.0540035698766532,0.0389489563389676,0.0263858068989702,0.0212830416609107,0.027617762977683,0.0176659146780569,0.0293024394126497,-1.04415841065129,-0.781031665304077,-1.25874703191162,-0.188126907718762,-1.28958057337031,7
"MEX",2005,106370948,17811273864.9729,14481095284.3783,167.444910474737,136.137691321303,0.025737263680675,0.0427053173750949,0.0193022056726155,0.0193163187011001,0.00643505800805944,0.0233889986739948,0.0324629321615135,-1.01725450287015,-1.04318115107445,-1.22585256997674,-0.100791965829394,-1.27406473651983,8
"MEX",2006,107885646,19113424421.9353,15131414557.3084,177.16373892719,140.254196163486,0.0564199791570106,0.0297896533702282,0.0220147135635518,0.0167770598408197,0.0344052655934588,0.0130125935294085,0.0475883913637566,-1.06873745160204,-1.22393662252579,-1.31358086961498,-0.145362895512557,-1.36266249954569,9
"MEX",2007,109538665,19916099882.4461,15787663106.3852,181.817989861809,144.128679187255,0.0259317473461698,0.0272500428909064,0.0176900974428609,0.015227656370616,0.00824164990330889,0.0120223865202904,0.0804185471824349,-1.05370205591561,-1.40842244263517,-1.22524529160776,-0.272002325392496,-1.30267713914447,10
"MEX",2008,111275915,20330669781.388,16373088710.3874,182.705033532081,147.139555854359,0.00486688282638159,0.0206749899600487,-0.0167928531087504,-0.00513339052490291,0.021659735935132,0.0258083804849516,0.0571067550058492,-1.02105771576282,-1.4411411837588,-1.02868499509841,-0.553638487875265,-1.1126551509666,11
"MEX",2009,113030218,19041054214.0069,15328557162.3128,168.459855699888,135.614682812633,-0.0811755375064651,-0.0815638460018748,-0.0382893276384815,-0.0127238407540204,-0.0428862098679836,-0.0688400052478544,0.102270788677974,-0.993059387780846,-1.33868412336357,-1.25906380390162,-0.266501951831872,-1.33081274055482,12
"MEX",2010,114756059,20029145205.5486,16387227804.8967,174.536711874609,142.80054532804,0.0354376264475906,0.0516312187484465,0.0182857770671028,0.0122087170534364,0.0171518493804879,0.03942250169501,0.0932795000943857,-0.917898569683996,-1.00243024012069,-1.25720904982318,-0.17022699927611,-1.30070928553115,13
"MEX",2011,116446180,21172230467.385,17198360088.4805,181.819879942691,147.693639142826,0.0408814236342856,0.033691253827203,0.00393705771288744,0.000771261829759062,0.0369443659213982,0.0329199919974439,0.107676115541245,-0.965532942987511,-1.16354464053969,-1.30714440368563,-0.257560050025131,-1.34539205343888,14
"MEX",2012,118060514,22015225164.2203,17746841688.7618,186.474075186733,150.319874846231,0.0252756959949503,0.0176253999733769,0.0011010074539648,-0.00262632992958434,0.0241746885409855,0.0202517299029612,0.127955827966089,-0.891865975067145,-0.927081724695899,-1.34612718612159,-0.15893321518844,-1.33090960122668,15
"MEX",2013,119597654,21753118112.6919,17937754219.2856,181.885826227761,149.984164566352,-0.0249130605747521,-0.00223580355683772,0.00944826426052359,0.00465162136883635,-0.0343613248352757,-0.00688742492567407,0.106112110768253,-0.938055729524665,-0.760978346782974,-1.2522198631541,-0.295393100674976,-1.2543933604862,16
"MEX",2014,121048604,22372738438.6981,18471447453.1612,184.824423408453,152.595295135838,0.0160271499711042,0.0172595680583232,0.0148832913327048,0.00905130252420072,0.00114385863839939,0.00820826553412246,0.103880215946416,-0.902540665520907,-0.780662204915422,-1.22447675378046,-0.260834044404735,-1.22495607217138,17
"MEX",2015,122368490,23090237541.5711,18714753046.9481,188.694308000132,152.937680663937,0.0207219758621262,0.00224123547072264,0.0267705816951347,0.0172220531417135,-0.00604860583300848,-0.0149808176709909,0.0851624667929656,-0.793040624884892,-0.755546543822096,-1.01765726506405,-0.217407374912591,-1.06223534774153,18
"MEX",2016,123587407,24243631291.5924,19517154958.1847,196.165870618132,157.921874339387,0.038832292364245,0.0320699220370395,0.0157056923493712,0.014961983003583,0.0231266000148738,0.0171079390334565,0.0590424235484553,-0.692692367697292,-0.655210390132548,-0.885061843931454,-0.138593233505323,-0.943127544997313,19
"MEX",2017,124777172,24819952074.6732,19719791474.6707,198.914205834647,158.040057797357,0.0139130253011315,0.000748086724762231,0.0185754166562608,0.0127129942470035,-0.00466239135512936,-0.0119649075222412,0.0478327309672976,-0.743733881052536,-0.641232274454544,-0.98805118214953,-0.153942038560259,-1.02076997323304,20
"NLD",1975,13666329,4112751414.45803,2961406727.77614,300.940465757705,216.693651073097,-0.00386429823720214,0.0293548875176048,-0.00933551755570505,0.0193647328665918,0.00547121931850292,0.00999015465101305,-0.203611555119291,1.72727117992115,2.02289145272742,1.26412452751806,2.57277742589742,1.40877620980868,-22
"NLD",1976,13774037,4310564885.69995,3119249983.53974,312.948548468394,226.458661577556,0.0391263381320215,0.0440778087938476,0.0351278210121118,0.02958742031044,0.00399851711990973,0.0144903884834076,-0.170464495584845,1.71134711156166,2.72161718148584,1.36599222520342,2.57431968298291,1.45507417902021,-21
"NLD",1977,13856188,4393046204.01216,3237393364.69025,317.04579961041,233.642424936083,0.0130074465697225,0.0312294293857391,0.0222098391100305,0.0204536093697749,-0.00920239254030797,0.0107758200159642,-0.122657069490763,1.63690989433085,2.67770318679404,1.31213072809346,2.75049982874654,1.38064617517534,-20
"NLD",1978,13941702,4549722357.41876,3396735500.37727,326.339090981772,243.638509873276,0.0288907554571134,0.0418937617885247,0.0350355318764581,0.0256444736593533,-0.00614477641934474,0.0162492881291714,-0.162966946222547,1.60108799309742,2.47527998414958,1.30783089909251,2.80582597235099,1.36713374950039,-19
"NLD",1979,14038270,4636117203.23719,3502700333.05835,330.248471017952,249.510825269663,0.0119083164554965,0.0238166922556191,0.0215457587587258,0.0201997213590133,-0.00963744230322927,0.00361697089660584,-0.132550089132443,1.5252117150168,2.26132865710389,1.21650184327923,2.86409771658357,1.25896582552968,-18
"NLD",1980,14149799,4685623015.81179,3512440395.70156,331.144139631368,248.232529359715,0.0027084341328214,-0.00513637684332924,-0.0156432379353957,-0.0038320346254368,0.0183516720682171,-0.00130434221789244,-0.133891554484264,1.51972608204153,2.17594010905048,1.19995587941494,2.98063557852059,1.24767896313214,-17
"NLD",1981,14247217,4633712684.26043,3419005952.30631,325.236338034328,239.977109375558,-0.0180016357489006,-0.0338223840699605,0.00419783673928897,0.00264743305538317,-0.0221994724881895,-0.0364698171253437,-0.162099973920667,1.65178498652294,2.37140348640794,1.34228123162343,2.99976645072883,1.38413989500005,-16
"NLD",1982,14312689,4520591874.46365,3360564028.24641,315.845043126672,234.79613287527,-0.029300388540114,-0.0218259232399305,-0.00918576473877231,0.00369999222902972,-0.0201146238013417,-0.0255259154689602,-0.133070283438266,1.57929920022948,2.2929258849963,1.27063361087233,3.04550279346704,1.30861241690023,-15
"NLD",1983,14367066,4553456896.73784,3391721273.11089,316.937146160381,236.076125293146,0.00345175365719452,0.00543669986274686,0.0182852510119069,0.0203066879324174,-0.0148334973547124,-0.0148699880696705,-0.110036764897785,1.54755613872028,2.17808588145062,1.25759263844543,3.20322401570174,1.3008704488673,-14
"NLD",1984,14424211,4647688320.35791,3349852344.9946,322.214388042293,232.238168520593,0.0165136482493988,-0.0163908842786569,0.0332840576160178,0.0211421136602716,-0.016770409366619,-0.0375329979389285,-0.0901783423510602,1.5783554587528,2.15412286039036,1.28318856084664,3.24898146984683,1.32254636359668,-13
"NLD",1985,14491629,4702675760.02536,3421261776.00346,324.509809078425,236.085382533838,0.00709863860151394,0.0164300964572854,0.0262101804312636,0.028220326045802,-0.0191115418297496,-0.0117902295885166,-0.098049728094105,1.68219180079813,2.15666537922723,1.4307654651798,3.10147621727871,1.46594088431728,-12
"NLD",1986,14572280,4839937234.45263,3498495974.26105,332.133148309848,240.078832842976,0.0232201736717288,0.016773809593678,0.0279589003908649,0.0285999536129466,-0.00473872671913611,-0.0118261440192686,-0.136981113054211,1.57173927064365,2.16995913137775,1.33852570619857,2.90910420327989,1.38731245809716,-11
"NLD",1987,14665037,4915702135.02583,3617292868.10807,335.198754358808,246.661012045729,0.00918771484385239,0.0270476335418675,0.0263884259116285,0.0256711609223075,-0.0172007110677761,0.00137647261955998,-0.143589034921181,1.55703475337778,2.11490758623839,1.3401760448537,2.80255640437639,1.38350451755576,-10
"NLD",1988,14760092,5088985088.46248,3668371155.54279,344.780038529738,248.533082012144,0.0281829917308061,0.00756099035712055,0.0364906014573148,0.027747718061808,-0.00830760972650868,-0.0201867277046874,-0.123641708430576,1.53890535282737,2.17063660745985,1.31795071791258,2.74643466694934,1.37035987475412,-9
"NLD",1989,14848906,5327903318.58971,3776957124.05899,358.807801638027,254.359285731824,0.0398802294254894,0.0231718148102855,0.0304836646236,0.0283504260475418,0.00939656480188944,-0.00517861123725627,-0.109356571230851,1.73617284290407,2.03693687972147,1.49322051235564,2.76772782264619,1.55633131555975,-8
"NLD",1990,14951510,5502327836.48476,3882838988.64967,368.011514320945,259.695441373458,0.0253273529510771,0.0207617867858572,0.0164458339043234,0.0205820614091339,0.00888151904675372,0.000179725376723283,-0.156449785511657,1.71981087634776,1.98198123109346,1.5372578098023,2.85120400533764,1.57370831132306,-7
"NLD",1991,15069799,5634288624.5763,4006828686.54303,373.879480713465,265.884680117036,0.0158192748060522,0.0235531163026543,-0.00141331299475933,0.00452667529189377,0.0172325878008115,0.0190264410107606,-0.103833572037346,1.7252997456702,2.13022895172167,1.53761988900292,2.84934018272829,1.58068339767328,-6
"NLD",1992,15184163,5692213620.7896,4067115526.40558,374.878326898203,267.852467495612,0.00266801031545683,0.00737365312948945,0.00822094545024843,0.0165018474627896,-0.0055529351347916,-0.00912819433330014,-0.0780734712329533,1.57180812763144,2.33821506454623,1.36662206138276,2.81463429354714,1.42391116415902,-5
"NLD",1993,15290368,5708358953.33912,4097851502.88737,373.330383764414,268.002150300592,-0.00413773675777662,0.000558669474526319,0.00361881945756348,0.00911361657858833,-0.0077565562153401,-0.00855494710406202,-0.177454629458745,1.58658648190195,2.44143264259607,1.37479387967903,2.70000140809652,1.45520696693978,-4
"NLD",1994,15382834,5835150189.25706,4163927893.54664,379.328684770119,270.686655888417,0.0159392964239711,0.0099668965828128,0.0180921203943054,0.0149797630443098,-0.00215282397033434,-0.00501286646149701,-0.143264971520416,1.40109196386557,2.58774442840202,0.986651371358283,2.71068896973311,1.15992576505611,-3
"NLD",1995,15459004,6025323465.18012,4284648498.9219,389.761427397271,277.162002087709,0.0271317559387052,0.0236402797429323,0.0189567142277136,0.0100831862779449,0.00817504171099159,0.0135570934649873,-0.143084751113675,1.62982073914131,2.77463296267436,1.37400040442586,2.64233243159107,1.49092547553443,-2
"NLD",1996,15530500,6183527940.36631,4380061634.70066,398.153822501936,282.02966000455,0.0213035919937861,0.0174100624143776,0.0156695395914666,0.0140774563943511,0.00563405240231951,0.0033326060200265,-0.132937009937339,1.71110734649174,2.87256577177363,1.43095316246885,2.74823508416362,1.56536604795237,-1
"NLD",1997,15610650,6483016397.67432,4551685721.43808,415.294455879436,291.575669266692,0.042149381556059,0.0332873151960689,0.02050062055583,0.0175132404659122,0.0216487610002289,0.0157740747301567,-0.132601632318501,1.76631254513627,3.00235261359412,1.50532625086216,2.68688993103934,1.64086096025806,0
"NLD",1998,15707205,6791545224.18989,4775199074.59363,432.384069870476,304.013290371752,0.0403264430274772,0.0417718608542019,0.0149938500692626,0.0174862766889339,0.0253325929582147,0.024285584165268,-0.189786220021103,1.86731583476272,3.0578731564738,1.67891878350543,2.5826994563228,1.79877406401999,1
"NLD",1999,15812085,7074190544.87852,5006030835.857,447.391381015123,316.595239391706,0.0341195403653387,0.0405526918896344,0.0182258328903169,0.0272492682614001,0.0158937074750218,0.0133034236282343,-0.152518620222326,1.79131139547945,3.01558078559735,1.50299808918949,2.52530762357165,1.70026422988834,2
"NLD",2000,15925505,7438220729.72744,5230726060.59554,467.063413670551,328.449619688389,0.0430312536306561,0.036759350771403,0.0268436568591222,0.0293540444884357,0.0161875967715339,0.00740530628296732,-0.162051363188609,1.87516048456868,3.31583761597963,1.57897507441736,2.58942247908312,1.76446912317128,3
"NLD",2001,16046182,7627068214.78456,5348554608.31953,475.319812201093,333.322569089615,0.0175228284270199,0.0147272356216774,0.00215289391887818,0.0106107106280655,0.0153699345081417,0.00411652499361193,-0.224352844622136,1.90625600901489,3.1428029689387,1.6648042524855,2.54478243947583,1.80766065267025,4
"NLD",2002,16148921,7689500956.70723,5503723754.50797,476.161903120786,340.81061852417,0.00177006268433111,0.022216255049667,0.00638623846891573,0.0153392187404462,-0.00461617578458462,0.00687703630922076,-0.294888654267197,1.91773774638448,3.10600354204037,1.74220634115064,2.47234968787015,1.82959068810906,5
"NLD",2003,16225303,7711656350.31306,5582829966.92383,475.285814404394,344.081707868496,-0.00184159139352857,0.00955219993172385,0.0110470774483113,0.0166019935238024,-0.0128886688418399,-0.00704979359207858,-0.330777895315064,2.62783818437043,3.15313545968554,1.89265780635505,3.88393706368346,1.98996077321928,6
"NLD",2004,16281777,7862004047.5981,5623762977.15394,482.871375010117,345.402284846055,0.0158339762477953,0.00383062872039641,0.0263858068989702,0.0212830416609107,-0.0105518306511749,-0.0174524129405143,-0.377596977387396,2.60951455565312,3.07290434426266,1.91715138888929,3.83710223265799,2.01231855779882,7
"NLD",2005,16319871,8044907485.28714,5687164116.0079,492.951659071762,348.480947919741,0.0206608007534506,0.00887377913302334,0.0193022056726155,0.0193163187011001,0.00135859508083502,-0.0104425395680767,-0.514057120000206,2.58322196750167,2.81288966069115,1.94724216432673,3.81566459828712,2.02929077171994,8
"NLD",2006,16346096,8451016300.56534,5913081634.99631,517.005179742328,361.742744872923,0.0476417786883525,0.0373497497761317,0.0220147135635518,0.0167770598408197,0.0256270651248007,0.020572689935312,-0.495719839591957,2.61697017240846,2.62919044963003,2.0131623992558,3.78563618384839,2.06409564954604,9
"NLD",2007,16381696,8816997029.18092,6096912211.67941,538.222478867934,372.178327059629,0.0402191108741272,0.0284398035540399,0.0176900974428609,0.015227656370616,0.0225290134312663,0.0132121471834239,-0.34247683332306,2.6426857483565,2.44963293446985,2.06714739917139,3.71117709686375,2.09033887905998,10
"NLD",2008,16445590,8997115210.10089,6184148246.79702,547.083759846919,376.036873520319,0.0163299123858236,0.0103140932283114,-0.0167928531087504,-0.00513339052490291,0.033122765494574,0.0154474837532144,-0.491168001156111,2.67710037366702,2.57146558078928,2.11980836557478,3.61863046094251,2.13733695971949,11
"NLD",2009,16530387,8602922129.41354,6136404275.21828,520.43077572313,371.219637823257,-0.0499450330807019,-0.0128933033233558,-0.0382893276384815,-0.0127238407540204,-0.0116557054422204,-0.000169462569335366,-0.458068877430421,2.68767549541933,2.47563850749103,2.09285980726066,3.59758410296689,2.10008324820455,12
"NLD",2010,16615390,8667793034.11752,6194860582.23558,521.67255984467,372.838710510893,0.00238322758772735,0.00435201149666931,0.0182857770671028,0.0122087170534364,-0.0159025494793754,-0.0078567055567671,-0.386942375108858,2.71079122012589,2.66800685960663,2.10453788884532,3.60017161207758,2.12269900370427,13
"NLD",2011,16693074,8640625381.31124,6177621776.49902,517.617389182558,370.07095137175,-0.00780377265361754,-0.00745116690928516,0.00393705771288744,0.000771261829759062,-0.011740830366505,-0.00822242873904422,-0.407301918788323,2.75525326600539,2.61899322270188,2.13574710696521,3.60361820575963,2.16184013223016,14
"NLD",2012,16754963,8462062486.11468,6063861896.35722,505.048115362277,361.914371064694,-0.0245826357337533,-0.0222871078941331,0.0011010074539648,-0.00262632992958434,-0.0256836431877181,-0.0196607779645488,-0.437544646879773,2.81472805304497,2.68784397306099,2.18558265844619,3.64270302751871,2.22001510163469,15
"NLD",2013,16804430,8347105898.05846,5972251575.25077,496.720561069817,355.397450270599,-0.0166260860763296,-0.0181708983824977,0.00944826426052359,0.00465162136883635,-0.0260743503368532,-0.0228225197513341,-0.433447535664899,2.78214383560428,2.74761363929368,2.10493497322313,3.64006053354734,2.14037639170868,16
"NLD",2014,16865008,8428628928.2904,6004954247.36035,499.770230069882,356.059970286427,0.00612083633567817,0.001862431083544,0.0148832913327048,0.00905130252420072,-0.00876245499702666,-0.00718887144065672,-0.4468940116612,2.7180850440655,2.700922032456,2.07126646348813,3.54955183721672,2.11875166018719,17
"NOR",1981,4099703,1122804721.59008,731230420.812424,273.874649356325,178.361803480014,0.00654488441169132,-0.00451289372318531,0.00419783673928897,0.00264743305538317,0.00234704767240235,-0.00716032677856848,-0.0667602487846659,0.213125542714835,0.653124455535914,0.300309146017015,-0.299722857026485,0.303454336553233,-16
"NOR",1982,4114786,1117171605.37652,740454557.31296,271.501751336891,179.949712406176,-0.00870192765982125,0.00886334516815435,-0.00918576473877231,0.00369999222902972,0.000483837078951055,0.00516335293912462,-0.0847392334136619,0.153869033066943,0.444115590039919,0.253536829284874,-0.194475679974399,0.243151046027634,-15
"NOR",1983,4128434,1145108359.91596,755282225.760137,277.371119391991,182.946421272603,0.0213878007304018,0.0165158937055212,0.0182852510119069,0.0203066879324174,0.00310254971849488,-0.00379079422689621,-0.0227354945813404,0.0711442564061737,0.259379358557267,0.160688451450756,0.01302295346329,0.152156055588252,-14
"NOR",1984,4140098,1214696661.57944,775387944.612352,293.398045548544,187.287340689122,0.0561738136180869,0.0234506887049681,0.0332840576160178,0.0211421136602716,0.0228897560020691,0.0023085750446965,0.067668948081348,0.0347832806012329,0.0438127186993276,0.131855015537259,-0.0100760536624023,0.116470621568701,-13
"NOR",1985,4152518,1275822610.0055,834217439.119904,307.240717561128,200.894358343517,0.0461013323366588,0.0701351707659352,0.0262101804312636,0.028220326045802,0.0198911519053953,0.0419148447201332,0.0281235100108231,0.128320036775262,-0.192201001220297,0.234114244952338,0.118753266768167,0.200950139186113,-12
"NOR",1986,4167357,1231566553.7662,869693937.90802,295.527009988874,208.691969012499,-0.0388712996039162,0.0380801428165389,0.0279589003908649,0.0285999536129466,-0.0668301999947811,0.00948018920359228,0.0044401407424477,0.191070300628449,0.0200702476131935,0.302491893112804,0.243154722898058,0.264325127062217,-11
"NOR",1987,4186905,1235771097.46072,875286023.654992,295.151453749421,209.053232317187,-0.00127160989646313,0.00172958728716655,0.0263884259116285,0.0256711609223075,-0.0276600358080916,-0.0239415736351409,-0.0192145798778653,0.29170340107484,0.262463360911523,0.396540110990606,0.346323095289514,0.367040103932973,-10
"NOR",1988,4209489,1211009314.53225,852210319.213713,287.685587141873,202.449826858726,-0.0256204546620964,-0.0320968323684854,0.0364906014573148,0.027747718061808,-0.0621110561194111,-0.0598445504302934,-0.0131245588910412,0.231912661805451,0.297977155599822,0.274146108534266,0.741645514014084,0.247099184505739,-9
"NOR",1989,4226909,1236041108.79961,856205715.467504,292.421982304235,202.560716463852,0.0163297314567465,0.000547588746637295,0.0304836646236,0.0283504260475418,-0.0141539331668534,-0.0278028373009045,-0.012129785873854,0.333181624709677,0.260960999662672,0.323287047327652,0.804177434582126,0.315251764767821,-8
"NOR",1990,4241476,1256351553.00663,871272890.108938,296.206215243617,205.417380673364,0.0128579809514342,0.0140042365827844,0.0164458339043234,0.0205820614091339,-0.00358785295288921,-0.0065778248263495,-0.0322941408222891,0.502610823179273,0.443532745856965,0.386111883034099,1.55501857967573,0.384503722186113,-7
"NOR",1991,4261738,1276924016.80448,898884766.294366,299.625180338276,210.919762382006,0.0114764097539828,0.0264338755054432,-0.00141331299475933,0.00452667529189377,0.0128897227487421,0.0219072002135494,-0.106682162439539,0.529594865659276,0.664264625906906,0.406513997524665,1.58355853510709,0.4102220980654,-6
"NOR",1992,4286397,1283588128.77165,927441907.430297,299.456193341785,216.368644208714,-0.000564153747375506,0.025505851018889,0.00822094545024843,0.0165018474627896,-0.00878509919762394,0.00900400355609943,-0.164965769668649,0.417115552137008,0.9671505124588,0.302280911763225,1.51641857633446,0.320705248327045,-5
"NOR",1993,4311984,1320563461.52823,952020866.233062,306.254258255185,220.784879125957,0.02244752538207,0.0202051907367755,0.00361881945756348,0.00911361657858833,0.0188287059245065,0.0110915741581872,-0.140910457679556,0.321754284174499,1.06439092764495,0.0893792485223532,1.52980621525773,0.154032552441673,-4
"NOR",1994,4336614,1366043326.44687,977008874.292538,315.002286679624,225.293022227143,0.0281642318306821,0.0202130460909524,0.0180921203943054,0.0149797630443098,0.0100721114363767,0.00523328304664261,-0.0939764575522972,0.521881945564213,1.07531587336246,0.313539659177083,1.72655572345794,0.332609722600002,-3
"NOR",1995,4359187,1431337664.6438,1008573804.95365,328.349681865861,231.367409783901,0.0414992456495513,0.0266050896023202,0.0189567142277136,0.0100831862779449,0.0225425314218377,0.0165219033243753,-0.0956986066426296,0.507907785251279,1.20051924897143,0.25158699820307,1.69795453334566,0.288019212676646,-2
"NOR",1996,4381339,1547110856.60475,1069223616.12447,353.113707157732,244.040375813072,0.0727109779097939,0.0533267207157175,0.0156695395914666,0.0140774563943511,0.0570414383183273,0.0392492643213664,-0.106579445981262,0.622826031861178,1.40003251780023,0.396930544235606,1.73224268853514,0.445175285913209,-1
"NOR",1997,4405158,1629646055.46069,1102834574.77937,369.940432434136,250.35074219344,0.0465518775971585,0.0255292171473283,0.02050062055583,0.0175132404659122,0.0260512570413285,0.00801597668141607,-0.118085265612311,0.731339109381486,1.684875070351,0.532538504337166,1.67877793572664,0.59535003364472,0
"NOR",1998,4431465,1625047590.03773,1148988801.06004,366.706628629072,259.279674116808,-0.0087798479063057,0.0350443985601752,0.0149938500692626,0.0174862766889339,-0.0237736979755683,0.0175581218712413,-0.301365987741218,0.859779639778066,2.18028296685332,0.589158923606156,1.64882666051748,0.765886780238347,1
"NOR",1999,4461915,1730517265.46324,1193511600.5068,387.84182698757,267.488645683927,0.0560354427533181,0.0311698174387836,0.0182258328903169,0.0272492682614001,0.0378096098630012,0.00392054917738349,-0.264833475899106,0.915015228574592,2.0718387101569,0.618040358153764,1.72488159200124,0.796070835175173,2
"NOR",2000,4490973,2003935552.186,1242127902.77807,446.214117115824,276.583248836738,0.140201325933126,0.033434737036723,0.0268436568591222,0.0293540444884357,0.113357669074004,0.00408069254828725,-0.315725035209795,1.01559067722947,2.45277558301616,0.791827116429196,1.59367486249183,0.953364210839482,3
"NOR",2001,4513747,2022066817.64567,1282480499.9486,447.979653632707,284.127688137727,0.00394889534890464,0.0269118868068876,0.00215289391887818,0.0106107106280655,0.00179600143002645,0.0163011761788221,-0.28814232341501,1.10382640219018,2.31975392942252,0.910685466972535,1.66276707691259,1.03484878678759,4
"NOR",2002,4538157,1994891417.70869,1342289245.53513,439.581842961512,295.778494559604,-0.018923897254016,0.0401871017580611,0.00638623846891573,0.0153392187404462,-0.0253101357229317,0.0248478830176149,-0.376287843592758,1.25086045270235,2.62528304421503,1.08675371090851,1.66053765246915,1.21470744862011,5
"NOR",2003,4564856,2025107200.27259,1389136456.5202,443.630029134016,304.311123181147,0.00916702922431423,0.0284397645786845,0.0110470774483113,0.0166019935238024,-0.00188004822399712,0.011837771054882,-0.366112902184253,1.28959995187317,2.54697811312374,1.18416078553063,1.54510927567192,1.30691216987643,6
"NOR",2004,4591909,2224717527.23259,1469519286.23212,484.486414524458,320.02360809679,0.0880984433849665,0.0503441588008151,0.0263858068989702,0.0212830416609107,0.0617126364859963,0.0290611171399044,-0.359685272604364,1.26211018643561,2.4824041796035,1.16078334893796,1.43737282206039,1.29841408853566,7
"NOR",2005,4623293,2454856099.26119,1532249959.01453,530.975670211945,331.419609143208,0.091626810641837,0.0349905054861877,0.0193022056726155,0.0193163187011001,0.0723246049692214,0.0156741867850876,-0.363136778085528,1.26377472267098,2.27471685165681,1.1599651460375,1.46540600548365,1.30949565019178,8
"NOR",2006,4660673,2682234998.9424,1609880746.30676,575.503795040415,345.418085822962,0.080529621093949,0.0413702524462982,0.0220147135635518,0.0167770598408197,0.0585149075303972,0.0245931926054785,-0.36671717570219,1.33673113461955,2.20883565705061,1.33261831566332,1.31046207693532,1.45037776449555,9
"NOR",2007,4709156,2838117373.92772,1709347863.11948,602.680687139632,362.983911155093,0.0461416935962555,0.0496029850883479,0.0176900974428609,0.015227656370616,0.0284515961533947,0.034375328717732,-0.378371070553727,1.38770788872857,2.21211635995626,1.36531990088411,1.31724200506021,1.51155683221382,10
"NOR",2008,4768215,3046610247.57067,1750856271.76008,638.941458715823,367.19323095961,0.0584253202049414,0.0115297129747551,-0.0167928531087504,-0.00513339052490291,0.0752181733136918,0.016663103499658,-0.498929793833893,1.3317364817049,2.45343928143046,1.31042486795209,1.18498722864768,1.48172378640223,11
"NOR",2009,4828716,2785870251.48128,1796316649.50136,576.938103520954,372.007102820162,-0.102077848450817,0.013024723322884,-0.0382893276384815,-0.0127238407540204,-0.0637885208123352,0.0257485640769044,-0.536827568568903,1.46235366725713,2.74429467828257,1.30707152940252,1.24146056022707,1.63899670295545,12
"NOR",2010,4889253,2908304607.9132,1860026573.15801,594.836186205378,380.431647361675,0.0305510625103196,0.0223935744743597,0.0182857770671028,0.0122087170534364,0.0122652854432168,0.0101848574209233,-0.501206934478853,1.47423654032505,2.88052988523236,1.3311604444359,1.19190340590917,1.67017786491078,13
"NOR",2011,4953089,3102606889.90755,1918670820.66956,626.398372794745,387.368533185969,0.0517004966267027,0.0180699998632763,0.00393705771288744,0.000771261829759062,0.0477634389138153,0.0172987380335172,-0.568824350029858,1.44154379389446,2.7698244078217,1.33156178582754,1.14294058551552,1.65474734058844,14
"NOR",2012,5018574,3274340370.10539,2002652844.59112,652.444373661799,399.04818472162,0.040739337506059,0.0297056512807599,0.0011010074539648,-0.00262632992958434,0.0396383300520942,0.0323319812103442,-0.563918624051679,1.45047399138791,2.81040314817782,1.28590261862962,1.13406544066923,1.67388761453781,15
"NOR",2013,5080171,3330846839.60957,2070906814.54512,655.656441409072,407.645099849025,0.00491104992229197,0.0213147692391766,0.00944826426052359,0.00465162136883635,-0.00453721433823162,0.0166631478703403,-0.588435136067347,1.46998486255867,2.95930902841752,1.3143433450062,1.02221895796588,1.72343020609177,16
"NOR",2014,5137427,3343725461.01349,2132554292.34945,650.856053237057,415.101624285747,-0.00734843301262167,0.0181264254989824,0.0148832913327048,0.00905130252420072,-0.0222317243453265,0.00907512297478164,-0.607975674926691,1.48452712734439,2.93499969413729,1.33911856362999,0.910363213679731,1.7578661699395,17
"NOR",2015,5189898,3253015650.81798,2202275838.26696,626.797607740649,424.338944285025,-0.0376648075279133,0.0220091647330722,0.0267705816951347,0.0172220531417135,-0.064435389223048,0.0047871115913587,-0.625650259646723,1.66154876785285,3.12350391103779,1.50211706326632,1.04557757690373,1.93483359466675,18
"NOR",2016,5236152,3130333822.50804,2222876280.79452,597.830968716729,424.524780944961,-0.0473156408658317,0.000437848048826517,0.0157056923493712,0.014961983003583,-0.063021333215203,-0.0145241349547565,-0.607204760716836,1.69531329067699,3.20985438695717,1.52372991880929,1.08530093873858,1.97343308592624,19
"NOR",2017,5276965,3281462654.23139,2284927060.65679,621.846583070266,433.000230370447,0.0393853583177179,0.0197678792038092,0.0185754166562608,0.0127129942470035,0.0208099416614571,0.00705488495680573,-0.606238506889108,1.67610278160226,3.16768519690574,1.44733059826982,1.01134481202436,1.95954600745265,20
"NOR",2018,5311916,3433373609.72433,2321408062.67141,646.353144463189,437.018970682407,0.0386526063690065,0.00923834529019363,0.0153037426286939,0.0119860371650411,0.0233488637403125,-0.00274769187484747,-0.59299025438219,1.54824961092373,3.08627851034812,1.32232257046081,0.91827199065119,1.83397930381284,21
"NOR",2019,5347893,3393624088.12625,2361106013.5073,634.572174149006,441.502104381539,-0.0183949873431226,0.0102061811428493,0.0118218315246761,0.0106828258038965,-0.0302168188677987,-0.000476644661047132,-0.609875520157787,1.64982732741076,3.21012190904797,1.35679722880398,0.952046784889261,1.94851486660202,22
"PRT",1997,10108977,2574503743.20311,2097507872.97024,254.675002545076,207.489627582518,0.0536196967811753,0.0386086997424426,0.02050062055583,0.0175132404659122,0.0331190762253453,0.0210954592765304,0.0524295991624598,0.905371518655453,1.01447770842893,1.09896503263766,0.578386614977038,1.02242362428436,0
"PRT",1998,10160196,2731227727.59108,2208221715.14955,268.816440902427,217.340464214425,0.0540405383805238,0.0463837326556478,0.0149938500692626,0.0174862766889339,0.0390466883112612,0.0288974559667139,0.0621118274858063,1.0280736628804,0.960484244373474,1.20766276511001,1.08792860826786,1.10575393073716,1
"PRT",1999,10217828,2866499171.87396,2331110497.66777,280.538992423239,228.141489332936,0.042683954873147,0.0485009202090758,0.0182258328903169,0.0272492682614001,0.0244581219828301,0.0212516519476758,0.125901481320743,0.891629932873905,0.855071311431877,1.07452941255558,1.00214615211024,0.950661069028401,2
"PRT",2000,10289898,2992301982.18686,2461680602.66737,290.799965382248,239.232750671325,0.0359229008929667,0.047470926494463,0.0268436568591222,0.0293540444884357,0.00907924403384452,0.0181168820060273,0.125978353081126,1.05043867144058,1.18013501668821,1.19192392278666,1.34082889728879,1.0661684323789,3
"PRT",2001,10362722,3031350194.17072,2487520245.20554,292.524511819454,240.045062021883,0.0059128376367541,0.00338973391570896,0.00215289391887818,0.0106107106280655,0.00375994371787591,-0.00722097671235655,0.0653911267170673,1.12015237852101,1.07957536046392,1.24320714182928,1.40516003302646,1.13221590134299,4
"PRT",2002,10419631,3072099445.82317,2527023152.91606,294.837643081907,242.525205826969,0.00787637814766207,0.0102789823884004,0.00638623846891573,0.0153392187404462,0.00149013967874634,-0.00506023635204578,0.0271063828272249,1.1790507193083,1.23586526438188,1.33872180532144,1.19404005942597,1.24359142175013,5
"PRT",2003,10458821,3049650882.24619,2540049899.51053,291.586487831295,242.861972636354,-0.0110881813668549,0.00138762158690842,0.0110470774483113,0.0166019935238024,-0.0221352588151662,-0.015214371936894,-0.0177691794684137,1.29136190830364,1.06173800551819,1.4711694537643,1.37169210083106,1.35260391346809,6
"PRT",2004,10483861,3105239549.36398,2609834808.57121,296.192361703764,248.938326115847,0.0156724528366592,0.0247119113862482,0.0263858068989702,0.0212830416609107,-0.010713354062311,0.00342886972533751,-0.127252049824823,1.24530533516715,1.13140187840951,1.39590841290708,1.38744136190625,1.28977757852849,7
"PRT",2005,10503330,3161822109.76916,2700751156.7006,301.030445560518,257.132848030158,0.0162022938049322,0.0323876902405509,0.0193022056726155,0.0193163187011001,-0.00309991186768332,0.0130713715394508,-0.257630883820269,1.18322229592679,1.18237539973,1.32407521936535,1.35723780912076,1.23573206745179,8
"PRT",2006,10522288,3215598607.90899,2730254512.07402,305.598802076981,259.473463573134,0.0150617297041702,0.00906156779906198,0.0220147135635518,0.0167770598408197,-0.00695298385938159,-0.0077154920417577,-0.150112813829077,1.16741429519346,1.21319845237594,1.32772596361403,1.27555224038347,1.25020422029613,9
"PRT",2007,10542964,3312684607.20671,2797822600.66669,314.20809244978,265.373437741672,0.0277823438384681,0.0224835954790166,0.0176900974428609,0.015227656370616,0.0100922463956072,0.00725593910840061,-0.135497030732265,1.14018105191336,1.14384504935186,1.32822358750748,1.1256574246555,1.25062462091317,10
"PRT",2008,10558177,3295699898.81045,2833448049.9548,312.146680133365,268.36527271278,-0.00658227525176436,0.011210977388088,-0.0167928531087504,-0.00513339052490291,0.0102105778569861,0.0163443679129909,-0.415357068346094,1.13511805585351,1.18485534523472,1.34033366118613,1.01249132586524,1.27890773631616,11
"PRT",2009,10568247,3255063644.4583,2801395679.06859,308.00412258138,265.076665890624,-0.013360038077745,-0.012329921017205,-0.0382893276384815,-0.0127238407540204,0.0249292895607365,0.000393919736815462,-0.201249799167246,1.11653709887708,0.988465165425531,1.40771656312412,0.888930189438087,1.29488268811016,12
"PRT",2010,10573100,3291362438.08267,2844876526.19119,311.295877092118,269.067399929178,0.0106306653085744,0.0149428161819554,0.0182857770671028,0.0122087170534364,-0.0076551117585284,0.00273409912851896,-0.25074706436707,1.11095067061822,1.05441971820221,1.42127718722402,0.88418329685198,1.29285404992305,13
"PRT",2011,10574536,3112827103.87276,2662188402.86035,294.370089039628,251.754630450012,-0.0559060512334533,-0.0665069810968957,0.00393705771288744,0.000771261829759062,-0.0598431089463407,-0.0672782429266547,-0.225389831383029,1.03726531298596,0.814446660793268,1.33420641879296,0.872292429593278,1.21293428538523,14
"PRT",2012,10531420,2895193799.06415,2453399804.07018,274.91010700021,232.960019073419,-0.0683936213707277,-0.0775880775956894,0.0011010074539648,-0.00262632992958434,-0.0694946288246925,-0.0749617476661051,-0.0381158325524823,1.08113850966318,0.71691851352971,1.39462160853371,0.954066786446104,1.24860402670827,15
"PRT",2013,10473991,2923878183.17485,2462463162.77112,279.156071756683,235.102661704704,0.0153268618016913,0.00915543018469744,0.00944826426052359,0.00465162136883635,0.00587859754116771,0.0045038088158611,0.000518863293477834,0.99291882445708,0.827326710567505,1.27362626873835,0.983188455335672,1.11756400601159,16
"PRT",2014,10419607,2975170532.77283,2514200108.42557,285.535772392647,241.295099558513,0.0225962961997217,0.0259983868557168,0.0148832913327048,0.00905130252420072,0.00771300486701687,0.016947084331516,-0.0594884657499141,0.867888695982335,0.715561084044213,1.16362917239217,0.794550573390854,1.01003474598626,17
"PRT",2015,10381838,3066819882.82699,2555315849.12821,295.402402043549,246.133280940062,0.0339711829646863,0.0198525177321534,0.0267705816951347,0.0172220531417135,0.00720060126955158,0.00263046459043981,-0.0469707547326936,0.860976227923265,0.830525244332974,1.12632987665175,0.804450759888294,0.986999647109678,18
"PRT",2016,10356516,3167047733.38742,2621802657.08273,305.802427513985,253.154888872158,0.0346007301451161,0.0281283287298075,0.0157056923493712,0.014961983003583,0.0188950377957449,0.0131663457262245,-0.0387579499262576,0.737933073264257,0.734051454784218,0.99809061782003,0.706023909458763,0.858406984183527,19
"PRT",2017,10340124,3277307706.23496,2670224093.89557,316.950522666359,258.239078554142,0.0358064500746096,0.0198843065139638,0.0185754166562608,0.0127129942470035,0.0172310334183488,0.00717131226696033,0.00185295717331729,0.75961152337961,0.738938542377244,1.04564996279279,0.705358373139823,0.887524735138323,20
"PRT",2018,10334633,3402549152.76487,2751158775.14417,329.237540681403,266.207689730653,0.0380338166143472,0.030390975687185,0.0153037426286939,0.0119860371650411,0.0227300739856533,0.0184049385221439,-0.0279440832536566,0.641815818957301,0.652915397009211,0.951761347804416,0.503772095531297,0.803339427051232,21
"TUR",1993,57913000,10278104818.8844,7487167639.32135,177.474916148092,129.283021762322,0.0712580989665037,0.067907277408513,0.00361881945756348,0.00911361657858833,0.0676392795089402,0.0587936608299247,0.0632250349072048,-1.10219375075028,-1.73886899100878,-0.85217132400796,-3.11168742348535,-0.938125225571214,-4
"TUR",1994,58837000,9776064440.06474,7077247929.61327,166.155045975572,120.285669385136,-0.0659079171137975,-0.0721344763757301,0.0180921203943054,0.0149797630443098,-0.0840000375081029,-0.0871142394200399,0.0450911233584829,-0.903117472500328,-1.2933505419023,-0.652334348832915,-2.57337237065955,-0.733777702232414,-3
"TUR",1995,59756000,10373048830.2,7462626534.99176,173.590080162662,124.884974479412,0.0437752943335594,0.0375236175856024,0.0189567142277136,0.0100831862779449,0.0248185801058458,0.0274404313076575,0.0342204078663101,-1.09733349920453,-1.25488504750777,-0.84751535314276,-2.45616371978079,-0.926476049465306,-2
"TUR",1996,60671000,10890915329.6394,7781055428.278,179.50776037381,128.249994697269,0.0335217816006423,0.0265883332142138,0.0156695395914666,0.0140774563943511,0.0178522420091758,0.0125108768198627,0.0463163495891343,-1.11667394068686,-1.29554876057283,-0.856551365401828,-2.40946668615948,-0.941658880772162,-1
"TUR",1997,61582000,11530748742.4217,8400728373.54639,187.242193212654,136.415322229651,0.0421844894658943,0.0617226294583899,0.02050062055583,0.0175132404659122,0.0216838689100642,0.0442093889924777,0.0692643447524735,-1.13596728722892,-1.25892332948876,-0.887001280799253,-2.09792237241275,-0.978940779546623,0
"TUR",1998,62464000,11217935017.6719,8275275671.46652,179.590404355659,132.480719637976,-0.0417242031630094,-0.0292669494903022,0.0149938500692626,0.0174862766889339,-0.056718053232272,-0.046753226179236,0.0787716939993442,-1.15556875635442,-1.34660263107723,-0.889564429765937,-1.84880272681857,-1.0030476520089,1
"TUR",1999,63364000,10162555596.4117,7977608755.4227,160.383744656456,125.901280781243,-0.113109378820853,-0.0509390086692614,0.0182258328903169,0.0272492682614001,-0.13133521171117,-0.0781882769306614,0.133486509044454,-1.0734149809104,-1.39125701014905,-0.79031188869538,-1.61161349435633,-0.940335984414724,2
"TUR",2000,64268751,10483466293.9699,8229156646.88161,163.11918515376,128.042890500262,0.0169117831185064,0.016867175822596,0.0268436568591222,0.0293540444884357,-0.00993187374061577,-0.0124868686658397,0.127541272654351,-1.16355400492357,-1.39388792434077,-0.903106503755732,-1.40922578774196,-1.05857446020879,3
"TUR",2001,65166331,9795008433.86442,7418377000.06146,150.307809010521,113.837573578624,-0.0817958793075366,-0.117592650583886,0.00215289391887818,0.0106107106280655,-0.0839487732264148,-0.128203361211951,0.120467168413709,-0.791625263517377,-1.32024913761145,-0.546965399047103,-0.982442793699061,-0.690150159432874,4
"TUR",2002,66002506,9895196485.78255,7524937591.17899,149.921527006604,114.009877006473,-0.00257324765255973,0.00151244580750642,0.00638623846891573,0.0153392187404462,-0.00895948612147546,-0.0138267729329398,0.12428378208541,-0.959326761881429,-1.5397985330066,-0.748652109304797,-1.05584939401487,-0.874114111241298,5
"TUR",2003,66794551,10614177512.0983,8185871569.79293,158.907835342712,122.552984446185,0.058212378309948,0.0722583775145544,0.0110470774483113,0.0166019935238024,0.0471653008616366,0.055656383990752,0.120651254555838,-1.14895735693315,-1.76298380869444,-0.890004946935995,-1.37916815799776,-1.02951732829247,6
"TUR",2004,67598736,12072369060.9642,9189101804.3943,178.588680429827,135.936000406787,0.11676090475711,0.103640727168211,0.0263858068989702,0.0212830416609107,0.0903750978581401,0.0823576855073007,0.117485963223292,-1.24164011358993,-2.05657570195575,-0.96463654278155,-1.56146860893378,-1.11158179717692,7
"TUR",2005,68435380,13035185651.7015,9711703877.75561,190.474366500216,141.910571370476,0.0644323394773094,0.0430128903941007,0.0193022056726155,0.0193163187011001,0.0451301338046939,0.0236965716930007,0.111147657779502,-1.32865496770456,-2.47640656383299,-1.02684843381609,-1.57574796673619,-1.19636920174741,8
"TUR",2006,69295253,13922505461.2202,10224213394.8541,200.915717289035,147.545653594109,0.0533678766922678,0.0389405636560181,0.0220147135635518,0.0167770598408197,0.0313531631287161,0.0221635038151984,0.110129573785397,-1.23047480545685,-2.67648777215345,-0.838298492030989,-1.85158815924118,-1.026347790392,9
"TUR",2007,70158112,14296303992.7511,10593985299.1899,203.772644177641,151.001573405936,0.014119379862727,0.0231526128855242,0.0176900974428609,0.015227656370616,-0.00357071758013383,0.00792495651490821,0.139641958206923,-1.34311736928047,-2.99584477548691,-0.926789602268761,-1.93131793755293,-1.12985775748432,10
"TUR",2008,71051689,14632229326.5221,10709664216.2468,205.937811366062,150.730607068986,0.0105693536262583,-0.00179607232722478,-0.0167928531087504,-0.00513339052490291,0.0273622067350088,0.00333731819767813,0.15158726774545,-1.15989171008273,-3.11991200261411,-0.785454418742475,-1.65468347780149,-0.938160946278088,11
"TUR",2009,72039215,13829914141.5159,10487022515.754,191.977579732315,145.573803320233,-0.0701956436582947,-0.0348109870167868,-0.0382893276384815,-0.0127238407540204,-0.0319063160198132,-0.0220871462627663,0.155496200018096,-1.20693934268475,-3.10582168781316,-0.810496992532493,-1.48922872266332,-1.01524532437653,12
"TUR",2010,73142162,14781576460.3322,11132207346.3293,202.093786349003,152.199593803767,0.0513532855270862,0.0445095792685173,0.0182857770671028,0.0122087170534364,0.0330675084599834,0.0323008622150809,0.154051003376336,-1.42908640958487,-3.08605534699635,-1.03132152488665,-1.65548842548228,-1.24727861242885,13
"TUR",2011,74223642,16691888323.4902,12470940882.1658,224.886409151012,168.01844461049,0.106863547998993,0.0988809861330004,0.00393705771288744,0.000771261829759062,0.102926490286106,0.0981097243032414,0.161330950314229,-1.48639606205904,-3.19948575710717,-1.1500807050579,-1.5436433489246,-1.34612535859876,14
"TUR",2012,75175836,17237612357.8089,12751452519.861,229.297248623998,169.621692266395,0.0194237642608206,0.00949685496809227,0.0011010074539648,-0.00262632992958434,0.0183227568068558,0.0121231848976766,0.196868466413192,-1.5804349431879,-3.2858114375046,-1.23490740900162,-1.60753317139834,-1.44867419187189,15
"TUR",2013,76147634,18473567599.7961,13466656286.372,242.601990756484,176.849306787023,0.0564030116287366,0.0417273781713678,0.00944826426052359,0.00465162136883635,0.046954747368213,0.0370757568025315,0.184647685838623,-1.70744260360114,-3.19936268106331,-1.35941707496666,-1.67554813009608,-1.59940674078267,16
"TUR",2014,77181894,19107479578.8491,13845391592.5517,247.564274321244,179.386522861848,0.0202480401237981,0.0142448275372553,0.0148832913327048,0.00905130252420072,0.00536474879109328,0.00519352501305459,0.200416730505432,-1.6179785364927,-3.22519364022107,-1.31051667001303,-1.49389638850715,-1.55667690139825,17
"TUR",2015,78218488,20256226456.1701,14432653920.6516,258.969803356083,184.517168379062,0.0450412230224337,0.0281996892947003,0.0267705816951347,0.0172220531417135,0.0182706413272991,0.0109776361529867,0.19654199906253,-1.59833192745561,-3.19540007942179,-1.26239177957293,-1.54774766388768,-1.51507288600592,18
"TUR",2016,79277971,20997931005.544,15071674215.7244,264.864636931034,190.111755202772,0.0225074259038474,0.0298695718286517,0.0157056923493712,0.014961983003583,0.00680173355447611,0.0149075888250687,0.194454853685368,-1.56742025867005,-3.30475623670176,-1.21778623021969,-1.52863705864206,-1.47584892037684,19
"TUR",2017,80312708,22638977365.1987,15906591108.8062,281.885369438654,198.058209029711,0.0622816054982529,0.0409488879628839,0.0185754166562608,0.0127129942470035,0.0437061888419921,0.0282358937158804,0.19869927086034,-1.54486256020924,-3.25589521990633,-1.21272022599828,-1.40747519476495,-1.49793623827755,20
"TUR",2018,81407211,23504876764.0313,15990044275.408,288.732121826791,196.420490015412,0.0239988472219528,-0.00830325402866183,0.0153037426286939,0.0119860371650411,0.00869510459325884,-0.0202892911937029,0.208440875770618,-1.37887102397018,-3.27751198233448,-1.00093034727719,-1.36665295898155,-1.27411395242239,21
"TUR",2019,82579448,23600673072.7438,16287500934.3502,285.793543603535,197.234315908121,-0.0102296695376198,0.00413472433151707,0.0118218315246761,0.0106828258038965,-0.0220515010622959,-0.00654810147237939,0.212996187474794,-1.38750204489327,-3.20345663784775,-0.995387737406645,-1.31459073910343,-1.2987899675379,22
"USA",1975,215973199,74205787676.5571,58455119235.8967,343.58794526425,270.659135052663,-0.0108240929308145,0.00732179104675623,-0.00933551755570505,0.0193647328665918,-0.00148857537510949,-0.0120429418198356,0.0605009435233513,0.551234459321656,-0.26942780709036,0.068788249794189,1.5895843168065,0.0969771873237617,-22
"USA",1976,218035164,78025574932.0186,60897917262.7667,357.857757898256,279.303191951032,0.0406924772766821,0.0314376763356305,0.0351278210121118,0.02958742031044,0.00556465626457037,0.00185025602519051,0.123088062624488,0.488621931419291,0.338109375099804,0.099906828484595,1.58764821012419,0.091840118303788,-21
"USA",1977,220239425,81412599281.2254,63162373442.1011,369.654975630387,286.789585661609,0.0324344891550714,0.0264508945862145,0.0222098391100305,0.0204536093697749,0.0102246500450409,0.00599728521643961,0.0504151053147969,0.444133499934426,0.475637102208843,0.0336484486699673,1.80570589434278,0.0325209056778477,-20
"USA",1978,222584545,85442348553.7725,65147166114.8785,383.864695339797,292.685038464277,0.0377200623148539,0.0203482809246021,0.0350355318764581,0.0256444736593533,0.00268453043839578,-0.00529619273475124,0.0446497487864189,0.442064148993461,0.341473477056006,0.0595118864262068,1.89961468145164,0.0605613614052407,-19
"USA",1979,225055487,85803997822.3504,64993923939.6777,381.257080047777,288.790665831123,-0.00681623624355243,-0.0133949908257494,0.0215457587587258,0.0201997213590133,-0.0283619950022782,-0.0335947121847626,0.0569486766890777,0.397408472484147,0.442940762844436,-0.018885975756596,1.96992675260079,-0.0138552926413018,-18
"USA",1980,227224681,82179823612.7857,63398991514.2702,361.667681746182,279.014547342549,-0.0527481143923278,-0.0344381644922072,-0.0156432379353957,-0.0038320346254368,-0.0371048764569322,-0.0306061298667704,0.068004983742695,0.519106112561881,0.494617153562839,0.0643957204786081,2.24504068270353,0.0756831496183454,-17
"USA",1981,229465714,83598920083.6344,63630086155.0541,364.31987431305,277.296703920892,0.00730647335085877,-0.00617585525297848,0.00419783673928897,0.00264743305538317,0.00310863661156979,-0.00882328830836165,0.0443206612693142,0.452539333188355,0.383046463523996,0.187899352806819,1.80017580447738,0.185070042361047,-16
"USA",1982,231664458,82127960686.1261,64492840121.8439,354.512562674271,278.389014346965,-0.0272884742534183,0.00393140149927262,-0.00918576473877231,0.00369999222902972,-0.018102709514646,0.000231409270242899,0.0638122798786486,0.554026881496356,0.237530601212115,0.313802992482561,1.99844985311171,0.294430333704274,-15
"USA",1983,233791994,86478798161.9283,68463601468.744,369.89631972568,292.839803012006,0.04247896634112,0.0506062443758202,0.0182852510119069,0.0203066879324174,0.0241937153292131,0.0302995564434028,0.0645131124977912,0.567846984131627,0.268469739548332,0.331321624436551,2.23320197633535,0.316546450309116,-14
"USA",1984,235824902,92120921324.8888,71346210051.7254,390.632713269987,302.538915299647,0.054545016854342,0.0325842027185175,0.0332840576160178,0.0211421136602716,0.0212609592383242,0.0114420890582458,0.0556313625101684,0.447529431211409,0.116999707732455,0.216414026631172,2.09969396422713,0.200634122836418,-13
"USA",1985,237923795,95606929563.8593,74993521877.545,401.838452366058,315.199754936428,0.0282823817989302,0.0409966656820471,0.0262101804312636,0.028220326045802,0.00207220136766662,0.012776339636245,0.0585013890874821,0.381236551521765,0.201053973248406,0.0717652937211846,2.00017831171896,0.0625821153982957,-12
"USA",1986,240132887,99029904467.3654,78371120899.091,412.396259856591,326.365629790188,0.0259345348229427,0.034811736160048,0.0279589003908649,0.0285999536129466,-0.00202436556792218,0.00621178254710131,0.0668854895868358,0.46437887774691,0.433930725559857,0.113004156524309,2.12578543179841,0.110950819028981,-11
"USA",1987,242288918,101277753673.372,80375555907.8507,418.004069312705,331.734346627652,0.0135064847864719,0.0163161711993913,0.0263884259116285,0.0256711609223075,-0.0128819411251566,-0.00935498972291615,0.0624734439503575,0.449586463513821,0.607683162138531,0.0823902379414336,2.03078091916692,0.0994016312534605,-10
"USA",1988,244498982,104950310104.631,83184943415.5502,429.246409314828,340.226134011266,0.0265399670465856,0.0252760087054282,0.0364906014573148,0.027747718061808,-0.00995063441072919,-0.00247170935637975,0.053512147276598,0.543230233699217,0.790074627800786,0.177449044649825,2.08589330833557,0.200500291406817,-9
"USA",1989,246819230,107863699996.52,85237900948.4376,437.014976493202,345.345461730991,0.017936330938026,0.0149347578148955,0.0304836646236,0.0283504260475418,-0.0125473336855739,-0.0134156682326463,0.038955540027871,0.633302912955832,0.720623761976468,0.214963550763111,2.00441056505562,0.272416129016426,-8
"USA",1990,249622814,108172710804.711,86296265256.3738,433.344649358495,345.706643850164,-0.00843409731506473,0.00104531090823556,0.0164458339043234,0.0205820614091339,-0.0248799312193881,-0.0195367505008983,0.0292274029516096,0.541800509433203,0.84476158249901,0.167567989266707,2.00922684691619,0.234000035558988,-7
"USA",1991,252980941,107171107497.435,86116324334.2583,423.633128542418,340.40637209211,-0.0226655505404683,-0.0154504493369254,-0.00141331299475933,0.00452667529189377,-0.0212522375457089,-0.0199771246288192,0.0155864249875171,0.547653340268505,1.0996884815375,0.117912009102753,2.03290439214758,0.223499174417017,-6
"USA",1992,256514224,110138612289.299,88612238623.9445,429.366491151378,345.447660726777,0.0134430281523779,0.0147010272938486,0.00822094545024843,0.0165018474627896,0.00522208270212943,-0.00180082016894101,0.0194360447742467,0.444905104215491,1.42089936502629,0.0143334189821003,1.98916445046167,0.14732189851435,-5
"USA",1993,259918588,112530380152.033,90650682026.5171,432.944719413578,348.765675914326,0.00829920510463644,0.00955913774129424,0.00361881945756348,0.00911361657858833,0.00468038564707296,0.000445521162705909,-0.0255688242589139,0.540298122746115,1.69430797871157,-0.0105839459429231,2.04829805794047,0.21782664298814,-4
"USA",1994,263125821,116525469192.908,93208817527.8564,442.850757671965,354.236681043387,0.0226227720925802,0.0155649992610627,0.0180921203943054,0.0149797630443098,0.00453065169827482,0.000585236216752882,-0.0465935857100801,0.531560334391318,1.87416371062826,-0.00600677449363962,1.92064503118481,0.245144958379498,-3
"USA",1995,266278393,118828643932.424,94946785882.88,446.257176910423,356.569621790079,0.00766259252305357,0.00656423308128584,0.0189567142277136,0.0100831862779449,-0.01129412170466,-0.00351895319665907,-0.040259556851364,0.675530925472521,2.10401237824973,0.121202642851311,1.9754929022684,0.393495133058406,-2
"USA",1996,269394284,121993439079.531,96974992251.8035,452.843457805255,359.974201426647,0.0146510823249626,0.00950285285246899,0.0156695395914666,0.0140774563943511,-0.00101845726650396,-0.0045746035418821,-0.0436029292348697,0.780006217763148,2.22330352649867,0.210609682039373,2.06351266559762,0.509785801858263,-1
"USA",1997,272646925,126655118762.725,99777758713.3837,464.538959178525,365.959596695924,0.0254989301008406,0.0164905695880746,0.02050062055583,0.0175132404659122,0.00499830954501057,-0.00102267087783758,-0.0301961271190473,0.768159997968195,2.25671656205808,0.190186886198476,1.99353139462252,0.495138590477566,0
"USA",1998,275854104,131774951232.251,103887461366.753,477.697990790997,376.602921110622,0.0279332862784454,0.0286684369601717,0.0149938500692626,0.0174862766889339,0.0129394362091828,0.0111821602712379,-0.00113838723913673,0.742932332765381,2.17317477015521,0.117625554865345,1.93363545095973,0.452161243377145,1
"USA",1999,279040168,137040459864.908,108639868912.491,491.113737664136,389.334158200803,0.0276970315249114,0.0332466206575148,0.0182258328903169,0.0272492682614001,0.00947119863459456,0.00599735239611476,0.00864632109715402,0.727149515076958,2.03170718114032,0.0164254333551335,1.9171555235634,0.410882009982142,2
"USA",2000,282162411,141094644104.264,112930845820.311,500.047627195333,400.233487586379,0.0180276023703314,0.0276101023920168,0.0268436568591222,0.0293540444884357,-0.00881605448879075,-0.00174394209641893,0.019768206732255,0.606994636805084,2.10455663587112,0.0177056366810289,1.65187573914172,0.330444749058194,3
"USA",2001,284968955,141647057658.182,115277437742.541,497.061364660518,404.526302672308,-0.00598985965974119,0.0106686637560776,0.00215289391887818,0.0106107106280655,-0.00814275357861938,5.79531280120449e-05,0.0238352136830927,0.497368413938544,1.87153640924041,0.0169477829554707,1.38754546502495,0.279494239012315,4
"USA",2002,287625193,144010252574.805,118521809780.794,500.687200146634,412.070335510541,0.00726806647518252,0.018477292505227,0.00638623846891573,0.0153392187404462,0.000881828006266794,0.00313807376478081,0.0210358964259241,0.379090398280578,1.8143296356374,0.0274016616846924,1.08744367072996,0.222945155410788,5
"USA",2003,290107933,147608072669.383,122234782960.492,508.803985961261,421.342435198049,0.0160812909466976,0.0222518362947897,0.0110470774483113,0.0166019935238024,0.00503421349838629,0.00564984277098723,-0.0101859714552667,0.483687152010876,1.94046655679753,-0.00889035853212006,1.23873296605341,0.301224764531029,6
"USA",2004,292805298,153305386533.059,126535836959.068,523.574496705516,432.150093674426,0.0286164792202186,0.0253270786299309,0.0263858068989702,0.0212830416609107,0.00223067232124841,0.00404403696902023,-0.0268777235514263,0.555835232579599,1.90091704004126,0.063899441140413,1.31418678819758,0.36993667087375,7
"USA",2005,295516599,158251055517.015,130238602430.905,535.506486107791,440.715015236438,0.0225336768017552,0.0196254756381844,0.0193022056726155,0.0193163187011001,0.00323147112913968,0.000309156937084332,-0.0716732209482903,0.638703722711102,1.80658087127747,0.154960563650334,1.36435319651879,0.495365952585534,8
"USA",2006,298379912,162433708033.998,133447375051.541,544.385535022203,447.239809667686,0.0164446978681632,0.01469649510772,0.0220147135635518,0.0167770598408197,-0.00557001569538862,-0.0020805647330997,-0.0912470030855331,0.643782887040295,1.73328466808482,0.197192926171798,1.25449831864979,0.548993494606221,9
"USA",2007,301231207,165457605271.515,136546967660.486,549.271129373773,453.296220602026,0.00893448009769937,0.0134508826834852,0.0176900974428609,0.015227656370616,-0.0087556173451615,-0.00177677368713081,-0.100811307100426,0.70812930997157,1.68121957670272,0.29583327770095,1.19405249305839,0.642909181327249,10
"USA",2008,304093966,162594880007.82,136544900274.575,534.686308138783,449.022064037191,-0.0269119450224027,-0.00947379346215715,-0.0167928531087504,-0.00513339052490291,-0.0101190919136522,-0.00434040293725424,-0.0721542828697807,0.552494790197717,1.5988900165539,0.406915676360315,0.750596400495023,0.592442492236898,11
"USA",2009,306771529,159951334274.977,136160710685.303,521.402148355747,443.850546134947,-0.0251586131530246,-0.0115841289666108,-0.0382893276384815,-0.0127238407540204,0.0131307144854569,0.00113971178740968,-0.0941119216443608,0.544650971325404,1.55007748041537,0.313477050279654,0.773884578711537,0.564901648715988,12
"USA",2010,309327143,163575878419.051,138818612273.008,528.811913602587,448.776046378213,0.0141111959383453,0.0110360822236242,0.0182857770671028,0.0122087170534364,-0.00417458112875746,-0.00117263482981222,-0.113271055712751,0.642663556855553,1.81301451801749,0.404123470356338,0.822167736003294,0.68404824702286,13
"USA",2011,311583481,164373393643.951,139194708265.932,527.54206710962,446.733272955289,-0.00240420754371851,-0.00456226847015628,0.00393705771288744,0.000771261829759062,-0.00634126525660594,-0.00533353029991535,-0.117435665774164,0.647691933625073,1.75177117177612,0.45686620420378,0.755312917110827,0.722635647087368,14
"USA",2012,313877662,167794832809.804,140013071379.934,534.586729557721,446.075297260032,0.0132653700267449,-0.00147394600887374,0.0011010074539648,-0.00262632992958434,0.0121643625727801,0.0011523839207106,-0.0828671606330103,0.589992673080021,1.71110298546082,0.325039589818125,0.727374767027381,0.651001451879511,15
"USA",2013,316059947,171748748665.644,141615540923.588,543.405611169211,448.06544539346,0.0163620427048663,0.00445153950585553,0.00944826426052359,0.00465162136883635,0.00691377844434271,-0.000200081862980817,-0.0767251964284906,0.61124614524872,1.84953934674262,0.25469737567996,0.814465944429654,0.639408545662346,16
"USA",2014,318386329,176290248686.644,144538519237.593,553.699178103354,453.972127796959,0.0187655164788216,0.0130964984256607,0.0148832913327048,0.00905130252420072,0.0038822251461168,0.00404519590146002,-0.0552011492030943,0.58584035224837,1.763755109259,0.219025666269538,0.779878931346138,0.61249181348364,17
"USA",2015,320738994,182950190000,149014260000,570.402082136605,464.596643337978,0.0297199799469849,0.0231337918282479,0.0267705816951347,0.0172220531417135,0.00294939825185025,0.00591173868653438,-0.0667306671330782,0.488881519398136,1.681795830975,0.0891695965402042,0.675702376219657,0.507300990129888,18
"USA",2016,323071755,185706259826.035,151886035772.692,574.814284913377,470.130964474724,0.0077054864648014,0.0118417082402855,0.0157056923493712,0.014961983003583,-0.00800020588456984,-0.00312027476329746,-0.0614414537559042,0.447354424347444,1.69727893891582,0.0274177249466026,0.632675857528535,0.46871023268327,19
"USA",2017,325122128,189638053502.948,154772352362.148,583.282518078709,476.043735670147,0.0146246567220789,0.0124984279629574,0.0185754166562608,0.0127129942470035,-0.00395075993418192,-0.000214566284046036,-0.075836093372262,0.510988544824061,1.70462601203331,0.0483976914540408,0.713085870185855,0.525044955455445,20
"USA",2018,326838199,194974694321.372,158518442657.766,596.548062368229,485.005862664683,0.0224881496639702,0.018651247162313,0.0153037426286939,0.0119860371650411,0.00718440703527623,0.00666520999727194,-0.0456335133953361,0.378167890960612,1.5986503634057,0.0486286506039273,0.47013701267749,0.447551535089936,21
"USA",2019,328329953,199694635682.142,161773176741.952,608.213274047958,492.715255686564,0.019365787887609,0.0157704536770584,0.0118218315246761,0.0106828258038965,0.00754395636293292,0.00508762787316197,-0.0634852611273833,0.357349926490492,1.54685475548166,-0.0149831085052793,0.505143914078562,0.411664221459301,22
