"iso","year","Population","GDP","GNI","GDP_pc","GNI_pc","gdp_log_diff","GNI_log_diff","gdp_log_diff_total","gni_log_diff_total","gdp_dev","gni_dev","EHB_dev","ehb_crude_dev","eq_ehb_crude_dev","debt_ehb_crude_dev","fdi_ehb_crude_dev","eq_debt_ehb_crude_dev","time"
"AUS",1987,16263874,511483771496.244,501993605086.642,31449.073664506,30865.5616175237,0.0282223700428652,0.0278501366126278,0.0255348473212589,0.0288714823671139,0.00268752272160633,-0.00102134575448609,0.0715417161142456,-0.105997348345321,1.07186073563005,-1.21060703292281,1.81579343122209,-0.827114854280975,-15
"AUS",1988,16532164,541299311107.209,526568909821.373,32742.1934059697,31851.1786975603,0.0402950358994953,0.0314333374911069,0.0365327592503171,0.0408260742196287,0.00376227664917828,-0.00939273672852181,0.0371179186066913,0.0542599459139406,1.23493332207599,-0.979322186250526,1.89710946347518,-0.596967602356246,-14
"AUS",1989,16814416,553178373982.694,533932389754.094,32899.0536443665,31754.4415312488,0.00477932836527728,-0.00304178280320144,0.0293847642884248,0.0252681537243973,-0.0246054359231476,-0.0283099365275987,0.0124979097581052,0.0131748546705817,0.948956220182772,-1.03191039927212,1.60758322349026,-0.568426790204215,-13
"AUS",1990,17065128,528933531104.955,507707207488.501,30994.993480562,29751.1514410264,-0.0596182019332137,-0.0651647711601839,0.013971108125574,0.0126900600594517,-0.0735893100587877,-0.0778548312196357,-0.000277568675915663,-0.0148859657750871,0.959874170772372,-0.960764489893376,1.74207020166607,-0.587292892828151,-12
"AUS",1991,17284036,522486025668.68,502368079517.247,30229.3992947411,29065.4381602333,-0.0250107533845956,-0.0233180589186688,-0.00159154152538754,-0.00272806202020348,-0.023419211859208,-0.0205899968984653,-0.0015666546453218,-0.00996765216599171,1.17708040423396,-0.906698435561508,1.62845282769082,-0.471471451636208,-11
"AUS",1992,17478635,542843415183.375,528415930519.595,31057.5405449782,30232.1051111597,0.0270266931550225,0.0393546666350328,0.00789040030221599,0.00714947758168449,0.0191362928528065,0.0322051890533483,0.000464490752562718,0.0143297737939434,1.50601095378329,-0.918295931105809,1.76930683929133,-0.464411223451979,-10
"AUS",1993,17634808,560396823165.016,548092428413.893,31777.8806077739,31080.1471960394,0.022928838801457,0.0276648186664605,-0.00340563508537883,-0.00388240817350116,0.0263344738868359,0.0315472268399617,0.00377044779631408,0.129550473859646,1.52605491973758,-0.83983743457407,1.82487313487513,-0.357899363892957,-9
"AUS",1994,17805468,584047149188.773,563964166501.439,32801.5612501044,31673.6502798713,0.03170564395848,0.0189158522464226,0.0187885389977023,0.0188164926266712,0.0129171049607777,9.93596197513824e-05,-0.00275717095419148,0.098172442081282,1.54070774695881,-0.904066399650411,1.76809429886251,-0.430988744507966,-8
"AUS",1995,18004882,595520098743.082,574506648571.781,33075.4791252218,31908.3817695545,0.00831608257358774,0.00738361290243184,0.015848771362899,0.0144459526849445,-0.00753268878931124,-0.00706233978251269,-0.00926061242830023,0.180327456056209,1.68916478882114,-0.785523907890022,1.72768416871729,-0.31164795307028,-7
"AUS",1996,18224767,610735538564.649,590266428622.065,33511.2947432826,32388.1467797127,0.0130903426029985,0.014923789055743,0.0148317097559261,0.0178701593677086,-0.00174136715292761,-0.00294637031196565,0.000974996398076522,0.25378890907093,1.6604051239158,-0.663399473046382,1.79514263404389,-0.231625224142472,-6
"AUS",1997,18423037,645127011627.57,624837173466.892,35017.4084559223,33916.0787370124,0.0439627837672578,0.0460966852389557,0.0186296603121452,0.0221912097628731,0.0253331234551126,0.0239054754760826,-0.00139172617386008,0.211556840086148,1.60713819572634,-0.659763986578471,1.68410189805933,-0.265569449589325,-5
"AUS",1998,18607584,675021636679.606,654008653317.69,36276.6943134372,35147.4244758315,0.0353301828587824,0.035662142222705,0.018980453161662,0.0217722047165161,0.0163497296971205,0.0138899375061889,0.0108708410846052,0.295764054710546,1.59067737927931,-0.58266623006365,1.70320161944516,-0.186723950824411,-4
"AUS",1999,18812264,708857671677.848,688471058174.845,37680.6147137765,36596.9273116115,0.0379702584865029,0.0404129404565978,0.0203275958208504,0.0202952471772466,0.0176426626656525,0.0201176932793512,0.0379368765549588,0.295553685198563,1.5715249328545,-0.602469010024511,1.59640342001464,-0.118773338437699,-3
"AUS",2000,19028802,724529283184.536,704298065115.467,38075.4018663149,37012.2125983269,0.010422689688447,0.0112836447596898,0.0261166437776854,0.0293960548351482,-0.0156939540892385,-0.0181124100754584,0.0222379039147695,0.264575971558507,1.84722844879264,-0.596775252980554,1.42917241209155,-0.108365231436071,-2
"AUS",2001,19274701,741844365846.537,721770014324.53,38487.9830741103,37446.4960221448,0.0107776113030642,0.0116652130160606,0.00303976255030847,0.00380190788157719,0.00773784875275574,0.00786330513448341,0.0194743103651491,0.426191708414815,1.85338712784549,-0.564130903805971,1.63353569857397,-0.0455513955746414,-1
"AUS",2002,19495210,764822090881.523,743355192017.197,39231.2824987021,38130.1454058303,0.0191283868450132,0.0180920458613567,0.00568943842718639,0.00382292913555382,0.0134389484178268,0.0142691167258029,0.017793290302571,0.34854122325172,1.96195636428086,-0.535563526526962,1.41476583191801,-0.0579169944180278,0
"AUS",2003,19720737,800956414830.997,778211451906.414,40614.9331452976,39461.5805639725,0.0346613589706664,0.0343223673464461,0.0110416401145379,0.0103800031386658,0.0236197188561285,0.0239423642077803,0.0304392931274634,0.402757220058563,1.83145366242938,-0.471257739922162,1.44384586305111,0.0027101152052138,1
"AUS",2004,19932722,838193011519.901,807205560343.691,42051.1062924522,40496.5042076888,0.0347498846069882,0.0258880998955853,0.0227653682450661,0.0249738120954621,0.0119845163619221,0.000914287800123148,0.0377103618650985,0.356258180557418,1.66305085098539,-0.500761870076199,1.39777450940414,-0.0446299773548788,2
"AUS",2005,20176844,881717178711.359,847540708570.628,43699.4595741217,42005.6133937809,0.0384500402510177,0.0365876070580526,0.0174697256407548,0.0186843977423852,0.020980314610263,0.0179032093156675,0.00969532763579328,0.358963231107907,1.44782667824722,-0.359572417740071,1.3251133265091,0.0580967150097388,3
"AUS",2006,20450966,927760712796.002,886529775573.666,45365.1290993297,43349.0415843274,0.0374079931088325,0.0314813326151899,0.0200552080985297,0.0239470340915293,0.0173527850103028,0.00753429852366061,0.00345193490190698,0.426575263003638,1.42127964958197,-0.216039229375888,1.2679434079143,0.188513374996892,4
"AUS",2007,20827622,982428533851.402,942364820390.962,47169.5008605112,45245.9152749633,0.0390037871163429,0.0428278017040089,0.0159418115266732,0.010288304605611,0.0230619755896697,0.0325394970983979,-0.0158858853943292,0.441451423393805,1.38451072124959,-0.192586407318484,1.13737382570972,0.249897021585936,5
"AUS",2008,21249199,1007789174687.52,972486312293.103,47427.1606514449,45765.7868559235,0.00544755859256618,0.0114244041835558,-0.0187693994548681,-0.0243465806951786,0.0242169580474343,0.0357709848787344,-0.0067926632857831,0.23145569661982,1.35519436786468,-0.217486276333743,0.752593230622772,0.102522603687522,6
"AUS",2009,21691653,1023928983770.14,984275606432.9,47203.8246126352,45375.7768683143,-0.00472015488043809,-0.00855838658510955,-0.0387510689984403,-0.0366836784257103,0.0340309141180022,0.0281252918406008,0.0182187619482501,0.435448131681787,1.3815081887477,0.0266846169579988,0.884417524378121,0.330183675528069,7
"AUS",2010,22031750,1081869038264.48,1038540295426.25,49104.9979354559,47138.3478582615,0.0394859013288027,0.0381084358356674,0.0167504125516587,0.0228731796146899,0.022735488777144,0.0152352562209774,0.0173754096580792,0.408213289735609,1.39989261831824,0.0394129978995168,0.841816135273373,0.305907370594689,8
"AUS",2011,22340024,1108228194577.4,1074591505229.13,49607.2965086071,48101.6271615969,0.0101771093737941,0.0202291559240706,0.00119925152008449,0.00522537732113726,0.00897785785370964,0.0150037786029333,-0.0149181644531936,0.319705810180052,1.32600610446034,0.0126493049916985,0.622843864719323,0.290971851737847,9
"AUS",2012,22733465,1116471255604.92,1088751095391.18,49111.3543670056,47891.9995430166,-0.0100476720365368,-0.0043675389503246,0.000314495414055926,0.00206807139287335,-0.0103621674505927,-0.00643561034319795,0.00695012880544299,0.322607961472449,1.31095008126145,0.0267024772956499,0.582910789953136,0.315578663481475,10
"AUS",2013,23128129,1133964242601.25,1104412160961.22,49029.6574617538,47751.9024976564,-0.00166488856392455,-0.00292955729675093,0.00703338161887146,0.00401165715473972,-0.00869827018279601,-0.00694121445149065,-0.019656933001456,0.302650050122022,1.41503856833527,0.0257050607006777,0.51483703612814,0.323517434682677,11
"AUS",2014,23475686,1123291922339.75,1100442930014.05,47849.1628461784,46875.8582822265,-0.0243717469713651,-0.01851611487211,0.0143207731593833,0.0170726811434019,-0.0386925201307484,-0.0355887960155119,-0.0252386082595578,0.375525155457618,1.43128977975639,0.09179537322037,0.575788087527547,0.396521766504819,12
"AUS",2015,23815995,1129436903665.69,1102737276674.69,47423.4607315669,46302.3810961788,-0.00893656397286158,-0.0123094068106866,0.0241809764917988,0.021480105164903,-0.0331175404646604,-0.0337895119755895,-0.0502058097472212,0.49315076671966,1.48883681345918,0.293779101044158,0.626115549581961,0.536711370045871,13
"AUS",2016,24190907,1182365920306.59,1150074680114.01,48876.4609076705,47541.6105776442,0.0301788501574549,0.0264119523937154,0.0151142989677542,0.0123071006723539,0.0150645511897007,0.0141048517213616,-0.0593617730837022,0.452085870799219,1.53385752723392,0.230032749146378,0.569861107426725,0.505598059937884,14
"AUS",2017,24592588,1215126912336.81,1176631738231.58,49410.2903011595,47844.9741943214,0.0108627996399093,0.00636074014428445,0.0157229692398833,0.0173803730333173,-0.00486016959997393,-0.0110196328890328,-0.063909414730897,0.413903304538076,1.45763065059415,0.143906660755627,0.559794944330833,0.454536244182568,15
"AUT",1987,7574586,258641217341.999,258375447976.841,34145.9212875791,34110.8343052467,0.0230027386777678,0.0231711055962442,0.0255348473212589,0.0288714823671139,-0.00253210864349107,-0.00570037677086965,-0.0478790972603175,0.989013751333164,0.172175912344889,1.20190754170753,-0.417038705245973,1.14255697422934,-15
"AUT",1988,7585317,266146336207.095,266885024848.251,35087.0420059036,35184.4260230985,0.0271887450156179,0.0309884867837162,0.0365327592503171,0.0408260742196287,-0.00934401423469922,-0.00983758743591245,-0.0494907006691168,0.865756846453706,0.252528886567846,1.08394777031789,-0.473522225025945,1.02016546312538,-14
"AUT",1989,7619566,277560228798.097,278610544732.029,36427.3016072171,36565.1461949446,0.0374866489649825,0.0384919547638827,0.0293847642884248,0.0252681537243973,0.0081018846765577,0.0132238010394854,0.0122035347288612,0.990053365635346,0.124980599151645,1.18515773898309,0.0524104192285848,1.11895473018991,-13
"AUT",1990,7677850,288886644593.523,290204281182.059,37625.9818300075,37797.5971374876,0.0323762802238026,0.0331500358779415,0.013971108125574,0.0126900600594517,0.0184051720982286,0.0204599758184898,0.00164457656208883,0.90496982318042,0.324954063841616,1.07950899801038,0.342888175954585,1.03058368056839,-12
"AUT",1991,7754891,299709418307.914,299489561946.098,38647.7925102899,38619.4418394917,0.0267948406544445,0.0215102914538505,-0.00159154152538754,-0.00272806202020348,0.028386382179832,0.024238353474054,-0.0223369396750718,0.842294789248406,0.256637366266519,1.01782115417803,0.553394914586167,0.953715680223478,-11
"AUT",1992,7840709,304390343436.09,305148433926.68,38821.7881107551,38918.4745826786,0.00449197973300386,0.00771323862026563,0.00789040030221599,0.00714947758168449,-0.00339842056921213,0.000563761038581134,-0.0374506150293897,0.724488834265733,0.38654550904961,0.905294156688647,0.52703871032404,0.843799039471961,-10
"AUT",1993,7905632,303411118114.332,304256986973.23,38379.1097428178,38486.1054717991,-0.011468343817155,-0.0111717835693916,-0.00340563508537883,-0.00388240817350116,-0.00806270873177617,-0.00728937539589047,-0.0238984284869587,0.695158843822715,0.262013056228422,0.870367293194191,0.592889308261821,0.792786996760521,-9
"AUT",1994,7936118,309406421619.052,309890357174.109,38987.1246394084,39048.1035153597,0.0157181597226526,0.0144970302401681,0.0187885389977023,0.0188164926266712,-0.00307037927504972,-0.00431946238650305,-0.0603776723991796,0.741030427312989,0.572644847013447,0.919748638697244,0.577619794968806,0.849036185028346,-8
"AUT",1995,7948278,316327056460.466,315115815334.072,39798.1872879215,39645.7969052004,0.0205899115523369,0.0151906279903766,0.015848771362899,0.0144459526849445,0.00474114018943794,0.000744675305432096,-0.0850398295668908,0.743349789747324,0.614283312254474,0.931381734370838,0.543339662618044,0.854955866126125,-7
"AUT",1996,7959016,320477515158.88,320292157734,40265.9719692585,40242.6829816651,0.0116853785411521,0.0149432605145385,0.0148317097559261,0.0178701593677086,-0.00314633121477392,-0.0029268988531701,-0.107030512752929,0.757137069090268,0.656688016644318,0.953241769328448,0.56054493437991,0.873168262671836,-6
"AUT",1997,7968041,327214076690.926,325691957856.418,41065.8123735717,40874.7843863275,0.0196692153586309,0.0155851561877753,0.0186296603121452,0.0221912097628731,0.00103955504648567,-0.0066060535750978,-0.230198455958123,0.824075054255692,1.24970928309725,0.972167973336717,0.747401505356704,0.919694536364291,-5
"AUT",1999,7992323,348633013171.342,343087742820.621,43620.986435526,42927.161830249,0.0315005471862566,0.0215970920586024,0.0203275958208504,0.0202952471772466,0.0111729513654062,0.00130184488135576,-0.425831879937032,0.911798221146762,1.53261901820652,1.0707861751846,0.661317692202358,1.02126844060044,-3
"AUT",2000,8011566,356316585652.549,353195895805.098,44475.2730805124,44085.7500025711,0.0193949988109843,0.0266318325620958,0.0261166437776854,0.0293960548351482,-0.00672164496670113,-0.0027642222730524,-0.611640092970277,1.11085225121787,2.23322147982047,1.21578936999137,0.845832733509452,1.22131428216117,-2
"AUT",2001,8042293,358502684887.029,353573735247.817,44577.1728146474,43964.2941693142,0.00228853407864804,-0.00275879271684332,0.00303976255030847,0.00380190788157719,-0.000751228471660426,-0.00656070059842051,-0.558729203225776,1.12943138367698,1.85282778188024,1.28310666991321,0.880992611980516,1.24216053350201,-1
"AUT",2002,8080292,361300721558.684,359189141597.209,44713.8199409977,44452.4952312626,0.00306071707366762,0.0110432877457409,0.00568943842718639,0.00382292913555382,-0.00262872135351877,0.0072203586101871,-0.446727577875979,1.22583192735423,1.87615320418276,1.37969615636954,1.03502777606655,1.33037805562861,0
"AUT",2003,8114402,365105997666.237,364183342156.586,44994.8126388411,44881.1067231555,0.00626458365768023,0.00959582444643736,0.0110416401145379,0.0103800031386658,-0.00477705645685766,-0.000784178692228465,-0.391949238888402,1.26437415393654,1.81734401854357,1.44534932630843,1.02498028009625,1.38828862718647,1
"AUT",2004,8166432,373249168607.662,372731055127.138,45705.2931571171,45641.8488670619,0.0156669067667536,0.016808113451523,0.0227653682450661,0.0249738120954621,-0.0070984614783125,-0.00816569864393912,-0.37124511400224,1.27877666867259,1.71711020456245,1.4595103373152,1.04703895371371,1.39842577265756,2
"AUT",2005,8222090,382779080607.766,381963178608.403,46554.961160455,46455.7282404356,0.0184194598678715,0.0176747442568388,0.0174697256407548,0.0186843977423852,0.00094973422711675,-0.00100965348554638,-0.295805526428198,1.40880296868999,1.52895958489127,1.49156092566211,1.73276194902418,1.42101517868018,3
"AUT",2006,8265675,397643406266.748,398578998757.885,48107.7959473059,48220.9860365772,0.0328106668171912,0.0372945430237994,0.0200552080985297,0.0239470340915293,0.0127554587186616,0.0133475089322701,-0.282518658712028,1.50302009630939,1.51422055687563,1.61105234784683,1.79245468298627,1.53364101744308,4
"AUT",2007,8293654,413021802948.929,412602939003.785,49799.7388061919,49749.2346562546,0.0345654972761906,0.0312007584429832,0.0159418115266732,0.010288304605611,0.0186236857495174,0.0209124538373722,-0.233941374297851,1.52345064124223,1.30695529153842,1.63375856265493,1.82498114459582,1.53539358320113,5
"AUT",2008,8319388,413819150725.006,417292951437.029,49741.5375656245,50159.0924040361,-0.00116938920860044,0.00820472245015402,-0.0187693994548681,-0.0243465806951786,0.0176000102462677,0.0325513031453326,-0.416931781931413,1.55264997469281,1.1791320659979,1.68377557310003,1.7524562041805,1.59089869991207,6
"AUT",2009,8338752,403873408365.222,403697341437.183,48433.3157246098,48412.201422609,-0.0266524316108185,-0.035447924682245,-0.0387510689984403,-0.0366836784257103,0.0120986373876217,0.0012357537434653,-0.355239500593275,1.47315573976765,1.12222275821505,1.64146981568095,1.64881681644586,1.51599478627842,7
"AUT",2010,8357367,407455133620.806,410884927495.527,48754.0075266296,49164.3992055784,0.00659948139775857,0.0154178907353604,0.0167504125516587,0.0228731796146899,-0.0101509311539001,-0.00745528887932956,-0.349716349652287,1.43937507243086,1.39125653853498,1.60494766322368,1.59167879583155,1.49112805755405,8
"AUT",2011,8384901,413428036468.583,414831588476.921,49306.2513759654,49473.6417850278,0.011263476028164,0.00627027036490624,0.00119925152008449,0.00522537732113726,0.0100642245080795,0.00104489304376898,-0.417185175921599,1.43074209742269,1.19221613956925,1.59767610453619,1.57826281256517,1.4854673399992,9
"AUT",2012,8420328,414425970112.196,414848395059.32,49217.3191011319,49267.4863804973,-0.00180529996134204,-0.00417568054790429,0.000314495414055926,0.00206807139287335,-0.00211979537539797,-0.00624375194077764,-0.367720764901989,1.43401730393384,1.23532156750235,1.59899301717918,1.59162556687677,1.48287139393166,10
"AUT",2013,8472176,412205790136.249,413301654457.143,48654.0636238257,48783.4122493611,-0.01151024293757,-0.00987401585998171,0.00703338161887146,0.00401165715473972,-0.0185436245564414,-0.0138856730147214,-0.393892439329115,1.38782141553858,1.33208048595278,1.55791445531459,1.5670694248571,1.42601613801086,11
"AUT",2014,8538350,416960150062.271,417412080509.503,48833.8086471357,48886.7381296741,0.00368754026122708,0.00211581365357283,0.0143207731593833,0.0170726811434019,-0.0106332328981562,-0.014956867489829,-0.41473439451968,1.25204383954196,1.19792062101041,1.39512096554458,1.45430333531731,1.27198058919534,12
"AUT",2015,8618709,428239775767.295,423871544404.009,49687.2299282056,49180.3986425356,0.0173250838625076,0.00598898673453441,0.0241809764917988,0.021480105164903,-0.0068558926292912,-0.0154911184303685,-0.436276114860208,1.25170841901605,1.27417111759955,1.36289415691521,1.46839720927843,1.25175962684802,13
"AUT",2016,8737663,441307927270.862,441118954265.535,50506.4028300086,50484.7754217043,0.016352159964752,0.0261766714893223,0.0151142989677542,0.0123071006723539,0.00123786099699785,0.0138695708169685,-0.35987051477025,1.09521586294098,1.31730470913157,1.20648286380261,1.26161749031134,1.12430104556691,14
"AUT",2017,8790624,446445872682.468,442214848951.345,50786.5963420194,50305.2853757987,0.00553235127709684,-0.0035616653909738,0.0157229692398833,0.0173803730333173,-0.0101906179627864,-0.0209420384242911,-0.418926133053745,1.13203750649511,1.35869139807317,1.21630175020983,1.3475629459243,1.13657911705659,15
"BEL",1987,9870234,304894374030.544,306461739195.807,30890.2883184475,31049.0854822496,0.0232387048201836,0.0263209233315429,0.0255348473212589,0.0288714823671139,-0.00229614250107524,-0.002550559035571,-0.137658410720678,2.03884854561036,2.1634097887969,2.15372880797027,1.93979203942782,2.13215679374361,-15
"BEL",1988,9901665,322476919062.007,324078748482.617,32567.9488310307,32729.7225752049,0.0528867994552851,0.0527142574366817,0.0365327592503171,0.0408260742196287,0.016354040204968,0.011888183217053,-0.147351049748936,2.01212273349239,2.42087041012888,2.09313841145151,2.0878384605832,2.08895971697617,-14
"BEL",1989,9937697,339134474805.605,339792094232.486,34126.0630914391,34192.2373194197,0.0467327658256345,0.0437150270258257,0.0293847642884248,0.0252681537243973,0.0173480015372096,0.0184468733014285,-0.168976433730098,2.18259624326832,2.29849837288366,2.23081545547056,2.22737456732055,2.23527238790539,-13
"BEL",1990,9967378,347624363338.686,348722684757.006,34876.2095045142,34986.4011134128,0.0217435147906109,0.0229608070309606,0.013971108125574,0.0126900600594517,0.00777240666503687,0.0102707469715089,-0.238725871129842,2.1362072333859,2.44711627328121,2.18348007338994,2.30431653024304,2.20105933983265,-12
"BEL",1991,10004486,352835032481.414,355292985843.171,35267.6821659218,35513.3672877518,0.0111621045432564,0.0149497225521156,-0.00159154152538754,-0.00272806202020348,0.0127536460686439,0.0176777845723191,-0.256627889169181,2.12760369207844,2.49197926217297,2.17168351708231,2.39172873257762,2.18260349398541,-11
"BEL",1992,10045165,361721145313.374,364151356680.691,36009.4777251915,36251.406192003,0.020815148734382,0.0205690031281662,0.00789040030221599,0.00714947758168449,0.012924748432166,0.0134195255464817,-0.293523810937089,2.00657575996719,2.74233220497548,2.02883025864583,2.46399884039016,2.05454003603208,-10
"BEL",1993,10084479,362560805855.214,368588224095.842,35952.3586548412,36550.0512317832,-0.00158748262187736,0.00820441583333675,-0.00340563508537883,-0.00388240817350116,0.00181815246350148,0.0120868240068379,-0.342813428037706,2.04415835608013,2.88635221581276,2.02592026956283,2.49277841217468,2.07496275230464,-9
"BEL",1994,10115601,373225113331.549,382367904823.266,36895.9899991655,37799.8207741949,0.0259081817029667,0.033621773305704,0.0187885389977023,0.0188164926266712,0.00711964270526444,0.0148052806790329,-0.332308732503273,2.07593016303193,2.90370603384571,2.096346719724,2.41747679993431,2.12322109425136,-8
"BEL",1995,10136814,381194721730.556,389565503128.657,37604.983353799,38430.7636628883,0.0190337045871161,0.0165539147181821,0.015848771362899,0.0144459526849445,0.00318493322421709,0.0021079620332376,-0.297362912537265,2.02009797228383,2.81621280673047,2.06092704944041,2.29004144774878,2.07263366980915,-7
"BEL",1996,10156641,380176492473.258,389018656191.175,37431.3212875456,38301.900814568,-0.00462875609741253,-0.00335875133079,0.0148317097559261,0.0178701593677086,-0.0194604658533386,-0.0212289106984986,-0.262134733728799,2.05601740226988,2.79147541211053,2.09750976974941,2.38794968053035,2.10250791601147,-6
"BEL",1997,10181246,391218976594.446,400738749211.607,38425.4517172501,39360.4819303656,0.0262122236504805,0.0272627916966091,0.0186296603121452,0.0221912097628731,0.00758256333833529,0.00507158193373591,-0.219512554103839,2.04835996209541,2.79939209418026,2.08296170975545,2.4029042152933,2.07848025623642,-5
"BEL",1998,10203012,402277915992.966,412047807612.8,39427.3687018075,40384.9184547465,0.0257401670848267,0.0256940934207641,0.018980453161662,0.0217722047165161,0.00675971392316477,0.00392188870424803,-0.157543826496534,2.06262987345893,2.91821385397683,2.04389941649115,2.5371245841432,2.06114242559459,-4
"BEL",1999,10226419,414379599783.597,424032477576.033,40520.4988944416,41464.4146280368,0.0273477793488972,0.0263791708532377,0.0203275958208504,0.0202952471772466,0.00702018352804679,0.00608392367599109,-0.23943608361509,2.01694278355172,2.82135574945427,1.98416334631837,2.48880676791379,2.00292153284311,-3
"BEL",2000,10251251,427559927360.673,438578947473.484,41708.07322547,42782.9683882957,0.0288867209896484,0.0313045079888745,0.0261166437776854,0.0293960548351482,0.00277007721196298,0.00190845315372634,-0.232916988295208,2.03416860735564,3.11672415563674,1.94248601437963,2.58127703161849,1.98077106282249,-2
"BEL",2001,10286571,430209348910.006,438256765829.302,41822.4254622854,42604.7480573752,0.00273797738667447,-0.00417438472738141,0.00303976255030847,0.00380190788157719,-0.000301785163633994,-0.0079762926089586,-0.230293197341325,2.03460584677278,2.92881164497558,1.97456196854798,2.4965836913025,1.99731731418502,-1
"BEL",2002,10332786,437530091003.839,445091312367.211,42343.86456894,43075.6344288182,0.0123908462154212,0.0109918069645225,0.00568943842718639,0.00382292913555382,0.0067014077882348,0.00716887782896869,-0.288752349692016,2.06731700741086,2.9331423894807,2.03153845723055,2.46658522129468,2.03497997010687,0
"BEL",2003,10376131,443207887729.463,451670599034.738,42714.1761924038,43529.7703001956,0.00870732407709163,0.0104875679592897,0.0110416401145379,0.0103800031386658,-0.00233431603744627,0.000107564820623907,-0.2988816216904,2.11639049321368,2.81911106647296,2.09996991038739,2.51001652951793,2.09106528824684,1
"BEL",2004,10421136,458216160830.306,464578736854.951,43969.8858963463,44580.4312365706,0.0289741278805042,0.023849922495959,0.0227653682450661,0.0249738120954621,0.0062087596354381,-0.00112388959950316,-0.237431279823366,2.08411270785489,2.6491844284161,2.08364666103911,2.45399118669817,2.06432493829125,2
"BEL",2005,10478620,465669023325.054,471486626828.774,44439.9189325555,44995.1068775062,0.010633152414691,0.00925874657255754,0.0174697256407548,0.0186843977423852,-0.00683657322606379,-0.00942565116982763,-0.263651979715934,2.0835300342042,2.49118397361493,2.09115862981085,2.47229637399879,2.07555677245701,3
"BEL",2006,10547956,479776028126.645,486675829250.5,45485.2132609053,46139.3495811416,0.023249149291745,0.0251124082059491,0.0200552080985297,0.0239470340915293,0.00319394119321537,0.00116537411441975,-0.237004691999966,2.05956393806411,2.34888202077891,2.09249162426245,2.41016536990153,2.06980271366353,4
"BEL",2007,10624835,497947633310.128,504874173432.618,46866.3874130872,47518.3071956052,0.0299134423601366,0.029448895423112,0.0159418115266732,0.010288304605611,0.0139716308334634,0.019160590817501,-0.300769860921961,2.10528001645213,2.24549350353803,2.1827486715841,2.3372550085417,2.14249008656562,5
"BEL",2008,10709108,487820219909.581,499685266664.989,45551.9002992201,46659.8400786498,-0.0284483904129704,-0.0182312122200603,-0.0187693994548681,-0.0243465806951786,-0.00967899095810232,0.00611536847511829,-0.443682098400398,2.24594500708117,2.4403791282935,2.19816555607174,2.65758019970541,2.18343409114934,6
"BEL",2009,10796498,482517819185.276,491970306226.617,44692.0676672451,45567.5818424287,-0.019056313045219,-0.0236873000261753,-0.0387510689984403,-0.0366836784257103,0.0196947559532212,0.012996378399535,-0.403938129039855,2.15509237082352,2.17252585835137,2.11764403587665,2.58119972231905,2.06480306024751,7
"BEL",2010,10895591,493237622390.729,500752779269.776,45269.4693101759,45959.2122418853,0.0128368098450409,0.00855777356730236,0.0167504125516587,0.0228731796146899,-0.00391360270661778,-0.0143154060473876,-0.386402049376167,2.12767317839212,2.26923432130702,2.04896186586665,2.59917395412909,1.99877928195625,8
"BEL",2011,10993609,496743360907.982,497528323316.776,45184.7396890305,45256.1413924013,-0.0018734262753366,-0.0154159304371806,0.00119925152008449,0.00522537732113726,-0.00307267779542109,-0.0206413077583179,-0.383259627490184,2.12628065245085,2.07103024982607,2.05190480423226,2.58103678911386,1.99342963481237,9
"BEL",2012,11067748,494746694035.198,505916327124.923,44701.6587326706,45710.8643171965,-0.0107488032887684,0.00999761856059322,0.000314495414055926,0.00206807139287335,-0.0110632987028243,0.00792954716771987,-0.344772203792739,2.09702264924244,2.11981166567604,1.98636567837441,2.56478853542142,1.94407654708443,10
"BEL",2013,11125033,497727563968.202,509161707612.034,44739.4236015482,45767.2087455411,0.000844463643241866,0.00123186756308868,0.00703338161887146,0.00401165715473972,-0.00618891797562959,-0.00277978959165104,-0.356453240464401,1.9877041453649,2.24231355616024,1.82321023193315,2.4933464820242,1.80526841731716,11
"BEL",2014,11179778,509041117054.366,519368927897.681,45532.3099487634,46456.1038598155,0.0175671100252881,0.0149399952877936,0.0143207731593833,0.0170726811434019,0.00324633686590481,-0.00213268585560833,-0.343630400402465,1.88764337698337,2.14445633456606,1.7099910549841,2.38271552548548,1.70807441103428,12
"BEL",2015,11238474,519423798559.496,526734566836.417,46218.3565633107,46868.8691041521,0.0149548646709281,0.00884581956461084,0.0241809764917988,0.021480105164903,-0.00922611182087074,-0.0126342856002921,-0.340102999092615,1.94177274132643,2.22220530331186,1.72679458126945,2.44688767931796,1.73711717173822,13
"BEL",2016,11295003,525217937102.567,529926874394.088,46500.0263481619,46916.9308227796,0.00607583183635718,0.00102492536977117,0.0151142989677542,0.0123071006723539,-0.009038467131397,-0.0112821753025827,-0.414932966828056,1.8903716800666,2.28276217687917,1.67776967317648,2.36782263941568,1.70862879749667,14
"BEL",2017,11349081,532217021072.196,536963205944.078,46895.1645575704,47313.3644868759,0.00846168979875905,0.0084141942186502,0.0157229692398833,0.0173803730333173,-0.0072612794411242,-0.0089661788146671,-0.442854618202202,1.85968208269218,2.27091465744044,1.62095457957583,2.3507660477441,1.67386115527603,15
"CAN",1987,26446601,850597614749.618,824376324826.747,32162.8331273882,31171.3525994039,0.0308957458892039,0.0338166238272208,0.0255348473212589,0.0288714823671139,0.00536089856794497,0.00494514146010694,0.0677545922942445,0.532484755413737,1.44663633460955,0.107691800337368,2.00374617051057,0.233988464465488,-15
"CAN",1988,26791747,892485201314.722,863591979875.879,33311.9449550909,32233.5075751454,0.0351045048386354,0.0335070323090285,0.0365327592503171,0.0408260742196287,-0.00142825441168171,-0.00731904191060018,0.0551752084354893,0.492978751209311,1.57275504433452,-0.0416739593320921,2.00243293343488,0.153799259679575,-14
"CAN",1989,27276781,910714884271.301,879401639823.949,33387.9164213439,32239.9347571089,0.00227801070463052,0.000199374556480336,0.0293847642884248,0.0252681537243973,-0.0271067535837943,-0.0250687791679169,0.0490588478115157,0.520202047980018,1.26377176755636,-0.0693284246947516,1.86046833891793,0.163610988044771,-13
"CAN",1990,27691138,900124749873.522,867735835996.569,32505.8778687074,31336.2287962513,-0.0267731202493771,-0.0284309962500053,0.013971108125574,0.0126900600594517,-0.0407442283749511,-0.0411210563094571,0.0562819547899973,0.596559831758614,1.24833348511077,-0.0464501336889647,2.23946367288964,0.138121215008868,-12
"CAN",1991,28037420,859867124025.621,831370830062.382,30668.5538122131,29652.1873290189,-0.0581831066392731,-0.0552390033643704,-0.00159154152538754,-0.00272806202020348,-0.0565915651138855,-0.0525109413441669,0.0325162730667694,0.684607698505171,1.52000916437277,-0.0960317965481452,2.3788845118315,0.169704157624613,-11
"CAN",1992,28371264,867359044960.458,836266553988.525,30571.7448810338,29475.8299802407,-0.0031616113534767,-0.00596528954535458,0.00789040030221599,0.00714947758168449,-0.0110520116556927,-0.0131147671270391,0.0265608831449016,0.665937294259048,1.93297866602199,-0.101289733649186,2.40201234252444,0.20490118732319,-10
"CAN",1993,28684764,885375847787.585,855282856207.282,30865.7183927881,29816.6251675378,0.0095699184072835,0.0114955246620738,-0.00340563508537883,-0.00388240817350116,0.0129755534926623,0.015377932835575,0.00485276842660587,0.741757290053752,2.07386934513735,-0.123754210616423,2.40306900279816,0.285679238719061,-9
"CAN",1994,29000663,937080612096.658,903517268136.601,32312.3858270639,31155.0555977497,0.0458044879678283,0.0439104010717735,0.0187885389977023,0.0188164926266712,0.027015948970126,0.0250939084451023,-0.00944370317919418,0.808293519109032,2.22947628941841,0.0324066116456669,2.34631881851306,0.402295520582143,-8
"CAN",1995,29302311,963295312995.076,930111345626.909,32874.380215099,31741.9109239168,0.0172430186835602,0.0186613882807922,0.015848771362899,0.0144459526849445,0.00139424732066118,0.00421543559584769,-0.0135056160973321,0.9831607946851,2.408429048641,0.164873677404309,2.47818076913298,0.541088376900692,-7
"CAN",1996,29610218,980575222005.217,947995592748.587,33116.109513453,32015.8261836703,0.00732621868853656,0.00859242995244536,0.0148317097559261,0.0178701593677086,-0.00750549106738951,-0.00927772941526328,-0.0157570305141963,1.13672087041227,2.575256889397,0.239882063796301,2.65206974618483,0.676671740314687,-6
"CAN",1997,29905948,1017779468267.95,986207774677.972,34032.676986797,32976.9775122318,0.0273012946778159,0.029579318069322,0.0186296603121452,0.0221912097628731,0.00867163436567076,0.00738810830644887,-0.00927816245411017,1.15789738826683,2.61164218704117,0.172634005525907,2.66818281522059,0.64228432276069,-5
"CAN",1998,30155173,1045102575297.6,1009939807426.86,34657.48895878,33491.4280686387,0.0181926829354619,0.0154798606902382,0.018980453161662,0.0217722047165161,-0.000787770226200024,-0.00629234402627787,-0.000308688459232265,1.18392218697524,2.52675255819922,0.11428331562261,2.66454173823001,0.620967913042764,-4
"CAN",1999,30401286,1100873200968.53,1063819799935.66,36211.4024047708,34992.5920875734,0.0438602189426529,0.043846856906228,0.0203275958208504,0.0202952471772466,0.0235326231218025,0.0235516097289814,0.0330188797479538,1.1378601360647,2.48745901752567,-0.114380151037036,2.55662115414952,0.607756221998626,-3
"CAN",2000,30685730,1176084593888.87,1145226582966.2,38326.7595031591,37321.1451370459,0.0567742809748779,0.0644236753341403,0.0261166437776854,0.0293960548351482,0.0306576371971925,0.0350276204989921,-0.0874902031903365,1.03618902149663,2.62607609881511,-0.245073438877614,2.38611976887576,0.481240484268775,-2
"CAN",2001,31020855,1187018336730.86,1153595354861.39,38265.1715025539,37187.7356333792,-0.00160821154579693,-0.00358104013523963,0.00303976255030847,0.00380190788157719,-0.0046479740961054,-0.00738294801681683,-0.122679644230878,0.976247284654078,2.52942928968661,-0.221818512645104,2.20637551240065,0.480349659380004,-1
"CAN",2002,31359199,1210652065800.77,1180018976419.86,38605.9626650785,37629.1172622063,0.00886661550848622,0.0117991263324342,0.00568943842718639,0.00382292913555382,0.00317717708129983,0.00797619719688036,-0.00511093261709905,0.825565255764882,2.51515719798785,-0.297409991013809,1.96853247031785,0.341844523361631,0
"CAN",2003,31642461,1238410114877.46,1207947966105.18,39137.6042109197,38174.9057415343,0.0136770116065712,0.0144002360086493,0.0110416401145379,0.0103800031386658,0.0026353714920333,0.00402023286998343,-0.0701585125233882,0.872132994461495,2.41575471030214,-0.312966742527237,1.99359763056309,0.388895451259806,1
"CAN",2004,31938807,1294301164820.5,1266404132757.02,40524.4054613717,39650.9529224751,0.034820647267944,0.0379365991591492,0.0227653682450661,0.0249738120954621,0.0120552790228778,0.012962787063687,-0.0605702767470477,0.855257464910121,2.24559813177598,-0.36091825235175,2.01336641196333,0.32961998774649,2
"CAN",2005,32242732,1347665704605.48,1320110221635.17,41797.5035305779,40942.8773478366,0.0309322169941932,0.0320628786850232,0.0174697256407548,0.0186843977423852,0.0134624913534385,0.013378480942638,-0.0515063369490006,0.858967965644708,2.00521170072249,-0.279489354180652,2.00807609190855,0.388787938131707,3
"CAN",2006,32571193,1390932166311.78,1368797760368.14,42704.3665951009,42024.7965853796,0.0214645635882071,0.0260819791280564,0.0200552080985297,0.0239470340915293,0.00140935548967747,0.00213494503652711,-0.0842077252753802,0.773228619608415,1.87548508306784,-0.251835419925647,1.76444549997207,0.410196185555358,4
"CAN",2007,32888886,1435567970537.56,1414436564627.29,43649.0299652459,43006.5209453215,0.0218798818337476,0.0230919151282158,0.0159418115266732,0.010288304605611,0.00593807030707438,0.0128036105226048,-0.0567581035673385,0.80116424807824,1.77043880879711,-0.147274290252809,1.66219020247591,0.476868639500964,5
"CAN",2008,33247298,1472887215427.75,1451246886584.46,44300.9598983878,43650.0700473303,0.0148252859312485,0.0148531329470813,-0.0187693994548681,-0.0243465806951786,0.0335946853861167,0.0391997136422599,-0.0710337093474808,0.604899197660898,1.77173824988535,-0.0787872702226202,1.2813897049562,0.357985075271312,6
"CAN",2009,33630069,1392535006121.14,1368557654949.7,41407.4382696371,40694.4646753387,-0.0675458119099357,-0.0701128068977965,-0.0387510689984403,-0.0366836784257103,-0.0287947429114954,-0.0334291284720862,-0.0385944114495382,0.775761786675219,1.73313630697115,0.0736577016677809,1.42103070716917,0.514100587872187,7
"CAN",2010,34005902,1450694570012.68,1422022844587.37,42660.0820649509,41816.9423821598,0.0298031036976507,0.0272094974216888,0.0167504125516587,0.0228731796146899,0.0130526911459921,0.00433631780699884,-0.0243084064969723,0.763055823338068,1.86119316780016,0.0618315285328708,1.36574986250246,0.527054064851044,8
"CAN",2011,34339221,1501035484752.3,1472683505110.9,43711.9841697138,42886.339940877,0.0243586650593741,0.0252517813741129,0.00119925152008449,0.00522537732113726,0.0231594135392896,0.0200264040529756,-0.0368000581593241,0.705144666326567,1.82711708818735,0.114082267064272,1.1636759061986,0.569339219770143,9
"CAN",2012,34713395,1522913006843.56,1495890317217.25,43871.0476703175,43092.5963080606,0.00363229434164225,0.00479784402642203,0.000314495414055926,0.00206807139287335,0.00331779892758632,0.00272977263354868,-0.0291855451879415,0.713735551796543,1.82540026401501,0.135545085137438,1.11683695333462,0.61196314729759,10
"CAN",2013,35080992,1570723581287.72,1546800818577.58,44774.2065357706,44092.277053556,0.0203776305053687,0.0229334406561712,0.00703338161887146,0.00401165715473972,0.0133442488864972,0.0189217835014315,-0.0699911866552314,0.777543337092875,1.99216598690136,0.0989179091331491,1.21994671747459,0.648006860143056,11
"CAN",2014,35434066,1616408266548.25,1590289176513.48,45617.3521420954,44880.2340807707,0.0186559469236922,0.0177128332895293,0.0143207731593833,0.0170726811434019,0.00433517376430892,0.000640152146127448,-0.0732701299303868,0.846925680685146,2.01496059284114,0.205518417676031,1.24300638057118,0.746151512967935,12
"CAN",2015,35704498,1594850974566.56,1570419104485.27,44668.0688401378,43983.7889468511,-0.0210292708358271,-0.0201763439002605,0.0241809764917988,0.021480105164903,-0.0452102473276259,-0.0416564490651634,-0.16272160292218,0.976073782211798,2.11040087610544,0.374588572592394,1.35061250722273,0.876662405873595,13
"CAN",2016,36110803,1600107879175.81,1580558540514.19,44311.0578066018,43769.6868860599,-0.00802464494306676,-0.0048796354466436,0.0151142989677542,0.0123071006723539,-0.0231389439108209,-0.0171867361189975,-0.13329854053629,1.04480039741525,2.20539332712961,0.458861918215152,1.41321933705249,0.949870296110174,14
"CAN",2017,36545075,1664458471961.02,1643291189365.67,45545.3565757088,44966.1463101573,0.0274744194614378,0.0269684048713845,0.0157229692398833,0.0173803730333173,0.0117514502215545,0.00958803183806722,-0.159084598091075,1.10413360826098,2.20963213358898,0.501428067873957,1.46948522282663,1.01622111659572,15
"DEU",1987,77839920,2613379908394.8,2623380990496.88,33573.7743357753,33702.2570230914,0.022607386121356,0.0211571523760696,0.0255348473212589,0.0288714823671139,-0.00292746119990284,-0.00771432999104427,0.0150312317123481,0.804241985320424,0.487828839091121,0.88312117235919,1.19491010639464,0.842263227073485,-15
"DEU",1988,78144617,2721406286277.65,2745423283951.49,34825.2559261714,35132.5963239604,0.0365976320804116,0.041564560628105,0.0365327592503171,0.0408260742196287,6.48728300944867e-05,0.000738486408476291,-0.0239889715350622,0.827822015496448,0.850690513780633,0.902332143268303,1.17287394861129,0.871173113871129,-14
"DEU",1989,78751284,2830156572819.42,2858682130005.92,35937.9102037171,36300.1335953573,0.0314498642969294,0.0326920518541662,0.0293847642884248,0.0252681537243973,0.00206510000850457,0.00742389812976896,-0.0206976821710732,1.07653608393641,0.696350868958815,1.16112642796426,1.16873531685629,1.1230447445405,-13
"DEU",1990,79433034,2999191318176.7,3029161454376.94,37757.4815809843,38134.7822415664,0.0493909107774861,0.0493053638241321,0.013971108125574,0.0126900600594517,0.0354198026519121,0.0366153037646804,-0.0184949408657754,1.04759404931045,0.649232208529536,1.13232117988431,1.34618670233382,1.09545236148673,-12
"DEU",1991,80013901,3123252842954.48,3132135068231.44,39033.8779127202,39144.886439563,0.0332462898535599,0.0261430139344014,-0.00159154152538754,-0.00272806202020348,0.0348378313789475,0.0288710759546049,-0.0522808400262396,0.898494033599318,0.680365560248879,0.979745144116536,1.26384644623603,0.938830986868221,-11
"DEU",1992,80624601,3193844718018.55,3197732302964.91,39613.773940023,39661.9922865095,0.014746951063211,0.0131235566475567,0.00789040030221599,0.00714947758168449,0.00685655076099501,0.00597407906587222,-0.138990557654583,0.723693290675771,1.30098396258807,0.760911624211872,1.20663352791049,0.767671744555186,-10
"DEU",1993,81156368,3141888199518.32,3144628345318.6,38714.0070082771,38747.7707888382,-0.0229754118007026,-0.0233201298684218,-0.00340563508537883,-0.00388240817350116,-0.0195697767153238,-0.0194377216949206,-0.13268655334966,0.793164412402931,1.29775746771782,0.840702009922351,1.15731659643659,0.83709771992775,-9
"DEU",1994,81438346,3199957033409.45,3193404750467.65,39293.0012774259,39212.5443027495,0.0148449457221282,0.0119234772134966,0.0187885389977023,0.0188164926266712,-0.00394359327557403,-0.00689301541317455,-0.155007681665533,0.825280676403712,1.56432054699458,0.855960682705342,1.18324593420768,0.869954559824156,-8
"DEU",1995,81678046,3252252156978.08,3247854607704.54,39817.9476156675,39764.1075755478,0.0132713372900621,0.0139679823684311,0.015848771362899,0.0144459526849445,-0.00257743407283684,-0.000477970316513421,-0.149868108867193,0.827911219862552,1.57535892007573,0.864200815624806,1.15788592807053,0.870355962158732,-7
"DEU",1996,81914834,3254084855442.36,3254471250178.28,39725.2206534699,39729.9376835492,-0.00233148883101819,-0.000859684369858726,0.0148317097559261,0.0178701593677086,-0.0171631985869443,-0.0187298437375674,-0.15158458430734,0.88149177955671,1.66267882792267,0.909296298445496,1.24573422126367,0.922205132006072,-6
"DEU",1997,82034775,3256101257902.86,3249745241254.49,39691.7192483658,39614.2397081541,-0.000843684159391955,-0.0029163591129393,0.0186296603121452,0.0221912097628731,-0.0194733444715371,-0.0251075688758124,-0.154033617634548,0.943935826152277,1.94416620375368,0.896733606803361,1.44662564077177,0.942711598617807,-5
"DEU",1998,82047197,3317128178967.01,3298069917715.56,40429.5125276127,40197.2284039826,0.0184174436130906,0.0146094058598845,0.018980453161662,0.0217722047165161,-0.000563009548571358,-0.00716279885663162,-0.180908595363167,1.05315125657441,2.12574858048502,1.0090492174569,1.43844991753392,1.07257458115159,-4
"DEU",1999,82100243,3387396905166.34,3362777924655.04,41259.2798923426,40959.4150002094,0.0203160281813286,0.0187836503342229,0.0203275958208504,0.0202952471772466,-1.15676395218145e-05,-0.00151159684302371,-0.139383295107413,1.04733126401303,2.07094174539439,0.969785023625699,1.44978283112633,1.05030008802997,-3
"DEU",2000,82211501,3423570364970.74,3403202495675.09,41643.4479765883,41395.6983424386,0.00926799018514579,0.010595272252969,0.0261166437776854,0.0293960548351482,-0.0168486535925396,-0.0188007825821792,-0.180821813545316,1.18540090461615,2.52484073167532,1.06732413733465,1.58185230485782,1.17580942506919,-2
"DEU",2001,82349926,3460803614738.73,3435663281037.32,42025.582569907,41720.2959118302,0.00913449690757595,0.00781075225177297,0.00303976255030847,0.00380190788157719,0.00609473435726748,0.00400884437019577,-0.196167436407311,1.21923643366823,2.30522474034072,1.13214738193866,1.61850149258552,1.20110919060974,-1
"DEU",2002,82488493,3455574725454.79,3419203035883.56,41891.5972371418,41450.6667721952,-0.0031932781089079,-0.00648375527980427,0.00568943842718639,0.00382292913555382,-0.00888271653609429,-0.0103066844153581,-0.28172916498153,1.25248144888258,2.26492005738286,1.22718185248693,1.54518158495048,1.25287268777246,0
"DEU",2003,82534175,3447045476564.52,3411599891320.34,41765.0685496586,41335.6029950059,-0.00302495402547898,-0.00277978103388499,0.0110416401145379,0.0103800031386658,-0.0140665941400169,-0.0131597841725508,-0.244888251007359,1.25937159603315,2.11210427653588,1.28132581181307,1.46507004611638,1.29117650151418,1
"DEU",2004,82516268,3469597009422.36,3490495935692.35,42047.4300827851,42300.7004593609,0.0067379592782224,0.02307945863922,0.0227653682450661,0.0249738120954621,-0.0160274089668437,-0.00189435345624211,-0.266803630355134,1.22594617529393,1.96086011543213,1.26432669939882,1.38815364913016,1.26637509981055,2
"DEU",2005,82469421,3465423090096.99,3493741481395.69,42020.7035295785,42364.0840329859,-0.000635830794822212,0.00149728333560084,0.0174697256407548,0.0186843977423852,-0.018105556435577,-0.0171871144067843,-0.316990980469883,1.22745608884454,1.80341430477205,1.26375313928003,1.42636385583521,1.27415066412845,3
"DEU",2006,82376447,3558987819405.25,3618636782672.8,43203.9490536081,43928.0512143574,0.0277694663418746,0.0362521672726661,0.0200552080985297,0.0239470340915293,0.00771425824334493,0.0123051331811368,-0.335564986532676,1.23856870949826,1.609546326616,1.34248076164937,1.34337577790833,1.32171057591474,4
"DEU",2007,82266373,3645423955479.19,3697975464443.96,44312.4428918143,44951.2398515972,0.0253336111812388,0.0230252475962658,0.0159418115266732,0.010288304605611,0.0093917996545656,0.0127369429906548,-0.307763522234333,1.24289819144945,1.35640278596855,1.40744632830697,1.24747560843354,1.34819030139719,5
"DEU",2008,82110097,3617815508813.39,3652352199996.59,44060.543599326,44481.1580236787,-0.00570083652725017,-0.0105126591341769,-0.0187693994548681,-0.0243465806951786,0.0130685629276179,0.0138339215610017,-0.270496126707796,1.25716053445899,1.37074629776344,1.45640305142976,1.1369026735235,1.40091403926989,6
"DEU",2009,81902308,3473781865229.18,3551715859191.94,42413.7237405957,43365.2719431538,-0.0380926960097572,-0.025406749163114,-0.0387510689984403,-0.0366836784257103,0.000658372988683098,0.0112769292625963,-0.348682971218882,1.19897078731705,1.19846024424917,1.45638618680383,1.03890095710207,1.359507465475,7
"DEU",2010,81776936,3602953578635.54,3675308572766.12,44058.3097737428,44943.094624701,0.0380419957226295,0.0357381904938343,0.0167504125516587,0.0228731796146899,0.0212915831709708,0.0128650108791444,-0.324182936270444,1.2247271988788,1.34046117953385,1.5012418425891,1.04344060590616,1.39397117146871,8
"DEU",2011,80274981,3707388536849.2,3802755357754.78,46183.6115146411,47371.6133019674,0.0471110273191613,0.0526260481784018,0.00119925152008449,0.00522537732113726,0.0459117757990768,0.0474006708572645,-0.344173640673773,1.20404724127917,1.17263520761113,1.49183417408842,1.0056314928131,1.38898362704679,9
"DEU",2012,80425826,3703682269021.42,3793182278698.17,46050.9074413661,47163.7341803387,-0.00287753796182599,-0.00439792019020047,0.000314495414055926,0.00206807139287335,-0.00319203337588192,-0.00646599158307382,-0.303890474437396,1.25849817163463,1.20743050826831,1.5579706678437,1.07354582170505,1.44342060084828,10
"DEU",2013,80645605,3736371324272.4,3824140491725.12,46330.749509194,47419.0811976068,0.00605840884469444,0.00539945098091188,0.00703338161887146,0.00401165715473972,-0.000974972774177019,0.00138779382617216,-0.304342183387357,1.19017854091753,1.3332546747849,1.48143975408187,1.04813206592838,1.36024268669185,11
"DEU",2014,80982495,3855208814392.43,3936133489994.88,47605.4586166113,48604.7446425907,0.0271415545630731,0.0246964479237857,0.0143207731593833,0.0170726811434019,0.0128207814036898,0.00762376678038379,-0.338041988369375,1.09897029043781,1.22921382896305,1.38054769764546,0.952738922285856,1.26425171620789,12
"DEU",2015,81686608,3967282765427.53,4045526279940.68,48567.1135399272,49524.9635036955,0.0199991942425797,0.0187557031253895,0.0241809764917988,0.021480105164903,-0.00418178224921917,-0.00272440203951341,-0.352918023218198,1.1595002266992,1.34427597645668,1.41435386855945,1.04012339762478,1.30627783637306,13
"DEU",2016,82348669,4086217874172.19,4203454566339.22,49620.9340575036,51044.5963169024,0.021466176575947,0.0302228325553848,0.0151142989677542,0.0123071006723539,0.00635187760819278,0.017915731883031,-0.366042081460685,1.10391738922737,1.36284511150068,1.36401529479599,0.964020889535956,1.26179531218118,14
"DEU",2017,82657000,4199182397440.13,4305941165185.29,50802.5018744949,52094.0896135269,0.02353280056907,0.020351810992846,0.0157229692398833,0.0173803730333173,0.00780983132918678,0.0029714379595287,-0.354681588689364,1.1440008702561,1.39705738635039,1.40360242665605,1.02259460918251,1.29375153860713,15
"DNK",1987,5127024,186020214592.807,181227947201.54,36282.2983845614,35347.5909614505,0.00905860846236628,0.0126352876794034,0.0255348473212589,0.0288714823671139,-0.0164762388588926,-0.0162361946877105,-0.0041203699530451,0.635403493209671,0.83134842187001,0.67163486677608,1.11728620836974,0.659304974947942,-15
"DNK",1988,5129517,184684687902.21,179574036065.174,36004.3036999798,35007.9814659301,-0.00769149599114627,-0.00965416445392009,0.0365327592503171,0.0408260742196287,-0.0442242552414633,-0.0504802386735488,-0.00260299353741567,0.749623136827519,0.981988736285613,0.777035925061131,1.28057012331162,0.763067431938618,-14
"DNK",1989,5132594,186062476943.809,180331803545.179,36251.1581753416,35134.6324188469,0.00683285192232752,0.00361124524853729,0.0293847642884248,0.0252681537243973,-0.0225519123660973,-0.02165690847586,0.00812740063710149,1.02733760090068,0.828579219273549,1.01139631010253,1.57678265517387,0.993246190971987,-13
"DNK",1990,5140939,189407429243.519,183151193408.918,36842.9637549713,35626.0195674211,0.01619332707123,0.0138889349915985,0.013971108125574,0.0126900600594517,0.002222218945656,0.00119887493214677,0.00968563717892967,1.13005374432609,0.83729935990012,1.15258801731173,1.74243955698413,1.12488674516603,-12
"DNK",1991,5154298,192395632352.688,185887431049.668,37327.2232906766,36064.5486639825,0.0130582498499159,0.0122340937457164,-0.00159154152538754,-0.00272806202020348,0.0146497913753034,0.0149621557659199,-0.0163747381196629,1.10301790548308,1.0848157782648,1.0864753634454,1.86052956710229,1.06682800779319,-11
"DNK",1992,5171370,195392480611.063,189565400298.514,37783.5042959725,36656.7080480634,0.0121497057153555,0.0162860901841384,0.00789040030221599,0.00714947758168449,0.00425930541313946,0.00913661260245391,-0.0456073755852671,0.944000645488602,1.24785973059878,0.912868666295017,1.85033025024472,0.900720641157851,-10
"DNK",1993,5189377,194075039285.24,189577128171.592,37398.5238083954,36531.7702243626,-0.0102413798136496,-0.00341414244454974,-0.00340563508537883,-0.00388240817350116,-0.00683574472827075,0.000468265728951422,-0.0613247076391432,1.01770864737754,1.3037239313796,1.01224808041935,1.75700580373062,0.991902501615347,-9
"DNK",1994,5204994,203877725268.572,199378545330.494,39169.6369426308,38305.2401848098,0.046270645596012,0.0474044071734294,0.0187885389977023,0.0188164926266712,0.0274821065983097,0.0285879145467582,-0.0669714446819715,0.925524550056143,1.42103181598004,0.844608650679367,1.83839975450634,0.843085050528659,-8
"DNK",1995,5227861,208425118051.505,204661331887.337,39868.1445530982,39148.1969178861,0.0176757440174438,0.0217676593645457,0.015848771362899,0.0144459526849445,0.00182697265454479,0.00732170667960119,-0.0702924738490422,0.870563590751752,1.48671182446493,0.758384017712722,1.7783079081065,0.766673776144848,-7
"DNK",1996,5261503,214245019987.908,210045045314.766,40719.3571851823,39921.1110047388,0.0211259630079468,0.0195509161970744,0.0148317097559261,0.0178701593677086,0.00629425325202071,0.00168075682936575,-0.102872231190855,0.991310894167813,1.8041642867782,0.894450448030367,1.78160820765338,0.93020946727181,-6
"DNK",1997,5284220,220667867534.745,216669445766.594,41759.7805418292,41003.1084562327,0.0252301024370247,0.0267425980000731,0.0186296603121452,0.0221912097628731,0.00660044212487954,0.00455138823719992,-0.112013866600523,1.00389621559818,2.1187132560214,0.869432523442401,1.69437538163304,0.953723184820471,-5
"DNK",1998,5301304,224441489302.621,221246863567.495,42337.0343037527,41734.422996209,0.0137285301311003,0.0176783999537324,0.018980453161662,0.0217722047165161,-0.00525192303056166,-0.00409380476278365,-0.157430396758268,1.07741431720853,2.23932747010662,0.934378388865942,1.68340675509499,1.04050658944268,-4
"DNK",1999,5319111,229274199359.254,226858190475.129,43103.8568962471,42649.6439865852,0.0179502617905918,0.0216926467879368,0.0203275958208504,0.0202952471772466,-0.00237733403025864,0.00139739961069019,-0.208278289543911,1.04233226192831,2.27928011152187,0.737002043725674,1.76893566743059,0.951284042414452,-3
"DNK",2000,5337344,238066945015.691,232643940290.744,44604.0099749409,43587.9606580996,0.0342112844785447,0.0217620539508836,0.0261166437776854,0.0293960548351482,0.0080946407008593,-0.00763400088426458,-0.204068582107922,1.21763407177357,2.6923035714204,0.810418186527816,2.04575506366819,1.0545451704787,-2
"DNK",2001,5355082,240750148171.904,237201028353.152,44957.3224409829,44294.5651164915,0.00788988482699438,0.0160810053955487,0.00303976255030847,0.00380190788157719,0.00485012227668591,0.0122790975139715,-0.245840908212472,1.18543535021025,2.45878402428022,0.787051962887192,2.01725694013164,0.994501007600974,-1
"DNK",2002,5374255,241766237714.915,238760515391.437,44986.0004251595,44426.7187529131,0.000637690141624958,0.00297907623504479,0.00568943842718639,0.00382292913555382,-0.00505174828556143,-0.000843852900509034,-0.188691308796226,1.14722831846952,2.22482727790549,0.888595943912726,1.88494553021168,0.97268144962962,0
"DNK",2003,5387174,241451536465.762,239293413373.575,44819.7025872492,44419.0986542433,-0.00370350706937117,-0.000171535338653328,0.0110416401145379,0.0103800031386658,-0.0147451471839091,-0.0105515384773192,-0.162740828351671,1.18172784770133,2.16025115148121,1.00621591046999,1.76725144793887,1.08103642235097,1
"DNK",2004,5401177,250437891151.676,250744951176.901,46367.2809003808,46424.131476695,0.0339462248501903,0.0441498721482976,0.0227653682450661,0.0249738120954621,0.0111808566051241,0.0191760600528355,-0.187709059016269,1.18422316418908,2.06323158296049,1.01202032545757,1.76211100509495,1.08481840985879,2
"ESP",1987,38682322,872365481665.786,861328122896.68,22552.0453933915,22266.7119853012,0.0577226107620952,0.0579364842744781,0.0255348473212589,0.0288714823671139,0.0321877634408363,0.0290650019073642,0.0785798286591253,-0.423190651892387,-0.27831102186185,-0.434382247097511,0.309726299579257,-0.446952239630773,-15
"ESP",1988,38764307,926416141450.19,913187011800.654,23898.6896231678,23557.4187306032,0.0579978633098897,0.0563479641212599,0.0365327592503171,0.0408260742196287,0.0214651040595726,0.0155218899016312,0.0793887147806046,-0.533168538332517,-0.258870330055172,-0.567828937079922,0.254714796389166,-0.573577006047572,-14
"ESP",1989,38821377,972087057086.293,961336462324.184,25039.9942559042,24763.069643928,0.0466506868832131,0.0499126247963275,0.0293847642884248,0.0252681537243973,0.0172659225947882,0.0246444710719302,0.079527124689352,-0.394273405913382,-0.617743345436867,-0.409984565086287,0.162788520401497,-0.430115186227318,-13
"ESP",1990,38860827,1014559332729.79,1002906305327.31,26107.5075095492,25807.641852998,0.0417486001759855,0.0413172278648517,0.013971108125574,0.0126900600594517,0.0277774920504115,0.0286271678054,0.0861872193074759,-0.397713328684939,-0.820389098700522,-0.402661852969172,0.364599825485588,-0.436131591112048,-12
"ESP",1991,38941622,1050220254672.18,1038432077756.33,26969.0937545484,26666.3796838337,0.0324686175941249,0.0327329401687511,-0.00159154152538754,-0.00272806202020348,0.0340601591195124,0.0354610021889545,0.0827323299516116,-0.356012422053729,-0.719261845878306,-0.374518041031477,0.500997693983766,-0.418184944279733,-11
"ESP",1992,39147940,1067846781062.71,1054792222539.71,27277.2151245433,26943.7478074123,0.0113602082816122,0.0103476940451941,0.00789040030221599,0.00714947758168449,0.00346980797939622,0.0031982164635096,0.0880799059697536,-0.260744738901702,-0.580684705013652,-0.218640159550651,0.522056356120084,-0.273791140640805,-10
"ESP",1993,39356082,1056510363950.16,1047777731297.57,26844.9070705299,26623.0193162411,-0.0159756207232338,-0.0119750487527135,-0.00340563508537883,-0.00388240817350116,-0.0125699856378549,-0.00809264057921233,0.0587457584048054,0.225418086960865,-0.297744198747923,0.328584358678223,0.709680707630499,0.250284699060525,-9
"ESP",1994,39547353,1073027119980.06,1050260438754.8,27132.716568415,26557.0350246906,0.0106641310246722,-0.00248154411383972,0.0187885389977023,0.0188164926266712,-0.00812440797303005,-0.0212980367405109,0.0618698880393996,0.249033152406454,-0.0216900422293138,0.326499446989976,0.815266344172937,0.255735788045153,-8
"ESP",1995,39718895,1105347407736.48,1096038893057.28,27829.2587882034,27594.898928011,0.025347688441288,0.03833624892237,0.015848771362899,0.0144459526849445,0.00949891707838901,0.0238902962374254,0.0603771927265916,0.376084053849662,0.0938358966509005,0.486401407961766,0.772568837792293,0.406485621794125,-7
"ESP",1996,39884246,1133888127661.55,1117435799276.58,28429.4738243655,28016.9718960358,0.021338476101489,0.0151795314985712,0.0148317097559261,0.0178701593677086,0.00650676634556291,-0.00269062786913743,0.0626534486965056,0.319986342239519,0.163415649381309,0.410380282952777,0.824055314646901,0.332970239645547,-6
"ESP",1997,40049974,1180253815997.46,1165843810467.6,29469.5276455726,29109.7270242324,0.035930350575665,0.0382619146342549,0.0186296603121452,0.0221912097628731,0.0173006902635198,0.0160707048713817,0.0379277653257386,0.373599725777148,0.887650638593511,0.382243839280519,0.958556797768088,0.352348091821569,-5
"ESP",1998,40214066,1240704340603.81,1224672855538.21,30852.4967508586,30453.8430791407,0.0458609107264216,0.0451398153622833,0.018980453161662,0.0217722047165161,0.0268804575647597,0.0233676106457672,0.0327327044044813,0.54964510242868,1.13322987608191,0.569646615915787,1.05772267697688,0.539664454877456,-4
"ESP",1999,40369667,1299308003197.26,1287335218350.86,32185.2544188005,31888.6756819387,0.0422907313276202,0.0460387567810674,0.0203275958208504,0.0202952471772466,0.0219631355067698,0.0257435096038208,-0.00438043966876567,0.635252015750411,1.29928112024738,0.582283741830529,1.26396017185946,0.576869150699199,-3
"ESP",2000,40554387,1366606032941.61,1356830828840.45,33698.1060259057,33457.0666507781,0.0459332244065571,0.0480120719060952,0.0261166437776854,0.0293960548351482,0.0198165806288717,0.0186160170709471,-0.00439528740495654,0.792904136636749,1.8645334146252,0.667884672408848,1.42361691440722,0.711190049160254,-2
"ESP",2001,40766049,1428012948713.01,1408247739344.67,35029.4665228168,34544.6216616348,0.0387479731744751,0.0319888454617239,0.00303976255030847,0.00380190788157719,0.0357082106241666,0.0281869375801467,0.0313940457685948,0.741482000695195,1.43677882127929,0.659633341324888,1.35552570751074,0.650507698103475,-1
"ESP",2002,41423520,1481969108269.22,1465183536570.85,35776.0303390253,35370.8119582993,0.0210885176178373,0.0236350892467367,0.00568943842718639,0.00382292913555382,0.0153990791906509,0.0198121601111829,0.0650524953488143,0.80526982031592,1.24384857646928,0.829949302101301,1.20736740636622,0.771999818982343,0
"ESP",2003,42196231,1539816856510.76,1527190359438.37,36491.8102877662,36192.5774706839,0.0198097341752277,0.022967096478018,0.0110416401145379,0.0103800031386658,0.00876809406068979,0.0125870933393522,0.0722350856480155,0.844818979176161,1.17637200944138,0.898702076411765,1.20449477575559,0.830883785234025,1
"ESP",2004,42859172,1601218352781.55,1586292670317.61,37359.992693782,37011.7432580735,0.0235125580632243,0.0223811920800969,0.0227653682450661,0.0249738120954621,0.000747189818158134,-0.0025926200153652,0.0540475436698122,0.817292830594761,1.14009015525003,0.849390449110307,1.20280034939174,0.792277938453056,2
"ESP",2005,43662613,1671620967931.61,1648550948065.44,38284.950283017,37756.5801676926,0.0244564581640603,0.0199245219414355,0.0174697256407548,0.0186843977423852,0.0069867325233055,0.00124012419905029,0.039835571784571,0.808380940343638,0.936221678431764,0.860332539385661,1.21407594835791,0.794844623712014,3
"ESP",2006,44360521,1748568979510.75,1716173573222.93,39417.2327126354,38686.9571081666,0.029146223212976,0.024342748018146,0.0200552080985297,0.0239470340915293,0.00909101511444632,0.000395713926616637,0.0282570497059963,0.819887840997171,0.938023979791028,0.853151402061871,1.24775854061645,0.80185173741527,4
"ESP",2007,45236004,1823994551810.16,1779182699852.72,40321.7435344236,39331.1199603909,0.022687766074327,0.0165135444196967,0.0159418115266732,0.010288304605611,0.00674595454765381,0.00622523981408563,0.0681264775439859,0.776697195802329,0.702311240154942,0.804663682624632,1.20143291215033,0.737416330673246,5
"ESP",2008,45983169,1809319971336.91,1759054396709.28,39347.4397411999,38254.3098912838,-0.0244599562587702,-0.0277598311994733,-0.0187693994548681,-0.0243465806951786,-0.00569055680390207,-0.00341325050429475,0.115622653482046,0.754804471008512,0.388360176861341,0.785012061074747,1.15158528557804,0.700448329264235,6
"ESP",2009,46367550,1750206576968.4,1716596751603.36,37746.3673834051,37021.5107678401,-0.0415416661800077,-0.0327571150045678,-0.0387510689984403,-0.0366836784257103,-0.00279059718156738,0.0039265634211425,0.127284435594587,0.685374365363484,0.303017570015849,0.755677749902893,1.04278960105648,0.636868630380272,7
"ESP",2010,46562483,1725919738280.66,1700694578771.26,37066.7461673095,36524.9975773685,-0.0181690048630418,-0.0135022245079952,0.0167504125516587,0.0228731796146899,-0.0349194174147005,-0.0363754041226851,0.101225590697931,0.647889451338522,0.546499780469475,0.6544221134706,1.06896705547065,0.554003166183337,8
"ESP",2011,46736257,1659338222812.33,1630167942195.9,35504.3028544698,34880.1561536239,-0.0430663416430495,-0.0460788153965481,0.00119925152008449,0.00522537732113726,-0.0442655931631339,-0.0513041927176854,0.122470303187473,0.634926420304469,0.379339651071414,0.633563110048975,1.04130248859443,0.538250323238381,9
"ESP",2012,46749303,1570117937700.01,1557367106387.46,33585.9111674886,33313.1620462334,-0.0555472277620144,-0.0459655003754662,0.000314495414055926,0.00206807139287335,-0.0558617231760703,-0.0480335717683396,0.121129575755427,0.67967627349175,0.513653397524422,0.683005143426743,1.06346808770218,0.592084726791439,10
"ESP",2013,46581124,1532896615354.28,1523042993087.64,32908.1070554305,32696.5702478033,-0.0203876260677216,-0.0186823885226399,0.00703338161887146,0.00401165715473972,-0.0274210076865931,-0.0226940456773796,0.0702716027184884,0.645017507146723,0.810269562294692,0.589150203198592,1.06916774566194,0.529656006974741,11
"ESP",2014,46433050,1555119700774.3,1549603918866.48,33491.6552062443,33372.865208434,0.0175772670050147,0.0204729638683308,0.0143207731593833,0.0170726811434019,0.00325649384563143,0.00340028272492887,0.0451771383252969,0.582287965970037,0.812662061494453,0.528869754506521,0.96342080974172,0.49225939917485,12
"ESP",2015,46384379,1635394289496.65,1634115594066.85,35257.4363342591,35229.8689622826,0.0513801573667028,0.0541511219714224,0.0241809764917988,0.021480105164903,0.0271991808749039,0.0326710168065194,-0.0763895163999976,0.686422795557304,1.04151251832705,0.600795976414031,1.04646850026037,0.597263352026678,13
"ESP",2016,46427100,1692762207653.11,1695490604476.75,36460.6492254117,36519.4165579317,0.0335571087570301,0.0359498067850765,0.0151142989677542,0.0123071006723539,0.0184428097892759,0.0236427061127227,-0.117404125122842,0.638927683628233,1.00833199901943,0.561109303255458,0.997370373012848,0.551137205209109,14
"ESP",2017,46510461,1729858873764.75,1729128503888.88,37192.8988999861,37177.1955536816,0.0198842776684582,0.0178514709144313,0.0157229692398833,0.0173803730333173,0.00416130842857498,0.000471097881113991,-0.156585815147398,0.702223253812887,1.11648032168605,0.640108705422167,1.02639472278068,0.642008579225918,15
"FRA",1987,55823956,1707463156656.01,1721998326740.24,30586.5667538146,30846.9418888952,0.0122675476759362,0.0158351020779861,0.0255348473212589,0.0288714823671139,-0.0132672996453227,-0.0130363802891278,-0.0680038150182111,0.711359077369997,1.13875278256248,0.638264117496498,1.59037901590344,0.652392427564816,-15
"FRA",1988,56117974,1797997418381.44,1811371936480.53,32039.5996188572,32277.9282174465,0.0464117082332738,0.0453460426873704,0.0365327592503171,0.0408260742196287,0.00987894898295671,0.00451996846774172,-0.0490254018994002,0.740153143742903,1.21785951175008,0.616710046473423,1.74517322300774,0.638699240565223,-14
"FRA",1989,56423411,1871501677998.02,1880144908634.81,33168.8858370867,33322.0710218106,0.0346396370872633,0.0318363111572317,0.0293847642884248,0.0252681537243973,0.00525487279883841,0.00656815743283445,-0.0224799314191475,0.989904288080997,0.940166657388656,0.884500101136912,1.79218022568586,0.88775137346662,-13
"FRA",1990,56708826,1914606343070.4,1922624592545.9,33762.0521904368,33903.4455156223,0.0177251925926942,0.0172966759670317,0.013971108125574,0.0126900600594517,0.00375408446712022,0.00460661590757994,-0.0130026067160525,0.943329542569759,0.778388732181461,0.880289460903361,1.8497518287384,0.86654209064963,-12
"FRA",1991,58425681,1924043221009.83,1930629687631.78,32931.4641794219,33044.1965688304,-0.0249088967222058,-0.0256706914684361,-0.00159154152538754,-0.00272806202020348,-0.0233173551968182,-0.0229426294482327,-0.0180918227830408,0.950915713373739,0.812520566704494,0.849950818597591,2.00183095116492,0.827427802373176,-11
"FRA",1992,58711615,1946660251398.92,1955604287392.2,33156.3056372903,33308.6440799184,0.00680435505663013,0.00797098989816902,0.00789040030221599,0.00714947758168449,-0.00108604524558586,0.00082151231648453,-0.0160289831936757,0.916669113591122,0.950265328741279,0.829092333140019,2.05848480117938,0.800669637641112,-10
"FRA",1993,58961049,1929285603660.48,1940202323073.57,32721.3581912439,32906.5095682672,-0.0132048934607152,-0.0121464478627367,-0.00340563508537883,-0.00388240817350116,-0.00979925837533635,-0.0082640396892355,-0.0119876032335233,1.04218035784543,0.959598953446944,0.943536145378147,2.16971385727674,0.90036245660361,-9
"FRA",1994,59175335,1961619671412.89,1969644522032.97,33149.278688712,33284.8900987713,0.0129929369965325,0.011433045805088,0.0187885389977023,0.0188164926266712,-0.0057956020011698,-0.00738344682158321,-0.0199225286934034,1.10109558613613,1.03580877697759,1.03313509297078,2.12113424296543,0.981989954973781,-8
"FRA",1995,59383991,1994098670215.92,2002331662732.6,33579.734818024,33718.3747507404,0.0129017972149637,0.0129393903727486,0.015848771362899,0.0144459526849445,-0.00294697414793532,-0.00150656231219592,-0.0200616955877535,1.11409876600915,1.01626316066043,1.03445298333129,2.11483983303163,0.974586522580609,-7
"FRA",1996,59589289,2008762805768.89,2027453553881.88,33710.1321307743,34023.7916562803,0.00387569427278933,0.0090171009030886,0.0148317097559261,0.0178701593677086,-0.0109560154831367,-0.00885305846462003,-0.033336977293828,1.17662573598398,1.17622302637887,1.00772788983448,2.35291909701734,0.958242749683797,-6
"FRA",1997,59795263,2052826479911.61,2079320623456.47,34330.9214964337,34774.0024733476,0.0182480005476755,0.0218100177333955,0.0186296603121452,0.0221912097628731,-0.000381659764469688,-0.000381192029477617,-0.0542771144856006,1.30808651333754,1.4800532536315,1.08797092686035,2.49994420275524,1.04626767547336,-5
"FRA",1999,60315406,2194568255303.77,2240153018178.08,36384.8708123389,37140.6439372734,0.0252108784400953,0.0321410666271031,0.0203275958208504,0.0202952471772466,0.00488328261924487,0.0118458194498565,0.0285840540674354,1.02016493782866,1.49087146068231,1.03263679450403,1.57931381076769,0.982561748553594,-3
"FRA",2000,60724780,2279637093073.69,2318080744883.49,37540.4751252074,38173.5552583886,0.0312666363655012,0.0274311112789949,0.0261166437776854,0.0293960548351482,0.00514999258781579,-0.00196494355615329,0.00982958474730011,1.16537290769783,1.88955161531205,1.09634901171904,1.85503850113513,1.06167329129875,-2
"FRA",2001,61163237,2329054828818.18,2373588251343.16,38079.3258018404,38807.4334807223,0.0142518173993018,0.0164688076742525,0.00303976255030847,0.00380190788157719,0.0112120548489933,0.0126668997926753,-0.0181379192305109,1.22868952946926,1.77744322437694,1.18311746783978,1.82212238689811,1.14565926768934,-1
"FRA",2002,61604550,2357176611014.23,2384239338775.71,38263.0278285326,38702.3253765462,0.00481259412416613,-0.0027121273541244,0.00568943842718639,0.00382292913555382,-0.000876844303020263,-0.00653505648967823,-0.0439696617640484,1.2524524452603,1.82453617342074,1.25023690456541,1.68283297123275,1.20966022095141,0
"FRA",2003,62037544,2373064275333.61,2407115862647.14,38252.0667699806,38800.953542699,-0.000286507092086552,0.00254513669017875,0.0110416401145379,0.0103800031386658,-0.0113281472066245,-0.00783486644848708,-0.0809763797053031,1.26202086937508,1.90822478314273,1.26677288675195,1.62859181455502,1.24581396886392,1
"FRA",2004,62490800,2428978449642.87,2465048637349.11,38869.3767665459,39446.5847348587,0.016009118929734,0.0165026493808664,0.0227653682450661,0.0249738120954621,-0.00675624931533214,-0.00847116271459569,-0.12423808431556,1.25424837558017,1.85055822354706,1.26989143537425,1.56619161066801,1.25291952343535,2
"FRA",2005,62958328,2480110947106.68,2525091087853.03,39392.8972685977,40107.3403323708,0.0133788167376121,0.0166118966924849,0.0174697256407548,0.0186843977423852,-0.00409090890314268,-0.00207250104990031,-0.140297846467507,1.30570162691128,1.69596586892135,1.34657126014114,1.61498140310743,1.32225360121431,3
"FRA",2006,63393406,2555496322331.45,2609164047512.97,40311.7056422469,41158.2877801671,0.0230563616810624,0.0258659427359209,0.0200552080985297,0.0239470340915293,0.00300115358253272,0.00191890864439159,-0.148476748266285,1.32727585012777,1.67290828416536,1.40164758676088,1.53863576310261,1.38163603033965,4
"FRA",2007,63781275,2643321985782.96,2698708436008.25,41443.5425723767,42311.9236172098,0.0276901917192731,0.0276436175551726,0.0159418115266732,0.010288304605611,0.0117483801925999,0.0173553129495616,-0.131425763985454,1.34524897582313,1.48478756898876,1.48624426227777,1.40776388256969,1.43504598300254,5
"FRA",2008,64133174,2640155940730.67,2700389051195.93,41166.7749475593,42105.9629950006,-0.0067005833810434,-0.00487955903982673,-0.0187693994548681,-0.0243465806951786,0.0120688160738247,0.0194670216553519,-0.127670557654144,1.33365615419777,1.41745924734266,1.5092761582058,1.29991722829643,1.45312851142656,6
"FRA",2009,64458715,2566053416852.82,2627518783221.1,39809.2549138284,40762.8166838432,-0.0335320769200234,-0.0324190594098361,-0.0387510689984403,-0.0366836784257103,0.00521899207841692,0.00426461901587416,-0.139771425534653,1.30764506000446,1.36148126452482,1.53023701396199,1.22758293412689,1.44472687823146,7
"FRA",2010,64773169,2605996886770,2669603143531.07,40232.6600196139,41214.644655275,0.0105796832929528,0.0110233359102505,0.0167504125516587,0.0228731796146899,-0.00617072925870588,-0.0118498437044394,-0.140391430473048,1.34321240486248,1.50532289749266,1.57721338974821,1.26481668718743,1.48164851869007,8
"FRA",2011,65087317,2636576544801.58,2709962193303.66,40508.2997168493,41635.7950859098,0.00682778032270015,0.0101666100856423,0.00119925152008449,0.00522537732113726,0.00562852880261566,0.00494123276450509,-0.121316692591936,1.2981158935423,1.23930663404792,1.53836132871467,1.23926528071295,1.43780154639025,9
"FRA",2012,65402998,2618827930666.16,2679702304577.75,40041.4049928745,40972.163150346,-0.0115928408336572,-0.0160673675181755,0.000314495414055926,0.00206807139287335,-0.0119073362477131,-0.0181354389110489,-0.122183883608934,1.3225209249492,1.36731357272312,1.56631659206837,1.24560679795732,1.47127071318866,10
"FRA",2013,65735961,2636269521359.4,2699200134646.07,40103.9169619716,41061.2409643798,0.0015599658283012,0.00217174576640389,0.00703338161887146,0.00401165715473972,-0.00547341579057026,-0.00183991138833584,-0.149402110334267,1.30199318020574,1.57027896446829,1.57337193001234,1.15341603332518,1.47417747222921,11
"FRA",2014,66276671,2664244995564.01,2724398212773.14,40198.8355082591,41106.4432124712,0.00236401835734767,0.00110024404616382,0.0143207731593833,0.0170726811434019,-0.0119567548020356,-0.0159724370972381,-0.142734411889744,1.23620815274188,1.41989512441926,1.51176751840828,1.07986090870236,1.40474989711017,12
"FRA",2015,66512558,2722191424426.22,2777280332920.13,40927.4805582762,41755.7287891428,0.0179637059687021,0.0156717800148858,0.0241809764917988,0.021480105164903,-0.00621727052309673,-0.00580832515001717,-0.150720640937026,1.29637521421291,1.48432375853102,1.54975464237761,1.17905748691318,1.44244833699271,13
"FRA",2016,66688563,2754754641151.87,2810342489897.44,41307.7522925763,42141.2962504146,0.00924845547643116,0.00919151008286612,0.0151142989677542,0.0123071006723539,-0.00586584349132302,-0.00311559058948774,-0.143281562467137,1.24359529079868,1.47097269550089,1.50633276616885,1.11288865600914,1.39835536481536,14
"FRA",2017,66883314,2799739822810.37,2856508552273.54,41860.064272688,42708.8369495796,0.0132820632425332,0.0133776846723723,0.0157229692398833,0.0173803730333173,-0.00244090599735003,-0.00400268836094497,-0.137018323841595,1.2511500434155,1.4654376503275,1.52562960419924,1.11513660636564,1.40578075374834,15
"GBR",1987,56803958,1423441286888.76,1490511349737.85,25058.8398591654,26239.5685479849,0.0627319872524925,0.0542480093906175,0.0255348473212589,0.0288714823671139,0.0371971399312336,0.0253765270235036,-0.0558733687550372,1.91469575408329,2.68961406123676,1.9050522675576,2.33393365894231,1.9484532226599,-15
"GBR",1988,56916448,1532822985291.06,1600354617741.32,26931.1075998814,28117.6122891808,0.072055380956142,0.0691276304475803,0.0365327592503171,0.0408260742196287,0.0355226217058249,0.0283015562279516,-0.0932556299317739,1.81813691118147,2.71331870535272,1.77729842092355,2.29275062900509,1.8413361273416,-14
"GBR",1989,57076451,1603936523284.57,1654621115041.55,28101.5461750517,28989.5584965776,0.0425425640232078,0.030539561452871,0.0293847642884248,0.0252681537243973,0.0131577997347829,0.00527140772847368,-0.1257946997674,1.91316051592556,2.53548663001009,1.85346774048051,2.14117469549157,1.94004633256328,-13
"GBR",1990,57237493,1613417446077.95,1654895146445.88,28188.1221820451,28912.7818097463,0.00307609114737595,-0.00265193881356751,0.013971108125574,0.0126900600594517,-0.0108950169781981,-0.0153419988730192,-0.0898222139178095,1.85142183864677,2.41110021991579,1.82520948368993,2.27547482888872,1.88037456642427,-12
"GBR",1991,57438658,1580442685321.6,1625264159977.76,27515.3135597563,28295.6499432448,-0.0241579835927332,-0.0215756939151088,-0.00159154152538754,-0.00272806202020348,-0.0225664420673457,-0.0188476318949053,-0.104729582501636,1.77246017251542,2.5088883974874,1.73300265212417,2.18641945260542,1.80512591242215,-11
"GBR",1992,57584530,1567966268811.02,1631196987670.33,27228.9496642765,28327.0001104521,-0.0104619732025348,0.00110733674178221,0.00789040030221599,0.00714947758168449,-0.0183523735047508,-0.00604214083990229,-0.0782267124009647,1.67699853649524,2.6073784197079,1.66705020174646,2.15132869066913,1.72233506840501,-10
"GBR",1993,57713889,1609328023905.05,1672973186874.77,27884.5881258331,28987.358430737,0.0237934060751499,0.0230444014427107,-0.00340563508537883,-0.00388240817350116,0.0271990411605287,0.0269268096162119,-0.117787545498527,1.86169788178548,2.80008807473958,1.83901057228938,2.234933454633,1.90427994610697,-9
"GBR",1994,57862145,1657960034445.26,1752033578881.31,28653.6220605935,30279.4439936733,0.0272057203469931,0.0436092474707248,0.0187885389977023,0.0188164926266712,0.00841718134929081,0.0247927548440536,-0.12508239242484,1.82457778019579,2.83974092280892,1.80948901869824,2.17973341490062,1.86970304521883,-8
"GBR",1995,58024799,1853531602965.22,1800405785750.55,31943.7832600716,31028.2123640023,0.108697725118018,0.0244278006383318,0.015848771362899,0.0144459526849445,0.0928489537551194,0.0099818479533873,-0.129591952147445,1.8860912199081,2.93922247009733,1.8819283496942,2.16075918167834,1.93785811871639,-7
"GBR",1996,58164374,1925830395773.54,1864861499514.64,33110.1370707357,32061.9198878448,0.0358619066683179,0.0327721627257027,0.0148317097559261,0.0178701593677086,0.0210301969123918,0.0149020033579941,-0.123799650749249,1.97187523363407,2.99986174382076,1.98654489542555,2.17596100683735,2.03919998501599,-6
"GBR",1997,58314249,1977242728075.52,1944581451144.29,33906.6825344097,33346.5916905539,0.0237726284589712,0.0392865393540802,0.0186296603121452,0.0221912097628731,0.00514296814682602,0.0170953295912071,-0.110835014199195,1.93761924789627,2.95666694448525,1.98457319544386,1.98342426685444,2.01779783329209,-5
"GBR",1998,58474943,2030835596225.26,2039817218396.84,34730.0141228913,34883.611915566,0.0239921535353957,0.0450615773499976,0.018980453161662,0.0217722047165161,0.00501170037373377,0.0232893726334815,-0.10356802924223,1.85464337576906,2.7437524586235,1.9054020609825,2.02235429519072,1.91652560596489,-4
"GBR",1999,58684427,2081828958838.74,2074762418765.96,35474.9814433519,35354.5655096192,0.0212234265510336,0.0134103893143003,0.0203275958208504,0.0202952471772466,0.000895830730183178,-0.00688485786294635,-0.0860252566710538,1.85072315513106,2.62941753792647,1.79872907514666,2.39929481905222,1.81611921078971,-3
"GBR",2000,58886065,2173300238402.65,2179276642418.61,36906.868176752,37008.3591494628,0.0395699632227053,0.04571627446688,0.0261166437776854,0.0293960548351482,0.0134533194450199,0.0163202196317318,-0.114665578736877,1.92505728623233,2.76383200335179,1.89138702051835,2.47708534765676,1.87007943649964,-2
"GBR",2001,59113016,2226957294611.49,2238934616377.28,37672.8755408367,37875.4928758377,0.0205426906495738,0.0231604668823717,0.00303976255030847,0.00380190788157719,0.0175029280992653,0.0193585590007945,-0.135894890802984,1.94398188161373,2.65669734768879,1.93390889843737,2.37647285202135,1.9158983523684,-1
"GBR",2002,59365677,2278723300372.54,2305025079802.46,38384.5247881623,38827.571692688,0.0187140242315689,0.0248263279330256,0.00568943842718639,0.00382292913555382,0.0130245858043825,0.0210033987974718,-0.155496478068839,1.90710213298893,2.70298690850171,1.87930288884479,2.3173875001297,1.87111239086316,0
"GBR",2003,59636662,2376757921971.52,2403865156113.3,39853.9730807119,40308.5128425414,0.0375677231036189,0.0374320785315891,0.0110416401145379,0.0103800031386658,0.026526082989081,0.0270520753929233,-0.16285317701564,1.93994522510877,2.58876567046848,1.96747176160201,2.2442791734181,1.94351264223275,1
"GBR",2004,59950364,2463124494253.18,2483330332183.94,41086.0640354608,41423.1068252386,0.030446888277833,0.0272761775737855,0.0227653682450661,0.0249738120954621,0.0076815200327669,0.00230236547832341,-0.213223370165036,1.90914100209515,2.52400318649357,1.96442694118582,2.09232773775892,1.94418750815224,2
"GBR",2005,60413276,2551893103766.8,2578298601199.33,42240.6012838436,42677.6823226624,0.0277128847957577,0.0298372603596313,0.0174697256407548,0.0186843977423852,0.010243159155003,0.0111528626172461,-0.230640804042874,1.94666823242806,2.41047886098195,2.03518579070034,2.05445924131037,2.01528076384411,3
"GBR",2006,60827067,2621934118675.87,2611686423420.14,43104.727023512,42936.2544049698,0.0202507925791249,0.00604043870421123,0.0200552080985297,0.0239470340915293,0.000195584480595201,-0.0179065953873181,-0.26099144271409,1.95166921002356,2.34700838927178,2.09031251374885,1.91443137639501,2.06767827583037,4
"GBR",2007,61319075,2689794582595.63,2665348192150.94,43865.5440023457,43466.868868308,0.01749647042862,0.0122824526213314,0.0159418115266732,0.010288304605611,0.00155465890194684,0.0019941480157204,-0.299670561588751,1.95865798805675,2.15008493770585,2.16216596187368,1.76523730993975,2.10921299698369,5
"GBR",2008,61823772,2683875148015.69,2648646100865.44,43411.701699723,42841.8715840477,-0.0104001080621074,-0.0144830802970564,-0.0187693994548681,-0.0243465806951786,0.00836929139276066,0.00986350039812223,-0.310803134369012,1.95302071008276,2.20073617336032,2.15833495574106,1.75105398149396,2.11738700479871,6
"GBR",2009,62260486,2561641123511.82,2540266256624.05,41143.9307350062,40800.6172104735,-0.0536526041880006,-0.0488187233914399,-0.0387510689984403,-0.0366836784257103,-0.0149015351895603,-0.0121350449657296,-0.290930480497996,1.94493297469718,2.25711955506347,2.19337704234108,1.64151793405469,2.14196252601737,7
"GBR",2010,62759456,2589533504042.37,2590666537833.09,41261.2484092018,41279.3020040372,0.00284733932199721,0.0116640032100452,0.0167504125516587,0.0228731796146899,-0.0139030732296614,-0.0112091764046447,-0.340547125390266,1.96707255744727,2.41263262306522,2.23376369065581,1.6276252037727,2.17645311346635,8
"GBR",2011,63285145,2576170236566.37,2586884063843.88,40707.3450896947,40876.6395943927,-0.0135152191155647,-0.00980247139944268,0.00119925152008449,0.00522537732113726,-0.0147144706356492,-0.0150278487205799,-0.241799438851918,1.99156513192446,2.29352277152166,2.29186384529819,1.5839318948745,2.23076691223536,9
"GBR",2012,63710843,2589622761837.52,2565612797228.41,40646.499714931,40269.6413423444,-0.00149582078769228,-0.0149608723139867,0.000314495414055926,0.00206807139287335,-0.00181031620174821,-0.01702894370686,-0.249661393000989,1.89042897674046,2.30575071919257,2.17361356595494,1.50204657597219,2.13108675521598,10
"GBR",2013,64138721,2630659085681.87,2584238423274.22,41015.1472412721,40291.3931394769,0.0090287189728695,0.000540007903349959,0.00703338161887146,0.00401165715473972,0.00199533735399804,-0.00347164925138976,-0.250365819314857,1.82536685031078,2.42397182744229,2.08921397960053,1.48363756491929,2.05277340329727,11
"GBR",2014,64619493,2718350541031.88,2670114927351.5,42067.0360417696,41320.5799579935,0.0253229987227126,0.0252228035190374,0.0143207731593833,0.0170726811434019,0.0110022255633293,0.0081501223756355,-0.280474016464746,1.68486240853938,2.26325364244433,1.94843716154777,1.29206439108132,1.91864414886216,12
"ITA",1987,56601936,1674839598620.17,1669724864858.52,29589.793512013,29499.4302820053,0.043294652492035,0.045365951060278,0.0255348473212589,0.0288714823671139,0.0177598051707761,0.0164944686931641,0.0405965780154892,-0.089705775134765,0.0681866986770494,-0.121578213181826,0.722981473815956,-0.131895671062791,-15
"ITA",1988,56629290,1771535581098.37,1766818361527.92,31283.0265238779,31199.726528938,0.0556461787902833,0.0560383789939944,0.0365327592503171,0.0408260742196287,0.0191134195399663,0.0152123047743657,0.0529869123361205,-0.119992699488707,-0.176518384945625,-0.154748776242103,0.759519484259072,-0.184112045891988,-14
"ITA",1989,56671778,1830485473771.57,1821513116639.02,32299.7713918834,32141.4499583729,0.0319844856778868,0.0297371434390499,0.0293847642884248,0.0252681537243973,0.00259972138946196,0.00446898971465259,0.00760118924917075,0.106992042544754,0.1022149550819,0.0637714703759253,0.68893259973009,0.0653172567909628,-13
"ITA",1990,56719239,1909928980564.57,1886589243086.7,33673.3886814767,33261.8927254419,0.0416477194963267,0.0342659059862758,0.013971108125574,0.0126900600594517,0.0276766113707527,0.021575845926824,-0.0431620489892007,0.129799939182579,0.280335990200005,0.0815116508554163,0.886460929185167,0.0927494317840327,-12
"ITA",1991,56758522,1963612069650.35,1935661095465.82,34595.898562164,34103.4443332724,0.0270272643224114,0.0249860069252499,-0.00159154152538754,-0.00272806202020348,0.028618805847799,0.0277140689454534,-0.0563761224534373,0.206277829832044,0.342277717169385,0.183535630064006,0.930826297180296,0.178006058899127,-11
"ITA",1992,56797078,1963019675113.99,1931298967519.85,34561.98354278,34003.4916500432,-0.000980799905102359,-0.00293517109662211,0.00789040030221599,0.00714947758168449,-0.00887120020731835,-0.0100846486783066,-0.0604167900658306,0.143225503612486,0.362458035036467,0.142066180244264,0.966427670648599,0.120796889393932,-10
"ITA",1993,56831823,1932498998071.84,1905239600444.26,34003.8185660848,33524.1683245715,-0.0162815073895537,-0.0141965936918513,-0.00340563508537883,-0.00388240817350116,-0.0128758723041749,-0.0103141855183502,-0.103743561080436,0.410623436831432,0.632850910728704,0.400460183110189,1.19250479059496,0.374721323511569,-9
"ITA",1994,56843400,1964403629750.13,1933965972830.73,34558.165587388,34022.700486437,0.0161710343814967,0.0147613419542783,0.0187885389977023,0.0188164926266712,-0.00261750461620558,-0.00405515067239293,-0.0744999525240345,0.500161713975113,0.822141300286576,0.510534720212686,1.17538555077438,0.482875246196174,-8
"ITA",1995,56844301,2015155545280.05,1990756300428.07,35450.4411142297,35021.2117205571,0.0254918327209381,0.0289259638792991,0.015848771362899,0.0144459526849445,0.00964306135803916,0.0144800111943546,-0.103696692840764,0.590590898458131,0.987760314553778,0.608239172086522,1.18484006259968,0.578945794632521,-7
"ITA",1996,56860279,2049454203536.47,2029658276609.9,36043.6888383272,35695.5384726462,0.0165960853275475,0.0190717811462786,0.0148317097559261,0.0178701593677086,0.00176437557162146,0.00120162177856997,-0.12871757407531,0.67204092161069,1.00021110917145,0.742953864895262,1.09864133320633,0.700959503834649,-6
"ITA",1997,56890371,2099178093736.07,2089592841523.93,36898.6536181328,36730.167246122,0.0234432815603682,0.0285727049932909,0.0186296603121452,0.0221912097628731,0.00481362124822304,0.00638149523041776,-0.1483454118432,0.737482027774453,1.35633362042987,0.766555124476764,1.1957367421746,0.746258009540941,-5
"ITA",1999,56916316,2177731064503.72,2173496735332.49,38261.9821090269,38187.5864090094,0.0146396522546492,0.018193838924466,0.0203275958208504,0.0202952471772466,-0.00568794356620117,-0.0021014082527806,-0.0995150080707372,0.764610662953129,1.76991858615716,0.692550708721572,1.16962082356677,0.766978864580285,-3
"ITA",2000,56942108,2245027258596.27,2236478710470.83,39426.4866098086,39276.3596049312,0.0299810704557544,0.0281123014235476,0.0261166437776854,0.0293960548351482,0.00386442667806897,-0.00128375341160059,-0.144805288602801,0.844430107325353,2.38240956411849,0.687408724834464,1.10862937344934,0.866971279849027,-2
"ITA",2001,56976976,2296284406872.49,2289279862863.33,40301.9705165204,40179.0341218413,0.0219625245231594,0.0227225192092053,0.00303976255030847,0.00380190788157719,0.0189227619728509,0.0189206113276281,-0.204178297785382,0.765753035919716,2.1219330034805,0.642612580046227,1.00245065427067,0.790683665497572,-1
"ITA",2002,57089823,2321351065585.53,2311036421847.74,40661.3813741467,40480.7074256955,0.00887841746046902,0.0074801804393303,0.00568943842718639,0.00382292913555382,0.00318897903328264,0.00365725130377648,-0.239676455674463,0.7345215582403,2.20887673982824,0.650378078215284,0.817218776991867,0.787728650398617,0
"ITA",2003,57399187,2334088523997.97,2322873144792.94,40664.1390930846,40468.7464439686,6.78192755003693e-05,-0.000295517294860659,0.0110416401145379,0.0103800031386658,-0.0109738208390375,-0.0106755204335265,-0.255195965483915,0.730423934979141,2.04796746726162,0.691685094694123,0.704399155358683,0.816293193701196,1
"ITA",2004,57828178,2378296274631.16,2374375248008.4,41126.9446295051,41059.1398540759,0.0113168931066294,0.0144834793959827,0.0227653682450661,0.0249738120954621,-0.0114484751384367,-0.0104903326994794,-0.262095501081389,0.690131026071783,1.93045171264876,0.647009718181685,0.639877267338343,0.777885872026772,2
"ITA",2005,58166684,2398752912879.69,2402508162264.09,41239.2928034146,41303.8529455125,0.00272801689348334,0.00594232441564557,0.0174697256407548,0.0186843977423852,-0.0147417087472714,-0.0127420733267396,-0.271766318423683,0.700573266252235,1.66615290597277,0.674137518070806,0.704920284926225,0.791273285669795,3
"ITA",2006,58399863,2444909111141.84,2454537719299.31,41864.9802507558,42029.8540648855,0.0150581732349746,0.017424389571044,0.0200552080985297,0.0239470340915293,-0.00499703486355507,-0.00652264452048534,-0.287293662013228,0.711601322292984,1.59573417453118,0.705061682778999,0.665436353022937,0.829491334554708,4
"ITA",2007,58756247,2496178928764.5,2498093259390.33,42483.6346127503,42516.2154994402,0.0146692499175014,0.0115053674798151,0.0159418115266732,0.010288304605611,-0.00127256160917177,0.00121706287420409,-0.282087308463489,0.683494191211965,1.35266712519217,0.701956884135172,0.672536696577309,0.792751921084576,5
"ITA",2008,59211183,2448090264997.4,2425503961659.46,41345.0659311671,40963.6125942536,-0.0271658440057543,-0.0372013693814246,-0.0187693994548681,-0.0243465806951786,-0.00839644455088617,-0.012854788686246,-0.263564849586626,0.591076628787348,1.24726897265948,0.653470426936363,0.60111337249379,0.697190291697221,6
"ITA",2009,59555456,2341167938799.59,2339506619701.66,39310.7214022439,39282.8260722521,-0.0504557989446859,-0.0418967471961142,-0.0387510689984403,-0.0366836784257103,-0.0117047299462456,-0.00521306877040395,-0.27969088366142,0.574808791540925,1.1346876052684,0.668609842616751,0.55003580792481,0.69418948331584,7
"ITA",2010,59819402,2355247553254.07,2350108920355.81,39372.6362101391,39286.733765005,0.00157377169843897,9.94709086885592e-05,0.0167504125516587,0.0228731796146899,-0.0151766408532197,-0.0227737087060014,-0.366303203370559,0.550954099933099,1.40628904263331,0.594355901106587,0.512216318831224,0.676360373466909,8
"ITA",2011,60026844,2347357779054.53,2341334163556.16,39105.1340139509,39004.785318318,-0.006817299509148,-0.00720255958424687,0.00119925152008449,0.00522537732113726,-0.00801655102923249,-0.0124279369053841,-0.37198584680242,0.538315538313284,1.31566187471356,0.581574499709814,0.502468444445954,0.669697591029989,9
"ITA",2012,60191243,2244447484488.68,2241611030276.13,37288.6049967215,37241.4809622078,-0.0475659791663485,-0.0462611194034181,0.000314495414055926,0.00206807139287335,-0.0478804745804045,-0.0483291907962915,-0.385842287255249,0.592837106367495,1.42587701373228,0.621499212146018,0.522034128000533,0.739379601442152,10
"ITA",2013,60311616,2201591899138.86,2197807290887.45,36503.6131537059,36440.8622525958,-0.0212765377081929,-0.0217324853013743,0.00703338161887146,0.00401165715473972,-0.0283099193270644,-0.025744142456114,-0.394389567850643,0.576084770552192,1.62616799222521,0.541747522801743,0.516127338982911,0.717857993427811,11
"ITA",2014,60320708,2216089510384.11,2216090865069.12,36738.4532420294,36738.4757000716,0.00641273259097375,0.0081338557202848,0.0143207731593833,0.0170726811434019,-0.00790804056840955,-0.00893882542311708,-0.394902816886176,0.527953085532088,1.59122767906109,0.484598930076898,0.383459964737157,0.692669871894338,12
"JPN",1987,122239000,4284374455714.99,4277326723748.2,35049.1615254951,34991.5061784553,0.0377696850333482,0.035292162240955,0.0255348473212589,0.0288714823671139,0.0122348377120893,0.0064206798738411,0.105484212140791,0.538529431519207,0.0228282157520727,0.682452326457592,0.431739080276181,0.632493254434598,-15
"JPN",1988,122745000,4567900402909.03,4569447773938.16,37214.5537733433,37227.1601608062,0.0599482242799745,0.0619332553045879,0.0365327592503171,0.0408260742196287,0.0234154650296574,0.0211071810849592,0.106798591741382,0.696115651471001,-0.0199647276639503,0.854946700703334,0.596192719501258,0.789968615938443,-14
"JPN",1989,123205000,4782358906202.6,4815630600329.31,38816.2729288795,39086.3244213247,0.0421396488522294,0.0487340400392213,0.0293847642884248,0.0252681537243973,0.0127548845638046,0.023465886314824,0.0982124766387439,0.912594712474642,0.131638744395562,1.04930150810952,0.752516839213968,0.98845239999355,-13
"JPN",1990,123611167,4989425184715.88,5042500178564.92,40363.8708848682,40793.2414274911,0.0390955357408096,0.0427437696354875,0.013971108125574,0.0126900600594517,0.0251244276152356,0.0300537095760358,0.100207144809678,0.920511752491019,0.300068684145972,1.02710026025872,1.13773332270093,0.979259623460309,-12
"JPN",1991,124101000,5146783456577.2,5177909859719.5,41472.5381469706,41723.3532342165,0.0270963769698227,0.0225445852427804,-0.00159154152538754,-0.00272806202020348,0.0286879184952102,0.0252726472629838,0.0883185250136732,0.819735917516502,0.336709870284521,0.932013282372152,1.08123076681178,0.87509456864639,-11
"JPN",1992,124567000,5190504522760.83,5222193075344.88,41668.3754345921,41922.7650609301,0.00471098142599935,0.00476799661622174,0.00789040030221599,0.00714947758168449,-0.00317941887621664,-0.00238148096546276,0.0938516343148896,0.698495455790414,0.470117800160265,0.808591387372481,1.10218203108443,0.754479796871398,-10
"JPN",1993,124938000,5129499167702.7,5190378716283.71,41056.3572948398,41543.6353734149,-0.0147967672063576,-0.00908466863411306,-0.00340563508537883,-0.00388240817350116,-0.0113911321209788,-0.0052022604606119,0.0777252149288171,0.551028635169843,0.459074674389713,0.656928906261294,0.883044364653641,0.599631140961452,-9
"JPN",1994,125265000,5159130591790.17,5201141388843.6,41185.730984634,41521.1063652545,0.00314617002599427,-0.000542444561705935,0.0187885389977023,0.0188164926266712,-0.015642368971708,-0.0193589371883771,0.0779137266507476,0.538876963905583,0.550112372902204,0.663325769401165,0.752338915599189,0.604970934526237,-8
"JPN",1995,125570246,5250599171455.65,5294467729214.02,41814.0390634868,42163.3937805141,0.0151402848611486,0.0153505135689969,0.015848771362899,0.0144459526849445,-0.000708486501750372,0.00090456088405233,0.0692444732866828,0.50760970441207,0.689626384566028,0.662899615383776,0.436730936995407,0.605949041073064,-7
"JPN",1996,125864000,5399134571563.34,5462963078851,42896.5754430444,43403.6982683769,0.0255598503409242,0.0289922523993411,0.0148317097559261,0.0178701593677086,0.0107281405849982,0.0111220930316325,0.0576343038955257,0.593434068821712,0.798238800272864,0.742843138701894,0.623191234072606,0.684657770252346,-6
"JPN",1997,126166000,5385474018409.26,5454810155353.7,42685.6206775935,43235.1834515931,-0.00492988500559299,-0.00389005550263377,0.0186296603121452,0.0221912097628731,-0.0235595453177382,-0.0260812652655069,0.0400649249065622,0.601298926657062,0.82115738262608,0.759126246103534,0.587933733653745,0.689203131266376,-5
"JPN",1998,126486000,5246415601633.68,5310395714443.79,41478.2315958579,41984.0592195484,-0.0286933614809648,-0.0293645916831107,0.018980453161662,0.0217722047165161,-0.0476738146426268,-0.0511367963996268,0.046126261293509,0.677858186957254,0.955677255737454,0.872943250933159,0.478261356755746,0.790976713146384,-4
"JPN",1999,126686000,5175591182352.74,5238419368963.66,40853.6948230486,41349.6311270674,-0.015171483998218,-0.0152265031653762,0.0203275958208504,0.0202952471772466,-0.0354990798190684,-0.0355217503426228,0.112620231645294,0.409768621511631,0.758106918559249,0.618002742355594,0.106399800341647,0.524872596622728,-3
"JPN",2000,126925843,5302122887564.48,5377701791636.61,41773.3911569488,42368.8483332477,0.0222622958776544,0.024349882403536,0.0261166437776854,0.0293960548351482,-0.00385434790003103,-0.00504617243161221,0.100219558623417,0.248964755576862,0.817002863502759,0.452514496814399,-0.0146607906748302,0.359258471362948,-2
"JPN",2001,127291000,5300323155999.02,5381537417335.6,41639.4179949802,42277.4384468313,-0.00321229505479437,-0.00215980937682048,0.00303976255030847,0.00380190788157719,-0.00625205760510283,-0.00596171725839767,0.0844821328725038,0.311901409423192,0.736176842365889,0.502792635948118,0.090321352992214,0.420959185902167,-1
"JPN",2002,127435000,5278392584269.2,5354283181996.08,41420.273741666,42015.7977164521,-0.00527680171287237,-0.00620789004063838,0.00568943842718639,0.00382292913555382,-0.0109662401400588,-0.0100308191761922,0.0908597781541485,0.332766777337568,0.845445396099984,0.524769914919491,0.00247579274883769,0.457814214275077,0
"JPN",2003,127619000,5270550766470.29,5354702749826.06,41299.1072369341,41958.5073525577,-0.00292958167619695,-0.00136447387652439,0.0110416401145379,0.0103800031386658,-0.0139712217907348,-0.0117444770151902,0.0987703799562173,0.330780117537757,0.791801019117843,0.547664201707522,-0.0579477512723683,0.476233634885471,1
"JPN",2004,127687000,5314974046282.79,5416588357297.88,41625.0209205541,42420.8287241292,0.0078605677021546,0.0109582753195454,0.0227653682450661,0.0249738120954621,-0.0149048005429115,-0.0140155367759167,0.0757819577345923,0.305293004009666,0.815123628682624,0.506375970039156,-0.113343241290125,0.451478422898428,2
"JPN",2005,127767994,5357753101008.72,5475555131173.08,41933.4524498265,42855.4519778489,0.00738244531371635,0.0101933858614291,0.0174697256407548,0.0186843977423852,-0.0100872803270384,-0.00849101188095602,0.0835705294575472,0.354505700546754,0.655740512304467,0.571155734192995,-0.0225945409800916,0.506834043439387,3
"JPN",2006,127900515,5375821801660.03,5518140867641.57,42031.2756493595,43144.0081976337,0.00233010327091776,0.00671067706888095,0.0200552080985297,0.0239470340915293,-0.0177251048276119,-0.0172363570226484,0.0528644719956014,0.341836950629352,0.647623373040328,0.574939338169814,-0.0687152185132454,0.521758681556363,4
"JPN",2007,128032743,5413288856458.06,5577675286711.4,42280.5036400576,43564.4441884011,0.00591207346657896,0.00969776934647371,0.0159418115266732,0.010288304605611,-0.0100297380600942,-0.000590535259137326,0.0421895934065111,0.42037441383245,0.574083281976938,0.689900197677546,-0.0634421199857886,0.6206125874301,5
"JPN",2008,128083960,5229696776756.24,5368815009811.16,40830.2239933575,41916.3727434033,-0.0349034816317033,-0.0385648091863775,-0.0187693994548681,-0.0243465806951786,-0.0161340821768352,-0.0142182284911989,0.0884109178283661,0.556173337958139,0.675978378070302,0.837055080989854,0.0953635655227987,0.773746992842392,6
"JPN",2009,128031514,4962586962902.95,5086260656694.92,38760.6676501767,39726.6305598395,-0.0520165792049134,-0.0536547504324041,-0.0387510689984403,-0.0366836784257103,-0.0132655102064732,-0.0169710720066938,0.0326937757807448,0.378615626146663,0.604051244050306,0.694030479867578,-0.138018339499408,0.619322414360232,7
"JPN",2010,128057352,5107569503340.97,5242441522730.48,39885.0157649751,40938.2315099759,0.0285946965127959,0.0300426244128555,0.0167504125516587,0.0228731796146899,0.0118442839611372,0.00716944479816561,0.0358299908124882,0.454637354949568,0.7474067000435,0.804904592016444,-0.121776362321455,0.711321271748253,8
"JPN",2011,127834233,5031192821972.46,5176465751346.78,39357.1636008678,40493.580083097,-0.0133227020224567,-0.0109209371011083,0.00119925152008449,0.00522537732113726,-0.0145219535425412,-0.0161463144222456,0.0307847896173721,0.525853901079792,0.712217826047685,0.882612625588131,-0.0397488706078113,0.797683626410409,9
"JPN",2012,127592657,5075947104441.03,5214781653207.22,39782.4390822195,40870.5467526021,0.0107475792289229,0.00926623025289608,0.000314495414055926,0.00206807139287335,0.010433083814867,0.00719815886002273,0.0586059919997894,0.448044794504981,0.570277276733456,0.823056823209862,-0.0861868529329228,0.720793144294865,10
"JPN",2013,127413888,5150854928822.85,5326049942539.21,40426.165543452,41801.1727460919,0.0160516514610052,0.0225147199301592,0.00703338161887146,0.00401165715473972,0.00901826984213372,0.0185030627754195,-0.0126991199868914,0.564162149387226,1.29003098848552,0.822435606373294,0.120594344388357,0.815689881560913,11
"JPN",2014,127237150,5145638949604.06,5333536898380.37,40441.3251130197,41918.0789445564,0.000374923708459818,0.00279281699468115,0.0143207731593833,0.0170726811434019,-0.0139458494509235,-0.0142798641487207,0.00224873804667181,0.581510847402482,1.25891419057085,0.8067172682344,0.21423772208779,0.809152442429528,12
"JPN",2015,127094745,5304626331348.45,5509187220183.68,41737.5740542888,43347.0889782554,0.0315496185551449,0.0335223371160165,0.0241809764917988,0.021480105164903,0.00736864206334609,0.0120422319511135,-0.0117636243272489,0.680341569723733,1.38028046901584,0.881920433926294,0.338647598892513,0.893006306831769,13
"JPN",2016,127041812,5380130073900.36,5563456088234.58,42349.286342833,43792.3231780934,0.0145497899923317,0.0102189827398487,0.0151142989677542,0.0123071006723539,-0.000564508975422484,-0.00208811793250518,-0.02888308413161,0.614187409500297,1.3471410059823,0.835086889221039,0.23519800185274,0.841316916792216,14
"JPN",2017,126918546,5442308821109.92,5639387737953.7,42880.3275221095,44433.125935383,0.0124615852950996,0.0145267387705807,0.0157229692398833,0.0173803730333173,-0.0032613839447837,-0.00285363426273655,-0.0138133299689531,0.628120666136863,1.34322863788833,0.818265713217423,0.319705993888028,0.833816921370771,15
"MEX",1987,79665004,980851353756.664,941303066012.535,12312.1986381456,11815.7662555635,0.0308586036123639,0.0392325221682004,0.0255348473212589,0.0288714823671139,0.00532375629110504,0.0103610398010865,0.0230317154913088,-0.12884560773259,-0.788320748553506,-0.00555675753637219,0.0132285670413852,-0.0590229927328023,-15
"MEX",1988,81282371,925058900385.855,895589976522.807,11380.8060592358,11018.256056074,-0.0786622727033919,-0.069881224429313,0.0365327592503171,0.0408260742196287,-0.115195031953709,-0.110707298648942,0.0595920144762153,-0.473706430794595,-1.06331441323649,-0.379555710538749,-0.0714646879930516,-0.438880023705408,-14
"MEX",1989,82889981,1016266792285.72,986005880944.089,12260.4297892857,11895.3565804785,0.0744487287103581,0.0765945820705856,0.0293847642884248,0.0252681537243973,0.0450639644219333,0.0513264283461883,0.0705510832396595,-0.644221491144969,-1.42337565294732,-0.57401892172069,-0.326840264831985,-0.632030187372832,-13
"MEX",1990,84502988,1080241977620.74,1052868185881.04,12783.476693401,12459.5379500786,0.04177646757398,0.0463383093662859,0.013971108125574,0.0126900600594517,0.027805359448406,0.0336482493068342,0.0969434945872709,-0.668617311818333,-1.56670462385495,-0.598691437104472,-0.154038175292483,-0.655120175438096,-12
"MEX",1991,86127477,1131251884042.58,1108650963266.78,13134.6223463922,12872.2099135306,0.0270982173320977,0.0325842873070119,-0.00159154152538754,-0.00272806202020348,0.0286897588574853,0.0353123493272154,0.100115995141065,-0.878726065006656,-1.39505532445759,-0.829138337888173,-0.25508273315405,-0.884660871302621,-11
"MEX",1992,87753131,1161168605193.74,1139002320581.55,13232.2185198581,12979.6203007451,0.0074029816225174,0.00830974088850311,0.00789040030221599,0.00714947758168449,-0.000487418679698592,0.00116026330681862,0.114817482722764,-1.03982813742828,-1.09976539379607,-1.09630276291185,0.0350666260389589,-1.13282323531754,-10
"MEX",1993,89364560,1181030129334.94,1155665888238.6,13215.8668865481,12932.0380275872,-0.00123650806038889,-0.0036726577696502,-0.00340563508537883,-0.00388240817350116,0.00216912702498995,0.000209750403850961,0.105690642575918,-1.36505396726793,-1.5026611704046,-1.40430590151316,-0.386253587019649,-1.45538412476814,-9
"MEX",1994,90953505,1248233154569.35,1219897019981.27,13723.8598399188,13412.314566451,0.03771776758804,0.036465481994167,0.0187885389977023,0.0188164926266712,0.0189292285903377,0.0176489893674958,0.0952940238222969,-1.32989534653292,-1.3987439779804,-1.43381230732362,-0.223287749400699,-1.48279822678735,-8
"MEX",1995,92506744,1196026434553.73,1149582985262.39,12929.0728744461,12427.0181346172,-0.0596574254050068,-0.0763002983191097,0.015848771362899,0.0144459526849445,-0.0755061967679058,-0.0907462510040542,0.0817397159389134,-0.674127340103693,-0.821764106951022,-0.775552093084827,0.382014086803457,-0.837176559093318,-7
"MEX",1996,94005638,1223652048016.21,1181615223341.96,13016.7942481941,12569.6208065942,0.00676190220013062,0.0114098714928641,0.0148317097559261,0.0178701593677086,-0.00806980755579545,-0.00646028787484454,0.0832186846845147,-0.731277575347766,-0.95374064558564,-0.779004003788356,0.231519722806925,-0.852304470328465,-6
"MEX",1997,95438019,1274978020366.65,1244288693508.58,13359.2255342878,13037.6626269724,0.0259668084704998,0.0365594384268331,0.0186296603121452,0.0221912097628731,0.00733714815835462,0.0143682286639599,0.0954340143775293,-0.931628879467151,-1.01628955065376,-0.930098931038813,-0.150020414622112,-1.01015646902535,-5
"MEX",1998,96799183,1332653082198.01,1300195663589.47,13767.1934916849,13431.8867504229,0.0300812812899949,0.0297891943791022,0.018980453161662,0.0217722047165161,0.0111008281283329,0.00801698966258613,0.0845000250511747,-1.09097363915821,-1.19310596547257,-1.05324763132018,-0.404807523380039,-1.15261032046743,-4
"MEX",1999,98085415,1365471767303.48,1339907130982.64,13921.2518732115,13660.6154032447,0.0111281055550769,0.0168854161966632,0.0203275958208504,0.0202952471772466,-0.00919949026577349,-0.00340983098058345,0.152438853840411,-1.29915750440233,-1.68375187142271,-1.19403011949938,-0.716362342449568,-1.34361530006974,-3
"MEX",2000,99368858,1490562437352.49,1465206475970.25,15000.2975514973,14745.1274520056,0.0746534533890788,0.0763957813640079,0.0261166437776854,0.0293960548351482,0.0485368096113934,0.0469997265288598,0.157767396818866,-1.31741881955992,-1.80181660082383,-1.12317682211196,-1.06515018598257,-1.29222883927779,-2
"MEX",2001,100739263,1482469001737.37,1461346655558.88,14715.9008075866,14506.2273838442,-0.0191414408988297,-0.016334653997383,0.00303976255030847,0.00380190788157719,-0.0221812034491382,-0.0201365618789602,0.0938192449224276,-1.13952343137428,-0.921811053487012,-1.24257268935215,-0.337285084894929,-1.31491992810596,-1
"MEX",2002,102167274,1521627223141.72,1504758982630.15,14893.4895056681,14728.3853597792,0.0119955747612863,0.0151985767246128,0.00568943842718639,0.00382292913555382,0.00630613633409993,0.011375647589059,0.0966573573074118,-1.18857501930913,-0.929955546283811,-1.33698738625851,-0.392504244688249,-1.39562647589633,0
"MEX",2003,103587899,1601584924773.01,1583734312758.07,15461.1198820917,15288.7965490841,0.0374043063941407,0.0373436997761853,0.0110416401145379,0.0103800031386658,0.0263626662796028,0.0269636966375195,0.0782905595386946,-1.0792001395001,-0.804798773245012,-1.27192357632995,-0.242012544474437,-1.31719051385411,1
"MEX",2004,104970581,1713018293958.21,1697689416825.49,16319.0322244497,16173.0020035375,0.0540035698766523,0.0562230005419355,0.0227653682450661,0.0249738120954621,0.0312382016315862,0.0312491884464734,0.0845132324597477,-1.06902981062557,-0.832959954048592,-1.27120333120289,-0.230741766883416,-1.30914337557001,2
"MEX",2005,106370948,1781127386497.3,1755131245003.47,16744.4910474737,16500.0996795052,0.025737263680675,0.0200231130511686,0.0174697256407548,0.0186843977423852,0.0082675380399202,0.00133871530878338,0.0988369363531398,-1.04238599721569,-1.09247797562952,-1.2389800345025,-0.142453807201684,-1.29473962496401,3
"MEX",2006,107885646,1911342442193.53,1882696932667.99,17716.373892719,17450.8565548005,0.0564199791570115,0.0560223116083112,0.0200552080985297,0.0239470340915293,0.0363647710584818,0.0320752775167819,0.107688613038149,-1.09480388053695,-1.27112870910503,-1.33066442102381,-0.184827774741124,-1.38585254495548,4
"MEX",2007,109538665,1991609987748.64,1959841006023.27,18181.7989816531,17891.7737040457,0.0259317470971396,0.0249523039271118,0.0159418115266732,0.010288304605611,0.00998993557046646,0.0146639993215008,0.130898647644421,-1.08017888283642,-1.45238976568583,-1.24382700632677,-0.31004887495839,-1.32654958153404,5
"MEX",2008,111275915,2033066977667.01,2005737452032.3,18270.5033489683,18024.9019029167,0.00486688284335202,0.00741320327111694,-0.0187693994548681,-0.0243465806951786,0.0236362822982201,0.0317597839662955,0.125568831815727,-1.04669010843034,-1.485364564997,-1.04679016323912,-0.590750174734684,-1.13467978633486,6
"MEX",2009,113030218,1904105421699.39,1875101637946.75,16845.9855726315,16589.3835394244,-0.0811755371175327,-0.0829912959289363,-0.0387510689984403,-0.0366836784257103,-0.0424244681190924,-0.046307617503226,0.165598600007526,-1.02070119416713,-1.38569014870414,-1.27879628869242,-0.30345511556686,-1.35588597244594,7
"MEX",2010,114756059,2002914521128.42,1980833517813.39,17453.671192459,17261.2543082661,0.0354376265770835,0.0397014094611432,0.0167504125516587,0.0228731796146899,0.0186872140254248,0.0168282298464533,0.162039863018193,-0.94511401866036,-1.0513883504445,-1.27683215877344,-0.205456411159925,-1.32610718709343,8
"MEX",2011,116446180,2117223046322.5,2085540839160.85,18181.9879906966,17909.91202254,0.0408814231514345,0.0368899494537285,0.00119925152008449,0.00522537732113726,0.03968217163135,0.0316645721325912,0.1802286765325,-0.991443456205367,-1.20938058265929,-1.32708430563785,-0.29036371032895,-1.37001455766764,9
"MEX",2012,118060514,2201522515756.08,2155304931299.91,18647.4075130325,18255.9338281376,0.02527569588894,0.0191358645864472,0.000314495414055926,0.00206807139287335,0.024961200474884,0.0170677931935739,0.198430639919377,-0.917854102290316,-0.973093903325396,-1.36647704309591,-0.190700208333515,-1.35623493597145,10
"MEX",2013,119597654,2175311811269.19,2112299396411.6,18188.5826227761,17661.7126320187,-0.0249130602722563,-0.0330909999450935,0.00703338161887146,0.00401165715473972,-0.0319464418911277,-0.0371026570998332,0.174468262421758,-0.964048269604474,-0.809257114804106,-1.27254324916882,-0.3262457877834,-1.28030087950039,11
"MEX",2014,121048604,2237273843993.16,2184062639099.34,18482.4423418643,18042.8568932471,0.0160271500262379,0.0213506979625926,0.0143207731593833,0.0170726811434019,0.0017063768668546,0.00427801681919071,0.178640256398093,-0.927137592806232,-0.82670022081008,-1.24367868237635,-0.289431776319363,-1.24983028739356,12
"MEX",2015,122368490,2309023754637.44,2251299425824.62,18869.4308039385,18397.7053719027,0.0207219760150164,0.0194760823226332,0.0241809764917988,0.021480105164903,-0.00345900047678249,-0.00200402284226975,0.139762093277422,-0.818669584594957,-0.804261688160247,-1.03695611157826,-0.246546848458927,-1.08821941819739,13
"MEX",2016,123587407,2424363128692.09,2360990336983.68,19616.5870580333,19103.8099616709,0.0388322919635318,0.0376618408037608,0.0151142989677542,0.0123071006723539,0.0237179929957776,0.0253547401314069,0.115275448469526,-0.71671298563463,-0.703375541635019,-0.902700073489446,-0.165822816439876,-0.967702837353766,14
"MEX",2017,124777172,2481995207026.79,2419122930478.24,19891.4205799342,19387.5441453205,0.0139130253163273,0.0147430159059461,0.0157229692398833,0.0173803730333173,-0.00180994392355593,-0.00263735712737123,0.104271466942244,-0.769174177004136,-0.689441609838389,-1.00800112960797,-0.181679999062383,-1.04723651388193,15
"NLD",1987,14665037,491570213502.583,485268716651.267,33519.8754358808,33090.1801782885,0.00918771484385239,0.0208158663106115,0.0255348473212589,0.0288714823671139,-0.0163471324774065,-0.0080556160565024,-0.187409488176752,1.54805600011056,2.13200265121943,1.33780586749999,2.75213299879267,1.3823356233081,-15
"NLD",1988,14760092,508898508846.248,500444937795.915,34478.0038529738,33905.2722568339,0.0281829917308052,0.0243339590776763,0.0365327592503171,0.0408260742196287,-0.00834976751951189,-0.0164921151419524,-0.167162075958304,1.53014996900498,2.1774109169241,1.31725533810553,2.6962800735276,1.37066534171032,-14
"NLD",1989,14848906,532790331858.971,525083964411.938,35880.7801638027,35361.7946272903,0.0398802294254903,0.0420614634215362,0.0293847642884248,0.0252681537243973,0.0104954651370655,0.0167933096971389,-0.146386366211482,1.72116928583169,2.01701862772509,1.48782848258688,2.71590848609694,1.54976278480676,-13
"NLD",1990,14951510,550232783648.476,534478466371.727,36801.1514320945,35747.4573719796,0.0253273529510771,0.0108471546328079,0.013971108125574,0.0126900600594517,0.0113562448255031,-0.00184290542664378,-0.22011702840215,1.70299651303452,1.95410751856263,1.52933646781743,2.79650783193627,1.56437437841297,-12
"NLD",1991,15069799,563428862457.63,549633527311.73,37387.9480713465,36472.5187981425,0.0158192748060522,0.0200799232211182,-0.00159154152538754,-0.00272806202020348,0.0174108163314397,0.0228079852413217,-0.174969381402797,1.70924819005457,2.09638852016499,1.53103795024502,2.79787884145326,1.57187564518683,-11
"NLD",1992,15184163,569221362078.96,553080719800.62,37487.8326898203,36424.8407897505,0.00266801031545505,-0.00130808620394518,0.00789040030221599,0.00714947758168449,-0.00522238998676094,-0.00845756378562967,-0.167474191590248,1.55944184626403,2.30753298800207,1.36142254839552,2.76996764759976,1.41753979313898,-10
"NLD",1993,15290368,570835895333.912,558652892463.716,37333.0383764414,36536.2620745109,-0.00413773675777485,0.00305426774001205,-0.00340563508537883,-0.00388240817350116,-0.000732101672396013,0.00693667591351321,-0.283897169858419,1.57273779500767,2.40379261908805,1.36957358215451,2.65550453007901,1.44751893079612,-9
"NLD",1994,15382834,583515018925.706,574901617832.005,37932.8684770119,37372.9325709427,0.0159392964239711,0.0226414654474834,0.0187885389977023,0.0188164926266712,-0.0028492425737312,0.00382497282081218,-0.248709144305829,1.38498745511823,2.54778963572527,0.979749837844568,2.6646971148873,1.15050746855845,-8
"NLD",1995,15459004,602532346518.012,598413615686.624,38976.1427397271,38709.7134903791,0.0271317559387043,0.0351438487720497,0.015848771362899,0.0144459526849445,0.0112829845758053,0.0206978960871051,-0.256337387895317,1.61126197389939,2.72730044374615,1.36365368629176,2.59810505199891,1.47737014116125,-7
"NLD",1996,15530500,618352794036.631,617722443085.282,39815.3822501936,39774.7943134659,0.021303591993787,0.0271428398335338,0.0148317097559261,0.0178701593677086,0.00647188223786088,0.00927268046582519,-0.242857598222305,1.69196350037192,2.82280321720505,1.41943953530914,2.70613030943007,1.55017658925993,-6
"NLD",1997,15610650,648301639767.432,645500856023.698,41529.4455879436,41350.030653669,0.0421493815560581,0.0388397598326922,0.0186296603121452,0.0221912097628731,0.0235197212439129,0.016648550069819,-0.216239709201996,1.74602394464602,2.94898113213174,1.49785621291994,2.6408354539379,1.62711454960456,-5
"NLD",1998,15707205,679154522418.989,666355409865.974,43238.4069870476,42423.550839629,0.0403264430274781,0.0256304895751498,0.018980453161662,0.0217722047165161,0.0213459898658162,0.00385828485863371,-0.234915359906781,1.84515301901829,2.99892658949254,1.6695115548177,2.53706524661043,1.78164187243402,-4
"NLD",1999,15812085,707419054487.852,702936891217.14,44739.1381015123,44455.6736962355,0.0341195403653387,0.0467889436576829,0.0203275958208504,0.0202952471772466,0.0137919445444883,0.0264936964804363,-0.244594406784306,1.76806288629142,2.95963457189675,1.4942509621761,2.47993142527157,1.68220917662454,-3
"NLD",2000,15925505,743822072972.744,737928292496.216,46706.3413670552,46336.2569975782,0.0430312536306552,0.0414321471146124,0.0261166437776854,0.0293960548351482,0.0169146098529698,0.0120360922794642,-0.27502052802433,1.85101810675762,3.25917427852455,1.5675952621664,2.54394705085894,1.74604849517748,-2
"NLD",2001,16046182,762706821478.456,743595759782.078,47531.9812201093,46340.9775473117,0.0175228284270208,0.000101870750908617,0.00303976255030847,0.00380190788157719,0.0144830658767123,-0.00370003713066858,-0.325746604459652,1.88081424095578,3.0832878001782,1.65471924501717,2.49848305012594,1.78841906346521,-1
"NLD",2002,16148921,768950095670.723,746925965318.942,47616.1903120786,46252.3759524826,0.00177006268433111,-0.00191377930537229,0.00568943842718639,0.00382292913555382,-0.00391937574285528,-0.00573670844092611,-0.410549363842872,1.89360474763414,3.05115242798801,1.73217151551983,2.4279687331475,1.81249082467709,0
"NLD",2003,16225303,771165635031.306,761701688276.953,47528.5814404394,46945.2982343044,-0.00184159139352857,0.0148702219507317,0.0110416401145379,0.0103800031386658,-0.0128832315080665,0.0044902188120659,-0.483689831110696,2.60303716448075,3.09937898788042,1.88134937343669,3.8405103879212,1.97110820362816,1
"NLD",2004,16281777,786200404759.81,775122639275.763,48287.1375010117,47606.759340566,0.0158339762477944,0.0139916975737346,0.0227653682450661,0.0249738120954621,-0.00693139199727177,-0.0109821145217275,-0.548248519532972,2.58464315567885,3.02097605551814,1.90469508959802,3.79448737349334,1.99275575559912,2
"NLD",2005,16319871,804490748528.713,793330719613.825,49295.1659071762,48611.3352007393,0.0206608007534506,0.0208819841856283,0.0174697256407548,0.0186843977423852,0.00319107511269578,0.00219758644324308,-0.725247133337199,2.55809047315613,2.76359283613608,1.93411469980097,3.77400275691483,2.00861588327577,3
"NLD",2006,16346096,845101630056.534,839128529696.339,51700.5179742328,51335.1034825893,0.0476417786883534,0.0545180582834384,0.0200552080985297,0.0239470340915293,0.0275865705898237,0.030571024191909,-0.692411474162697,2.59090374347356,2.58199836305079,1.99607884784697,3.74617130461983,2.04090560413625,4
"NLD",2007,16381696,881699702918.092,870666688129.7,53822.2478867934,53148.7513948312,0.0402191108741281,0.0347198158329558,0.0159418115266732,0.010288304605611,0.0242772993474549,0.0244315112273448,-0.512273534877014,2.61620892143569,2.40566561141919,2.04856568445237,3.67313054729786,2.06646643667042,5
"NLD",2008,16445590,899711521010.089,855598927561.588,54708.3759846919,52026.0402674266,0.0163299123858227,-0.0213502448016261,-0.0187693994548681,-0.0243465806951786,0.0350993118406908,0.00299633589355253,-0.727673357408415,2.6514679809995,2.52724219955108,2.10170319743407,3.58151877408309,2.11531232435122,6
"NLD",2009,16530387,860292212941.354,829625071899.903,52043.077572313,50187.8795638543,-0.0499450330807019,-0.035970813014842,-0.0387510689984403,-0.0366836784257103,-0.0111939640822616,0.000712865410868346,-0.682594753962469,2.66003368903305,2.42863248215045,2.07312732246986,3.5606309392319,2.07501001631343,7
"NLD",2010,16615390,866779303411.752,862430727417.764,52167.255984467,51905.5362177935,0.00238322758772647,0.0336519007514529,0.0167504125516587,0.0228731796146899,-0.0143671849639322,0.0107787211367629,-0.630729116384175,2.68357577114952,2.61904874928283,2.08491477989506,3.56494220019376,2.09730110214199,8
"NLD",2011,16693074,864062538131.124,863164247013.409,51761.7389182558,51707.9267134028,-0.00780377265361665,-0.00381436424170367,0.00119925152008449,0.00522537732113726,-0.00900302417370114,-0.00903974156284093,-0.664533725939136,2.72934275278753,2.57315728058228,2.115807205013,3.57081454545581,2.13721762800139,9
"NLD",2012,16754963,846206248611.468,838782056099.206,50504.8115362277,50061.7074534397,-0.0245826357337524,-0.0323546975432958,0.000314495414055926,0.00206807139287335,-0.0248971311478083,-0.0344227689361691,-0.6553758838263,2.7887399258218,2.6418317944315,2.16523280147188,3.61093603437363,2.19468976688992,10
"NLD",2013,16804430,834710589805.846,830203230126.411,49672.0561069817,49403.8316162114,-0.0166260860763305,-0.0132284092937667,0.00703338161887146,0.00401165715473972,-0.023659467695202,-0.0172400664485064,-0.663372773044868,2.75615129552447,2.69933487127255,2.08461158720842,3.60920784643892,2.11446887269449,11
"NLD",2014,16865008,842862892829.04,835566072196.542,49977.0230069882,49544.3626351403,0.00612083633567728,0.00284049879800108,0.0143207731593833,0.0170726811434019,-0.00819993682370601,-0.0142321823454008,-0.698359602271386,2.69348811678017,2.65488401656134,2.05206453489223,3.52095410530209,2.09387744496501,12
"PRT",1997,10108977,257450374320.311,257101867322.504,25467.5002545076,25433.0252529513,0.0536196967811762,0.0464101669474033,0.0186296603121452,0.0221912097628731,0.034990036469031,0.0242189571845302,-0.0312084777210355,0.885082918165205,0.961106226966547,1.09149499469544,0.532332137875597,1.00867721363086,-5
"PRT",1998,10160196,273122772759.108,272325987324.285,26881.6440902427,26803.2218398429,0.0540405383805229,0.052473561899113,0.018980453161662,0.0217722047165161,0.035060085218861,0.0307013571825969,0.0169826876001284,1.00591084713597,0.901537677392208,1.19825553642229,1.04229439855549,1.08862173915119,-4
"PRT",1999,10217828,286649917187.396,285715217422.593,28053.8992423239,27962.421898528,0.0426839548731479,0.0423394355375262,0.0203275958208504,0.0202952471772466,0.0223563590522975,0.0220441883602795,0.0338256947587628,0.868381423685871,0.799125097731272,1.0657822855422,0.956769953810163,0.932606015764597,-3
"PRT",2000,10289898,299230198218.686,294380189705.174,29079.9965382248,28608.6596490241,0.0359229008929667,0.0228479231932806,0.0261166437776854,0.0293960548351482,0.00980625711528127,-0.00654813164186763,0.0130091882454046,1.02629629362951,1.12347167923312,1.1805441105357,1.29535346906461,1.04774780438511,-2
"PRT",2001,10362722,303135019417.072,297936373066.09,29252.4511819454,28750.7831500343,0.00591283763675321,0.00495554994693848,0.00303976255030847,0.00380190788157719,0.00287307508644474,0.00115364206536128,-0.0360026331204485,1.0947106104619,1.02006019170342,1.23312213436095,1.35886064367658,1.11297431213794,-1
"PRT",2002,10419631,307209944582.317,302558550134.734,29483.7643081907,29037.3574778928,0.00787637814766207,0.00991818300233227,0.00568943842718639,0.00382292913555382,0.00218693972047568,0.00609525386677845,-0.0885543267484502,1.15491772055796,1.18101415032951,1.32868697969063,1.14965910470332,1.22649155831816,0
"PRT",2003,10458821,304965088224.619,301907035031.165,29158.6487831295,28866.258924516,-0.0110881813668549,-0.00590978809212928,0.0110416401145379,0.0103800031386658,-0.0221298214813928,-0.0162897912307951,-0.170681115264046,1.26656088841396,1.00798153371307,1.45986102084595,1.3282654250688,1.33375134387696,1
"PRT",2004,10483861,310523954936.398,306622349926.905,29619.2361703764,29247.0827233311,0.0156724528366592,0.0131064309656583,0.0227653682450661,0.0249738120954621,-0.00709291540840695,-0.0118673811298038,-0.297903591970399,1.22043393519287,1.079473589665,1.38345211361581,1.34482650274159,1.27021477632879,2
"PRT",2005,10503330,316182210976.916,311982571194.115,30103.0445560518,29703.2056684989,0.0162022938049322,0.0154751422009767,0.0174697256407548,0.0186843977423852,-0.00126743183582256,-0.0032092555414085,-0.468820897157262,1.15809080158125,1.13307857517493,1.3109477548396,1.31557596774847,1.21505717900762,3
"PRT",2006,10522288,321559860790.899,312426497622.494,30559.8802076981,29691.8785745547,0.0150617297041702,-0.000381415203829505,0.0200552080985297,0.0239470340915293,-0.00499347839435949,-0.0243284492953588,-0.346804448399817,1.14134786625856,1.1660063657967,1.31064241220519,1.23608736115491,1.22701417488634,4
"PRT",2007,10542964,331268460720.671,321751693816.373,31420.809244978,30518.1440263263,0.027782343838469,0.0274478331012684,0.0159418115266732,0.010288304605611,0.0118405323117958,0.0171595284956574,-0.305293732286219,1.11370422499255,1.0998777263012,1.30964187278847,1.08761087508961,1.2267521785236,5
"PRT",2008,10558177,329569988040.928,318481832188.534,31214.6678390529,30164.4717822531,-0.00658228083515233,-0.011656592056438,-0.0187693994548681,-0.0243465806951786,0.0121871186197158,0.0126899886387406,-0.651862424598398,1.109485663186,1.14063196399652,1.32222849304543,0.975379639005825,1.2568831009479,6
"PRT",2009,10568247,325506364445.83,314358472827.398,30800.412258138,29745.5645034978,-0.0133600324943579,-0.0139847722345152,-0.0387510689984403,-0.0366836784257103,0.0253910365040824,0.0226989061911951,-0.425775675699294,1.0888952924908,0.941459140084956,1.38798407833332,0.851977025703098,1.26980945621904,7
"PRT",2010,10573100,329136243808.267,318594253380.854,31129.5877092118,30132.5300414121,0.0106306653085753,0.0129252919000766,0.0167504125516587,0.0228731796146899,-0.0061197472430834,-0.0099478877146133,-0.494533805642386,1.08373522164186,1.00546160787841,1.40165407827376,0.848953884968165,1.26745614836077,8
"PRT",2011,10574536,311282712152.738,305762079294.879,29437.0090709169,28914.940503761,-0.0559060455618834,-0.0412468864743047,0.00119925152008449,0.00522537732113726,-0.0571052970819679,-0.046472263795442,-0.482621638533842,1.01135479976811,0.768610718673661,1.31426651684074,0.839488769289458,1.18831178115646,9
"PRT",2012,10531420,289519379906.415,283022067798.068,27491.010700021,26874.0652065978,-0.0683936270422976,-0.0731967311500785,0.000314495414055926,0.00206807139287335,-0.0687081224563535,-0.0752648025429519,-0.25594706949901,1.05515038244001,0.670906334900213,1.37427175155939,0.922299793301029,1.2232786919635,10
"PRT",2013,10473991,292387820030.605,288177511416.154,27915.6073392277,27513.6298490379,0.0153268676607574,0.0235198099296507,0.00703338161887146,0.00401165715473972,0.00829348604188596,0.019508152774911,-0.229406374086491,0.966926284377272,0.779047942546373,1.25330288272363,0.952335768227248,1.0916564869974,11
"PRT",2014,10419607,297517053277.283,291410651880.81,28553.5772392647,27967.5281304573,0.0225962903406547,0.0163626148028921,0.0143207731593833,0.0170726811434019,0.0082755171812714,-0.000710066340509741,-0.3109540563601,0.84329176869701,0.669523068149555,1.14442724379628,0.765952841476226,0.985160530764076,12
"PRT",2015,10381838,306681989992.256,298736909497.784,29540.2403690229,28774.9538663369,0.0339711885390486,0.0284612237865343,0.0241809764917988,0.021480105164903,0.00979021204724972,0.00698111862163131,-0.292669073912748,0.8353472682132,0.781810099994823,1.10703103013754,0.775311286341957,0.961015576653809,13
"PRT",2016,10356516,316704769940.271,309505931826.76,30580.2424232504,29885.1401211334,0.0346007138400317,0.0378560195912936,0.0151142989677542,0.0123071006723539,0.0194864148722775,0.0255489189189397,-0.291806562071073,0.713912455326919,0.685886303281747,0.980452388262038,0.67879432652421,0.833831691827073,14
"PRT",2017,10340124,327730768947.202,320410249356.961,31695.0521045204,30987.0799766967,0.0358064556904818,0.0362089717221235,0.0157229692398833,0.0173803730333173,0.0200834864505985,0.0188285986888062,-0.252121354713943,0.73417122742801,0.690729206993399,1.02570001533435,0.677620412637698,0.861058194489435,15
"SWE",1987,8397797,245577020177.557,241929436745.725,29243.0288774016,28808.6788410967,0.0347485051843073,0.038847307942321,0.0255348473212589,0.0288714823671139,0.0092136578630484,0.00997582557520715,0.10114014586527,0.38608639049046,-0.615422339317506,0.101917626209503,1.91608941218143,0.0502624526494355,-15
"SWE",1988,8436483,253637609872.386,249690643316.413,30064.3775222905,29596.5325025147,0.0276997835844615,0.0269805188879619,0.0365327592503171,0.0408260742196287,-0.00883297566585561,-0.0138455553316668,0.0979015973395533,0.376481504362815,-0.243875140713057,0.029901331703152,1.95602914344799,-0.0131350791163705,-14
"SWE",1989,8492959,263994859247.872,259418770079.452,31083.9672307227,30545.1574744976,0.0333511632498276,0.0315489522975927,0.0293847642884248,0.0252681537243973,0.00396639896140272,0.00628079857319541,0.0509012227736299,0.660156511184688,0.697138819873437,0.23724930982569,2.02095412542053,0.289015353131241,-13
"SWE",1990,8558834,263835636675.537,257739072814.712,30826.1191507555,30113.8067188489,-0.00832980814437612,-0.0142224000154467,0.013971108125574,0.0126900600594517,-0.0223009162699501,-0.0269124600748984,0.0146901996539139,0.756646349096051,1.00345365111004,0.356460389319439,2.24254310945622,0.420026980953973,-12
"SWE",1991,8617376,257957619165.784,250317893678.083,29934.5902007507,29048.0412689527,-0.0293476803374357,-0.0360327067379824,-0.00159154152538754,-0.00272806202020348,-0.0277561388120482,-0.0333046447177789,-0.0298263219229307,0.738371558319131,1.25209596759719,0.302769182863329,2.21283767482638,0.405156614376804,-11
"SWE",1992,8668065,251584225773.096,241086929796.564,29024.2661739496,27813.2351103232,-0.0308824299346728,-0.0434390643166953,0.00789040030221599,0.00714947758168449,-0.0387728302368888,-0.0505885418983798,-0.0175746711505832,0.59358150563575,1.19660098522224,0.249576623387447,2.09933235952682,0.305825808961864,-10
"SWE",1993,8718558,240468437593.702,229097787116.837,27581.2167096557,26277.0273612721,-0.0509972576699536,-0.0568169173984572,-0.00340563508537883,-0.00388240817350116,-0.0475916225845747,-0.052934509224956,-0.0434380597287715,0.706283031608321,1.54324096382865,0.266235173750416,2.18034702285816,0.392089843326373,-9
"SWE",1994,8780741,250967812799.878,243037327649.152,28581.6211638491,27678.4530655388,0.0356289075674674,0.0519591697154969,0.0187885389977023,0.0188164926266712,0.0168403685697651,0.0331426770888257,-0.0659211902611937,0.837434454861805,1.7580108777772,0.358879742713178,2.29959274229017,0.489751417877972,-8
"SWE",1995,8826944,264430453302.22,257282041057.651,29957.1916738364,29147.351683397,0.047005523791686,0.0517098145006525,0.015848771362899,0.0144459526849445,0.031156752428787,0.037263861815708,-0.0791719116004093,0.96505579257962,2.1299633517692,0.538029342972907,2.21136897960802,0.704877387405449,-7
"SWE",1996,8840999,270327279422.98,262959539877.747,30576.5535572372,29743.193034831,0.0204640732369992,0.0202362429319258,0.0148317097559261,0.0178701593677086,0.0056323634810731,0.00236608356421719,-0.0731347643883113,0.995479998230357,2.23931495558613,0.598708612304786,2.1473435114111,0.789851852006514,-6
"SWE",1997,8846059,280938202814.113,273510015657.986,31758.5721295904,30918.8550130613,0.0379291855926844,0.0387658921483727,0.0186296603121452,0.0221912097628731,0.0192995252805392,0.0165746823854995,-0.0950698027400889,1.0752958259831,2.50845962873192,0.395912010937696,2.39483280927498,0.728559764635687,-5
"SWE",1998,8850975,296196800213.187,289783707550.063,33464.8781872265,32740.3147732383,0.0523337993088315,0.0572409938209084,0.018980453161662,0.0217722047165161,0.0333533461471696,0.0354687891043923,-0.141980986294805,1.08597797147697,2.59364894717571,0.460954205698655,2.19044206619379,0.839477387712501,-4
"SWE",1999,8857879,310304863688.795,309848276909.191,35031.5085235185,34979.9626873647,0.0457514235015424,0.066168216676024,0.0203275958208504,0.0202952471772466,0.025423827680692,0.0458729694987774,-0.129713848312639,1.20892247777775,2.62947204392844,0.454850604695886,2.31418611330391,0.938862769717837,-3
"SWE",2000,8872112,326840770866.692,327080123699.484,36839.1168716865,36866.0949838645,0.0503123390619518,0.0525168906280484,0.0261166437776854,0.0293960548351482,0.0241956952842663,0.0231208357929003,-0.134786900781139,1.25540364617541,2.77650353529904,0.591750237049832,2.31924683943286,0.957872655677542,-2
"SWE",2001,8895963,331883027955.779,332193209659.449,37307.1502158653,37342.0179085107,0.0126247639696935,0.0128268845908419,0.00303976255030847,0.00380190788157719,0.00958500141938501,0.00902497670926472,-0.206387995365556,1.32297193907371,2.85672810050411,0.524420388353137,2.36126885684412,1.00056263866215,-1
"SWE",2002,8924960,337664759333.392,338694967279.835,37833.7560429842,37949.1860221038,0.0140167180592581,0.0161288767947454,0.00568943842718639,0.00382292913555382,0.00832727963207169,0.0123059476591916,-0.235330150750073,1.27904893376779,2.79740681667082,0.531845758432872,2.30780964557777,0.906292761894368,0
"SWE",2003,8958232,343753672915.002,349604233407.342,38372.937083456,39026.0302934042,0.0141507265462657,0.0279808119902718,0.0110416401145379,0.0103800031386658,0.0031090864317278,0.017600808851606,-0.213370519556724,1.31445405415319,2.74158006206121,0.599346944673009,2.25818713963759,0.999186188329421,1
"USA",1987,242288918,10127775367337.2,10073292226051.1,41800.4069312705,41575.5384488989,0.0135064847864719,0.0219403188733693,0.0255348473212589,0.0288714823671139,-0.012028362534787,-0.00693116349374456,0.0753236331330904,0.440607710246601,0.624778227119573,0.0800200605877242,1.98035751358319,0.0982327370057992,-15
"USA",1988,244498982,10495031010463.1,10534782926758.4,42924.6409314828,43087.2261331476,0.0265399670465847,0.035714599498581,0.0365327592503171,0.0408260742196287,-0.00999279220373239,-0.00511147472104767,0.0664334582362568,0.534474849876826,0.796848937265037,0.176753664842775,2.03573871491382,0.200805758363011,-14
"USA",1989,246819230,10786369999652,10704083868453.8,43701.4976493202,43368.1114249236,0.017936330938026,0.00649783548363203,0.0293847642884248,0.0252681537243973,-0.0114484333503988,-0.0187703182407652,0.051208913092035,0.618299355883452,0.700705509980084,0.209571520994345,1.95259122850637,0.265847598263443,-13
"USA",1990,249622814,10817271080471.1,10707228911728.6,43334.4649358495,42893.6311555587,-0.00843409731506384,-0.0110010542430778,0.013971108125574,0.0126900600594517,-0.0224052054406378,-0.0236911143025296,0.0545791971033475,0.524986146119957,0.816887869968175,0.15964664728183,1.95453067351482,0.2246661026489,-12
"USA",1991,252980941,10717110749743.5,10610738953497.3,42363.3128542418,41942.839296725,-0.0226655505404683,-0.0224156348024636,-0.00159154152538754,-0.00272806202020348,-0.0210740090150807,-0.0196875727822601,0.0449073687364662,0.531601784652872,1.06584804998082,0.111330070344854,1.98144305087254,0.214691421930565,-11
"USA",1992,256514224,11013861228929.9,10871238879007.3,42936.6491151378,42380.6473944592,0.013443028152377,0.0103841064681998,0.00789040030221599,0.00714947758168449,0.00555262785016097,0.00323462888651527,0.0551793621993381,0.432538822848079,1.39021728848213,0.00913390599486186,1.94449780451429,0.140950527494312,-10
"USA",1993,259918588,11253038015203.3,11049142956899.2,43294.4719413577,42510.0145469365,0.00829920510463644,0.00304785590462586,-0.00340563508537883,-0.00388240817350116,0.0117048401900153,0.00693026407812702,0.0102303110581328,0.526449435851834,1.65666795520356,-0.0158042434674412,2.00380117992295,0.210138606844486,-9
"USA",1994,263125821,11652546919290.8,11466611105523.4,44285.0757671965,43578.4335491855,0.0226227720925802,0.0248227000403141,0.0187885389977023,0.0188164926266712,0.00383423309487796,0.00600620741364288,-0.0102146028083001,0.515455825643976,1.83420891795151,-0.0129083080073547,1.874653176339,0.235726661881844,-8
"USA",1995,266278393,11882864393242.4,11782996835539,44625.7176910423,44250.6682678494,0.00766259252305446,0.0153080888268988,0.015848771362899,0.0144459526849445,-0.00818617883984452,0.000862136141954295,-0.0037709270049362,0.656972160230605,2.05667985932153,0.110855924717216,1.93126552267624,0.379939798685224,-7
"USA",1996,269394284,12199343907953.1,12159810350139.9,45284.3457805255,45137.5959786137,0.0146510823249617,0.0198450395239895,0.0148317097559261,0.0178701593677086,-0.000180627430964364,0.00197488015628089,-0.00958509099672544,0.760862371643334,2.17354097193009,0.199096054879665,2.02140789086407,0.494596343165831,-6
"USA",1997,272646925,12665511876272.5,12684775445638,46453.8959178525,46524.5498207545,0.0254989301008415,0.0302646134474092,0.0186296603121452,0.0221912097628731,0.00686926978869629,0.00807340368453602,0.00306996472291854,0.747871397477948,2.2033450805957,0.182716848256255,1.94747691752107,0.481392179824062,-5
"USA",1998,275854104,13177495123225.1,13284813251799.8,47769.7990790997,48158.838527919,0.0279332862784454,0.0345245573549526,0.018980453161662,0.0217722047165161,0.00895283311678341,0.0127523526384365,0.014124444944015,0.720769517020953,2.11422820317394,0.108218326177618,1.88800124124736,0.435029051791175,-4
"USA",1999,279040168,13704045986490.8,13789732095025.4,49111.3737664136,49418.448225079,0.0276970315249105,0.0258191165675878,0.0203275958208504,0.0202952471772466,0.00736943570406012,0.00552386939034122,0.0448694836465484,0.703901005888924,1.97576096743972,0.00767830634175093,1.87177932526332,0.392826956718338,-3
"USA",2000,282162411,14109464410426.4,14294239936619.3,50004.7627195333,50659.6179340816,0.0180276023703314,0.0248053024459125,0.0261166437776854,0.0293960548351482,-0.008089041407354,-0.00459075238923567,0.0619174917035334,0.582852258994019,2.04789329841604,0.00632582443007057,1.60640031091755,0.312024121064395,-2
"USA",2001,284968955,14164705765818.2,14388373619310.1,49706.1364660518,50491.0214493718,-0.0059898596597403,-0.00333357538554147,0.00303976255030847,0.00380190788157719,-0.00902962221004877,-0.00713548326711866,0.0678925254690337,0.471926645879434,1.8120212404799,0.00686277548714109,1.34124607567507,0.260252649807274,-1
"USA",2002,287625193,14401025257480.5,14568981533822.5,50068.7200146634,50652.661478866,0.00726806647518252,0.00319624839483978,0.00568943842718639,0.00382292913555382,0.00157862804799613,-0.000626680740714036,0.0667206829738787,0.354957399530242,1.75947852158503,0.0173668360538834,1.04306271600731,0.205845291978819,0
"USA",2003,290107933,14760807266938.3,14867347351598.3,50880.3985961261,51247.6415169187,0.0160812909466976,0.0116778219901832,0.0110416401145379,0.0103800031386658,0.00503965083215974,0.00129781885151736,0.0490453352106296,0.458886132121193,1.88671008499241,-0.0201987914504786,1.19530629029114,0.282372194939908,1
"USA",2004,292805298,15330538653305.9,15462061446905.1,52357.4496705517,52806.6314117891,0.0286164792202186,0.0299671799685548,0.0227653682450661,0.0249738120954621,0.00585111097515245,0.00499336787309268,0.0283330694956718,0.530963832605327,1.84898875129675,0.0514431418491395,1.27157192903293,0.35037386867405,2
"USA",2005,295516599,15825105551701.5,15985060617285.1,53550.6486107791,54091.9213045122,0.0225336768017552,0.0240480680187503,0.0174697256407548,0.0186843977423852,0.00506395116100045,0.00536367027636508,-0.005299216756664,0.613572228365561,1.7572840467224,0.141833099124577,1.3226913551465,0.474691064141361,3
"USA",2006,298379912,16243370803399.8,16544653511130.1,54438.5535022203,55448.282024864,0.0164446978681632,0.0247658851325347,0.0200552080985297,0.0239470340915293,-0.00361051023036651,0.000818851041005431,-0.0311467814111404,0.617716458105392,1.68609258150559,0.180109374762963,1.21503343942122,0.525803449196429,4
"USA",2007,301231207,16545760527151.5,16641061189085.8,54927.1129373773,55243.4834186545,0.00893448009769848,-0.0037003446294932,0.0159418115266732,0.010288304605611,-0.0070073314289747,-0.0139886492351042,-0.050331206638439,0.681652483050757,1.63725225365206,0.277251562981934,1.1560059434925,0.619036738937685,5
"USA",2008,304093966,16259488000782,16208869551011.6,53468.6308138783,53302.1742069409,-0.0269119450224018,-0.0357732640529775,-0.0187693994548681,-0.0243465806951786,-0.00814254556753369,-0.011426683357799,-0.00369220605990317,0.5268623975302,1.55466663531571,0.388810508219609,0.713484713635604,0.570417856868636,6
"USA",2009,306771529,15995133427497.7,15949310311112.6,52140.2148355747,51990.8427066341,-0.0251586131530246,-0.0249095209367098,-0.0387510689984403,-0.0366836784257103,0.0135924558454157,0.0117741574890005,-0.0307841103148088,0.517009164939125,1.50307145507479,0.293744565488853,0.736931414976549,0.539828416824865,7
"USA",2010,309327143,16357587841905.1,16505619460186.6,52881.1913602587,53359.7514272668,0.0141111959383444,0.0259891419087879,0.0167504125516587,0.0228731796146899,-0.00263921661331423,0.00311596229409794,-0.0445106927889444,0.615448107879189,1.76405640769369,0.384500361406079,0.786938324119479,0.658650345460576,8
"USA",2011,311583481,16437339364395.1,16713645249148,52754.206710962,53640.9863433934,-0.00240420754371762,0.00525670326388195,0.00119925152008449,0.00522537732113726,-0.00360345906380211,3.13259427446866e-05,-0.0448831047829085,0.621781420407217,1.70593522965651,0.436926302251566,0.722509256807007,0.698013142858598,9
"USA",2012,313877662,16779483280980.4,17178304895356.7,53458.6729557721,54729.3005367062,0.013265370026744,0.0200857783694417,0.000314495414055926,0.00206807139287335,0.0129508746126881,0.0180177069765683,-0.0123923486797219,0.56400454585685,1.66509080683132,0.30468973284381,0.695607773882306,0.625676117134741,10
"USA",2013,316059947,17174874866564.4,17439431510224.9,54340.5611169211,55177.6068931156,0.0163620427048663,0.0081579739293467,0.00703338161887146,0.00401165715473972,0.00932866108599484,0.00414631677460697,-0.00836904477498635,0.585253605168912,1.80126057872149,0.234373989665242,0.78361325732123,0.613501026648155,11
"USA",2014,318386329,17629024868664.4,18005569999335.2,55369.9178103354,56552.5852064308,0.0187655164788225,0.0246137181774841,0.0143207731593833,0.0170726811434019,0.00444474331943923,0.00754103703408227,0.0195588912485828,0.561243424963045,1.71771709336435,0.199823737673644,0.75128119943151,0.587617598261454,12
"USA",2015,320738994,1.8295019e+13,1.8608138e+13,57040.2082136605,58016.4505972105,0.0297199799469841,0.0255556843900155,0.0241809764917988,0.021480105164903,0.00553900345518521,0.00407557922511259,-0.0121310406486217,0.463252559688071,1.63308068663685,0.0698707500259945,0.646562902673321,0.481316919674019,13
"USA",2016,323071755,18570625982603.5,18746858631504.9,57481.4284913377,58026.9192257458,0.00770548646480229,0.000180426138600254,0.0151142989677542,0.0123071006723539,-0.00740881250295189,-0.0121266745337536,-0.00520842883483397,0.423333806410107,1.64911378741335,0.00977949538861056,0.605446274593982,0.444134940326816,14
"USA",2017,325122128,18963805350294.8,19181414175013,58328.2518078709,58997.5659085653,0.0146246567220789,0.0165891598119021,0.0157229692398833,0.0173803730333173,-0.00109831251780435,-0.000791213221415177,-0.0193973573973154,0.485548248872461,1.65641667664946,0.0284477439955978,0.68534790968373,0.498578414806558,15
