"iso","year","Population","GDP","GNI","GDP_pc","GNI_pc","gdp_log_diff","GNI_log_diff","gdp_log_diff_total","gni_log_diff_total","gdp_dev","gni_dev","EHB_dev","ehb_crude_dev","eq_ehb_crude_dev","debt_ehb_crude_dev","fdi_ehb_crude_dev","eq_debt_ehb_crude_dev","time"
"AUS",1979,14515729,4116826374.90719,4074132682.00174,283.611410416052,280.670208296238,0.0272185852475966,0.0289594603316159,0.0142781750582763,0.0109757537831205,0.0129404101893202,0.0179837065484953,0.0679355121542392,-0.682172108776926,-0.928269188806388,-1.48248239578263,1.24204180124281,-1.47279770991698,-18
"AUS",1980,14695356,4230856432.4396,4217075321.77102,287.904317012776,286.966530227034,0.0150231643021614,0.0221852454137688,-0.0263104160489602,-0.0268703305931401,0.0413335803511217,0.0490555760069089,0.0787514803682686,-0.694636639391884,-0.92885344220052,-1.4924165965299,1.33527490452946,-1.47386417591579,-17
"AUS",1981,14923260,4460248013.10247,4375761243.82268,298.87893215708,293.217517072187,0.0374103898792439,0.0215491231349345,0.0107049931914363,0.00970278577703443,0.0267053966878077,0.0118463373579001,0.0541027298309739,-0.829664681279516,-0.984317720886921,-1.76473425897406,1.17594990373258,-1.74003376173321,-16
"AUS",1982,15184247,4314248935.52204,4281565920.67479,284.126630416512,281.974201333447,-0.0506185616854271,-0.0390991305560098,-0.0152356578478647,-0.0113522317285035,-0.0353829038375624,-0.0277468988275063,0.0619037413481585,-0.835502778475571,-0.303008202876241,-1.82167172491927,1.27151185743786,-1.73134766238761,-15
"AUS",1983,15393472,4421941608.92239,4368553641.32456,287.260834262887,283.792612954671,0.0109706126740354,0.006428153213899,0.024339406749414,0.0168299018435309,-0.0133687940753786,-0.0104017486296319,0.0602372158128247,-0.898321192981765,-0.0349481944608705,-1.89481440473239,1.41211052344202,-1.72014318329266,-14
"AUS",1984,15579391,4687819726.49217,4622787055.79635,300.898778809272,296.724503274637,0.0463832919595903,0.0445603745813026,0.0402120698332435,0.043332405661185,0.0061712221263468,0.00122796892011756,0.0458782739452792,-0.868428949327289,0.0978820205660069,-1.73827405538928,1.35122243605741,-1.56754004776211,-13
"AUS",1985,15788312,4865363936.73655,4778542975.97449,308.162388527447,302.663323094609,0.02385295434512,0.0198169329127467,0.028026122537856,0.0268821863869118,-0.00417316819273594,-0.00706525347416509,0.0298997983938789,-0.548465438919637,0.615324363301793,-1.47322584869438,1.45162345851334,-1.19066737672019,-12
"AUS",1986,16018350,4897436537.1245,4808358074.04756,305.739138995246,300.178112854792,-0.00789462807740371,-0.0082450348315124,0.0201175469207771,0.015701121876373,-0.0280121749981808,-0.0239461567078854,0.0475531029948495,-0.264322210968129,1.13135075876635,-1.38830526940614,1.71443073735683,-0.903365226922316,-11
"AUS",1987,16263874,5114837714.96244,5019936050.86642,314.49073664506,308.655616175237,0.0282223700428652,0.0278501366126269,0.0262212951412648,0.0304079800150161,0.0020010749016004,-0.00255784340238918,0.0586915269315127,-0.0970185950781011,1.05476567064901,-1.2082368555691,1.86621683680581,-0.825945960033314,-10
"AUS",1988,16532164,5412993111.07209,5265689098.21373,327.421934059697,318.511786975603,0.0402950358994962,0.0314333374911069,0.03372694983298,0.039389548550326,0.00656808606651627,-0.00795621105921906,0.0241966076470326,0.0630153297363316,1.22815901261174,-0.978626806443476,1.94726405689692,-0.59727306931244,-9
"AUS",1989,16814416,5531783739.82694,5339323897.54094,328.990536443665,317.544415312488,0.00477932836527639,-0.00304178280320055,0.0268445984883163,0.0213120353471155,-0.0220652701230399,-0.024353818150316,0.0002445366939412,0.0281784117429609,0.968874472179157,-1.02651836950335,1.6594025600395,-0.561858259451232,-8
"AUS",1990,17065128,5289335311.04955,5077072074.88501,309.94993480562,297.511514410264,-0.0596182019332128,-0.0651647711601848,0.00640983893116065,0.00572285005108775,-0.0660280408643734,-0.0708876212112726,-0.0256293628276535,0.00192839753815854,0.987747883303206,-0.9528431479085,1.79676637506745,-0.577958959918062,-7
"AUS",1991,17284036,5224860256.6868,5023680795.17247,302.293992947411,290.654381602333,-0.0250107533845965,-0.0233180589186688,-0.00658982515446027,-0.00688402745084193,-0.0184209282301362,-0.0164340314678268,-0.0308875983942709,0.0060839034496416,1.21092083579064,-0.90011649680361,1.67991416896586,-0.462663699149755,-6
"AUS",1992,17478635,5428434151.83375,5284159305.19595,310.575405449782,302.321051111597,0.0270266931550225,0.0393546666350337,0.0101076700394938,0.0095825977360855,0.0169190231155287,0.0297720688989482,-0.0352788266725287,0.0266960551613549,1.53669303032745,-0.913096418118571,1.81397348523871,-0.45803985243194,-5
"AUS",1993,17634808,5603968231.65016,5480924284.13893,317.778806077739,310.801471960394,0.0229288388014579,0.0276648186664596,0.00546765854853604,0.0041014728034634,0.0174611802529219,0.0235633458629962,-0.0320286875207326,0.143399160753927,1.5636949432456,-0.834617137049552,1.86937001289265,-0.350211327749302,-4
"AUS",1994,17805468,5840471491.88773,5639641665.01439,328.015612501044,316.736502798713,0.0317056439584791,0.0189158522464234,0.022981661072917,0.023843825955586,0.00872398288556209,-0.00492797370916254,-0.0391361538559715,0.114276950828624,1.58066253963556,-0.897164866136696,1.81408615370832,-0.421570448010313,-3
"AUS",1995,18004882,5955200987.43082,5745066485.71781,330.754791252218,319.083817695545,0.00831608257358774,0.00738361290243184,0.0174846216300963,0.0142793338509817,-0.00916853905650861,-0.00689572094854984,-0.045749242274728,0.198886221298125,1.73649730774935,-0.775177189755927,1.77191154830945,-0.298092618697098,-2
"AUS",1996,18224767,6107355385.64649,5902664286.22065,335.112947432825,323.881467797127,0.0130903426029993,0.014923789055743,0.0193335441171634,0.0228361631168328,-0.00624320151416402,-0.0079123740610898,-0.0330428418400678,0.272932755190745,1.71016767848438,-0.651885845886674,1.83724740877744,-0.216435765450039,-1
"AUS",1997,18423037,6451270116.27569,6248371734.66892,350.174084559223,339.160787370124,0.0439627837672569,0.0460966852389548,0.019367696137647,0.0238041116077321,0.0245950876296099,0.0222925736312227,-0.0346578180158259,0.231845440576395,1.66050967718872,-0.65229394863625,1.73015637516077,-0.251823038935821,0
"AUS",1998,18607584,6750216366.79606,6540086533.1769,362.766943134372,351.474244758315,0.0353301828587824,0.0356621422227059,0.00999532732249087,0.014570032485711,0.0253348555362916,0.0210921097369949,-0.00439199109854649,0.317926870454974,1.64962394626058,-0.573259001375922,1.74883582915753,-0.169591759238441,1
"AUS",1999,18812264,7088576716.77848,6884710581.74845,376.806147137765,365.969273116115,0.0379702584865029,0.0404129404565969,0.0204374864176788,0.0190071202548365,0.0175327720688241,0.0214058202017604,0.00171371400556442,0.318802194386597,1.62747114655511,-0.593721883011129,1.64177961831472,-0.100718285173894,2
"AUS",2000,19028802,7245292831.84536,7042980651.15467,380.754018663149,370.122125983269,0.010422689688447,0.0112836447596907,0.027582920007883,0.0323379775249473,-0.017160230319436,-0.0210543327652566,-0.0199113810565089,0.288718349369573,1.90389178624772,-0.585395440729595,1.47464784031572,-0.0899446034422726,3
"AUS",2001,19274701,7418443658.46537,7217700143.2453,384.879830741103,374.464960221448,0.0107776113030642,0.0116652130160597,-0.00168622851240663,0.000433589712657501,0.0124638398154708,0.0112316233034022,-0.0245830014207918,0.451633476473925,1.91290229660599,-0.554045896337641,1.67983508792385,-0.0263098063695999,4
"AUS",2002,19495210,7648220908.81523,7433551920.17197,392.312824987021,381.301454058303,0.0191283868450141,0.0180920458613567,0.00864038450394222,0.0071903897297938,0.0104880023410718,0.0109016561315629,-0.0278914962453836,0.372674222002056,2.01680747833323,-0.525528700896153,1.45914678664066,-0.0408171309860585,5
"AUS",2003,19720737,8009564148.30997,7782114519.06414,406.149331452976,394.615805639725,0.0346613589706664,0.0343223673464461,0.0155131389098226,0.0134413970544953,0.0191482200608437,0.0208809702919508,-0.0287920135384329,0.427558239948246,1.8852101342345,-0.459949307003803,1.48727253881337,0.0215626847963351,6
"AUS",2004,19932722,8381930115.19901,8072055603.43692,420.511062924522,404.965042076888,0.0347498846069882,0.0258880998955853,0.0273369026607986,0.0284189503979215,0.00741298194618967,-0.00253085050233626,-0.0175004311819996,0.381129580531691,1.7149791397299,-0.488305570784926,1.4403893685688,-0.025067175155179,7
"AUS",2005,20176844,8817171787.11359,8475407085.70628,436.994595741217,420.056133937809,0.0384500402510168,0.0365876070580544,0.0211196451594917,0.0220835311582652,0.0173303950915251,0.0145040758997892,-0.056678676555833,0.384094725453447,1.49712350280229,-0.346444953214315,1.36677516788139,0.078771603453911,8
"AUS",2006,20450966,9277607127.96001,8865297755.73666,453.651290993297,433.490415843274,0.0374079931088334,0.031481332615189,0.0177279086049538,0.0218395094322998,0.0196800845038796,0.0096418231828892,-0.0566482867724858,0.45264169193854,1.4684717361612,-0.198955677967053,1.30740828714287,0.211703420406684,9
"AUS",2007,20827622,9824285338.51402,9423648203.90962,471.695008605112,452.459152749633,0.0390037871163429,0.0428278017040089,0.0139681131339442,0.00735029136049903,0.0250356739823987,0.0354775103435099,-0.0663659858563157,0.467928250314618,1.42847804430025,-0.174004692599468,1.17542037527561,0.2737694639755,10
"AUS",2008,21249199,10077891746.8752,9724863122.93103,474.271606514448,457.657868559235,0.00544755859256618,0.0114244041835549,-0.0203567827975402,-0.0258242951741474,0.0258043413901063,0.0372486993577024,-0.0752547400956606,0.257088089287337,1.39941774910288,-0.199381108193037,0.789704917482191,0.124547239055784,11
"AUS",2009,21691653,10239289837.7014,9842756064.329,472.038246126352,453.757768683143,-0.00472015488043898,-0.00855838658510866,-0.0356112467592764,-0.0358129522779773,0.0308910918788374,0.0272545656928687,-0.0451090493813019,0.463089938068066,1.42851421408827,0.0464171017487995,0.921370688113109,0.355256907419192,12
"AUS",2010,22031750,10818690382.6448,10385402954.2625,491.049979354559,471.383478582616,0.0394859013288018,0.0381084358356674,0.020684344933211,0.0282015454541469,0.0188015563955908,0.00990689038152048,-0.0513849532657279,0.435428738711973,1.44885072864205,0.0590361068497764,0.877045547157188,0.331305272156973,13
"AUS",2011,22340024,11082281945.774,10745915052.2913,496.072965086071,481.016271615969,0.0101771093737959,0.0202291559240706,-0.000803407549065049,0.00422950738941985,0.010980516922861,0.0159996485346507,-0.0874707254444487,0.345616323397908,1.37184204657995,0.0325892069439129,0.655647525023143,0.315594355966617,14
"AUS",2012,22733465,11164712556.0492,10887510953.9118,491.113543670056,478.919995430166,-0.0100476720365386,-0.00436753895032549,0.0105439384840267,0.01281925159791,-0.0205916105205652,-0.0171867905482355,-0.0635246831478453,0.348596088695619,1.35696225989095,0.0470523342699642,0.614677783098212,0.340903998226245,15
"AUS",2013,23128129,11339642426.0125,11044121609.6122,490.296574617538,477.519024976564,-0.00166488856392366,-0.00292955729675093,0.0127552739115409,0.00825173883003316,-0.0144201624754645,-0.0111812961267841,-0.0880130846549603,0.32864259020183,1.46331733635641,0.0460284467153957,0.545689723236564,0.349424953696869,16
"AUS",2014,23475686,11232919223.3975,11004429300.1405,478.491628461784,468.758582822265,-0.0243717469713651,-0.01851611487211,0.0145850785542976,0.0185613321282077,-0.0389568255256627,-0.0370774470003177,-0.0999986487112349,0.400122082742943,1.47732779565105,0.110997301816264,0.604385819442175,0.421395981727004,17
"AUS",2015,23815995,11294369036.6569,11027372766.7469,474.234607315669,463.023810961788,-0.00893656397286158,-0.0123094068106857,0.0253443962761457,0.0229307666650573,-0.0342809602490073,-0.035240173475743,-0.104805436231678,0.518779726429725,1.53755195779733,0.313077947558368,0.655255023128297,0.56269544050174,18
"AUS",2016,24190907,11823659203.0659,11500746801.1401,488.764609076705,475.416105776442,0.0301788501574549,0.0264119523937145,0.014145120976667,0.00905960254310223,0.0160337291807879,0.0173523498506123,-0.115594798004772,0.476106488736557,1.58202267873639,0.24767097870437,0.597090690361278,0.530173352294337,19
"AUS",2017,24592588,12151269123.3681,11766317382.3158,494.102903011595,478.449741943214,0.0108627996399084,0.00636074014428445,0.0157048737345065,0.0179196540574509,-0.00484207409459803,-0.0115589139131664,-0.120348150705844,0.439343600489676,1.50583998597799,0.16385660821407,0.587532904832958,0.481002784831456,20
"AUS",2018,24963258,12608580792.3528,12179059021.4336,505.08554581909,487.879387435468,0.0219840114039673,0.0195170455451779,0.0154288404202232,0.0147908273318489,0.00655517098374414,0.00472621821332897,-0.137239285145791,0.394585881918654,1.52280532282361,0.117653321025443,0.522307167133316,0.44672403415381,21
"AUS",2019,25334826,12623354358.9544,12322806462.6571,498.260945583537,486.397911817398,-0.0136038856838825,-0.00304118090614924,0.0115667958379717,0.0131031192206379,-0.0251706815218542,-0.0161443001267871,-0.146249224177613,0.424675861224681,1.56402588566984,0.0715691149252752,0.606569978463464,0.462020995239287,22
"CAN",1977,23725843,6778784930.53287,6669535820.58518,285.713132744445,281.10848666516,0.011307876047332,0.00811817018446348,0.0238236541819878,0.023657494302384,-0.0125157781346559,-0.0155393241179205,0.0509923927087559,0.696287585004342,1.24582753119737,0.535234662118491,1.55573499713635,0.548638787937075,-20
"CAN",1978,23963203,6893485333.42302,6756908905.76423,287.669613007202,281.970190118751,0.0068243694821648,0.00306068818376204,0.0411732389409671,0.0404193779131932,-0.0343488694588023,-0.0373586897294311,0.0453280767709731,0.726975516210093,1.18558148518943,0.569741725877445,1.6992571987191,0.587347960596765,-19
"CAN",1979,24201544,7210903576.13455,7050330263.4964,297.952212310692,291.317374771478,0.0351204677062773,0.0326119512630108,0.0142781750582763,0.0109757537831205,0.020842292648001,0.0216361974798902,0.0598966584623142,0.671290625900713,1.27151758661634,0.4653455605127,1.8204024692292,0.48999437733766,-18
"CAN",1980,24515667,7362994311.05318,7199924971.35281,300.338322879536,293.686684982008,0.00797646989098499,0.00810019392459704,-0.0263104160489602,-0.0268703305931401,0.0342868859399452,0.0349705245177372,0.0692964783650014,0.796885661938194,1.26563239785938,0.589646881313564,2.05695713201144,0.615075133028901,-17
"CAN",1982,25116942,7175989545.02732,6928145132.67797,285.703153872287,275.835534942031,-0.0617562410163384,-0.0629431366457345,-0.0152356578478647,-0.0113522317285035,-0.0465205831684736,-0.051590904917231,0.0566933621194746,0.798734182190388,1.16146049251967,0.605960947642032,2.07892398429149,0.612257904014026,-15
"CAN",1983,25366451,7357137407.46421,7141548114.78946,290.034163922427,281.535170796635,0.015045374390164,0.0204525802241031,0.024339406749414,0.0168299018435309,-0.00929403235925008,0.00362267838057218,0.0582565261809463,0.646193017835446,1.09205321274783,0.366524666961204,2.31400178731799,0.393713002736065,-14
"CAN",1984,25607053,7734380944.17574,7495026408.84592,302.041040965383,292.693829658802,0.040564182707123,0.0388697322679459,0.0402120698332435,0.043332405661185,0.000352112873879484,-0.00446267339323914,0.0475871263104283,0.639548800334266,1.12300327312533,0.340410233782034,2.3328747808463,0.372437811901586,-13
"CAN",1985,25842116,8052215541.97662,7806120915.26149,311.592732653031,302.06972661455,0.0311340856669533,0.0315307608489102,0.028026122537856,0.0268821863869118,0.00310796312909734,0.0046485744619984,0.046378995093571,0.539566301341672,1.14315149444725,0.212556648857208,2.07137695136895,0.269429779650061,-12
"CAN",1986,26100278,8139197345.2946,7865283981.92628,311.84332003263,301.348666934746,0.000803891247590727,-0.00238991728034499,0.0201175469207771,0.015701121876373,-0.0193136556731863,-0.0180910391567179,0.0516925334017723,0.598268314523068,1.38692253456356,0.278489323613844,2.04429017006269,0.366084269909138,-11
"CAN",1987,26446601,8505976147.49618,8243763248.26747,321.628331273882,311.713525994039,0.030895745889203,0.0338166238272208,0.0262212951412648,0.0304079800150161,0.00467445074793815,0.00340864381220474,0.0549044031115116,0.541463508680957,1.42954126962851,0.110061977691078,2.05416957609429,0.235157358713149,-10
"CAN",1988,26791747,8924852013.14722,8635919798.75879,333.119449550909,322.335075751454,0.0351045048386354,0.0335070323090294,0.03372694983298,0.039389548550326,0.0013775550056554,-0.00588251624129654,0.0422538974758305,0.501734135031702,1.56598073487027,-0.0409785795250421,2.05258752685662,0.15349379272338,-9
"CAN",1989,27276781,9107148842.71302,8794016398.23949,333.879164213439,322.399347571089,0.00227801070462963,0.000199374556479448,0.0268445984883163,0.0213120353471155,-0.0245665877836867,-0.021112660790636,0.0368054747473517,0.535205605052397,1.28369001955274,-0.0639363949259859,1.91228767546718,0.170179518797754,-8
"CAN",1990,27691138,9001247498.73522,8677358359.96569,325.058778687074,313.362287962513,-0.0267731202493762,-0.0284309962500044,0.00640983893116065,0.00572285005108775,-0.0331829591805368,-0.0341538463010922,0.0309301606382595,0.613374195071859,1.27620719764161,-0.0385287917040884,2.29415984629101,0.147455147918957,-7
"CAN",1991,28037420,8598671240.25621,8313708300.62382,306.685538122131,296.521873290189,-0.058183106639274,-0.0552390033643722,-0.00658982515446027,-0.00688402745084193,-0.0515932814848137,-0.0483549759135302,0.00319532931782029,0.700659254120804,1.55384959592945,-0.0894498577902467,2.43034585310653,0.178511910111065,-6
"CAN",1992,28371264,8673590449.60458,8362665539.88525,305.717448810338,294.758299802407,-0.00316161135347759,-0.0059652895453528,0.0101076700394938,0.0095825977360855,-0.0132692813929713,-0.0155478872814383,-0.00918243428018983,0.67830357562646,1.96366074256615,-0.0960902206619472,2.44667898847182,0.211272558343229,-5
"CAN",1993,28684764,8853758477.87584,8552828562.07282,308.65718392788,298.166251675378,0.00956991840728438,0.0114955246620729,0.00546765854853604,0.0041014728034634,0.00410225985874835,0.00739405185860953,-0.0309463668904408,0.755605976948033,2.11150936864536,-0.118533913091905,2.44756588081567,0.293367274862716,-4
"CAN",1994,29000663,9370806120.96658,9035172681.36601,323.123858270639,311.550555977497,0.0458044879678301,0.0439104010717735,0.022981661072917,0.023843825955586,0.0228228268949131,0.0200665751161875,-0.0458226860809742,0.824398027856375,2.26943108209517,0.039308145159382,2.39231067335886,0.411713817079796,-3
"CAN",1995,29302311,9632953129.95077,9301113456.26909,328.74380215099,317.419109239169,0.0172430186835593,0.0186613882807931,0.0174846216300963,0.0142793338509817,-0.000241602946537078,0.00438205442981143,-0.0499942459437599,1.00171955992702,2.4557615675692,0.175220395538403,2.52240814872514,0.554643711273874,-2
"CAN",1996,29610218,9805752220.05217,9479955927.48587,331.16109513453,320.158261836704,0.00732621868853567,0.00859242995244536,0.0193335441171634,0.0228361631168328,-0.0120073254286277,-0.0142437331643874,-0.0497748687523406,1.15586471653209,2.62501944396558,0.251395690956008,2.69417452091838,0.69186119900712,-1
"CAN",1997,29905948,10177794682.6795,9862077746.77973,340.32676986797,329.769775122318,0.0273012946778168,0.0295793180693211,0.019367696137647,0.0238041116077321,0.00793359854016984,0.00577520646158902,-0.042544254296076,1.17818598875708,2.66501366850356,0.180104043468128,2.71423729232203,0.656030733414193,0
"CAN",1998,30155173,10451025752.976,10099398074.2686,346.5748895878,334.914280686387,0.0181926829354619,0.0154798606902391,0.00999532732249087,0.014570032485711,0.00819735561297108,0.000909828204528118,-0.015571520642384,1.20608500271967,2.58569912518049,0.123690544310338,2.71017594794238,0.638100104628733,1
"CAN",1999,30401286,11008732009.6853,10638197999.3566,362.114024047708,349.925920875734,0.0438602189426529,0.0438468569062271,0.0204374864176788,0.0190071202548365,0.0234227325249741,0.0248397366513906,-0.00320428280144058,1.16110864525274,2.54340523122627,-0.105633024023653,2.6019973524496,0.62581127526243,2
"CAN",2000,30685730,11760845938.8887,11452265829.662,383.267595031591,373.211451370459,0.0567742809748779,0.0644236753341403,0.027582920007883,0.0323379775249473,0.0291913609669949,0.032085697809193,-0.129639488161615,1.06033139930769,2.6827394362702,-0.233693626626655,2.43159519709993,0.499661112262573,3
"CAN",2001,31020855,11870183367.3086,11535953548.6139,382.651715025539,371.877356333792,-0.00160821154579871,-0.00358104013523874,-0.00168622851240663,0.000433589712657501,7.80169666079189e-05,-0.00401462984789624,-0.166736956016819,1.00168905271319,2.58894445844712,-0.211733505176774,2.25267490175053,0.499591248585046,4
"CAN",2002,31359199,12106520658.0077,11800189764.1986,386.059626650785,376.291172622063,0.008866615508488,0.0117991263324333,0.00864038450394222,0.0071903897297938,0.000226231004545774,0.0046087366026395,-0.0507957191650537,0.849698254515218,2.57000831204022,-0.287375165383,2.0129134250405,0.3589443867936,5
"CAN",2003,31642461,12384101148.7746,12079479661.0518,391.376042109197,381.749057415343,0.0136770116065712,0.0144002360086501,0.0155131389098226,0.0134413970544953,-0.00183612730325144,0.000958838954154828,-0.129389819189284,0.896934014351178,2.46951118210727,-0.301658309608878,2.03702430632535,0.407748020850927,6
"CAN",2004,31938807,12943011648.205,12664041327.5702,405.244054613717,396.509529224751,0.0348206472679449,0.0379365991591492,0.0273369026607986,0.0284189503979215,0.00748374460714629,0.00951764876122763,-0.115781069794146,0.880128864884393,2.2975264205205,-0.348461953060476,2.05598127112799,0.34918278994619,7
"CAN",2005,32242732,13476657046.0548,13201102216.3517,417.975035305779,409.428773478366,0.0309322169941915,0.0320628786850232,0.0211196451594917,0.0220835311582652,0.00981257183469975,0.009979347526758,-0.117880341140627,0.884099459990249,2.05450852527756,-0.266361889654895,2.04973793328084,0.409462826575879,8
"CAN",2006,32571193,13909321663.1178,13687977603.6814,427.043665951009,420.247965853796,0.0214645635882071,0.0260819791280547,0.0177279086049538,0.0218395094322998,0.00373665498325337,0.00424246969575481,-0.144307946949773,0.799295048543317,1.92267716964708,-0.234751868516812,1.80391037920064,0.43338623096515,9
"CAN",2007,32888886,14355679705.3756,14144365646.2729,436.490299652459,430.065209453215,0.0218798818337476,0.0230919151282167,0.0139681131339442,0.00735029136049903,0.00791176869980337,0.0157416237677177,-0.107238204029325,0.827641074999052,1.81440613184777,-0.128692575533793,1.70023675204181,0.500741081890528,10
"CAN",2008,33247298,14728872154.2775,14512468865.8446,443.009598983878,436.500700473303,0.0148252859312494,0.0148531329470813,-0.0203567827975402,-0.0258242951741474,0.0351820687287896,0.0406774281212288,-0.139495786157358,0.630531590328415,1.81596163112355,-0.0606821020819146,1.31850139181562,0.380009710639575,11
"CAN",2009,33630069,13925350061.2114,13685576549.497,414.074382696371,406.944646753387,-0.0675458119099375,-0.0701128068977965,-0.0356112467592764,-0.0358129522779773,-0.0319345651506611,-0.0342998546198192,-0.10192222277909,0.803403593061499,1.78014233231172,0.0933901864585816,1.45798387090415,0.53917381976331,12
"CAN",2010,34005902,14506945700.1268,14220228445.8737,426.600820649509,418.169423821598,0.0298031036976516,0.0272094974216897,0.020684344933211,0.0282015454541469,0.00911875876444057,-0.000992048032457227,-0.0930687694207794,0.790271272314432,1.91015127812397,0.0814546374831304,1.40097927438628,0.552451966413328,13
"CAN",2011,34339221,15010354847.523,14726835051.109,437.119841697138,428.86339940877,0.024358665059375,0.025251781374112,-0.000803407549065049,0.00422950738941985,0.0251620726084401,0.0210222739846921,-0.109352619150579,0.731055179544423,1.87295303030696,0.134022169016486,1.19647956650242,0.593961723998913,14
"CAN",2012,34713395,15229130068.4356,14958903172.1725,438.710476703175,430.925963080606,0.00363229434164136,0.00479784402642291,0.0105439384840267,0.01281925159791,-0.00691164414238532,-0.00802140757148706,-0.0996603571412298,0.739723679019713,1.8714124426445,0.155894942111752,1.1486039464797,0.63728848204236,15
"CAN",2013,35080992,15707235812.8772,15468008185.7758,447.742065357706,440.92277053556,0.0203776305053687,0.0229334406561703,0.0127552739115409,0.00825173883003316,0.00762235659382782,0.0146817018261372,-0.138347338308736,0.803535877172683,2.04044475492249,0.119241295147867,1.25079940458301,0.673914379157248,16
"CAN",2014,35434066,16164082665.4825,15902891765.1348,456.173521420954,448.802340807707,0.0186559469236922,0.0177128332895293,0.0145850785542976,0.0185613321282077,0.00407086836939463,-0.000848498838678324,-0.148030170382064,0.87152260797047,2.0609986087358,0.224720346271925,1.27160411248581,0.77102572819012,17
"CAN",2015,35704498,15948509745.6656,15704191044.8527,446.680688401378,439.83788946851,-0.0210292708358271,-0.0201763439002605,0.0253443962761457,0.0229307666650573,-0.0463736671119728,-0.0431071105653178,-0.217321229406637,1.00170274192186,2.15911602044359,0.393887419106604,1.37975198076907,0.902646476329464,18
"CAN",2016,36110803,16001078791.7581,15805585405.1419,443.110578066018,437.696868860599,-0.00802464494306765,-0.0048796354466436,0.014145120976667,0.00905960254310223,-0.0221697659197346,-0.0139392379897458,-0.18953156545736,1.06882101535258,2.25355847863209,0.476500147773144,1.44044891998704,0.974445588466627,19
"CAN",2017,36545075,16644584719.6102,16432911893.6567,455.453565757088,449.661463101573,0.0274744194614387,0.0269684048713854,0.0157048737345065,0.0179196540574509,0.0117695457269322,0.00904875081393453,-0.215523334066022,1.12957390421258,2.25784146897283,0.5213780153324,1.49722318332875,1.0426876572446,20
"CAN",2018,37072620,16997982311.8343,16708974605.5991,458.505018308237,450.709299898391,0.00667746644687117,0.00232756840390547,0.0154288404202232,0.0147908273318489,-0.00875137397335202,-0.0124632589279434,-0.230513045867209,1.04610015065188,2.19751050303081,0.559155022727434,1.34184699049844,1.00324328783701,21
"CAN",2019,37618495,17253838375.5626,17048229829.7766,458.653074121189,453.187450209706,0.000322857783102037,0.00548327343821242,0.0115667958379717,0.0131031192206379,-0.0112439380548697,-0.00761984578242547,-0.204506601846549,1.16250310229003,2.12696009288456,0.624500595145789,1.62376215498713,1.02009667767548,22
"DNK",1975,5059862,1492620488.63869,1493627565.21458,294.992331537637,295.191363957077,0.0181900998920304,0.0217130680425157,-0.0101802391579522,-0.0123575580983184,0.0283703390499825,0.0340706261408341,0.0463760044343017,0.420981572419227,-0.906200863739086,0.190450124180508,1.11050648949882,0.185174420777839,-22
"DNK",1976,5072597,1588984526.01332,1590238858.75989,313.24872171263,313.495997959209,0.0600481518277309,0.0601627569007075,0.0335667344633199,0.0317730920147579,0.026481417364411,0.0283896648859496,0.107189810068834,0.471112785632567,-0.158266454000312,0.278005962518392,1.26919310085936,0.245306048764114,-21
"DNK",1977,5088420,1591295344.79131,1597459652.83302,312.728773330682,313.94021186007,-0.00166123704331156,0.00141596537824107,0.0238236541819878,0.023657494302384,-0.0254848912252994,-0.0222415289241429,0.0356922305339571,0.479995041005678,-0.0815102246320478,0.318779912472091,1.44912615871794,0.290237259330188,-20
"DNK",1978,5104248,1609780634.7076,1617442167.60927,315.380568245822,316.88157934514,0.00844378675853275,0.00932557765989106,0.0411732389409671,0.0404193779131932,-0.0327294521824344,-0.0310938002533021,0.0295323113415383,0.456204392520147,-0.272326272413171,0.334696583214553,1.4455808400911,0.310628598350968,-19
"DNK",1979,5116802,1634178595.03756,1627151483.64083,319.374991457079,318.001650961054,0.0125858714518658,0.00352843711885686,0.0142781750582763,0.0109757537831205,-0.00169230360641048,-0.00744731666426368,0.0426781855076056,0.322867116638034,-0.440020237390573,0.182752837573551,1.43570295186355,0.155359352378225,-18
"DNK",1980,5123027,1571177157.48014,1551124179.1461,306.689220548739,302.77493738489,-0.0405310102708132,-0.0490668258651308,-0.0263104160489602,-0.0268703305931401,-0.014220594221853,-0.0221964952719906,0.048675822569871,0.318257987036714,-0.385060940143396,0.121397562430126,1.66405452274883,0.101108372713922,-17
"DNK",1981,5121572,1538837864.97899,1506207884.05834,300.462019274354,294.090932248603,-0.0205135697170071,-0.0291007357230537,0.0107049931914363,0.00970278577703443,-0.0312185629084434,-0.0388035215000881,0.0313875639581739,0.453006820113847,-0.258556812155241,0.28050891974621,1.6379117840771,0.259260737269153,-16
"DNK",1982,5117810,1595679029.61654,1550733947.5757,311.789423526183,303.007330787133,0.0370066811285028,0.029867986353695,-0.0152356578478647,-0.0113522317285035,0.0522423389763675,0.0412202180821986,0.0556126954734353,0.382299732531267,-0.761753684526966,0.33837881385483,1.33719486097485,0.299911262163402,-15
"DNK",1983,5114297,1645567977.20533,1602678475.40524,321.758391662691,313.372194732774,0.0314728921000729,0.0336346054146404,0.024339406749414,0.0168299018435309,0.00713348535065883,0.0168047035711094,0.0647490486331882,0.361777832811625,-0.714584734413419,0.324918652971251,1.50974526865794,0.287623674187821,-14
"DNK",1984,5111619,1709158795.31418,1656456034.56238,334.36740792187,324.057022748053,0.0384394846622635,0.0335278917945132,0.0402120698332435,0.043332405661185,-0.00177258517098,-0.0098045138666718,0.0343342790735424,0.4639106033963,-0.136464906085106,0.437608124549573,1.52987089871631,0.408670895014778,-13
"DNK",1985,5113691,1771567723.36655,1714979500.98331,346.43620886881,335.370185837061,0.0354582881803873,0.0343154576328741,0.028026122537856,0.0268821863869118,0.00743216564253135,0.00743327124596238,0.0322713866049964,0.720714179403672,0.328206687279304,0.75240163770075,1.3544487067819,0.719306865056819,-12
"DNK",1986,5120534,1841093908.69411,1787259602.89326,359.551153980056,349.037737644796,0.0371577587628966,0.0399450930684289,0.0201175469207771,0.015701121876373,0.0170402118421196,0.0242439711920559,-0.036154861866911,0.622129866251686,1.0522846753359,0.608075625063757,1.30345048874411,0.616242406506868,-11
"DNK",1987,5127024,1860202145.92808,1812279472.0154,362.822983845614,353.475909614505,0.00905860846236539,0.0126352876794034,0.0262212951412648,0.0304079800150161,-0.0171626866788994,-0.0177726923356127,-0.0169705591357781,0.644382246476891,0.814253356888968,0.674005044129789,1.16770961395346,0.660473869195604,-10
"DNK",1988,5129517,1846846879.02209,1795740360.65174,360.043036999798,350.079814659301,-0.00769149599114538,-0.00965416445392009,0.03372694983298,0.039389548550326,-0.0414184458241253,-0.049043713004246,-0.0155243044970744,0.75837852064991,0.975214426821361,0.777731304868181,1.33072471673337,0.762761964982423,-9
"DNK",1989,5132594,1860624769.43809,1803318035.45179,362.511581753416,351.346324188469,0.00683285192232752,0.0036112452485364,0.0268445984883163,0.0213120353471155,-0.0200117465659888,-0.0177007900985791,-0.00412597242706247,1.04234115797306,0.848497471269933,1.0167883398713,1.62860199172311,0.99981472172497,-8
"DNK",1990,5140939,1894074292.43519,1831511934.08918,368.429637549713,356.260195674211,0.0161933270712291,0.0138889349915985,0.00640983893116065,0.00572285005108775,0.00978348814006846,0.00816608494051074,-0.0156661569728082,1.14686810763933,0.865173072430955,1.16050935929661,1.7971357303855,1.13422067807612,-7
"DNK",1991,5154298,1923956323.52688,1858874310.49668,373.272232906766,360.645486639825,0.0130582498499168,0.0122340937457155,-0.00658982515446027,-0.00688402745084193,0.019648075004377,0.0191181211965574,-0.0456956818686121,1.11906946109872,1.11865620982148,1.09305730220329,1.91199090837733,1.07563576027964,-6
"DNK",1992,5171370,1953924806.11063,1895654002.98514,377.835042959725,366.567080480634,0.0121497057153555,0.0162860901841393,0.0101076700394938,0.0095825977360855,0.0020420356758617,0.00670349244805379,-0.0813506930103585,0.956366926856013,1.27854180714294,0.918068179282256,1.8949968961921,0.90709201217789,-5
"DNK",1993,5189377,1940750392.8524,1895771281.71592,373.985238083954,365.317702243626,-0.0102413798136496,-0.00341414244454885,0.00546765854853604,0.0041014728034634,-0.0157090383621856,-0.00751561524801225,-0.0971238429561899,1.03155733427182,1.34136395488761,1.01746837794387,1.80150268174813,0.999590537759001,-4
"DNK",1994,5204994,2038777252.68572,1993785453.30494,391.696369426308,383.052401848098,0.046270645596012,0.0474044071734303,0.022981661072917,0.023843825955586,0.023288984523095,0.0235605812178443,-0.103350427583751,0.941629058803485,1.46098660865679,0.851510184193082,1.88439160935214,0.852503347026312,-3
"DNK",1995,5227861,2084251180.51505,2046613318.87337,398.681445530982,391.481969178861,0.0176757440174438,0.0217676593645448,0.0174846216300963,0.0142793338509817,0.00019112238734742,0.00748832551356315,-0.10678110369547,0.889122355993668,1.53404434339314,0.768730735846817,1.82253528769866,0.78022911051803,-2
"DNK",1996,5261503,2142450199.87908,2100450453.14766,407.193571851823,399.211110047388,0.0211259630079468,0.0195509161970744,0.0193335441171634,0.0228361631168328,0.00179241889078341,-0.0032852469197584,-0.136890069429,1.01045474028763,1.85392684134678,0.905964075190075,1.82371298238693,0.945398925964243,-1
"DNK",1997,5284220,2206678675.34745,2166694457.66594,417.597805418292,410.031084562328,0.0252301024370247,0.0267425980000722,0.019367696137647,0.0238041116077321,0.00586240629937773,0.00293848639234007,-0.145279958442489,1.02418481608842,2.17208473748378,0.876902561384622,1.74042985873449,0.967469595473975,0
"DNK",1998,5301304,2244414893.02621,2212468635.67495,423.370343037527,417.34422996209,0.0137285301310994,0.0176783999537324,0.00999532732249087,0.014570032485711,0.00373320280860856,0.00310836746802146,-0.172693228941419,1.09957713295295,2.29827403708789,0.94378561755367,1.72904096480736,1.05763878102865,1
"DNK",1999,5319111,2292741993.59254,2268581904.75129,431.038568962471,426.496439865852,0.0179502617905927,0.0216926467879368,0.0204374864176788,0.0190071202548365,-0.00248722462708617,0.00268552653310028,-0.244501452093305,1.06558077111634,2.33522632522248,0.745749170739057,1.81431186573067,0.969339095678257,2
"DNK",2000,5337344,2380669450.15691,2326439402.90744,446.040099749409,435.879606580996,0.0342112844785447,0.0217620539508845,0.027582920007883,0.0323379775249473,0.00662836447066173,-0.0105759235740628,-0.246217867079201,1.24177644958464,2.74896690887548,0.821797998778774,2.09123049189236,1.0729657984725,3
"DNK",2001,5355082,2407501481.71904,2372010283.53152,449.573224409829,442.945651164915,0.00788988482699438,0.0160810053955487,-0.00168622851240663,0.000433589712657501,0.009576113339401,0.0156474156828912,-0.289898219998413,1.21087711826936,2.51829919304072,0.797136970355522,2.06355632948153,1.01374259680602,4
"DNK",2002,5374255,2417662377.14915,2387605153.91437,449.860004251595,444.267187529131,0.000637690141625846,0.0029790762350439,0.00864038450394222,0.0071903897297938,-0.00800269436231638,-0.0042113134947499,-0.234376095344181,1.17136131721985,2.27967839195786,0.898630769543535,1.92932648493433,0.98978131306159,5
"DNK",2003,5387174,2414515364.65762,2392934133.73575,448.197025872492,444.190986542433,-0.00370350706937206,-0.00017153533865244,0.0155131389098226,0.0134413970544953,-0.0192166459791947,-0.0136129323931478,-0.221972135017567,1.20652886759101,2.21400762328634,1.01752434338835,1.81067812370113,1.09988899194209,6
"DNK",2004,5401177,2504378911.51676,2507449511.76901,463.672809003808,464.24131476695,0.0339462248501894,0.0441498721482967,0.0273369026607986,0.0284189503979215,0.00660932218939081,0.0157309217503752,-0.242919852063367,1.20909456416335,2.115159871705,1.02447662474884,1.8047258642596,1.10438121205849,7
"GBR",1975,56225718,10169866679.4832,11268605491.3906,180.875710284094,200.417280423002,-0.00216081590593387,0.00883259761708377,-0.0101802391579522,-0.0123575580983184,0.00801942325201832,0.0211901557154022,-0.0500594605085245,2.03790998619517,1.81234194223135,1.92247968097533,2.24968470432524,1.96640424019629,-22
"GBR",1976,56216121,10336004118.8835,11454098030.8928,183.861923146272,203.751127383777,0.0163749463439711,0.0164976901287295,0.0335667344633199,0.0317730920147579,-0.0171917881193488,-0.0152754018860284,-0.0274838198965345,2.09329731298138,2.66522492743668,2.01297423500819,2.38993723743316,2.03003030468011,-21
"GBR",1977,56189910,10395337166.4354,11360084022.4389,185.003627278197,202.173023990231,0.00619037357389196,-0.00777540010266531,0.0238236541819878,0.023657494302384,-0.0176332806080959,-0.0314328944050493,-0.0391256844768491,2.04403657798264,2.696248775252,1.9785267547241,2.57051108295651,1.99236897177493,-20
"GBR",1978,56178025,11152004229.7874,12138155903.1697,198.511859927212,216.06590660974,0.0704734142912766,0.0664595991618837,0.0411732389409671,0.0404193779131932,0.0293001753503095,0.0260402212486905,-0.0584711103760005,1.95434453775344,2.59355727629291,1.88426804186654,2.59431947732524,1.90752471367674,-19
"GBR",1979,56240053,11635917192.2455,12533949846.8438,206.897336889876,222.865185543901,0.0413738670976889,0.03098355517933,0.0142781750582763,0.0109757537831205,0.0270956920394125,0.0200078013962095,-0.397031031913273,1.84679843192208,2.43457032545699,1.79052859009297,2.51051184933965,1.80514626066643,-18
"GBR",1980,56329673,11567485916.1882,12351776231.3261,205.353329783899,219.276547749994,-0.00749065774928592,-0.0162333312154148,-0.0263104160489602,-0.0268703305931401,0.0188197582996743,0.0106369993777253,-0.483870388830321,1.82044313941816,2.57346666849929,1.76649138135989,2.47512176556685,1.80089814948109,-17
"GBR",1981,56357464,11444833073.1137,12145332522.3426,203.075728764405,215.505305958099,-0.0111530978578012,-0.0173481774447026,0.0107049931914363,0.00970278577703443,-0.0218580910492374,-0.0270509632217371,-0.103736232792459,1.99471275495409,2.82457613518108,1.95658344833012,2.47026767602048,1.98687788887841,-16
"GBR",1982,56290711,11546297909.3124,12223723775.0375,205.119063237848,217.153479817257,0.0100116492465459,0.00761885294349884,-0.0152356578478647,-0.0113522317285035,0.0252473070944106,0.0189710846720024,-0.111569540549476,2.0327240224382,2.92979138846159,2.01126032760545,2.52730072480668,2.04096455531239,-15
"GBR",1983,56315677,12092838510.2469,12855509122.7191,214.733075307732,228.275851548746,0.0458051397951138,0.0499503890595214,0.024339406749414,0.0168299018435309,0.0214657330456998,0.0331204872159905,-0.13370284407493,2.0320197402693,2.98243993294475,1.9927160342037,2.72057314338851,2.04243205020685,-14
"GBR",1984,56409327,12375408272.2792,13169170866.8192,219.385852135395,233.457329969904,0.0214363148012389,0.022444546522502,0.0402120698332435,0.043332405661185,-0.0187757550320047,-0.020887859138683,-0.126923333188817,2.07465290068331,2.95398423431104,2.0431109033699,2.7628366797307,2.08598221170258,-13
"GBR",1985,56553955,12820658703.5116,13481089908.5771,226.697826942636,238.375722945938,0.0327859104393449,0.0208487773438462,0.028026122537856,0.0268821863869118,0.0047597879014889,-0.0060334090430656,-0.120656563314013,2.05178089755797,2.90258724972883,2.02184491914571,2.53273265729493,2.07306309888636,-12
"GBR",1986,56683835,13340620500.8625,14088225803.162,235.351410165924,248.540449021524,0.0374617877519228,0.0417575082876978,0.0201175469207771,0.015701121876373,0.0173442408311457,0.0260563864113248,-0.12021821700488,2.01387140877332,2.88690100398963,1.99167321069678,2.42729583758764,2.04859392814341,-11
"GBR",1987,56803958,14234412868.8876,14905113497.3785,250.588398591654,262.395685479849,0.0627319872524925,0.0542480093906184,0.0262212951412648,0.0304079800150161,0.0365106921112277,0.0238400293756023,-0.0687235579377702,1.92367450735051,2.67251899625572,1.90742244491131,2.38435706452603,1.94962211690756,-10
"GBR",1988,56916448,15328229852.9106,16003546177.4132,269.311075998814,281.176122891808,0.072055380956142,0.0691276304475794,0.03372694983298,0.039389548550326,0.038328431123162,0.0297380818972535,-0.106176940891433,1.82689229500386,2.70654439588847,1.7779938007306,2.34290522242683,1.8410306603854,-9
"GBR",1989,57076451,16039365232.8457,16546211150.4155,281.015461750517,289.895584965776,0.0425425640232069,0.030539561452871,0.0268445984883163,0.0213120353471155,0.0156979655348906,0.0092275261057555,-0.138048072831564,1.92816407299794,2.55540488200648,1.85885977024927,2.19299403204081,1.94661486331626,-8
"GBR",1990,57237493,16134174460.7795,16548951464.4588,281.881221820451,289.127818097463,0.00307609114737595,-0.00265193881356751,0.00640983893116065,0.00572285005108775,-0.0033337477837847,-0.00837478886465526,-0.115174008069547,1.86823620196001,2.43897393244663,1.8331308256748,2.33017100229009,1.88970849933436,-7
"GBR",1991,57438658,15804426853.216,16252641599.7776,275.153135597563,282.956499432448,-0.0241579835927332,-0.0215756939151071,-0.00658982515446027,-0.00688402745084193,-0.017568158438273,-0.0146916664642651,-0.134050526250585,1.78851172813106,2.54272882904408,1.73958459088207,2.23788079388046,1.8139336649086,-6
"GBR",1992,57584530,15679662688.1102,16311969876.7033,272.289496642765,283.270001104521,-0.0104619732025348,0.00110733674178132,0.0101076700394938,0.0095825977360855,-0.0205696432420286,-0.00847526099430418,-0.113970029826056,1.68936481786265,2.63806049625206,1.67224971473369,2.19599533661651,1.72870643942505,-5
"GBR",1993,57713889,16093280239.0505,16729731868.7477,278.845881258331,289.87358430737,0.0237934060751508,0.0230444014427098,0.00546765854853604,0.0041014728034634,0.0183257475266148,0.0189429286392464,-0.153586680815574,1.87554656867976,2.83772809824759,1.84423086981389,2.27943033265052,1.91196798225062,-4
"GBR",1994,57862145,16579600344.4526,17520335788.8131,286.536220605935,302.794439936733,0.0272057203469931,0.0436092474707257,0.022981661072917,0.023843825955586,0.0042240592740761,0.0197654215151397,-0.16146137532662,1.84068228894313,2.87969571548568,1.81639055221195,2.22572526974643,1.87912134171648,-3
"GBR",1995,58024799,18535316029.6522,18004057857.5055,319.437832600716,310.282123640023,0.108697725118018,0.0244278006383318,0.0174846216300963,0.0142793338509817,0.091213103487922,0.0101484667873502,-0.166080581993873,1.90464998515001,2.98655498902553,1.89227506782829,2.2049865612705,1.95141345308957,-2
"GBR",1996,58164374,19258303957.7354,18648614995.1464,331.101370707357,320.619198878448,0.0358619066683179,0.0327721627257018,0.0193335441171634,0.0228361631168328,0.0165283625511545,0.00993599960886904,-0.157817488987394,1.99101907975389,3.04962429838934,1.99805852258525,2.2180657815709,2.05438944370842,-1
"GBR",1997,58314249,19772427280.7552,19445814511.4429,339.066825344097,333.465916905539,0.0237726284589703,0.0392865393540802,0.019367696137647,0.0238041116077321,0.00440493232132333,0.0154824277463481,-0.144101106041161,1.95790784838652,3.01003842594763,1.99204323338608,2.02947874395589,2.0315442439456,0
"GBR",1998,58474943,20308355962.2526,20398172183.9684,347.300141228913,348.83611915566,0.0239921535353966,0.0450615773499976,0.00999532732249087,0.014570032485711,0.0139968262129058,0.0304915448642866,-0.118830861425382,1.87680619151349,2.80269902560477,1.91480928967023,2.06798850490309,1.93365779755086,1
"GBR",1999,58684427,20818289588.3874,20747624187.6597,354.749814433519,353.545655096192,0.0212234265510336,0.0134103893143003,0.0204374864176788,0.0190071202548365,0.000785940133354757,-0.00559673094053625,-0.122248419220448,1.8739716643191,2.68536375162707,1.80747620216004,2.44467101735229,1.83417426405352,2
"GBR",2000,58886065,21733002384.0265,21792766424.1861,369.06868176752,370.083591494628,0.0395699632227053,0.0457162744668809,0.027582920007883,0.0323379775249473,0.0119870432148224,0.0133782969419336,-0.156814863708156,1.9491996640434,2.82049534080687,1.90276683276931,2.52256077588094,1.88850006449344,3
"GBR",2001,59113016,22269572946.1149,22389346163.7728,376.728755408367,378.754928758377,0.0205426906495729,0.0231604668823708,-0.00168622851240663,0.000433589712657501,0.0222289191619796,0.0227268771697133,-0.179952202588925,1.96942364967284,2.71621251644929,1.9439939059057,2.42277224137123,1.93513994157344,4
"GBR",2002,59365677,22787233003.7254,23050250798.0246,383.845247881623,388.27571692688,0.0187140242315689,0.0248263279330256,0.00864038450394222,0.0071903897297938,0.0100736397276266,0.0176359382032318,-0.201181264616793,1.93123513173927,2.75783802255408,1.8893377144756,2.36176845485235,1.88821225429513,5
"GBR",2003,59636662,23767579219.7152,24038651561.133,398.539730807119,403.085128425414,0.0375677231036189,0.0374320785315891,0.0155131389098226,0.0134413970544953,0.0220545841937962,0.0239906814770938,-0.222084483681536,1.96474624499845,2.6425221422736,1.97878019452037,2.28770584918036,1.96236521182388,6
"GBR",2004,59950364,24631244942.5318,24833303321.8394,410.860640354608,414.231068252386,0.0304468882778348,0.0272761775737864,0.0273369026607986,0.0284189503979215,0.00310998561703624,-0.00114277282413511,-0.268434163212134,1.93401240206942,2.57593147523809,1.9768832404771,2.13494259692358,1.96375031035194,7
"GBR",2005,60413276,25518931037.668,25782986011.9933,422.406012838436,426.776823226624,0.027712884795756,0.0298372603596304,0.0211196451594917,0.0220835311582652,0.00659323963626424,0.00775372920136519,-0.2970148082345,1.9717997267736,2.45977568553703,2.0483132552261,2.09612108268266,2.03595565228828,8
"GBR",2006,60827067,26219341186.7587,26116864234.2014,431.04727023512,429.362544049698,0.0202507925791258,0.00604043870421123,0.0177279086049538,0.0218395094322998,0.002522883974172,-0.0157990707280886,-0.321091664388483,1.97773563895846,2.39420047585102,2.10739606515768,1.95389625562358,2.09086832124016,9
"GBR",2007,61319075,26897945825.9563,26653481921.5094,438.655440023456,434.66868868308,0.0174964704286191,0.0122824526213314,0.0139681131339442,0.00735029136049903,0.00352835729467493,0.0049321612608324,-0.350150662050737,1.98513481497757,2.19405226075651,2.1807476765927,1.80328385950564,2.13308543937325,10
"GBR",2008,61823772,26838751480.1568,26486461008.6544,434.11701699723,428.418715840477,-0.0104001080621074,-0.0144830802970555,-0.0203567827975402,-0.0258242951741474,0.00995667473543271,0.0113412148770919,-0.379265211178889,1.97865310275028,2.24495955459851,2.17644012388177,1.78816566835338,2.13941164016698,11
"GBR",2009,62260486,25616411235.1182,25402662566.2405,411.439307350062,408.006172104735,-0.0536526041880006,-0.0488187233914408,-0.0356112467592764,-0.0358129522779773,-0.0180413574287241,-0.0130057711134635,-0.354258291827548,1.97257478108346,2.30412558040404,2.21310952713189,1.67847109778968,2.16703575790849,12
"GBR",2010,62759456,25895335040.4237,25906665378.3309,412.612484092018,412.793020040372,0.00284733932199632,0.0116640032100452,0.020684344933211,0.0282015454541469,-0.0178370056112147,-0.0165375422441016,-0.409307488314073,1.99428800642363,2.46159073338903,2.25338679960606,1.66285461565651,2.20185101502863,13
"GBR",2011,63285145,25761702365.6637,25868840638.4388,407.073450896947,408.766395943927,-0.0135152191155639,-0.00980247139944179,-0.000803407549065049,0.00422950738941985,-0.0127118115664988,-0.0140319787888616,-0.314351999843173,2.01747564514232,2.33935871364127,2.3118037472504,1.61673555517832,2.25538941646413,14
"GBR",2012,63710843,25896227618.3752,25656127972.2841,406.46499714931,402.696413423444,-0.00149582078769139,-0.0149608723139867,0.0105439384840267,0.01281925159791,-0.0120397592717181,-0.0277801239118967,-0.320136204954277,1.91641710396363,2.35176289782207,2.19396342292925,1.53381356911726,2.15641208996075,15
"GBR",2013,64138721,26306590856.8187,25842384232.7422,410.151472412721,402.913931394769,0.00902871897286861,0.000540007903349959,0.0127552739115409,0.00825173883003316,-0.00372655493867224,-0.0077117309266832,-0.318721970968361,1.85135939039058,2.47225059546342,2.10953736561525,1.51449025202771,2.07868092231146,16
"GBR",2014,64619493,27183505410.3188,26701149273.515,420.670360417696,413.205799579935,0.0253229987227135,0.0252228035190374,0.0145850785542976,0.0185613321282077,0.0107379201684159,0.00666147139082973,-0.355234056916423,1.70945933582471,2.30929165833899,1.96763909014366,1.32066212299595,1.94351836408434,17
"ISR",1979,3786400,713685950.236219,692334372.833553,188.486676060696,182.847658153801,0.026980256401588,0.0305961195610509,0.0142781750582763,0.0109757537831205,0.0127020813433116,0.0196203657779304,0.050857747060021,1.03281644816492,-0.228013677338133,1.20756227797094,-1.17100593457694,1.17076122102152,-18
"ISR",1980,3877700,707841737.047346,680410716.434456,182.541645059532,175.467601009479,-0.0320489812639817,-0.0411989208108166,-0.0263104160489602,-0.0268703305931401,-0.00573856521502147,-0.0143285902176764,0.0661155999424171,1.02300579678868,-0.178576725388933,1.19332774435588,-1.27273343475079,1.16099141905026,-17
"ISR",1981,3949800,772540098.65308,749010548.852137,195.589675085594,189.632525406891,0.0690406312488125,0.077633706382163,0.0107049931914363,0.00970278577703443,0.0583356380573763,0.0679309206051286,0.0465860104661993,1.00989514540694,-0.0705586570951127,1.16798775869179,-0.693533666527505,1.13807220852298,-16
"ISR",1982,4020700,813248644.177314,782977607.953925,202.265437405754,194.736639877117,0.0335619110142185,0.0265599583834497,-0.0152356578478647,-0.0113522317285035,0.0487975688620832,0.0379121901119532,0.071738651774375,0.923989168718334,-0.235430003977221,1.08236972711516,-0.100942885966459,1.04178606443265,-15
"ISR",1983,4106100,854133252.47316,820663410.016227,208.015696761686,199.864448020318,0.0280326606936363,0.0259912958700772,0.024339406749414,0.0168299018435309,0.00369325394422226,0.00916139402654625,0.0430926454528207,0.764735193557479,-0.0432067756150625,0.90981198300391,0.0856296705869211,0.873758960351873,-14
"ISR",1984,4159100,883154372.430714,825268207.149067,212.342663660579,198.424708987297,0.0205877657708164,-0.0072296485037846,0.0402120698332435,0.043332405661185,-0.0196243040624271,-0.0505620541649696,0.0447484542529947,0.748836047972159,-0.0853849600610532,0.89579123198585,0.0718116591731217,0.859536002698125,-13
"ISR",1985,4233000,822617965.672732,764896748.692312,194.334506419261,180.698499572954,-0.0886203736982818,-0.0935798342138172,0.028026122537856,0.0268821863869118,-0.116646496236138,-0.120462020600729,0.0507750073932798,0.659968397903071,-0.148782742726572,0.808951636912142,0.171636615755224,0.762230055179286,-12
"ISR",1986,4298800,871686536.627358,822493916.317707,202.774387416804,191.331049669142,0.0425130348253226,0.0571752779041415,0.0201175469207771,0.015701121876373,0.0223954879045456,0.0414741560277685,0.0697597807791811,0.496930853285879,-0.286146496317292,0.65551008943393,0.196206578436848,0.59567601681564,-11
"ISR",1987,4368900,942542900.768105,897076693.023187,215.739179374237,205.33239328508,0.061976206215852,0.0706249246447594,0.0262212951412648,0.0304079800150161,0.0357549110745872,0.0402169446297433,0.0774444529175954,0.215176219607315,-0.386854278699429,0.35167418080396,0.179688516312254,0.298768529565067,-10
"ISR",1988,4441700,993156379.140367,954913978.878911,223.598257230422,214.988400585116,0.0357807719430472,0.0459539792075123,0.03372694983298,0.039389548550326,0.00205382211006722,0.00656443065718637,0.0278232644114211,0.103020202324963,-0.460386831858476,0.253255476285199,-0.00698438440275417,0.192211871164629,-9
"ISR",1989,4518200,985449852.792044,952100222.64523,218.106735600913,210.725559436331,-0.0248663912950837,-0.0200274552082567,0.0268445984883163,0.0213120353471155,-0.0517109897834,-0.0413394905553721,0.0471795218369303,0.179337772044484,-0.757907217106739,0.326908924429692,-0.0919752124310218,0.260535387795078,-8
"ISR",1990,4660200,1045602895.0528,1018497049.45358,224.368674102571,218.55221867164,0.0283060096143233,0.036468352341239,0.00640983893116065,0.00572285005108775,0.0218961706831626,0.0307455022901513,0.0534334948704022,0.0756488405034605,-0.959502913729931,0.219072660656094,0.0520457227688187,0.157518832185778,-7
"ISR",1991,4949100,1136041508.98482,1117403148.6466,229.545070615833,225.77906056588,0.0228088309146273,0.0325319399478792,-0.00658982515446027,-0.00688402745084193,0.0293986560690875,0.0394159673987211,0.0514393825754276,-0.0456387287205324,-0.806210706639901,0.0944053978009052,0.0558604942128729,0.0263692151482717,-6
"ISR",1992,5123500,1224111343.20234,1200782886.19648,238.920921870273,234.367695168632,0.0400332300009998,0.0373343159722328,0.0101076700394938,0.0095825977360855,0.029925559961506,0.0277517182361473,0.0716406725303037,-0.103279830512595,-0.358139776918874,0.0197126365253604,0.204517497539349,-0.0360316960603595,-5
"ISR",1993,5261400,1276876927.27283,1252095977.85813,242.687673864908,237.977720351643,0.0156426975603905,0.0152858283632522,0.00546765854853604,0.0041014728034634,0.0101750390118545,0.0111843555597888,0.065941421727711,-0.104211150050804,-0.411554236563673,0.00238207949410074,0.285289040342513,-0.0656565250799843,-4
"ISR",1994,5399300,1375196464.05854,1346502802.1328,254.699028403412,249.384698411425,0.0483072434011982,0.0468196204390647,0.022981661072917,0.023843825955586,0.0253255823282812,0.0229757944834788,0.0541886963005518,-0.0349323305820237,-0.502744713174045,0.0846480084513632,0.340104706030432,0.00510233725367248,-3
"ISR",1995,5544900,1454469391.47373,1430557939.79095,262.307596435234,257.995264078875,0.0294352800121951,0.0339445507089309,0.0174846216300963,0.0142793338509817,0.0119506583820987,0.0196652168579492,0.0521888658692297,-0.0510373241092474,-0.478394855248221,0.117008716806994,0.00286243502107864,0.0307460336695122,-2
"ISR",1996,5685100,1509320474.54686,1485932893.02768,265.487058195434,261.373220000998,0.0120482471475167,0.0130081191210296,0.0193335441171634,0.0228361631168328,-0.00728529696964664,-0.00982804399580317,0.0497162747318787,-0.0903172790958693,-0.568053575677022,0.0809185355046509,0.0361942284951429,-0.0125899046976741,-1
"ISR",1997,5828900,1553566271.57338,1525372404.86039,266.528207993511,261.691297647993,0.00391398966679013,0.00121620823233037,0.019367696137647,0.0238041116077321,-0.0154537064708569,-0.0225879033754017,0.0625592890198057,-0.256164004096352,-0.609159457577832,-0.176234302260961,0.302031235608664,-0.270935256506547,0
"ISR",1998,5970700,1637125535.46861,1608778574.06652,274.193232865261,269.445554803711,0.0283530031318113,0.0292007911247927,0.00999532732249087,0.014570032485711,0.0183576758093205,0.0146307586390817,0.0868684876434638,-0.217175437404723,-0.696079053457281,-0.0671048680912525,0.124516790625724,-0.188494870335137,1
"ISR",1999,6125300,1707556419.85163,1664358283.534,278.771067515326,271.718655989747,0.0165578111828308,0.00840083105705514,0.0204374864176788,0.0190071202548365,-0.003879675234848,-0.0106062891977814,0.114976114514983,-0.201260417219241,-0.837026757767032,-0.0165250883032428,0.105948400025271,-0.177860325301815,2
"ISR",2000,6289200,1871526353.64945,1788723493.08599,297.577808568571,284.411927285821,0.0652848337479188,0.0456564574618712,0.027582920007883,0.0323379775249473,0.0377019137400358,0.0133184799369239,0.0803617061585177,-0.167658766299656,-0.177383665929958,-0.0334436701650596,0.194323375809422,-0.168766880662143,3
"ISR",2001,6439037,1887743894.2139,1847735921.39763,293.171773079407,286.958425832563,-0.0149170387169333,0.00891371207367886,-0.00168622851240663,0.000433589712657501,-0.0132308102045267,0.00848012236102136,0.099406222284531,-0.0942907897959379,-0.472628073286195,0.0653757125592531,0.128899189204382,-0.067527728455173,4
"ISR",2002,6569957,1865814135.60101,1837003326.29918,283.991833675777,279.606598079589,-0.0318132103946942,-0.0259537391774547,0.00864038450394222,0.0071903897297938,-0.0404535948986364,-0.0331441289072485,0.090607824826638,0.0205292095650198,-0.304086598862205,0.173175363788608,0.157236333008998,0.0591148133701895,5
"ISR",2003,6689748,1867097708.90964,1832470739.72204,279.098361987573,273.922237388021,-0.0173812114687024,-0.0205393474084516,0.0155131389098226,0.0134413970544953,-0.0328943503785251,-0.033980744462947,0.0739781059711323,0.083990584925987,0.0261680311711685,0.227838749582334,0.261348384962161,0.122094515872411,6
"ISR",2004,6808969,1966857292.7588,1937688007.0033,288.862718094149,284.578767652385,0.0343872797408373,0.0381658177452371,0.0273369026607986,0.0284189503979215,0.00705037708003875,0.00974686734731556,0.0616597792642318,0.199953423614785,0.132413338288398,0.309406884551123,0.474074854186144,0.209753602403722,7
"ISR",2005,6930128,2046366873.34286,2054067327.30441,295.285581066159,296.39673716047,0.0219914081144328,0.0406888064310102,0.0211196451594917,0.0220835311582652,0.000871762954941069,0.018605275272745,0.0333054483833766,0.327358978887209,0.284555286729266,0.418365100614411,0.681946135602883,0.330868104495513,8
"ISR",2006,7053707,2144425800.53106,2161805940.13944,304.014017102079,306.477989536486,0.0291308497600644,0.0334470553878337,0.0177279086049538,0.0218395094322998,0.0114029411551106,0.0116075459555338,0.0272455406813273,0.445256669396016,0.418076346781467,0.495806536674652,0.889880724262103,0.423047273194825,9
"ISR",2007,7180160,2287113039.90272,2310708027.60327,318.532322385953,321.818459143427,0.0466501437899005,0.0488416545555488,0.0139681131339442,0.00735029136049903,0.0326820306559563,0.0414913631950498,0.0619762820497048,0.410614515672426,0.30748394423471,0.467675460360409,0.79007808029124,0.393474509941676,10
"ISR",2008,7331353,2289239130.94487,2274393509.63134,312.253294984551,310.228345249689,-0.0199092516790698,-0.0366789711702067,-0.0203567827975402,-0.0258242951741474,0.000447531118470401,-0.0108546759960593,-0.00502303064199583,0.307009472517607,0.437383599291777,0.263866799334652,0.731641984601081,0.240046798234625,11
"ISR",2009,7485565,2341053348.59344,2315705112.38002,312.742371296414,309.356089003304,0.00156505536943019,-0.00281561890329307,-0.0356112467592764,-0.0358129522779773,0.0371763021287066,0.0329973333746842,-0.00958676483646892,0.227903403037242,0.7080266580769,0.166709215610821,0.536976964683744,0.20856198104661,12
"ISR",2010,7623561,2434452463.02988,2418450946.70617,319.332719057391,317.233763421867,0.0208538089691199,0.0251459211568204,0.020684344933211,0.0282015454541469,0.000169464035908895,-0.00305562429732653,-0.0161137698774986,0.246438015199973,0.97830189361868,0.122880901325766,0.571115415012436,0.214604317918262,13
"ISR",2011,7765832,2517968386.09271,2513766515.94958,324.236783140906,323.69571166999,0.0152404953614056,0.0201649868339544,-0.000803407549065049,0.00422950738941985,0.0160439029104706,0.0159354794445346,-0.0787631658016967,0.231998351550903,0.903921601608048,0.0977574362562046,0.54016374866224,0.20310159945867,14
"ISR",2012,7910525,2623214974.76332,2587428319.53713,331.610730610588,327.086801386397,0.0224877217994255,0.0104216703456128,0.0105439384840267,0.01281925159791,0.0119437833153988,-0.00239758125229717,-0.0805474868903384,0.206806369883601,0.982687817174202,0.0684891710940709,0.44072073938129,0.217584303194278,15
"ISR",2013,8059456,2738396076.93744,2713136760.78013,339.774306967795,336.640185240807,0.0243198113176595,0.0287890770358645,0.0127552739115409,0.00825173883003316,0.0115645374061186,0.0205373382058314,-0.101211457958586,0.161652111444293,1.13915703612429,0.0226237646037966,0.333824688235492,0.205829572902708,16
"ISR",2014,8215668,2848862856.79786,2859786247.97615,346.759734789412,348.089315193378,0.0203505390159897,0.033444439326356,0.0145850785542976,0.0185613321282077,0.00576546046169213,0.0148831071981483,-0.141045329253664,0.170198507303854,1.07017269666579,0.0707970053166829,0.28731959691053,0.234755161013382,17
"ISR",2015,8380149,2999767730.01523,3003310659.60741,357.961144845423,358.383921289157,0.0317923133836135,0.0291457179206764,0.0253443962761457,0.0229307666650573,0.00644791710746784,0.0062149512556191,-0.0879853017255108,0.216290981677905,1.06940856063299,0.111329759631603,0.35415717993648,0.259527870584591,18
"ISR",2016,8546009,3159527960.57602,3161367032.39831,369.708007629762,369.923204199564,0.0322890789534878,0.0316906102581287,0.014145120976667,0.00905960254310223,0.0181439579768208,0.0226310077150265,-0.110155200238422,0.190032359858576,1.01739570857128,0.0788983909339792,0.379292234786524,0.209280083631914,19
"ISR",2017,8713268,3287625319.79832,3301716211.19409,377.312544477953,378.929720880166,0.0203603489249593,0.0240553269756312,0.0157048737345065,0.0179196540574509,0.00465547519045284,0.00613567291818029,-0.12840483019371,0.138262590267737,0.951338427030529,0.0732305730058674,0.245568781116768,0.199420946771488,20
"ISR",2018,8882764,3418073663.96494,3446912270.33799,384.798432556009,388.045012829113,0.0196457709465294,0.0237705904867838,0.0154288404202232,0.0147908273318489,0.00421693052630623,0.00897976315493487,-0.176936756974729,0.115743043262924,0.98389546892541,0.0382280268255892,0.218968819505426,0.179795052110614,21
"ISR",2019,9054026,3578573124.85525,3591433934.06074,395.24661458397,396.667066569142,0.0267902654163441,0.0219759602539389,0.0115667958379717,0.0131031192206379,0.0152234695783724,0.00887284103330099,-0.154560182284571,0.0579911966674102,0.980251370517613,0.0122512157761564,0.0807140165998541,0.167765717493639,22
"JPN",1975,111939643,28877671901.4325,28627244699.4024,257.975379655557,255.738216883561,-0.0234787778770462,-0.0226988780380042,-0.0101802391579522,-0.0123575580983184,-0.013298538719094,-0.0103413199396858,0.0706719933293327,-0.0535470951263783,-1.63595982558783,-0.0772521118800991,0.0203383824635903,-0.0936846528583262,-22
"JPN",1976,113094000,29646801297.6162,29393318308.2487,262.143007565531,259.901659754263,0.0160260325761916,0.0161489967746968,0.0335667344633199,0.0317730920147579,-0.0175407018871283,-0.015624095240061,0.130947277857541,-0.1137871929179,-0.954858169764869,-0.130548632325211,0.158884847154267,-0.17161231403933,-21
"JPN",1977,114165000,30547075106.5389,30299314713.755,267.569527495632,265.399331789559,0.0204892631826477,0.0209322763929807,0.0238236541819878,0.023657494302384,-0.00333439099934019,-0.00272521790940328,0.0205014445673884,-0.233075504493788,-1.02244461175035,-0.239264462022877,0.248020561329939,-0.274519497886433,-20
"JPN",1978,115190000,32284208949.3669,32049272665.7916,280.269198275604,278.229643769352,0.0463711152763002,0.0472112252713632,0.0411732389409671,0.0404193779131932,0.00519787633533308,0.00679184735817007,0.0272043365360743,-0.253380514559779,-1.28807588471247,-0.22350353728872,0.151159522687447,-0.254111592615762,-19
"JPN",1979,116155000,33732989732.6536,33517971884.4254,290.413582993875,288.562454344844,0.0355554915400811,0.0364647126335207,0.0142781750582763,0.0109757537831205,0.0212773164818048,0.0254889588504001,0.0680189069084031,-0.247098648183755,-0.852618127939879,-0.235972334840227,0.284495058815118,-0.263262392569661,-18
"JPN",1980,117060396,33932419216.2003,33663010964.9938,289.871044142037,287.569597534881,-0.00186990654086561,-0.00344663272800805,-0.0263104160489602,-0.0268703305931401,0.0244405095080946,0.0234236978651321,0.0790320904598638,-0.159159615129146,-0.955517004365093,-0.145762268550629,0.45438632395622,-0.171475680051782,-17
"JPN",1981,117902000,34678522256.6926,34435967238.7274,294.13005934329,292.072799772077,0.014585899525918,0.0155381761592182,0.0107049931914363,0.00970278577703443,0.00388090633448179,0.00583539038218372,0.0547139119305879,0.0336010696910802,-0.907782822949069,0.0595318395367892,0.468494459020683,0.0322909828537599,-16
"JPN",1982,118728000,35471769862.4554,35261736162.8706,298.764991092711,296.995958517541,0.0156352331398661,0.016715445542494,-0.0152356578478647,-0.0113522317285035,0.0308708909877309,0.0280676772709976,0.0722471841987687,0.145795475707461,-0.844365703128729,0.176931044457257,0.734194556179879,0.139349540260875,-15
"JPN",1983,119536000,36413066645.4598,36027686509.918,304.620086379499,301.396119243725,0.0194081003754771,0.0147068793170995,0.024339406749414,0.0168299018435309,-0.00493130637393691,-0.00212302252643148,0.0749214219927498,0.137459530773246,-0.829769626426988,0.174926001636946,0.89348598697718,0.138118183746812,-14
"JPN",1984,120305000,37713949789.1361,37476050533.0164,313.486137642958,311.508669905793,0.0286897592984552,0.0330017602613957,0.0402120698332435,0.043332405661185,-0.0115223105347884,-0.0103306453997893,0.0688321842494786,0.283809940638195,-0.908630916893229,0.337366099564334,0.95351877552255,0.29770414894723,-13
"JPN",1985,121048923,39357478427.3166,39514504458.4155,325.136956627996,326.434167930725,0.0364913575222632,0.046801128168009,0.028026122537856,0.0268821863869118,0.00846523498440721,0.0199189417810972,0.0742958070949338,0.359557830224311,-0.808991831318598,0.446589650150567,0.730968759741098,0.394842257710818,-12
"JPN",1986,121660000,41060315228.4789,41094458062.6525,337.500536153862,337.781177565778,0.0373206003425572,0.0341699834036646,0.0201175469207771,0.015701121876373,0.0172030534217802,0.0184688615272917,0.0905395372067573,0.423092997888151,-0.477299389933052,0.552731190941445,0.535749384807873,0.490910116365072,-11
"JPN",1987,122239000,42843744557.1499,42773267237.482,350.491615254951,349.915061784553,0.0377696850333473,0.035292162240955,0.0262212951412648,0.0304079800150161,0.0115483898920825,0.00488418222593889,0.0926340229580581,0.547508184786427,0.00573315077103054,0.684822503811302,0.482162485859903,0.633662148682259,-10
"JPN",1988,122745000,45679004029.0903,45694477739.3816,372.145537733433,372.271601608062,0.0599482242799754,0.0619332553045879,0.03372694983298,0.039389548550326,0.0262212744469954,0.022543706754262,0.093877280781723,0.704871035293392,-0.0267390371282019,0.855642080510384,0.646347312923002,0.789663148982248,-9
"JPN",1989,123205000,47823589062.026,48156306003.2931,388.162729288795,390.863244213247,0.0421396488522294,0.0487340400392213,0.0268445984883163,0.0213120353471155,0.0152950503639131,0.0274220046921059,0.0859591035745799,0.927598269547021,0.151556996391947,1.05469353787829,0.804336175763212,0.995020930746533,-8
"JPN",1990,123611167,49894251847.1588,50425001785.6492,403.638708848682,407.932414274911,0.0390955357408087,0.0427437696354875,0.00640983893116065,0.00572285005108775,0.0326856968096481,0.0370209195843998,0.0748553506579404,0.937326115804264,0.327942396676807,1.0350216022436,1.1924294961023,0.988593556370398,-7
"JPN",1991,124101000,51467834565.772,51779098597.195,414.725381469706,417.233532342165,0.0270963769698227,0.0225445852427795,-0.00658982515446027,-0.00688402745084193,0.033686202124283,0.0294286126936214,0.0589975812647241,0.835787473132135,0.370550301841202,0.93859522113005,1.13269210808681,0.883902321132843,-6
"JPN",1992,124567000,51905045227.6083,52221930753.4488,416.683754345921,419.227650609301,0.00471098142600024,0.00476799661622263,0.0101076700394938,0.0095825977360855,-0.00539668861349352,-0.00481460111986287,0.0581083168897982,0.710861737157825,0.500799876704425,0.81379090035972,1.14684867703181,0.760851167891436,-5
"JPN",1993,124938000,51294991677.027,51903787162.8371,410.563572948398,415.436353734149,-0.0147967672063576,-0.00908466863411306,0.00546765854853604,0.0041014728034634,-0.0202644257548936,-0.0131861414375765,0.0419260796117704,0.564877322064124,0.496714697897729,0.662149203785812,0.927541242671154,0.607319177105106,-4
"JPN",1994,125265000,51591305917.9017,52011413888.436,411.85730984634,415.211063652545,0.00314617002599427,-0.000542444561706823,0.022981661072917,0.023843825955586,-0.0198354910469227,-0.0243862705172928,0.0415347437489676,0.554981472652926,0.590067165578958,0.67022730291488,0.798330770444992,0.61438923102389,-3
"JPN",1995,125570246,52505991714.5565,52944677292.1402,418.140390634868,421.633937805141,0.0151402848611477,0.0153505135689977,0.0174846216300963,0.0142793338509817,-0.00234433676894863,0.00107117971801607,0.0327558434402551,0.526168469653986,0.736958903494232,0.67324633351787,0.480958316587568,0.619504375446246,-2
"JPN",1996,125864000,53991345715.6334,54629630788.51,428.965754430444,434.036982683769,0.0255598503409233,0.0289922523993402,0.0193335441171634,0.0228361631168328,0.00622630622375997,0.00615608928250744,0.0236164656573814,0.612577914941527,0.848001354841445,0.754356765861602,0.665296008806158,0.699847228944778,-1
"JPN",1997,126166000,53854740184.0926,54548101553.537,426.856206775935,432.351834515932,-0.00492988500559033,-0.00389005550263377,0.019367696137647,0.0238041116077321,-0.0242975811432373,-0.0276941671103659,0.00679883306459639,0.621587527147309,0.874528864088461,0.766596284045755,0.633988210755187,0.70294954191988,0
"JPN",1998,126486000,52464156016.3368,53103957144.4379,414.782315958579,419.840592195484,-0.0286933614809657,-0.0293645916831107,0.00999532732249087,0.014570032485711,-0.0386886888034566,-0.0439346241688217,0.0308634291103573,0.700021002701681,1.01462382271872,0.882350479620886,0.523895566468116,0.808108904732353,1
"JPN",1999,126686000,51755911823.5274,52384193689.6366,408.536948230486,413.496311270674,-0.015171483998218,-0.0152265031653753,0.0204374864176788,0.0190071202548365,-0.0356089704158968,-0.0342336234202119,0.0763970690958995,0.433017130699665,0.814053132259855,0.626749869368977,0.151775998641724,0.542927649886532,2
"JPN",2000,126925843,53021228875.6448,53777017916.3661,417.733911569488,423.688483332477,0.0222622958776535,0.0243498824035351,0.027582920007883,0.0323379775249473,-0.00532062413022949,-0.00798809512141219,0.0580702736521382,0.273107133387928,0.873666200957842,0.463894309065357,0.0308146375493439,0.377679099356746,3
"JPN",2001,127291000,53003231559.9902,53815374173.356,416.394179949802,422.774384468313,-0.00321229505479437,-0.00215980937681959,-0.00168622851240663,0.000433589712657501,-0.00152606654238774,-0.00259339908947709,0.0404248210865629,0.337343177482302,0.795692011126391,0.512877643416447,0.136620742342099,0.440200775107208,4
"JPN",2002,127435000,52783925842.692,53542831819.9608,414.20273741666,420.157977164521,-0.00527680171287148,-0.00620789004063926,0.00864038450394222,0.0071903897297938,-0.0139171862168137,-0.0133982797704331,0.0451749916061939,0.356899776087904,0.900296510152353,0.5348047405503,0.0468567474714874,0.474914077707047,5
"JPN",2003,127619000,52705507664.7029,53547027498.2606,412.991072369341,419.585073525577,-0.00292958167619783,-0.00136447387652527,0.0155131389098226,0.0134413970544953,-0.0184427205860205,-0.0148058709310206,0.039539073290321,0.35558113742744,0.845557490922965,0.558972634625881,-0.0145210755101068,0.495086204476592,6
"JPN",2004,127687000,53149740462.8279,54165883572.9788,416.250209205541,424.208287241292,0.00786056770215549,0.0109582753195472,0.0273369026607986,0.0284189503979215,-0.0194763349586431,-0.0174606750783743,0.0205711646874942,0.330164403983939,0.86705191742714,0.51883226933043,-0.070728382125472,0.471041225098127,7
"JPN",2005,127767994,53577531010.0872,54755551311.7308,419.334524498265,428.554519778488,0.00738244531371546,0.0101933858614291,0.0211196451594917,0.0220835311582652,-0.0137371998457763,-0.0118901452968361,0.0171965252659209,0.379637194892294,0.705037336859538,0.584283198718751,0.0190673003921984,0.527508931883559,8
"JPN",2006,127900515,53758218016.6003,55181408676.4157,420.312756493595,431.440081976337,0.00233010327091865,0.00671067706888095,0.0177279086049538,0.0218395094322998,-0.0153978053340351,-0.0151288323634189,-0.00723574967879137,0.367903379564254,0.694815459619564,0.592022889578648,-0.0292503392846784,0.544948726966154,9
"JPN",2007,128032743,54132888564.5806,55776752867.114,422.805036400576,435.644441884011,0.00591207346657896,0.00969776934647371,0.0139681131339442,0.00735029136049903,-0.00805603966736523,0.00234747798597468,-0.0082905070554754,0.446851240753262,0.618050605027594,0.708481912396562,-0.0253955704198945,0.644485029819663,10
"JPN",2008,128083960,52296967767.5625,53688150098.1116,408.302239933575,419.163727434033,-0.0349034816317024,-0.0385648091863775,-0.0203567827975402,-0.0258242951741474,-0.0145466988341623,-0.0127405140122301,0.0199488410184886,0.581805730625657,0.720201759308498,0.855160249130559,0.132475252382218,0.795771628210654,11
"JPN",2009,128031514,49625869629.0295,50862606566.9492,387.606676501767,397.266305598395,-0.0520165792049152,-0.053654750432405,-0.0356112467592764,-0.0358129522779773,-0.0164053324456388,-0.0178417981544277,-0.0306340355488072,0.406257432532942,0.651057269390881,0.713762964658379,-0.10106517576442,0.644395646251355,12
"JPN",2010,128057352,51075695033.4097,52424415227.3048,398.850157649751,409.382315099759,0.0285946965127968,0.0300426244128564,0.020684344933211,0.0282015454541469,0.00791035157958575,0.00184107895870955,-0.0329303721113189,0.481852803925932,0.796364810367305,0.824527700966704,-0.0865469504376397,0.736719173310537,13
"JPN",2011,127834233,50311928219.7246,51764657513.4678,393.571636008678,404.93580083097,-0.0133227020224584,-0.0109209371011101,-0.000803407549065049,0.00422950738941985,-0.0125192944733934,-0.0151504444905299,-0.041767771373883,0.551764414297648,0.758053768167292,0.902552527540345,-0.00694521030399153,0.822306130639179,14
"JPN",2012,127592657,50759471044.4103,52147816532.0722,397.824390822195,408.705467526021,0.0107475792289229,0.00926623025289697,0.0105439384840267,0.01281925159791,0.000203640744896205,-0.00355302134501301,-0.0118688199534989,0.474032921728151,0.616289455362953,0.843406680184176,-0.0544198597878476,0.746118479039635,15
"JPN",2013,127413888,51508549288.2285,53260499425.3921,404.26165543452,418.011727460919,0.016051651461007,0.0225147199301601,0.0127552739115409,0.00825173883003316,0.0032963775494661,0.0142629811001269,-0.0810552716403957,0.590154689467035,1.33830975650665,0.842758992388012,0.15144703149678,0.841597400575104,16
"JPN",2014,127237150,51456389496.0406,53335368983.8037,404.413251130197,419.180789445564,0.000374923708458041,0.00279281699468115,0.0145850785542976,0.0185613321282077,-0.0142101548458395,-0.0157685151335265,-0.0725113024050053,0.606107774687807,1.30495220646551,0.825919196830293,0.242835454002418,0.834026657651713,17
"JPN",2015,127094745,53046263313.4845,55091872201.8368,417.375740542888,433.470889782554,0.0315496185551458,0.0335223371160156,0.0253443962761457,0.0229307666650573,0.00620522227900011,0.0105915704509583,-0.0663632508117054,0.705970529433798,1.42899561335399,0.901219280440504,0.367787072438849,0.918990377287638,18
"JPN",2016,127041812,53801300739.0036,55634560882.3458,423.49286342833,437.923231780934,0.0145497899923317,0.0102189827398487,0.014145120976667,0.00905960254310223,0.000404669015664716,0.00115938019674644,-0.0851161090526802,0.638208027437634,1.39530615748477,0.852725118779031,0.262427584787293,0.865892209148669,19
"JPN",2017,126918546,54423088211.0992,56393877379.537,428.803275221095,444.33125935383,0.0124615852950996,0.0145267387705816,0.0157048737345065,0.0179196540574509,-0.00324328843940691,-0.00339291528686925,-0.0702520659438998,0.653560962088463,1.39143797327218,0.838215660675866,0.347443954390152,0.860283462019659,20
"JPN",2018,126748506,54274806711.8113,56305386250.8624,428.208650536767,444.229190763498,-0.00138766979052551,-0.000229739216432101,0.0154288404202232,0.0147908273318489,-0.0168165102107487,-0.015020566548281,-0.0812855691313008,0.676205564489533,1.43194834162909,0.865155838419147,0.372123279238032,0.888489207269551,21
"JPN",2019,126555078,54276367235.6365,56351090148.1692,428.875459550003,445.269293328311,0.00155599465658973,0.0023386280189488,0.0115667958379717,0.0131031192206379,-0.010010801181382,-0.0107644912016891,-0.080260331415063,0.638722553927082,1.37947252982339,0.816248776291322,0.409054561099913,0.834974201484139,22
"KOR",1979,37534236,2237778223.71979,2233941365.03063,59.6196556050798,59.5174326987936,0.0703392145851307,0.0657720066743828,0.0142781750582763,0.0109757537831205,0.0560610395268544,0.0547962528912622,0.0715339695507283,-0.821076684817867,-2.96409097274393,-0.649482505531085,-2.45896905331681,-0.690700557044069,-18
"KOR",1980,38123775,2132994313.8874,2113914010.3033,55.9491895513338,55.4487064909836,-0.0635413623112342,-0.070810870133986,-0.0263104160489602,-0.0268703305931401,-0.037230946262274,-0.0439405395408459,0.0763680994924375,-0.574930728282782,-2.23507102565599,-0.412067995668952,-2.02993451835802,-0.447607279617679,-17
"KOR",1981,38723248,2199840893.90951,2170412165.99317,56.8093072644503,56.0493315538296,0.0152562231709226,0.010773837516644,0.0107049931914363,0.00970278577703443,0.00455122997948632,0.00107105173960953,0.0462288331444825,-0.588489213689724,-1.55356599437896,-0.438681919117367,-1.92772350702449,-0.467466610759103,-16
"KOR",1982,39326352,2370191554.6871,2348708230.46972,60.269804702127,59.7235215325774,0.0591310545137809,0.0634937147668468,-0.0152356578478647,-0.0113522317285035,0.0743667123616456,0.0748459464953504,0.0594694852189017,-0.631148889063181,-1.41314528900308,-0.48879474925117,-1.31619621198639,-0.525187635543466,-15
"KOR",1983,39910403,2726955123.02984,2699106436.79639,68.3269252638176,67.6291451328214,0.125472682339062,0.124313092829142,0.024339406749414,0.0168299018435309,0.101133275589648,0.107483190985612,0.0538075071232734,-0.829854564014109,-1.40292311392152,-0.715635464496477,-0.91613816159586,-0.74713885663931,-14
"KOR",1984,40405956,3083291944.30814,3040656686.56473,76.3078577897808,75.2526851874197,0.110472008991128,0.106812555393689,0.0402120698332435,0.043332405661185,0.070259939157884,0.0634801497325039,0.0531715015769885,-0.924688758731538,-1.47076634916373,-0.812301177957814,-0.969500227886452,-0.843004424996136,-13
"KOR",1985,40805744,3379153315.48099,3306821759.63803,82.8107267320256,81.0381440328113,0.0817816844669768,0.0740683712664776,0.028026122537856,0.0268821863869118,0.0537555619291208,0.0471861848795658,0.0579074277917512,-1.0157626828985,-1.66033224903802,-0.951591512924709,-0.547073216518186,-0.99282552420111,-12
"KOR",1986,41213674,3852181879.39251,3771538677.8415,93.4685386066894,91.5118287644411,0.121067291276703,0.121548282227579,0.0201175469207771,0.015701121876373,0.100949744355926,0.105847160351206,0.0853757363422305,-1.04848136931773,-1.90027687574635,-1.07685497121699,-0.00759546767354813,-1.13374784364867,-11
"KOR",1987,41621690,4426943161.23172,4374835691.49927,106.361446669554,105.109516011946,0.129218273733336,0.13853457619833,0.0262212951412648,0.0304079800150161,0.102996978592071,0.108126596183314,0.098317430420794,-1.20755085352914,-2.25263659882207,-1.2705577736824,-0.101301001607347,-1.32964818093091,-10
"KOR",1988,42031247,4958905967.91771,4921600420.4376,117.981414349132,117.093847356887,0.103683938630458,0.107972911199058,0.03372694983298,0.039389548550326,0.069956988797478,0.0685833626487318,0.102720874841098,-1.24512788820093,-3.25716608251477,-1.26158558355362,-0.229845447620411,-1.34580403340382,-9
"KOR",1989,42449038,5328504513.84934,5313281410.29143,125.527097076955,125.168476380818,0.061994541685233,0.0666849134293148,0.0268445984883163,0.0213120353471155,0.0351499431969167,0.0453728780821994,0.100722492916184,-1.30566669245249,-3.44280746437106,-1.31322205634822,-0.514146575142775,-1.40171419672192,-8
"KOR",1990,42869283,5942845847.98963,5937067235.48393,138.62713421145,138.492338103344,0.0992661928962804,0.101154362676829,0.00640983893116065,0.00572285005108775,0.0928563539651197,0.0954315126257415,0.0965239678633417,-1.19042129351773,-3.47154491224484,-1.19267033119242,-0.25800994341827,-1.27124946617653,-7
"KOR",1991,43295704,6572885506.99713,6566403731.846,151.813803674312,151.664094244685,0.0908669529971604,0.0908531655712679,-0.00658982515446027,-0.00688402745084193,0.0974567781516207,0.0977371930221098,0.0857684893357912,-1.15944479730882,-3.55085559689755,-1.14015061622951,-0.24499840718494,-1.23507027445593,-6
"KOR",1992,43747962,7091334390.03106,7082218857.9029,162.095194057978,161.886829331682,0.0655289861713717,0.0652293376213366,0.0101076700394938,0.0095825977360855,0.055421316131878,0.0556467398852512,0.0927025484325641,-1.05599394103442,-3.4529457171444,-1.0088106713402,-0.130433409974455,-1.1018448816362,-5
"KOR",1993,44194628,7692738099.85389,7682795230.69823,174.065004005779,173.840024871309,0.0712450353940879,0.0712379722819927,0.00546765854853604,0.0041014728034634,0.0657773768455518,0.0671364994785293,0.079682429167963,-1.00164785723368,-3.22205972688617,-0.930588176766461,-0.207159802118211,-1.03936826737951,-4
"KOR",1994,44641540,8558466188.05835,8537598907.12463,191.715298980688,191.247858096397,0.0965826380678765,0.0954347941296882,0.022981661072917,0.023843825955586,0.0736009769949595,0.0715909681741023,0.0753279548372332,-0.896661106958082,-2.85315160950658,-0.81063065897022,-0.201068220299668,-0.918408903742606,-3
"KOR",1995,45092991,9621017492.2098,9586889778.13413,213.359488444885,212.602658762071,0.106967028499437,0.105854698618046,0.0174846216300963,0.0142793338509817,0.0894824068693403,0.0915753647670643,0.0739002659585185,-0.782722483992301,-2.53458312854622,-0.683396100409607,-0.179911722070455,-0.795319972364217,-2
"KOR",1996,45524681,10296541564.6908,10261630912.5947,226.174930576466,225.40807946781,0.0583302467096756,0.0584874742185875,0.0193335441171634,0.0228361631168328,0.0389967025925122,0.0356513111017547,0.0693281533127647,-0.587375271473321,-1.92661269385185,-0.481701968525842,0.0144694966747836,-0.595226511271089,-1
"KOR",1997,45953580,10882795157.2883,10826272780.95,236.821487189645,235.591498659082,0.0459979097487171,0.0441869213518205,0.019367696137647,0.0238041116077321,0.0266302136110701,0.0203828097440883,0.0621717543217627,-0.461129822903054,-2.18756120323108,-0.330501514677756,0.0240562983356774,-0.459151454354752,0
"KOR",1998,46286503,10055160168.9812,9929592318.56856,217.237413009603,214.524573579658,-0.0863158140627398,-0.0936750733871623,0.00999532732249087,0.014570032485711,-0.0963111413852307,-0.108245105872873,0.113339422708435,-0.354210190753351,-2.2264106307422,-0.221504138151324,0.199516467381569,-0.375030082185446,1
"KOR",1999,46616677,10982297207.2457,10865435844.1646,235.587302956959,233.08044552735,0.0810907333007087,0.0829593598020386,0.0204374864176788,0.0190071202548365,0.0606532468830299,0.0639522395472021,0.146097616626241,-0.845553333589693,-2.48227393006228,-0.709965879887912,-0.223979688102118,-0.900158681201082,2
"KOR",2000,47008111,11837397938.1054,11761016507.8034,251.816073573035,250.191217166828,0.0666173963029815,0.0708418404152926,0.027582920007883,0.0323379775249473,0.0390344762950985,0.0385038628903454,0.143140528384832,-1.03677558881223,-2.5448119181108,-0.921679153149702,-0.422642409378859,-1.1109770576987,3
"KOR",2001,47370164,12334171655.5288,12253625842.3088,260.378487512283,258.678138465149,0.0334373394263432,0.0333590861015018,-0.00168622851240663,0.000433589712657501,0.0351235679387498,0.0329254963888443,0.142346133934074,-1.13452908621616,-2.44410343477086,-1.05562806198652,-0.538587140753321,-1.21687513243688,4
"KOR",2002,47644736,13321323561.2943,13273614334.7105,279.596964527083,278.595610955017,0.0712128601350877,0.0741767270232145,0.00864038450394222,0.0071903897297938,0.0625724756311454,0.0669863372934207,0.145293019615813,-1.26078858222024,-2.00425557617307,-1.19096671440317,-0.791463575891032,-1.31710995927713,5
"KOR",2003,47892330,13737534219.1571,13691297797.8053,286.842052143987,285.87662779834,0.025582569487975,0.0257990391266931,0.0155131389098226,0.0134413970544953,0.0100694305781523,0.0123576420721978,0.128152512080468,-1.21228750432402,-1.71564230488319,-1.11297426019849,-0.806338888250091,-1.24140726186579,6
"KOR",2004,48082519,14403629753.9457,14379575974.1163,299.560631462459,299.060371069917,0.0433851160407599,0.0450851165244517,0.0273369026607986,0.0284189503979215,0.0160482133799613,0.0166661661265302,0.104883620371848,-1.14484900704989,-1.05063604948281,-1.09294144266392,-0.74544125063774,-1.17387700382325,7
"KOR",2005,48184561,14794997438.8295,14694464205.0626,307.048505408808,304.962085367191,0.0246888938356156,0.0195419956662946,0.0211196451594917,0.0220835311582652,0.00356924867612385,-0.00254153549197067,0.096100361521297,-1.10059431918263,-1.07075505222026,-1.03902131703983,-0.689184099255601,-1.11501878511392,8
"KOR",2006,48438292,15204643932.3314,15161940891.524,313.897193822016,313.015597071919,0.0220597909072362,0.02606556159059,0.0177279086049538,0.0218395094322998,0.00433188230228243,0.00422605215829019,0.0644514988882233,-1.03011660957746,-0.498332434336368,-1.00081042358567,-0.817485043825913,-0.975156581472283,9
"KOR",2007,48683638,16089198612.535,16050017273.9213,330.484722865926,329.679907527069,0.0514949098261708,0.051869186338191,0.0139681131339442,0.00735029136049903,0.0375267966922266,0.044518894977692,0.0341970962825738,-0.823123461209582,0.241123260477509,-1.06489093743177,-0.694093355643284,-0.751723917807102,10
"KOR",2008,49054708,16297896439.6349,16301868718.0096,332.239189755953,332.320166252129,0.00529472667382969,0.00797665386738089,-0.0203567827975402,-0.0258242951741474,0.0256515094713698,0.0338009490415283,0.0434948091984634,-0.694196933454165,0.15199680016551,-0.902299405867987,-0.279733659549219,-0.755543456011381,11
"KOR",2009,49307835,16550680816.2459,16526053331.7836,335.660262030281,335.160798112178,0.0102443629333449,0.00851155062442466,-0.0356112467592764,-0.0358129522779773,0.0458556096926213,0.044324502902402,0.0565061873322916,-0.623612014605164,0.228228371903751,-0.890612791261466,-0.244286281590649,-0.682009920373148,12
"KOR",2010,49554112,17668287085.3093,17693592081.274,356.545327364746,357.055981172137,0.0603618537335153,0.063282168462889,0.020684344933211,0.0282015454541469,0.0396775088003043,0.0350806230087422,0.065985430451126,-0.673528150893389,0.256912068391591,-0.946551503888489,-0.282751609876787,-0.74453414130852,13
"KOR",2011,49936638,17835474751.1738,17941333265.7505,357.16210512958,359.281961788268,0.00172837745634791,0.00621490960487403,-0.000803407549065049,0.00422950738941985,0.00253178500541296,0.00198540221545418,0.0803858939726899,-0.563398059535752,0.0909323641608273,-0.762810928609818,-0.174718156596031,-0.644102747419216,14
"KOR",2012,50199853,18129674632.2637,18311344400.6228,361.14995460771,364.768884893404,0.0111035040971057,0.0151564718617685,0.0105439384840267,0.01281925159791,0.000559565613079016,0.00233722026385852,0.0961576846314142,-0.517801959547144,0.227014758399613,-0.759986406098538,-0.155305494618881,-0.586949475158823,15
"KOR",2013,50428893,18684929229.5875,18798704824.0262,370.520313217811,372.776472091627,0.0256150109233788,0.0217150085187674,0.0127552739115409,0.00825173883003316,0.012859737011838,0.0134632696887342,0.0729849202566317,-0.473861887988514,0.357861794708205,-0.701277343725559,-0.115382015358817,-0.538582407248901,16
"KOR",2014,50746659,19243031429.5586,19331869643.1585,379.197996651535,380.948618571293,0.0231502175429288,0.0216855371617939,0.0145850785542976,0.0185613321282077,0.0085651389886312,0.00312420503358624,0.0710372093865365,-0.426207813880601,0.328172963079002,-0.604950774030372,-0.119099420502671,-0.464060615050928,17
"KOR",2015,51014947,20300988058.6759,20361468530.7017,397.941961180043,399.127505330971,0.0482476811950026,0.0466164214343134,0.0253443962761457,0.0229307666650573,0.0229032849188568,0.0236856547692561,0.0639731707432859,-0.347230861417178,0.379176852933095,-0.515581884059508,-0.0549777164582128,-0.389072721602861,18
"KOR",2016,51217803,21171098087.778,21244599885.9083,413.354280107992,414.789363103066,0.0379988778575591,0.0384899045176059,0.014145120976667,0.00905960254310223,0.0238537568808921,0.0294303019745037,0.0410185871629586,-0.293195638006575,0.476448069800099,-0.410188473243835,-0.0622742830722616,-0.297052414734604,19
"KOR",2017,51361911,21913948109.6549,21998722400.9778,426.657569451707,428.308097823265,0.0316767000931542,0.0320719587465668,0.0157048737345065,0.0179196540574509,0.0159718263586477,0.0141523046891159,0.0418868660489338,-0.245891434591521,0.550072739096581,-0.367484196004257,-0.0528258268951565,-0.227051676892775,20
"KOR",2018,51585058,22407357765.772,22492366131.3634,434.376903594293,436.024829735839,0.0179308522641213,0.0178563993250052,0.0154288404202232,0.0147908273318489,0.00250201184389809,0.00306557199315627,0.0161888839675762,-0.224045271959788,0.615235298296276,-0.375091471215747,-0.0101522027109799,-0.217504397721675,21
"KOR",2019,51764822,22695802188.4438,22880538926.7507,438.440649683753,442.009419577463,0.00931185546928592,0.0136320024489303,0.0115667958379717,0.0131031192206379,-0.00225494036868579,0.000528883228292365,-0.0289286504971421,-0.162028597054534,0.749869148732925,-0.366203688036534,0.0698537668135677,-0.151198419699656,22
"MEX",1975,59792538,7074853374.35185,6989435083.38188,118.323349551609,116.894771775399,0.0330019430753596,0.0333883731580933,-0.0101802391579522,-0.0123575580983184,0.0431821822333118,0.0457459312564117,0.0762724593795205,-1.36698567534817,NA,-1.18171660923716,NA,-1.21743599823881,-22
"MEX",1976,61476071,7612570046.04513,7483815708.84233,123.829807634342,121.735426274108,0.0454869764985411,0.0405759091651525,0.0335667344633199,0.0317730920147579,0.0119202420352211,0.00880281715039466,-0.313174621504299,-1.17874681008289,-0.770304619211001,-1.02755523339442,NA,-1.03466857009095,-21
"MEX",1982,71369508,11308550943.7483,10725314750.9353,158.450734223196,150.27867014209,-0.0172890992404353,-0.0398659471909113,-0.0152356578478647,-0.0113522317285035,-0.00205344139257058,-0.0285137154624078,-0.0610918539738714,-0.950685751286524,-1.36964735685266,-0.819867647129938,-1.50660955152556,-0.850435796007157,-15
"MEX",1983,73034559,10221926273.8302,9673861771.77213,139.960128654027,132.455948310335,-0.124086133191921,-0.126241246900755,0.024339406749414,0.0168299018435309,-0.148425539941335,-0.143071148744286,-0.0173060660406729,-0.501474696302567,-1.2961605739907,-0.352410269568917,-1.31854375290191,-0.388323805320977,-14
"MEX",1984,74707346,10184411622.3942,9680305077.84324,136.324098869663,129.576348192629,-0.0263224560907744,-0.021979855815335,0.0402120698332435,0.043332405661185,-0.066534525924018,-0.06531226147652,-0.00757211717990047,-0.513661348614272,-1.49031555352101,-0.367994096937098,-1.09634200325976,-0.406175419695821,-13
"MEX",1985,76375259,10381732470.4499,9973627067.6341,135.930569747069,130.587145604758,-0.00289089181583346,0.00777051755759217,0.028026122537856,0.0268821863869118,-0.0309170143536894,-0.0191116688293196,-0.0350276410662576,-0.647310184134738,-1.48807382097164,-0.532618520638951,-0.600256953788765,-0.579295696623013,-12
"MEX",1986,78028665,9315111739.99128,8864976724.98633,119.380637102932,113.611795421418,-0.129827219321781,-0.139253452475425,0.0201175469207771,0.015701121876373,-0.149944766242558,-0.154954574351798,-0.0398352309450243,-0.212236447448142,-0.819023476012417,-0.142877148324699,0.330776705436051,-0.195599787439108,-11
"MEX",1987,79665004,9808513537.56664,9413030660.12535,123.121986381456,118.157662555635,0.030858603612363,0.0392325221682004,0.0262212951412648,0.0304079800150161,0.00463730847109822,0.00882454215318429,0.0101815263085758,-0.11986685446537,-0.805415813534548,-0.00318658018266271,0.0636519726251072,-0.057854098485141,-10
"MEX",1988,81282371,9250589003.85855,8955899765.22807,113.808060592358,110.18256056074,-0.078662272703391,-0.069881224429313,0.03372694983298,0.039389548550326,-0.112389222536371,-0.109270772979639,0.0466707035165566,-0.464951046972204,-1.07008872270074,-0.378860330731699,-0.0213100945713083,-0.439185490661602,-9
"MEX",1989,82889981,10162667922.8572,9860058809.44089,122.604297892857,118.953565804785,0.0744487287103581,0.0765945820705847,0.0268445984883163,0.0213120353471155,0.0476041302220418,0.0552825467234692,0.0582977101754956,-0.62921793407259,-1.40345740095094,-0.568626891951924,-0.275020928282741,-0.62546165661985,-8
"MEX",1990,84502988,10802419776.2074,10528681858.8104,127.83476693401,124.595379500786,0.0417764675739791,0.0463383093662859,0.00640983893116065,0.00572285005108775,0.0353666286428185,0.0406154593151982,0.0715917004355331,-0.651802948505088,-1.53883091132411,-0.590770095119596,-0.0993420018911118,-0.645786242528007,-7
"MEX",1991,86127477,11312518840.4258,11086509632.6678,131.346223463922,128.722099135306,0.0270982173320986,0.0325842873070128,-0.00658982515446027,-0.00688402745084193,0.0336880424865589,0.0394683147578547,0.0707950513921163,-0.862674509391022,-1.36121489290091,-0.822556399130274,-0.203621391879017,-0.875853118816169,-6
"MEX",1992,87753131,11611686051.9373,11390023205.8155,132.322185198581,129.796203007451,0.00740298162251651,0.00830974088850311,0.0101076700394938,0.0095825977360855,-0.00270468841697724,-0.00127285684758238,0.0790741652976731,-1.02746185606087,-1.06908331725191,-1.09110324992461,0.0797332719863384,-1.1264518642975,-5
"MEX",1993,89364560,11810301293.3494,11556658882.386,132.158668865481,129.320380275872,-0.001236508060388,-0.0036726577696502,0.00546765854853604,0.0041014728034634,-0.00670416660892403,-0.0077741305731136,0.0698915072588715,-1.35120528037365,-1.46502114689659,-1.39908560398864,-0.341756709002135,-1.44769608862448,-4
"MEX",1994,90953505,12482331545.6935,12198970199.8127,137.238598399188,134.12314566451,0.0377177675880382,0.036465481994167,0.022981661072917,0.023843825955586,0.0147361065151213,0.012621656038581,0.0589150409205169,-1.31379083778558,-1.35878918530365,-1.42691077380991,-0.177295894554896,-1.4733799302897,-3
"MEX",1995,92506744,11960264345.5373,11495829852.6239,129.290728744461,124.270181346172,-0.059657425405006,-0.0763002983191106,0.0174846216300963,0.0142793338509817,-0.0771420470351023,-0.0905796321700922,0.0452510860924856,-0.655568574861777,-0.774431588022818,-0.765205374950732,0.426241466395618,-0.823621224720136,-2
"MEX",1996,94005638,12236520480.1621,11816152233.4196,130.167942481941,125.696208065942,0.0067619022001324,0.0114098714928641,0.0193335441171634,0.0228361631168328,-0.012571641917031,-0.0114262916239687,0.0492008464463703,-0.712133729227951,-0.903978091017059,-0.767490376628648,0.273624497540476,-0.837115011636033,-1
"MEX",1997,95438019,12749780203.6665,12442886935.0858,133.592255342878,130.376626269724,0.025966808470498,0.036559438426834,0.019367696137647,0.0238041116077321,0.00659911233285104,0.0127553268191019,0.0621679225355635,-0.911340278976904,-0.962918069191374,-0.922628893096592,-0.10396593752067,-0.996410058371846,0
"MEX",1998,96799183,13326530821.9801,13001956635.8947,137.671934916849,134.318867504229,0.0300812812899958,0.0297891943791013,0.00999532732249087,0.014570032485711,0.0200859539675049,0.0152191618933903,0.069237192868023,-1.06881082341378,-1.1341593984913,-1.04384040263246,-0.359173313667668,-1.13547812888146,1
"MEX",1999,98085415,13654717673.0348,13399071309.8264,139.212518732115,136.606154032447,0.0111281055550769,0.0168854161966632,0.0204374864176788,0.0190071202548365,-0.00930938086260191,-0.00212170405817336,0.116215691291017,-1.2759089952143,-1.6278056577221,-1.185282992486,-0.670986144149491,-1.32556024680594,2
"MEX",2000,99368858,14905624373.5249,14652064759.7025,150.002975514973,147.451274520056,0.074653453389077,0.0763957813640079,0.027582920007883,0.0323379775249473,0.047070533381194,0.0440578038390607,0.115618111847588,-1.29327644174885,-1.74515326336874,-1.111797009861,-1.01967475775839,-1.27380821128399,3
"MEX",2001,100739263,14824690017.3737,14613466555.5888,147.159008075866,145.062273838442,-0.019141440898828,-0.016334653997383,-0.00168622851240663,0.000433589712657501,-0.0174552123864213,-0.0167682437100405,0.0497619331364866,-1.11408166331517,-0.86229588472651,-1.23248768188382,-0.290985695545044,-1.29567833890092,4
"MEX",2002,102167274,15216272231.4172,15047589826.3015,148.934895056681,147.283853597792,0.0119955747612854,0.0151985767246128,0.00864038450394222,0.0071903897297938,0.00335519025734321,0.00800818699481898,0.0509725707594572,-1.16444202055879,-0.875104432231442,-1.3269525606277,-0.348123289965599,-1.37852661246436,5
"MEX",2003,103587899,16015849247.7301,15837343127.5807,154.611198820917,152.887965490841,0.0374043063941407,0.0373436997761853,0.0155131389098226,0.0134413970544953,0.0218911674843181,0.02390230272169,0.0190592528727983,-1.05439911961041,-0.75104230143989,-1.26061514341159,-0.198585868712175,-1.29833794426299,6
"MEX",2004,104970581,17130182939.5821,16976894168.2549,163.190322244497,161.730020035375,0.0540035698766532,0.0562230005419355,0.0273369026607986,0.0284189503979215,0.0266666672158546,0.027804050144014,0.0293024394126497,-1.04415841065129,-0.781031665304077,-1.25874703191162,-0.188126907718762,-1.28958057337031,7
"MEX",2005,106370948,17811273864.9729,17551312450.0347,167.444910474737,165.000996795052,0.025737263680675,0.0200231130511677,0.0211196451594917,0.0220835311582652,0.00461761852118325,-0.00206041810709756,0.0324629321615135,-1.01725450287015,-1.04318115107445,-1.22585256997674,-0.100791965829394,-1.27406473651983,8
"MEX",2006,107885646,19113424421.9353,18826969326.6799,177.16373892719,174.508565548005,0.0564199791570106,0.0560223116083121,0.0177279086049538,0.0218395094322998,0.0386920705520568,0.0341828021760122,0.0475883913637566,-1.06873745160204,-1.22393662252579,-1.31358086961498,-0.145362895512557,-1.36266249954569,9
"MEX",2007,109538665,19916099877.4864,19598410060.2327,181.817989816531,178.917737040457,0.0259317470971396,0.0249523039271118,0.0139681131339442,0.00735029136049903,0.0119636339631954,0.0176020125666128,0.0804185471824349,-1.05370205591561,-1.40842244263517,-1.22524529160776,-0.272002325392496,-1.30267713914447,10
"MEX",2008,111275915,20330669776.6701,20057374520.323,182.705033489683,180.249019029167,0.0048668828433529,0.00741320327111694,-0.0203567827975402,-0.0258242951741474,0.0252236656408931,0.0332374984452644,0.0571067550058492,-1.02105771576282,-1.4411411837588,-1.02868499509841,-0.553638487875265,-1.1126551509666,11
"MEX",2009,113030218,19041054216.9939,18751016379.4675,168.459855726315,165.893835394244,-0.0811755371175327,-0.0829912959289354,-0.0356112467592764,-0.0358129522779773,-0.0455642903582563,-0.0471783436509581,0.102270788677974,-0.993059387780846,-1.33868412336357,-1.25906380390162,-0.266501951831872,-1.33081274055482,12
"MEX",2010,114756059,20029145211.2843,19808335178.1339,174.53671192459,172.612543082661,0.0354376265770835,0.0397014094611432,0.020684344933211,0.0282015454541469,0.0147532816438725,0.0114998640069963,0.0932795000943857,-0.917898569683996,-1.00243024012069,-1.25720904982318,-0.17022699927611,-1.30070928553115,13
"MEX",2011,116446180,21172230463.225,20855408391.6085,181.819879906966,179.0991202254,0.0408814231514345,0.0368899494537276,-0.000803407549065049,0.00422950738941985,0.0416848307004996,0.0326604420643077,0.107676115541245,-0.965532942987511,-1.16354464053969,-1.30714440368563,-0.257560050025131,-1.34539205343888,14
"MEX",2012,118060514,22015225157.5608,21553049312.9991,186.474075130325,182.559338281376,0.0252756958889391,0.0191358645864481,0.0105439384840267,0.01281925159791,0.0147317574049124,0.00631661298853814,0.127955827966089,-0.891865975067145,-0.927081724695899,-1.34612718612159,-0.15893321518844,-1.33090960122668,15
"MEX",2013,119597654,21753118112.6919,21122993964.116,181.885826227761,176.617126320187,-0.0249130602722563,-0.0330909999450935,0.0127552739115409,0.00825173883003316,-0.0376683341837971,-0.0413427387751266,0.106112110768253,-0.938055729524665,-0.760978346782974,-1.2522198631541,-0.295393100674976,-1.2543933604862,16
"MEX",2014,121048604,22372738439.9316,21840626390.9934,184.824423418643,180.428568932471,0.0160271500262379,0.0213506979625917,0.0145850785542976,0.0185613321282077,0.00144207147194031,0.00278936583438405,0.103880215946416,-0.902540665520907,-0.780662204915422,-1.22447675378046,-0.260834044404735,-1.22495607217138,17
"MEX",2015,122368490,23090237546.3744,22512994258.2462,188.694308039385,183.977053719027,0.0207219760150155,0.0194760823226341,0.0253443962761457,0.0229307666650573,-0.00462242026113024,-0.00345468434242324,0.0851624667929656,-0.793040624884892,-0.755546543822096,-1.01765726506405,-0.217407374912591,-1.06223534774153,18
"MEX",2016,123587407,24243631286.9209,23609903369.8368,196.165870580333,191.038099616709,0.0388322919635327,0.0376618408037599,0.014145120976667,0.00905960254310223,0.0246871709868657,0.0286022382606577,0.0590424235484553,-0.692692367697292,-0.655210390132548,-0.885061843931454,-0.138593233505323,-0.943127544997313,19
"MEX",2017,124777172,24819952070.2679,24191229304.7824,198.914205799342,193.875441453204,0.0139130253163291,0.014743015905947,0.0157048737345065,0.0179196540574509,-0.00179184841817737,-0.00317663815150393,0.0478327309672976,-0.743733881052536,-0.641232274454544,-0.98805118214953,-0.153942038560259,-1.02076997323304,20
"USA",1975,215973199,74205787676.5571,74190373133.2438,343.58794526425,343.516572781995,-0.0108240929308145,-0.0162317181626888,-0.0101802391579522,-0.0123575580983184,-0.000643853772862357,-0.00387416006437036,0.0605009435233513,0.551234459321656,-0.26942780709036,0.068788249794189,1.5895843168065,0.0969771873237617,-22
"USA",1976,218035164,78025574932.0186,77866934219.289,357.857757898256,357.130165569481,0.0406924772766821,0.0388649674474957,0.0335667344633199,0.0317730920147579,0.0071257428133622,0.00709187543273782,0.123088062624488,0.488621931419291,0.338109375099804,0.099906828484595,1.58764821012419,0.091840118303788,-21
"USA",1977,220239425,81412599281.2254,81445605033.7683,369.654975630387,369.80483868303,0.0324344891550714,0.0348750786977856,0.0238236541819878,0.023657494302384,0.00861083497308357,0.0112175843954017,0.0504151053147969,0.444133499934426,0.475637102208843,0.0336484486699673,1.80570589434278,0.0325209056778477,-20
"USA",1978,222584545,85442348553.7725,85379018873.1895,383.864695339797,383.580175672976,0.0377200623148539,0.0365732585273335,0.0411732389409671,0.0404193779131932,-0.00345317662611322,-0.00384611938585966,0.0446497487864189,0.442064148993461,0.341473477056006,0.0595118864262068,1.89961468145164,0.0605613614052407,-19
"USA",1979,225055487,85803997822.3504,85377057018.2987,381.257080047777,379.36003319172,-0.00681623624355243,-0.0110629521781309,0.0142781750582763,0.0109757537831205,-0.0210944113018288,-0.0220387059612515,0.0569486766890777,0.397408472484147,0.442940762844436,-0.018885975756596,1.96992675260079,-0.0138552926413018,-18
"USA",1980,227224681,82179823612.7857,81889737282.9098,361.667681746182,360.391032006377,-0.0527481143923278,-0.0512960678316219,-0.0263104160489602,-0.0268703305931401,-0.0264376983433676,-0.0244257372384817,0.068004983742695,0.519106112561881,0.494617153562839,0.0643957204786081,2.24504068270353,0.0756831496183454,-17
"USA",1981,229465714,83598920083.6344,83474657234.4726,364.31987431305,363.778343088208,0.00730647335085877,0.00935509261354284,0.0107049931914363,0.00970278577703443,-0.00339851984057749,-0.000347693163491591,0.0443206612693142,0.452539333188355,0.383046463523996,0.187899352806819,1.80017580447738,0.185070042361047,-16
"USA",1982,231664458,82127960686.1261,82812313487.274,354.512562674271,357.466631706077,-0.0272884742534183,-0.0175027147002904,-0.0152356578478647,-0.0113522317285035,-0.0120528164055536,-0.00615048297178689,0.0638122798786486,0.554026881496356,0.237530601212115,0.313802992482561,1.99844985311171,0.294430333704274,-15
"USA",1983,233791994,86478798161.9283,86008405061.1223,369.89631972568,367.884304289403,0.04247896634112,0.0287264783272327,0.024339406749414,0.0168299018435309,0.018139559591706,0.0118965764837018,0.0645131124977912,0.567846984131627,0.268469739548332,0.331321624436551,2.23320197633535,0.316546450309116,-14
"USA",1984,235824902,92120921324.8888,92003831210.4476,390.632713269987,390.136200334126,0.054545016854342,0.0587274115625398,0.0402120698332435,0.043332405661185,0.0143329470210984,0.0153950059013548,0.0556313625101684,0.447529431211409,0.116999707732455,0.216414026631172,2.09969396422713,0.200634122836418,-13
"USA",1985,237923795,95606929563.8593,94974387178.4295,401.838452366058,399.179859998574,0.0282823817989302,0.0229161824767594,0.028026122537856,0.0268821863869118,0.000256259261074199,-0.00396600391015234,0.0585013890874821,0.381236551521765,0.201053973248406,0.0717652937211846,2.00017831171896,0.0625821153982957,-12
"USA",1986,240132887,99029904467.3654,97669949981.5439,412.396259856591,406.732918600791,0.0259345348229427,0.018744658122916,0.0201175469207771,0.015701121876373,0.00581698790216567,0.00304353624654308,0.0668854895868358,0.46437887774691,0.433930725559857,0.113004156524309,2.12578543179841,0.110950819028981,-11
"USA",1987,242288918,101277753673.372,100732922260.511,418.004069312705,415.755384488989,0.0135064847864719,0.0219403188733693,0.0262212951412648,0.0304079800150161,-0.0127148103547929,-0.00846766114164677,0.0624734439503575,0.449586463513821,0.607683162138531,0.0823902379414336,2.03078091916692,0.0994016312534605,-10
"USA",1988,244498982,104950310104.631,105347829267.584,429.246409314828,430.872261331476,0.0265399670465856,0.035714599498581,0.03372694983298,0.039389548550326,-0.0071869827863944,-0.00367494905174492,0.053512147276598,0.543230233699217,0.790074627800786,0.177449044649825,2.08589330833557,0.200500291406817,-9
"USA",1989,246819230,107863699996.52,107040838684.538,437.014976493202,433.681114249236,0.017936330938026,0.00649783548363114,0.0268445984883163,0.0213120353471155,-0.00890826755029028,-0.0148141998634843,0.038955540027871,0.633302912955832,0.720623761976468,0.214963550763111,2.00441056505562,0.272416129016426,-8
"USA",1990,249622814,108172710804.711,107072289117.286,433.344649358495,428.936311555587,-0.00843409731506473,-0.011001054243077,0.00640983893116065,0.00572285005108775,-0.0148439362462254,-0.0167239042941647,0.0292274029516096,0.541800509433203,0.84476158249901,0.167567989266707,2.00922684691619,0.234000035558988,-7
"USA",1991,252980941,107171107497.435,106107389534.973,423.633128542418,419.42839296725,-0.0226655505404683,-0.0224156348024636,-0.00658982515446027,-0.00688402745084193,-0.016075725386008,-0.0155316073516216,0.0155864249875171,0.547653340268505,1.0996884815375,0.117912009102753,2.03290439214758,0.223499174417017,-6
"USA",1992,256514224,110138612289.299,108712388790.073,429.366491151378,423.806473944592,0.0134430281523779,0.0103841064681998,0.0101076700394938,0.0095825977360855,0.0033353581128841,0.000801508732114264,0.0194360447742467,0.444905104215491,1.42089936502629,0.0143334189821003,1.98916445046167,0.14732189851435,-5
"USA",1993,259918588,112530380152.033,110491429568.992,432.944719413578,425.100145469365,0.00829920510463644,0.00304785590462586,0.00546765854853604,0.0041014728034634,0.00283154655610041,-0.00105361689883754,-0.0255688242589139,0.540298122746115,1.69430797871157,-0.0105839459429231,2.04829805794047,0.21782664298814,-4
"USA",1994,263125821,116525469192.908,114666111055.234,442.850757671965,435.784335491855,0.0226227720925802,0.0248227000403141,0.022981661072917,0.023843825955586,-0.000358888980336758,0.000978874084728076,-0.0465935857100801,0.531560334391318,1.87416371062826,-0.00600677449363962,1.92064503118481,0.245144958379498,-3
"USA",1995,266278393,118828643932.424,117829968355.39,446.257176910423,442.506682678494,0.00766259252305357,0.0153080888268979,0.0174846216300963,0.0142793338509817,-0.00982202910704277,0.00102875497591626,-0.040259556851364,0.675530925472521,2.10401237824973,0.121202642851311,1.9754929022684,0.393495133058406,-2
"USA",1996,269394284,121993439079.531,121598103501.399,452.843457805255,451.375959786137,0.0146510823249626,0.0198450395239895,0.0193335441171634,0.0228361631168328,-0.00468246179220078,-0.00299112359284326,-0.0436029292348697,0.780006217763148,2.22330352649867,0.210609682039373,2.06351266559762,0.509785801858263,-1
"USA",1997,272646925,126655118762.725,126847754456.38,464.538959178525,465.245498207545,0.0254989301008406,0.0302646134474092,0.019367696137647,0.0238041116077321,0.00613123396319359,0.00646050183967706,-0.0301961271190473,0.768159997968195,2.25671656205808,0.190186886198476,1.99353139462252,0.495138590477566,0
"USA",1998,275854104,131774951232.251,132848132517.998,477.697990790997,481.58838527919,0.0279332862784454,0.0345245573549526,0.00999532732249087,0.014570032485711,0.0179379589559545,0.0199545248692417,-0.00113838723913673,0.742932332765381,2.17317477015521,0.117625554865345,1.93363545095973,0.452161243377145,1
"USA",1999,279040168,137040459864.908,137897320950.254,491.113737664136,494.18448225079,0.0276970315249114,0.0258191165675878,0.0204374864176788,0.0190071202548365,0.00725954510723259,0.00681199631275131,0.00864632109715402,0.727149515076958,2.03170718114032,0.0164254333551335,1.9171555235634,0.410882009982142,2
"USA",2000,282162411,141094644104.264,142942399366.193,500.047627195333,506.596179340816,0.0180276023703314,0.0248053024459134,0.027582920007883,0.0323379775249473,-0.00955531763755157,-0.00753267507903388,0.019768206732255,0.606994636805084,2.10455663587112,0.0177056366810289,1.65187573914172,0.330444749058194,3
"USA",2001,284968955,141647057658.182,143883736193.101,497.061364660518,504.910214493718,-0.00598985965974119,-0.00333357538554147,-0.00168622851240663,0.000433589712657501,-0.00430363114733456,-0.00376716509819897,0.0238352136830927,0.497368413938544,1.87153640924041,0.0169477829554707,1.38754546502495,0.279494239012315,4
"USA",2002,287625193,144010252574.805,145689815338.225,500.687200146634,506.52661478866,0.00726806647518252,0.00319624839483978,0.00864038450394222,0.0071903897297938,-0.0013723180287597,-0.00399414133495402,0.0210358964259241,0.379090398280578,1.8143296356374,0.0274016616846924,1.08744367072996,0.222945155410788,5
"USA",2003,290107933,147608072669.383,148673473515.983,508.803985961261,512.476415169187,0.0160812909466976,0.0116778219901832,0.0155131389098226,0.0134413970544953,0.000568152036874991,-0.00176357506431213,-0.0101859714552667,0.483687152010876,1.94046655679753,-0.00889035853212006,1.23873296605341,0.301224764531029,6
"USA",2004,292805298,153305386533.059,154620614469.051,523.574496705516,528.066314117891,0.0286164792202186,0.0299671799685548,0.0273369026607986,0.0284189503979215,0.00127957655942001,0.00154822957063327,-0.0268777235514263,0.555835232579599,1.90091704004126,0.063899441140413,1.31418678819758,0.36993667087375,7
"USA",2005,295516599,158251055517.015,159850606172.851,535.506486107791,540.919213045122,0.0225336768017552,0.0240480680187503,0.0211196451594917,0.0220835311582652,0.0014140316422635,0.00196453686048503,-0.0716732209482903,0.638703722711102,1.80658087127747,0.154960563650334,1.36435319651879,0.495365952585534,8
"USA",2006,298379912,162433708033.998,165446535111.301,544.385535022203,554.48282024864,0.0164446978681632,0.0247658851325339,0.0177279086049538,0.0218395094322998,-0.00128321073679061,0.00292637570023402,-0.0912470030855331,0.643782887040295,1.73328466808482,0.197192926171798,1.25449831864979,0.548993494606221,9
"USA",2007,301231207,165457605271.515,166410611890.858,549.271129373773,552.434834186545,0.00893448009769937,-0.0037003446294932,0.0139681131339442,0.00735029136049903,-0.00503363303624482,-0.0110506359899922,-0.100811307100426,0.70812930997157,1.68121957670272,0.29583327770095,1.19405249305839,0.642909181327249,10
"USA",2008,304093966,162594880007.82,162088695510.116,534.686308138783,533.021742069409,-0.0269119450224027,-0.0357732640529758,-0.0203567827975402,-0.0258242951741474,-0.00655516222486252,-0.00994896887882835,-0.0721542828697807,0.552494790197717,1.5988900165539,0.406915676360315,0.750596400495023,0.592442492236898,11
"USA",2009,306771529,159951334274.977,159493103111.126,521.402148355747,519.908427066341,-0.0251586131530246,-0.0249095209367107,-0.0356112467592764,-0.0358129522779773,0.0104526336062518,0.0109034313412666,-0.0941119216443608,0.544650971325404,1.55007748041537,0.313477050279654,0.773884578711537,0.564901648715988,12
"USA",2010,309327143,163575878419.051,165056194601.866,528.811913602587,533.597514272668,0.0141111959383453,0.0259891419087879,0.020684344933211,0.0282015454541469,-0.00657314899486572,-0.00221240354535901,-0.113271055712751,0.642663556855553,1.81301451801749,0.404123470356338,0.822167736003294,0.68404824702286,13
"USA",2011,311583481,164373393643.951,167136452491.48,527.54206710962,536.409863433934,-0.00240420754371851,0.00525670326388195,-0.000803407549065049,0.00422950738941985,-0.00160079999465346,0.00102719587446209,-0.117435665774164,0.647691933625073,1.75177117177612,0.45686620420378,0.755312917110827,0.722635647087368,14
"USA",2012,313877662,167794832809.804,171783048953.567,534.586729557721,547.293005367062,0.0132653700267449,0.0200857783694417,0.0105439384840267,0.01281925159791,0.0027214315427182,0.00726652677153172,-0.0828671606330103,0.589992673080021,1.71110298546082,0.325039589818125,0.727374767027381,0.651001451879511,15
"USA",2013,316059947,171748748665.644,174394315102.249,543.405611169211,551.776068931156,0.0163620427048663,0.0081579739293467,0.0127552739115409,0.00825173883003316,0.00360676879332544,-9.3764900686466e-05,-0.0767251964284906,0.61124614524872,1.84953934674262,0.25469737567996,0.814465944429654,0.639408545662346,16
"USA",2014,318386329,176290248686.644,180055699993.352,553.699178103354,565.525852064308,0.0187655164788216,0.0246137181774841,0.0145850785542976,0.0185613321282077,0.00418043792452405,0.00605238604927649,-0.0552011492030943,0.58584035224837,1.763755109259,0.219025666269538,0.779878931346138,0.61249181348364,17
"USA",2015,320738994,182950190000,186081380000,570.402082136605,580.164505972105,0.0297199799469849,0.0255556843900147,0.0253443962761457,0.0229307666650573,0.00437558367083923,0.00262491772495732,-0.0667306671330782,0.488881519398136,1.681795830975,0.0891695965402042,0.675702376219657,0.507300990129888,18
"USA",2016,323071755,185706259826.035,187468586315.049,574.814284913377,580.269192257458,0.0077054864648014,0.000180426138600254,0.014145120976667,0.00905960254310223,-0.00643963451186558,-0.00887917640450198,-0.0614414537559042,0.447354424347444,1.69727893891582,0.0274177249466026,0.632675857528535,0.46871023268327,19
"USA",2017,325122128,189638053502.948,191814141750.13,583.282518078709,589.975659085653,0.0146246567220789,0.0165891598119039,0.0157048737345065,0.0179196540574509,-0.00108021701242755,-0.00133049424554699,-0.075836093372262,0.510988544824061,1.70462601203331,0.0483976914540408,0.713085870185855,0.525044955455445,20
"USA",2018,326838199,194974694321.372,197116068209.234,596.548062368229,603.099848219497,0.0224881496639702,0.0220014885279927,0.0154288404202232,0.0147908273318489,0.00705930924374698,0.00721066119614377,-0.0456335133953361,0.378167890960612,1.5986503634057,0.0486286506039273,0.47013701267749,0.447551535089936,21
"USA",2019,328329953,199694635682.142,201779249169.793,608.213274047958,614.562416027247,0.019365787887609,0.0188277271124164,0.0115667958379717,0.0131031192206379,0.0077989920496373,0.00572460789177853,-0.0634852611273833,0.357349926490492,1.54685475548166,-0.0149831085052793,0.505143914078562,0.411664221459301,22
